iter,best_objective
1,3446.392911263565
2,3446.392911263565
3,3446.392911263565
4,3446.392911263565
5,3446.392911263565
6,3446.392911263565
7,3446.392911263565
8,3446.392911263565
9,3446.392911263565
10,3446.392911263565
11,3438.915533732244
12,3438.915533732244
13,3438.915533732244
14,3438.915533732244
15,3438.915533732244
16,3438.915533732244
17,3438.915533732244
18,3438.915533732244
19,3438.915533732244
20,3438.915533732244
21,3431.684160794573
22,3426.872161090237
23,3426.872161090237
24,3426.872161090237
25,3426.872161090237
26,3426.872161090237
27,3426.872161090237
28,3426.872161090237
29,3426.872161090237
30,3426.872161090237
31,3426.872161090237
32,3426.872161090237
33,3426.872161090237
34,3426.872161090237
35,3426.872161090237
36,3426.872161090237
37,3426.872161090237
38,3426.872161090237
39,3426.872161090237
40,3392.232226187063
41,3392.232226187063
42,3392.232226187063
43,3392.232226187063
44,3392.232226187063
45,3392.232226187063
46,3392.232226187063
47,3392.232226187063
48,3392.232226187063
49,3392.232226187063
50,3392.232226187063
51,3392.232226187063
52,3392.232226187063
53,3392.232226187063
54,3392.232226187063
55,3392.232226187063
56,3392.232226187063
57,3392.232226187063
58,3392.232226187063
59,3392.232226187063
60,3392.232226187063
61,3392.232226187063
62,3392.232226187063
63,3392.232226187063
64,3392.232226187063
65,3392.232226187063
66,3392.232226187063
67,3392.232226187063
68,3392.232226187063
69,3392.232226187063
70,3383.39535096157
71,3383.39535096157
72,3383.39535096157
73,3383.39535096157
74,3383.39535096157
75,3383.39535096157
76,3383.39535096157
77,3383.39535096157
78,3383.39535096157
79,3383.39535096157
80,3383.39535096157
81,3383.39535096157
82,3383.39535096157
83,3330.9889389366476
84,3330.9889389366476
85,3330.9889389366476
86,3330.9889389366476
87,3330.9889389366476
88,3330.9889389366476
89,3330.9889389366476
90,3330.9889389366476
91,3330.9889389366476
92,3330.9889389366476
93,3330.9889389366476
94,3330.9889389366476
95,3330.9889389366476
96,3330.9889389366476
97,3330.9889389366476
98,3330.9889389366476
99,3330.9889389366476
100,3330.9889389366476
101,3330.9889389366476
102,3330.9889389366476
103,3330.9889389366476
104,3330.9889389366476
105,3330.9889389366476
106,3330.9889389366476
107,3330.9889389366476
108,3330.9889389366476
109,3330.9889389366476
110,3330.9889389366476
111,3330.9889389366476
112,3330.9889389366476
113,3330.9889389366476
114,3330.9889389366476
115,3330.9889389366476
116,3330.9889389366476
117,3330.9889389366476
118,3330.9889389366476
119,3330.9889389366476
120,3330.9889389366476
121,3330.9889389366476
122,3330.9889389366476
123,3330.9889389366476
124,3330.9889389366476
125,3330.9889389366476
126,3330.9889389366476
127,3330.9889389366476
128,3330.9889389366476
129,3330.9889389366476
130,3330.9889389366476
131,3330.9889389366476
132,3330.9889389366476
133,3330.9889389366476
134,3330.9889389366476
135,3330.9889389366476
136,3330.9889389366476
137,3330.9889389366476
138,3330.9889389366476
139,3330.9889389366476
140,3330.9889389366476
141,3330.9889389366476
142,3330.9889389366476
143,3330.9889389366476
144,3330.9889389366476
145,3330.9889389366476
146,3330.9889389366476
147,3330.9889389366476
148,3330.9889389366476
149,3330.9889389366476
150,3330.9889389366476
151,3330.9889389366476
152,3304.1985420163833
153,3304.1985420163833
154,3277.5362644134275
155,3267.130837331377
156,3267.130837331377
157,3262.0526164248654
158,3254.8094189533463
159,3254.8094189533463
160,3254.8094189533463
161,3254.8094189533463
162,3254.8094189533463
163,3254.8094189533463
164,3254.8094189533463
165,3254.8094189533463
166,3254.8094189533463
167,3254.8094189533463
168,3254.8094189533463
169,3254.8094189533463
170,3254.8094189533463
171,3254.8094189533463
172,3254.8094189533463
173,3254.8094189533463
174,3254.8094189533463
175,3254.8094189533463
176,3254.8094189533463
177,3254.8094189533463
178,3254.8094189533463
179,3254.8094189533463
180,3254.8094189533463
181,3254.8094189533463
182,3254.8094189533463
183,3254.8094189533463
184,3254.8094189533463
185,3254.8094189533463
186,3254.8094189533463
187,3254.8094189533463
188,3254.8094189533463
189,3254.8094189533463
190,3254.8094189533463
191,3254.8094189533463
192,3254.8094189533463
193,3254.8094189533463
194,3254.8094189533463
195,3254.8094189533463
196,3254.8094189533463
197,3254.8094189533463
198,3254.8094189533463
199,3254.8094189533463
200,3254.8094189533463
201,3254.8094189533463
202,3254.8094189533463
203,3254.8094189533463
204,3254.8094189533463
205,3254.8094189533463
206,3254.8094189533463
207,3254.8094189533463
208,3254.8094189533463
209,3254.8094189533463
210,3254.8094189533463
211,3254.8094189533463
212,3254.8094189533463
213,3254.8094189533463
214,3254.8094189533463
215,3254.8094189533463
216,3254.8094189533463
217,3254.8094189533463
218,3254.8094189533463
219,3254.8094189533463
220,3254.8094189533463
221,3254.8094189533463
222,3254.8094189533463
223,3254.8094189533463
224,3254.8094189533463
225,3254.8094189533463
226,3254.8094189533463
227,3254.8094189533463
228,3254.8094189533463
229,3254.8094189533463
230,3254.8094189533463
231,3254.8094189533463
232,3254.8094189533463
233,3254.8094189533463
234,3254.8094189533463
235,3254.8094189533463
236,3254.8094189533463
237,3254.8094189533463
238,3254.8094189533463
239,3254.8094189533463
240,3254.8094189533463
241,3254.8094189533463
242,3254.8094189533463
243,3254.8094189533463
244,3254.8094189533463
245,3254.8094189533463
246,3254.8094189533463
247,3254.8094189533463
248,3254.8094189533463
249,3254.8094189533463
250,3254.8094189533463
251,3254.8094189533463
252,3254.8094189533463
253,3254.8094189533463
254,3254.8094189533463
255,3254.8094189533463
256,3254.8094189533463
257,3254.8094189533463
258,3254.8094189533463
259,3254.8094189533463
260,3254.8094189533463
261,3254.8094189533463
262,3254.8094189533463
263,3254.8094189533463
264,3254.8094189533463
265,3254.8094189533463
266,3254.8094189533463
267,3254.8094189533463
268,3254.8094189533463
269,3254.8094189533463
270,3254.8094189533463
271,3254.8094189533463
272,3254.8094189533463
273,3254.8094189533463
274,3254.8094189533463
275,3254.8094189533463
276,3254.8094189533463
277,3254.8094189533463
278,3254.8094189533463
279,3254.8094189533463
280,3254.8094189533463
281,3254.8094189533463
282,3254.8094189533463
283,3254.8094189533463
284,3254.8094189533463
285,3254.8094189533463
286,3254.8094189533463
287,3254.8094189533463
288,3254.8094189533463
289,3254.8094189533463
290,3254.8094189533463
291,3254.8094189533463
292,3254.8094189533463
293,3254.8094189533463
294,3254.8094189533463
295,3254.8094189533463
296,3254.8094189533463
297,3254.8094189533463
298,3254.8094189533463
299,3254.8094189533463
300,3254.8094189533463
301,3254.8094189533463
302,3254.8094189533463
303,3254.8094189533463
304,3254.8094189533463
305,3254.8094189533463
306,3254.8094189533463
307,3254.8094189533463
308,3254.8094189533463
309,3254.8094189533463
310,3254.8094189533463
311,3254.8094189533463
312,3254.8094189533463
313,3254.8094189533463
314,3254.8094189533463
315,3254.8094189533463
316,3254.8094189533463
317,3254.8094189533463
318,3254.8094189533463
319,3254.8094189533463
320,3254.8094189533463
321,3254.8094189533463
322,3254.8094189533463
323,3254.8094189533463
324,3254.8094189533463
325,3254.8094189533463
326,3254.8094189533463
327,3254.8094189533463
328,3254.8094189533463
329,3254.8094189533463
330,3254.8094189533463
331,3254.8094189533463
332,3254.8094189533463
333,3254.8094189533463
334,3254.8094189533463
335,3254.8094189533463
336,3254.8094189533463
337,3254.8094189533463
338,3254.8094189533463
339,3254.8094189533463
340,3254.8094189533463
341,3254.8094189533463
342,3254.8094189533463
343,3254.8094189533463
344,3254.8094189533463
345,3254.8094189533463
346,3254.8094189533463
347,3254.8094189533463
348,3254.8094189533463
349,3254.8094189533463
350,3254.8094189533463
351,3254.8094189533463
352,3254.8094189533463
353,3254.8094189533463
354,3254.8094189533463
355,3254.8094189533463
356,3254.8094189533463
357,3254.8094189533463
358,3254.8094189533463
359,3254.8094189533463
360,3254.8094189533463
361,3254.8094189533463
362,3254.8094189533463
363,3254.8094189533463
364,3254.8094189533463
365,3254.8094189533463
366,3254.8094189533463
367,3254.8094189533463
368,3254.8094189533463
369,3254.8094189533463
370,3254.8094189533463
371,3254.8094189533463
372,3254.8094189533463
373,3254.8094189533463
374,3254.8094189533463
375,3254.8094189533463
376,3254.8094189533463
377,3254.8094189533463
378,3254.8094189533463
379,3254.8094189533463
380,3254.8094189533463
381,3254.8094189533463
382,3254.8094189533463
383,3254.8094189533463
384,3254.8094189533463
385,3254.8094189533463
386,3254.8094189533463
387,3254.8094189533463
388,3254.8094189533463
389,3254.8094189533463
390,3254.8094189533463
391,3254.8094189533463
392,3254.8094189533463
393,3254.8094189533463
394,3254.8094189533463
395,3254.8094189533463
396,3254.8094189533463
397,3254.8094189533463
398,3254.8094189533463
399,3254.8094189533463
400,3254.8094189533463
401,3254.8094189533463
402,3254.8094189533463
403,3254.8094189533463
404,3254.8094189533463
405,3254.8094189533463
406,3254.8094189533463
407,3254.8094189533463
408,3254.8094189533463
409,3254.8094189533463
410,3254.8094189533463
411,3254.8094189533463
412,3254.8094189533463
413,3254.8094189533463
414,3254.8094189533463
415,3254.8094189533463
416,3254.8094189533463
417,3254.8094189533463
418,3254.8094189533463
419,3254.8094189533463
420,3254.8094189533463
421,3254.8094189533463
422,3254.8094189533463
423,3254.8094189533463
424,3254.8094189533463
425,3254.8094189533463
426,3254.8094189533463
427,3254.8094189533463
428,3254.8094189533463
429,3254.8094189533463
430,3254.8094189533463
431,3254.8094189533463
432,3254.8094189533463
433,3254.8094189533463
434,3254.8094189533463
435,3254.8094189533463
436,3254.8094189533463
437,3254.8094189533463
438,3254.8094189533463
439,3254.8094189533463
440,3254.8094189533463
441,3254.8094189533463
442,3254.8094189533463
443,3254.8094189533463
444,3254.8094189533463
445,3254.8094189533463
446,3254.8094189533463
447,3254.8094189533463
448,3254.8094189533463
449,3254.8094189533463
450,3254.8094189533463
451,3254.8094189533463
452,3254.8094189533463
453,3254.8094189533463
454,3254.8094189533463
455,3254.8094189533463
456,3254.8094189533463
457,3254.8094189533463
458,3254.8094189533463
459,3254.8094189533463
460,3254.8094189533463
461,3254.8094189533463
462,3254.8094189533463
463,3254.8094189533463
464,3254.8094189533463
465,3254.8094189533463
466,3254.8094189533463
467,3254.8094189533463
468,3254.8094189533463
469,3254.8094189533463
470,3254.8094189533463
471,3254.8094189533463
472,3254.8094189533463
473,3254.8094189533463
474,3254.8094189533463
475,3254.8094189533463
476,3254.8094189533463
477,3254.8094189533463
478,3254.8094189533463
479,3254.8094189533463
480,3254.8094189533463
481,3254.8094189533463
482,3254.8094189533463
483,3254.8094189533463
484,3254.8094189533463
485,3254.8094189533463
486,3254.8094189533463
487,3254.8094189533463
488,3254.8094189533463
489,3254.8094189533463
490,3254.8094189533463
491,3254.8094189533463
492,3254.8094189533463
493,3254.8094189533463
494,3254.8094189533463
495,3254.8094189533463
496,3254.8094189533463
497,3254.8094189533463
498,3254.8094189533463
499,3254.8094189533463
500,3254.8094189533463
501,3254.8094189533463
502,3254.8094189533463
503,3254.8094189533463
504,3254.8094189533463
505,3254.8094189533463
506,3254.8094189533463
507,3254.8094189533463
508,3254.8094189533463
509,3254.8094189533463
510,3254.8094189533463
511,3254.8094189533463
512,3254.8094189533463
513,3254.8094189533463
514,3254.8094189533463
515,3254.8094189533463
516,3254.8094189533463
517,3254.8094189533463
518,3254.8094189533463
519,3254.8094189533463
520,3254.8094189533463
521,3254.8094189533463
522,3254.8094189533463
523,3254.8094189533463
524,3254.8094189533463
525,3254.8094189533463
526,3254.8094189533463
527,3254.8094189533463
528,3254.8094189533463
529,3254.8094189533463
530,3254.8094189533463
531,3254.8094189533463
532,3254.8094189533463
533,3254.8094189533463
534,3254.8094189533463
535,3254.8094189533463
536,3254.8094189533463
537,3254.8094189533463
538,3254.8094189533463
539,3254.8094189533463
540,3254.8094189533463
541,3254.8094189533463
542,3254.8094189533463
543,3254.8094189533463
544,3254.8094189533463
545,3254.8094189533463
546,3254.8094189533463
547,3254.8094189533463
548,3254.8094189533463
549,3254.8094189533463
550,3254.8094189533463
551,3254.8094189533463
552,3254.8094189533463
553,3254.8094189533463
554,3254.8094189533463
555,3254.8094189533463
556,3254.8094189533463
557,3254.8094189533463
558,3254.8094189533463
559,3254.8094189533463
560,3254.8094189533463
561,3254.8094189533463
562,3254.8094189533463
563,3254.8094189533463
564,3254.8094189533463
565,3254.8094189533463
566,3254.8094189533463
567,3254.8094189533463
568,3254.8094189533463
569,3254.8094189533463
570,3254.8094189533463
571,3254.8094189533463
572,3254.8094189533463
573,3254.8094189533463
574,3254.8094189533463
575,3254.8094189533463
576,3254.8094189533463
577,3254.8094189533463
578,3254.8094189533463
579,3254.8094189533463
580,3254.8094189533463
581,3254.8094189533463
582,3254.8094189533463
583,3254.8094189533463
584,3254.8094189533463
585,3254.8094189533463
586,3254.8094189533463
587,3254.8094189533463
588,3254.8094189533463
589,3254.8094189533463
590,3254.8094189533463
591,3254.8094189533463
592,3254.8094189533463
593,3254.8094189533463
594,3254.8094189533463
595,3254.8094189533463
596,3254.8094189533463
597,3254.8094189533463
598,3254.8094189533463
599,3254.8094189533463
600,3254.8094189533463
601,3254.8094189533463
602,3254.8094189533463
603,3254.8094189533463
604,3254.8094189533463
605,3254.8094189533463
606,3254.8094189533463
607,3254.8094189533463
608,3254.8094189533463
609,3254.8094189533463
610,3254.8094189533463
611,3254.8094189533463
612,3254.8094189533463
613,3254.8094189533463
614,3254.8094189533463
615,3254.8094189533463
616,3254.8094189533463
617,3254.8094189533463
618,3254.8094189533463
619,3254.8094189533463
620,3254.8094189533463
621,3254.8094189533463
622,3254.8094189533463
623,3254.8094189533463
624,3254.8094189533463
625,3254.8094189533463
626,3254.8094189533463
627,3254.8094189533463
628,3254.8094189533463
629,3254.8094189533463
630,3254.8094189533463
631,3254.8094189533463
632,3254.8094189533463
633,3254.8094189533463
634,3254.8094189533463
635,3254.8094189533463
636,3254.8094189533463
637,3254.8094189533463
638,3254.8094189533463
639,3254.8094189533463
640,3254.8094189533463
641,3254.8094189533463
642,3254.8094189533463
643,3254.8094189533463
644,3254.8094189533463
645,3254.8094189533463
646,3254.8094189533463
647,3254.8094189533463
648,3254.8094189533463
649,3254.8094189533463
650,3254.8094189533463
651,3254.8094189533463
652,3254.8094189533463
653,3254.8094189533463
654,3254.8094189533463
655,3254.8094189533463
656,3254.8094189533463
657,3254.8094189533463
658,3254.8094189533463
659,3254.8094189533463
660,3254.8094189533463
661,3254.8094189533463
662,3254.8094189533463
663,3254.8094189533463
664,3254.8094189533463
665,3254.8094189533463
666,3254.8094189533463
667,3254.8094189533463
668,3254.8094189533463
669,3254.8094189533463
670,3254.8094189533463
671,3254.8094189533463
672,3254.8094189533463
673,3254.8094189533463
674,3254.8094189533463
675,3254.8094189533463
676,3254.8094189533463
677,3254.8094189533463
678,3254.8094189533463
679,3254.8094189533463
680,3254.8094189533463
681,3254.8094189533463
682,3254.8094189533463
683,3254.8094189533463
684,3254.8094189533463
685,3254.8094189533463
686,3254.8094189533463
687,3254.8094189533463
688,3254.8094189533463
689,3254.8094189533463
690,3254.8094189533463
691,3254.8094189533463
692,3254.8094189533463
693,3254.8094189533463
694,3254.8094189533463
695,3254.8094189533463
696,3254.8094189533463
697,3254.8094189533463
698,3254.8094189533463
699,3254.8094189533463
700,3254.8094189533463
701,3254.8094189533463
702,3254.8094189533463
703,3254.8094189533463
704,3254.8094189533463
705,3254.8094189533463
706,3254.8094189533463
707,3254.8094189533463
708,3254.8094189533463
709,3254.8094189533463
710,3254.8094189533463
711,3254.8094189533463
712,3254.8094189533463
713,3254.8094189533463
714,3254.8094189533463
715,3254.8094189533463
716,3254.8094189533463
717,3254.8094189533463
718,3254.8094189533463
719,3254.8094189533463
720,3254.8094189533463
721,3254.8094189533463
722,3254.8094189533463
723,3254.8094189533463
724,3254.8094189533463
725,3254.8094189533463
726,3254.8094189533463
727,3254.8094189533463
728,3254.8094189533463
729,3254.8094189533463
730,3254.8094189533463
731,3254.8094189533463
732,3254.8094189533463
733,3254.8094189533463
734,3254.8094189533463
735,3254.8094189533463
736,3254.8094189533463
737,3254.8094189533463
738,3254.8094189533463
739,3254.8094189533463
740,3254.8094189533463
741,3254.8094189533463
742,3254.8094189533463
743,3254.8094189533463
744,3254.8094189533463
745,3254.8094189533463
746,3254.8094189533463
747,3254.8094189533463
748,3254.8094189533463
749,3254.8094189533463
750,3254.8094189533463
751,3254.8094189533463
752,3254.8094189533463
753,3254.8094189533463
754,3254.8094189533463
755,3254.8094189533463
756,3254.8094189533463
757,3254.8094189533463
758,3254.8094189533463
759,3254.8094189533463
760,3254.8094189533463
761,3254.8094189533463
762,3254.8094189533463
763,3254.8094189533463
764,3254.8094189533463
765,3254.8094189533463
766,3254.8094189533463
767,3254.8094189533463
768,3254.8094189533463
769,3254.8094189533463
770,3254.8094189533463
771,3254.8094189533463
772,3254.8094189533463
773,3254.8094189533463
774,3254.8094189533463
775,3254.8094189533463
776,3254.8094189533463
777,3254.8094189533463
778,3254.8094189533463
779,3254.8094189533463
780,3254.8094189533463
781,3254.8094189533463
782,3254.8094189533463
783,3254.8094189533463
784,3254.8094189533463
785,3254.8094189533463
786,3254.8094189533463
787,3254.8094189533463
788,3254.8094189533463
789,3254.8094189533463
790,3254.8094189533463
791,3254.8094189533463
792,3254.8094189533463
793,3254.8094189533463
794,3254.8094189533463
795,3254.8094189533463
796,3254.8094189533463
797,3254.8094189533463
798,3254.8094189533463
799,3254.8094189533463
800,3254.8094189533463
801,3254.8094189533463
802,3254.8094189533463
803,3254.8094189533463
804,3254.8094189533463
805,3254.8094189533463
806,3254.8094189533463
807,3254.8094189533463
808,3254.8094189533463
809,3254.8094189533463
810,3254.8094189533463
811,3254.8094189533463
812,3254.8094189533463
813,3254.8094189533463
814,3254.8094189533463
815,3254.8094189533463
816,3254.8094189533463
817,3254.8094189533463
818,3254.8094189533463
819,3254.8094189533463
820,3254.8094189533463
821,3254.8094189533463
822,3254.8094189533463
823,3254.8094189533463
824,3254.8094189533463
825,3254.8094189533463
826,3254.8094189533463
827,3254.8094189533463
828,3254.8094189533463
829,3254.8094189533463
830,3254.8094189533463
831,3254.8094189533463
832,3254.8094189533463
833,3254.8094189533463
834,3254.8094189533463
835,3254.8094189533463
836,3254.8094189533463
837,3254.8094189533463
838,3254.8094189533463
839,3254.8094189533463
840,3254.8094189533463
841,3254.8094189533463
842,3254.8094189533463
843,3254.8094189533463
844,3254.8094189533463
845,3254.8094189533463
846,3254.8094189533463
847,3254.8094189533463
848,3254.8094189533463
849,3254.8094189533463
850,3254.8094189533463
851,3254.8094189533463
852,3254.8094189533463
853,3254.8094189533463
854,3254.8094189533463
855,3254.8094189533463
856,3254.8094189533463
857,3254.8094189533463
858,3254.8094189533463
859,3254.8094189533463
860,3254.8094189533463
861,3254.8094189533463
862,3254.8094189533463
863,3254.8094189533463
864,3254.8094189533463
865,3254.8094189533463
866,3254.8094189533463
867,3254.8094189533463
868,3254.8094189533463
869,3254.8094189533463
870,3254.8094189533463
871,3254.8094189533463
872,3254.8094189533463
873,3254.8094189533463
874,3254.8094189533463
875,3254.8094189533463
876,3254.8094189533463
877,3254.8094189533463
878,3254.8094189533463
879,3254.8094189533463
880,3254.8094189533463
881,3254.8094189533463
882,3254.8094189533463
883,3254.8094189533463
884,3254.8094189533463
885,3254.8094189533463
886,3254.8094189533463
887,3254.8094189533463
888,3254.8094189533463
889,3254.8094189533463
890,3254.8094189533463
891,3254.8094189533463
892,3254.8094189533463
893,3254.8094189533463
894,3254.8094189533463
895,3254.8094189533463
896,3254.8094189533463
897,3254.8094189533463
898,3254.8094189533463
899,3254.8094189533463
900,3254.8094189533463
901,3254.8094189533463
902,3254.8094189533463
903,3254.8094189533463
904,3254.8094189533463
905,3254.8094189533463
906,3254.8094189533463
907,3254.8094189533463
908,3254.8094189533463
909,3254.8094189533463
910,3254.8094189533463
911,3254.8094189533463
912,3254.8094189533463
913,3254.8094189533463
914,3254.8094189533463
915,3254.8094189533463
916,3254.8094189533463
917,3254.8094189533463
918,3254.8094189533463
919,3254.8094189533463
920,3254.8094189533463
921,3254.8094189533463
922,3254.8094189533463
923,3254.8094189533463
924,3254.8094189533463
925,3254.8094189533463
926,3254.8094189533463
927,3254.8094189533463
928,3254.8094189533463
929,3254.8094189533463
930,3254.8094189533463
931,3254.8094189533463
932,3254.8094189533463
933,3254.8094189533463
934,3254.8094189533463
935,3254.8094189533463
936,3254.8094189533463
937,3254.8094189533463
938,3254.8094189533463
939,3254.8094189533463
940,3254.8094189533463
941,3254.8094189533463
942,3254.8094189533463
943,3254.8094189533463
944,3254.8094189533463
945,3254.8094189533463
946,3254.8094189533463
947,3254.8094189533463
948,3254.8094189533463
949,3254.8094189533463
950,3254.8094189533463
951,3254.8094189533463
952,3254.8094189533463
953,3254.8094189533463
954,3254.8094189533463
955,3254.8094189533463
956,3254.8094189533463
957,3254.8094189533463
958,3254.8094189533463
959,3254.8094189533463
960,3254.8094189533463
961,3254.8094189533463
962,3254.8094189533463
963,3254.8094189533463
964,3254.8094189533463
965,3254.8094189533463
966,3254.8094189533463
967,3254.8094189533463
968,3254.8094189533463
969,3254.8094189533463
970,3254.8094189533463
971,3254.8094189533463
972,3254.8094189533463
973,3254.8094189533463
974,3254.8094189533463
975,3254.8094189533463
976,3254.8094189533463
977,3254.8094189533463
978,3254.8094189533463
979,3254.8094189533463
980,3254.8094189533463
981,3254.8094189533463
982,3254.8094189533463
983,3254.8094189533463
984,3254.8094189533463
985,3254.8094189533463
986,3254.8094189533463
987,3254.8094189533463
988,3254.8094189533463
989,3254.8094189533463
990,3254.8094189533463
991,3254.8094189533463
992,3254.8094189533463
993,3254.8094189533463
994,3254.8094189533463
995,3254.8094189533463
996,3254.8094189533463
997,3254.8094189533463
998,3254.8094189533463
999,3254.8094189533463
1000,3254.8094189533463
1001,3254.8094189533463
1002,3254.8094189533463
1003,3254.8094189533463
1004,3254.8094189533463
1005,3254.8094189533463
1006,3254.8094189533463
1007,3254.8094189533463
1008,3254.8094189533463
1009,3254.8094189533463
1010,3254.8094189533463
1011,3254.8094189533463
1012,3254.8094189533463
1013,3254.8094189533463
1014,3254.8094189533463
1015,3254.8094189533463
1016,3254.8094189533463
1017,3254.8094189533463
1018,3254.8094189533463
1019,3254.8094189533463
1020,3254.8094189533463
1021,3254.8094189533463
1022,3254.8094189533463
1023,3254.8094189533463
1024,3254.8094189533463
1025,3254.8094189533463
1026,3254.8094189533463
1027,3254.8094189533463
1028,3254.8094189533463
1029,3254.8094189533463
1030,3254.8094189533463
1031,3254.8094189533463
1032,3254.8094189533463
1033,3254.8094189533463
1034,3254.8094189533463
1035,3254.8094189533463
1036,3254.8094189533463
1037,3254.8094189533463
1038,3254.8094189533463
1039,3254.8094189533463
1040,3254.8094189533463
1041,3254.8094189533463
1042,3254.8094189533463
1043,3254.8094189533463
1044,3254.8094189533463
1045,3254.8094189533463
1046,3254.8094189533463
1047,3254.8094189533463
1048,3254.8094189533463
1049,3254.8094189533463
1050,3254.8094189533463
1051,3254.8094189533463
1052,3254.8094189533463
1053,3254.8094189533463
1054,3254.8094189533463
1055,3254.8094189533463
1056,3254.8094189533463
1057,3254.8094189533463
1058,3254.8094189533463
1059,3254.8094189533463
1060,3254.8094189533463
1061,3254.8094189533463
1062,3254.8094189533463
1063,3254.8094189533463
1064,3254.8094189533463
1065,3254.8094189533463
1066,3254.8094189533463
1067,3254.8094189533463
1068,3254.8094189533463
1069,3254.8094189533463
1070,3254.8094189533463
1071,3254.8094189533463
1072,3254.8094189533463
1073,3254.8094189533463
1074,3254.8094189533463
1075,3254.8094189533463
1076,3254.8094189533463
1077,3254.8094189533463
1078,3254.8094189533463
1079,3254.8094189533463
1080,3254.8094189533463
1081,3254.8094189533463
1082,3254.8094189533463
1083,3254.8094189533463
1084,3254.8094189533463
1085,3254.8094189533463
1086,3254.8094189533463
1087,3254.8094189533463
1088,3254.8094189533463
1089,3254.8094189533463
1090,3254.8094189533463
1091,3254.8094189533463
1092,3254.8094189533463
1093,3254.8094189533463
1094,3254.8094189533463
1095,3254.8094189533463
1096,3254.8094189533463
1097,3254.8094189533463
1098,3254.8094189533463
1099,3254.8094189533463
1100,3254.8094189533463
1101,3254.8094189533463
1102,3254.8094189533463
1103,3254.8094189533463
1104,3254.8094189533463
1105,3254.8094189533463
1106,3254.8094189533463
1107,3254.8094189533463
1108,3254.8094189533463
1109,3254.8094189533463
1110,3254.8094189533463
1111,3254.8094189533463
1112,3254.8094189533463
1113,3254.8094189533463
1114,3254.8094189533463
1115,3254.8094189533463
1116,3254.8094189533463
1117,3254.8094189533463
1118,3254.8094189533463
1119,3254.8094189533463
1120,3254.8094189533463
1121,3214.316849336008
1122,3214.316849336008
1123,3214.316849336008
1124,3214.316849336008
1125,3214.316849336008
1126,3214.316849336008
1127,3214.316849336008
1128,3214.316849336008
1129,3214.316849336008
1130,3214.316849336008
1131,3214.316849336008
1132,3214.316849336008
1133,3214.316849336008
1134,3214.316849336008
1135,3214.316849336008
1136,3214.316849336008
1137,3210.341630871437
1138,3199.833505007343
1139,3199.833505007343
1140,3199.833505007343
1141,3199.833505007343
1142,3199.833505007343
1143,3199.833505007343
1144,3173.220779870449
1145,3173.220779870449
1146,3173.220779870449
1147,3169.9033582739416
1148,3169.9033582739416
1149,3169.9033582739416
1150,3169.9033582739416
1151,3169.9033582739416
1152,3169.9033582739416
1153,3169.9033582739416
1154,3169.9033582739416
1155,3169.9033582739416
1156,3169.9033582739416
1157,3169.9033582739416
1158,3126.737700672958
1159,3104.121293194249
1160,3104.121293194249
1161,3084.627765305897
1162,3084.627765305897
1163,3084.627765305897
1164,3084.627765305897
1165,3084.627765305897
1166,3083.1297960193083
1167,3083.1297960193083
1168,3083.1297960193083
1169,3083.1297960193083
1170,3083.1297960193083
1171,3083.1297960193083
1172,3083.1297960193083
1173,3059.376574706804
1174,3059.376574706804
1175,3059.376574706804
1176,3011.995189782788
1177,3004.1038544144776
1178,3004.1038544144776
1179,3004.1038544144776
1180,3004.1038544144776
1181,3004.1038544144776
1182,3004.1038544144776
1183,3004.1038544144776
1184,3004.1038544144776
1185,3004.1038544144776
1186,3004.1038544144776
1187,3004.1038544144776
1188,3004.1038544144776
1189,3004.1038544144776
1190,3004.1038544144776
1191,3004.1038544144776
1192,3004.1038544144776
1193,3004.1038544144776
1194,3004.1038544144776
1195,3004.1038544144776
1196,3004.1038544144776
1197,3004.1038544144776
1198,3004.1038544144776
1199,3004.1038544144776
1200,3004.1038544144776
1201,3004.1038544144776
1202,3004.1038544144776
1203,3004.1038544144776
1204,3004.1038544144776
1205,3004.1038544144776
1206,3004.1038544144776
1207,3004.1038544144776
1208,3004.1038544144776
1209,3004.1038544144776
1210,3004.1038544144776
1211,3004.1038544144776
1212,3004.1038544144776
1213,3004.1038544144776
1214,3004.1038544144776
1215,3004.1038544144776
1216,3004.1038544144776
1217,3004.1038544144776
1218,3004.1038544144776
1219,3004.1038544144776
1220,3004.1038544144776
1221,3004.1038544144776
1222,3004.1038544144776
1223,3004.1038544144776
1224,3004.1038544144776
1225,3004.1038544144776
1226,3004.1038544144776
1227,3004.1038544144776
1228,3004.1038544144776
1229,3004.1038544144776
1230,3004.1038544144776
1231,3004.1038544144776
1232,3004.1038544144776
1233,3004.1038544144776
1234,3004.1038544144776
1235,3004.1038544144776
1236,3004.1038544144776
1237,3004.1038544144776
1238,3004.1038544144776
1239,3004.1038544144776
1240,3004.1038544144776
1241,3004.1038544144776
1242,3004.1038544144776
1243,3004.1038544144776
1244,3004.1038544144776
1245,3004.1038544144776
1246,3004.1038544144776
1247,3004.1038544144776
1248,3004.1038544144776
1249,3004.1038544144776
1250,3004.1038544144776
1251,3004.1038544144776
1252,3004.1038544144776
1253,3004.1038544144776
1254,3004.1038544144776
1255,3004.1038544144776
1256,3004.1038544144776
1257,3004.1038544144776
1258,3004.1038544144776
1259,3004.1038544144776
1260,3004.1038544144776
1261,3004.1038544144776
1262,3004.1038544144776
1263,3004.1038544144776
1264,3004.1038544144776
1265,3004.1038544144776
1266,3004.1038544144776
1267,3004.1038544144776
1268,3004.1038544144776
1269,3004.1038544144776
1270,3004.1038544144776
1271,3004.1038544144776
1272,3004.1038544144776
1273,3004.1038544144776
1274,3004.1038544144776
1275,3004.1038544144776
1276,3004.1038544144776
1277,3004.1038544144776
1278,3004.1038544144776
1279,3004.1038544144776
1280,3004.1038544144776
1281,3004.1038544144776
1282,3004.1038544144776
1283,3004.1038544144776
1284,3004.1038544144776
1285,3004.1038544144776
1286,3004.1038544144776
1287,3004.1038544144776
1288,3004.1038544144776
1289,3004.1038544144776
1290,3004.1038544144776
1291,3004.1038544144776
1292,3004.1038544144776
1293,3004.1038544144776
1294,3004.1038544144776
1295,3004.1038544144776
1296,3004.1038544144776
1297,3004.1038544144776
1298,3004.1038544144776
1299,3004.1038544144776
1300,3004.1038544144776
1301,3004.1038544144776
1302,3004.1038544144776
1303,3004.1038544144776
1304,3004.1038544144776
1305,3004.1038544144776
1306,3004.1038544144776
1307,3004.1038544144776
1308,3004.1038544144776
1309,3004.1038544144776
1310,3004.1038544144776
1311,3004.1038544144776
1312,3004.1038544144776
1313,3004.1038544144776
1314,3004.1038544144776
1315,3004.1038544144776
1316,3004.1038544144776
1317,3004.1038544144776
1318,3004.1038544144776
1319,3004.1038544144776
1320,3004.1038544144776
1321,3004.1038544144776
1322,3004.1038544144776
1323,3004.1038544144776
1324,3004.1038544144776
1325,3004.1038544144776
1326,3004.1038544144776
1327,3004.1038544144776
1328,3004.1038544144776
1329,3004.1038544144776
1330,3004.1038544144776
1331,3004.1038544144776
1332,3004.1038544144776
1333,3004.1038544144776
1334,3004.1038544144776
1335,3004.1038544144776
1336,3004.1038544144776
1337,3004.1038544144776
1338,3004.1038544144776
1339,3004.1038544144776
1340,3004.1038544144776
1341,3004.1038544144776
1342,3004.1038544144776
1343,3004.1038544144776
1344,3004.1038544144776
1345,3004.1038544144776
1346,3004.1038544144776
1347,3004.1038544144776
1348,3004.1038544144776
1349,3004.1038544144776
1350,3004.1038544144776
1351,3004.1038544144776
1352,3004.1038544144776
1353,3004.1038544144776
1354,3004.1038544144776
1355,3004.1038544144776
1356,3004.1038544144776
1357,3004.1038544144776
1358,3004.1038544144776
1359,3004.1038544144776
1360,3004.1038544144776
1361,3004.1038544144776
1362,3004.1038544144776
1363,3004.1038544144776
1364,3004.1038544144776
1365,3004.1038544144776
1366,3004.1038544144776
1367,3004.1038544144776
1368,3004.1038544144776
1369,3004.1038544144776
1370,3004.1038544144776
1371,3004.1038544144776
1372,3004.1038544144776
1373,3004.1038544144776
1374,3004.1038544144776
1375,3004.1038544144776
1376,3004.1038544144776
1377,3004.1038544144776
1378,3004.1038544144776
1379,3004.1038544144776
1380,3004.1038544144776
1381,3004.1038544144776
1382,3004.1038544144776
1383,3004.1038544144776
1384,3004.1038544144776
1385,3004.1038544144776
1386,3004.1038544144776
1387,3004.1038544144776
1388,3004.1038544144776
1389,3004.1038544144776
1390,3004.1038544144776
1391,3004.1038544144776
1392,3004.1038544144776
1393,3004.1038544144776
1394,3004.1038544144776
1395,3004.1038544144776
1396,3004.1038544144776
1397,3004.1038544144776
1398,3004.1038544144776
1399,3004.1038544144776
1400,3004.1038544144776
1401,3004.1038544144776
1402,3004.1038544144776
1403,3004.1038544144776
1404,3004.1038544144776
1405,3004.1038544144776
1406,3004.1038544144776
1407,3004.1038544144776
1408,3004.1038544144776
1409,3004.1038544144776
1410,3004.1038544144776
1411,3004.1038544144776
1412,3004.1038544144776
1413,3004.1038544144776
1414,3004.1038544144776
1415,3004.1038544144776
1416,3004.1038544144776
1417,3004.1038544144776
1418,3004.1038544144776
1419,3004.1038544144776
1420,3004.1038544144776
1421,3004.1038544144776
1422,3004.1038544144776
1423,3004.1038544144776
1424,3004.1038544144776
1425,3004.1038544144776
1426,3004.1038544144776
1427,3004.1038544144776
1428,3004.1038544144776
1429,3004.1038544144776
1430,3004.1038544144776
1431,3004.1038544144776
1432,3004.1038544144776
1433,3004.1038544144776
1434,3004.1038544144776
1435,3004.1038544144776
1436,3004.1038544144776
1437,3004.1038544144776
1438,3004.1038544144776
1439,3004.1038544144776
1440,3004.1038544144776
1441,3004.1038544144776
1442,3004.1038544144776
1443,3004.1038544144776
1444,3004.1038544144776
1445,3004.1038544144776
1446,3004.1038544144776
1447,3004.1038544144776
1448,3004.1038544144776
1449,3004.1038544144776
1450,3004.1038544144776
1451,3004.1038544144776
1452,3004.1038544144776
1453,3004.1038544144776
1454,3004.1038544144776
1455,3004.1038544144776
1456,3004.1038544144776
1457,3004.1038544144776
1458,3004.1038544144776
1459,3004.1038544144776
1460,3004.1038544144776
1461,3004.1038544144776
1462,3004.1038544144776
1463,3004.1038544144776
1464,3004.1038544144776
1465,3004.1038544144776
1466,3004.1038544144776
1467,3004.1038544144776
1468,3004.1038544144776
1469,3004.1038544144776
1470,3004.1038544144776
1471,3004.1038544144776
1472,3004.1038544144776
1473,3004.1038544144776
1474,3004.1038544144776
1475,3004.1038544144776
1476,3004.1038544144776
1477,3004.1038544144776
1478,3004.1038544144776
1479,3004.1038544144776
1480,3004.1038544144776
1481,3004.1038544144776
1482,3004.1038544144776
1483,3004.1038544144776
1484,3004.1038544144776
1485,3004.1038544144776
1486,3004.1038544144776
1487,3004.1038544144776
1488,3004.1038544144776
1489,3004.1038544144776
1490,3004.1038544144776
1491,3004.1038544144776
1492,3004.1038544144776
1493,3004.1038544144776
1494,3004.1038544144776
1495,3004.1038544144776
1496,3004.1038544144776
1497,3004.1038544144776
1498,3004.1038544144776
1499,3004.1038544144776
1500,3004.1038544144776
1501,3004.1038544144776
1502,3004.1038544144776
1503,3004.1038544144776
1504,3004.1038544144776
1505,3004.1038544144776
1506,3004.1038544144776
1507,3004.1038544144776
1508,3004.1038544144776
1509,3004.1038544144776
1510,3004.1038544144776
1511,3004.1038544144776
1512,3004.1038544144776
1513,3004.1038544144776
1514,3004.1038544144776
1515,3004.1038544144776
1516,3004.1038544144776
1517,3004.1038544144776
1518,3004.1038544144776
1519,3004.1038544144776
1520,3004.1038544144776
1521,3004.1038544144776
1522,3004.1038544144776
1523,3004.1038544144776
1524,3004.1038544144776
1525,3004.1038544144776
1526,3004.1038544144776
1527,3004.1038544144776
1528,3004.1038544144776
1529,3004.1038544144776
1530,3004.1038544144776
1531,3004.1038544144776
1532,3004.1038544144776
1533,3004.1038544144776
1534,3004.1038544144776
1535,3004.1038544144776
1536,3004.1038544144776
1537,3004.1038544144776
1538,3004.1038544144776
1539,3004.1038544144776
1540,3004.1038544144776
1541,3004.1038544144776
1542,3004.1038544144776
1543,3004.1038544144776
1544,3004.1038544144776
1545,3004.1038544144776
1546,3004.1038544144776
1547,3004.1038544144776
1548,3004.1038544144776
1549,3004.1038544144776
1550,3004.1038544144776
1551,3004.1038544144776
1552,3004.1038544144776
1553,3004.1038544144776
1554,3004.1038544144776
1555,3004.1038544144776
1556,3004.1038544144776
1557,3004.1038544144776
1558,3004.1038544144776
1559,3004.1038544144776
1560,3004.1038544144776
1561,3004.1038544144776
1562,3004.1038544144776
1563,3004.1038544144776
1564,3004.1038544144776
1565,3004.1038544144776
1566,3004.1038544144776
1567,3004.1038544144776
1568,3004.1038544144776
1569,3004.1038544144776
1570,3004.1038544144776
1571,3004.1038544144776
1572,3004.1038544144776
1573,3004.1038544144776
1574,3004.1038544144776
1575,3004.1038544144776
1576,3004.1038544144776
1577,3004.1038544144776
1578,3004.1038544144776
1579,3004.1038544144776
1580,3004.1038544144776
1581,3004.1038544144776
1582,3004.1038544144776
1583,3004.1038544144776
1584,3004.1038544144776
1585,3004.1038544144776
1586,3004.1038544144776
1587,3004.1038544144776
1588,3004.1038544144776
1589,3004.1038544144776
1590,3004.1038544144776
1591,3004.1038544144776
1592,3004.1038544144776
1593,3004.1038544144776
1594,3004.1038544144776
1595,3004.1038544144776
1596,3004.1038544144776
1597,3004.1038544144776
1598,3004.1038544144776
1599,3004.1038544144776
1600,3004.1038544144776
1601,3004.1038544144776
1602,3004.1038544144776
1603,3004.1038544144776
1604,3004.1038544144776
1605,3004.1038544144776
1606,3004.1038544144776
1607,3004.1038544144776
1608,3004.1038544144776
1609,3004.1038544144776
1610,3004.1038544144776
1611,3004.1038544144776
1612,3004.1038544144776
1613,3004.1038544144776
1614,3004.1038544144776
1615,3004.1038544144776
1616,3004.1038544144776
1617,3004.1038544144776
1618,3004.1038544144776
1619,3004.1038544144776
1620,3004.1038544144776
1621,3004.1038544144776
1622,3004.1038544144776
1623,3004.1038544144776
1624,3004.1038544144776
1625,3004.1038544144776
1626,3004.1038544144776
1627,3004.1038544144776
1628,3004.1038544144776
1629,3004.1038544144776
1630,3004.1038544144776
1631,3004.1038544144776
1632,3004.1038544144776
1633,3004.1038544144776
1634,3004.1038544144776
1635,3004.1038544144776
1636,3004.1038544144776
1637,3004.1038544144776
1638,3004.1038544144776
1639,3004.1038544144776
1640,3004.1038544144776
1641,3004.1038544144776
1642,3004.1038544144776
1643,3004.1038544144776
1644,3004.1038544144776
1645,3004.1038544144776
1646,3004.1038544144776
1647,3004.1038544144776
1648,3004.1038544144776
1649,3004.1038544144776
1650,3004.1038544144776
1651,3004.1038544144776
1652,3004.1038544144776
1653,3004.1038544144776
1654,3004.1038544144776
1655,3004.1038544144776
1656,3004.1038544144776
1657,3004.1038544144776
1658,3004.1038544144776
1659,3004.1038544144776
1660,3004.1038544144776
1661,3004.1038544144776
1662,3004.1038544144776
1663,3004.1038544144776
1664,3004.1038544144776
1665,3004.1038544144776
1666,3004.1038544144776
1667,3004.1038544144776
1668,3004.1038544144776
1669,3004.1038544144776
1670,3004.1038544144776
1671,3004.1038544144776
1672,3004.1038544144776
1673,3004.1038544144776
1674,3004.1038544144776
1675,3004.1038544144776
1676,3004.1038544144776
1677,3004.1038544144776
1678,3004.1038544144776
1679,3004.1038544144776
1680,3004.1038544144776
1681,3004.1038544144776
1682,3004.1038544144776
1683,3004.1038544144776
1684,3004.1038544144776
1685,3004.1038544144776
1686,3004.1038544144776
1687,3004.1038544144776
1688,3004.1038544144776
1689,3004.1038544144776
1690,3004.1038544144776
1691,3004.1038544144776
1692,3004.1038544144776
1693,3004.1038544144776
1694,3004.1038544144776
1695,3004.1038544144776
1696,3004.1038544144776
1697,3004.1038544144776
1698,3004.1038544144776
1699,3004.1038544144776
1700,3004.1038544144776
1701,3004.1038544144776
1702,3004.1038544144776
1703,3004.1038544144776
1704,3004.1038544144776
1705,3004.1038544144776
1706,3004.1038544144776
1707,3004.1038544144776
1708,3004.1038544144776
1709,3004.1038544144776
1710,3004.1038544144776
1711,3004.1038544144776
1712,3004.1038544144776
1713,3004.1038544144776
1714,3004.1038544144776
1715,3004.1038544144776
1716,3004.1038544144776
1717,3004.1038544144776
1718,3004.1038544144776
1719,3004.1038544144776
1720,3004.1038544144776
1721,3004.1038544144776
1722,3004.1038544144776
1723,3004.1038544144776
1724,3004.1038544144776
1725,3004.1038544144776
1726,3004.1038544144776
1727,3004.1038544144776
1728,3004.1038544144776
1729,3004.1038544144776
1730,3004.1038544144776
1731,3004.1038544144776
1732,3004.1038544144776
1733,3004.1038544144776
1734,3004.1038544144776
1735,3004.1038544144776
1736,3004.1038544144776
1737,3004.1038544144776
1738,3004.1038544144776
1739,3004.1038544144776
1740,3004.1038544144776
1741,3004.1038544144776
1742,3004.1038544144776
1743,3004.1038544144776
1744,3004.1038544144776
1745,3004.1038544144776
1746,3004.1038544144776
1747,3004.1038544144776
1748,3004.1038544144776
1749,3004.1038544144776
1750,3004.1038544144776
1751,3004.1038544144776
1752,3004.1038544144776
1753,3004.1038544144776
1754,3004.1038544144776
1755,3004.1038544144776
1756,3004.1038544144776
1757,3004.1038544144776
1758,3004.1038544144776
1759,3004.1038544144776
1760,3004.1038544144776
1761,3004.1038544144776
1762,3004.1038544144776
1763,3004.1038544144776
1764,3004.1038544144776
1765,3004.1038544144776
1766,3004.1038544144776
1767,3004.1038544144776
1768,3004.1038544144776
1769,3004.1038544144776
1770,3004.1038544144776
1771,3004.1038544144776
1772,3004.1038544144776
1773,3004.1038544144776
1774,3004.1038544144776
1775,3004.1038544144776
1776,3004.1038544144776
1777,3004.1038544144776
1778,3004.1038544144776
1779,3004.1038544144776
1780,3004.1038544144776
1781,3004.1038544144776
1782,3004.1038544144776
1783,3004.1038544144776
1784,3004.1038544144776
1785,3004.1038544144776
1786,3004.1038544144776
1787,3004.1038544144776
1788,3004.1038544144776
1789,3004.1038544144776
1790,3004.1038544144776
1791,3004.1038544144776
1792,3004.1038544144776
1793,3004.1038544144776
1794,3004.1038544144776
1795,3004.1038544144776
1796,3004.1038544144776
1797,3004.1038544144776
1798,3004.1038544144776
1799,3004.1038544144776
1800,3004.1038544144776
1801,3004.1038544144776
1802,3004.1038544144776
1803,3004.1038544144776
1804,3004.1038544144776
1805,3004.1038544144776
1806,3004.1038544144776
1807,3004.1038544144776
1808,3004.1038544144776
1809,3004.1038544144776
1810,3004.1038544144776
1811,3004.1038544144776
1812,3004.1038544144776
1813,3004.1038544144776
1814,3004.1038544144776
1815,3004.1038544144776
1816,3004.1038544144776
1817,3004.1038544144776
1818,3004.1038544144776
1819,3004.1038544144776
1820,3004.1038544144776
1821,3004.1038544144776
1822,3004.1038544144776
1823,3004.1038544144776
1824,3004.1038544144776
1825,3004.1038544144776
1826,3004.1038544144776
1827,3004.1038544144776
1828,3004.1038544144776
1829,3004.1038544144776
1830,3004.1038544144776
1831,3004.1038544144776
1832,3004.1038544144776
1833,3004.1038544144776
1834,3004.1038544144776
1835,3004.1038544144776
1836,3004.1038544144776
1837,3004.1038544144776
1838,3004.1038544144776
1839,3004.1038544144776
1840,3004.1038544144776
1841,3004.1038544144776
1842,3004.1038544144776
1843,3004.1038544144776
1844,3004.1038544144776
1845,3004.1038544144776
1846,3004.1038544144776
1847,3004.1038544144776
1848,3004.1038544144776
1849,3004.1038544144776
1850,3004.1038544144776
1851,3004.1038544144776
1852,3004.1038544144776
1853,3004.1038544144776
1854,3004.1038544144776
1855,3004.1038544144776
1856,3004.1038544144776
1857,3004.1038544144776
1858,3004.1038544144776
1859,3004.1038544144776
1860,3004.1038544144776
1861,3004.1038544144776
1862,3004.1038544144776
1863,3004.1038544144776
1864,3004.1038544144776
1865,3004.1038544144776
1866,3004.1038544144776
1867,3004.1038544144776
1868,3004.1038544144776
1869,3004.1038544144776
1870,3004.1038544144776
1871,3004.1038544144776
1872,3004.1038544144776
1873,3004.1038544144776
1874,3004.1038544144776
1875,3004.1038544144776
1876,3004.1038544144776
1877,3004.1038544144776
1878,3004.1038544144776
1879,3004.1038544144776
1880,3004.1038544144776
1881,3004.1038544144776
1882,3004.1038544144776
1883,3004.1038544144776
1884,3004.1038544144776
1885,3004.1038544144776
1886,3004.1038544144776
1887,3004.1038544144776
1888,3004.1038544144776
1889,3004.1038544144776
1890,3004.1038544144776
1891,3004.1038544144776
1892,3004.1038544144776
1893,3004.1038544144776
1894,3004.1038544144776
1895,3004.1038544144776
1896,3004.1038544144776
1897,3004.1038544144776
1898,3004.1038544144776
1899,3004.1038544144776
1900,3004.1038544144776
1901,3004.1038544144776
1902,3004.1038544144776
1903,3004.1038544144776
1904,3004.1038544144776
1905,3004.1038544144776
1906,3004.1038544144776
1907,3004.1038544144776
1908,3004.1038544144776
1909,3004.1038544144776
1910,3004.1038544144776
1911,3004.1038544144776
1912,3004.1038544144776
1913,3004.1038544144776
1914,3004.1038544144776
1915,3004.1038544144776
1916,3004.1038544144776
1917,3004.1038544144776
1918,3004.1038544144776
1919,3004.1038544144776
1920,3004.1038544144776
1921,3004.1038544144776
1922,3004.1038544144776
1923,3004.1038544144776
1924,3004.1038544144776
1925,3004.1038544144776
1926,3004.1038544144776
1927,3004.1038544144776
1928,3004.1038544144776
1929,3004.1038544144776
1930,3004.1038544144776
1931,3004.1038544144776
1932,3004.1038544144776
1933,3004.1038544144776
1934,3004.1038544144776
1935,3004.1038544144776
1936,3004.1038544144776
1937,3004.1038544144776
1938,3004.1038544144776
1939,3004.1038544144776
1940,3004.1038544144776
1941,3004.1038544144776
1942,3004.1038544144776
1943,3004.1038544144776
1944,3004.1038544144776
1945,3004.1038544144776
1946,3004.1038544144776
1947,3004.1038544144776
1948,3004.1038544144776
1949,3004.1038544144776
1950,3004.1038544144776
1951,3004.1038544144776
1952,3004.1038544144776
1953,3004.1038544144776
1954,3004.1038544144776
1955,3004.1038544144776
1956,3004.1038544144776
1957,3004.1038544144776
1958,3004.1038544144776
1959,3004.1038544144776
1960,3004.1038544144776
1961,3004.1038544144776
1962,3004.1038544144776
1963,3004.1038544144776
1964,3004.1038544144776
1965,3004.1038544144776
1966,3004.1038544144776
1967,3004.1038544144776
1968,3004.1038544144776
1969,3004.1038544144776
1970,3004.1038544144776
1971,3004.1038544144776
1972,3004.1038544144776
1973,3004.1038544144776
1974,3004.1038544144776
1975,3004.1038544144776
1976,3004.1038544144776
1977,3004.1038544144776
1978,3004.1038544144776
1979,3004.1038544144776
1980,3004.1038544144776
1981,3004.1038544144776
1982,3004.1038544144776
1983,3004.1038544144776
1984,3004.1038544144776
1985,3004.1038544144776
1986,3004.1038544144776
1987,3004.1038544144776
1988,3004.1038544144776
1989,3004.1038544144776
1990,3004.1038544144776
1991,3004.1038544144776
1992,3004.1038544144776
1993,3004.1038544144776
1994,3004.1038544144776
1995,3004.1038544144776
1996,3004.1038544144776
1997,3004.1038544144776
1998,3004.1038544144776
1999,3004.1038544144776
2000,3004.1038544144776
2001,3004.1038544144776
2002,3004.1038544144776
2003,3004.1038544144776
2004,3004.1038544144776
2005,3004.1038544144776
2006,3004.1038544144776
2007,3004.1038544144776
2008,3004.1038544144776
2009,3004.1038544144776
2010,3004.1038544144776
2011,3004.1038544144776
2012,3004.1038544144776
2013,3004.1038544144776
2014,3004.1038544144776
2015,3004.1038544144776
2016,3004.1038544144776
2017,3004.1038544144776
2018,3004.1038544144776
2019,3004.1038544144776
2020,3004.1038544144776
2021,3004.1038544144776
2022,3004.1038544144776
2023,3004.1038544144776
2024,3004.1038544144776
2025,3004.1038544144776
2026,3004.1038544144776
2027,3004.1038544144776
2028,3004.1038544144776
2029,3004.1038544144776
2030,3004.1038544144776
2031,3004.1038544144776
2032,3004.1038544144776
2033,3004.1038544144776
2034,3004.1038544144776
2035,3004.1038544144776
2036,3004.1038544144776
2037,3004.1038544144776
2038,3004.1038544144776
2039,3004.1038544144776
2040,3004.1038544144776
2041,3004.1038544144776
2042,3004.1038544144776
2043,3004.1038544144776
2044,3004.1038544144776
2045,3004.1038544144776
2046,3004.1038544144776
2047,3004.1038544144776
2048,3004.1038544144776
2049,3004.1038544144776
2050,3004.1038544144776
2051,3004.1038544144776
2052,3004.1038544144776
2053,3004.1038544144776
2054,3004.1038544144776
2055,3004.1038544144776
2056,3004.1038544144776
2057,3004.1038544144776
2058,3004.1038544144776
2059,3004.1038544144776
2060,3004.1038544144776
2061,3004.1038544144776
2062,3004.1038544144776
2063,3004.1038544144776
2064,3004.1038544144776
2065,3004.1038544144776
2066,3004.1038544144776
2067,3004.1038544144776
2068,3004.1038544144776
2069,3004.1038544144776
2070,3004.1038544144776
2071,3004.1038544144776
2072,3004.1038544144776
2073,3004.1038544144776
2074,3004.1038544144776
2075,3004.1038544144776
2076,3004.1038544144776
2077,3004.1038544144776
2078,3004.1038544144776
2079,3004.1038544144776
2080,3004.1038544144776
2081,3004.1038544144776
2082,3004.1038544144776
2083,3004.1038544144776
2084,3004.1038544144776
2085,3004.1038544144776
2086,3004.1038544144776
2087,3004.1038544144776
2088,3004.1038544144776
2089,3004.1038544144776
2090,3004.1038544144776
2091,3004.1038544144776
2092,3004.1038544144776
2093,3004.1038544144776
2094,3004.1038544144776
2095,3004.1038544144776
2096,3004.1038544144776
2097,3004.1038544144776
2098,3004.1038544144776
2099,3004.1038544144776
2100,3004.1038544144776
2101,3004.1038544144776
2102,3004.1038544144776
2103,3004.1038544144776
2104,3004.1038544144776
2105,3004.1038544144776
2106,3004.1038544144776
2107,3004.1038544144776
2108,3004.1038544144776
2109,3004.1038544144776
2110,3004.1038544144776
2111,3004.1038544144776
2112,3004.1038544144776
2113,3004.1038544144776
2114,3004.1038544144776
2115,3004.1038544144776
2116,3004.1038544144776
2117,3004.1038544144776
2118,3004.1038544144776
2119,3004.1038544144776
2120,3004.1038544144776
2121,3004.1038544144776
2122,3004.1038544144776
2123,3004.1038544144776
2124,3004.1038544144776
2125,3004.1038544144776
2126,3004.1038544144776
2127,3004.1038544144776
2128,3004.1038544144776
2129,3004.1038544144776
2130,3004.1038544144776
2131,3004.1038544144776
2132,3004.1038544144776
2133,3004.1038544144776
2134,3004.1038544144776
2135,3004.1038544144776
2136,3004.1038544144776
2137,3004.1038544144776
2138,3004.1038544144776
2139,3004.1038544144776
2140,3004.1038544144776
2141,3004.1038544144776
2142,3004.1038544144776
2143,3004.1038544144776
2144,3004.1038544144776
2145,3004.1038544144776
2146,3004.1038544144776
2147,3004.1038544144776
2148,3004.1038544144776
2149,3004.1038544144776
2150,3004.1038544144776
2151,3004.1038544144776
2152,3004.1038544144776
2153,3004.1038544144776
2154,3004.1038544144776
2155,3004.1038544144776
2156,3004.1038544144776
2157,3004.1038544144776
2158,3004.1038544144776
2159,3004.1038544144776
2160,3004.1038544144776
2161,3004.1038544144776
2162,3004.1038544144776
2163,3004.1038544144776
2164,3004.1038544144776
2165,3004.1038544144776
2166,3004.1038544144776
2167,3004.1038544144776
2168,3004.1038544144776
2169,3004.1038544144776
2170,3004.1038544144776
2171,3004.1038544144776
2172,3004.1038544144776
2173,3004.1038544144776
2174,3004.1038544144776
2175,3004.1038544144776
2176,3004.1038544144776
2177,3004.1038544144776
2178,3004.1038544144776
2179,3004.1038544144776
2180,3004.1038544144776
2181,3004.1038544144776
2182,3004.1038544144776
2183,3004.1038544144776
2184,3004.1038544144776
2185,3004.1038544144776
2186,3004.1038544144776
2187,3004.1038544144776
2188,3004.1038544144776
2189,3004.1038544144776
2190,3004.1038544144776
2191,3004.1038544144776
2192,3004.1038544144776
2193,3004.1038544144776
2194,3004.1038544144776
2195,3004.1038544144776
2196,3004.1038544144776
2197,3004.1038544144776
2198,3004.1038544144776
2199,3004.1038544144776
2200,3004.1038544144776
2201,3004.1038544144776
2202,3004.1038544144776
2203,3004.1038544144776
2204,3004.1038544144776
2205,3004.1038544144776
2206,3004.1038544144776
2207,3004.1038544144776
2208,3004.1038544144776
2209,3004.1038544144776
2210,3004.1038544144776
2211,3004.1038544144776
2212,3004.1038544144776
2213,3004.1038544144776
2214,3004.1038544144776
2215,3004.1038544144776
2216,3004.1038544144776
2217,3004.1038544144776
2218,3004.1038544144776
2219,3004.1038544144776
2220,3004.1038544144776
2221,3004.1038544144776
2222,3004.1038544144776
2223,3004.1038544144776
2224,3004.1038544144776
2225,3004.1038544144776
2226,3004.1038544144776
2227,3004.1038544144776
2228,3004.1038544144776
2229,3004.1038544144776
2230,3004.1038544144776
2231,3004.1038544144776
2232,3004.1038544144776
2233,3004.1038544144776
2234,3004.1038544144776
2235,3004.1038544144776
2236,3004.1038544144776
2237,3004.1038544144776
2238,3004.1038544144776
2239,3004.1038544144776
2240,3004.1038544144776
2241,3004.1038544144776
2242,3004.1038544144776
2243,3004.1038544144776
2244,3004.1038544144776
2245,3004.1038544144776
2246,3004.1038544144776
2247,3004.1038544144776
2248,3004.1038544144776
2249,3004.1038544144776
2250,3004.1038544144776
2251,3004.1038544144776
2252,3004.1038544144776
2253,3004.1038544144776
2254,3004.1038544144776
2255,3004.1038544144776
2256,3004.1038544144776
2257,3004.1038544144776
2258,3004.1038544144776
2259,3004.1038544144776
2260,3004.1038544144776
2261,3004.1038544144776
2262,3004.1038544144776
2263,3004.1038544144776
2264,3004.1038544144776
2265,3004.1038544144776
2266,3004.1038544144776
2267,3004.1038544144776
2268,3004.1038544144776
2269,3004.1038544144776
2270,3004.1038544144776
2271,3004.1038544144776
2272,3004.1038544144776
2273,3004.1038544144776
2274,3004.1038544144776
2275,3004.1038544144776
2276,3004.1038544144776
2277,3004.1038544144776
2278,3004.1038544144776
2279,3004.1038544144776
2280,3004.1038544144776
2281,3004.1038544144776
2282,3004.1038544144776
2283,3004.1038544144776
2284,3004.1038544144776
2285,3004.1038544144776
2286,3004.1038544144776
2287,3004.1038544144776
2288,3004.1038544144776
2289,3004.1038544144776
2290,3004.1038544144776
2291,3004.1038544144776
2292,3004.1038544144776
2293,3004.1038544144776
2294,3004.1038544144776
2295,3004.1038544144776
2296,3004.1038544144776
2297,3004.1038544144776
2298,3004.1038544144776
2299,3004.1038544144776
2300,3004.1038544144776
2301,3004.1038544144776
2302,3004.1038544144776
2303,3004.1038544144776
2304,3004.1038544144776
2305,3004.1038544144776
2306,3004.1038544144776
2307,3004.1038544144776
2308,3004.1038544144776
2309,3004.1038544144776
2310,3004.1038544144776
2311,3004.1038544144776
2312,3004.1038544144776
2313,3004.1038544144776
2314,3004.1038544144776
2315,3004.1038544144776
2316,3004.1038544144776
2317,3004.1038544144776
2318,3004.1038544144776
2319,3004.1038544144776
2320,3004.1038544144776
2321,3004.1038544144776
2322,3004.1038544144776
2323,3004.1038544144776
2324,3004.1038544144776
2325,3004.1038544144776
2326,3004.1038544144776
2327,3004.1038544144776
2328,3004.1038544144776
2329,3004.1038544144776
2330,3004.1038544144776
2331,3004.1038544144776
2332,3004.1038544144776
2333,3004.1038544144776
2334,3004.1038544144776
2335,3004.1038544144776
2336,3004.1038544144776
2337,3004.1038544144776
2338,3004.1038544144776
2339,3004.1038544144776
2340,3004.1038544144776
2341,3004.1038544144776
2342,3004.1038544144776
2343,3004.1038544144776
2344,3004.1038544144776
2345,3004.1038544144776
2346,3004.1038544144776
2347,3004.1038544144776
2348,3004.1038544144776
2349,3004.1038544144776
2350,3004.1038544144776
2351,3004.1038544144776
2352,3004.1038544144776
2353,3004.1038544144776
2354,3004.1038544144776
2355,3004.1038544144776
2356,3004.1038544144776
2357,3004.1038544144776
2358,3004.1038544144776
2359,3004.1038544144776
2360,3004.1038544144776
2361,3004.1038544144776
2362,3004.1038544144776
2363,3004.1038544144776
2364,3004.1038544144776
2365,3004.1038544144776
2366,3004.1038544144776
2367,3004.1038544144776
2368,3004.1038544144776
2369,3004.1038544144776
2370,3004.1038544144776
2371,3004.1038544144776
2372,3004.1038544144776
2373,3004.1038544144776
2374,3004.1038544144776
2375,3004.1038544144776
2376,3004.1038544144776
2377,3004.1038544144776
2378,3004.1038544144776
2379,3004.1038544144776
2380,3004.1038544144776
2381,3004.1038544144776
2382,3004.1038544144776
2383,3004.1038544144776
2384,3004.1038544144776
2385,3004.1038544144776
2386,3004.1038544144776
2387,3004.1038544144776
2388,3004.1038544144776
2389,3004.1038544144776
2390,3004.1038544144776
2391,3004.1038544144776
2392,3004.1038544144776
2393,3004.1038544144776
2394,3004.1038544144776
2395,3004.1038544144776
2396,3004.1038544144776
2397,3004.1038544144776
2398,3004.1038544144776
2399,3004.1038544144776
2400,3004.1038544144776
2401,3004.1038544144776
2402,3004.1038544144776
2403,3004.1038544144776
2404,3004.1038544144776
2405,3004.1038544144776
2406,3004.1038544144776
2407,3004.1038544144776
2408,3004.1038544144776
2409,3004.1038544144776
2410,3004.1038544144776
2411,3004.1038544144776
2412,3004.1038544144776
2413,3004.1038544144776
2414,3004.1038544144776
2415,3004.1038544144776
2416,3004.1038544144776
2417,3004.1038544144776
2418,3004.1038544144776
2419,3004.1038544144776
2420,3004.1038544144776
2421,3004.1038544144776
2422,3004.1038544144776
2423,3004.1038544144776
2424,3004.1038544144776
2425,3004.1038544144776
2426,3004.1038544144776
2427,3004.1038544144776
2428,3004.1038544144776
2429,3004.1038544144776
2430,3004.1038544144776
2431,3004.1038544144776
2432,3004.1038544144776
2433,3004.1038544144776
2434,3004.1038544144776
2435,3004.1038544144776
2436,3004.1038544144776
2437,3004.1038544144776
2438,3004.1038544144776
2439,3004.1038544144776
2440,3004.1038544144776
2441,3004.1038544144776
2442,3004.1038544144776
2443,3004.1038544144776
2444,3004.1038544144776
2445,3004.1038544144776
2446,3004.1038544144776
2447,3004.1038544144776
2448,3004.1038544144776
2449,3004.1038544144776
2450,3004.1038544144776
2451,3004.1038544144776
2452,3004.1038544144776
2453,3004.1038544144776
2454,3004.1038544144776
2455,3004.1038544144776
2456,3004.1038544144776
2457,3004.1038544144776
2458,3004.1038544144776
2459,3004.1038544144776
2460,3004.1038544144776
2461,3004.1038544144776
2462,3004.1038544144776
2463,3004.1038544144776
2464,3004.1038544144776
2465,3004.1038544144776
2466,3004.1038544144776
2467,3004.1038544144776
2468,3004.1038544144776
2469,3004.1038544144776
2470,3004.1038544144776
2471,3004.1038544144776
2472,3004.1038544144776
2473,3004.1038544144776
2474,3004.1038544144776
2475,3004.1038544144776
2476,3004.1038544144776
2477,3004.1038544144776
2478,3004.1038544144776
2479,3004.1038544144776
2480,3004.1038544144776
2481,3004.1038544144776
2482,3004.1038544144776
2483,3004.1038544144776
2484,3004.1038544144776
2485,3004.1038544144776
2486,3004.1038544144776
2487,3004.1038544144776
2488,3004.1038544144776
2489,3004.1038544144776
2490,3004.1038544144776
2491,3004.1038544144776
2492,3004.1038544144776
2493,3004.1038544144776
2494,3004.1038544144776
2495,3004.1038544144776
2496,3004.1038544144776
2497,3004.1038544144776
2498,3004.1038544144776
2499,3004.1038544144776
2500,3004.1038544144776
2501,3004.1038544144776
2502,3004.1038544144776
2503,3004.1038544144776
2504,3004.1038544144776
2505,3004.1038544144776
2506,3004.1038544144776
2507,3004.1038544144776
2508,3004.1038544144776
2509,3004.1038544144776
2510,3004.1038544144776
2511,3004.1038544144776
2512,3004.1038544144776
2513,3004.1038544144776
2514,3004.1038544144776
2515,3004.1038544144776
2516,3004.1038544144776
2517,3004.1038544144776
2518,3004.1038544144776
2519,3004.1038544144776
2520,3004.1038544144776
2521,3004.1038544144776
2522,3004.1038544144776
2523,3004.1038544144776
2524,3004.1038544144776
2525,3004.1038544144776
2526,3004.1038544144776
2527,3004.1038544144776
2528,3004.1038544144776
2529,3004.1038544144776
2530,3004.1038544144776
2531,3004.1038544144776
2532,3004.1038544144776
2533,3004.1038544144776
2534,3004.1038544144776
2535,3004.1038544144776
2536,3004.1038544144776
2537,3004.1038544144776
2538,3004.1038544144776
2539,3004.1038544144776
2540,3004.1038544144776
2541,3004.1038544144776
2542,3004.1038544144776
2543,3004.1038544144776
2544,3004.1038544144776
2545,3004.1038544144776
2546,3004.1038544144776
2547,3004.1038544144776
2548,3004.1038544144776
2549,3004.1038544144776
2550,3004.1038544144776
2551,3004.1038544144776
2552,3004.1038544144776
2553,3004.1038544144776
2554,3004.1038544144776
2555,3004.1038544144776
2556,3004.1038544144776
2557,3004.1038544144776
2558,3004.1038544144776
2559,3004.1038544144776
2560,3004.1038544144776
2561,3004.1038544144776
2562,3004.1038544144776
2563,3004.1038544144776
2564,3004.1038544144776
2565,3004.1038544144776
2566,3004.1038544144776
2567,3004.1038544144776
2568,3004.1038544144776
2569,3004.1038544144776
2570,3004.1038544144776
2571,3004.1038544144776
2572,3004.1038544144776
2573,3004.1038544144776
2574,3004.1038544144776
2575,3004.1038544144776
2576,3004.1038544144776
2577,3004.1038544144776
2578,3004.1038544144776
2579,3004.1038544144776
2580,3004.1038544144776
2581,3004.1038544144776
2582,3004.1038544144776
2583,3004.1038544144776
2584,3004.1038544144776
2585,3004.1038544144776
2586,3004.1038544144776
2587,3004.1038544144776
2588,3004.1038544144776
2589,3004.1038544144776
2590,3004.1038544144776
2591,3004.1038544144776
2592,3004.1038544144776
2593,3004.1038544144776
2594,3004.1038544144776
2595,3004.1038544144776
2596,3004.1038544144776
2597,3004.1038544144776
2598,3004.1038544144776
2599,3004.1038544144776
2600,3004.1038544144776
2601,3004.1038544144776
2602,3004.1038544144776
2603,3004.1038544144776
2604,3004.1038544144776
2605,3004.1038544144776
2606,3004.1038544144776
2607,3004.1038544144776
2608,3004.1038544144776
2609,3004.1038544144776
2610,3004.1038544144776
2611,3004.1038544144776
2612,3004.1038544144776
2613,3004.1038544144776
2614,3004.1038544144776
2615,3004.1038544144776
2616,3004.1038544144776
2617,3004.1038544144776
2618,3004.1038544144776
2619,3004.1038544144776
2620,3004.1038544144776
2621,3004.1038544144776
2622,3004.1038544144776
2623,3004.1038544144776
2624,3004.1038544144776
2625,3004.1038544144776
2626,3004.1038544144776
2627,3004.1038544144776
2628,3004.1038544144776
2629,3004.1038544144776
2630,3004.1038544144776
2631,3004.1038544144776
2632,3004.1038544144776
2633,3004.1038544144776
2634,3004.1038544144776
2635,3004.1038544144776
2636,3004.1038544144776
2637,3004.1038544144776
2638,3004.1038544144776
2639,3004.1038544144776
2640,3004.1038544144776
2641,3004.1038544144776
2642,3004.1038544144776
2643,3004.1038544144776
2644,3004.1038544144776
2645,3004.1038544144776
2646,3004.1038544144776
2647,3004.1038544144776
2648,3004.1038544144776
2649,3004.1038544144776
2650,3004.1038544144776
2651,3004.1038544144776
2652,3004.1038544144776
2653,3004.1038544144776
2654,3004.1038544144776
2655,3004.1038544144776
2656,3004.1038544144776
2657,3004.1038544144776
2658,3004.1038544144776
2659,3004.1038544144776
2660,3004.1038544144776
2661,3004.1038544144776
2662,3004.1038544144776
2663,3004.1038544144776
2664,3004.1038544144776
2665,3004.1038544144776
2666,3004.1038544144776
2667,3004.1038544144776
2668,3004.1038544144776
2669,3004.1038544144776
2670,3004.1038544144776
2671,3004.1038544144776
2672,3004.1038544144776
2673,3004.1038544144776
2674,3004.1038544144776
2675,3004.1038544144776
2676,3004.1038544144776
2677,3004.1038544144776
2678,3004.1038544144776
2679,3004.1038544144776
2680,3004.1038544144776
2681,3004.1038544144776
2682,3004.1038544144776
2683,3004.1038544144776
2684,3004.1038544144776
2685,3004.1038544144776
2686,3004.1038544144776
2687,3004.1038544144776
2688,3004.1038544144776
2689,3004.1038544144776
2690,3004.1038544144776
2691,3004.1038544144776
2692,3004.1038544144776
2693,3004.1038544144776
2694,3004.1038544144776
2695,3004.1038544144776
2696,3004.1038544144776
2697,3004.1038544144776
2698,3004.1038544144776
2699,3004.1038544144776
2700,3004.1038544144776
2701,3004.1038544144776
2702,3004.1038544144776
2703,3004.1038544144776
2704,3004.1038544144776
2705,3004.1038544144776
2706,3004.1038544144776
2707,3004.1038544144776
2708,3004.1038544144776
2709,3004.1038544144776
2710,3004.1038544144776
2711,3004.1038544144776
2712,3004.1038544144776
2713,3004.1038544144776
2714,3004.1038544144776
2715,3004.1038544144776
2716,3004.1038544144776
2717,3004.1038544144776
2718,3004.1038544144776
2719,3004.1038544144776
2720,3004.1038544144776
2721,3004.1038544144776
2722,3004.1038544144776
2723,3004.1038544144776
2724,3004.1038544144776
2725,3004.1038544144776
2726,3004.1038544144776
2727,3004.1038544144776
2728,3004.1038544144776
2729,3004.1038544144776
2730,3004.1038544144776
2731,3004.1038544144776
2732,3004.1038544144776
2733,3004.1038544144776
2734,3004.1038544144776
2735,3004.1038544144776
2736,3004.1038544144776
2737,3004.1038544144776
2738,3004.1038544144776
2739,3004.1038544144776
2740,3004.1038544144776
2741,3004.1038544144776
2742,3004.1038544144776
2743,3004.1038544144776
2744,3004.1038544144776
2745,3004.1038544144776
2746,3004.1038544144776
2747,3004.1038544144776
2748,3004.1038544144776
2749,3004.1038544144776
2750,3004.1038544144776
2751,3004.1038544144776
2752,3004.1038544144776
2753,3004.1038544144776
2754,3004.1038544144776
2755,3004.1038544144776
2756,3004.1038544144776
2757,3004.1038544144776
2758,3004.1038544144776
2759,3004.1038544144776
2760,3004.1038544144776
2761,3004.1038544144776
2762,3004.1038544144776
2763,3004.1038544144776
2764,3004.1038544144776
2765,3004.1038544144776
2766,3004.1038544144776
2767,3004.1038544144776
2768,3004.1038544144776
2769,3004.1038544144776
2770,3004.1038544144776
2771,3004.1038544144776
2772,3004.1038544144776
2773,3004.1038544144776
2774,3004.1038544144776
2775,3004.1038544144776
2776,3004.1038544144776
2777,3004.1038544144776
2778,3004.1038544144776
2779,3004.1038544144776
2780,3004.1038544144776
2781,3004.1038544144776
2782,3004.1038544144776
2783,3004.1038544144776
2784,3004.1038544144776
2785,3004.1038544144776
2786,3004.1038544144776
2787,3004.1038544144776
2788,3004.1038544144776
2789,3004.1038544144776
2790,3004.1038544144776
2791,3004.1038544144776
2792,3004.1038544144776
2793,3004.1038544144776
2794,3004.1038544144776
2795,3004.1038544144776
2796,3004.1038544144776
2797,3004.1038544144776
2798,3004.1038544144776
2799,3004.1038544144776
2800,3004.1038544144776
2801,3004.1038544144776
2802,3004.1038544144776
2803,3004.1038544144776
2804,3004.1038544144776
2805,3004.1038544144776
2806,3004.1038544144776
2807,3004.1038544144776
2808,3004.1038544144776
2809,3004.1038544144776
2810,3004.1038544144776
2811,3004.1038544144776
2812,3004.1038544144776
2813,3004.1038544144776
2814,3004.1038544144776
2815,3004.1038544144776
2816,3004.1038544144776
2817,3004.1038544144776
2818,3004.1038544144776
2819,3004.1038544144776
2820,3004.1038544144776
2821,3004.1038544144776
2822,3004.1038544144776
2823,3004.1038544144776
2824,3004.1038544144776
2825,3004.1038544144776
2826,3004.1038544144776
2827,3004.1038544144776
2828,3004.1038544144776
2829,3004.1038544144776
2830,3004.1038544144776
2831,3004.1038544144776
2832,3004.1038544144776
2833,3004.1038544144776
2834,3004.1038544144776
2835,3004.1038544144776
2836,3004.1038544144776
2837,3004.1038544144776
2838,3004.1038544144776
2839,3004.1038544144776
2840,3004.1038544144776
2841,3004.1038544144776
2842,3004.1038544144776
2843,3004.1038544144776
2844,3004.1038544144776
2845,3004.1038544144776
2846,3004.1038544144776
2847,3004.1038544144776
2848,3004.1038544144776
2849,3004.1038544144776
2850,3004.1038544144776
2851,3004.1038544144776
2852,3004.1038544144776
2853,3004.1038544144776
2854,3004.1038544144776
2855,3004.1038544144776
2856,3004.1038544144776
2857,3004.1038544144776
2858,3004.1038544144776
2859,3004.1038544144776
2860,3004.1038544144776
2861,3004.1038544144776
2862,3004.1038544144776
2863,3004.1038544144776
2864,3004.1038544144776
2865,3004.1038544144776
2866,3004.1038544144776
2867,3004.1038544144776
2868,3004.1038544144776
2869,3004.1038544144776
2870,3004.1038544144776
2871,3004.1038544144776
2872,3004.1038544144776
2873,3004.1038544144776
2874,3004.1038544144776
2875,3004.1038544144776
2876,3004.1038544144776
2877,3004.1038544144776
2878,3004.1038544144776
2879,3004.1038544144776
2880,3004.1038544144776
2881,3004.1038544144776
2882,3004.1038544144776
2883,3004.1038544144776
2884,3004.1038544144776
2885,3004.1038544144776
2886,3004.1038544144776
2887,3004.1038544144776
2888,3004.1038544144776
2889,3004.1038544144776
2890,3004.1038544144776
2891,3004.1038544144776
2892,3004.1038544144776
2893,3004.1038544144776
2894,3004.1038544144776
2895,3004.1038544144776
2896,3004.1038544144776
2897,3004.1038544144776
2898,3004.1038544144776
2899,3004.1038544144776
2900,3004.1038544144776
2901,3004.1038544144776
2902,3004.1038544144776
2903,3004.1038544144776
2904,3004.1038544144776
2905,3004.1038544144776
2906,3004.1038544144776
2907,3004.1038544144776
2908,3004.1038544144776
2909,3004.1038544144776
2910,3004.1038544144776
2911,3004.1038544144776
2912,3004.1038544144776
2913,3004.1038544144776
2914,3004.1038544144776
2915,3004.1038544144776
2916,3004.1038544144776
2917,3004.1038544144776
2918,3004.1038544144776
2919,3004.1038544144776
2920,3004.1038544144776
2921,3004.1038544144776
2922,3004.1038544144776
2923,3004.1038544144776
2924,3004.1038544144776
2925,3004.1038544144776
2926,3004.1038544144776
2927,3004.1038544144776
2928,3004.1038544144776
2929,3004.1038544144776
2930,3004.1038544144776
2931,3004.1038544144776
2932,3004.1038544144776
2933,3004.1038544144776
2934,3004.1038544144776
2935,3004.1038544144776
2936,3004.1038544144776
2937,3004.1038544144776
2938,3004.1038544144776
2939,3004.1038544144776
2940,3004.1038544144776
2941,3004.1038544144776
2942,3004.1038544144776
2943,3004.1038544144776
2944,3004.1038544144776
2945,3004.1038544144776
2946,3004.1038544144776
2947,3004.1038544144776
2948,3004.1038544144776
2949,3004.1038544144776
2950,3004.1038544144776
2951,3004.1038544144776
2952,3004.1038544144776
2953,3004.1038544144776
2954,3004.1038544144776
2955,3004.1038544144776
2956,3004.1038544144776
2957,3004.1038544144776
2958,3004.1038544144776
2959,3004.1038544144776
2960,3004.1038544144776
2961,3004.1038544144776
2962,3004.1038544144776
2963,3004.1038544144776
2964,3004.1038544144776
2965,3004.1038544144776
2966,3004.1038544144776
2967,3004.1038544144776
2968,3004.1038544144776
2969,3004.1038544144776
2970,3004.1038544144776
2971,3004.1038544144776
2972,3004.1038544144776
2973,3004.1038544144776
2974,3004.1038544144776
2975,3004.1038544144776
2976,3004.1038544144776
2977,3004.1038544144776
2978,3004.1038544144776
2979,3004.1038544144776
2980,3004.1038544144776
2981,3004.1038544144776
2982,3004.1038544144776
2983,3004.1038544144776
2984,3004.1038544144776
2985,3004.1038544144776
2986,3004.1038544144776
2987,3004.1038544144776
2988,3004.1038544144776
2989,3004.1038544144776
2990,3004.1038544144776
2991,3004.1038544144776
2992,3004.1038544144776
2993,3004.1038544144776
2994,3004.1038544144776
2995,3004.1038544144776
2996,3004.1038544144776
2997,3004.1038544144776
2998,3004.1038544144776
2999,3004.1038544144776
3000,3004.1038544144776
3001,3004.1038544144776
3002,3004.1038544144776
3003,3004.1038544144776
3004,3004.1038544144776
3005,3004.1038544144776
3006,3004.1038544144776
3007,3004.1038544144776
3008,3004.1038544144776
3009,3004.1038544144776
3010,3004.1038544144776
3011,3004.1038544144776
3012,3004.1038544144776
3013,3004.1038544144776
3014,3004.1038544144776
3015,3004.1038544144776
3016,3004.1038544144776
3017,3004.1038544144776
3018,3004.1038544144776
3019,3004.1038544144776
3020,3004.1038544144776
3021,3004.1038544144776
3022,3004.1038544144776
3023,3004.1038544144776
3024,3004.1038544144776
3025,3004.1038544144776
3026,3004.1038544144776
3027,3004.1038544144776
3028,3004.1038544144776
3029,3004.1038544144776
3030,3004.1038544144776
3031,3004.1038544144776
3032,3004.1038544144776
3033,3004.1038544144776
3034,3004.1038544144776
3035,3004.1038544144776
3036,3004.1038544144776
3037,3004.1038544144776
3038,3004.1038544144776
3039,3004.1038544144776
3040,3004.1038544144776
3041,3004.1038544144776
3042,3004.1038544144776
3043,3004.1038544144776
3044,3004.1038544144776
3045,3004.1038544144776
3046,3004.1038544144776
3047,3004.1038544144776
3048,3004.1038544144776
3049,3004.1038544144776
3050,3004.1038544144776
3051,3004.1038544144776
3052,3004.1038544144776
3053,3004.1038544144776
3054,3004.1038544144776
3055,3004.1038544144776
3056,3004.1038544144776
3057,3004.1038544144776
3058,3004.1038544144776
3059,3004.1038544144776
3060,3004.1038544144776
3061,3004.1038544144776
3062,3004.1038544144776
3063,3004.1038544144776
3064,3004.1038544144776
3065,3004.1038544144776
3066,3004.1038544144776
3067,3004.1038544144776
3068,3004.1038544144776
3069,3004.1038544144776
3070,3004.1038544144776
3071,3004.1038544144776
3072,3004.1038544144776
3073,3004.1038544144776
3074,3004.1038544144776
3075,3004.1038544144776
3076,3004.1038544144776
3077,3004.1038544144776
3078,3004.1038544144776
3079,3004.1038544144776
3080,3004.1038544144776
3081,3004.1038544144776
3082,3004.1038544144776
3083,3004.1038544144776
3084,3004.1038544144776
3085,3004.1038544144776
3086,3004.1038544144776
3087,3004.1038544144776
3088,3004.1038544144776
3089,3004.1038544144776
3090,3004.1038544144776
3091,3004.1038544144776
3092,3004.1038544144776
3093,3004.1038544144776
3094,3004.1038544144776
3095,3004.1038544144776
3096,3004.1038544144776
3097,3004.1038544144776
3098,3004.1038544144776
3099,3004.1038544144776
3100,3004.1038544144776
3101,3004.1038544144776
3102,3004.1038544144776
3103,3004.1038544144776
3104,3004.1038544144776
3105,3004.1038544144776
3106,3004.1038544144776
3107,3004.1038544144776
3108,3004.1038544144776
3109,3004.1038544144776
3110,3004.1038544144776
3111,3004.1038544144776
3112,3004.1038544144776
3113,3004.1038544144776
3114,3004.1038544144776
3115,3004.1038544144776
3116,3004.1038544144776
3117,3004.1038544144776
3118,3004.1038544144776
3119,3004.1038544144776
3120,3004.1038544144776
3121,3004.1038544144776
3122,3004.1038544144776
3123,3004.1038544144776
3124,3004.1038544144776
3125,3004.1038544144776
3126,3004.1038544144776
3127,3004.1038544144776
3128,3004.1038544144776
3129,3004.1038544144776
3130,3004.1038544144776
3131,3004.1038544144776
3132,3004.1038544144776
3133,3004.1038544144776
3134,3004.1038544144776
3135,3004.1038544144776
3136,3004.1038544144776
3137,3004.1038544144776
3138,3004.1038544144776
3139,3004.1038544144776
3140,3004.1038544144776
3141,3004.1038544144776
3142,3004.1038544144776
3143,3004.1038544144776
3144,3004.1038544144776
3145,3004.1038544144776
3146,3004.1038544144776
3147,3004.1038544144776
3148,3004.1038544144776
3149,3004.1038544144776
3150,3004.1038544144776
3151,3004.1038544144776
3152,3004.1038544144776
3153,3004.1038544144776
3154,3004.1038544144776
3155,3004.1038544144776
3156,3004.1038544144776
3157,3004.1038544144776
3158,3004.1038544144776
3159,3004.1038544144776
3160,3004.1038544144776
3161,3004.1038544144776
3162,3004.1038544144776
3163,3004.1038544144776
3164,3004.1038544144776
3165,3004.1038544144776
3166,3004.1038544144776
3167,3004.1038544144776
3168,3004.1038544144776
3169,3004.1038544144776
3170,3004.1038544144776
3171,3004.1038544144776
3172,3004.1038544144776
3173,3004.1038544144776
3174,3004.1038544144776
3175,3004.1038544144776
3176,3004.1038544144776
3177,3004.1038544144776
3178,3004.1038544144776
3179,3004.1038544144776
3180,3004.1038544144776
3181,3004.1038544144776
3182,3004.1038544144776
3183,3004.1038544144776
3184,3004.1038544144776
3185,3004.1038544144776
3186,3004.1038544144776
3187,3004.1038544144776
3188,3004.1038544144776
3189,3004.1038544144776
3190,3004.1038544144776
3191,3004.1038544144776
3192,3004.1038544144776
3193,3004.1038544144776
3194,3004.1038544144776
3195,3004.1038544144776
3196,3004.1038544144776
3197,3004.1038544144776
3198,3004.1038544144776
3199,3004.1038544144776
3200,3004.1038544144776
3201,3004.1038544144776
3202,3004.1038544144776
3203,3004.1038544144776
3204,3004.1038544144776
3205,3004.1038544144776
3206,3004.1038544144776
3207,3004.1038544144776
3208,3004.1038544144776
3209,3004.1038544144776
3210,3004.1038544144776
3211,3004.1038544144776
3212,3004.1038544144776
3213,3004.1038544144776
3214,3004.1038544144776
3215,3004.1038544144776
3216,3004.1038544144776
3217,3004.1038544144776
3218,3004.1038544144776
3219,3004.1038544144776
3220,3004.1038544144776
3221,3004.1038544144776
3222,3004.1038544144776
3223,3004.1038544144776
3224,3004.1038544144776
3225,3004.1038544144776
3226,3004.1038544144776
3227,3004.1038544144776
3228,3004.1038544144776
3229,3004.1038544144776
3230,3004.1038544144776
3231,3004.1038544144776
3232,3004.1038544144776
3233,3004.1038544144776
3234,3004.1038544144776
3235,3004.1038544144776
3236,3004.1038544144776
3237,3004.1038544144776
3238,3004.1038544144776
3239,3004.1038544144776
3240,3004.1038544144776
3241,3004.1038544144776
3242,3004.1038544144776
3243,3004.1038544144776
3244,3004.1038544144776
3245,3004.1038544144776
3246,3004.1038544144776
3247,3004.1038544144776
3248,3004.1038544144776
3249,3004.1038544144776
3250,3004.1038544144776
3251,3004.1038544144776
3252,3004.1038544144776
3253,3004.1038544144776
3254,3004.1038544144776
3255,3004.1038544144776
3256,3004.1038544144776
3257,3004.1038544144776
3258,3004.1038544144776
3259,3004.1038544144776
3260,3004.1038544144776
3261,3004.1038544144776
3262,3004.1038544144776
3263,3004.1038544144776
3264,3004.1038544144776
3265,3004.1038544144776
3266,3004.1038544144776
3267,3004.1038544144776
3268,3004.1038544144776
3269,3004.1038544144776
3270,3004.1038544144776
3271,3004.1038544144776
3272,3004.1038544144776
3273,3004.1038544144776
3274,3004.1038544144776
3275,3004.1038544144776
3276,3004.1038544144776
3277,3004.1038544144776
3278,3004.1038544144776
3279,3004.1038544144776
3280,3004.1038544144776
3281,3004.1038544144776
3282,3004.1038544144776
3283,3004.1038544144776
3284,3004.1038544144776
3285,3004.1038544144776
3286,3004.1038544144776
3287,3004.1038544144776
3288,3004.1038544144776
3289,3004.1038544144776
3290,3004.1038544144776
3291,3004.1038544144776
3292,3004.1038544144776
3293,3004.1038544144776
3294,3004.1038544144776
3295,3004.1038544144776
3296,3004.1038544144776
3297,3004.1038544144776
3298,3004.1038544144776
3299,3004.1038544144776
3300,3004.1038544144776
3301,3004.1038544144776
3302,3004.1038544144776
3303,3004.1038544144776
3304,3004.1038544144776
3305,3004.1038544144776
3306,3004.1038544144776
3307,3004.1038544144776
3308,3004.1038544144776
3309,3004.1038544144776
3310,3004.1038544144776
3311,3004.1038544144776
3312,3004.1038544144776
3313,3004.1038544144776
3314,3004.1038544144776
3315,3004.1038544144776
3316,3004.1038544144776
3317,3004.1038544144776
3318,3004.1038544144776
3319,3004.1038544144776
3320,3004.1038544144776
3321,3004.1038544144776
3322,3004.1038544144776
3323,3004.1038544144776
3324,3004.1038544144776
3325,3004.1038544144776
3326,3004.1038544144776
3327,3004.1038544144776
3328,3004.1038544144776
3329,3004.1038544144776
3330,3004.1038544144776
3331,3004.1038544144776
3332,3004.1038544144776
3333,3004.1038544144776
3334,3004.1038544144776
3335,3004.1038544144776
3336,3004.1038544144776
3337,3004.1038544144776
3338,3004.1038544144776
3339,3004.1038544144776
3340,3004.1038544144776
3341,3004.1038544144776
3342,3004.1038544144776
3343,3004.1038544144776
3344,3004.1038544144776
3345,3004.1038544144776
3346,3004.1038544144776
3347,3004.1038544144776
3348,3004.1038544144776
3349,3004.1038544144776
3350,3004.1038544144776
3351,3004.1038544144776
3352,3004.1038544144776
3353,3004.1038544144776
3354,3004.1038544144776
3355,3004.1038544144776
3356,3004.1038544144776
3357,3004.1038544144776
3358,3004.1038544144776
3359,3004.1038544144776
3360,3004.1038544144776
3361,3004.1038544144776
3362,3004.1038544144776
3363,3004.1038544144776
3364,3004.1038544144776
3365,3004.1038544144776
3366,3004.1038544144776
3367,3004.1038544144776
3368,3004.1038544144776
3369,3004.1038544144776
3370,3004.1038544144776
3371,3004.1038544144776
3372,3004.1038544144776
3373,3004.1038544144776
3374,3004.1038544144776
3375,3004.1038544144776
3376,3004.1038544144776
3377,3004.1038544144776
3378,3004.1038544144776
3379,3004.1038544144776
3380,3004.1038544144776
3381,3004.1038544144776
3382,3004.1038544144776
3383,3004.1038544144776
3384,3004.1038544144776
3385,3004.1038544144776
3386,3004.1038544144776
3387,3004.1038544144776
3388,3004.1038544144776
3389,3004.1038544144776
3390,3004.1038544144776
3391,3004.1038544144776
3392,3004.1038544144776
3393,3004.1038544144776
3394,3004.1038544144776
3395,3004.1038544144776
3396,3004.1038544144776
3397,3004.1038544144776
3398,3004.1038544144776
3399,3004.1038544144776
3400,3004.1038544144776
3401,3004.1038544144776
3402,3004.1038544144776
3403,3004.1038544144776
3404,3004.1038544144776
3405,3004.1038544144776
3406,3004.1038544144776
3407,3004.1038544144776
3408,3004.1038544144776
3409,3004.1038544144776
3410,3004.1038544144776
3411,3004.1038544144776
3412,3004.1038544144776
3413,3004.1038544144776
3414,3004.1038544144776
3415,3004.1038544144776
3416,3004.1038544144776
3417,3004.1038544144776
3418,3004.1038544144776
3419,3004.1038544144776
3420,3004.1038544144776
3421,3004.1038544144776
3422,3004.1038544144776
3423,3004.1038544144776
3424,3004.1038544144776
3425,3004.1038544144776
3426,3004.1038544144776
3427,3004.1038544144776
3428,3004.1038544144776
3429,3004.1038544144776
3430,3004.1038544144776
3431,3004.1038544144776
3432,3004.1038544144776
3433,3004.1038544144776
3434,3004.1038544144776
3435,3004.1038544144776
3436,3004.1038544144776
3437,3004.1038544144776
3438,3004.1038544144776
3439,3004.1038544144776
3440,3004.1038544144776
3441,3004.1038544144776
3442,3004.1038544144776
3443,3004.1038544144776
3444,3004.1038544144776
3445,3004.1038544144776
3446,3004.1038544144776
3447,3004.1038544144776
3448,3004.1038544144776
3449,3004.1038544144776
3450,3004.1038544144776
3451,3004.1038544144776
3452,3004.1038544144776
3453,3004.1038544144776
3454,3004.1038544144776
3455,3004.1038544144776
3456,3004.1038544144776
3457,3004.1038544144776
3458,3004.1038544144776
3459,3004.1038544144776
3460,3004.1038544144776
3461,3004.1038544144776
3462,3004.1038544144776
3463,3004.1038544144776
3464,3004.1038544144776
3465,3004.1038544144776
3466,3004.1038544144776
3467,3004.1038544144776
3468,3004.1038544144776
3469,3004.1038544144776
3470,3004.1038544144776
3471,3004.1038544144776
3472,3004.1038544144776
3473,3004.1038544144776
3474,3004.1038544144776
3475,3004.1038544144776
3476,3004.1038544144776
3477,3004.1038544144776
3478,3004.1038544144776
3479,3004.1038544144776
3480,3004.1038544144776
3481,3004.1038544144776
3482,3004.1038544144776
3483,3004.1038544144776
3484,3004.1038544144776
3485,3004.1038544144776
3486,3004.1038544144776
3487,3004.1038544144776
3488,3004.1038544144776
3489,3004.1038544144776
3490,3004.1038544144776
3491,3004.1038544144776
3492,3004.1038544144776
3493,3004.1038544144776
3494,3004.1038544144776
3495,3004.1038544144776
3496,3004.1038544144776
3497,3004.1038544144776
3498,3004.1038544144776
3499,3004.1038544144776
3500,3004.1038544144776
3501,3004.1038544144776
3502,3004.1038544144776
3503,3004.1038544144776
3504,3004.1038544144776
3505,3004.1038544144776
3506,3004.1038544144776
3507,3004.1038544144776
3508,3004.1038544144776
3509,3004.1038544144776
3510,3004.1038544144776
3511,3004.1038544144776
3512,3004.1038544144776
3513,3004.1038544144776
3514,3004.1038544144776
3515,3004.1038544144776
3516,3004.1038544144776
3517,3004.1038544144776
3518,3004.1038544144776
3519,3004.1038544144776
3520,3004.1038544144776
3521,3004.1038544144776
3522,3004.1038544144776
3523,3004.1038544144776
3524,3004.1038544144776
3525,3004.1038544144776
3526,3004.1038544144776
3527,3004.1038544144776
3528,3004.1038544144776
3529,3004.1038544144776
3530,3004.1038544144776
3531,3004.1038544144776
3532,3004.1038544144776
3533,3004.1038544144776
3534,3004.1038544144776
3535,3004.1038544144776
3536,3004.1038544144776
3537,3004.1038544144776
3538,3004.1038544144776
3539,3004.1038544144776
3540,3004.1038544144776
3541,3004.1038544144776
3542,3004.1038544144776
3543,3004.1038544144776
3544,3004.1038544144776
3545,3004.1038544144776
3546,3004.1038544144776
3547,3004.1038544144776
3548,3004.1038544144776
3549,3004.1038544144776
3550,3004.1038544144776
3551,3004.1038544144776
3552,3004.1038544144776
3553,3004.1038544144776
3554,3004.1038544144776
3555,3004.1038544144776
3556,3004.1038544144776
3557,3004.1038544144776
3558,3004.1038544144776
3559,3004.1038544144776
3560,3004.1038544144776
3561,3004.1038544144776
3562,3004.1038544144776
3563,3004.1038544144776
3564,3004.1038544144776
3565,3004.1038544144776
3566,3004.1038544144776
3567,3004.1038544144776
3568,3004.1038544144776
3569,3004.1038544144776
3570,3004.1038544144776
3571,3004.1038544144776
3572,3004.1038544144776
3573,3004.1038544144776
3574,3004.1038544144776
3575,3004.1038544144776
3576,3004.1038544144776
3577,3004.1038544144776
3578,3004.1038544144776
3579,3004.1038544144776
3580,3004.1038544144776
3581,3004.1038544144776
3582,3004.1038544144776
3583,3004.1038544144776
3584,3004.1038544144776
3585,3004.1038544144776
3586,3004.1038544144776
3587,3004.1038544144776
3588,3004.1038544144776
3589,3004.1038544144776
3590,3004.1038544144776
3591,3004.1038544144776
3592,3004.1038544144776
3593,3004.1038544144776
3594,3004.1038544144776
3595,3004.1038544144776
3596,3004.1038544144776
3597,3004.1038544144776
3598,3004.1038544144776
3599,3004.1038544144776
3600,3004.1038544144776
3601,3004.1038544144776
3602,3004.1038544144776
3603,3004.1038544144776
3604,3004.1038544144776
3605,3004.1038544144776
3606,3004.1038544144776
3607,3004.1038544144776
3608,3004.1038544144776
3609,3004.1038544144776
3610,3004.1038544144776
3611,3004.1038544144776
3612,3004.1038544144776
3613,3004.1038544144776
3614,3004.1038544144776
3615,3004.1038544144776
3616,3004.1038544144776
3617,3004.1038544144776
3618,3004.1038544144776
3619,3004.1038544144776
3620,3004.1038544144776
3621,3004.1038544144776
3622,3004.1038544144776
3623,3004.1038544144776
3624,3004.1038544144776
3625,3004.1038544144776
3626,3004.1038544144776
3627,3004.1038544144776
3628,3004.1038544144776
3629,3004.1038544144776
3630,3004.1038544144776
3631,3004.1038544144776
3632,3004.1038544144776
3633,3004.1038544144776
3634,3004.1038544144776
3635,3004.1038544144776
3636,3004.1038544144776
3637,3004.1038544144776
3638,3004.1038544144776
3639,3004.1038544144776
3640,3004.1038544144776
3641,3004.1038544144776
3642,3004.1038544144776
3643,3004.1038544144776
3644,3004.1038544144776
3645,3004.1038544144776
3646,3004.1038544144776
3647,3004.1038544144776
3648,3004.1038544144776
3649,3004.1038544144776
3650,3004.1038544144776
3651,3004.1038544144776
3652,3004.1038544144776
3653,3004.1038544144776
3654,3004.1038544144776
3655,3004.1038544144776
3656,3004.1038544144776
3657,3004.1038544144776
3658,3004.1038544144776
3659,3004.1038544144776
3660,3004.1038544144776
3661,3004.1038544144776
3662,3004.1038544144776
3663,3004.1038544144776
3664,3004.1038544144776
3665,3004.1038544144776
3666,3004.1038544144776
3667,3004.1038544144776
3668,3004.1038544144776
3669,3004.1038544144776
3670,3004.1038544144776
3671,3004.1038544144776
3672,3004.1038544144776
3673,3004.1038544144776
3674,3004.1038544144776
3675,3004.1038544144776
3676,3004.1038544144776
3677,3004.1038544144776
3678,3004.1038544144776
3679,3004.1038544144776
3680,3004.1038544144776
3681,3004.1038544144776
3682,3004.1038544144776
3683,3004.1038544144776
3684,3004.1038544144776
3685,3004.1038544144776
3686,3004.1038544144776
3687,3004.1038544144776
3688,3004.1038544144776
3689,3004.1038544144776
3690,3004.1038544144776
3691,3004.1038544144776
3692,3004.1038544144776
3693,3004.1038544144776
3694,3004.1038544144776
3695,3004.1038544144776
3696,3004.1038544144776
3697,3004.1038544144776
3698,3004.1038544144776
3699,3004.1038544144776
3700,3004.1038544144776
3701,3004.1038544144776
3702,3004.1038544144776
3703,3004.1038544144776
3704,3004.1038544144776
3705,3004.1038544144776
3706,3004.1038544144776
3707,3004.1038544144776
3708,3004.1038544144776
3709,3004.1038544144776
3710,3004.1038544144776
3711,3004.1038544144776
3712,3004.1038544144776
3713,3004.1038544144776
3714,3004.1038544144776
3715,3004.1038544144776
3716,3004.1038544144776
3717,3004.1038544144776
3718,3004.1038544144776
3719,3004.1038544144776
3720,3004.1038544144776
3721,3004.1038544144776
3722,3004.1038544144776
3723,3004.1038544144776
3724,3004.1038544144776
3725,3004.1038544144776
3726,3004.1038544144776
3727,3004.1038544144776
3728,3004.1038544144776
3729,3004.1038544144776
3730,3004.1038544144776
3731,3004.1038544144776
3732,3004.1038544144776
3733,3004.1038544144776
3734,3004.1038544144776
3735,3004.1038544144776
3736,3004.1038544144776
3737,3004.1038544144776
3738,3004.1038544144776
3739,3004.1038544144776
3740,3004.1038544144776
3741,3004.1038544144776
3742,3004.1038544144776
3743,3004.1038544144776
3744,3004.1038544144776
3745,3004.1038544144776
3746,3004.1038544144776
3747,3004.1038544144776
3748,3004.1038544144776
3749,3004.1038544144776
3750,3004.1038544144776
3751,3004.1038544144776
3752,3004.1038544144776
3753,3004.1038544144776
3754,3004.1038544144776
3755,3004.1038544144776
3756,3004.1038544144776
3757,3004.1038544144776
3758,3004.1038544144776
3759,3004.1038544144776
3760,3004.1038544144776
3761,3004.1038544144776
3762,3004.1038544144776
3763,3004.1038544144776
3764,3004.1038544144776
3765,3004.1038544144776
3766,3004.1038544144776
3767,3004.1038544144776
3768,3004.1038544144776
3769,3004.1038544144776
3770,3004.1038544144776
3771,3004.1038544144776
3772,3004.1038544144776
3773,3004.1038544144776
3774,3004.1038544144776
3775,3004.1038544144776
3776,3004.1038544144776
3777,3004.1038544144776
3778,3004.1038544144776
3779,3004.1038544144776
3780,3004.1038544144776
3781,3004.1038544144776
3782,3004.1038544144776
3783,3004.1038544144776
3784,3004.1038544144776
3785,3004.1038544144776
3786,3004.1038544144776
3787,3004.1038544144776
3788,3004.1038544144776
3789,3004.1038544144776
3790,3004.1038544144776
3791,3004.1038544144776
3792,3004.1038544144776
3793,3004.1038544144776
3794,3004.1038544144776
3795,3004.1038544144776
3796,3004.1038544144776
3797,3004.1038544144776
3798,3004.1038544144776
3799,3004.1038544144776
3800,3004.1038544144776
3801,3004.1038544144776
3802,3004.1038544144776
3803,3004.1038544144776
3804,3004.1038544144776
3805,3004.1038544144776
3806,3004.1038544144776
3807,3004.1038544144776
3808,3004.1038544144776
3809,3004.1038544144776
3810,3004.1038544144776
3811,3004.1038544144776
3812,3004.1038544144776
3813,3004.1038544144776
3814,3004.1038544144776
3815,3004.1038544144776
3816,3004.1038544144776
3817,3004.1038544144776
3818,3004.1038544144776
3819,3004.1038544144776
3820,3004.1038544144776
3821,3004.1038544144776
3822,3004.1038544144776
3823,3004.1038544144776
3824,3004.1038544144776
3825,3004.1038544144776
3826,3004.1038544144776
3827,3004.1038544144776
3828,3004.1038544144776
3829,3004.1038544144776
3830,3004.1038544144776
3831,3004.1038544144776
3832,3004.1038544144776
3833,3004.1038544144776
3834,3004.1038544144776
3835,3004.1038544144776
3836,3004.1038544144776
3837,3004.1038544144776
3838,3004.1038544144776
3839,3004.1038544144776
3840,3004.1038544144776
3841,3004.1038544144776
3842,3004.1038544144776
3843,3004.1038544144776
3844,3004.1038544144776
3845,3004.1038544144776
3846,3004.1038544144776
3847,3004.1038544144776
3848,3004.1038544144776
3849,3004.1038544144776
3850,3004.1038544144776
3851,3004.1038544144776
3852,3004.1038544144776
3853,3004.1038544144776
3854,3004.1038544144776
3855,3004.1038544144776
3856,3004.1038544144776
3857,3004.1038544144776
3858,3004.1038544144776
3859,3004.1038544144776
3860,3004.1038544144776
3861,3004.1038544144776
3862,3004.1038544144776
3863,3004.1038544144776
3864,3004.1038544144776
3865,3004.1038544144776
3866,3004.1038544144776
3867,3004.1038544144776
3868,3004.1038544144776
3869,3004.1038544144776
3870,3004.1038544144776
3871,3004.1038544144776
3872,3004.1038544144776
3873,3004.1038544144776
3874,3004.1038544144776
3875,3004.1038544144776
3876,3004.1038544144776
3877,3004.1038544144776
3878,3004.1038544144776
3879,3004.1038544144776
3880,3004.1038544144776
3881,3004.1038544144776
3882,3004.1038544144776
3883,3004.1038544144776
3884,3004.1038544144776
3885,3004.1038544144776
3886,3004.1038544144776
3887,3004.1038544144776
3888,3004.1038544144776
3889,3004.1038544144776
3890,3004.1038544144776
3891,3004.1038544144776
3892,3004.1038544144776
3893,3004.1038544144776
3894,3004.1038544144776
3895,3004.1038544144776
3896,3004.1038544144776
3897,3004.1038544144776
3898,3004.1038544144776
3899,3004.1038544144776
3900,3004.1038544144776
3901,3004.1038544144776
3902,3004.1038544144776
3903,3004.1038544144776
3904,3004.1038544144776
3905,3004.1038544144776
3906,3004.1038544144776
3907,3004.1038544144776
3908,3004.1038544144776
3909,3004.1038544144776
3910,3004.1038544144776
3911,3004.1038544144776
3912,3004.1038544144776
3913,3004.1038544144776
3914,3004.1038544144776
3915,3004.1038544144776
3916,3004.1038544144776
3917,3004.1038544144776
3918,3004.1038544144776
3919,3004.1038544144776
3920,3004.1038544144776
3921,3004.1038544144776
3922,3004.1038544144776
3923,3004.1038544144776
3924,3004.1038544144776
3925,3004.1038544144776
3926,3004.1038544144776
3927,3004.1038544144776
3928,3004.1038544144776
3929,3004.1038544144776
3930,3004.1038544144776
3931,3004.1038544144776
3932,3004.1038544144776
3933,3004.1038544144776
3934,3004.1038544144776
3935,3004.1038544144776
3936,3004.1038544144776
3937,3004.1038544144776
3938,3004.1038544144776
3939,3004.1038544144776
3940,3004.1038544144776
3941,3004.1038544144776
3942,3004.1038544144776
3943,3004.1038544144776
3944,3004.1038544144776
3945,3004.1038544144776
3946,3004.1038544144776
3947,3004.1038544144776
3948,3004.1038544144776
3949,3004.1038544144776
3950,3004.1038544144776
3951,3004.1038544144776
3952,3004.1038544144776
3953,3004.1038544144776
3954,3004.1038544144776
3955,3004.1038544144776
3956,3004.1038544144776
3957,3004.1038544144776
3958,3004.1038544144776
3959,3004.1038544144776
3960,3004.1038544144776
3961,3004.1038544144776
3962,3004.1038544144776
3963,3004.1038544144776
3964,3004.1038544144776
3965,3004.1038544144776
3966,3004.1038544144776
3967,3004.1038544144776
3968,3004.1038544144776
3969,3004.1038544144776
3970,3004.1038544144776
3971,3004.1038544144776
3972,3004.1038544144776
3973,3004.1038544144776
3974,3004.1038544144776
3975,3004.1038544144776
3976,3004.1038544144776
3977,3004.1038544144776
3978,3004.1038544144776
3979,3004.1038544144776
3980,3004.1038544144776
3981,3004.1038544144776
3982,3004.1038544144776
3983,3004.1038544144776
3984,3004.1038544144776
3985,3004.1038544144776
3986,3004.1038544144776
3987,3004.1038544144776
3988,3004.1038544144776
3989,3004.1038544144776
3990,3004.1038544144776
3991,3004.1038544144776
3992,3004.1038544144776
3993,3004.1038544144776
3994,3004.1038544144776
3995,3004.1038544144776
3996,3004.1038544144776
3997,3004.1038544144776
3998,3004.1038544144776
3999,3004.1038544144776
4000,3004.1038544144776
4001,3004.1038544144776
4002,3004.1038544144776
4003,3004.1038544144776
4004,3004.1038544144776
4005,3004.1038544144776
4006,3004.1038544144776
4007,3004.1038544144776
4008,3004.1038544144776
4009,3004.1038544144776
4010,3004.1038544144776
4011,3004.1038544144776
4012,3004.1038544144776
4013,3004.1038544144776
4014,3004.1038544144776
4015,3004.1038544144776
4016,3004.1038544144776
4017,3004.1038544144776
4018,3004.1038544144776
4019,3004.1038544144776
4020,3004.1038544144776
4021,3004.1038544144776
4022,3004.1038544144776
4023,3004.1038544144776
4024,3004.1038544144776
4025,3004.1038544144776
4026,3004.1038544144776
4027,3004.1038544144776
4028,3004.1038544144776
4029,3004.1038544144776
4030,3004.1038544144776
4031,3004.1038544144776
4032,3004.1038544144776
4033,3004.1038544144776
4034,3004.1038544144776
4035,3004.1038544144776
4036,3004.1038544144776
4037,3004.1038544144776
4038,3004.1038544144776
4039,3004.1038544144776
4040,3004.1038544144776
4041,3004.1038544144776
4042,3004.1038544144776
4043,3004.1038544144776
4044,3004.1038544144776
4045,3004.1038544144776
4046,3004.1038544144776
4047,3004.1038544144776
4048,3004.1038544144776
4049,3004.1038544144776
4050,3004.1038544144776
4051,3004.1038544144776
4052,3004.1038544144776
4053,3004.1038544144776
4054,3004.1038544144776
4055,3004.1038544144776
4056,3004.1038544144776
4057,3004.1038544144776
4058,3004.1038544144776
4059,3004.1038544144776
4060,3004.1038544144776
4061,3004.1038544144776
4062,3004.1038544144776
4063,3004.1038544144776
4064,3004.1038544144776
4065,3004.1038544144776
4066,3004.1038544144776
4067,3004.1038544144776
4068,3004.1038544144776
4069,3004.1038544144776
4070,3004.1038544144776
4071,3004.1038544144776
4072,3004.1038544144776
4073,3004.1038544144776
4074,3004.1038544144776
4075,3004.1038544144776
4076,3004.1038544144776
4077,3004.1038544144776
4078,3004.1038544144776
4079,3004.1038544144776
4080,3004.1038544144776
4081,3004.1038544144776
4082,3004.1038544144776
4083,3004.1038544144776
4084,3004.1038544144776
4085,3004.1038544144776
4086,3004.1038544144776
4087,3004.1038544144776
4088,3004.1038544144776
4089,3004.1038544144776
4090,3004.1038544144776
4091,3004.1038544144776
4092,3004.1038544144776
4093,3004.1038544144776
4094,3004.1038544144776
4095,3004.1038544144776
4096,3004.1038544144776
4097,3004.1038544144776
4098,3004.1038544144776
4099,3004.1038544144776
4100,3004.1038544144776
4101,3004.1038544144776
4102,3004.1038544144776
4103,3004.1038544144776
4104,3004.1038544144776
4105,3004.1038544144776
4106,3004.1038544144776
4107,3004.1038544144776
4108,3004.1038544144776
4109,3004.1038544144776
4110,3004.1038544144776
4111,3004.1038544144776
4112,3004.1038544144776
4113,3004.1038544144776
4114,3004.1038544144776
4115,3004.1038544144776
4116,3004.1038544144776
4117,3004.1038544144776
4118,3004.1038544144776
4119,3004.1038544144776
4120,3004.1038544144776
4121,3004.1038544144776
4122,3004.1038544144776
4123,3004.1038544144776
4124,3004.1038544144776
4125,3004.1038544144776
4126,3004.1038544144776
4127,3004.1038544144776
4128,3004.1038544144776
4129,3004.1038544144776
4130,3004.1038544144776
4131,3004.1038544144776
4132,3004.1038544144776
4133,3004.1038544144776
4134,3004.1038544144776
4135,3004.1038544144776
4136,3004.1038544144776
4137,3004.1038544144776
4138,3004.1038544144776
4139,3004.1038544144776
4140,3004.1038544144776
4141,3004.1038544144776
4142,3004.1038544144776
4143,3004.1038544144776
4144,3004.1038544144776
4145,3004.1038544144776
4146,3004.1038544144776
4147,3004.1038544144776
4148,3004.1038544144776
4149,3004.1038544144776
4150,3004.1038544144776
4151,3004.1038544144776
4152,3004.1038544144776
4153,3004.1038544144776
4154,3004.1038544144776
4155,3004.1038544144776
4156,3004.1038544144776
4157,3004.1038544144776
4158,3004.1038544144776
4159,3004.1038544144776
4160,3004.1038544144776
4161,3004.1038544144776
4162,3004.1038544144776
4163,3004.1038544144776
4164,3004.1038544144776
4165,3004.1038544144776
4166,3004.1038544144776
4167,3004.1038544144776
4168,3004.1038544144776
4169,3004.1038544144776
4170,3004.1038544144776
4171,3004.1038544144776
4172,3004.1038544144776
4173,3004.1038544144776
4174,3004.1038544144776
4175,3004.1038544144776
4176,3004.1038544144776
4177,3004.1038544144776
4178,3004.1038544144776
4179,3004.1038544144776
4180,3004.1038544144776
4181,3004.1038544144776
4182,3004.1038544144776
4183,3004.1038544144776
4184,3004.1038544144776
4185,3004.1038544144776
4186,3004.1038544144776
4187,3004.1038544144776
4188,3004.1038544144776
4189,3004.1038544144776
4190,3004.1038544144776
4191,3004.1038544144776
4192,3004.1038544144776
4193,3004.1038544144776
4194,3004.1038544144776
4195,3004.1038544144776
4196,3004.1038544144776
4197,3004.1038544144776
4198,3004.1038544144776
4199,3004.1038544144776
4200,3004.1038544144776
4201,3004.1038544144776
4202,3004.1038544144776
4203,3004.1038544144776
4204,3004.1038544144776
4205,3004.1038544144776
4206,3004.1038544144776
4207,3004.1038544144776
4208,3004.1038544144776
4209,3004.1038544144776
4210,3004.1038544144776
4211,3004.1038544144776
4212,3004.1038544144776
4213,3004.1038544144776
4214,3004.1038544144776
4215,3004.1038544144776
4216,3004.1038544144776
4217,3004.1038544144776
4218,3004.1038544144776
4219,3004.1038544144776
4220,3004.1038544144776
4221,3004.1038544144776
4222,3004.1038544144776
4223,3004.1038544144776
4224,3004.1038544144776
4225,3004.1038544144776
4226,3004.1038544144776
4227,3004.1038544144776
4228,3004.1038544144776
4229,3004.1038544144776
4230,3004.1038544144776
4231,3004.1038544144776
4232,3004.1038544144776
4233,3004.1038544144776
4234,3004.1038544144776
4235,3004.1038544144776
4236,3004.1038544144776
4237,3004.1038544144776
4238,3004.1038544144776
4239,3004.1038544144776
4240,3004.1038544144776
4241,3004.1038544144776
4242,3004.1038544144776
4243,3004.1038544144776
4244,3004.1038544144776
4245,3004.1038544144776
4246,3004.1038544144776
4247,3004.1038544144776
4248,3004.1038544144776
4249,3004.1038544144776
4250,3004.1038544144776
4251,3004.1038544144776
4252,3004.1038544144776
4253,3004.1038544144776
4254,3004.1038544144776
4255,3004.1038544144776
4256,3004.1038544144776
4257,3004.1038544144776
4258,3004.1038544144776
4259,3004.1038544144776
4260,3004.1038544144776
4261,3004.1038544144776
4262,3004.1038544144776
4263,3004.1038544144776
4264,3004.1038544144776
4265,3004.1038544144776
4266,3004.1038544144776
4267,3004.1038544144776
4268,3004.1038544144776
4269,3004.1038544144776
4270,3004.1038544144776
4271,3004.1038544144776
4272,3004.1038544144776
4273,3004.1038544144776
4274,3004.1038544144776
4275,3004.1038544144776
4276,3004.1038544144776
4277,3004.1038544144776
4278,3004.1038544144776
4279,3004.1038544144776
4280,3004.1038544144776
4281,3004.1038544144776
4282,3004.1038544144776
4283,3004.1038544144776
4284,3004.1038544144776
4285,3004.1038544144776
4286,3004.1038544144776
4287,3004.1038544144776
4288,3004.1038544144776
4289,3004.1038544144776
4290,3004.1038544144776
4291,3004.1038544144776
4292,3004.1038544144776
4293,3004.1038544144776
4294,3004.1038544144776
4295,3004.1038544144776
4296,3004.1038544144776
4297,3004.1038544144776
4298,3004.1038544144776
4299,3004.1038544144776
4300,3004.1038544144776
4301,3004.1038544144776
4302,3004.1038544144776
4303,3004.1038544144776
4304,3004.1038544144776
4305,3004.1038544144776
4306,3004.1038544144776
4307,3004.1038544144776
4308,3004.1038544144776
4309,3004.1038544144776
4310,3004.1038544144776
4311,3004.1038544144776
4312,3004.1038544144776
4313,3004.1038544144776
4314,3004.1038544144776
4315,3004.1038544144776
4316,3004.1038544144776
4317,3004.1038544144776
4318,3004.1038544144776
4319,3004.1038544144776
4320,3004.1038544144776
4321,3004.1038544144776
4322,3004.1038544144776
4323,3004.1038544144776
4324,3004.1038544144776
4325,3004.1038544144776
4326,3004.1038544144776
4327,3004.1038544144776
4328,3004.1038544144776
4329,3004.1038544144776
4330,3004.1038544144776
4331,3004.1038544144776
4332,3004.1038544144776
4333,3004.1038544144776
4334,3004.1038544144776
4335,3004.1038544144776
4336,3004.1038544144776
4337,3004.1038544144776
4338,3004.1038544144776
4339,3004.1038544144776
4340,3004.1038544144776
4341,3004.1038544144776
4342,3004.1038544144776
4343,3004.1038544144776
4344,3004.1038544144776
4345,3004.1038544144776
4346,3004.1038544144776
4347,3004.1038544144776
4348,3004.1038544144776
4349,3004.1038544144776
4350,3004.1038544144776
4351,3004.1038544144776
4352,3004.1038544144776
4353,3004.1038544144776
4354,3004.1038544144776
4355,3004.1038544144776
4356,3004.1038544144776
4357,3004.1038544144776
4358,3004.1038544144776
4359,3004.1038544144776
4360,3004.1038544144776
4361,3004.1038544144776
4362,3004.1038544144776
4363,3004.1038544144776
4364,3004.1038544144776
4365,3004.1038544144776
4366,3004.1038544144776
4367,3004.1038544144776
4368,3004.1038544144776
4369,3004.1038544144776
4370,3004.1038544144776
4371,3004.1038544144776
4372,3004.1038544144776
4373,3004.1038544144776
4374,3004.1038544144776
4375,3004.1038544144776
4376,3004.1038544144776
4377,3004.1038544144776
4378,3004.1038544144776
4379,3004.1038544144776
4380,3004.1038544144776
4381,3004.1038544144776
4382,3004.1038544144776
4383,3004.1038544144776
4384,3004.1038544144776
4385,3004.1038544144776
4386,3004.1038544144776
4387,3004.1038544144776
4388,3004.1038544144776
4389,3004.1038544144776
4390,3004.1038544144776
4391,3004.1038544144776
4392,3004.1038544144776
4393,3004.1038544144776
4394,3004.1038544144776
4395,3004.1038544144776
4396,3004.1038544144776
4397,3004.1038544144776
4398,3004.1038544144776
4399,3004.1038544144776
4400,3004.1038544144776
4401,3004.1038544144776
4402,3004.1038544144776
4403,3004.1038544144776
4404,3004.1038544144776
4405,3004.1038544144776
4406,3004.1038544144776
4407,3004.1038544144776
4408,3004.1038544144776
4409,3004.1038544144776
4410,3004.1038544144776
4411,3004.1038544144776
4412,3004.1038544144776
4413,3004.1038544144776
4414,3004.1038544144776
4415,3004.1038544144776
4416,3004.1038544144776
4417,3004.1038544144776
4418,3004.1038544144776
4419,3004.1038544144776
4420,3004.1038544144776
4421,3004.1038544144776
4422,3004.1038544144776
4423,3004.1038544144776
4424,3004.1038544144776
4425,3004.1038544144776
4426,3004.1038544144776
4427,3004.1038544144776
4428,3004.1038544144776
4429,3004.1038544144776
4430,3004.1038544144776
4431,3004.1038544144776
4432,3004.1038544144776
4433,3004.1038544144776
4434,3004.1038544144776
4435,3004.1038544144776
4436,3004.1038544144776
4437,3004.1038544144776
4438,3004.1038544144776
4439,3004.1038544144776
4440,3004.1038544144776
4441,3004.1038544144776
4442,3004.1038544144776
4443,3004.1038544144776
4444,3004.1038544144776
4445,3004.1038544144776
4446,3004.1038544144776
4447,3004.1038544144776
4448,3004.1038544144776
4449,3004.1038544144776
4450,3004.1038544144776
4451,3004.1038544144776
4452,3004.1038544144776
4453,3004.1038544144776
4454,3004.1038544144776
4455,3004.1038544144776
4456,3004.1038544144776
4457,3004.1038544144776
4458,3004.1038544144776
4459,3004.1038544144776
4460,3004.1038544144776
4461,3004.1038544144776
4462,3004.1038544144776
4463,3004.1038544144776
4464,3004.1038544144776
4465,3004.1038544144776
4466,3004.1038544144776
4467,3004.1038544144776
4468,3004.1038544144776
4469,3004.1038544144776
4470,3004.1038544144776
4471,3004.1038544144776
4472,3004.1038544144776
4473,3004.1038544144776
4474,3004.1038544144776
4475,3004.1038544144776
4476,3004.1038544144776
4477,3004.1038544144776
4478,3004.1038544144776
4479,3004.1038544144776
4480,3004.1038544144776
4481,3004.1038544144776
4482,3004.1038544144776
4483,3004.1038544144776
4484,3004.1038544144776
4485,3004.1038544144776
4486,3004.1038544144776
4487,3004.1038544144776
4488,3004.1038544144776
4489,3004.1038544144776
4490,3004.1038544144776
4491,3004.1038544144776
4492,3004.1038544144776
4493,3004.1038544144776
4494,3004.1038544144776
4495,3004.1038544144776
4496,3004.1038544144776
4497,3004.1038544144776
4498,3004.1038544144776
4499,3004.1038544144776
4500,3004.1038544144776
4501,3004.1038544144776
4502,3004.1038544144776
4503,3004.1038544144776
4504,3004.1038544144776
4505,3004.1038544144776
4506,3004.1038544144776
4507,3004.1038544144776
4508,3004.1038544144776
4509,3004.1038544144776
4510,3004.1038544144776
4511,3004.1038544144776
4512,3004.1038544144776
4513,3004.1038544144776
4514,3004.1038544144776
4515,3004.1038544144776
4516,3004.1038544144776
4517,3004.1038544144776
4518,3004.1038544144776
4519,3004.1038544144776
4520,3004.1038544144776
4521,3004.1038544144776
4522,3004.1038544144776
4523,3004.1038544144776
4524,3004.1038544144776
4525,3004.1038544144776
4526,3004.1038544144776
4527,3004.1038544144776
4528,3004.1038544144776
4529,3004.1038544144776
4530,3004.1038544144776
4531,3004.1038544144776
4532,3004.1038544144776
4533,3004.1038544144776
4534,3004.1038544144776
4535,3004.1038544144776
4536,3004.1038544144776
4537,3004.1038544144776
4538,3004.1038544144776
4539,3004.1038544144776
4540,3004.1038544144776
4541,3004.1038544144776
4542,3004.1038544144776
4543,3004.1038544144776
4544,3004.1038544144776
4545,3004.1038544144776
4546,3004.1038544144776
4547,3004.1038544144776
4548,3004.1038544144776
4549,3004.1038544144776
4550,3004.1038544144776
4551,3004.1038544144776
4552,3004.1038544144776
4553,3004.1038544144776
4554,3004.1038544144776
4555,3004.1038544144776
4556,3004.1038544144776
4557,3004.1038544144776
4558,3004.1038544144776
4559,3004.1038544144776
4560,3004.1038544144776
4561,3004.1038544144776
4562,3004.1038544144776
4563,3004.1038544144776
4564,3004.1038544144776
4565,3004.1038544144776
4566,3004.1038544144776
4567,3004.1038544144776
4568,3004.1038544144776
4569,3004.1038544144776
4570,3004.1038544144776
4571,3004.1038544144776
4572,3004.1038544144776
4573,3004.1038544144776
4574,3004.1038544144776
4575,3004.1038544144776
4576,3004.1038544144776
4577,3004.1038544144776
4578,3004.1038544144776
4579,3004.1038544144776
4580,3004.1038544144776
4581,3004.1038544144776
4582,3004.1038544144776
4583,3004.1038544144776
4584,3004.1038544144776
4585,3004.1038544144776
4586,3004.1038544144776
4587,3004.1038544144776
4588,3004.1038544144776
4589,3004.1038544144776
4590,3004.1038544144776
4591,3004.1038544144776
4592,3004.1038544144776
4593,3004.1038544144776
4594,3004.1038544144776
4595,3004.1038544144776
4596,3004.1038544144776
4597,3004.1038544144776
4598,3004.1038544144776
4599,3004.1038544144776
4600,3004.1038544144776
4601,3004.1038544144776
4602,3004.1038544144776
4603,3004.1038544144776
4604,3004.1038544144776
4605,3004.1038544144776
4606,3004.1038544144776
4607,3004.1038544144776
4608,3004.1038544144776
4609,3004.1038544144776
4610,3004.1038544144776
4611,3004.1038544144776
4612,3004.1038544144776
4613,3004.1038544144776
4614,3004.1038544144776
4615,3004.1038544144776
4616,3004.1038544144776
4617,3004.1038544144776
4618,3004.1038544144776
4619,3004.1038544144776
4620,3004.1038544144776
4621,3004.1038544144776
4622,3004.1038544144776
4623,3004.1038544144776
4624,3004.1038544144776
4625,3004.1038544144776
4626,3004.1038544144776
4627,3004.1038544144776
4628,3004.1038544144776
4629,3004.1038544144776
4630,3004.1038544144776
4631,3004.1038544144776
4632,3004.1038544144776
4633,3004.1038544144776
4634,3004.1038544144776
4635,3004.1038544144776
4636,3004.1038544144776
4637,3004.1038544144776
4638,3004.1038544144776
4639,3004.1038544144776
4640,3004.1038544144776
4641,3004.1038544144776
4642,3004.1038544144776
4643,3004.1038544144776
4644,3004.1038544144776
4645,3004.1038544144776
4646,3004.1038544144776
4647,3004.1038544144776
4648,3004.1038544144776
4649,3004.1038544144776
4650,3004.1038544144776
4651,3004.1038544144776
4652,3004.1038544144776
4653,3004.1038544144776
4654,3004.1038544144776
4655,3004.1038544144776
4656,3004.1038544144776
4657,3004.1038544144776
4658,3004.1038544144776
4659,3004.1038544144776
4660,3004.1038544144776
4661,3004.1038544144776
4662,3004.1038544144776
4663,3004.1038544144776
4664,3004.1038544144776
4665,3004.1038544144776
4666,3004.1038544144776
4667,3004.1038544144776
4668,3004.1038544144776
4669,3004.1038544144776
4670,3004.1038544144776
4671,3004.1038544144776
4672,3004.1038544144776
4673,3004.1038544144776
4674,3004.1038544144776
4675,3004.1038544144776
4676,3004.1038544144776
4677,3004.1038544144776
4678,3004.1038544144776
4679,3004.1038544144776
4680,3004.1038544144776
4681,3004.1038544144776
4682,3004.1038544144776
4683,3004.1038544144776
4684,3004.1038544144776
4685,3004.1038544144776
4686,3004.1038544144776
4687,3004.1038544144776
4688,3004.1038544144776
4689,3004.1038544144776
4690,3004.1038544144776
4691,3004.1038544144776
4692,3004.1038544144776
4693,3004.1038544144776
4694,3004.1038544144776
4695,3004.1038544144776
4696,3004.1038544144776
4697,3004.1038544144776
4698,3004.1038544144776
4699,3004.1038544144776
4700,3004.1038544144776
4701,3004.1038544144776
4702,3004.1038544144776
4703,3004.1038544144776
4704,3004.1038544144776
4705,3004.1038544144776
4706,3004.1038544144776
4707,3004.1038544144776
4708,3004.1038544144776
4709,3004.1038544144776
4710,3004.1038544144776
4711,3004.1038544144776
4712,3004.1038544144776
4713,3004.1038544144776
4714,3004.1038544144776
4715,3004.1038544144776
4716,3004.1038544144776
4717,3004.1038544144776
4718,3004.1038544144776
4719,3004.1038544144776
4720,3004.1038544144776
4721,3004.1038544144776
4722,3004.1038544144776
4723,3004.1038544144776
4724,3004.1038544144776
4725,3004.1038544144776
4726,3004.1038544144776
4727,3004.1038544144776
4728,3004.1038544144776
4729,3004.1038544144776
4730,3004.1038544144776
4731,3004.1038544144776
4732,3004.1038544144776
4733,3004.1038544144776
4734,3004.1038544144776
4735,3004.1038544144776
4736,3004.1038544144776
4737,3004.1038544144776
4738,3004.1038544144776
4739,3004.1038544144776
4740,3004.1038544144776
4741,3004.1038544144776
4742,3004.1038544144776
4743,3004.1038544144776
4744,3004.1038544144776
4745,3004.1038544144776
4746,3004.1038544144776
4747,3004.1038544144776
4748,3004.1038544144776
4749,3004.1038544144776
4750,3004.1038544144776
4751,3004.1038544144776
4752,3004.1038544144776
4753,3004.1038544144776
4754,3004.1038544144776
4755,3004.1038544144776
4756,3004.1038544144776
4757,3004.1038544144776
4758,3004.1038544144776
4759,3004.1038544144776
4760,3004.1038544144776
4761,3004.1038544144776
4762,3004.1038544144776
4763,3004.1038544144776
4764,3004.1038544144776
4765,3004.1038544144776
4766,3004.1038544144776
4767,3004.1038544144776
4768,3004.1038544144776
4769,3004.1038544144776
4770,3004.1038544144776
4771,3004.1038544144776
4772,3004.1038544144776
4773,3004.1038544144776
4774,3004.1038544144776
4775,3004.1038544144776
4776,3004.1038544144776
4777,3004.1038544144776
4778,3004.1038544144776
4779,3004.1038544144776
4780,3004.1038544144776
4781,3004.1038544144776
4782,3004.1038544144776
4783,3004.1038544144776
4784,3004.1038544144776
4785,3004.1038544144776
4786,3004.1038544144776
4787,3004.1038544144776
4788,3004.1038544144776
4789,3004.1038544144776
4790,3004.1038544144776
4791,3004.1038544144776
4792,3004.1038544144776
4793,3004.1038544144776
4794,3004.1038544144776
4795,3004.1038544144776
4796,3004.1038544144776
4797,3004.1038544144776
4798,3004.1038544144776
4799,3004.1038544144776
4800,3004.1038544144776
4801,3004.1038544144776
4802,3004.1038544144776
4803,3004.1038544144776
4804,3004.1038544144776
4805,3004.1038544144776
4806,3004.1038544144776
4807,3004.1038544144776
4808,3004.1038544144776
4809,3004.1038544144776
4810,3004.1038544144776
4811,3004.1038544144776
4812,3004.1038544144776
4813,3004.1038544144776
4814,3004.1038544144776
4815,3004.1038544144776
4816,3004.1038544144776
4817,3004.1038544144776
4818,3004.1038544144776
4819,3004.1038544144776
4820,3004.1038544144776
4821,3004.1038544144776
4822,3004.1038544144776
4823,3004.1038544144776
4824,3004.1038544144776
4825,3004.1038544144776
4826,3004.1038544144776
4827,3004.1038544144776
4828,3004.1038544144776
4829,3004.1038544144776
4830,3004.1038544144776
4831,3004.1038544144776
4832,3004.1038544144776
4833,3004.1038544144776
4834,3004.1038544144776
4835,3004.1038544144776
4836,3004.1038544144776
4837,3004.1038544144776
4838,3004.1038544144776
4839,3004.1038544144776
4840,3004.1038544144776
4841,3004.1038544144776
4842,3004.1038544144776
4843,3004.1038544144776
4844,3004.1038544144776
4845,3004.1038544144776
4846,3004.1038544144776
4847,3004.1038544144776
4848,3004.1038544144776
4849,3004.1038544144776
4850,3004.1038544144776
4851,3004.1038544144776
4852,3004.1038544144776
4853,3004.1038544144776
4854,3004.1038544144776
4855,3004.1038544144776
4856,3004.1038544144776
4857,3004.1038544144776
4858,3004.1038544144776
4859,3004.1038544144776
4860,3004.1038544144776
4861,3004.1038544144776
4862,3004.1038544144776
4863,3004.1038544144776
4864,3004.1038544144776
4865,3004.1038544144776
4866,3004.1038544144776
4867,3004.1038544144776
4868,3004.1038544144776
4869,3004.1038544144776
4870,3004.1038544144776
4871,3004.1038544144776
4872,3004.1038544144776
4873,3004.1038544144776
4874,3004.1038544144776
4875,3004.1038544144776
4876,3004.1038544144776
4877,3004.1038544144776
4878,3004.1038544144776
4879,3004.1038544144776
4880,3004.1038544144776
4881,3004.1038544144776
4882,3004.1038544144776
4883,3004.1038544144776
4884,3004.1038544144776
4885,3004.1038544144776
4886,3004.1038544144776
4887,3004.1038544144776
4888,3004.1038544144776
4889,3004.1038544144776
4890,3004.1038544144776
4891,3004.1038544144776
4892,3004.1038544144776
4893,3004.1038544144776
4894,3004.1038544144776
4895,3004.1038544144776
4896,3004.1038544144776
4897,3004.1038544144776
4898,3004.1038544144776
4899,3004.1038544144776
4900,3004.1038544144776
4901,3004.1038544144776
4902,3004.1038544144776
4903,3004.1038544144776
4904,3004.1038544144776
4905,3004.1038544144776
4906,3004.1038544144776
4907,3004.1038544144776
4908,3004.1038544144776
4909,3004.1038544144776
4910,3004.1038544144776
4911,3004.1038544144776
4912,3004.1038544144776
4913,3004.1038544144776
4914,3004.1038544144776
4915,3004.1038544144776
4916,3004.1038544144776
4917,3004.1038544144776
4918,3004.1038544144776
4919,3004.1038544144776
4920,3004.1038544144776
4921,3004.1038544144776
4922,3004.1038544144776
4923,3004.1038544144776
4924,3004.1038544144776
4925,3004.1038544144776
4926,3004.1038544144776
4927,3004.1038544144776
4928,3004.1038544144776
4929,3004.1038544144776
4930,3004.1038544144776
4931,3004.1038544144776
4932,3004.1038544144776
4933,3004.1038544144776
4934,3004.1038544144776
4935,3004.1038544144776
4936,3004.1038544144776
4937,3004.1038544144776
4938,3004.1038544144776
4939,3004.1038544144776
4940,3004.1038544144776
4941,3004.1038544144776
4942,3004.1038544144776
4943,3004.1038544144776
4944,3004.1038544144776
4945,3004.1038544144776
4946,3004.1038544144776
4947,3004.1038544144776
4948,3004.1038544144776
4949,3004.1038544144776
4950,3004.1038544144776
4951,3004.1038544144776
4952,3004.1038544144776
4953,3004.1038544144776
4954,3004.1038544144776
4955,3004.1038544144776
4956,3004.1038544144776
4957,3004.1038544144776
4958,3004.1038544144776
4959,3004.1038544144776
4960,3004.1038544144776
4961,3004.1038544144776
4962,3004.1038544144776
4963,3004.1038544144776
4964,3004.1038544144776
4965,3004.1038544144776
4966,3004.1038544144776
4967,3004.1038544144776
4968,3004.1038544144776
4969,3004.1038544144776
4970,3004.1038544144776
4971,3004.1038544144776
4972,3004.1038544144776
4973,3004.1038544144776
4974,3004.1038544144776
4975,3004.1038544144776
4976,3004.1038544144776
4977,3004.1038544144776
4978,3004.1038544144776
4979,3004.1038544144776
4980,3004.1038544144776
4981,3004.1038544144776
4982,3004.1038544144776
4983,3004.1038544144776
4984,3004.1038544144776
4985,3004.1038544144776
4986,3004.1038544144776
4987,3004.1038544144776
4988,3004.1038544144776
4989,3004.1038544144776
4990,3004.1038544144776
4991,3004.1038544144776
4992,3004.1038544144776
4993,3004.1038544144776
4994,3004.1038544144776
4995,3004.1038544144776
4996,3004.1038544144776
4997,3004.1038544144776
4998,3004.1038544144776
4999,3004.1038544144776
5000,3004.1038544144776
5001,3004.1038544144776
5002,3004.1038544144776
5003,3004.1038544144776
5004,3004.1038544144776
5005,3004.1038544144776
5006,3004.1038544144776
5007,3004.1038544144776
5008,3004.1038544144776
5009,3004.1038544144776
5010,3004.1038544144776
5011,3004.1038544144776
5012,3004.1038544144776
5013,3004.1038544144776
5014,3004.1038544144776
5015,3004.1038544144776
5016,3004.1038544144776
5017,3004.1038544144776
5018,3004.1038544144776
5019,3004.1038544144776
5020,3004.1038544144776
5021,3004.1038544144776
5022,3004.1038544144776
5023,3004.1038544144776
5024,3004.1038544144776
5025,3004.1038544144776
5026,3004.1038544144776
5027,3004.1038544144776
5028,3004.1038544144776
5029,3004.1038544144776
5030,3004.1038544144776
5031,3004.1038544144776
5032,3004.1038544144776
5033,3004.1038544144776
5034,3004.1038544144776
5035,3004.1038544144776
5036,3004.1038544144776
5037,3004.1038544144776
5038,3004.1038544144776
5039,3004.1038544144776
5040,3004.1038544144776
5041,3004.1038544144776
5042,3004.1038544144776
5043,3004.1038544144776
5044,3004.1038544144776
5045,3004.1038544144776
5046,3004.1038544144776
5047,3004.1038544144776
5048,3004.1038544144776
5049,3004.1038544144776
5050,3004.1038544144776
5051,3004.1038544144776
5052,3004.1038544144776
5053,3004.1038544144776
5054,3004.1038544144776
5055,3004.1038544144776
5056,3004.1038544144776
5057,3004.1038544144776
5058,3004.1038544144776
5059,3004.1038544144776
5060,3004.1038544144776
5061,3004.1038544144776
5062,3004.1038544144776
5063,3004.1038544144776
5064,3004.1038544144776
5065,3004.1038544144776
5066,3004.1038544144776
5067,3004.1038544144776
5068,3004.1038544144776
5069,3004.1038544144776
5070,3004.1038544144776
5071,3004.1038544144776
5072,3004.1038544144776
5073,3004.1038544144776
5074,3004.1038544144776
5075,3004.1038544144776
5076,3004.1038544144776
5077,3004.1038544144776
5078,3004.1038544144776
5079,3004.1038544144776
5080,3004.1038544144776
5081,3004.1038544144776
5082,3004.1038544144776
5083,3004.1038544144776
5084,3004.1038544144776
5085,3004.1038544144776
5086,3004.1038544144776
5087,3004.1038544144776
5088,3004.1038544144776
5089,3004.1038544144776
5090,3004.1038544144776
5091,3004.1038544144776
5092,3004.1038544144776
5093,3004.1038544144776
5094,3004.1038544144776
5095,3004.1038544144776
5096,3004.1038544144776
5097,3004.1038544144776
5098,3004.1038544144776
5099,3004.1038544144776
5100,3004.1038544144776
5101,3004.1038544144776
5102,3004.1038544144776
5103,3004.1038544144776
5104,3004.1038544144776
5105,3004.1038544144776
5106,3004.1038544144776
5107,3004.1038544144776
5108,3004.1038544144776
5109,3004.1038544144776
5110,3004.1038544144776
5111,3004.1038544144776
5112,3004.1038544144776
5113,3004.1038544144776
5114,3004.1038544144776
5115,3004.1038544144776
5116,3004.1038544144776
5117,3004.1038544144776
5118,3004.1038544144776
5119,3004.1038544144776
5120,3004.1038544144776
5121,3004.1038544144776
5122,3004.1038544144776
5123,3004.1038544144776
5124,3004.1038544144776
5125,3004.1038544144776
5126,3004.1038544144776
5127,3004.1038544144776
5128,3004.1038544144776
5129,3004.1038544144776
5130,3004.1038544144776
5131,3004.1038544144776
5132,3004.1038544144776
5133,3004.1038544144776
5134,3004.1038544144776
5135,3004.1038544144776
5136,3004.1038544144776
5137,3004.1038544144776
5138,3004.1038544144776
5139,3004.1038544144776
5140,3004.1038544144776
5141,3004.1038544144776
5142,3004.1038544144776
5143,3004.1038544144776
5144,3004.1038544144776
5145,3004.1038544144776
5146,3004.1038544144776
5147,3004.1038544144776
5148,3004.1038544144776
5149,3004.1038544144776
5150,3004.1038544144776
5151,3004.1038544144776
5152,3004.1038544144776
5153,3004.1038544144776
5154,3004.1038544144776
5155,3004.1038544144776
5156,3004.1038544144776
5157,3004.1038544144776
5158,3004.1038544144776
5159,3004.1038544144776
5160,3004.1038544144776
5161,3004.1038544144776
5162,3004.1038544144776
5163,3004.1038544144776
5164,3004.1038544144776
5165,3004.1038544144776
5166,3004.1038544144776
5167,3004.1038544144776
5168,3004.1038544144776
5169,3004.1038544144776
5170,3004.1038544144776
5171,3004.1038544144776
5172,3004.1038544144776
5173,3004.1038544144776
5174,3004.1038544144776
5175,3004.1038544144776
5176,3004.1038544144776
5177,3004.1038544144776
5178,2987.844289292263
5179,2935.6425342203092
5180,2935.6425342203092
5181,2935.6425342203092
5182,2935.6425342203092
5183,2935.6425342203092
5184,2935.6425342203092
5185,2918.1662591673175
5186,2918.1662591673175
5187,2918.1662591673175
5188,2918.1662591673175
5189,2918.1662591673175
5190,2918.1662591673175
5191,2918.1662591673175
5192,2918.1662591673175
5193,2918.1662591673175
5194,2918.1662591673175
5195,2918.1662591673175
5196,2918.1662591673175
5197,2918.1662591673175
5198,2918.1662591673175
5199,2918.1662591673175
5200,2918.1662591673175
5201,2918.1662591673175
5202,2918.1662591673175
5203,2918.1662591673175
5204,2918.1662591673175
5205,2918.1662591673175
5206,2918.1662591673175
5207,2918.1662591673175
5208,2918.1662591673175
5209,2918.1662591673175
5210,2918.1662591673175
5211,2918.1662591673175
5212,2918.1662591673175
5213,2918.1662591673175
5214,2918.1662591673175
5215,2918.1662591673175
5216,2918.1662591673175
5217,2918.1662591673175
5218,2918.1662591673175
5219,2918.1662591673175
5220,2918.1662591673175
5221,2918.1662591673175
5222,2918.1662591673175
5223,2918.1662591673175
5224,2918.1662591673175
5225,2918.1662591673175
5226,2918.1662591673175
5227,2918.1662591673175
5228,2918.1662591673175
5229,2918.1662591673175
5230,2918.1662591673175
5231,2918.1662591673175
5232,2918.1662591673175
5233,2918.1662591673175
5234,2918.1662591673175
5235,2918.1662591673175
5236,2918.1662591673175
5237,2918.1662591673175
5238,2918.1662591673175
5239,2918.1662591673175
5240,2918.1662591673175
5241,2918.1662591673175
5242,2918.1662591673175
5243,2918.1662591673175
5244,2918.1662591673175
5245,2918.1662591673175
5246,2918.1662591673175
5247,2918.1662591673175
5248,2918.1662591673175
5249,2918.1662591673175
5250,2918.1662591673175
5251,2918.1662591673175
5252,2918.1662591673175
5253,2918.1662591673175
5254,2918.1662591673175
5255,2918.1662591673175
5256,2918.1662591673175
5257,2918.1662591673175
5258,2918.1662591673175
5259,2918.1662591673175
5260,2918.1662591673175
5261,2918.1662591673175
5262,2918.1662591673175
5263,2918.1662591673175
5264,2918.1662591673175
5265,2918.1662591673175
5266,2918.1662591673175
5267,2918.1662591673175
5268,2918.1662591673175
5269,2918.1662591673175
5270,2918.1662591673175
5271,2918.1662591673175
5272,2918.1662591673175
5273,2918.1662591673175
5274,2918.1662591673175
5275,2918.1662591673175
5276,2918.1662591673175
5277,2918.1662591673175
5278,2918.1662591673175
5279,2918.1662591673175
5280,2918.1662591673175
5281,2917.0359927798836
5282,2916.640637176877
5283,2916.640637176877
5284,2916.640637176877
5285,2916.640637176877
5286,2916.640637176877
5287,2916.640637176877
5288,2916.640637176877
5289,2916.640637176877
5290,2916.640637176877
5291,2916.640637176877
5292,2916.640637176877
5293,2916.640637176877
5294,2914.2653153133224
5295,2914.2653153133224
5296,2914.2653153133224
5297,2913.26886978137
5298,2913.26886978137
5299,2884.2352348846152
5300,2884.2352348846152
5301,2884.2352348846152
5302,2884.2352348846152
5303,2884.2352348846152
5304,2852.7650088176265
5305,2852.7650088176265
5306,2852.7650088176265
5307,2852.7650088176265
5308,2852.7650088176265
5309,2852.7650088176265
5310,2852.7650088176265
5311,2852.7650088176265
5312,2852.7650088176265
5313,2852.7650088176265
5314,2852.7650088176265
5315,2852.7650088176265
5316,2847.6028027798225
5317,2847.6028027798225
5318,2847.6028027798225
5319,2847.6028027798225
5320,2847.6028027798225
5321,2847.6028027798225
5322,2810.7590764652073
5323,2810.7590764652073
5324,2810.7590764652073
5325,2810.7590764652073
5326,2810.7590764652073
5327,2810.7590764652073
5328,2810.7590764652073
5329,2795.880363186946
5330,2795.880363186946
5331,2795.880363186946
5332,2762.357555921096
5333,2762.357555921096
5334,2762.357555921096
5335,2748.067255437917
5336,2748.067255437917
5337,2714.8979558056535
5338,2714.8979558056535
5339,2714.8979558056535
5340,2714.8979558056535
5341,2714.8979558056535
5342,2714.8979558056535
5343,2714.8979558056535
5344,2714.8979558056535
5345,2714.8979558056535
5346,2714.8979558056535
5347,2714.8979558056535
5348,2714.8979558056535
5349,2714.8979558056535
5350,2714.8979558056535
5351,2714.8979558056535
5352,2714.8979558056535
5353,2714.8979558056535
5354,2714.8979558056535
5355,2714.8979558056535
5356,2714.8979558056535
5357,2714.8979558056535
5358,2714.8979558056535
5359,2714.8979558056535
5360,2714.8979558056535
5361,2714.8979558056535
5362,2714.8979558056535
5363,2714.8979558056535
5364,2714.8979558056535
5365,2714.8979558056535
5366,2714.8979558056535
5367,2714.8979558056535
5368,2714.8979558056535
5369,2714.8979558056535
5370,2714.8979558056535
5371,2714.8979558056535
5372,2714.8979558056535
5373,2714.8979558056535
5374,2714.8979558056535
5375,2714.8979558056535
5376,2714.8979558056535
5377,2714.8979558056535
5378,2714.8979558056535
5379,2714.8979558056535
5380,2714.8979558056535
5381,2714.8979558056535
5382,2714.8979558056535
5383,2714.8979558056535
5384,2714.8979558056535
5385,2714.8979558056535
5386,2714.8979558056535
5387,2714.8979558056535
5388,2714.8979558056535
5389,2714.8979558056535
5390,2714.8979558056535
5391,2714.8979558056535
5392,2714.8979558056535
5393,2714.8979558056535
5394,2714.8979558056535
5395,2714.8979558056535
5396,2714.8979558056535
5397,2714.8979558056535
5398,2714.8979558056535
5399,2714.8979558056535
5400,2714.8979558056535
5401,2714.8979558056535
5402,2714.8979558056535
5403,2714.8979558056535
5404,2714.8979558056535
5405,2714.8979558056535
5406,2714.8979558056535
5407,2714.8979558056535
5408,2714.8979558056535
5409,2714.8979558056535
5410,2714.8979558056535
5411,2714.8979558056535
5412,2714.8979558056535
5413,2714.8979558056535
5414,2714.8979558056535
5415,2714.8979558056535
5416,2714.8979558056535
5417,2714.8979558056535
5418,2714.8979558056535
5419,2714.8979558056535
5420,2714.8979558056535
5421,2714.8979558056535
5422,2714.8979558056535
5423,2714.8979558056535
5424,2714.8979558056535
5425,2714.8979558056535
5426,2714.8979558056535
5427,2714.8979558056535
5428,2714.8979558056535
5429,2714.8979558056535
5430,2714.8979558056535
5431,2714.8979558056535
5432,2714.8979558056535
5433,2714.8979558056535
5434,2714.8979558056535
5435,2714.8979558056535
5436,2714.8979558056535
5437,2714.8979558056535
5438,2714.8979558056535
5439,2714.8979558056535
5440,2714.8979558056535
5441,2714.8979558056535
5442,2714.8979558056535
5443,2714.8979558056535
5444,2714.8979558056535
5445,2714.8979558056535
5446,2714.8979558056535
5447,2714.8979558056535
5448,2714.8979558056535
5449,2714.8979558056535
5450,2714.8979558056535
5451,2714.8979558056535
5452,2714.8979558056535
5453,2714.8979558056535
5454,2714.8979558056535
5455,2714.8979558056535
5456,2714.8979558056535
5457,2714.8979558056535
5458,2714.8979558056535
5459,2714.8979558056535
5460,2714.8979558056535
5461,2714.8979558056535
5462,2714.8979558056535
5463,2714.8979558056535
5464,2714.8979558056535
5465,2714.8979558056535
5466,2714.8979558056535
5467,2714.8979558056535
5468,2714.8979558056535
5469,2714.8979558056535
5470,2714.8979558056535
5471,2714.8979558056535
5472,2714.8979558056535
5473,2714.8979558056535
5474,2714.8979558056535
5475,2714.8979558056535
5476,2714.8979558056535
5477,2714.8979558056535
5478,2714.8979558056535
5479,2714.8979558056535
5480,2714.8979558056535
5481,2714.8979558056535
5482,2714.8979558056535
5483,2714.8979558056535
5484,2714.8979558056535
5485,2714.8979558056535
5486,2714.8979558056535
5487,2714.8979558056535
5488,2714.8979558056535
5489,2714.8979558056535
5490,2714.8979558056535
5491,2714.8979558056535
5492,2714.8979558056535
5493,2714.8979558056535
5494,2714.8979558056535
5495,2714.8979558056535
5496,2714.8979558056535
5497,2714.8979558056535
5498,2714.8979558056535
5499,2714.8979558056535
5500,2714.8979558056535
5501,2714.8979558056535
5502,2714.8979558056535
5503,2714.8979558056535
5504,2714.8979558056535
5505,2714.8979558056535
5506,2714.8979558056535
5507,2714.8979558056535
5508,2714.8979558056535
5509,2714.8979558056535
5510,2714.8979558056535
5511,2714.8979558056535
5512,2714.8979558056535
5513,2714.8979558056535
5514,2714.8979558056535
5515,2714.8979558056535
5516,2714.8979558056535
5517,2714.8979558056535
5518,2714.8979558056535
5519,2714.8979558056535
5520,2714.8979558056535
5521,2714.8979558056535
5522,2714.8979558056535
5523,2714.8979558056535
5524,2714.8979558056535
5525,2714.8979558056535
5526,2714.8979558056535
5527,2714.8979558056535
5528,2714.8979558056535
5529,2714.8979558056535
5530,2714.8979558056535
5531,2714.8979558056535
5532,2714.8979558056535
5533,2714.8979558056535
5534,2714.8979558056535
5535,2714.8979558056535
5536,2714.8979558056535
5537,2714.8979558056535
5538,2714.8979558056535
5539,2714.8979558056535
5540,2714.8979558056535
5541,2714.8979558056535
5542,2714.8979558056535
5543,2714.8979558056535
5544,2714.8979558056535
5545,2714.8979558056535
5546,2714.8979558056535
5547,2714.8979558056535
5548,2714.8979558056535
5549,2714.8979558056535
5550,2714.8979558056535
5551,2714.8979558056535
5552,2714.8979558056535
5553,2714.8979558056535
5554,2714.8979558056535
5555,2714.8979558056535
5556,2714.8979558056535
5557,2714.8979558056535
5558,2714.8979558056535
5559,2714.8979558056535
5560,2714.8979558056535
5561,2714.8979558056535
5562,2714.8979558056535
5563,2714.8979558056535
5564,2714.8979558056535
5565,2714.8979558056535
5566,2714.8979558056535
5567,2714.8979558056535
5568,2714.8979558056535
5569,2714.8979558056535
5570,2714.8979558056535
5571,2714.8979558056535
5572,2714.8979558056535
5573,2714.8979558056535
5574,2714.8979558056535
5575,2714.8979558056535
5576,2714.8979558056535
5577,2714.8979558056535
5578,2714.8979558056535
5579,2714.8979558056535
5580,2714.8979558056535
5581,2714.8979558056535
5582,2714.8979558056535
5583,2714.8979558056535
5584,2714.8979558056535
5585,2714.8979558056535
5586,2714.8979558056535
5587,2714.8979558056535
5588,2714.8979558056535
5589,2714.8979558056535
5590,2714.8979558056535
5591,2714.8979558056535
5592,2714.8979558056535
5593,2714.8979558056535
5594,2714.8979558056535
5595,2714.8979558056535
5596,2714.8979558056535
5597,2714.8979558056535
5598,2714.8979558056535
5599,2714.8979558056535
5600,2714.8979558056535
5601,2714.8979558056535
5602,2714.8979558056535
5603,2714.8979558056535
5604,2714.8979558056535
5605,2714.8979558056535
5606,2714.8979558056535
5607,2714.8979558056535
5608,2714.8979558056535
5609,2714.8979558056535
5610,2714.8979558056535
5611,2714.8979558056535
5612,2714.8979558056535
5613,2714.8979558056535
5614,2714.8979558056535
5615,2714.8979558056535
5616,2714.8979558056535
5617,2714.8979558056535
5618,2714.8979558056535
5619,2714.8979558056535
5620,2686.946506414392
5621,2686.946506414392
5622,2686.946506414392
5623,2686.946506414392
5624,2686.946506414392
5625,2686.946506414392
5626,2686.946506414392
5627,2684.7618249451575
5628,2684.7618249451575
5629,2684.7618249451575
5630,2684.7618249451575
5631,2684.7618249451575
5632,2684.7618249451575
5633,2684.7618249451575
5634,2684.7618249451575
5635,2684.7618249451575
5636,2684.7618249451575
5637,2684.7618249451575
5638,2684.7618249451575
5639,2684.7618249451575
5640,2684.7618249451575
5641,2684.7618249451575
5642,2684.7618249451575
5643,2684.7618249451575
5644,2684.7618249451575
5645,2684.7618249451575
5646,2684.7618249451575
5647,2684.7618249451575
5648,2684.7618249451575
5649,2684.7618249451575
5650,2684.7618249451575
5651,2684.7618249451575
5652,2684.7618249451575
5653,2684.7618249451575
5654,2684.7618249451575
5655,2684.7618249451575
5656,2684.7618249451575
5657,2684.7618249451575
5658,2684.7618249451575
5659,2684.7618249451575
5660,2684.7618249451575
5661,2684.7618249451575
5662,2684.7618249451575
5663,2684.7618249451575
5664,2684.7618249451575
5665,2684.7618249451575
5666,2684.7618249451575
5667,2684.7618249451575
5668,2684.7618249451575
5669,2684.7618249451575
5670,2684.7618249451575
5671,2684.7618249451575
5672,2684.7618249451575
5673,2684.7618249451575
5674,2684.7618249451575
5675,2684.7618249451575
5676,2684.7618249451575
5677,2684.7618249451575
5678,2684.7618249451575
5679,2684.7618249451575
5680,2684.7618249451575
5681,2684.7618249451575
5682,2684.7618249451575
5683,2684.7618249451575
5684,2684.7618249451575
5685,2684.7618249451575
5686,2684.7618249451575
5687,2684.7618249451575
5688,2684.7618249451575
5689,2684.7618249451575
5690,2684.7618249451575
5691,2684.7618249451575
5692,2684.7618249451575
5693,2684.7618249451575
5694,2684.7618249451575
5695,2684.7618249451575
5696,2684.7618249451575
5697,2684.7618249451575
5698,2684.7618249451575
5699,2684.7618249451575
5700,2684.7618249451575
5701,2684.7618249451575
5702,2684.7618249451575
5703,2684.7618249451575
5704,2684.7618249451575
5705,2684.7618249451575
5706,2684.7618249451575
5707,2684.7618249451575
5708,2684.7618249451575
5709,2684.7618249451575
5710,2684.7618249451575
5711,2684.7618249451575
5712,2684.7618249451575
5713,2684.7618249451575
5714,2684.7618249451575
5715,2684.7618249451575
5716,2684.7618249451575
5717,2684.7618249451575
5718,2684.7618249451575
5719,2684.7618249451575
5720,2684.7618249451575
5721,2684.7618249451575
5722,2684.7618249451575
5723,2684.7618249451575
5724,2684.7618249451575
5725,2684.7618249451575
5726,2684.7618249451575
5727,2684.7618249451575
5728,2684.7618249451575
5729,2684.7618249451575
5730,2684.7618249451575
5731,2684.7618249451575
5732,2684.7618249451575
5733,2684.7618249451575
5734,2684.7618249451575
5735,2684.7618249451575
5736,2684.7618249451575
5737,2684.7618249451575
5738,2684.7618249451575
5739,2684.7618249451575
5740,2684.7618249451575
5741,2684.7618249451575
5742,2684.7618249451575
5743,2684.7618249451575
5744,2684.7618249451575
5745,2684.7618249451575
5746,2684.7618249451575
5747,2684.7618249451575
5748,2684.7618249451575
5749,2684.7618249451575
5750,2684.7618249451575
5751,2684.7618249451575
5752,2684.7618249451575
5753,2684.7618249451575
5754,2684.7618249451575
5755,2684.7618249451575
5756,2684.7618249451575
5757,2684.7618249451575
5758,2684.7618249451575
5759,2684.7618249451575
5760,2684.7618249451575
5761,2684.7618249451575
5762,2684.7618249451575
5763,2684.7618249451575
5764,2684.7618249451575
5765,2684.7618249451575
5766,2684.7618249451575
5767,2684.7618249451575
5768,2684.7618249451575
5769,2684.7618249451575
5770,2684.7618249451575
5771,2684.7618249451575
5772,2684.7618249451575
5773,2684.7618249451575
5774,2684.7618249451575
5775,2684.7618249451575
5776,2684.7618249451575
5777,2684.7618249451575
5778,2684.7618249451575
5779,2684.7618249451575
5780,2684.7618249451575
5781,2684.7618249451575
5782,2684.7618249451575
5783,2684.7618249451575
5784,2684.7618249451575
5785,2684.7618249451575
5786,2684.7618249451575
5787,2684.7618249451575
5788,2684.7618249451575
5789,2684.7618249451575
5790,2684.7618249451575
5791,2684.7618249451575
5792,2684.7618249451575
5793,2684.7618249451575
5794,2684.7618249451575
5795,2684.7618249451575
5796,2684.7618249451575
5797,2684.7618249451575
5798,2684.7618249451575
5799,2684.7618249451575
5800,2684.7618249451575
5801,2684.7618249451575
5802,2684.7618249451575
5803,2684.7618249451575
5804,2684.7618249451575
5805,2684.7618249451575
5806,2684.7618249451575
5807,2684.7618249451575
5808,2684.7618249451575
5809,2684.7618249451575
5810,2684.7618249451575
5811,2684.7618249451575
5812,2684.7618249451575
5813,2684.7618249451575
5814,2684.7618249451575
5815,2684.7618249451575
5816,2684.7618249451575
5817,2684.7618249451575
5818,2684.7618249451575
5819,2684.7618249451575
5820,2684.7618249451575
5821,2684.7618249451575
5822,2684.7618249451575
5823,2684.7618249451575
5824,2684.7618249451575
5825,2684.7618249451575
5826,2684.7618249451575
5827,2684.7618249451575
5828,2684.7618249451575
5829,2684.7618249451575
5830,2684.7618249451575
5831,2684.7618249451575
5832,2684.7618249451575
5833,2684.7618249451575
5834,2684.7618249451575
5835,2684.7618249451575
5836,2684.7618249451575
5837,2684.7618249451575
5838,2684.7618249451575
5839,2684.7618249451575
5840,2684.7618249451575
5841,2684.7618249451575
5842,2684.7618249451575
5843,2684.7618249451575
5844,2684.7618249451575
5845,2684.7618249451575
5846,2684.7618249451575
5847,2684.7618249451575
5848,2684.7618249451575
5849,2684.7618249451575
5850,2684.7618249451575
5851,2684.7618249451575
5852,2684.7618249451575
5853,2684.7618249451575
5854,2684.7618249451575
5855,2684.7618249451575
5856,2684.7618249451575
5857,2684.7618249451575
5858,2684.7618249451575
5859,2684.7618249451575
5860,2684.7618249451575
5861,2684.7618249451575
5862,2684.7618249451575
5863,2684.7618249451575
5864,2684.7618249451575
5865,2684.7618249451575
5866,2684.7618249451575
5867,2684.7618249451575
5868,2684.7618249451575
5869,2684.7618249451575
5870,2684.7618249451575
5871,2684.7618249451575
5872,2684.7618249451575
5873,2684.7618249451575
5874,2684.7618249451575
5875,2684.7618249451575
5876,2684.7618249451575
5877,2684.7618249451575
5878,2684.7618249451575
5879,2684.7618249451575
5880,2684.7618249451575
5881,2684.7618249451575
5882,2684.7618249451575
5883,2684.7618249451575
5884,2684.7618249451575
5885,2684.7618249451575
5886,2684.7618249451575
5887,2684.7618249451575
5888,2684.7618249451575
5889,2684.7618249451575
5890,2684.7618249451575
5891,2684.7618249451575
5892,2684.7618249451575
5893,2684.7618249451575
5894,2684.7618249451575
5895,2684.7618249451575
5896,2684.7618249451575
5897,2684.7618249451575
5898,2684.7618249451575
5899,2684.7618249451575
5900,2684.7618249451575
5901,2684.7618249451575
5902,2684.7618249451575
5903,2684.7618249451575
5904,2684.7618249451575
5905,2684.7618249451575
5906,2684.7618249451575
5907,2684.7618249451575
5908,2684.7618249451575
5909,2684.7618249451575
5910,2684.7618249451575
5911,2684.7618249451575
5912,2684.7618249451575
5913,2684.7618249451575
5914,2684.7618249451575
5915,2684.7618249451575
5916,2684.7618249451575
5917,2684.7618249451575
5918,2684.7618249451575
5919,2684.7618249451575
5920,2684.7618249451575
5921,2684.7618249451575
5922,2684.7618249451575
5923,2684.7618249451575
5924,2684.7618249451575
5925,2684.7618249451575
5926,2684.7618249451575
5927,2684.7618249451575
5928,2684.7618249451575
5929,2684.7618249451575
5930,2684.7618249451575
5931,2684.7618249451575
5932,2684.7618249451575
5933,2684.7618249451575
5934,2684.7618249451575
5935,2684.7618249451575
5936,2684.7618249451575
5937,2684.7618249451575
5938,2684.7618249451575
5939,2684.7618249451575
5940,2684.7618249451575
5941,2684.7618249451575
5942,2684.7618249451575
5943,2684.7618249451575
5944,2684.7618249451575
5945,2684.7618249451575
5946,2684.7618249451575
5947,2684.7618249451575
5948,2684.7618249451575
5949,2684.7618249451575
5950,2684.7618249451575
5951,2684.7618249451575
5952,2684.7618249451575
5953,2684.7618249451575
5954,2684.7618249451575
5955,2684.7618249451575
5956,2684.7618249451575
5957,2684.7618249451575
5958,2683.311357471574
5959,2683.311357471574
5960,2683.311357471574
5961,2683.311357471574
5962,2683.311357471574
5963,2683.311357471574
5964,2683.311357471574
5965,2683.311357471574
5966,2683.311357471574
5967,2683.311357471574
5968,2683.311357471574
5969,2683.311357471574
5970,2683.311357471574
5971,2683.311357471574
5972,2683.311357471574
5973,2683.311357471574
5974,2683.311357471574
5975,2683.311357471574
5976,2683.311357471574
5977,2683.311357471574
5978,2683.311357471574
5979,2683.311357471574
5980,2683.311357471574
5981,2683.311357471574
5982,2683.311357471574
5983,2683.311357471574
5984,2683.311357471574
5985,2683.311357471574
5986,2683.311357471574
5987,2683.311357471574
5988,2683.311357471574
5989,2683.311357471574
5990,2683.311357471574
5991,2683.311357471574
5992,2683.311357471574
5993,2683.311357471574
5994,2683.311357471574
5995,2683.311357471574
5996,2683.311357471574
5997,2683.311357471574
5998,2683.311357471574
5999,2683.311357471574
6000,2683.311357471574
6001,2683.311357471574
6002,2683.311357471574
6003,2683.311357471574
6004,2683.311357471574
6005,2683.311357471574
6006,2683.311357471574
6007,2683.311357471574
6008,2683.311357471574
6009,2683.311357471574
6010,2683.311357471574
6011,2683.311357471574
6012,2683.311357471574
6013,2683.311357471574
6014,2683.311357471574
6015,2683.311357471574
6016,2683.311357471574
6017,2683.311357471574
6018,2683.311357471574
6019,2683.311357471574
6020,2683.311357471574
6021,2683.311357471574
6022,2683.311357471574
6023,2683.311357471574
6024,2683.311357471574
6025,2683.311357471574
6026,2683.311357471574
6027,2683.311357471574
6028,2683.311357471574
6029,2683.311357471574
6030,2683.311357471574
6031,2683.311357471574
6032,2683.311357471574
6033,2683.311357471574
6034,2683.311357471574
6035,2683.311357471574
6036,2683.311357471574
6037,2650.199707655141
6038,2650.199707655141
6039,2650.199707655141
6040,2650.199707655141
6041,2650.199707655141
6042,2642.9364676116243
6043,2642.9364676116243
6044,2642.9364676116243
6045,2642.9364676116243
6046,2642.9364676116243
6047,2642.9364676116243
6048,2642.9364676116243
6049,2642.9364676116243
6050,2642.9364676116243
6051,2642.9364676116243
6052,2642.9364676116243
6053,2642.9364676116243
6054,2642.9364676116243
6055,2642.9364676116243
6056,2642.9364676116243
6057,2642.9364676116243
6058,2635.1464457794054
6059,2635.1464457794054
6060,2635.1464457794054
6061,2635.1464457794054
6062,2635.1464457794054
6063,2635.1464457794054
6064,2618.560184551035
6065,2618.560184551035
6066,2618.560184551035
6067,2618.560184551035
6068,2618.560184551035
6069,2618.560184551035
6070,2618.560184551035
6071,2618.560184551035
6072,2618.560184551035
6073,2618.560184551035
6074,2618.560184551035
6075,2618.560184551035
6076,2618.560184551035
6077,2618.560184551035
6078,2618.560184551035
6079,2618.560184551035
6080,2618.560184551035
6081,2618.560184551035
6082,2618.560184551035
6083,2618.560184551035
6084,2618.560184551035
6085,2554.515586182723
6086,2554.515586182723
6087,2554.515586182723
6088,2554.515586182723
6089,2554.515586182723
6090,2554.515586182723
6091,2554.515586182723
6092,2554.515586182723
6093,2554.515586182723
6094,2554.515586182723
6095,2554.515586182723
6096,2554.515586182723
6097,2554.515586182723
6098,2554.515586182723
6099,2554.515586182723
6100,2554.515586182723
6101,2554.515586182723
6102,2554.515586182723
6103,2554.515586182723
6104,2554.515586182723
6105,2554.515586182723
6106,2554.515586182723
6107,2554.515586182723
6108,2554.515586182723
6109,2554.515586182723
6110,2554.515586182723
6111,2554.515586182723
6112,2554.515586182723
6113,2554.515586182723
6114,2554.515586182723
6115,2554.515586182723
6116,2554.515586182723
6117,2554.515586182723
6118,2554.515586182723
6119,2554.515586182723
6120,2554.515586182723
6121,2554.515586182723
6122,2554.515586182723
6123,2554.515586182723
6124,2554.515586182723
6125,2554.515586182723
6126,2554.515586182723
6127,2554.515586182723
6128,2554.515586182723
6129,2554.515586182723
6130,2554.515586182723
6131,2554.515586182723
6132,2554.515586182723
6133,2554.515586182723
6134,2554.515586182723
6135,2554.515586182723
6136,2554.515586182723
6137,2554.515586182723
6138,2554.515586182723
6139,2554.515586182723
6140,2554.515586182723
6141,2554.515586182723
6142,2554.515586182723
6143,2554.515586182723
6144,2554.515586182723
6145,2554.515586182723
6146,2554.515586182723
6147,2554.515586182723
6148,2554.515586182723
6149,2554.515586182723
6150,2554.515586182723
6151,2554.515586182723
6152,2554.515586182723
6153,2554.515586182723
6154,2554.515586182723
6155,2554.515586182723
6156,2554.515586182723
6157,2554.515586182723
6158,2554.515586182723
6159,2554.515586182723
6160,2554.515586182723
6161,2554.515586182723
6162,2554.515586182723
6163,2554.515586182723
6164,2554.515586182723
6165,2554.515586182723
6166,2554.515586182723
6167,2554.515586182723
6168,2554.515586182723
6169,2554.515586182723
6170,2554.515586182723
6171,2554.515586182723
6172,2554.515586182723
6173,2554.515586182723
6174,2554.515586182723
6175,2554.515586182723
6176,2554.515586182723
6177,2554.515586182723
6178,2554.515586182723
6179,2554.515586182723
6180,2554.515586182723
6181,2554.515586182723
6182,2554.515586182723
6183,2554.515586182723
6184,2554.515586182723
6185,2554.515586182723
6186,2554.515586182723
6187,2554.515586182723
6188,2554.515586182723
6189,2554.515586182723
6190,2554.515586182723
6191,2554.515586182723
6192,2554.515586182723
6193,2554.515586182723
6194,2554.515586182723
6195,2554.515586182723
6196,2554.515586182723
6197,2554.515586182723
6198,2554.515586182723
6199,2554.515586182723
6200,2554.515586182723
6201,2554.515586182723
6202,2554.515586182723
6203,2554.515586182723
6204,2554.515586182723
6205,2554.515586182723
6206,2554.515586182723
6207,2554.515586182723
6208,2554.515586182723
6209,2554.515586182723
6210,2554.515586182723
6211,2554.515586182723
6212,2554.515586182723
6213,2554.515586182723
6214,2554.515586182723
6215,2554.515586182723
6216,2554.515586182723
6217,2554.515586182723
6218,2554.515586182723
6219,2554.515586182723
6220,2554.515586182723
6221,2554.515586182723
6222,2554.515586182723
6223,2554.515586182723
6224,2554.515586182723
6225,2554.515586182723
6226,2554.515586182723
6227,2554.515586182723
6228,2554.515586182723
6229,2554.515586182723
6230,2554.515586182723
6231,2554.515586182723
6232,2554.515586182723
6233,2554.515586182723
6234,2535.1860866964685
6235,2523.362364633998
6236,2523.362364633998
6237,2523.362364633998
6238,2523.362364633998
6239,2523.362364633998
6240,2523.362364633998
6241,2519.2047720072037
6242,2519.2047720072037
6243,2519.2047720072037
6244,2519.2047720072037
6245,2519.2047720072037
6246,2519.2047720072037
6247,2519.2047720072037
6248,2519.2047720072037
6249,2519.2047720072037
6250,2519.2047720072037
6251,2519.2047720072037
6252,2519.2047720072037
6253,2519.2047720072037
6254,2519.2047720072037
6255,2519.2047720072037
6256,2519.2047720072037
6257,2519.2047720072037
6258,2519.2047720072037
6259,2519.2047720072037
6260,2519.2047720072037
6261,2519.2047720072037
6262,2519.2047720072037
6263,2519.2047720072037
6264,2519.2047720072037
6265,2508.1968137167773
6266,2508.1968137167773
6267,2508.1968137167773
6268,2508.1968137167773
6269,2508.1968137167773
6270,2508.1968137167773
6271,2506.605519703486
6272,2506.605519703486
6273,2500.54539756341
6274,2500.54539756341
6275,2500.54539756341
6276,2500.54539756341
6277,2466.668860917767
6278,2466.668860917767
6279,2466.668860917767
6280,2466.668860917767
6281,2466.668860917767
6282,2466.668860917767
6283,2466.668860917767
6284,2466.668860917767
6285,2466.668860917767
6286,2466.668860917767
6287,2466.668860917767
6288,2466.668860917767
6289,2466.668860917767
6290,2466.668860917767
6291,2466.668860917767
6292,2466.668860917767
6293,2466.668860917767
6294,2466.668860917767
6295,2466.668860917767
6296,2466.668860917767
6297,2466.668860917767
6298,2466.668860917767
6299,2466.668860917767
6300,2466.668860917767
6301,2466.668860917767
6302,2466.668860917767
6303,2464.1248855439326
6304,2464.1248855439326
6305,2464.1248855439326
6306,2464.1248855439326
6307,2464.1248855439326
6308,2464.1248855439326
6309,2464.1248855439326
6310,2464.1248855439326
6311,2464.1248855439326
6312,2464.1248855439326
6313,2464.1248855439326
6314,2425.079854749766
6315,2425.079854749766
6316,2425.079854749766
6317,2411.032984777426
6318,2409.30047136237
6319,2409.30047136237
6320,2409.30047136237
6321,2409.30047136237
6322,2409.30047136237
6323,2409.30047136237
6324,2409.30047136237
6325,2409.30047136237
6326,2409.30047136237
6327,2409.30047136237
6328,2409.30047136237
6329,2409.30047136237
6330,2409.30047136237
6331,2409.30047136237
6332,2409.30047136237
6333,2409.30047136237
6334,2409.30047136237
6335,2409.30047136237
6336,2409.30047136237
6337,2409.30047136237
6338,2409.30047136237
6339,2409.30047136237
6340,2409.30047136237
6341,2409.30047136237
6342,2409.30047136237
6343,2409.30047136237
6344,2409.30047136237
6345,2407.2767854602107
6346,2407.2767854602107
6347,2407.2767854602107
6348,2407.2767854602107
6349,2407.2767854602107
6350,2407.2767854602107
6351,2391.6614600261996
6352,2391.6614600261996
6353,2381.0361794112628
6354,2381.0361794112628
6355,2381.0361794112628
6356,2381.0361794112628
6357,2381.0361794112628
6358,2381.0361794112628
6359,2381.0361794112628
6360,2381.0361794112628
6361,2381.0361794112628
6362,2381.0361794112628
6363,2381.0361794112628
6364,2381.0361794112628
6365,2381.0361794112628
6366,2381.0361794112628
6367,2381.0361794112628
6368,2381.0361794112628
6369,2381.0361794112628
6370,2381.0361794112628
6371,2381.0361794112628
6372,2381.0361794112628
6373,2381.0361794112628
6374,2381.0361794112628
6375,2381.0361794112628
6376,2381.0361794112628
6377,2381.0361794112628
6378,2381.0361794112628
6379,2381.0361794112628
6380,2375.155049387918
6381,2375.155049387918
6382,2375.155049387918
6383,2375.155049387918
6384,2375.155049387918
6385,2375.155049387918
6386,2375.155049387918
6387,2375.155049387918
6388,2375.155049387918
6389,2375.155049387918
6390,2375.155049387918
6391,2375.155049387918
6392,2375.155049387918
6393,2375.155049387918
6394,2375.155049387918
6395,2375.155049387918
6396,2375.155049387918
6397,2375.155049387918
6398,2375.155049387918
6399,2375.155049387918
6400,2375.155049387918
6401,2358.893106337633
6402,2358.893106337633
6403,2358.893106337633
6404,2358.893106337633
6405,2358.893106337633
6406,2358.893106337633
6407,2358.893106337633
6408,2358.893106337633
6409,2358.893106337633
6410,2358.893106337633
6411,2358.893106337633
6412,2358.893106337633
6413,2358.893106337633
6414,2358.893106337633
6415,2358.893106337633
6416,2358.893106337633
6417,2358.893106337633
6418,2358.893106337633
6419,2358.893106337633
6420,2358.893106337633
6421,2358.893106337633
6422,2358.893106337633
6423,2358.893106337633
6424,2358.893106337633
6425,2358.893106337633
6426,2358.893106337633
6427,2358.893106337633
6428,2358.893106337633
6429,2345.4249397168364
6430,2345.4249397168364
6431,2345.4249397168364
6432,2345.4249397168364
6433,2343.207218042608
6434,2343.207218042608
6435,2343.207218042608
6436,2343.207218042608
6437,2343.207218042608
6438,2343.207218042608
6439,2343.207218042608
6440,2343.207218042608
6441,2343.207218042608
6442,2343.207218042608
6443,2343.207218042608
6444,2343.207218042608
6445,2343.207218042608
6446,2343.207218042608
6447,2343.207218042608
6448,2343.207218042608
6449,2343.207218042608
6450,2343.207218042608
6451,2343.207218042608
6452,2343.207218042608
6453,2343.207218042608
6454,2336.4607613858434
6455,2322.507174793366
6456,2322.507174793366
6457,2316.068530839222
6458,2316.068530839222
6459,2316.068530839222
6460,2316.068530839222
6461,2316.068530839222
6462,2316.068530839222
6463,2316.068530839222
6464,2316.068530839222
6465,2314.917774750064
6466,2314.917774750064
6467,2314.917774750064
6468,2301.203324066966
6469,2301.203324066966
6470,2301.203324066966
6471,2301.203324066966
6472,2301.203324066966
6473,2301.203324066966
6474,2291.6458372115876
6475,2291.6458372115876
6476,2291.6458372115876
6477,2291.6458372115876
6478,2291.6458372115876
6479,2291.6458372115876
6480,2287.1212939673196
6481,2287.1212939673196
6482,2287.1212939673196
6483,2287.1212939673196
6484,2287.1212939673196
6485,2287.1212939673196
6486,2287.1212939673196
6487,2287.1212939673196
6488,2287.1212939673196
6489,2287.1212939673196
6490,2287.1212939673196
6491,2287.1212939673196
6492,2287.1212939673196
6493,2287.1212939673196
6494,2287.1212939673196
6495,2287.1212939673196
6496,2287.1212939673196
6497,2287.1212939673196
6498,2287.1212939673196
6499,2287.1212939673196
6500,2287.1212939673196
6501,2287.1212939673196
6502,2287.1212939673196
6503,2287.1212939673196
6504,2287.1212939673196
6505,2287.1212939673196
6506,2287.1212939673196
6507,2287.1212939673196
6508,2287.1212939673196
6509,2287.1212939673196
6510,2287.1212939673196
6511,2287.1212939673196
6512,2287.1212939673196
6513,2287.1212939673196
6514,2287.1212939673196
6515,2287.1212939673196
6516,2287.1212939673196
6517,2287.1212939673196
6518,2287.1212939673196
6519,2287.1212939673196
6520,2287.1212939673196
6521,2287.1212939673196
6522,2287.1212939673196
6523,2287.1212939673196
6524,2287.1212939673196
6525,2287.1212939673196
6526,2287.1212939673196
6527,2287.1212939673196
6528,2287.1212939673196
6529,2287.1212939673196
6530,2287.1212939673196
6531,2287.1212939673196
6532,2287.1212939673196
6533,2287.1212939673196
6534,2287.1212939673196
6535,2287.1212939673196
6536,2287.1212939673196
6537,2287.1212939673196
6538,2287.1212939673196
6539,2287.1212939673196
6540,2287.1212939673196
6541,2287.1212939673196
6542,2287.1212939673196
6543,2287.1212939673196
6544,2287.1212939673196
6545,2287.1212939673196
6546,2287.1212939673196
6547,2287.1212939673196
6548,2287.1212939673196
6549,2287.1212939673196
6550,2287.1212939673196
6551,2287.1212939673196
6552,2287.1212939673196
6553,2287.1212939673196
6554,2287.1212939673196
6555,2285.0156267237417
6556,2285.0156267237417
6557,2262.5080951301934
6558,2262.5080951301934
6559,2262.5080951301934
6560,2262.5080951301934
6561,2262.5080951301934
6562,2262.5080951301934
6563,2262.5080951301934
6564,2262.5080951301934
6565,2244.3559935739786
6566,2244.3559935739786
6567,2244.3559935739786
6568,2244.3559935739786
6569,2244.3559935739786
6570,2230.0793343875966
6571,2227.198316743886
6572,2227.198316743886
6573,2227.198316743886
6574,2227.198316743886
6575,2227.198316743886
6576,2227.198316743886
6577,2227.198316743886
6578,2227.198316743886
6579,2227.198316743886
6580,2227.198316743886
6581,2227.198316743886
6582,2227.198316743886
6583,2227.198316743886
6584,2227.198316743886
6585,2227.198316743886
6586,2227.198316743886
6587,2227.198316743886
6588,2227.198316743886
6589,2227.198316743886
6590,2227.198316743886
6591,2227.198316743886
6592,2227.198316743886
6593,2227.198316743886
6594,2227.198316743886
6595,2227.198316743886
6596,2227.198316743886
6597,2227.198316743886
6598,2227.198316743886
6599,2227.198316743886
6600,2227.198316743886
6601,2227.198316743886
6602,2227.198316743886
6603,2199.317606158677
6604,2199.317606158677
6605,2199.317606158677
6606,2199.317606158677
6607,2199.317606158677
6608,2199.317606158677
6609,2199.317606158677
6610,2199.317606158677
6611,2199.317606158677
6612,2199.317606158677
6613,2199.317606158677
6614,2187.2470981886963
6615,2187.2470981886963
6616,2187.2470981886963
6617,2187.2470981886963
6618,2187.2470981886963
6619,2187.2470981886963
6620,2187.2470981886963
6621,2187.2470981886963
6622,2187.2470981886963
6623,2187.2470981886963
6624,2187.2470981886963
6625,2187.2470981886963
6626,2187.2470981886963
6627,2187.2470981886963
6628,2187.2470981886963
6629,2179.7047568122066
6630,2179.7047568122066
6631,2179.7047568122066
6632,2179.7047568122066
6633,2179.7047568122066
6634,2179.7047568122066
6635,2179.7047568122066
6636,2179.7047568122066
6637,2179.7047568122066
6638,2179.7047568122066
6639,2179.7047568122066
6640,2179.7047568122066
6641,2179.7047568122066
6642,2179.7047568122066
6643,2179.7047568122066
6644,2179.7047568122066
6645,2179.7047568122066
6646,2179.7047568122066
6647,2179.7047568122066
6648,2179.7047568122066
6649,2179.7047568122066
6650,2179.7047568122066
6651,2179.7047568122066
6652,2179.7047568122066
6653,2179.7047568122066
6654,2179.7047568122066
6655,2179.7047568122066
6656,2179.7047568122066
6657,2179.7047568122066
6658,2179.7047568122066
6659,2179.7047568122066
6660,2179.7047568122066
6661,2179.7047568122066
6662,2179.7047568122066
6663,2179.7047568122066
6664,2179.7047568122066
6665,2179.7047568122066
6666,2179.7047568122066
6667,2148.872603552523
6668,2148.872603552523
6669,2148.872603552523
6670,2148.872603552523
6671,2148.872603552523
6672,2142.4735726980034
6673,2142.4735726980034
6674,2142.4735726980034
6675,2134.214682036858
6676,2134.214682036858
6677,2134.214682036858
6678,2134.214682036858
6679,2134.214682036858
6680,2134.214682036858
6681,2111.378712274355
6682,2111.378712274355
6683,2111.378712274355
6684,2111.378712274355
6685,2111.378712274355
6686,2111.378712274355
6687,2111.378712274355
6688,2111.378712274355
6689,2111.378712274355
6690,2111.378712274355
6691,2111.378712274355
6692,2104.4323758999117
6693,2104.4323758999117
6694,2104.4323758999117
6695,2102.966918632365
6696,2102.966918632365
6697,2102.966918632365
6698,2102.966918632365
6699,2102.966918632365
6700,2102.966918632365
6701,2102.966918632365
6702,2102.966918632365
6703,2101.698339359597
6704,2101.698339359597
6705,2101.698339359597
6706,2101.698339359597
6707,2101.698339359597
6708,2101.698339359597
6709,2101.698339359597
6710,2101.698339359597
6711,2101.698339359597
6712,2101.698339359597
6713,2101.698339359597
6714,2101.698339359597
6715,2101.698339359597
6716,2101.698339359597
6717,2101.698339359597
6718,2101.698339359597
6719,2101.698339359597
6720,2101.698339359597
6721,2101.698339359597
6722,2101.698339359597
6723,2101.698339359597
6724,2101.698339359597
6725,2101.698339359597
6726,2101.698339359597
6727,2101.698339359597
6728,2101.698339359597
6729,2101.698339359597
6730,2101.698339359597
6731,2101.698339359597
6732,2101.698339359597
6733,2101.698339359597
6734,2101.698339359597
6735,2101.698339359597
6736,2101.698339359597
6737,2101.698339359597
6738,2101.698339359597
6739,2101.698339359597
6740,2101.698339359597
6741,2101.698339359597
6742,2075.312089077953
6743,2075.312089077953
6744,2075.312089077953
6745,2075.312089077953
6746,2075.312089077953
6747,2075.312089077953
6748,2075.312089077953
6749,2075.312089077953
6750,2075.312089077953
6751,2075.312089077953
6752,2075.312089077953
6753,2067.944019294674
6754,2067.944019294674
6755,2067.944019294674
6756,2067.944019294674
6757,2067.944019294674
6758,2067.944019294674
6759,2067.944019294674
6760,2067.944019294674
6761,2067.944019294674
6762,2067.944019294674
6763,2050.7880556041805
6764,2050.7880556041805
6765,2050.7880556041805
6766,2050.7880556041805
6767,2050.7880556041805
6768,2050.7880556041805
6769,2050.7880556041805
6770,2050.7880556041805
6771,2050.7880556041805
6772,2050.7880556041805
6773,2050.7880556041805
6774,2050.7880556041805
6775,2050.7880556041805
6776,2050.7880556041805
6777,2050.7880556041805
6778,2050.7880556041805
6779,2046.9676557458397
6780,2046.9676557458397
6781,2046.9676557458397
6782,2046.5835630167699
6783,2046.5835630167699
6784,2046.5835630167699
6785,2046.5835630167699
6786,2046.5835630167699
6787,2046.5835630167699
6788,2046.4677182315172
6789,2046.4677182315172
6790,2046.4677182315172
6791,2046.4677182315172
6792,2046.4677182315172
6793,2040.4890671287528
6794,2040.3698673304805
6795,2040.3698673304805
6796,2040.3698673304805
6797,2040.3698673304805
6798,2040.3698673304805
6799,2040.3698673304805
6800,2040.3698673304805
6801,2040.3698673304805
6802,2040.3698673304805
6803,2040.3698673304805
6804,2040.3698673304805
6805,2040.3698673304805
6806,2040.3698673304805
6807,2040.3698673304805
6808,2040.3698673304805
6809,2040.3698673304805
6810,2040.3698673304805
6811,2040.3698673304805
6812,2040.3698673304805
6813,2040.3698673304805
6814,2040.3698673304805
6815,2040.3698673304805
6816,2040.3698673304805
6817,2040.3698673304805
6818,2040.3698673304805
6819,2040.3698673304805
6820,2040.3698673304805
6821,2040.3698673304805
6822,2040.3698673304805
6823,2040.3698673304805
6824,2040.3698673304805
6825,2040.3698673304805
6826,2040.3698673304805
6827,2040.3698673304805
6828,2040.3698673304805
6829,2040.3698673304805
6830,2040.3698673304805
6831,2040.3698673304805
6832,2040.3698673304805
6833,2040.3698673304805
6834,2040.3698673304805
6835,2040.3698673304805
6836,2040.3698673304805
6837,2040.3698673304805
6838,2040.3698673304805
6839,2040.3698673304805
6840,2040.3698673304805
6841,2040.3698673304805
6842,2040.3698673304805
6843,2040.3698673304805
6844,2040.3698673304805
6845,2040.3698673304805
6846,2040.3698673304805
6847,2040.3698673304805
6848,2040.3698673304805
6849,2040.3698673304805
6850,2040.3698673304805
6851,2040.3698673304805
6852,2040.3698673304805
6853,2040.3698673304805
6854,2040.3698673304805
6855,2040.3698673304805
6856,2040.3698673304805
6857,2040.3698673304805
6858,2040.3698673304805
6859,2040.3698673304805
6860,2040.3698673304805
6861,2040.3698673304805
6862,2040.3698673304805
6863,2040.3698673304805
6864,2040.3698673304805
6865,2040.3698673304805
6866,2040.3698673304805
6867,2040.3698673304805
6868,2040.3698673304805
6869,2040.3698673304805
6870,2040.3698673304805
6871,2040.3698673304805
6872,2040.3698673304805
6873,2040.3698673304805
6874,2040.3698673304805
6875,2040.3698673304805
6876,2040.3698673304805
6877,2040.3698673304805
6878,2040.3698673304805
6879,2040.3698673304805
6880,2040.3698673304805
6881,2040.3698673304805
6882,2040.3698673304805
6883,2040.3698673304805
6884,2040.3698673304805
6885,2040.3698673304805
6886,2040.3698673304805
6887,2040.3698673304805
6888,2040.3698673304805
6889,2040.3698673304805
6890,2040.3698673304805
6891,2040.3698673304805
6892,2040.3698673304805
6893,2040.3698673304805
6894,2040.3698673304805
6895,2040.3698673304805
6896,2040.3698673304805
6897,2040.3698673304805
6898,2040.3698673304805
6899,2040.3698673304805
6900,2040.3698673304805
6901,2040.3698673304805
6902,2040.3698673304805
6903,2040.3698673304805
6904,2040.3698673304805
6905,2040.3698673304805
6906,2040.3698673304805
6907,2040.3698673304805
6908,2040.3698673304805
6909,2040.3698673304805
6910,2040.3698673304805
6911,2040.3698673304805
6912,2040.3698673304805
6913,2040.3698673304805
6914,2040.3698673304805
6915,2040.3698673304805
6916,2040.3698673304805
6917,2040.3698673304805
6918,2040.3698673304805
6919,2040.3698673304805
6920,2040.3698673304805
6921,2040.3698673304805
6922,2040.3698673304805
6923,2040.3698673304805
6924,2040.3698673304805
6925,2040.3698673304805
6926,2040.3698673304805
6927,2040.3698673304805
6928,2040.3698673304805
6929,2040.3698673304805
6930,2040.3698673304805
6931,2040.3698673304805
6932,2040.3698673304805
6933,2040.3698673304805
6934,2040.3698673304805
6935,2040.3698673304805
6936,2040.3698673304805
6937,2040.3698673304805
6938,2040.3698673304805
6939,2040.3698673304805
6940,2040.3698673304805
6941,2040.3698673304805
6942,2040.3698673304805
6943,2040.3698673304805
6944,2040.3698673304805
6945,2040.3698673304805
6946,2040.3698673304805
6947,2040.3698673304805
6948,2040.3698673304805
6949,2040.3698673304805
6950,2040.3698673304805
6951,2040.3698673304805
6952,2040.3698673304805
6953,2040.3698673304805
6954,2040.3698673304805
6955,2040.3698673304805
6956,2040.3698673304805
6957,2040.3698673304805
6958,2040.3698673304805
6959,2040.3698673304805
6960,2040.3698673304805
6961,2040.3698673304805
6962,2040.3698673304805
6963,2040.3698673304805
6964,2040.3698673304805
6965,2040.3698673304805
6966,2040.3698673304805
6967,2040.3698673304805
6968,2040.3698673304805
6969,2040.3698673304805
6970,2040.3698673304805
6971,2040.3698673304805
6972,2040.3698673304805
6973,2040.3698673304805
6974,2040.3698673304805
6975,2040.3698673304805
6976,2040.3698673304805
6977,2040.3698673304805
6978,2040.3698673304805
6979,2040.3698673304805
6980,2040.3698673304805
6981,2040.3698673304805
6982,2040.3698673304805
6983,2040.3698673304805
6984,2040.3698673304805
6985,2040.3698673304805
6986,2040.3698673304805
6987,2040.3698673304805
6988,2040.3698673304805
6989,2040.3698673304805
6990,2040.3698673304805
6991,2040.3698673304805
6992,2040.3698673304805
6993,2040.3698673304805
6994,2040.3698673304805
6995,2040.3698673304805
6996,2040.3698673304805
6997,2040.3698673304805
6998,2040.3698673304805
6999,2040.3698673304805
7000,2040.3698673304805
7001,2040.3698673304805
7002,2040.3698673304805
7003,2040.3698673304805
7004,2040.3698673304805
7005,2040.3698673304805
7006,2040.3698673304805
7007,2040.3698673304805
7008,2040.3698673304805
7009,2040.3698673304805
7010,2040.3698673304805
7011,2040.3698673304805
7012,2040.3698673304805
7013,2040.3698673304805
7014,2040.3698673304805
7015,2040.3698673304805
7016,2040.3698673304805
7017,2040.3698673304805
7018,2040.3698673304805
7019,2040.3698673304805
7020,2040.3698673304805
7021,2040.3698673304805
7022,2040.3698673304805
7023,2040.3698673304805
7024,2040.3698673304805
7025,2040.3698673304805
7026,2040.3698673304805
7027,2040.3698673304805
7028,2040.3698673304805
7029,2040.3698673304805
7030,2040.3698673304805
7031,2040.3698673304805
7032,2040.3698673304805
7033,2040.3698673304805
7034,2040.3698673304805
7035,2040.3698673304805
7036,2040.3698673304805
7037,2040.3698673304805
7038,2040.3698673304805
7039,2040.3698673304805
7040,2040.3698673304805
7041,2040.3698673304805
7042,2040.3698673304805
7043,2040.3698673304805
7044,2040.3698673304805
7045,2040.3698673304805
7046,2040.3698673304805
7047,2040.3698673304805
7048,2040.3698673304805
7049,2040.3698673304805
7050,2040.3698673304805
7051,2040.3698673304805
7052,2040.3698673304805
7053,2040.3698673304805
7054,2040.3698673304805
7055,2040.3698673304805
7056,2040.3698673304805
7057,2040.3698673304805
7058,2040.3698673304805
7059,2040.3698673304805
7060,2040.3698673304805
7061,2040.3698673304805
7062,2040.3698673304805
7063,2040.3698673304805
7064,2040.3698673304805
7065,2040.3698673304805
7066,2040.3698673304805
7067,2040.3698673304805
7068,2040.3698673304805
7069,2040.3698673304805
7070,2040.3698673304805
7071,2040.3698673304805
7072,2040.3698673304805
7073,2040.3698673304805
7074,2040.3698673304805
7075,2040.3698673304805
7076,2040.3698673304805
7077,2040.3698673304805
7078,2040.3698673304805
7079,2040.3698673304805
7080,2040.3698673304805
7081,2040.3698673304805
7082,2040.3698673304805
7083,2040.3698673304805
7084,2040.3698673304805
7085,2040.3698673304805
7086,2040.3698673304805
7087,2040.3698673304805
7088,2040.3698673304805
7089,2040.3698673304805
7090,2040.3698673304805
7091,2040.3698673304805
7092,2040.3698673304805
7093,2040.3698673304805
7094,2040.3698673304805
7095,2040.3698673304805
7096,2040.3698673304805
7097,2040.3698673304805
7098,2040.3698673304805
7099,2040.3698673304805
7100,2040.3698673304805
7101,2040.3698673304805
7102,2040.3698673304805
7103,2040.3698673304805
7104,2040.3698673304805
7105,2040.3698673304805
7106,2040.3698673304805
7107,2040.3698673304805
7108,2040.3698673304805
7109,2040.3698673304805
7110,2040.3698673304805
7111,2040.3698673304805
7112,2040.3698673304805
7113,2040.3698673304805
7114,2040.3698673304805
7115,2040.3698673304805
7116,2040.3698673304805
7117,2040.3698673304805
7118,2040.3698673304805
7119,2040.3698673304805
7120,2040.3698673304805
7121,2040.3698673304805
7122,2040.3698673304805
7123,2040.3698673304805
7124,2035.7809078261182
7125,2035.7809078261182
7126,2035.7809078261182
7127,2029.02524852565
7128,2029.02524852565
7129,2029.02524852565
7130,2026.176522926367
7131,2026.176522926367
7132,2026.176522926367
7133,2026.176522926367
7134,2026.176522926367
7135,2026.176522926367
7136,2026.176522926367
7137,2025.5776064492152
7138,2025.5776064492152
7139,2025.5776064492152
7140,2025.5776064492152
7141,2025.5776064492152
7142,2025.5776064492152
7143,2025.5776064492152
7144,2025.5776064492152
7145,2025.5776064492152
7146,2025.5776064492152
7147,2025.5776064492152
7148,2025.5776064492152
7149,2025.5776064492152
7150,2025.5776064492152
7151,2025.5776064492152
7152,2025.5776064492152
7153,2025.5776064492152
7154,2025.5776064492152
7155,2023.7173447531288
7156,2023.7173447531288
7157,2023.7173447531288
7158,2023.7173447531288
7159,2023.7173447531288
7160,2023.7173447531288
7161,2023.7173447531288
7162,2023.7173447531288
7163,2023.7173447531288
7164,2023.7173447531288
7165,2023.7173447531288
7166,2023.7173447531288
7167,2023.7173447531288
7168,2023.7173447531288
7169,2023.7173447531288
7170,2023.7173447531288
7171,2023.7173447531288
7172,2020.987713391474
7173,2020.987713391474
7174,2020.987713391474
7175,2020.987713391474
7176,2020.987713391474
7177,2020.987713391474
7178,2020.987713391474
7179,2020.987713391474
7180,2020.987713391474
7181,2020.987713391474
7182,2020.987713391474
7183,2020.987713391474
7184,2020.987713391474
7185,2020.987713391474
7186,2020.987713391474
7187,2020.987713391474
7188,2020.987713391474
7189,2020.987713391474
7190,2020.987713391474
7191,2020.987713391474
7192,2020.987713391474
7193,2020.987713391474
7194,2020.987713391474
7195,2020.987713391474
7196,2016.028651106905
7197,2016.028651106905
7198,2016.028651106905
7199,2016.028651106905
7200,2016.028651106905
7201,2016.028651106905
7202,2016.028651106905
7203,2016.028651106905
7204,2016.028651106905
7205,2016.028651106905
7206,2016.028651106905
7207,2016.028651106905
7208,2016.028651106905
7209,2016.028651106905
7210,2016.028651106905
7211,2016.028651106905
7212,2016.028651106905
7213,2016.028651106905
7214,2016.028651106905
7215,2016.028651106905
7216,2016.028651106905
7217,2016.028651106905
7218,2016.028651106905
7219,2016.028651106905
7220,2016.028651106905
7221,2016.028651106905
7222,2016.028651106905
7223,2016.028651106905
7224,2016.028651106905
7225,2016.028651106905
7226,2016.028651106905
7227,2016.028651106905
7228,2016.028651106905
7229,2016.028651106905
7230,2016.028651106905
7231,2016.028651106905
7232,2016.028651106905
7233,2016.028651106905
7234,2016.028651106905
7235,2016.028651106905
7236,2016.028651106905
7237,2016.028651106905
7238,2016.028651106905
7239,2016.028651106905
7240,2016.028651106905
7241,2016.028651106905
7242,2016.028651106905
7243,2016.028651106905
7244,2016.028651106905
7245,2016.028651106905
7246,2016.028651106905
7247,2016.028651106905
7248,2016.028651106905
7249,2016.028651106905
7250,2016.028651106905
7251,2016.028651106905
7252,2016.028651106905
7253,2016.028651106905
7254,2016.028651106905
7255,2016.028651106905
7256,2016.028651106905
7257,2016.028651106905
7258,2016.028651106905
7259,2016.028651106905
7260,2016.028651106905
7261,2016.028651106905
7262,2016.028651106905
7263,2016.028651106905
7264,2016.028651106905
7265,2016.028651106905
7266,2016.028651106905
7267,2016.028651106905
7268,2016.028651106905
7269,2016.028651106905
7270,2016.028651106905
7271,2016.028651106905
7272,2016.028651106905
7273,2016.028651106905
7274,2016.028651106905
7275,2016.028651106905
7276,2016.028651106905
7277,2016.028651106905
7278,2016.028651106905
7279,2016.028651106905
7280,2016.028651106905
7281,2016.028651106905
7282,2016.028651106905
7283,2016.028651106905
7284,2016.028651106905
7285,2016.028651106905
7286,2016.028651106905
7287,2016.028651106905
7288,2016.028651106905
7289,2016.028651106905
7290,2016.028651106905
7291,2016.028651106905
7292,2016.028651106905
7293,2016.028651106905
7294,2016.028651106905
7295,2016.028651106905
7296,2016.028651106905
7297,2016.028651106905
7298,2016.028651106905
7299,2016.028651106905
7300,2016.028651106905
7301,2016.028651106905
7302,2016.028651106905
7303,2016.028651106905
7304,2016.028651106905
7305,2016.028651106905
7306,2016.028651106905
7307,2016.028651106905
7308,2016.028651106905
7309,2016.028651106905
7310,2016.028651106905
7311,2016.028651106905
7312,2016.028651106905
7313,2016.028651106905
7314,2016.028651106905
7315,2016.028651106905
7316,2016.028651106905
7317,2016.028651106905
7318,2016.028651106905
7319,2016.028651106905
7320,2016.028651106905
7321,2016.028651106905
7322,2016.028651106905
7323,2016.028651106905
7324,2016.028651106905
7325,2016.028651106905
7326,2016.028651106905
7327,2016.028651106905
7328,2016.028651106905
7329,2016.028651106905
7330,2016.028651106905
7331,2016.028651106905
7332,2016.028651106905
7333,2016.028651106905
7334,2016.028651106905
7335,2016.028651106905
7336,2016.028651106905
7337,2016.028651106905
7338,2016.028651106905
7339,2016.028651106905
7340,2016.028651106905
7341,2016.028651106905
7342,2016.028651106905
7343,2016.028651106905
7344,2016.028651106905
7345,2016.028651106905
7346,2016.028651106905
7347,2016.028651106905
7348,2016.028651106905
7349,2016.028651106905
7350,2016.028651106905
7351,2016.028651106905
7352,2016.028651106905
7353,2016.028651106905
7354,2016.028651106905
7355,2016.028651106905
7356,2016.028651106905
7357,2016.028651106905
7358,2016.028651106905
7359,2016.028651106905
7360,2016.028651106905
7361,2016.028651106905
7362,2016.028651106905
7363,2016.028651106905
7364,2016.028651106905
7365,2016.028651106905
7366,2016.028651106905
7367,2016.028651106905
7368,2016.028651106905
7369,2016.028651106905
7370,2016.028651106905
7371,2016.028651106905
7372,2016.028651106905
7373,2016.028651106905
7374,2016.028651106905
7375,2016.028651106905
7376,2016.028651106905
7377,2016.028651106905
7378,2016.028651106905
7379,2016.028651106905
7380,2016.028651106905
7381,2016.028651106905
7382,2016.028651106905
7383,2016.028651106905
7384,2016.028651106905
7385,2016.028651106905
7386,2016.028651106905
7387,2016.028651106905
7388,2016.028651106905
7389,2016.028651106905
7390,2016.028651106905
7391,2016.028651106905
7392,2016.028651106905
7393,2016.028651106905
7394,2016.028651106905
7395,2016.028651106905
7396,2016.028651106905
7397,2016.028651106905
7398,2016.028651106905
7399,2016.028651106905
7400,2016.028651106905
7401,2016.028651106905
7402,2016.028651106905
7403,2016.028651106905
7404,2016.028651106905
7405,2016.028651106905
7406,2016.028651106905
7407,2016.028651106905
7408,2016.028651106905
7409,2016.028651106905
7410,2016.028651106905
7411,2016.028651106905
7412,2016.028651106905
7413,2016.028651106905
7414,2016.028651106905
7415,2016.028651106905
7416,2016.028651106905
7417,2016.028651106905
7418,2016.028651106905
7419,2016.028651106905
7420,2016.028651106905
7421,2016.028651106905
7422,2016.028651106905
7423,2016.028651106905
7424,2016.028651106905
7425,2016.028651106905
7426,2016.028651106905
7427,2016.028651106905
7428,2016.028651106905
7429,2016.028651106905
7430,2016.028651106905
7431,2016.028651106905
7432,2016.028651106905
7433,2016.028651106905
7434,2016.028651106905
7435,2016.028651106905
7436,2016.028651106905
7437,2016.028651106905
7438,2016.028651106905
7439,2016.028651106905
7440,2016.028651106905
7441,2016.028651106905
7442,2016.028651106905
7443,2016.028651106905
7444,2016.028651106905
7445,2016.028651106905
7446,2016.028651106905
7447,2016.028651106905
7448,2016.028651106905
7449,2016.028651106905
7450,2016.028651106905
7451,2016.028651106905
7452,2016.028651106905
7453,2016.028651106905
7454,2016.028651106905
7455,2016.028651106905
7456,2016.028651106905
7457,2016.028651106905
7458,2016.028651106905
7459,2016.028651106905
7460,2016.028651106905
7461,2016.028651106905
7462,2016.028651106905
7463,2016.028651106905
7464,2016.028651106905
7465,2016.028651106905
7466,2016.028651106905
7467,2016.028651106905
7468,2016.028651106905
7469,2016.028651106905
7470,2016.028651106905
7471,2016.028651106905
7472,2016.028651106905
7473,2016.028651106905
7474,2016.028651106905
7475,2016.028651106905
7476,2016.028651106905
7477,2016.028651106905
7478,2016.028651106905
7479,2016.028651106905
7480,2016.028651106905
7481,2016.028651106905
7482,2016.028651106905
7483,2016.028651106905
7484,2016.028651106905
7485,2016.028651106905
7486,2016.028651106905
7487,2016.028651106905
7488,2016.028651106905
7489,2016.028651106905
7490,2016.028651106905
7491,2016.028651106905
7492,2016.028651106905
7493,2016.028651106905
7494,2016.028651106905
7495,2016.028651106905
7496,2016.028651106905
7497,2016.028651106905
7498,2016.028651106905
7499,2016.028651106905
7500,2016.028651106905
7501,2016.028651106905
7502,2016.028651106905
7503,2016.028651106905
7504,2016.028651106905
7505,2016.028651106905
7506,2016.028651106905
7507,2016.028651106905
7508,2016.028651106905
7509,2016.028651106905
7510,2016.028651106905
7511,2016.028651106905
7512,2016.028651106905
7513,2016.028651106905
7514,2016.028651106905
7515,2016.028651106905
7516,2016.028651106905
7517,2016.028651106905
7518,2016.028651106905
7519,2016.028651106905
7520,2016.028651106905
7521,2016.028651106905
7522,2016.028651106905
7523,2016.028651106905
7524,2016.028651106905
7525,2016.028651106905
7526,2016.028651106905
7527,2016.028651106905
7528,2016.028651106905
7529,2016.028651106905
7530,2016.028651106905
7531,2016.028651106905
7532,2016.028651106905
7533,2016.028651106905
7534,2016.028651106905
7535,2016.028651106905
7536,2016.028651106905
7537,2016.028651106905
7538,2016.028651106905
7539,2016.028651106905
7540,2016.028651106905
7541,2016.028651106905
7542,2016.028651106905
7543,2016.028651106905
7544,2016.028651106905
7545,2016.028651106905
7546,2016.028651106905
7547,2016.028651106905
7548,2016.028651106905
7549,2016.028651106905
7550,2016.028651106905
7551,2016.028651106905
7552,2016.028651106905
7553,2016.028651106905
7554,2016.028651106905
7555,2016.028651106905
7556,2016.028651106905
7557,2016.028651106905
7558,2016.028651106905
7559,2016.028651106905
7560,2016.028651106905
7561,2016.028651106905
7562,2016.028651106905
7563,2016.028651106905
7564,2016.028651106905
7565,2016.028651106905
7566,2016.028651106905
7567,2016.028651106905
7568,2016.028651106905
7569,2016.028651106905
7570,2016.028651106905
7571,2016.028651106905
7572,2016.028651106905
7573,2016.028651106905
7574,2016.028651106905
7575,2016.028651106905
7576,2016.028651106905
7577,2016.028651106905
7578,2016.028651106905
7579,2016.028651106905
7580,2016.028651106905
7581,2016.028651106905
7582,2016.028651106905
7583,2016.028651106905
7584,2016.028651106905
7585,2016.028651106905
7586,2016.028651106905
7587,2016.028651106905
7588,2016.028651106905
7589,2016.028651106905
7590,2016.028651106905
7591,2016.028651106905
7592,2016.028651106905
7593,2016.028651106905
7594,2016.028651106905
7595,2016.028651106905
7596,2016.028651106905
7597,2016.028651106905
7598,2016.028651106905
7599,2016.028651106905
7600,2016.028651106905
7601,2016.028651106905
7602,2016.028651106905
7603,2016.028651106905
7604,2016.028651106905
7605,2016.028651106905
7606,2016.028651106905
7607,2016.028651106905
7608,2016.028651106905
7609,2016.028651106905
7610,2016.028651106905
7611,2016.028651106905
7612,2016.028651106905
7613,2016.028651106905
7614,2016.028651106905
7615,2016.028651106905
7616,2016.028651106905
7617,2016.028651106905
7618,2016.028651106905
7619,2016.028651106905
7620,2016.028651106905
7621,2016.028651106905
7622,2016.028651106905
7623,2016.028651106905
7624,2016.028651106905
7625,2016.028651106905
7626,2016.028651106905
7627,2016.028651106905
7628,2016.028651106905
7629,2016.028651106905
7630,2016.028651106905
7631,2016.028651106905
7632,2016.028651106905
7633,2016.028651106905
7634,2016.028651106905
7635,2016.028651106905
7636,2016.028651106905
7637,2016.028651106905
7638,2016.028651106905
7639,2016.028651106905
7640,2007.4219959697596
7641,2007.4219959697596
7642,2002.8117181238588
7643,2002.8117181238588
7644,2002.8117181238588
7645,2002.8117181238588
7646,2002.8117181238588
7647,2002.8117181238588
7648,2002.8117181238588
7649,2002.8117181238588
7650,2002.8117181238588
7651,2002.8117181238588
7652,2002.8117181238588
7653,2002.8117181238588
7654,2002.8117181238588
7655,2002.8117181238588
7656,2002.8117181238588
7657,2002.8117181238588
7658,2002.8117181238588
7659,2002.8117181238588
7660,2002.8117181238588
7661,2002.8117181238588
7662,2002.8117181238588
7663,2002.8117181238588
7664,2002.8117181238588
7665,2002.8117181238588
7666,2002.8117181238588
7667,2002.8117181238588
7668,2002.8117181238588
7669,2002.8117181238588
7670,2002.8117181238588
7671,2002.8117181238588
7672,2002.8117181238588
7673,2002.8117181238588
7674,2002.8117181238588
7675,2002.8117181238588
7676,2002.8117181238588
7677,2002.8117181238588
7678,2002.8117181238588
7679,2002.8117181238588
7680,2002.8117181238588
7681,2002.8117181238588
7682,2002.8117181238588
7683,2002.8117181238588
7684,2002.8117181238588
7685,2002.8117181238588
7686,2002.8117181238588
7687,2002.8117181238588
7688,2002.8117181238588
7689,2002.8117181238588
7690,2002.8117181238588
7691,2002.8117181238588
7692,2002.8117181238588
7693,2002.8117181238588
7694,2002.8117181238588
7695,2002.8117181238588
7696,2002.8117181238588
7697,2002.8117181238588
7698,2002.8117181238588
7699,2002.8117181238588
7700,2002.8117181238588
7701,2002.8117181238588
7702,2002.8117181238588
7703,2002.8117181238588
7704,2002.8117181238588
7705,2002.8117181238588
7706,2002.8117181238588
7707,2002.8117181238588
7708,2002.8117181238588
7709,2002.8117181238588
7710,2002.8117181238588
7711,2002.8117181238588
7712,2002.8117181238588
7713,2002.8117181238588
7714,2002.8117181238588
7715,2002.8117181238588
7716,2002.8117181238588
7717,2002.8117181238588
7718,2002.8117181238588
7719,2002.8117181238588
7720,2002.8117181238588
7721,2002.8117181238588
7722,2002.8117181238588
7723,2002.8117181238588
7724,2002.8117181238588
7725,2002.8117181238588
7726,2002.8117181238588
7727,2002.8117181238588
7728,2002.8117181238588
7729,2001.7866809295485
7730,2001.7866809295485
7731,1979.0900792233629
7732,1979.0900792233629
7733,1979.0900792233629
7734,1979.0900792233629
7735,1979.0900792233629
7736,1979.0900792233629
7737,1979.0900792233629
7738,1979.0900792233629
7739,1979.0900792233629
7740,1979.0900792233629
7741,1979.0900792233629
7742,1979.0900792233629
7743,1979.0900792233629
7744,1979.0900792233629
7745,1979.0900792233629
7746,1979.0900792233629
7747,1979.0900792233629
7748,1979.0900792233629
7749,1971.7639243889053
7750,1971.7639243889053
7751,1971.7639243889053
7752,1971.7639243889053
7753,1971.7639243889053
7754,1971.7639243889053
7755,1971.7639243889053
7756,1971.7639243889053
7757,1971.7639243889053
7758,1964.7595294117868
7759,1964.7595294117868
7760,1964.7595294117868
7761,1964.7595294117868
7762,1964.7595294117868
7763,1964.7595294117868
7764,1964.7595294117868
7765,1964.7595294117868
7766,1964.7595294117868
7767,1964.7595294117868
7768,1964.7595294117868
7769,1964.7595294117868
7770,1964.7595294117868
7771,1964.7595294117868
7772,1964.7595294117868
7773,1964.7595294117868
7774,1964.7595294117868
7775,1964.7595294117868
7776,1964.7595294117868
7777,1964.7595294117868
7778,1964.7595294117868
7779,1964.7595294117868
7780,1964.7595294117868
7781,1951.1017600421897
7782,1951.1017600421897
7783,1951.1017600421897
7784,1951.1017600421897
7785,1951.1017600421897
7786,1951.1017600421897
7787,1951.1017600421897
7788,1951.1017600421897
7789,1951.1017600421897
7790,1951.1017600421897
7791,1951.1017600421897
7792,1951.1017600421897
7793,1951.1017600421897
7794,1951.1017600421897
7795,1951.1017600421897
7796,1951.1017600421897
7797,1951.1017600421897
7798,1951.1017600421897
7799,1951.1017600421897
7800,1951.1017600421897
7801,1951.1017600421897
7802,1951.1017600421897
7803,1951.1017600421897
7804,1951.1017600421897
7805,1951.1017600421897
7806,1951.1017600421897
7807,1951.1017600421897
7808,1951.1017600421897
7809,1951.1017600421897
7810,1951.1017600421897
7811,1951.1017600421897
7812,1951.1017600421897
7813,1951.1017600421897
7814,1951.1017600421897
7815,1951.1017600421897
7816,1951.1017600421897
7817,1951.1017600421897
7818,1951.1017600421897
7819,1951.1017600421897
7820,1951.1017600421897
7821,1951.1017600421897
7822,1951.1017600421897
7823,1951.1017600421897
7824,1951.1017600421897
7825,1951.1017600421897
7826,1951.1017600421897
7827,1951.1017600421897
7828,1951.1017600421897
7829,1951.1017600421897
7830,1951.1017600421897
7831,1951.1017600421897
7832,1951.1017600421897
7833,1951.1017600421897
7834,1951.1017600421897
7835,1951.1017600421897
7836,1951.1017600421897
7837,1951.1017600421897
7838,1951.1017600421897
7839,1951.1017600421897
7840,1951.1017600421897
7841,1951.1017600421897
7842,1951.1017600421897
7843,1951.1017600421897
7844,1951.1017600421897
7845,1951.1017600421897
7846,1951.1017600421897
7847,1951.1017600421897
7848,1951.1017600421897
7849,1951.1017600421897
7850,1951.1017600421897
7851,1951.1017600421897
7852,1951.1017600421897
7853,1951.1017600421897
7854,1951.1017600421897
7855,1951.1017600421897
7856,1951.1017600421897
7857,1951.1017600421897
7858,1951.1017600421897
7859,1951.1017600421897
7860,1951.1017600421897
7861,1951.1017600421897
7862,1948.0568292782768
7863,1948.0568292782768
7864,1948.0568292782768
7865,1948.0568292782768
7866,1948.0568292782768
7867,1948.0568292782768
7868,1948.0568292782768
7869,1946.2608306066809
7870,1932.3360419110622
7871,1932.3360419110622
7872,1932.3360419110622
7873,1932.3360419110622
7874,1932.3360419110622
7875,1932.3360419110622
7876,1932.3360419110622
7877,1932.3360419110622
7878,1932.3360419110622
7879,1932.3360419110622
7880,1932.3360419110622
7881,1932.3360419110622
7882,1932.3360419110622
7883,1932.3360419110622
7884,1932.3360419110622
7885,1916.5571933916972
7886,1916.5571933916972
7887,1916.5571933916972
7888,1916.5571933916972
7889,1916.5571933916972
7890,1916.5571933916972
7891,1916.5571933916972
7892,1916.5571933916972
7893,1916.5571933916972
7894,1916.5571933916972
7895,1916.5571933916972
7896,1916.5571933916972
7897,1916.5571933916972
7898,1916.5571933916972
7899,1916.5571933916972
7900,1916.5571933916972
7901,1916.5571933916972
7902,1916.5571933916972
7903,1916.5571933916972
7904,1916.5571933916972
7905,1916.5571933916972
7906,1916.5571933916972
7907,1916.5571933916972
7908,1916.5571933916972
7909,1916.5571933916972
7910,1916.5571933916972
7911,1916.5571933916972
7912,1916.5571933916972
7913,1916.5571933916972
7914,1916.5571933916972
7915,1916.5571933916972
7916,1916.5571933916972
7917,1916.5571933916972
7918,1916.5571933916972
7919,1916.5571933916972
7920,1916.5571933916972
7921,1916.5571933916972
7922,1916.5571933916972
7923,1916.5571933916972
7924,1916.5571933916972
7925,1916.5571933916972
7926,1916.5571933916972
7927,1916.5571933916972
7928,1916.5571933916972
7929,1916.5571933916972
7930,1916.5571933916972
7931,1916.5571933916972
7932,1916.5571933916972
7933,1916.5571933916972
7934,1916.5571933916972
7935,1916.5571933916972
7936,1916.5571933916972
7937,1916.5571933916972
7938,1916.5571933916972
7939,1916.5571933916972
7940,1916.5571933916972
7941,1916.5571933916972
7942,1916.5571933916972
7943,1916.5571933916972
7944,1916.5571933916972
7945,1916.5571933916972
7946,1916.5571933916972
7947,1916.5571933916972
7948,1916.5571933916972
7949,1916.5571933916972
7950,1916.5571933916972
7951,1916.5571933916972
7952,1916.5571933916972
7953,1916.5571933916972
7954,1916.5571933916972
7955,1916.5571933916972
7956,1916.5571933916972
7957,1916.5571933916972
7958,1916.5571933916972
7959,1916.5571933916972
7960,1916.5571933916972
7961,1916.5571933916972
7962,1916.5571933916972
7963,1916.5571933916972
7964,1911.1797875568443
7965,1911.1797875568443
7966,1911.1797875568443
7967,1911.1797875568443
7968,1911.1797875568443
7969,1911.1797875568443
7970,1911.1797875568443
7971,1911.1797875568443
7972,1911.1797875568443
7973,1911.1797875568443
7974,1911.1797875568443
7975,1911.1797875568443
7976,1911.1797875568443
7977,1911.1797875568443
7978,1911.1797875568443
7979,1911.1797875568443
7980,1911.1797875568443
7981,1911.1797875568443
7982,1911.1797875568443
7983,1911.1797875568443
7984,1911.1797875568443
7985,1911.1797875568443
7986,1911.1797875568443
7987,1911.1797875568443
7988,1911.1797875568443
7989,1911.1797875568443
7990,1911.1797875568443
7991,1911.1797875568443
7992,1911.1797875568443
7993,1911.1797875568443
7994,1911.1797875568443
7995,1911.1797875568443
7996,1911.1797875568443
7997,1911.1797875568443
7998,1911.1797875568443
7999,1911.1797875568443
8000,1911.1797875568443
8001,1911.1797875568443
8002,1911.1797875568443
8003,1911.1797875568443
8004,1911.1797875568443
8005,1911.1797875568443
8006,1911.1797875568443
8007,1911.1797875568443
8008,1911.1797875568443
8009,1911.1797875568443
8010,1911.1797875568443
8011,1911.1797875568443
8012,1911.1797875568443
8013,1911.1797875568443
8014,1911.1797875568443
8015,1911.1797875568443
8016,1911.1797875568443
8017,1911.1797875568443
8018,1911.1797875568443
8019,1911.1797875568443
8020,1911.1797875568443
8021,1911.1797875568443
8022,1911.1797875568443
8023,1911.1797875568443
8024,1911.1797875568443
8025,1911.1797875568443
8026,1911.1797875568443
8027,1911.1797875568443
8028,1911.1797875568443
8029,1911.1797875568443
8030,1911.1797875568443
8031,1911.1797875568443
8032,1911.1797875568443
8033,1911.1797875568443
8034,1911.1797875568443
8035,1911.1797875568443
8036,1911.1797875568443
8037,1911.1797875568443
8038,1911.1797875568443
8039,1911.1797875568443
8040,1911.1797875568443
8041,1911.1797875568443
8042,1911.1797875568443
8043,1911.1797875568443
8044,1911.1797875568443
8045,1911.1797875568443
8046,1911.1797875568443
8047,1911.1797875568443
8048,1911.1797875568443
8049,1911.1797875568443
8050,1911.1797875568443
8051,1911.1797875568443
8052,1911.1797875568443
8053,1911.1797875568443
8054,1911.1797875568443
8055,1911.1797875568443
8056,1911.1797875568443
8057,1911.1797875568443
8058,1911.1797875568443
8059,1911.1797875568443
8060,1911.1797875568443
8061,1911.1797875568443
8062,1911.1797875568443
8063,1911.1797875568443
8064,1911.1797875568443
8065,1911.1797875568443
8066,1911.1797875568443
8067,1911.1797875568443
8068,1911.1797875568443
8069,1911.1797875568443
8070,1911.1797875568443
8071,1911.1797875568443
8072,1911.1797875568443
8073,1911.1797875568443
8074,1911.1797875568443
8075,1911.1797875568443
8076,1911.1797875568443
8077,1911.1797875568443
8078,1911.1797875568443
8079,1911.1797875568443
8080,1911.1797875568443
8081,1911.1797875568443
8082,1911.1797875568443
8083,1911.1797875568443
8084,1911.1797875568443
8085,1911.1797875568443
8086,1911.1797875568443
8087,1911.1797875568443
8088,1911.1797875568443
8089,1911.1797875568443
8090,1911.1797875568443
8091,1911.1797875568443
8092,1911.1797875568443
8093,1911.1797875568443
8094,1911.1797875568443
8095,1911.1797875568443
8096,1911.1797875568443
8097,1911.1797875568443
8098,1911.1797875568443
8099,1911.1797875568443
8100,1911.1797875568443
8101,1911.1797875568443
8102,1911.1797875568443
8103,1911.1797875568443
8104,1911.1797875568443
8105,1911.1797875568443
8106,1911.1797875568443
8107,1911.1797875568443
8108,1911.1797875568443
8109,1911.1797875568443
8110,1911.1797875568443
8111,1911.1797875568443
8112,1911.1797875568443
8113,1911.1797875568443
8114,1911.1797875568443
8115,1911.1797875568443
8116,1911.1797875568443
8117,1911.1797875568443
8118,1911.1797875568443
8119,1911.1797875568443
8120,1911.1797875568443
8121,1911.1797875568443
8122,1911.1797875568443
8123,1911.1797875568443
8124,1911.1797875568443
8125,1911.1797875568443
8126,1896.966831020093
8127,1896.966831020093
8128,1896.966831020093
8129,1896.966831020093
8130,1896.966831020093
8131,1896.966831020093
8132,1896.966831020093
8133,1896.966831020093
8134,1896.966831020093
8135,1894.434103251533
8136,1894.434103251533
8137,1894.434103251533
8138,1894.434103251533
8139,1894.434103251533
8140,1894.434103251533
8141,1894.434103251533
8142,1894.434103251533
8143,1894.434103251533
8144,1894.434103251533
8145,1894.434103251533
8146,1894.434103251533
8147,1894.434103251533
8148,1894.434103251533
8149,1894.434103251533
8150,1894.434103251533
8151,1894.434103251533
8152,1894.434103251533
8153,1868.6851070782209
8154,1868.6851070782209
8155,1868.6851070782209
8156,1868.6851070782209
8157,1868.6851070782209
8158,1868.6851070782209
8159,1868.6851070782209
8160,1868.6851070782209
8161,1868.6851070782209
8162,1868.6851070782209
8163,1868.6851070782209
8164,1868.6851070782209
8165,1868.6851070782209
8166,1868.6851070782209
8167,1868.6851070782209
8168,1868.6851070782209
8169,1868.6851070782209
8170,1868.6851070782209
8171,1868.6851070782209
8172,1868.6851070782209
8173,1868.6851070782209
8174,1868.6851070782209
8175,1868.6851070782209
8176,1868.6851070782209
8177,1868.6851070782209
8178,1868.6851070782209
8179,1866.7525567493562
8180,1863.6169086809364
8181,1863.6169086809364
8182,1863.6169086809364
8183,1863.6169086809364
8184,1863.6169086809364
8185,1840.571212868941
8186,1840.571212868941
8187,1840.571212868941
8188,1840.571212868941
8189,1840.571212868941
8190,1840.571212868941
8191,1840.571212868941
8192,1840.571212868941
8193,1840.571212868941
8194,1840.571212868941
8195,1838.0466896675584
8196,1838.0466896675584
8197,1838.0466896675584
8198,1838.0466896675584
8199,1838.0466896675584
8200,1838.0466896675584
8201,1838.0466896675584
8202,1838.0466896675584
8203,1838.0466896675584
8204,1834.0498664175907
8205,1834.0498664175907
8206,1834.0498664175907
8207,1834.0498664175907
8208,1834.0498664175907
8209,1834.0498664175907
8210,1834.0498664175907
8211,1834.0498664175907
8212,1834.0498664175907
8213,1834.0498664175907
8214,1834.0498664175907
8215,1834.0498664175907
8216,1834.0498664175907
8217,1834.0498664175907
8218,1834.0498664175907
8219,1834.0498664175907
8220,1834.0498664175907
8221,1834.0498664175907
8222,1834.0498664175907
8223,1834.0498664175907
8224,1834.0498664175907
8225,1834.0498664175907
8226,1834.0498664175907
8227,1834.0498664175907
8228,1834.0498664175907
8229,1834.0498664175907
8230,1834.0498664175907
8231,1834.0498664175907
8232,1834.0498664175907
8233,1834.0498664175907
8234,1834.0498664175907
8235,1834.0498664175907
8236,1834.0498664175907
8237,1834.0498664175907
8238,1834.0498664175907
8239,1834.0498664175907
8240,1834.0498664175907
8241,1834.0498664175907
8242,1834.0498664175907
8243,1834.0498664175907
8244,1834.0498664175907
8245,1834.0498664175907
8246,1834.0498664175907
8247,1834.0498664175907
8248,1834.0498664175907
8249,1834.0498664175907
8250,1834.0498664175907
8251,1834.0498664175907
8252,1834.0498664175907
8253,1834.0498664175907
8254,1834.0498664175907
8255,1834.0498664175907
8256,1834.0498664175907
8257,1834.0498664175907
8258,1834.0498664175907
8259,1834.0498664175907
8260,1834.0498664175907
8261,1834.0498664175907
8262,1834.0498664175907
8263,1834.0498664175907
8264,1834.0498664175907
8265,1834.0498664175907
8266,1834.0498664175907
8267,1834.0498664175907
8268,1834.0498664175907
8269,1834.0498664175907
8270,1834.0498664175907
8271,1834.0498664175907
8272,1834.0498664175907
8273,1834.0498664175907
8274,1834.0498664175907
8275,1834.0498664175907
8276,1834.0498664175907
8277,1834.0498664175907
8278,1834.0498664175907
8279,1834.0498664175907
8280,1834.0498664175907
8281,1834.0498664175907
8282,1834.0498664175907
8283,1834.0498664175907
8284,1834.0498664175907
8285,1834.0498664175907
8286,1834.0498664175907
8287,1834.0498664175907
8288,1834.0498664175907
8289,1834.0498664175907
8290,1834.0498664175907
8291,1834.0498664175907
8292,1834.0498664175907
8293,1834.0498664175907
8294,1834.0498664175907
8295,1834.0498664175907
8296,1834.0498664175907
8297,1834.0498664175907
8298,1834.0498664175907
8299,1834.0498664175907
8300,1834.0498664175907
8301,1834.0498664175907
8302,1827.149106283639
8303,1827.149106283639
8304,1827.149106283639
8305,1827.149106283639
8306,1827.149106283639
8307,1827.149106283639
8308,1827.149106283639
8309,1827.149106283639
8310,1827.149106283639
8311,1825.5721488079926
8312,1825.5721488079926
8313,1825.5721488079926
8314,1825.5721488079926
8315,1824.8673905053547
8316,1824.8673905053547
8317,1824.8673905053547
8318,1824.8673905053547
8319,1824.8673905053547
8320,1824.8673905053547
8321,1824.8673905053547
8322,1824.8673905053547
8323,1824.8673905053547
8324,1824.8673905053547
8325,1824.8673905053547
8326,1824.8673905053547
8327,1824.8673905053547
8328,1824.8673905053547
8329,1824.8673905053547
8330,1824.8673905053547
8331,1824.8673905053547
8332,1824.8673905053547
8333,1824.8673905053547
8334,1824.8673905053547
8335,1824.8673905053547
8336,1824.8673905053547
8337,1824.8673905053547
8338,1824.8673905053547
8339,1824.8673905053547
8340,1824.8673905053547
8341,1824.8673905053547
8342,1824.8673905053547
8343,1824.8673905053547
8344,1824.8673905053547
8345,1824.8673905053547
8346,1824.8673905053547
8347,1824.8673905053547
8348,1824.8673905053547
8349,1824.8673905053547
8350,1824.8673905053547
8351,1824.8673905053547
8352,1824.8673905053547
8353,1821.4133202314715
8354,1821.4133202314715
8355,1821.4133202314715
8356,1821.4133202314715
8357,1821.4133202314715
8358,1821.4133202314715
8359,1821.4133202314715
8360,1821.4133202314715
8361,1821.4133202314715
8362,1821.4133202314715
8363,1821.4133202314715
8364,1821.4133202314715
8365,1817.4854899891934
8366,1817.4854899891934
8367,1817.4854899891934
8368,1817.4854899891934
8369,1807.6490606757447
8370,1807.6490606757447
8371,1807.6490606757447
8372,1807.6490606757447
8373,1807.6490606757447
8374,1807.6490606757447
8375,1807.6490606757447
8376,1807.6490606757447
8377,1807.6490606757447
8378,1807.6490606757447
8379,1807.6490606757447
8380,1807.6490606757447
8381,1807.6490606757447
8382,1807.6490606757447
8383,1807.6490606757447
8384,1807.6490606757447
8385,1807.6490606757447
8386,1807.6490606757447
8387,1807.6490606757447
8388,1807.6490606757447
8389,1807.6490606757447
8390,1807.6490606757447
8391,1807.6490606757447
8392,1807.6490606757447
8393,1807.6490606757447
8394,1807.6490606757447
8395,1807.6490606757447
8396,1807.6490606757447
8397,1807.6490606757447
8398,1807.6490606757447
8399,1807.6490606757447
8400,1807.6490606757447
8401,1807.6490606757447
8402,1807.6490606757447
8403,1807.6490606757447
8404,1807.6490606757447
8405,1807.6490606757447
8406,1807.6490606757447
8407,1807.6490606757447
8408,1807.6490606757447
8409,1807.6490606757447
8410,1807.6490606757447
8411,1807.6490606757447
8412,1807.6490606757447
8413,1807.6490606757447
8414,1807.6490606757447
8415,1807.6490606757447
8416,1807.6490606757447
8417,1807.6490606757447
8418,1807.6490606757447
8419,1807.6490606757447
8420,1807.6490606757447
8421,1807.6490606757447
8422,1807.6490606757447
8423,1807.6490606757447
8424,1807.6490606757447
8425,1807.6490606757447
8426,1807.6490606757447
8427,1807.6490606757447
8428,1807.6490606757447
8429,1802.289434515002
8430,1802.289434515002
8431,1802.289434515002
8432,1802.289434515002
8433,1802.289434515002
8434,1802.289434515002
8435,1802.289434515002
8436,1802.289434515002
8437,1802.289434515002
8438,1802.289434515002
8439,1802.289434515002
8440,1802.289434515002
8441,1802.289434515002
8442,1802.289434515002
8443,1802.289434515002
8444,1802.289434515002
8445,1802.289434515002
8446,1802.289434515002
8447,1802.289434515002
8448,1802.289434515002
8449,1802.289434515002
8450,1795.6591241242832
8451,1795.6591241242832
8452,1795.6591241242832
8453,1795.6591241242832
8454,1795.6591241242832
8455,1795.6591241242832
8456,1795.6591241242832
8457,1795.6591241242832
8458,1795.6591241242832
8459,1795.6591241242832
8460,1795.6591241242832
8461,1795.6591241242832
8462,1795.6591241242832
8463,1795.6591241242832
8464,1795.6591241242832
8465,1795.6591241242832
8466,1795.6591241242832
8467,1795.6591241242832
8468,1795.6591241242832
8469,1795.6591241242832
8470,1795.6591241242832
8471,1795.6591241242832
8472,1795.6591241242832
8473,1795.6591241242832
8474,1795.6591241242832
8475,1795.6591241242832
8476,1795.6591241242832
8477,1795.6591241242832
8478,1795.6591241242832
8479,1795.6591241242832
8480,1795.6591241242832
8481,1789.9076659447755
8482,1789.9076659447755
8483,1789.9076659447755
8484,1789.9076659447755
8485,1789.9076659447755
8486,1789.9076659447755
8487,1789.9076659447755
8488,1789.9076659447755
8489,1789.9076659447755
8490,1789.9076659447755
8491,1789.9076659447755
8492,1789.9076659447755
8493,1789.9076659447755
8494,1764.1663678430937
8495,1764.1663678430937
8496,1764.1663678430937
8497,1764.1663678430937
8498,1764.1663678430937
8499,1764.1663678430937
8500,1764.1663678430937
8501,1764.1663678430937
8502,1764.1663678430937
8503,1764.1663678430937
8504,1764.1663678430937
8505,1764.1663678430937
8506,1764.1663678430937
8507,1764.1663678430937
8508,1764.1663678430937
8509,1764.1663678430937
8510,1764.1663678430937
8511,1764.1663678430937
8512,1764.1663678430937
8513,1764.1663678430937
8514,1764.1663678430937
8515,1764.1663678430937
8516,1764.1663678430937
8517,1764.1663678430937
8518,1764.1663678430937
8519,1763.8572429692144
8520,1763.8572429692144
8521,1763.8572429692144
8522,1763.8572429692144
8523,1763.8572429692144
8524,1763.8572429692144
8525,1763.8572429692144
8526,1763.8572429692144
8527,1763.8572429692144
8528,1763.8572429692144
8529,1763.8572429692144
8530,1763.8572429692144
8531,1763.8572429692144
8532,1763.8572429692144
8533,1763.8572429692144
8534,1763.8572429692144
8535,1763.8572429692144
8536,1763.8572429692144
8537,1763.8572429692144
8538,1763.8572429692144
8539,1763.8572429692144
8540,1763.8572429692144
8541,1763.8572429692144
8542,1763.8572429692144
8543,1763.8572429692144
8544,1763.8572429692144
8545,1763.8572429692144
8546,1763.8572429692144
8547,1763.8572429692144
8548,1763.8572429692144
8549,1763.8572429692144
8550,1763.8572429692144
8551,1763.8572429692144
8552,1763.8572429692144
8553,1763.8572429692144
8554,1763.8572429692144
8555,1763.8572429692144
8556,1763.8572429692144
8557,1763.8572429692144
8558,1763.8572429692144
8559,1763.8572429692144
8560,1763.8572429692144
8561,1763.8572429692144
8562,1763.8572429692144
8563,1763.8572429692144
8564,1763.8572429692144
8565,1763.8572429692144
8566,1763.8572429692144
8567,1763.8572429692144
8568,1763.8572429692144
8569,1763.8572429692144
8570,1763.8572429692144
8571,1763.8572429692144
8572,1763.8572429692144
8573,1763.8572429692144
8574,1763.8572429692144
8575,1763.8572429692144
8576,1763.8572429692144
8577,1763.8572429692144
8578,1763.8572429692144
8579,1763.8572429692144
8580,1763.8572429692144
8581,1763.7803151460862
8582,1763.7803151460862
8583,1763.7803151460862
8584,1763.7803151460862
8585,1763.7803151460862
8586,1760.4794266804056
8587,1760.4794266804056
8588,1760.4794266804056
8589,1760.4794266804056
8590,1760.4794266804056
8591,1760.4794266804056
8592,1760.4794266804056
8593,1760.4794266804056
8594,1760.4794266804056
8595,1760.4794266804056
8596,1760.4794266804056
8597,1760.4794266804056
8598,1760.4794266804056
8599,1760.4794266804056
8600,1760.4794266804056
8601,1760.4794266804056
8602,1760.4794266804056
8603,1760.4794266804056
8604,1760.4794266804056
8605,1760.4794266804056
8606,1760.4794266804056
8607,1760.4794266804056
8608,1760.4794266804056
8609,1760.4794266804056
8610,1760.4794266804056
8611,1760.4794266804056
8612,1760.4794266804056
8613,1760.4794266804056
8614,1760.4794266804056
8615,1760.4794266804056
8616,1760.4794266804056
8617,1760.0870677454946
8618,1760.0870677454946
8619,1757.0533951178077
8620,1757.0533951178077
8621,1757.0533951178077
8622,1757.0533951178077
8623,1757.0533951178077
8624,1757.0533951178077
8625,1757.0533951178077
8626,1757.0533951178077
8627,1757.0533951178077
8628,1757.0533951178077
8629,1757.0533951178077
8630,1757.0533951178077
8631,1757.0533951178077
8632,1757.0533951178077
8633,1757.0533951178077
8634,1757.0533951178077
8635,1757.0533951178077
8636,1757.0533951178077
8637,1757.0533951178077
8638,1757.0533951178077
8639,1757.0533951178077
8640,1757.0533951178077
8641,1757.0533951178077
8642,1757.0533951178077
8643,1757.0533951178077
8644,1757.0533951178077
8645,1757.0533951178077
8646,1757.0533951178077
8647,1757.0533951178077
8648,1757.0533951178077
8649,1757.0533951178077
8650,1757.0533951178077
8651,1757.0533951178077
8652,1757.0533951178077
8653,1757.0533951178077
8654,1757.0533951178077
8655,1757.0533951178077
8656,1757.0533951178077
8657,1757.0533951178077
8658,1757.0533951178077
8659,1757.0533951178077
8660,1757.0533951178077
8661,1757.0533951178077
8662,1757.0533951178077
8663,1757.0533951178077
8664,1757.0533951178077
8665,1757.0533951178077
8666,1757.0533951178077
8667,1757.0533951178077
8668,1757.0533951178077
8669,1757.0533951178077
8670,1757.0533951178077
8671,1755.9268128777408
8672,1755.9268128777408
8673,1755.9268128777408
8674,1755.9268128777408
8675,1755.9268128777408
8676,1755.9268128777408
8677,1755.9268128777408
8678,1755.9268128777408
8679,1755.9268128777408
8680,1755.9268128777408
8681,1755.9268128777408
8682,1755.9268128777408
8683,1755.9268128777408
8684,1755.9268128777408
8685,1755.9268128777408
8686,1755.9268128777408
8687,1755.9268128777408
8688,1755.9268128777408
8689,1755.9268128777408
8690,1755.9268128777408
8691,1755.9268128777408
8692,1755.9268128777408
8693,1755.9268128777408
8694,1755.9268128777408
8695,1755.9268128777408
8696,1755.9268128777408
8697,1755.9268128777408
8698,1755.9268128777408
8699,1755.9268128777408
8700,1755.9268128777408
8701,1755.9268128777408
8702,1755.9268128777408
8703,1755.9268128777408
8704,1755.9268128777408
8705,1755.9268128777408
8706,1755.9268128777408
8707,1755.9268128777408
8708,1755.9268128777408
8709,1755.9268128777408
8710,1755.9268128777408
8711,1755.9268128777408
8712,1755.9268128777408
8713,1755.9268128777408
8714,1755.9268128777408
8715,1755.9268128777408
8716,1755.9268128777408
8717,1755.9268128777408
8718,1755.9268128777408
8719,1755.9268128777408
8720,1755.9268128777408
8721,1755.9268128777408
8722,1755.9268128777408
8723,1755.9268128777408
8724,1755.9268128777408
8725,1755.9268128777408
8726,1755.9268128777408
8727,1755.9268128777408
8728,1755.9268128777408
8729,1755.9268128777408
8730,1755.9268128777408
8731,1755.9268128777408
8732,1755.9268128777408
8733,1755.9268128777408
8734,1755.9268128777408
8735,1755.9268128777408
8736,1755.9268128777408
8737,1755.9268128777408
8738,1755.9268128777408
8739,1755.9268128777408
8740,1755.9268128777408
8741,1755.9268128777408
8742,1755.9268128777408
8743,1755.9268128777408
8744,1755.9268128777408
8745,1755.9268128777408
8746,1755.9268128777408
8747,1755.9268128777408
8748,1755.9268128777408
8749,1755.9268128777408
8750,1755.9268128777408
8751,1755.9268128777408
8752,1755.9268128777408
8753,1755.9268128777408
8754,1755.9268128777408
8755,1755.9268128777408
8756,1755.9268128777408
8757,1755.9268128777408
8758,1755.9268128777408
8759,1755.9268128777408
8760,1755.9268128777408
8761,1755.9268128777408
8762,1755.9268128777408
8763,1755.9268128777408
8764,1755.9268128777408
8765,1755.9268128777408
8766,1755.9268128777408
8767,1755.9268128777408
8768,1755.9268128777408
8769,1755.9268128777408
8770,1755.9268128777408
8771,1755.9268128777408
8772,1755.9268128777408
8773,1755.9268128777408
8774,1755.9268128777408
8775,1755.9268128777408
8776,1755.9268128777408
8777,1755.9268128777408
8778,1755.9268128777408
8779,1755.9268128777408
8780,1755.9268128777408
8781,1755.9268128777408
8782,1755.9268128777408
8783,1755.9268128777408
8784,1755.9268128777408
8785,1755.9268128777408
8786,1755.9268128777408
8787,1755.9268128777408
8788,1755.9268128777408
8789,1755.9268128777408
8790,1755.9268128777408
8791,1755.9268128777408
8792,1755.9268128777408
8793,1755.9268128777408
8794,1755.9268128777408
8795,1755.9268128777408
8796,1755.9268128777408
8797,1755.9268128777408
8798,1755.9268128777408
8799,1755.9268128777408
8800,1755.9268128777408
8801,1755.9268128777408
8802,1755.9268128777408
8803,1755.9268128777408
8804,1755.9268128777408
8805,1755.9268128777408
8806,1755.9268128777408
8807,1755.9268128777408
8808,1755.9268128777408
8809,1755.9268128777408
8810,1755.9268128777408
8811,1755.9268128777408
8812,1755.9268128777408
8813,1755.9268128777408
8814,1755.9268128777408
8815,1755.9268128777408
8816,1755.9268128777408
8817,1755.9268128777408
8818,1755.9268128777408
8819,1755.9268128777408
8820,1755.1410701930597
8821,1755.1410701930597
8822,1755.1410701930597
8823,1755.1410701930597
8824,1755.1410701930597
8825,1755.1410701930597
8826,1755.1410701930597
8827,1755.1410701930597
8828,1755.1410701930597
8829,1755.1410701930597
8830,1755.1410701930597
8831,1755.1410701930597
8832,1755.1410701930597
8833,1755.1410701930597
8834,1755.1410701930597
8835,1755.1410701930597
8836,1755.1410701930597
8837,1755.1410701930597
8838,1755.1410701930597
8839,1755.1410701930597
8840,1755.1410701930597
8841,1755.1410701930597
8842,1755.1410701930597
8843,1755.1410701930597
8844,1755.1410701930597
8845,1755.1410701930597
8846,1755.1410701930597
8847,1755.1410701930597
8848,1755.1410701930597
8849,1755.1410701930597
8850,1755.1410701930597
8851,1755.1410701930597
8852,1755.1410701930597
8853,1755.1410701930597
8854,1755.1410701930597
8855,1755.1410701930597
8856,1755.1410701930597
8857,1755.1410701930597
8858,1755.1410701930597
8859,1755.1410701930597
8860,1755.1410701930597
8861,1755.1410701930597
8862,1755.1410701930597
8863,1755.1410701930597
8864,1755.1410701930597
8865,1755.1410701930597
8866,1755.1410701930597
8867,1755.1410701930597
8868,1755.1410701930597
8869,1755.1410701930597
8870,1755.1410701930597
8871,1746.5291799451993
8872,1746.5291799451993
8873,1746.5291799451993
8874,1746.5291799451993
8875,1746.5291799451993
8876,1746.5291799451993
8877,1746.5291799451993
8878,1746.5291799451993
8879,1746.5291799451993
8880,1746.5291799451993
8881,1746.5291799451993
8882,1746.5291799451993
8883,1746.5291799451993
8884,1746.5291799451993
8885,1746.5291799451993
8886,1746.5291799451993
8887,1746.5291799451993
8888,1746.5291799451993
8889,1746.5291799451993
8890,1746.5291799451993
8891,1746.5291799451993
8892,1746.5291799451993
8893,1746.5291799451993
8894,1746.5291799451993
8895,1746.5291799451993
8896,1746.5291799451993
8897,1746.5291799451993
8898,1746.5291799451993
8899,1746.5291799451993
8900,1746.5291799451993
8901,1746.5291799451993
8902,1746.5291799451993
8903,1746.5291799451993
8904,1746.5291799451993
8905,1746.5291799451993
8906,1746.5291799451993
8907,1746.5291799451993
8908,1746.5291799451993
8909,1746.5291799451993
8910,1746.5291799451993
8911,1746.5291799451993
8912,1746.5291799451993
8913,1746.5291799451993
8914,1746.5291799451993
8915,1746.5291799451993
8916,1746.5291799451993
8917,1746.5291799451993
8918,1746.5291799451993
8919,1746.5291799451993
8920,1746.5291799451993
8921,1746.5291799451993
8922,1746.5291799451993
8923,1746.5291799451993
8924,1746.5291799451993
8925,1746.5291799451993
8926,1746.5291799451993
8927,1746.5291799451993
8928,1746.5291799451993
8929,1746.5291799451993
8930,1746.5291799451993
8931,1746.5291799451993
8932,1746.5291799451993
8933,1746.5291799451993
8934,1746.5291799451993
8935,1746.5291799451993
8936,1746.5291799451993
8937,1746.5291799451993
8938,1746.5291799451993
8939,1746.5291799451993
8940,1746.5291799451993
8941,1746.5291799451993
8942,1746.5291799451993
8943,1746.5291799451993
8944,1746.5291799451993
8945,1746.5291799451993
8946,1746.5291799451993
8947,1746.5291799451993
8948,1746.5291799451993
8949,1746.5291799451993
8950,1746.5291799451993
8951,1746.5291799451993
8952,1746.5291799451993
8953,1746.5291799451993
8954,1746.5291799451993
8955,1746.5291799451993
8956,1746.5291799451993
8957,1746.5291799451993
8958,1746.5291799451993
8959,1746.5291799451993
8960,1746.5291799451993
8961,1746.5291799451993
8962,1746.5291799451993
8963,1746.5291799451993
8964,1746.5291799451993
8965,1746.5291799451993
8966,1746.5291799451993
8967,1746.5291799451993
8968,1746.5291799451993
8969,1746.5291799451993
8970,1746.5291799451993
8971,1746.5291799451993
8972,1746.5291799451993
8973,1746.5291799451993
8974,1746.5291799451993
8975,1746.5291799451993
8976,1746.5291799451993
8977,1746.5291799451993
8978,1746.5291799451993
8979,1746.5291799451993
8980,1746.5291799451993
8981,1746.5291799451993
8982,1746.5291799451993
8983,1746.5291799451993
8984,1746.5291799451993
8985,1746.5291799451993
8986,1746.5291799451993
8987,1746.5291799451993
8988,1746.5291799451993
8989,1746.5291799451993
8990,1746.5291799451993
8991,1746.5291799451993
8992,1746.5291799451993
8993,1746.5291799451993
8994,1746.5291799451993
8995,1746.5291799451993
8996,1746.5291799451993
8997,1746.5291799451993
8998,1746.5291799451993
8999,1746.5291799451993
9000,1746.5291799451993
9001,1746.5291799451993
9002,1746.5291799451993
9003,1746.5291799451993
9004,1746.5291799451993
9005,1746.5291799451993
9006,1746.5291799451993
9007,1746.5291799451993
9008,1746.5291799451993
9009,1746.5291799451993
9010,1746.5291799451993
9011,1746.5291799451993
9012,1746.5291799451993
9013,1746.5291799451993
9014,1746.5291799451993
9015,1746.5291799451993
9016,1746.5291799451993
9017,1746.5291799451993
9018,1746.5291799451993
9019,1746.5291799451993
9020,1746.5291799451993
9021,1746.5291799451993
9022,1746.5291799451993
9023,1746.5291799451993
9024,1746.5291799451993
9025,1746.5291799451993
9026,1746.5291799451993
9027,1746.5291799451993
9028,1733.8186406714397
9029,1731.2356940794327
9030,1731.2356940794327
9031,1731.2356940794327
9032,1731.2356940794327
9033,1731.2356940794327
9034,1731.2356940794327
9035,1731.2356940794327
9036,1731.2356940794327
9037,1731.2356940794327
9038,1731.2356940794327
9039,1731.2356940794327
9040,1731.2356940794327
9041,1731.2356940794327
9042,1731.2356940794327
9043,1729.7807637750357
9044,1729.7807637750357
9045,1729.7807637750357
9046,1729.7807637750357
9047,1729.7807637750357
9048,1729.7807637750357
9049,1729.7807637750357
9050,1729.7807637750357
9051,1729.7807637750357
9052,1729.7807637750357
9053,1729.7807637750357
9054,1729.7807637750357
9055,1728.5333422033266
9056,1728.5333422033266
9057,1728.5333422033266
9058,1728.5333422033266
9059,1728.5333422033266
9060,1728.5333422033266
9061,1728.5333422033266
9062,1728.5333422033266
9063,1728.5333422033266
9064,1728.5333422033266
9065,1728.5333422033266
9066,1724.8129833730636
9067,1724.8129833730636
9068,1724.8129833730636
9069,1724.8129833730636
9070,1724.8129833730636
9071,1724.8129833730636
9072,1724.8129833730636
9073,1724.8129833730636
9074,1724.8129833730636
9075,1724.8129833730636
9076,1724.8129833730636
9077,1724.8129833730636
9078,1724.8129833730636
9079,1724.8129833730636
9080,1724.8129833730636
9081,1724.8129833730636
9082,1724.8129833730636
9083,1720.428626904622
9084,1720.428626904622
9085,1720.428626904622
9086,1720.428626904622
9087,1720.428626904622
9088,1720.428626904622
9089,1720.428626904622
9090,1720.428626904622
9091,1720.428626904622
9092,1720.428626904622
9093,1720.428626904622
9094,1720.428626904622
9095,1720.428626904622
9096,1720.428626904622
9097,1720.428626904622
9098,1720.428626904622
9099,1720.428626904622
9100,1720.428626904622
9101,1720.428626904622
9102,1720.428626904622
9103,1720.428626904622
9104,1720.428626904622
9105,1720.428626904622
9106,1720.428626904622
9107,1720.428626904622
9108,1720.428626904622
9109,1720.428626904622
9110,1720.428626904622
9111,1720.428626904622
9112,1713.48158228269
9113,1713.48158228269
9114,1713.48158228269
9115,1713.48158228269
9116,1713.48158228269
9117,1713.48158228269
9118,1713.48158228269
9119,1713.48158228269
9120,1713.48158228269
9121,1713.48158228269
9122,1713.48158228269
9123,1713.48158228269
9124,1713.48158228269
9125,1713.48158228269
9126,1713.48158228269
9127,1713.48158228269
9128,1713.48158228269
9129,1713.48158228269
9130,1713.48158228269
9131,1713.48158228269
9132,1713.48158228269
9133,1712.56043134609
9134,1712.56043134609
9135,1712.56043134609
9136,1712.56043134609
9137,1712.56043134609
9138,1712.56043134609
9139,1712.56043134609
9140,1712.56043134609
9141,1712.56043134609
9142,1712.56043134609
9143,1712.56043134609
9144,1712.56043134609
9145,1712.56043134609
9146,1712.56043134609
9147,1712.56043134609
9148,1712.56043134609
9149,1712.56043134609
9150,1712.56043134609
9151,1712.56043134609
9152,1712.56043134609
9153,1712.56043134609
9154,1712.56043134609
9155,1712.56043134609
9156,1712.56043134609
9157,1712.56043134609
9158,1712.56043134609
9159,1712.56043134609
9160,1712.56043134609
9161,1712.56043134609
9162,1712.56043134609
9163,1712.56043134609
9164,1712.56043134609
9165,1712.56043134609
9166,1712.56043134609
9167,1712.56043134609
9168,1712.56043134609
9169,1712.56043134609
9170,1712.56043134609
9171,1712.56043134609
9172,1712.56043134609
9173,1712.56043134609
9174,1712.56043134609
9175,1712.56043134609
9176,1712.56043134609
9177,1712.56043134609
9178,1712.56043134609
9179,1712.56043134609
9180,1712.56043134609
9181,1712.56043134609
9182,1712.56043134609
9183,1712.56043134609
9184,1712.56043134609
9185,1712.56043134609
9186,1712.56043134609
9187,1711.8122419815431
9188,1711.8122419815431
9189,1711.8122419815431
9190,1711.8122419815431
9191,1711.8122419815431
9192,1711.8122419815431
9193,1711.8122419815431
9194,1711.8122419815431
9195,1711.8122419815431
9196,1711.8122419815431
9197,1710.5079610709154
9198,1710.5079610709154
9199,1710.5079610709154
9200,1709.772448056151
9201,1709.772448056151
9202,1709.772448056151
9203,1709.772448056151
9204,1709.772448056151
9205,1709.772448056151
9206,1709.772448056151
9207,1709.772448056151
9208,1709.772448056151
9209,1709.772448056151
9210,1709.772448056151
9211,1709.772448056151
9212,1709.772448056151
9213,1709.772448056151
9214,1709.772448056151
9215,1709.772448056151
9216,1709.772448056151
9217,1709.772448056151
9218,1709.772448056151
9219,1709.772448056151
9220,1709.772448056151
9221,1709.772448056151
9222,1709.772448056151
9223,1709.772448056151
9224,1709.772448056151
9225,1709.772448056151
9226,1709.772448056151
9227,1709.772448056151
9228,1709.772448056151
9229,1709.772448056151
9230,1709.772448056151
9231,1709.772448056151
9232,1709.772448056151
9233,1709.772448056151
9234,1709.772448056151
9235,1709.772448056151
9236,1709.772448056151
9237,1709.772448056151
9238,1709.772448056151
9239,1709.772448056151
9240,1709.4515610365518
9241,1709.4515610365518
9242,1709.4515610365518
9243,1709.4515610365518
9244,1709.4515610365518
9245,1709.4515610365518
9246,1709.4515610365518
9247,1709.4515610365518
9248,1709.4515610365518
9249,1703.1927146377052
9250,1703.1927146377052
9251,1703.1927146377052
9252,1703.1927146377052
9253,1703.1927146377052
9254,1703.1927146377052
9255,1703.1927146377052
9256,1703.1927146377052
9257,1703.1927146377052
9258,1703.1927146377052
9259,1703.1927146377052
9260,1703.1927146377052
9261,1703.1927146377052
9262,1703.1927146377052
9263,1703.1927146377052
9264,1703.1927146377052
9265,1703.1927146377052
9266,1703.1927146377052
9267,1703.1927146377052
9268,1703.1927146377052
9269,1703.1927146377052
9270,1703.1927146377052
9271,1703.1927146377052
9272,1703.1927146377052
9273,1703.1927146377052
9274,1703.1927146377052
9275,1703.1927146377052
9276,1703.1927146377052
9277,1703.1927146377052
9278,1703.1927146377052
9279,1703.1927146377052
9280,1703.1927146377052
9281,1703.1927146377052
9282,1703.1927146377052
9283,1703.1927146377052
9284,1689.7186803436853
9285,1689.7186803436853
9286,1689.7186803436853
9287,1689.7186803436853
9288,1689.7186803436853
9289,1689.7186803436853
9290,1689.7186803436853
9291,1689.7186803436853
9292,1689.7186803436853
9293,1689.7186803436853
9294,1689.7186803436853
9295,1689.7186803436853
9296,1689.7186803436853
9297,1689.7186803436853
9298,1689.7186803436853
9299,1689.7186803436853
9300,1689.7186803436853
9301,1689.7186803436853
9302,1689.7186803436853
9303,1689.7186803436853
9304,1689.7186803436853
9305,1689.7186803436853
9306,1689.7186803436853
9307,1689.7186803436853
9308,1689.7186803436853
9309,1689.7186803436853
9310,1689.7186803436853
9311,1689.7186803436853
9312,1689.7186803436853
9313,1689.7186803436853
9314,1689.7186803436853
9315,1689.7186803436853
9316,1689.7186803436853
9317,1689.7186803436853
9318,1689.7186803436853
9319,1689.7186803436853
9320,1689.7186803436853
9321,1687.9744274187651
9322,1687.9744274187651
9323,1687.9744274187651
9324,1687.9744274187651
9325,1687.9744274187651
9326,1687.9744274187651
9327,1687.9744274187651
9328,1687.9744274187651
9329,1687.9744274187651
9330,1687.9744274187651
9331,1687.9744274187651
9332,1687.9744274187651
9333,1687.9744274187651
9334,1687.9744274187651
9335,1687.9744274187651
9336,1687.9744274187651
9337,1687.9744274187651
9338,1687.9744274187651
9339,1687.9744274187651
9340,1687.9744274187651
9341,1687.9744274187651
9342,1687.9744274187651
9343,1687.9744274187651
9344,1683.8331111524244
9345,1683.8331111524244
9346,1683.8331111524244
9347,1683.8331111524244
9348,1683.8331111524244
9349,1683.8331111524244
9350,1683.8331111524244
9351,1683.8331111524244
9352,1683.8331111524244
9353,1683.8331111524244
9354,1683.8331111524244
9355,1683.8331111524244
9356,1683.8331111524244
9357,1683.8331111524244
9358,1683.8331111524244
9359,1683.8331111524244
9360,1683.8331111524244
9361,1683.8331111524244
9362,1683.8331111524244
9363,1683.8331111524244
9364,1683.8331111524244
9365,1683.8331111524244
9366,1683.8331111524244
9367,1683.8331111524244
9368,1683.8331111524244
9369,1683.8331111524244
9370,1683.8331111524244
9371,1683.8331111524244
9372,1683.8331111524244
9373,1683.8331111524244
9374,1683.8331111524244
9375,1678.1317218444765
9376,1670.8581560068606
9377,1670.8581560068606
9378,1670.8581560068606
9379,1670.8581560068606
9380,1670.8581560068606
9381,1670.8581560068606
9382,1639.562706106437
9383,1639.562706106437
9384,1639.562706106437
9385,1639.562706106437
9386,1639.562706106437
9387,1639.562706106437
9388,1639.562706106437
9389,1639.562706106437
9390,1637.3393944211325
9391,1637.3393944211325
9392,1637.3393944211325
9393,1637.3393944211325
9394,1637.3393944211325
9395,1631.5038341790018
9396,1631.5038341790018
9397,1631.5038341790018
9398,1629.640502018071
9399,1629.640502018071
9400,1629.640502018071
9401,1629.640502018071
9402,1629.640502018071
9403,1629.640502018071
9404,1629.640502018071
9405,1629.640502018071
9406,1629.640502018071
9407,1629.640502018071
9408,1629.640502018071
9409,1629.640502018071
9410,1629.640502018071
9411,1629.640502018071
9412,1625.901589822864
9413,1625.901589822864
9414,1625.901589822864
9415,1625.901589822864
9416,1625.901589822864
9417,1625.901589822864
9418,1625.901589822864
9419,1625.901589822864
9420,1625.901589822864
9421,1625.901589822864
9422,1625.901589822864
9423,1625.901589822864
9424,1625.901589822864
9425,1625.901589822864
9426,1625.901589822864
9427,1625.901589822864
9428,1625.901589822864
9429,1625.901589822864
9430,1625.901589822864
9431,1625.901589822864
9432,1625.901589822864
9433,1625.901589822864
9434,1625.901589822864
9435,1625.901589822864
9436,1625.901589822864
9437,1625.901589822864
9438,1625.901589822864
9439,1625.901589822864
9440,1625.901589822864
9441,1625.901589822864
9442,1625.901589822864
9443,1625.901589822864
9444,1625.901589822864
9445,1625.901589822864
9446,1621.115575111199
9447,1621.115575111199
9448,1621.115575111199
9449,1621.115575111199
9450,1621.115575111199
9451,1621.115575111199
9452,1621.115575111199
9453,1621.115575111199
9454,1621.115575111199
9455,1621.115575111199
9456,1621.115575111199
9457,1621.115575111199
9458,1621.115575111199
9459,1621.115575111199
9460,1621.115575111199
9461,1621.115575111199
9462,1621.115575111199
9463,1621.115575111199
9464,1621.115575111199
9465,1621.115575111199
9466,1621.115575111199
9467,1621.115575111199
9468,1621.115575111199
9469,1621.115575111199
9470,1621.115575111199
9471,1621.115575111199
9472,1621.115575111199
9473,1621.115575111199
9474,1621.115575111199
9475,1621.115575111199
9476,1621.115575111199
9477,1621.115575111199
9478,1621.115575111199
9479,1621.115575111199
9480,1621.115575111199
9481,1621.115575111199
9482,1621.115575111199
9483,1621.115575111199
9484,1621.115575111199
9485,1621.115575111199
9486,1621.115575111199
9487,1621.115575111199
9488,1621.115575111199
9489,1621.115575111199
9490,1621.115575111199
9491,1621.115575111199
9492,1621.115575111199
9493,1621.115575111199
9494,1621.115575111199
9495,1621.115575111199
9496,1621.115575111199
9497,1621.115575111199
9498,1621.115575111199
9499,1621.115575111199
9500,1621.115575111199
9501,1621.115575111199
9502,1621.115575111199
9503,1621.115575111199
9504,1621.115575111199
9505,1621.115575111199
9506,1621.115575111199
9507,1621.115575111199
9508,1621.115575111199
9509,1621.115575111199
9510,1621.115575111199
9511,1621.115575111199
9512,1621.115575111199
9513,1621.115575111199
9514,1621.115575111199
9515,1621.115575111199
9516,1621.115575111199
9517,1621.115575111199
9518,1621.115575111199
9519,1621.115575111199
9520,1621.115575111199
9521,1621.115575111199
9522,1621.115575111199
9523,1621.115575111199
9524,1621.115575111199
9525,1621.115575111199
9526,1621.115575111199
9527,1621.115575111199
9528,1621.115575111199
9529,1621.115575111199
9530,1621.115575111199
9531,1621.115575111199
9532,1621.115575111199
9533,1621.115575111199
9534,1621.115575111199
9535,1621.115575111199
9536,1621.115575111199
9537,1621.115575111199
9538,1621.115575111199
9539,1621.115575111199
9540,1621.115575111199
9541,1621.115575111199
9542,1621.115575111199
9543,1621.115575111199
9544,1621.115575111199
9545,1621.115575111199
9546,1621.115575111199
9547,1621.115575111199
9548,1621.115575111199
9549,1621.115575111199
9550,1621.115575111199
9551,1621.115575111199
9552,1621.115575111199
9553,1621.115575111199
9554,1621.115575111199
9555,1621.115575111199
9556,1621.115575111199
9557,1621.115575111199
9558,1621.115575111199
9559,1621.115575111199
9560,1621.115575111199
9561,1621.115575111199
9562,1621.115575111199
9563,1620.1148220961256
9564,1620.1148220961256
9565,1620.1148220961256
9566,1620.1148220961256
9567,1620.1148220961256
9568,1620.1148220961256
9569,1620.1148220961256
9570,1620.1148220961256
9571,1620.1148220961256
9572,1620.1148220961256
9573,1620.1148220961256
9574,1620.1148220961256
9575,1620.1148220961256
9576,1620.1148220961256
9577,1620.1148220961256
9578,1620.1148220961256
9579,1620.1148220961256
9580,1620.1148220961256
9581,1620.1148220961256
9582,1620.1148220961256
9583,1620.1148220961256
9584,1620.1148220961256
9585,1620.1148220961256
9586,1620.1148220961256
9587,1620.1148220961256
9588,1620.1148220961256
9589,1620.1148220961256
9590,1620.1148220961256
9591,1620.1148220961256
9592,1620.1148220961256
9593,1620.1148220961256
9594,1620.1148220961256
9595,1620.1148220961256
9596,1620.1148220961256
9597,1620.1148220961256
9598,1620.1148220961256
9599,1620.1148220961256
9600,1620.1148220961256
9601,1620.1148220961256
9602,1620.1148220961256
9603,1620.1148220961256
9604,1620.1148220961256
9605,1620.1148220961256
9606,1620.1148220961256
9607,1620.1148220961256
9608,1620.1148220961256
9609,1620.1148220961256
9610,1620.1148220961256
9611,1620.1148220961256
9612,1620.1148220961256
9613,1620.1148220961256
9614,1620.1148220961256
9615,1620.1148220961256
9616,1620.1148220961256
9617,1620.1148220961256
9618,1620.1148220961256
9619,1620.1148220961256
9620,1620.1148220961256
9621,1620.1148220961256
9622,1620.1148220961256
9623,1620.1148220961256
9624,1620.1148220961256
9625,1620.1148220961256
9626,1620.1148220961256
9627,1620.1148220961256
9628,1620.1148220961256
9629,1620.1148220961256
9630,1620.1148220961256
9631,1620.1148220961256
9632,1620.1148220961256
9633,1620.1148220961256
9634,1620.1148220961256
9635,1620.1148220961256
9636,1620.1148220961256
9637,1620.1148220961256
9638,1620.1148220961256
9639,1620.1148220961256
9640,1611.5978926513992
9641,1611.5978926513992
9642,1611.5978926513992
9643,1611.5978926513992
9644,1611.5978926513992
9645,1611.5978926513992
9646,1611.5978926513992
9647,1611.5978926513992
9648,1611.5978926513992
9649,1611.5978926513992
9650,1611.5978926513992
9651,1611.5978926513992
9652,1611.5978926513992
9653,1611.5978926513992
9654,1611.5978926513992
9655,1611.5978926513992
9656,1611.5978926513992
9657,1611.5978926513992
9658,1611.5978926513992
9659,1611.5978926513992
9660,1611.5978926513992
9661,1611.5978926513992
9662,1611.5978926513992
9663,1611.5978926513992
9664,1611.5978926513992
9665,1611.5978926513992
9666,1611.5978926513992
9667,1611.5978926513992
9668,1611.5978926513992
9669,1611.5978926513992
9670,1611.5978926513992
9671,1611.5978926513992
9672,1611.5978926513992
9673,1611.5978926513992
9674,1611.5978926513992
9675,1611.5978926513992
9676,1611.5978926513992
9677,1611.5978926513992
9678,1611.5978926513992
9679,1611.5978926513992
9680,1611.5978926513992
9681,1611.5978926513992
9682,1611.5978926513992
9683,1611.5978926513992
9684,1611.5978926513992
9685,1611.5978926513992
9686,1611.5978926513992
9687,1611.5978926513992
9688,1611.5978926513992
9689,1611.5978926513992
9690,1611.5978926513992
9691,1611.5978926513992
9692,1611.5978926513992
9693,1611.5978926513992
9694,1611.5978926513992
9695,1611.5978926513992
9696,1611.5978926513992
9697,1611.5978926513992
9698,1611.5978926513992
9699,1611.5978926513992
9700,1611.5978926513992
9701,1611.5978926513992
9702,1611.5978926513992
9703,1611.5978926513992
9704,1611.5978926513992
9705,1611.5978926513992
9706,1611.5978926513992
9707,1611.5978926513992
9708,1611.5978926513992
9709,1611.5978926513992
9710,1611.5978926513992
9711,1611.5978926513992
9712,1611.5978926513992
9713,1611.5978926513992
9714,1611.5978926513992
9715,1611.5978926513992
9716,1611.5978926513992
9717,1611.5978926513992
9718,1611.5978926513992
9719,1611.5978926513992
9720,1611.5978926513992
9721,1611.5978926513992
9722,1611.5978926513992
9723,1611.5978926513992
9724,1611.5978926513992
9725,1611.5978926513992
9726,1611.5978926513992
9727,1611.5978926513992
9728,1611.5978926513992
9729,1611.5978926513992
9730,1611.5978926513992
9731,1611.5978926513992
9732,1611.5978926513992
9733,1611.5978926513992
9734,1611.5978926513992
9735,1611.5978926513992
9736,1611.5978926513992
9737,1611.5978926513992
9738,1611.5978926513992
9739,1611.5978926513992
9740,1611.5978926513992
9741,1611.5978926513992
9742,1611.5978926513992
9743,1611.5978926513992
9744,1611.5978926513992
9745,1611.5978926513992
9746,1599.7974142467726
9747,1599.7974142467726
9748,1599.7974142467726
9749,1599.7974142467726
9750,1599.7974142467726
9751,1599.7974142467726
9752,1599.7974142467726
9753,1599.7974142467726
9754,1599.7974142467726
9755,1599.7974142467726
9756,1599.7974142467726
9757,1599.7974142467726
9758,1599.7974142467726
9759,1599.7974142467726
9760,1599.7974142467726
9761,1599.7974142467726
9762,1599.7974142467726
9763,1599.7974142467726
9764,1599.7974142467726
9765,1599.7974142467726
9766,1599.7974142467726
9767,1599.7974142467726
9768,1599.7974142467726
9769,1599.7974142467726
9770,1599.7974142467726
9771,1599.7974142467726
9772,1599.7974142467726
9773,1599.7974142467726
9774,1599.7974142467726
9775,1599.7974142467726
9776,1599.7974142467726
9777,1599.7974142467726
9778,1599.7974142467726
9779,1599.7974142467726
9780,1599.7974142467726
9781,1599.7974142467726
9782,1599.7974142467726
9783,1599.7974142467726
9784,1599.7974142467726
9785,1599.7974142467726
9786,1599.7974142467726
9787,1599.7974142467726
9788,1599.7974142467726
9789,1599.7974142467726
9790,1599.7974142467726
9791,1599.7974142467726
9792,1599.7974142467726
9793,1599.7974142467726
9794,1599.7974142467726
9795,1599.7974142467726
9796,1599.7974142467726
9797,1599.7974142467726
9798,1599.7974142467726
9799,1599.7974142467726
9800,1599.7974142467726
9801,1599.7974142467726
9802,1599.7974142467726
9803,1599.7974142467726
9804,1599.7974142467726
9805,1599.7974142467726
9806,1599.7974142467726
9807,1599.7974142467726
9808,1599.7974142467726
9809,1599.7974142467726
9810,1599.7974142467726
9811,1599.7974142467726
9812,1599.7974142467726
9813,1589.3104080795679
9814,1589.3104080795679
9815,1589.3104080795679
9816,1589.3104080795679
9817,1589.3104080795679
9818,1589.3104080795679
9819,1589.3104080795679
9820,1589.3104080795679
9821,1589.3104080795679
9822,1589.3104080795679
9823,1589.3104080795679
9824,1589.3104080795679
9825,1589.3104080795679
9826,1589.3104080795679
9827,1589.3104080795679
9828,1589.3104080795679
9829,1589.3104080795679
9830,1589.3104080795679
9831,1589.3104080795679
9832,1589.3104080795679
9833,1589.3104080795679
9834,1589.3104080795679
9835,1589.3104080795679
9836,1589.3104080795679
9837,1589.3104080795679
9838,1589.3104080795679
9839,1589.3104080795679
9840,1589.3104080795679
9841,1589.3104080795679
9842,1589.3104080795679
9843,1589.3104080795679
9844,1589.3104080795679
9845,1589.3104080795679
9846,1589.3104080795679
9847,1589.3104080795679
9848,1589.3104080795679
9849,1589.3104080795679
9850,1589.3104080795679
9851,1589.3104080795679
9852,1589.3104080795679
9853,1589.3104080795679
9854,1589.3104080795679
9855,1589.3104080795679
9856,1589.3104080795679
9857,1589.3104080795679
9858,1589.3104080795679
9859,1589.3104080795679
9860,1589.3104080795679
9861,1589.3104080795679
9862,1589.3104080795679
9863,1589.3104080795679
9864,1589.3104080795679
9865,1589.3104080795679
9866,1589.3104080795679
9867,1589.3104080795679
9868,1589.3104080795679
9869,1589.3104080795679
9870,1589.3104080795679
9871,1589.3104080795679
9872,1589.3104080795679
9873,1589.3104080795679
9874,1589.3104080795679
9875,1589.3104080795679
9876,1589.3104080795679
9877,1589.3104080795679
9878,1581.7331016114058
9879,1579.3196272203868
9880,1579.3196272203868
9881,1579.3196272203868
9882,1579.3196272203868
9883,1579.3196272203868
9884,1579.3196272203868
9885,1579.3196272203868
9886,1579.3196272203868
9887,1579.3196272203868
9888,1579.3196272203868
9889,1579.3196272203868
9890,1579.3196272203868
9891,1579.3196272203868
9892,1579.3196272203868
9893,1579.3196272203868
9894,1579.3196272203868
9895,1579.3196272203868
9896,1579.3196272203868
9897,1579.3196272203868
9898,1579.3196272203868
9899,1579.3196272203868
9900,1579.3196272203868
9901,1579.3196272203868
9902,1579.3196272203868
9903,1579.3196272203868
9904,1579.3196272203868
9905,1579.3196272203868
9906,1579.3196272203868
9907,1579.3196272203868
9908,1579.3196272203868
9909,1579.3196272203868
9910,1579.3196272203868
9911,1579.3196272203868
9912,1579.3196272203868
9913,1579.3196272203868
9914,1579.3196272203868
9915,1579.3196272203868
9916,1579.3196272203868
9917,1579.3196272203868
9918,1579.3196272203868
9919,1579.3196272203868
9920,1579.3196272203868
9921,1579.3196272203868
9922,1579.3196272203868
9923,1579.3196272203868
9924,1579.3196272203868
9925,1579.3196272203868
9926,1579.3196272203868
9927,1579.3196272203868
9928,1579.3196272203868
9929,1579.3196272203868
9930,1579.3196272203868
9931,1579.3196272203868
9932,1579.3196272203868
9933,1579.3196272203868
9934,1579.3196272203868
9935,1579.3196272203868
9936,1579.3196272203868
9937,1579.3196272203868
9938,1579.3196272203868
9939,1579.3196272203868
9940,1579.3196272203868
9941,1579.3196272203868
9942,1579.3196272203868
9943,1579.3196272203868
9944,1579.3196272203868
9945,1579.3196272203868
9946,1579.3196272203868
9947,1579.3196272203868
9948,1579.3196272203868
9949,1579.3196272203868
9950,1579.3196272203868
9951,1579.3196272203868
9952,1579.3196272203868
9953,1579.3196272203868
9954,1579.3196272203868
9955,1579.3196272203868
9956,1579.3196272203868
9957,1579.3196272203868
9958,1579.3196272203868
9959,1579.3196272203868
9960,1579.3196272203868
9961,1579.3196272203868
9962,1579.3196272203868
9963,1579.3196272203868
9964,1579.3196272203868
9965,1579.3196272203868
9966,1579.3196272203868
9967,1579.3196272203868
9968,1579.3196272203868
9969,1579.3196272203868
9970,1579.3196272203868
9971,1579.3196272203868
9972,1579.3196272203868
9973,1579.3196272203868
9974,1579.3196272203868
9975,1579.3196272203868
9976,1579.3196272203868
9977,1579.3196272203868
9978,1577.635748500078
9979,1577.635748500078
9980,1577.635748500078
9981,1577.635748500078
9982,1577.635748500078
9983,1577.635748500078
9984,1577.635748500078
9985,1577.635748500078
9986,1577.635748500078
9987,1577.635748500078
9988,1577.635748500078
9989,1577.635748500078
9990,1577.635748500078
9991,1577.635748500078
9992,1577.635748500078
9993,1577.635748500078
9994,1577.635748500078
9995,1577.635748500078
9996,1577.635748500078
9997,1577.635748500078
9998,1577.635748500078
9999,1577.635748500078
10000,1577.635748500078
