iter,best_objective
1,3454.6508270925106
2,3375.8886649240953
3,3306.5353741675276
4,3238.2432494792547
5,3172.777067857185
6,3113.1680956077266
7,3054.0442664261777
8,3000.1989460700293
9,2947.3133867447887
10,2898.2620011012464
11,2850.2302957694164
12,2804.0651079688055
13,2758.9841426935686
14,2716.3081618082124
15,2666.0810414236803
16,2627.2265342471023
17,2589.0533381733717
18,2543.7633836672944
19,2508.074751916832
20,2474.3303319959027
21,2443.015219058947
22,2404.205483090561
23,2373.3175208258617
24,2345.966631466535
25,2320.3420315006624
26,2295.0428764411745
27,2271.2917799623297
28,2247.611903427914
29,2224.76208930137
30,2201.9658487386455
31,2178.312274180404
32,2161.337381444951
33,2118.101174409654
34,2101.157694757784
35,2082.672737881841
36,2060.155109108941
37,2042.0326562409618
38,2025.34751005733
39,2009.7369990704503
40,1991.2462727460238
41,1977.0545066038915
42,1954.010934053005
43,1940.6903165716717
44,1927.5633248794934
45,1914.8279791890468
46,1904.4759966373203
47,1895.3389182767714
48,1885.4733972242925
49,1876.6892539944956
50,1868.7471773227326
51,1861.7323738507093
52,1856.2592840537961
53,1847.5547169816107
54,1842.274924753441
55,1837.1544006595584
56,1834.2072825667883
57,1823.503868772362
58,1821.951439015665
59,1810.239253207961
60,1809.0950645855037
61,1809.0950645855037
62,1809.0950645855037
63,1809.0950645855037
64,1809.0950645855037
65,1809.0950645855037
66,1809.0950645855037
67,1809.0950645855037
68,1809.0950645855037
69,1809.0950645855037
70,1809.0950645855037
71,1805.9574072795208
72,1803.1963214397915
73,1802.0521328173343
74,1801.9581660294546
75,1801.9581660294543
76,1801.9581660294543
77,1801.9581660294543
78,1801.9581660294543
79,1801.9581660294543
80,1801.9581660294543
81,1801.9581660294543
82,1801.9581660294543
83,1801.8927373984818
84,1799.7361874276796
85,1799.6422206398
86,1799.5910623644331
87,1797.5209183736185
88,1797.5209183736185
89,1797.5209183736185
90,1793.6512754541839
91,1790.5137942784065
92,1790.5137942784065
93,1790.5137942784065
94,1790.5137942784065
95,1790.5137942784065
96,1790.5137942784065
97,1790.5137942784065
98,1790.5137942784065
99,1790.5137942784065
100,1790.5137942784065
101,1790.5137942784065
102,1790.5137942784065
103,1790.5137942784065
104,1790.5137942784065
105,1790.5137942784065
106,1790.5137942784065
107,1790.5137942784065
108,1790.5137942784065
109,1790.5137942784065
110,1790.5137942784065
111,1790.5137942784065
112,1790.5137942784065
113,1790.5137942784065
114,1790.5137942784065
115,1790.5137942784065
116,1790.5137942784065
117,1787.4429116711653
118,1781.8694702866892
119,1780.725281664232
120,1780.725281664232
121,1780.725281664232
122,1780.725281664232
123,1780.725281664232
124,1780.725281664232
125,1780.725281664232
126,1780.725281664232
127,1780.725281664232
128,1780.725281664232
129,1780.725281664232
130,1780.725281664232
131,1780.725281664232
132,1780.725281664232
133,1775.9473232549226
134,1774.8031346324653
135,1774.7091678445856
136,1774.7091678445854
137,1774.7091678445854
138,1774.7091678445854
139,1774.7091678445854
140,1774.7091678445854
141,1774.7091678445854
142,1774.7091678445854
143,1774.7091678445854
144,1774.7091678445854
145,1774.7091678445854
146,1774.7091678445854
147,1774.7091678445854
148,1774.7091678445854
149,1774.7091678445854
150,1774.7091678445854
151,1774.7091678445854
152,1774.7091678445854
153,1774.7091678445854
154,1774.7091678445854
155,1774.7091678445854
156,1774.7091678445854
157,1774.7091678445854
158,1774.7091678445854
159,1774.7091678445854
160,1774.7091678445854
161,1774.7091678445854
162,1774.7091678445854
163,1774.7091678445854
164,1774.7091678445854
165,1774.7091678445854
166,1774.7091678445854
167,1774.7091678445854
168,1774.7091678445854
169,1774.7091678445854
170,1774.7091678445854
171,1774.7091678445854
172,1772.117312534678
173,1769.9607625638757
174,1768.8165739414185
175,1768.7226071535388
176,1768.7226071535388
177,1768.7226071535388
178,1768.7226071535388
179,1768.7226071535388
180,1768.7226071535388
181,1768.7226071535388
182,1768.7226071535388
183,1768.7226071535388
184,1768.7226071535388
185,1768.7226071535388
186,1768.7226071535388
187,1768.7226071535388
188,1768.7226071535388
189,1768.7226071535388
190,1768.7226071535388
191,1768.7226071535388
192,1768.7226071535388
193,1768.7226071535388
194,1768.7226071535388
195,1768.7226071535388
196,1768.7226071535388
197,1768.7226071535388
198,1768.7226071535388
199,1768.7226071535388
200,1768.7226071535388
201,1768.7226071535388
202,1768.7226071535388
203,1768.7226071535388
204,1768.7226071535388
205,1768.7226071535388
206,1768.7226071535388
207,1768.7226071535388
208,1768.7226071535388
209,1768.7226071535388
210,1768.7226071535388
211,1768.7226071535388
212,1768.7226071535388
213,1768.7226071535388
214,1768.7226071535388
215,1768.7226071535388
216,1768.7226071535388
217,1768.7226071535388
218,1768.7226071535388
219,1768.7226071535388
220,1768.7226071535388
221,1768.7226071535388
222,1768.7226071535388
223,1768.7226071535388
224,1768.7226071535388
225,1768.7226071535388
226,1768.7226071535388
227,1768.7226071535388
228,1768.7226071535388
229,1768.7226071535388
230,1768.7226071535388
231,1768.7226071535388
232,1768.7226071535388
233,1768.7226071535388
234,1768.7226071535388
235,1768.7226071535388
236,1768.7226071535388
237,1768.7226071535388
238,1768.7226071535388
239,1768.7226071535388
240,1768.7226071535388
241,1768.7226071535388
242,1768.7226071535388
243,1768.7226071535388
244,1768.7226071535388
245,1768.7226071535388
246,1768.7226071535388
247,1768.7226071535388
248,1768.7226071535388
249,1768.7226071535388
250,1768.7226071535388
251,1768.7226071535388
252,1768.7226071535388
253,1768.7226071535388
254,1768.7226071535388
255,1768.7226071535388
256,1768.7226071535388
257,1768.7226071535388
258,1768.7226071535388
259,1768.7226071535388
260,1768.7226071535388
261,1768.7226071535388
262,1768.7226071535388
263,1768.7226071535388
264,1768.7226071535388
265,1768.7226071535388
266,1768.7226071535388
267,1768.7226071535388
268,1768.7226071535388
269,1768.7226071535388
270,1768.7226071535388
271,1768.7226071535388
272,1768.7226071535388
273,1768.7226071535388
274,1768.7226071535388
275,1768.7226071535388
276,1768.7226071535388
277,1768.7226071535388
278,1768.7226071535388
279,1768.7226071535388
280,1768.7226071535388
281,1768.7226071535388
282,1768.7226071535388
283,1768.7226071535388
284,1768.7226071535388
285,1768.7226071535388
286,1768.7226071535388
287,1768.7226071535388
288,1768.7226071535388
289,1768.7226071535388
290,1768.7226071535388
291,1768.7226071535388
292,1768.7226071535388
293,1768.7226071535388
294,1768.7226071535388
295,1768.7226071535388
296,1768.7226071535388
297,1768.7226071535388
298,1768.7226071535388
299,1768.7226071535388
300,1768.7226071535388
301,1768.7226071535388
302,1768.7226071535388
303,1768.7226071535388
304,1768.7226071535388
305,1768.7226071535388
306,1768.7226071535388
307,1768.7226071535388
308,1768.7226071535388
309,1768.7226071535388
310,1768.7226071535388
311,1768.7226071535388
312,1768.7226071535388
313,1768.7226071535388
314,1768.7226071535388
315,1768.7226071535388
316,1768.7226071535388
317,1768.7226071535388
318,1768.7226071535388
319,1768.7226071535388
320,1768.7226071535388
321,1768.7226071535388
322,1768.7226071535388
323,1768.7226071535388
324,1768.7226071535388
325,1768.7226071535388
326,1768.7226071535388
327,1768.7226071535388
328,1768.7226071535388
329,1768.7226071535388
330,1768.7226071535388
331,1768.7226071535388
332,1768.7226071535388
333,1768.7226071535388
334,1768.7226071535388
335,1768.7226071535388
336,1768.7226071535388
337,1768.7226071535388
338,1768.7226071535388
339,1768.7226071535388
340,1768.7226071535388
341,1768.7226071535388
342,1768.7226071535388
343,1768.7226071535388
344,1768.7226071535388
345,1768.7226071535388
346,1768.7226071535388
347,1768.7226071535388
348,1768.7226071535388
349,1768.7226071535388
350,1768.7226071535388
351,1768.7226071535388
352,1768.7226071535388
353,1768.7226071535388
354,1768.7226071535388
355,1768.7226071535388
356,1768.7226071535388
357,1768.7226071535388
358,1768.7226071535388
359,1768.7226071535388
360,1768.7226071535388
361,1768.7226071535388
362,1768.7226071535388
363,1768.7226071535388
364,1768.7226071535388
365,1768.7226071535388
366,1768.7226071535388
367,1768.7226071535388
368,1768.7226071535388
369,1768.7226071535388
370,1768.7226071535388
371,1768.7226071535388
372,1768.7226071535388
373,1768.7226071535388
374,1768.7226071535388
375,1768.7226071535388
376,1768.7226071535388
377,1768.7226071535388
378,1768.7226071535388
379,1768.7226071535388
380,1768.7226071535388
381,1768.7226071535388
382,1768.7226071535388
383,1768.7226071535388
384,1768.7226071535388
385,1768.7226071535388
386,1768.7226071535388
387,1768.7226071535388
388,1768.7226071535388
389,1768.7226071535388
390,1768.7226071535388
391,1768.7226071535388
392,1768.7226071535388
393,1768.7226071535388
394,1768.7226071535388
395,1768.7226071535388
396,1768.7226071535388
397,1768.7226071535388
398,1768.7226071535388
399,1768.7226071535388
400,1768.7226071535388
401,1768.7226071535388
402,1768.7226071535388
403,1768.7226071535388
404,1768.7226071535388
405,1768.7226071535388
406,1768.7226071535388
407,1768.7226071535388
408,1768.7226071535388
409,1768.7226071535388
410,1768.7226071535388
411,1768.7226071535388
412,1768.7226071535388
413,1768.7226071535388
414,1768.7226071535388
415,1768.7226071535388
416,1768.7226071535388
417,1768.7226071535388
418,1768.7226071535388
419,1768.7226071535388
420,1768.7226071535388
421,1768.7226071535388
422,1768.7226071535388
423,1768.7226071535388
424,1768.7226071535388
425,1768.7226071535388
426,1768.7226071535388
427,1768.7226071535388
428,1768.7226071535388
429,1768.7226071535388
430,1768.7226071535388
431,1768.7226071535388
432,1768.7226071535388
433,1768.7226071535388
434,1768.7226071535388
435,1768.7226071535388
436,1768.7226071535388
437,1768.7226071535388
438,1768.7226071535388
439,1768.7226071535388
440,1768.7226071535388
441,1768.7226071535388
442,1768.7226071535388
443,1768.7226071535388
444,1768.7226071535388
445,1768.7226071535388
446,1768.7226071535388
447,1768.7226071535388
448,1768.7226071535388
449,1768.7226071535388
450,1768.7226071535388
451,1768.7226071535388
452,1768.7226071535388
453,1768.7226071535388
454,1768.7226071535388
455,1768.7226071535388
456,1768.7226071535388
457,1768.7226071535388
458,1768.7226071535388
459,1768.7226071535388
460,1768.7226071535388
461,1768.7226071535388
462,1768.7226071535388
463,1768.7226071535388
464,1768.7226071535388
465,1768.7226071535388
466,1768.7226071535388
467,1768.7226071535388
468,1768.7226071535388
469,1768.7226071535388
470,1768.7226071535388
471,1768.7226071535388
472,1768.7226071535388
473,1768.7226071535388
474,1768.7226071535388
475,1768.7226071535388
476,1768.7226071535388
477,1768.7226071535388
478,1768.7226071535388
479,1768.7226071535388
480,1768.7226071535388
481,1768.7226071535388
482,1768.7226071535388
483,1768.7226071535388
484,1768.7226071535388
485,1768.7226071535388
486,1768.7226071535388
487,1768.7226071535388
488,1768.7226071535388
489,1768.7226071535388
490,1768.7226071535388
491,1768.7226071535388
492,1768.7226071535388
493,1768.7226071535388
494,1768.7226071535388
495,1768.7226071535388
496,1768.7226071535388
497,1768.7226071535388
498,1768.7226071535388
499,1768.7226071535388
500,1768.7226071535388
501,1768.7226071535388
502,1768.7226071535388
503,1768.7226071535388
504,1768.7226071535388
505,1768.7226071535388
506,1768.7226071535388
507,1768.7226071535388
508,1768.7226071535388
509,1768.7226071535388
510,1768.7226071535388
511,1768.7226071535388
512,1768.7226071535388
513,1768.7226071535388
514,1768.7226071535388
515,1768.7226071535388
516,1768.7226071535388
517,1768.7226071535388
518,1768.7226071535388
519,1768.7226071535388
520,1768.7226071535388
521,1768.7226071535388
522,1768.7226071535388
523,1768.7226071535388
524,1768.7226071535388
525,1768.7226071535388
526,1768.7226071535388
527,1768.7226071535388
528,1768.7226071535388
529,1768.7226071535388
530,1768.7226071535388
531,1768.7226071535388
532,1768.7226071535388
533,1768.7226071535388
534,1768.7226071535388
535,1768.7226071535388
536,1768.7226071535388
537,1768.7226071535388
538,1768.7226071535388
539,1768.7226071535388
540,1768.7226071535388
541,1768.7226071535388
542,1768.7226071535388
543,1768.7226071535388
544,1768.7226071535388
545,1768.7226071535388
546,1768.7226071535388
547,1768.7226071535388
548,1768.7226071535388
549,1768.7226071535388
550,1768.7226071535388
551,1768.7226071535388
552,1768.7226071535388
553,1768.7226071535388
554,1768.7226071535388
555,1768.7226071535388
556,1768.7226071535388
557,1768.7226071535388
558,1768.7226071535388
559,1768.7226071535388
560,1768.7226071535388
561,1768.7226071535388
562,1768.7226071535388
563,1768.7226071535388
564,1768.7226071535388
565,1768.7226071535388
566,1768.7226071535388
567,1768.7226071535388
568,1768.7226071535388
569,1768.7226071535388
570,1768.7226071535388
571,1768.7226071535388
572,1768.7226071535388
573,1768.7226071535388
574,1768.7226071535388
575,1768.7226071535388
576,1768.7226071535388
577,1768.7226071535388
578,1768.7226071535388
579,1768.7226071535388
580,1768.7226071535388
581,1768.7226071535388
582,1768.7226071535388
583,1768.7226071535388
584,1768.7226071535388
585,1768.7226071535388
586,1768.7226071535388
587,1768.7226071535388
588,1768.7226071535388
589,1768.7226071535388
590,1768.7226071535388
591,1768.7226071535388
592,1768.7226071535388
593,1768.7226071535388
594,1768.7226071535388
595,1768.7226071535388
596,1768.7226071535388
597,1768.7226071535388
598,1768.7226071535388
599,1768.7226071535388
600,1768.7226071535388
601,1768.7226071535388
602,1768.7226071535388
603,1768.7226071535388
604,1768.7226071535388
605,1768.7226071535388
606,1768.7226071535388
607,1768.7226071535388
608,1768.7226071535388
609,1768.7226071535388
610,1768.7226071535388
611,1768.7226071535388
612,1768.7226071535388
613,1768.7226071535388
614,1768.7226071535388
615,1768.7226071535388
616,1768.7226071535388
617,1768.7226071535388
618,1768.7226071535388
619,1768.7226071535388
620,1768.7226071535388
621,1768.7226071535388
622,1768.7226071535388
623,1768.7226071535388
624,1768.7226071535388
625,1768.7226071535388
626,1768.7226071535388
627,1768.7226071535388
628,1768.7226071535388
629,1768.7226071535388
630,1768.7226071535388
631,1768.7226071535388
632,1768.7226071535388
633,1768.7226071535388
634,1768.7226071535388
635,1768.7226071535388
636,1768.7226071535388
637,1768.7226071535388
638,1768.7226071535388
639,1768.7226071535388
640,1768.7226071535388
641,1768.7226071535388
642,1768.7226071535388
643,1768.7226071535388
644,1768.7226071535388
645,1768.7226071535388
646,1768.7226071535388
647,1768.7226071535388
648,1768.7226071535388
649,1768.7226071535388
650,1768.7226071535388
651,1768.7226071535388
652,1768.7226071535388
653,1768.7226071535388
654,1768.7226071535388
655,1768.7226071535388
656,1768.7226071535388
657,1768.7226071535388
658,1768.7226071535388
659,1768.7226071535388
660,1768.7226071535388
661,1768.7226071535388
662,1768.7226071535388
663,1768.7226071535388
664,1768.7226071535388
665,1768.7226071535388
666,1768.7226071535388
667,1768.7226071535388
668,1768.7226071535388
669,1768.7226071535388
670,1768.7226071535388
671,1768.7226071535388
672,1768.7226071535388
673,1768.7226071535388
674,1768.7226071535388
675,1768.7226071535388
676,1768.7226071535388
677,1768.7226071535388
678,1768.7226071535388
679,1768.7226071535388
680,1768.7226071535388
681,1768.7226071535388
682,1768.7226071535388
683,1768.7226071535388
684,1768.7226071535388
685,1768.7226071535388
686,1768.7226071535388
687,1768.7226071535388
688,1768.7226071535388
689,1768.7226071535388
690,1768.7226071535388
691,1768.7226071535388
692,1768.7226071535388
693,1768.7226071535388
694,1768.7226071535388
695,1768.7226071535388
696,1768.7226071535388
697,1768.7226071535388
698,1768.7226071535388
699,1768.7226071535388
700,1768.7226071535388
701,1768.7226071535388
702,1768.7226071535388
703,1768.7226071535388
704,1768.7226071535388
705,1768.7226071535388
706,1768.7226071535388
707,1768.7226071535388
708,1768.7226071535388
709,1768.7226071535388
710,1768.7226071535388
711,1768.7226071535388
712,1768.7226071535388
713,1768.7226071535388
714,1768.7226071535388
715,1768.7226071535388
716,1768.7226071535388
717,1768.7226071535388
718,1768.7226071535388
719,1768.7226071535388
720,1768.7226071535388
721,1768.7226071535388
722,1768.7226071535388
723,1768.7226071535388
724,1768.7226071535388
725,1768.7226071535388
726,1768.7226071535388
727,1768.7226071535388
728,1768.7226071535388
729,1768.7226071535388
730,1768.7226071535388
731,1768.7226071535388
732,1768.7226071535388
733,1768.7226071535388
734,1768.7226071535388
735,1768.7226071535388
736,1768.7226071535388
737,1768.7226071535388
738,1768.7226071535388
739,1768.7226071535388
740,1768.7226071535388
741,1768.7226071535388
742,1768.7226071535388
743,1768.7226071535388
744,1768.7226071535388
745,1768.7226071535388
746,1768.7226071535388
747,1768.7226071535388
748,1768.7226071535388
749,1768.7226071535388
750,1768.7226071535388
751,1768.7226071535388
752,1768.7226071535388
753,1768.7226071535388
754,1768.7226071535388
755,1768.7226071535388
756,1768.7226071535388
757,1768.7226071535388
758,1768.7226071535388
759,1768.7226071535388
760,1768.7226071535388
761,1768.7226071535388
762,1768.7226071535388
763,1768.7226071535388
764,1768.7226071535388
765,1768.7226071535388
766,1768.7226071535388
767,1768.7226071535388
768,1768.7226071535388
769,1768.7226071535388
770,1768.7226071535388
771,1768.7226071535388
772,1768.7226071535388
773,1768.7226071535388
774,1768.7226071535388
775,1768.7226071535388
776,1768.7226071535388
777,1768.7226071535388
778,1768.7226071535388
779,1768.7226071535388
780,1768.7226071535388
781,1768.7226071535388
782,1768.7226071535388
783,1768.7226071535388
784,1768.7226071535388
785,1768.7226071535388
786,1768.7226071535388
787,1768.7226071535388
788,1768.7226071535388
789,1768.7226071535388
790,1768.7226071535388
791,1768.7226071535388
792,1768.7226071535388
793,1768.7226071535388
794,1768.7226071535388
795,1768.7226071535388
796,1768.7226071535388
797,1768.7226071535388
798,1768.7226071535388
799,1768.7226071535388
800,1768.7226071535388
801,1768.7226071535388
802,1768.7226071535388
803,1768.7226071535388
804,1768.7226071535388
805,1768.7226071535388
806,1768.7226071535388
807,1768.7226071535388
808,1768.7226071535388
809,1768.7226071535388
810,1768.7226071535388
811,1768.7226071535388
812,1768.7226071535388
813,1768.7226071535388
814,1768.7226071535388
815,1768.7226071535388
816,1768.7226071535388
817,1768.7226071535388
818,1768.7226071535388
819,1768.7226071535388
820,1768.7226071535388
821,1768.7226071535388
822,1768.7226071535388
823,1768.7226071535388
824,1768.7226071535388
825,1768.7226071535388
826,1768.7226071535388
827,1768.7226071535388
828,1768.7226071535388
829,1768.7226071535388
830,1768.7226071535388
831,1768.7226071535388
832,1768.7226071535388
833,1768.7226071535388
834,1768.7226071535388
835,1768.7226071535388
836,1768.7226071535388
837,1768.7226071535388
838,1768.7226071535388
839,1768.7226071535388
840,1768.7226071535388
841,1768.7226071535388
842,1768.7226071535388
843,1768.7226071535388
844,1768.7226071535388
845,1768.7226071535388
846,1768.7226071535388
847,1768.7226071535388
848,1768.7226071535388
849,1768.7226071535388
850,1768.7226071535388
851,1768.7226071535388
852,1768.7226071535388
853,1768.7226071535388
854,1768.7226071535388
855,1768.7226071535388
856,1768.7226071535388
857,1768.7226071535388
858,1768.7226071535388
859,1768.7226071535388
860,1768.7226071535388
861,1768.7226071535388
862,1768.7226071535388
863,1768.7226071535388
864,1768.7226071535388
865,1768.7226071535388
866,1768.7226071535388
867,1768.7226071535388
868,1768.7226071535388
869,1768.7226071535388
870,1768.7226071535388
871,1768.7226071535388
872,1768.7226071535388
873,1768.7226071535388
874,1768.7226071535388
875,1768.7226071535388
876,1768.7226071535388
877,1768.7226071535388
878,1768.7226071535388
879,1768.7226071535388
880,1768.7226071535388
881,1768.7226071535388
882,1768.7226071535388
883,1768.7226071535388
884,1768.7226071535388
885,1768.7226071535388
886,1768.7226071535388
887,1768.7226071535388
888,1768.7226071535388
889,1768.7226071535388
890,1768.7226071535388
891,1768.7226071535388
892,1768.7226071535388
893,1768.7226071535388
894,1768.7226071535388
895,1768.7226071535388
896,1768.7226071535388
897,1768.7226071535388
898,1768.7226071535388
899,1768.7226071535388
900,1768.7226071535388
901,1768.7226071535388
902,1768.7226071535388
903,1768.7226071535388
904,1768.7226071535388
905,1768.7226071535388
906,1768.7226071535388
907,1768.7226071535388
908,1768.7226071535388
909,1768.7226071535388
910,1768.7226071535388
911,1768.7226071535388
912,1768.7226071535388
913,1768.7226071535388
914,1768.7226071535388
915,1768.7226071535388
916,1768.7226071535388
917,1768.7226071535388
918,1768.7226071535388
919,1768.7226071535388
920,1768.7226071535388
921,1768.7226071535388
922,1768.7226071535388
923,1768.7226071535388
924,1768.7226071535388
925,1768.7226071535388
926,1768.7226071535388
927,1768.7226071535388
928,1768.7226071535388
929,1768.7226071535388
930,1768.7226071535388
931,1768.7226071535388
932,1768.7226071535388
933,1768.7226071535388
934,1768.7226071535388
935,1768.7226071535388
936,1768.7226071535388
937,1768.7226071535388
938,1768.7226071535388
939,1768.7226071535388
940,1768.7226071535388
941,1768.7226071535388
942,1768.7226071535388
943,1768.7226071535388
944,1768.7226071535388
945,1768.7226071535388
946,1768.7226071535388
947,1768.7226071535388
948,1768.7226071535388
949,1768.7226071535388
950,1768.7226071535388
951,1768.7226071535388
952,1768.7226071535388
953,1768.7226071535388
954,1768.7226071535388
955,1768.7226071535388
956,1768.7226071535388
957,1768.7226071535388
958,1768.7226071535388
959,1768.7226071535388
960,1768.7226071535388
961,1768.7226071535388
962,1768.7226071535388
963,1768.7226071535388
964,1768.7226071535388
965,1768.7226071535388
966,1768.7226071535388
967,1768.7226071535388
968,1768.7226071535388
969,1768.7226071535388
970,1768.7226071535388
971,1768.7226071535388
972,1768.7226071535388
973,1768.7226071535388
974,1768.7226071535388
975,1768.7226071535388
976,1768.7226071535388
977,1768.7226071535388
978,1768.7226071535388
979,1768.7226071535388
980,1768.7226071535388
981,1768.7226071535388
982,1768.7226071535388
983,1768.7226071535388
984,1768.7226071535388
985,1768.7226071535388
986,1768.7226071535388
987,1768.7226071535388
988,1768.7226071535388
989,1768.7226071535388
990,1768.7226071535388
991,1768.7226071535388
992,1768.7226071535388
993,1768.7226071535388
994,1768.7226071535388
995,1768.7226071535388
996,1768.7226071535388
997,1768.7226071535388
998,1768.7226071535388
999,1768.7226071535388
1000,1768.7226071535388
1001,1768.7226071535388
1002,1768.7226071535388
1003,1768.7226071535388
1004,1768.7226071535388
1005,1768.7226071535388
1006,1768.7226071535388
1007,1768.7226071535388
1008,1768.7226071535388
1009,1768.7226071535388
1010,1768.7226071535388
1011,1768.7226071535388
1012,1768.7226071535388
1013,1768.7226071535388
1014,1768.7226071535388
1015,1768.7226071535388
1016,1768.7226071535388
1017,1768.7226071535388
1018,1768.7226071535388
1019,1768.7226071535388
1020,1768.7226071535388
1021,1768.7226071535388
1022,1768.7226071535388
1023,1768.7226071535388
1024,1768.7226071535388
1025,1768.7226071535388
1026,1768.7226071535388
1027,1768.7226071535388
1028,1768.7226071535388
1029,1768.7226071535388
1030,1768.7226071535388
1031,1768.7226071535388
1032,1768.7226071535388
1033,1768.7226071535388
1034,1768.7226071535388
1035,1768.7226071535388
1036,1768.7226071535388
1037,1768.7226071535388
1038,1768.7226071535388
1039,1768.7226071535388
1040,1768.7226071535388
1041,1768.7226071535388
1042,1768.7226071535388
1043,1768.7226071535388
1044,1768.7226071535388
1045,1768.7226071535388
1046,1768.7226071535388
1047,1768.7226071535388
1048,1768.7226071535388
1049,1768.7226071535388
1050,1768.7226071535388
1051,1768.7226071535388
1052,1768.7226071535388
1053,1768.7226071535388
1054,1768.7226071535388
1055,1768.7226071535388
1056,1768.7226071535388
1057,1768.7226071535388
1058,1768.7226071535388
1059,1768.7226071535388
1060,1768.7226071535388
1061,1768.7226071535388
1062,1768.7226071535388
1063,1768.7226071535388
1064,1768.7226071535388
1065,1768.7226071535388
1066,1768.7226071535388
1067,1768.7226071535388
1068,1768.7226071535388
1069,1768.7226071535388
1070,1768.7226071535388
1071,1768.7226071535388
1072,1768.7226071535388
1073,1768.7226071535388
1074,1768.7226071535388
1075,1768.7226071535388
1076,1768.7226071535388
1077,1768.7226071535388
1078,1768.7226071535388
1079,1768.7226071535388
1080,1768.7226071535388
1081,1768.7226071535388
1082,1768.7226071535388
1083,1768.7226071535388
1084,1768.7226071535388
1085,1768.7226071535388
1086,1768.7226071535388
1087,1768.7226071535388
1088,1768.7226071535388
1089,1768.7226071535388
1090,1768.7226071535388
1091,1768.7226071535388
1092,1768.7226071535388
1093,1768.7226071535388
1094,1768.7226071535388
1095,1768.7226071535388
1096,1768.7226071535388
1097,1768.7226071535388
1098,1768.7226071535388
1099,1768.7226071535388
1100,1768.7226071535388
1101,1768.7226071535388
1102,1768.7226071535388
1103,1768.7226071535388
1104,1768.7226071535388
1105,1768.7226071535388
1106,1768.7226071535388
1107,1768.7226071535388
1108,1768.7226071535388
1109,1768.7226071535388
1110,1768.7226071535388
1111,1768.7226071535388
1112,1768.7226071535388
1113,1768.7226071535388
1114,1768.7226071535388
1115,1768.7226071535388
1116,1768.7226071535388
1117,1768.7226071535388
1118,1768.7226071535388
1119,1768.7226071535388
1120,1768.7226071535388
1121,1768.7226071535388
1122,1768.7226071535388
1123,1768.7226071535388
1124,1768.7226071535388
1125,1768.7226071535388
1126,1768.7226071535388
1127,1768.7226071535388
1128,1768.7226071535388
1129,1768.7226071535388
1130,1768.7226071535388
1131,1768.7226071535388
1132,1768.7226071535388
1133,1768.7226071535388
1134,1768.7226071535388
1135,1768.7226071535388
1136,1768.7226071535388
1137,1768.7226071535388
1138,1768.7226071535388
1139,1768.7226071535388
1140,1768.7226071535388
1141,1768.7226071535388
1142,1768.7226071535388
1143,1768.7226071535388
1144,1768.7226071535388
1145,1768.7226071535388
1146,1768.7226071535388
1147,1768.7226071535388
1148,1768.7226071535388
1149,1768.7226071535388
1150,1768.7226071535388
1151,1768.7226071535388
1152,1768.7226071535388
1153,1768.7226071535388
1154,1768.7226071535388
1155,1768.7226071535388
1156,1768.7226071535388
1157,1768.7226071535388
1158,1768.7226071535388
1159,1768.7226071535388
1160,1768.7226071535388
1161,1768.7226071535388
1162,1768.7226071535388
1163,1768.7226071535388
1164,1768.7226071535388
1165,1768.7226071535388
1166,1768.7226071535388
1167,1768.7226071535388
1168,1768.7226071535388
1169,1768.7226071535388
1170,1768.7226071535388
1171,1768.7226071535388
1172,1768.7226071535388
1173,1768.7226071535388
1174,1768.7226071535388
1175,1768.7226071535388
1176,1768.7226071535388
1177,1768.7226071535388
1178,1768.7226071535388
1179,1768.7226071535388
1180,1768.7226071535388
1181,1768.7226071535388
1182,1768.7226071535388
1183,1768.7226071535388
1184,1768.7226071535388
1185,1768.7226071535388
1186,1768.7226071535388
1187,1768.7226071535388
1188,1768.7226071535388
1189,1768.7226071535388
1190,1768.7226071535388
1191,1768.7226071535388
1192,1768.7226071535388
1193,1768.7226071535388
1194,1768.7226071535388
1195,1768.7226071535388
1196,1768.7226071535388
1197,1768.7226071535388
1198,1768.7226071535388
1199,1768.7226071535388
1200,1768.7226071535388
1201,1768.7226071535388
1202,1768.7226071535388
1203,1768.7226071535388
1204,1768.7226071535388
1205,1768.7226071535388
1206,1768.7226071535388
1207,1768.7226071535388
1208,1768.7226071535388
1209,1768.7226071535388
1210,1768.7226071535388
1211,1768.7226071535388
1212,1768.7226071535388
1213,1768.7226071535388
1214,1768.7226071535388
1215,1768.7226071535388
1216,1768.7226071535388
1217,1768.7226071535388
1218,1768.7226071535388
1219,1768.7226071535388
1220,1768.7226071535388
1221,1768.7226071535388
1222,1768.7226071535388
1223,1768.7226071535388
1224,1768.7226071535388
1225,1768.7226071535388
1226,1768.7226071535388
1227,1768.7226071535388
1228,1768.7226071535388
1229,1768.7226071535388
1230,1768.7226071535388
1231,1768.7226071535388
1232,1768.7226071535388
1233,1768.7226071535388
1234,1768.7226071535388
1235,1768.7226071535388
1236,1768.7226071535388
1237,1768.7226071535388
1238,1768.7226071535388
1239,1768.7226071535388
1240,1768.7226071535388
1241,1768.7226071535388
1242,1768.7226071535388
1243,1768.7226071535388
1244,1768.7226071535388
1245,1768.7226071535388
1246,1768.7226071535388
1247,1768.7226071535388
1248,1768.7226071535388
1249,1768.7226071535388
1250,1768.7226071535388
1251,1768.7226071535388
1252,1768.7226071535388
1253,1768.7226071535388
1254,1768.7226071535388
1255,1768.7226071535388
1256,1768.7226071535388
1257,1768.7226071535388
1258,1768.7226071535388
1259,1768.7226071535388
1260,1768.7226071535388
1261,1768.7226071535388
1262,1768.7226071535388
1263,1768.7226071535388
1264,1768.7226071535388
1265,1768.7226071535388
1266,1768.7226071535388
1267,1768.7226071535388
1268,1768.7226071535388
1269,1768.7226071535388
1270,1768.7226071535388
1271,1768.7226071535388
1272,1768.7226071535388
1273,1768.7226071535388
1274,1768.7226071535388
1275,1768.7226071535388
1276,1768.7226071535388
1277,1768.7226071535388
1278,1768.7226071535388
1279,1768.7226071535388
1280,1768.7226071535388
1281,1768.7226071535388
1282,1768.7226071535388
1283,1768.7226071535388
1284,1768.7226071535388
1285,1768.7226071535388
1286,1768.7226071535388
1287,1768.7226071535388
1288,1768.7226071535388
1289,1768.7226071535388
1290,1768.7226071535388
1291,1768.7226071535388
1292,1768.7226071535388
1293,1768.7226071535388
1294,1768.7226071535388
1295,1768.7226071535388
1296,1768.7226071535388
1297,1768.7226071535388
1298,1768.7226071535388
1299,1768.7226071535388
1300,1768.7226071535388
1301,1768.7226071535388
1302,1768.7226071535388
1303,1768.7226071535388
1304,1768.7226071535388
1305,1768.7226071535388
1306,1768.7226071535388
1307,1768.7226071535388
1308,1768.7226071535388
1309,1768.7226071535388
1310,1768.7226071535388
1311,1768.7226071535388
1312,1768.7226071535388
1313,1768.7226071535388
1314,1768.7226071535388
1315,1768.7226071535388
1316,1768.7226071535388
1317,1768.7226071535388
1318,1768.7226071535388
1319,1768.7226071535388
1320,1768.7226071535388
1321,1768.7226071535388
1322,1768.7226071535388
1323,1768.7226071535388
1324,1768.7226071535388
1325,1768.7226071535388
1326,1768.7226071535388
1327,1768.7226071535388
1328,1768.7226071535388
1329,1768.7226071535388
1330,1768.7226071535388
1331,1768.7226071535388
1332,1768.7226071535388
1333,1768.7226071535388
1334,1768.7226071535388
1335,1768.7226071535388
1336,1768.7226071535388
1337,1768.7226071535388
1338,1768.7226071535388
1339,1768.7226071535388
1340,1768.7226071535388
1341,1768.7226071535388
1342,1768.7226071535388
1343,1768.7226071535388
1344,1768.7226071535388
1345,1768.7226071535388
1346,1768.7226071535388
1347,1768.7226071535388
1348,1768.7226071535388
1349,1768.7226071535388
1350,1768.7226071535388
1351,1768.7226071535388
1352,1768.7226071535388
1353,1768.7226071535388
1354,1768.7226071535388
1355,1768.7226071535388
1356,1768.7226071535388
1357,1768.7226071535388
1358,1768.7226071535388
1359,1768.7226071535388
1360,1768.7226071535388
1361,1768.7226071535388
1362,1768.7226071535388
1363,1768.7226071535388
1364,1768.7226071535388
1365,1768.7226071535388
1366,1768.7226071535388
1367,1768.7226071535388
1368,1768.7226071535388
1369,1768.7226071535388
1370,1768.7226071535388
1371,1768.7226071535388
1372,1768.7226071535388
1373,1768.7226071535388
1374,1768.7226071535388
1375,1768.7226071535388
1376,1768.7226071535388
1377,1768.7226071535388
1378,1768.7226071535388
1379,1768.7226071535388
1380,1768.7226071535388
1381,1768.7226071535388
1382,1768.7226071535388
1383,1768.7226071535388
1384,1768.7226071535388
1385,1768.7226071535388
1386,1768.7226071535388
1387,1768.7226071535388
1388,1768.7226071535388
1389,1768.7226071535388
1390,1768.7226071535388
1391,1768.7226071535388
1392,1768.7226071535388
1393,1768.7226071535388
1394,1768.7226071535388
1395,1768.7226071535388
1396,1768.7226071535388
1397,1768.7226071535388
1398,1768.7226071535388
1399,1768.7226071535388
1400,1768.7226071535388
1401,1768.7226071535388
1402,1768.7226071535388
1403,1768.7226071535388
1404,1768.7226071535388
1405,1768.7226071535388
1406,1768.7226071535388
1407,1768.7226071535388
1408,1768.7226071535388
1409,1768.7226071535388
1410,1768.7226071535388
1411,1768.7226071535388
1412,1768.7226071535388
1413,1768.7226071535388
1414,1768.7226071535388
1415,1768.7226071535388
1416,1768.7226071535388
1417,1768.7226071535388
1418,1768.7226071535388
1419,1768.7226071535388
1420,1768.7226071535388
1421,1768.7226071535388
1422,1768.7226071535388
1423,1768.7226071535388
1424,1768.7226071535388
1425,1768.7226071535388
1426,1768.7226071535388
1427,1768.7226071535388
1428,1768.7226071535388
1429,1768.7226071535388
1430,1768.7226071535388
1431,1768.7226071535388
1432,1768.7226071535388
1433,1768.7226071535388
1434,1768.7226071535388
1435,1768.7226071535388
1436,1768.7226071535388
1437,1768.7226071535388
1438,1768.7226071535388
1439,1768.7226071535388
1440,1768.7226071535388
1441,1768.7226071535388
1442,1768.7226071535388
1443,1768.7226071535388
1444,1768.7226071535388
1445,1768.7226071535388
1446,1768.7226071535388
1447,1768.7226071535388
1448,1768.7226071535388
1449,1768.7226071535388
1450,1768.7226071535388
1451,1768.7226071535388
1452,1768.7226071535388
1453,1768.7226071535388
1454,1768.7226071535388
1455,1768.7226071535388
1456,1764.4820765993875
1457,1762.3255266285853
1458,1761.4872431432411
1459,1761.3932763553614
1460,1761.3932763553614
1461,1761.3932763553614
1462,1761.3932763553614
1463,1761.3932763553614
1464,1761.3932763553614
1465,1761.3932763553614
1466,1761.3932763553614
1467,1761.3932763553614
1468,1761.3932763553614
1469,1761.3932763553614
1470,1761.3932763553614
1471,1761.3932763553614
1472,1761.3932763553614
1473,1761.3932763553614
1474,1761.3932763553614
1475,1761.3932763553614
1476,1761.3932763553614
1477,1761.3932763553614
1478,1761.3932763553614
1479,1761.3932763553614
1480,1761.3932763553614
1481,1761.3932763553614
1482,1761.3932763553614
1483,1761.3932763553614
1484,1761.3932763553614
1485,1761.3932763553614
1486,1761.3932763553614
1487,1761.3932763553614
1488,1761.3932763553614
1489,1761.3932763553614
1490,1761.3932763553614
1491,1761.3932763553614
1492,1761.3932763553614
1493,1761.3932763553614
1494,1761.3932763553614
1495,1761.3932763553614
1496,1761.3932763553614
1497,1761.3932763553614
1498,1761.3932763553614
1499,1761.3932763553614
1500,1761.3932763553614
1501,1761.3932763553614
1502,1761.3932763553614
1503,1761.3932763553614
1504,1761.3932763553614
1505,1761.3932763553614
1506,1761.3932763553614
1507,1761.3932763553614
1508,1761.3932763553614
1509,1761.3932763553614
1510,1761.3932763553614
1511,1761.3932763553614
1512,1761.3932763553614
1513,1761.3932763553614
1514,1761.3932763553614
1515,1761.3932763553614
1516,1761.3932763553614
1517,1761.3932763553614
1518,1761.3932763553614
1519,1761.3932763553614
1520,1761.3932763553614
1521,1761.3932763553614
1522,1761.3932763553614
1523,1761.3932763553614
1524,1761.3932763553614
1525,1761.3932763553614
1526,1761.3932763553614
1527,1761.3932763553614
1528,1761.3932763553614
1529,1761.3932763553614
1530,1761.3932763553614
1531,1761.3932763553614
1532,1761.3932763553614
1533,1761.3932763553614
1534,1761.3932763553614
1535,1761.3932763553614
1536,1761.3932763553614
1537,1761.3932763553614
1538,1761.3932763553614
1539,1761.3932763553614
1540,1761.3932763553614
1541,1761.3932763553614
1542,1761.3932763553614
1543,1761.3932763553614
1544,1761.3932763553614
1545,1761.3932763553614
1546,1761.3932763553614
1547,1761.3932763553614
1548,1761.3932763553614
1549,1761.3932763553614
1550,1761.3932763553614
1551,1761.3932763553614
1552,1761.3932763553614
1553,1761.3932763553614
1554,1761.3932763553614
1555,1761.3932763553614
1556,1761.3932763553614
1557,1761.3932763553614
1558,1761.3932763553614
1559,1761.3932763553614
1560,1761.3932763553614
1561,1761.3932763553614
1562,1761.3932763553614
1563,1761.3932763553614
1564,1761.3932763553614
1565,1761.3932763553614
1566,1761.3932763553614
1567,1761.3932763553614
1568,1761.3932763553614
1569,1761.3932763553614
1570,1761.3932763553614
1571,1761.3932763553614
1572,1761.3932763553614
1573,1761.3932763553614
1574,1761.3932763553614
1575,1761.3932763553614
1576,1761.3932763553614
1577,1761.3932763553614
1578,1761.3932763553614
1579,1761.3932763553614
1580,1761.3932763553614
1581,1761.3932763553614
1582,1761.3932763553614
1583,1761.3932763553614
1584,1761.3932763553614
1585,1761.3932763553614
1586,1761.3932763553614
1587,1761.3932763553614
1588,1761.3932763553614
1589,1761.3932763553614
1590,1761.3932763553614
1591,1761.3932763553614
1592,1761.3932763553614
1593,1761.3932763553614
1594,1761.3932763553614
1595,1761.3932763553614
1596,1761.3932763553614
1597,1761.3932763553614
1598,1761.3932763553614
1599,1761.3932763553614
1600,1761.3932763553614
1601,1761.3932763553614
1602,1761.3932763553614
1603,1761.3932763553614
1604,1761.3932763553614
1605,1761.3932763553614
1606,1761.3932763553614
1607,1761.3932763553614
1608,1761.3932763553614
1609,1761.3932763553614
1610,1761.3932763553614
1611,1761.3932763553614
1612,1761.3932763553614
1613,1761.3932763553614
1614,1761.3932763553614
1615,1761.3932763553614
1616,1761.3932763553614
1617,1761.3932763553614
1618,1761.3932763553614
1619,1761.3932763553614
1620,1761.3932763553614
1621,1761.3932763553614
1622,1761.3932763553614
1623,1761.3932763553614
1624,1761.3932763553614
1625,1761.3932763553614
1626,1761.3932763553614
1627,1761.3932763553614
1628,1761.3932763553614
1629,1761.3932763553614
1630,1761.3932763553614
1631,1761.3932763553614
1632,1761.3932763553614
1633,1761.3932763553614
1634,1761.3932763553614
1635,1761.3932763553614
1636,1761.3932763553614
1637,1761.3932763553614
1638,1761.3932763553614
1639,1761.3932763553614
1640,1761.3932763553614
1641,1761.3932763553614
1642,1761.3932763553614
1643,1761.3932763553614
1644,1761.3932763553614
1645,1761.3932763553614
1646,1761.3932763553614
1647,1761.3932763553614
1648,1761.3932763553614
1649,1761.3932763553614
1650,1761.3932763553614
1651,1761.3932763553614
1652,1761.3932763553614
1653,1761.3932763553614
1654,1761.3932763553614
1655,1761.3932763553614
1656,1761.3932763553614
1657,1761.3932763553614
1658,1761.3932763553614
1659,1761.3932763553614
1660,1761.3932763553614
1661,1761.3932763553614
1662,1761.3932763553614
1663,1761.3932763553614
1664,1761.3932763553614
1665,1761.3932763553614
1666,1761.3932763553614
1667,1761.3932763553614
1668,1761.3932763553614
1669,1761.3932763553614
1670,1761.3932763553614
1671,1761.3932763553614
1672,1761.3932763553614
1673,1761.3932763553614
1674,1761.3932763553614
1675,1761.3932763553614
1676,1761.3932763553614
1677,1761.3932763553614
1678,1761.3932763553614
1679,1761.3932763553614
1680,1761.3932763553614
1681,1761.3932763553614
1682,1761.3932763553614
1683,1761.3932763553614
1684,1761.3932763553614
1685,1761.3932763553614
1686,1761.3932763553614
1687,1761.3932763553614
1688,1761.3932763553614
1689,1761.3932763553614
1690,1761.3932763553614
1691,1761.3932763553614
1692,1761.3932763553614
1693,1761.3932763553614
1694,1761.3932763553614
1695,1761.3932763553614
1696,1761.3932763553614
1697,1761.3932763553614
1698,1761.3932763553614
1699,1761.3932763553614
1700,1761.3932763553614
1701,1761.3932763553614
1702,1761.3932763553614
1703,1761.3932763553614
1704,1761.3932763553614
1705,1761.3932763553614
1706,1761.3932763553614
1707,1761.3932763553614
1708,1761.3932763553614
1709,1761.3932763553614
1710,1761.3932763553614
1711,1761.3932763553614
1712,1761.3932763553614
1713,1761.3932763553614
1714,1761.3932763553614
1715,1761.3932763553614
1716,1761.3932763553614
1717,1761.3932763553614
1718,1761.3932763553614
1719,1761.3932763553614
1720,1761.3932763553614
1721,1761.3932763553614
1722,1761.3932763553614
1723,1761.3932763553614
1724,1761.3932763553614
1725,1761.3932763553614
1726,1761.3932763553614
1727,1761.3932763553614
1728,1761.3932763553614
1729,1761.3932763553614
1730,1761.3932763553614
1731,1761.3932763553614
1732,1761.3932763553614
1733,1761.3932763553614
1734,1761.3932763553614
1735,1761.3932763553614
1736,1761.3932763553614
1737,1761.3932763553614
1738,1761.3932763553614
1739,1761.3932763553614
1740,1761.3932763553614
1741,1761.3932763553614
1742,1761.3932763553614
1743,1761.3932763553614
1744,1761.3932763553614
1745,1761.3932763553614
1746,1761.3932763553614
1747,1761.3932763553614
1748,1761.3932763553614
1749,1761.3932763553614
1750,1761.3932763553614
1751,1761.3932763553614
1752,1761.3932763553614
1753,1761.3932763553614
1754,1761.3932763553614
1755,1761.3932763553614
1756,1761.3932763553614
1757,1761.3932763553614
1758,1761.3932763553614
1759,1761.3932763553614
1760,1761.3932763553614
1761,1761.3932763553614
1762,1761.3932763553614
1763,1761.3932763553614
1764,1761.3932763553614
1765,1761.3932763553614
1766,1761.3932763553614
1767,1761.3932763553614
1768,1761.3932763553614
1769,1761.3932763553614
1770,1761.3932763553614
1771,1761.3932763553614
1772,1761.3932763553614
1773,1761.3932763553614
1774,1761.3932763553614
1775,1761.3932763553614
1776,1761.3932763553614
1777,1761.3932763553614
1778,1761.3932763553614
1779,1761.3932763553614
1780,1761.3932763553614
1781,1761.3932763553614
1782,1761.3932763553614
1783,1761.3932763553614
1784,1761.3932763553614
1785,1761.3932763553614
1786,1761.3932763553614
1787,1761.3932763553614
1788,1761.3932763553614
1789,1761.3932763553614
1790,1761.3932763553614
1791,1761.3932763553614
1792,1761.3932763553614
1793,1761.3932763553614
1794,1761.3932763553614
1795,1761.3932763553614
1796,1761.3932763553614
1797,1761.3932763553614
1798,1761.3932763553614
1799,1761.3932763553614
1800,1761.3932763553614
1801,1761.3932763553614
1802,1761.3932763553614
1803,1761.3932763553614
1804,1761.3932763553614
1805,1761.3932763553614
1806,1761.3932763553614
1807,1761.3932763553614
1808,1761.3932763553614
1809,1761.3932763553614
1810,1761.3932763553614
1811,1761.3932763553614
1812,1761.3932763553614
1813,1761.3932763553614
1814,1761.3932763553614
1815,1761.3932763553614
1816,1761.3932763553614
1817,1761.3932763553614
1818,1761.3932763553614
1819,1761.3932763553614
1820,1761.3932763553614
1821,1761.3932763553614
1822,1761.3932763553614
1823,1761.3932763553614
1824,1761.3932763553614
1825,1761.3932763553614
1826,1761.3932763553614
1827,1761.3932763553614
1828,1761.3932763553614
1829,1761.3932763553614
1830,1761.3932763553614
1831,1761.3932763553614
1832,1761.3932763553614
1833,1761.3932763553614
1834,1761.3932763553614
1835,1761.3932763553614
1836,1761.3932763553614
1837,1761.3932763553614
1838,1761.3932763553614
1839,1761.3932763553614
1840,1761.3932763553614
1841,1761.3932763553614
1842,1761.3932763553614
1843,1761.3932763553614
1844,1761.3932763553614
1845,1761.3932763553614
1846,1761.3932763553614
1847,1761.3932763553614
1848,1761.3932763553614
1849,1761.3932763553614
1850,1761.3932763553614
1851,1761.3932763553614
1852,1761.3932763553614
1853,1761.3932763553614
1854,1761.3932763553614
1855,1759.7819429564756
1856,1756.644461780698
1857,1755.806178295354
1858,1755.806178295354
1859,1755.3448325947977
1860,1755.3448325947977
1861,1755.3448325947977
1862,1755.3448325947977
1863,1755.3448325947977
1864,1755.3448325947977
1865,1755.3448325947977
1866,1755.3448325947977
1867,1755.3448325947977
1868,1755.3448325947977
1869,1755.3448325947977
1870,1755.3448325947977
1871,1755.3448325947977
1872,1755.3448325947977
1873,1755.3448325947977
1874,1755.3448325947977
1875,1755.3448325947977
1876,1755.3448325947977
1877,1755.3448325947977
1878,1755.3448325947977
1879,1755.3448325947977
1880,1755.3448325947977
1881,1755.3448325947977
1882,1755.3448325947977
1883,1755.3448325947977
1884,1755.3448325947977
1885,1755.3448325947977
1886,1755.3448325947977
1887,1755.3448325947977
1888,1755.3448325947977
1889,1755.3448325947977
1890,1755.3448325947977
1891,1755.3448325947977
1892,1755.3448325947977
1893,1755.3448325947977
1894,1755.3448325947977
1895,1755.3448325947977
1896,1755.3448325947977
1897,1755.3448325947977
1898,1755.3448325947977
1899,1755.3448325947977
1900,1755.3448325947977
1901,1755.3448325947977
1902,1755.3448325947977
1903,1755.3448325947977
1904,1755.3448325947977
1905,1755.3448325947977
1906,1755.3448325947977
1907,1755.3448325947977
1908,1755.3448325947977
1909,1755.3448325947977
1910,1755.3448325947977
1911,1755.3448325947977
1912,1755.3448325947977
1913,1755.3448325947977
1914,1755.3448325947977
1915,1755.3448325947977
1916,1755.3448325947977
1917,1755.3448325947977
1918,1755.3448325947977
1919,1755.3448325947977
1920,1755.3448325947977
1921,1755.3448325947977
1922,1755.3448325947977
1923,1755.3448325947977
1924,1755.3448325947977
1925,1755.3448325947977
1926,1755.3448325947977
1927,1755.3448325947977
1928,1755.3448325947977
1929,1755.3448325947977
1930,1755.3448325947977
1931,1755.3448325947977
1932,1755.3448325947977
1933,1755.3448325947977
1934,1755.3448325947977
1935,1755.3448325947977
1936,1755.3448325947977
1937,1755.3448325947977
1938,1755.3448325947977
1939,1755.3448325947977
1940,1755.3448325947977
1941,1755.3448325947977
1942,1755.3448325947977
1943,1755.3448325947977
1944,1755.3448325947977
1945,1755.3448325947977
1946,1755.3448325947977
1947,1755.3448325947977
1948,1755.3448325947977
1949,1755.3448325947977
1950,1755.3448325947977
1951,1755.3448325947977
1952,1755.3448325947977
1953,1755.3448325947977
1954,1755.3448325947977
1955,1755.3448325947977
1956,1755.3448325947977
1957,1755.3448325947977
1958,1755.3448325947977
1959,1755.3448325947977
1960,1755.3448325947977
1961,1755.3448325947977
1962,1755.3448325947977
1963,1755.3448325947977
1964,1755.3448325947977
1965,1755.3448325947977
1966,1755.3448325947977
1967,1755.3448325947977
1968,1755.3448325947977
1969,1755.3448325947977
1970,1755.3448325947977
1971,1755.3448325947977
1972,1755.3448325947977
1973,1755.3448325947977
1974,1755.3448325947977
1975,1755.3448325947977
1976,1755.3448325947977
1977,1755.3448325947977
1978,1755.3448325947977
1979,1755.3448325947977
1980,1755.3448325947977
1981,1755.3448325947977
1982,1755.3448325947977
1983,1755.3448325947977
1984,1755.3448325947977
1985,1755.3448325947977
1986,1755.3448325947977
1987,1755.3448325947977
1988,1755.3448325947977
1989,1755.3448325947977
1990,1755.3448325947977
1991,1755.3448325947977
1992,1755.3448325947977
1993,1755.3448325947977
1994,1755.3448325947977
1995,1755.3448325947977
1996,1755.3448325947977
1997,1755.3448325947977
1998,1755.3448325947977
1999,1755.3448325947977
2000,1755.3448325947977
2001,1755.3448325947977
2002,1755.3448325947977
2003,1755.3448325947977
2004,1755.3448325947977
2005,1755.3448325947977
2006,1755.3448325947977
2007,1755.3448325947977
2008,1755.3448325947977
2009,1755.3448325947977
2010,1755.3448325947977
2011,1755.3448325947977
2012,1755.3448325947977
2013,1755.3448325947977
2014,1755.3448325947977
2015,1755.3448325947977
2016,1755.3448325947977
2017,1755.3448325947977
2018,1755.3448325947977
2019,1755.3448325947977
2020,1755.3448325947977
2021,1755.3448325947977
2022,1755.3448325947977
2023,1755.3448325947977
2024,1755.3448325947977
2025,1755.3448325947977
2026,1755.3448325947977
2027,1755.3448325947977
2028,1755.3448325947977
2029,1755.3448325947977
2030,1755.3448325947977
2031,1755.3448325947977
2032,1755.3448325947977
2033,1755.3448325947977
2034,1755.3448325947977
2035,1755.3448325947977
2036,1755.3448325947977
2037,1755.3448325947977
2038,1755.3448325947977
2039,1755.3448325947977
2040,1755.3448325947977
2041,1755.3448325947977
2042,1755.3448325947977
2043,1755.3448325947977
2044,1755.3448325947977
2045,1755.3448325947977
2046,1755.3448325947977
2047,1755.3448325947977
2048,1755.3448325947977
2049,1755.3448325947977
2050,1755.3448325947977
2051,1755.3448325947977
2052,1755.3448325947977
2053,1755.3448325947977
2054,1755.3448325947977
2055,1755.3448325947977
2056,1755.3448325947977
2057,1755.3448325947977
2058,1755.3448325947977
2059,1755.3448325947977
2060,1755.3448325947977
2061,1755.3448325947977
2062,1755.3448325947977
2063,1755.3448325947977
2064,1755.3448325947977
2065,1755.3448325947977
2066,1755.3448325947977
2067,1755.3448325947977
2068,1755.3448325947977
2069,1755.3448325947977
2070,1755.3448325947977
2071,1755.3448325947977
2072,1755.3448325947977
2073,1755.3448325947977
2074,1755.3448325947977
2075,1755.3448325947977
2076,1755.3448325947977
2077,1755.3448325947977
2078,1755.3448325947977
2079,1755.3448325947977
2080,1755.3448325947977
2081,1755.3448325947977
2082,1755.3448325947977
2083,1755.3448325947977
2084,1755.3448325947977
2085,1755.3448325947977
2086,1755.3448325947977
2087,1755.3448325947977
2088,1755.3448325947977
2089,1755.3448325947977
2090,1755.3448325947977
2091,1755.3448325947977
2092,1755.3448325947977
2093,1755.3448325947977
2094,1755.3448325947977
2095,1755.3448325947977
2096,1755.3448325947977
2097,1755.3448325947977
2098,1755.3448325947977
2099,1755.3448325947977
2100,1755.3448325947977
2101,1755.3448325947977
2102,1755.3448325947977
2103,1755.3448325947977
2104,1755.3448325947977
2105,1755.3448325947977
2106,1755.3448325947977
2107,1755.3448325947977
2108,1755.3448325947977
2109,1755.3448325947977
2110,1755.3448325947977
2111,1755.3448325947977
2112,1755.3448325947977
2113,1755.3448325947977
2114,1755.3448325947977
2115,1755.3448325947977
2116,1755.3448325947977
2117,1755.3448325947977
2118,1755.3448325947977
2119,1755.3448325947977
2120,1755.3448325947977
2121,1755.3448325947977
2122,1755.3448325947977
2123,1755.3448325947977
2124,1755.3448325947977
2125,1755.3448325947977
2126,1755.3448325947977
2127,1755.3448325947977
2128,1755.3448325947977
2129,1755.3448325947977
2130,1755.3448325947977
2131,1755.3448325947977
2132,1755.3448325947977
2133,1755.3448325947977
2134,1755.3448325947977
2135,1755.3448325947977
2136,1755.3448325947977
2137,1755.3448325947977
2138,1755.3448325947977
2139,1755.3448325947977
2140,1755.3448325947977
2141,1755.3448325947977
2142,1755.3448325947977
2143,1755.3448325947977
2144,1755.3448325947977
2145,1755.3448325947977
2146,1755.3448325947977
2147,1755.3448325947977
2148,1755.3448325947977
2149,1755.3448325947977
2150,1755.3448325947977
2151,1755.3448325947977
2152,1755.3448325947977
2153,1755.3448325947977
2154,1755.3448325947977
2155,1755.3448325947977
2156,1755.3448325947977
2157,1755.3448325947977
2158,1755.3448325947977
2159,1755.3448325947977
2160,1755.3448325947977
2161,1755.3448325947977
2162,1755.3448325947977
2163,1755.3448325947977
2164,1755.3448325947977
2165,1755.3448325947977
2166,1755.3448325947977
2167,1755.3448325947977
2168,1755.3448325947977
2169,1755.3448325947977
2170,1755.3448325947977
2171,1755.3448325947977
2172,1755.3448325947977
2173,1755.3448325947977
2174,1755.3448325947977
2175,1755.3448325947977
2176,1755.3448325947977
2177,1755.3448325947977
2178,1755.3448325947977
2179,1755.3448325947977
2180,1755.3448325947977
2181,1755.3448325947977
2182,1755.3448325947977
2183,1755.3448325947977
2184,1755.3448325947977
2185,1755.3448325947977
2186,1755.3448325947977
2187,1755.3448325947977
2188,1755.3448325947977
2189,1755.3448325947977
2190,1755.3448325947977
2191,1755.3448325947977
2192,1755.3448325947977
2193,1755.3448325947977
2194,1755.3448325947977
2195,1755.3448325947977
2196,1755.3448325947977
2197,1755.3448325947977
2198,1755.3448325947977
2199,1755.3448325947977
2200,1755.3448325947977
2201,1755.3448325947977
2202,1755.3448325947977
2203,1755.3448325947977
2204,1755.3448325947977
2205,1755.3448325947977
2206,1755.3448325947977
2207,1755.3448325947977
2208,1755.3448325947977
2209,1755.3448325947977
2210,1755.3448325947977
2211,1755.3448325947977
2212,1755.3448325947977
2213,1755.3448325947977
2214,1755.3448325947977
2215,1755.3448325947977
2216,1755.3448325947977
2217,1755.3448325947977
2218,1755.3448325947977
2219,1755.3448325947977
2220,1755.3448325947977
2221,1755.3448325947977
2222,1755.3448325947977
2223,1755.3448325947977
2224,1755.3448325947977
2225,1755.3448325947977
2226,1755.3448325947977
2227,1755.3448325947977
2228,1755.3448325947977
2229,1755.3448325947977
2230,1755.3448325947977
2231,1755.3448325947977
2232,1755.3448325947977
2233,1755.3448325947977
2234,1755.3448325947977
2235,1755.3448325947977
2236,1755.3448325947977
2237,1755.3448325947977
2238,1755.3448325947977
2239,1755.3448325947977
2240,1755.3448325947977
2241,1755.3448325947977
2242,1755.3448325947977
2243,1755.3448325947977
2244,1755.3448325947977
2245,1755.3448325947977
2246,1755.3448325947977
2247,1755.3448325947977
2248,1755.3448325947977
2249,1755.3448325947977
2250,1755.3448325947977
2251,1755.3448325947977
2252,1755.3448325947977
2253,1755.3448325947977
2254,1755.3448325947977
2255,1755.3448325947977
2256,1755.3448325947977
2257,1755.3448325947977
2258,1755.3448325947977
2259,1755.3448325947977
2260,1755.3448325947977
2261,1755.3448325947977
2262,1755.3448325947977
2263,1755.3448325947977
2264,1755.3448325947977
2265,1755.3448325947977
2266,1755.3448325947977
2267,1755.3448325947977
2268,1755.3448325947977
2269,1755.3448325947977
2270,1755.3448325947977
2271,1755.3448325947977
2272,1755.3448325947977
2273,1755.3448325947977
2274,1755.3448325947977
2275,1755.3448325947977
2276,1755.3448325947977
2277,1755.3448325947977
2278,1755.3448325947977
2279,1755.3448325947977
2280,1755.3448325947977
2281,1755.3448325947977
2282,1755.3448325947977
2283,1755.3448325947977
2284,1755.3448325947977
2285,1755.3448325947977
2286,1755.3448325947977
2287,1755.3448325947977
2288,1755.3448325947977
2289,1755.3448325947977
2290,1755.3448325947977
2291,1755.3448325947977
2292,1755.3448325947977
2293,1755.3448325947977
2294,1755.3448325947977
2295,1755.3448325947977
2296,1755.3448325947977
2297,1755.3448325947977
2298,1755.3448325947977
2299,1755.3448325947977
2300,1755.3448325947977
2301,1755.3448325947977
2302,1755.3448325947977
2303,1755.3448325947977
2304,1755.3448325947977
2305,1755.3448325947977
2306,1755.3448325947977
2307,1755.3448325947977
2308,1755.3448325947977
2309,1755.3448325947977
2310,1755.3448325947977
2311,1755.3448325947977
2312,1755.3448325947977
2313,1755.3448325947977
2314,1755.3448325947977
2315,1755.3448325947977
2316,1755.3448325947977
2317,1755.3448325947977
2318,1755.3448325947977
2319,1755.3448325947977
2320,1755.3448325947977
2321,1755.3448325947977
2322,1755.3448325947977
2323,1755.3448325947977
2324,1755.3448325947977
2325,1755.3448325947977
2326,1755.3448325947977
2327,1755.3448325947977
2328,1755.3448325947977
2329,1755.3448325947977
2330,1755.3448325947977
2331,1755.3448325947977
2332,1755.3448325947977
2333,1755.3448325947977
2334,1755.3448325947977
2335,1755.3448325947977
2336,1755.3448325947977
2337,1755.3448325947977
2338,1755.3448325947977
2339,1755.3448325947977
2340,1755.3448325947977
2341,1755.3448325947977
2342,1755.3448325947977
2343,1755.3448325947977
2344,1755.3448325947977
2345,1755.3448325947977
2346,1755.3448325947977
2347,1755.3448325947977
2348,1755.3448325947977
2349,1755.3448325947977
2350,1755.3448325947977
2351,1755.3448325947977
2352,1755.3448325947977
2353,1755.3448325947977
2354,1755.3448325947977
2355,1755.3448325947977
2356,1755.3448325947977
2357,1755.3448325947977
2358,1755.3448325947977
2359,1755.3448325947977
2360,1755.3448325947977
2361,1755.3448325947977
2362,1755.3448325947977
2363,1755.3448325947977
2364,1755.3448325947977
2365,1755.3448325947977
2366,1755.3448325947977
2367,1755.3448325947977
2368,1755.3448325947977
2369,1755.3448325947977
2370,1755.3448325947977
2371,1755.3448325947977
2372,1755.3448325947977
2373,1755.3448325947977
2374,1755.3448325947977
2375,1755.3448325947977
2376,1755.3448325947977
2377,1755.3448325947977
2378,1755.3448325947977
2379,1755.3448325947977
2380,1755.3448325947977
2381,1755.3448325947977
2382,1755.3448325947977
2383,1755.3448325947977
2384,1755.3448325947977
2385,1755.3448325947977
2386,1755.3448325947977
2387,1755.3448325947977
2388,1755.3448325947977
2389,1755.3448325947977
2390,1755.3448325947977
2391,1755.3448325947977
2392,1755.3448325947977
2393,1755.3448325947977
2394,1755.3448325947977
2395,1755.3448325947977
2396,1755.3448325947977
2397,1755.3448325947977
2398,1755.3448325947977
2399,1755.3448325947977
2400,1755.3448325947977
2401,1755.3448325947977
2402,1755.3448325947977
2403,1755.3448325947977
2404,1755.3448325947977
2405,1755.3448325947977
2406,1755.3448325947977
2407,1755.3448325947977
2408,1755.3448325947977
2409,1755.3448325947977
2410,1755.3448325947977
2411,1755.3448325947977
2412,1755.3448325947977
2413,1755.3448325947977
2414,1755.3448325947977
2415,1755.3448325947977
2416,1755.3448325947977
2417,1755.3448325947977
2418,1755.3448325947977
2419,1755.3448325947977
2420,1755.3448325947977
2421,1755.3448325947977
2422,1755.3448325947977
2423,1755.3448325947977
2424,1755.3448325947977
2425,1755.3448325947977
2426,1755.3448325947977
2427,1755.3448325947977
2428,1755.3448325947977
2429,1755.3448325947977
2430,1755.3448325947977
2431,1755.3448325947977
2432,1755.3448325947977
2433,1755.3448325947977
2434,1755.3448325947977
2435,1755.3448325947977
2436,1755.3448325947977
2437,1755.3448325947977
2438,1755.3448325947977
2439,1755.3448325947977
2440,1755.3448325947977
2441,1755.3448325947977
2442,1755.3448325947977
2443,1755.3448325947977
2444,1755.3448325947977
2445,1755.3448325947977
2446,1755.3448325947977
2447,1755.3448325947977
2448,1755.3448325947977
2449,1755.3448325947977
2450,1755.3448325947977
2451,1755.3448325947977
2452,1755.3448325947977
2453,1755.3448325947977
2454,1755.3448325947977
2455,1755.3448325947977
2456,1755.3448325947977
2457,1755.3448325947977
2458,1755.3448325947977
2459,1755.3448325947977
2460,1755.3448325947977
2461,1755.3448325947977
2462,1755.3448325947977
2463,1755.3448325947977
2464,1755.3448325947977
2465,1755.3448325947977
2466,1755.3448325947977
2467,1755.3448325947977
2468,1755.3448325947977
2469,1755.3448325947977
2470,1755.3448325947977
2471,1755.3448325947977
2472,1755.3448325947977
2473,1755.3448325947977
2474,1755.3448325947977
2475,1755.3448325947977
2476,1755.3448325947977
2477,1755.3448325947977
2478,1755.3448325947977
2479,1755.3448325947977
2480,1755.3448325947977
2481,1755.3448325947977
2482,1755.3448325947977
2483,1755.3448325947977
2484,1755.3448325947977
2485,1755.3448325947977
2486,1755.3448325947977
2487,1755.3448325947977
2488,1755.3448325947977
2489,1755.3448325947977
2490,1755.3448325947977
2491,1755.3448325947977
2492,1755.3448325947977
2493,1755.3448325947977
2494,1755.3448325947977
2495,1755.3448325947977
2496,1755.3448325947977
2497,1755.3448325947977
2498,1755.3448325947977
2499,1755.3448325947977
2500,1755.3448325947977
2501,1755.3448325947977
2502,1755.3448325947977
2503,1755.3448325947977
2504,1755.3448325947977
2505,1755.3448325947977
2506,1755.3448325947977
2507,1755.3448325947977
2508,1755.3448325947977
2509,1755.3448325947977
2510,1755.3448325947977
2511,1755.3448325947977
2512,1755.3448325947977
2513,1755.3448325947977
2514,1755.3448325947977
2515,1755.3448325947977
2516,1755.3448325947977
2517,1755.3448325947977
2518,1755.3448325947977
2519,1755.3448325947977
2520,1755.3448325947977
2521,1755.3448325947977
2522,1755.3448325947977
2523,1755.3448325947977
2524,1755.3448325947977
2525,1755.3448325947977
2526,1755.3448325947977
2527,1755.3448325947977
2528,1755.3448325947977
2529,1755.3448325947977
2530,1755.3448325947977
2531,1755.3448325947977
2532,1755.3448325947977
2533,1755.3448325947977
2534,1755.3448325947977
2535,1755.3448325947977
2536,1755.3448325947977
2537,1755.3448325947977
2538,1755.3448325947977
2539,1755.3448325947977
2540,1755.3448325947977
2541,1755.3448325947977
2542,1755.3448325947977
2543,1755.3448325947977
2544,1755.3448325947977
2545,1755.3448325947977
2546,1755.3448325947977
2547,1755.3448325947977
2548,1755.3448325947977
2549,1755.3448325947977
2550,1755.3448325947977
2551,1755.3448325947977
2552,1755.3448325947977
2553,1755.3448325947977
2554,1755.3448325947977
2555,1755.3448325947977
2556,1755.3448325947977
2557,1755.3448325947977
2558,1755.3448325947977
2559,1755.3448325947977
2560,1755.3448325947977
2561,1755.3448325947977
2562,1755.3448325947977
2563,1755.3448325947977
2564,1755.3448325947977
2565,1755.3448325947977
2566,1755.3448325947977
2567,1755.3448325947977
2568,1755.3448325947977
2569,1755.3448325947977
2570,1755.3448325947977
2571,1755.3448325947977
2572,1755.3448325947977
2573,1755.3448325947977
2574,1755.3448325947977
2575,1755.3448325947977
2576,1755.3448325947977
2577,1755.3448325947977
2578,1755.3448325947977
2579,1755.3448325947977
2580,1755.3448325947977
2581,1755.3448325947977
2582,1755.3448325947977
2583,1755.3448325947977
2584,1755.3448325947977
2585,1755.3448325947977
2586,1755.3448325947977
2587,1755.3448325947977
2588,1755.3448325947977
2589,1755.3448325947977
2590,1755.3448325947977
2591,1755.3448325947977
2592,1755.3448325947977
2593,1755.3448325947977
2594,1755.3448325947977
2595,1755.3448325947977
2596,1755.3448325947977
2597,1755.3448325947977
2598,1755.3448325947977
2599,1755.3448325947977
2600,1755.3448325947977
2601,1755.3448325947977
2602,1755.3448325947977
2603,1755.3448325947977
2604,1755.3448325947977
2605,1755.3448325947977
2606,1755.3448325947977
2607,1755.3448325947977
2608,1755.3448325947977
2609,1755.3448325947977
2610,1755.3448325947977
2611,1755.3448325947977
2612,1755.3448325947977
2613,1755.3448325947977
2614,1755.3448325947977
2615,1755.3448325947977
2616,1755.3448325947977
2617,1755.3448325947977
2618,1755.3448325947977
2619,1755.3448325947977
2620,1755.3448325947977
2621,1755.3448325947977
2622,1755.3448325947977
2623,1755.3448325947977
2624,1755.3448325947977
2625,1755.3448325947977
2626,1755.3448325947977
2627,1755.3448325947977
2628,1755.3448325947977
2629,1755.3448325947977
2630,1755.3448325947977
2631,1755.3448325947977
2632,1755.3448325947977
2633,1755.3448325947977
2634,1755.3448325947977
2635,1755.3448325947977
2636,1755.3448325947977
2637,1755.3448325947977
2638,1755.3448325947977
2639,1755.3448325947977
2640,1755.3448325947977
2641,1755.3448325947977
2642,1755.3448325947977
2643,1755.3448325947977
2644,1755.3448325947977
2645,1755.3448325947977
2646,1755.3448325947977
2647,1755.3448325947977
2648,1755.3448325947977
2649,1755.3448325947977
2650,1755.3448325947977
2651,1755.3448325947977
2652,1755.3448325947977
2653,1755.3448325947977
2654,1755.3448325947977
2655,1755.3448325947977
2656,1755.3448325947977
2657,1755.3448325947977
2658,1755.3448325947977
2659,1755.3448325947977
2660,1755.3448325947977
2661,1755.3448325947977
2662,1755.3448325947977
2663,1755.3448325947977
2664,1755.3448325947977
2665,1755.3448325947977
2666,1755.3448325947977
2667,1755.3448325947977
2668,1755.3448325947977
2669,1755.3448325947977
2670,1755.3448325947977
2671,1755.3448325947977
2672,1755.3448325947977
2673,1755.3448325947977
2674,1755.3448325947977
2675,1755.3448325947977
2676,1755.3448325947977
2677,1755.3448325947977
2678,1755.3448325947977
2679,1755.3448325947977
2680,1755.3448325947977
2681,1755.3448325947977
2682,1755.3448325947977
2683,1755.3448325947977
2684,1755.3448325947977
2685,1755.3448325947977
2686,1755.3448325947977
2687,1755.3448325947977
2688,1755.3448325947977
2689,1755.3448325947977
2690,1755.3448325947977
2691,1755.3448325947977
2692,1755.3448325947977
2693,1755.3448325947977
2694,1755.3448325947977
2695,1755.3448325947977
2696,1755.3448325947977
2697,1755.3448325947977
2698,1755.3448325947977
2699,1755.3448325947977
2700,1755.3448325947977
2701,1755.3448325947977
2702,1755.3448325947977
2703,1755.3448325947977
2704,1755.3448325947977
2705,1755.3448325947977
2706,1755.3448325947977
2707,1755.3448325947977
2708,1755.3448325947977
2709,1755.3448325947977
2710,1755.3448325947977
2711,1755.3448325947977
2712,1755.3448325947977
2713,1755.3448325947977
2714,1755.3448325947977
2715,1755.3448325947977
2716,1755.3448325947977
2717,1755.3448325947977
2718,1755.3448325947977
2719,1755.3448325947977
2720,1755.3448325947977
2721,1755.3448325947977
2722,1755.3448325947977
2723,1755.3448325947977
2724,1755.3448325947977
2725,1755.3448325947977
2726,1755.3448325947977
2727,1755.3448325947977
2728,1755.3448325947977
2729,1755.3448325947977
2730,1755.3448325947977
2731,1755.3448325947977
2732,1755.3448325947977
2733,1755.3448325947977
2734,1755.3448325947977
2735,1755.3448325947977
2736,1755.3448325947977
2737,1755.3448325947977
2738,1755.3448325947977
2739,1755.3448325947977
2740,1755.3448325947977
2741,1755.3448325947977
2742,1755.3448325947977
2743,1755.3448325947977
2744,1755.3448325947977
2745,1755.3448325947977
2746,1755.3448325947977
2747,1755.3448325947977
2748,1755.3448325947977
2749,1755.3448325947977
2750,1755.3448325947977
2751,1755.3448325947977
2752,1755.3448325947977
2753,1755.3448325947977
2754,1755.3448325947977
2755,1755.3448325947977
2756,1755.3448325947977
2757,1755.3448325947977
2758,1755.3448325947977
2759,1755.3448325947977
2760,1755.3448325947977
2761,1755.3448325947977
2762,1755.3448325947977
2763,1755.3448325947977
2764,1755.3448325947977
2765,1755.3448325947977
2766,1755.3448325947977
2767,1755.3448325947977
2768,1755.3448325947977
2769,1755.3448325947977
2770,1755.3448325947977
2771,1755.3448325947977
2772,1755.3448325947977
2773,1755.3448325947977
2774,1755.3448325947977
2775,1755.3448325947977
2776,1755.3448325947977
2777,1755.3448325947977
2778,1755.3448325947977
2779,1755.3448325947977
2780,1755.3448325947977
2781,1755.3448325947977
2782,1755.3448325947977
2783,1755.3448325947977
2784,1755.3448325947977
2785,1755.3448325947977
2786,1755.3448325947977
2787,1755.3448325947977
2788,1755.3448325947977
2789,1755.3448325947977
2790,1755.3448325947977
2791,1755.3448325947977
2792,1755.3448325947977
2793,1755.3448325947977
2794,1755.3448325947977
2795,1755.3448325947977
2796,1755.3448325947977
2797,1755.3448325947977
2798,1755.3448325947977
2799,1755.3448325947977
2800,1755.3448325947977
2801,1755.3448325947977
2802,1755.3448325947977
2803,1755.3448325947977
2804,1755.3448325947977
2805,1755.3448325947977
2806,1755.3448325947977
2807,1755.3448325947977
2808,1755.3448325947977
2809,1755.3448325947977
2810,1755.3448325947977
2811,1755.3448325947977
2812,1755.3448325947977
2813,1755.3448325947977
2814,1755.3448325947977
2815,1755.3448325947977
2816,1755.3448325947977
2817,1755.3448325947977
2818,1755.3448325947977
2819,1755.3448325947977
2820,1755.3448325947977
2821,1755.3448325947977
2822,1755.3448325947977
2823,1755.3448325947977
2824,1755.3448325947977
2825,1755.3448325947977
2826,1755.3448325947977
2827,1755.3448325947977
2828,1755.3448325947977
2829,1755.3448325947977
2830,1755.3448325947977
2831,1755.3448325947977
2832,1755.3448325947977
2833,1755.3448325947977
2834,1755.3448325947977
2835,1755.3448325947977
2836,1755.3448325947977
2837,1755.3448325947977
2838,1755.3448325947977
2839,1755.3448325947977
2840,1755.3448325947977
2841,1755.3448325947977
2842,1755.3448325947977
2843,1755.3448325947977
2844,1755.3448325947977
2845,1755.3448325947977
2846,1755.3448325947977
2847,1755.3448325947977
2848,1755.3448325947977
2849,1755.3448325947977
2850,1755.3448325947977
2851,1755.3448325947977
2852,1755.3448325947977
2853,1755.3448325947977
2854,1755.3448325947977
2855,1755.3448325947977
2856,1755.3448325947977
2857,1755.3448325947977
2858,1755.3448325947977
2859,1755.3448325947977
2860,1755.3448325947977
2861,1755.3448325947977
2862,1755.3448325947977
2863,1755.3448325947977
2864,1755.3448325947977
2865,1755.3448325947977
2866,1755.3448325947977
2867,1755.3448325947977
2868,1755.3448325947977
2869,1755.3448325947977
2870,1755.3448325947977
2871,1755.3448325947977
2872,1755.3448325947977
2873,1755.3448325947977
2874,1755.3448325947977
2875,1755.3448325947977
2876,1755.3448325947977
2877,1755.3448325947977
2878,1755.3448325947977
2879,1755.3448325947977
2880,1755.3448325947977
2881,1755.3448325947977
2882,1755.3448325947977
2883,1755.3448325947977
2884,1755.3448325947977
2885,1755.3448325947977
2886,1755.3448325947977
2887,1755.3448325947977
2888,1755.3448325947977
2889,1755.3448325947977
2890,1755.3448325947977
2891,1755.3448325947977
2892,1755.3448325947977
2893,1755.3448325947977
2894,1755.3448325947977
2895,1755.3448325947977
2896,1755.3448325947977
2897,1755.3448325947977
2898,1755.3448325947977
2899,1755.3448325947977
2900,1755.3448325947977
2901,1755.3448325947977
2902,1755.3448325947977
2903,1755.3448325947977
2904,1755.3448325947977
2905,1755.3448325947977
2906,1755.3448325947977
2907,1755.3448325947977
2908,1755.3448325947977
2909,1755.3448325947977
2910,1755.3448325947977
2911,1755.3448325947977
2912,1755.3448325947977
2913,1755.3448325947977
2914,1755.3448325947977
2915,1755.3448325947977
2916,1755.3448325947977
2917,1755.3448325947977
2918,1755.3448325947977
2919,1755.3448325947977
2920,1755.3448325947977
2921,1755.3448325947977
2922,1755.3448325947977
2923,1755.3448325947977
2924,1755.3448325947977
2925,1755.3448325947977
2926,1755.3448325947977
2927,1755.3448325947977
2928,1755.3448325947977
2929,1755.3448325947977
2930,1755.3448325947977
2931,1755.3448325947977
2932,1755.3448325947977
2933,1755.3448325947977
2934,1755.3448325947977
2935,1755.3448325947977
2936,1755.3448325947977
2937,1755.3448325947977
2938,1755.3448325947977
2939,1755.3448325947977
2940,1755.3448325947977
2941,1755.3448325947977
2942,1755.3448325947977
2943,1755.3448325947977
2944,1755.3448325947977
2945,1755.3448325947977
2946,1755.3448325947977
2947,1755.3448325947977
2948,1755.3448325947977
2949,1755.3448325947977
2950,1755.3448325947977
2951,1755.3448325947977
2952,1755.3448325947977
2953,1755.3448325947977
2954,1755.3448325947977
2955,1755.3448325947977
2956,1755.3448325947977
2957,1755.3448325947977
2958,1755.3448325947977
2959,1755.3448325947977
2960,1755.3448325947977
2961,1755.3448325947977
2962,1755.3448325947977
2963,1755.3448325947977
2964,1755.3448325947977
2965,1755.3448325947977
2966,1755.3448325947977
2967,1755.3448325947977
2968,1755.3448325947977
2969,1755.3448325947977
2970,1755.3448325947977
2971,1755.3448325947977
2972,1755.3448325947977
2973,1755.3448325947977
2974,1755.3448325947977
2975,1755.3448325947977
2976,1755.3448325947977
2977,1755.3448325947977
2978,1755.3448325947977
2979,1755.3448325947977
2980,1755.3448325947977
2981,1755.3448325947977
2982,1755.3448325947977
2983,1755.3448325947977
2984,1755.3448325947977
2985,1755.3448325947977
2986,1755.3448325947977
2987,1755.3448325947977
2988,1755.3448325947977
2989,1755.3448325947977
2990,1755.3448325947977
2991,1755.3448325947977
2992,1755.3448325947977
2993,1755.3448325947977
2994,1755.3448325947977
2995,1755.3448325947977
2996,1755.3448325947977
2997,1755.3448325947977
2998,1755.3448325947977
2999,1755.3448325947977
3000,1755.3448325947977
3001,1755.3448325947977
3002,1755.3448325947977
3003,1755.3448325947977
3004,1755.3448325947977
3005,1755.3448325947977
3006,1755.3448325947977
3007,1755.3448325947977
3008,1755.3448325947977
3009,1755.3448325947977
3010,1755.3448325947977
3011,1755.3448325947977
3012,1755.3448325947977
3013,1755.3448325947977
3014,1755.3448325947977
3015,1755.3448325947977
3016,1755.3448325947977
3017,1755.3448325947977
3018,1755.3448325947977
3019,1755.3448325947977
3020,1755.3448325947977
3021,1755.3448325947977
3022,1755.3448325947977
3023,1755.3448325947977
3024,1755.3448325947977
3025,1755.3448325947977
3026,1755.3448325947977
3027,1755.3448325947977
3028,1755.3448325947977
3029,1755.3448325947977
3030,1755.3448325947977
3031,1755.3448325947977
3032,1755.3448325947977
3033,1755.3448325947977
3034,1755.3448325947977
3035,1755.3448325947977
3036,1755.3448325947977
3037,1755.3448325947977
3038,1755.3448325947977
3039,1755.3448325947977
3040,1755.3448325947977
3041,1755.3448325947977
3042,1755.3448325947977
3043,1755.3448325947977
3044,1755.3448325947977
3045,1755.3448325947977
3046,1755.3448325947977
3047,1755.3448325947977
3048,1755.3448325947977
3049,1755.3448325947977
3050,1755.3448325947977
3051,1755.3448325947977
3052,1755.3448325947977
3053,1755.3448325947977
3054,1755.3448325947977
3055,1755.3448325947977
3056,1755.3448325947977
3057,1755.3448325947977
3058,1755.3448325947977
3059,1755.3448325947977
3060,1755.3448325947977
3061,1755.3448325947977
3062,1755.3448325947977
3063,1755.3448325947977
3064,1755.3448325947977
3065,1755.3448325947977
3066,1755.3448325947977
3067,1755.3448325947977
3068,1755.3448325947977
3069,1755.3448325947977
3070,1755.3448325947977
3071,1755.3448325947977
3072,1755.3448325947977
3073,1755.3448325947977
3074,1755.3448325947977
3075,1751.9132666679513
3076,1745.7971669972922
3077,1743.64061702649
3078,1743.5466502386103
3079,1743.5466502386103
3080,1743.5466502386103
3081,1743.5466502386103
3082,1743.5466502386103
3083,1743.5466502386103
3084,1743.5466502386103
3085,1743.5466502386103
3086,1743.5466502386103
3087,1743.5466502386103
3088,1743.5466502386103
3089,1743.5466502386103
3090,1743.5466502386103
3091,1743.5466502386103
3092,1743.5466502386103
3093,1743.5466502386103
3094,1743.5466502386103
3095,1743.5466502386103
3096,1743.5466502386103
3097,1743.5466502386103
3098,1743.5466502386103
3099,1743.5466502386103
3100,1743.5466502386103
3101,1743.5466502386103
3102,1743.5466502386103
3103,1743.5466502386103
3104,1743.5466502386103
3105,1743.5466502386103
3106,1743.5466502386103
3107,1743.5466502386103
3108,1743.5466502386103
3109,1743.5466502386103
3110,1743.5466502386103
3111,1743.5466502386103
3112,1743.5466502386103
3113,1743.5466502386103
3114,1743.5466502386103
3115,1743.5466502386103
3116,1743.5466502386103
3117,1743.5466502386103
3118,1743.5466502386103
3119,1743.5466502386103
3120,1743.5466502386103
3121,1743.5466502386103
3122,1743.5466502386103
3123,1743.5466502386103
3124,1743.5466502386103
3125,1743.5466502386103
3126,1743.5466502386103
3127,1743.5466502386103
3128,1743.5466502386103
3129,1743.5466502386103
3130,1743.5466502386103
3131,1743.5466502386103
3132,1743.5466502386103
3133,1743.5466502386103
3134,1743.5466502386103
3135,1743.5466502386103
3136,1743.5466502386103
3137,1743.5466502386103
3138,1743.5466502386103
3139,1743.5466502386103
3140,1743.5466502386103
3141,1743.5466502386103
3142,1743.5466502386103
3143,1743.5466502386103
3144,1743.5466502386103
3145,1743.5466502386103
3146,1743.5466502386103
3147,1743.5466502386103
3148,1743.5466502386103
3149,1743.5466502386103
3150,1743.5466502386103
3151,1743.5466502386103
3152,1743.5466502386103
3153,1743.5466502386103
3154,1743.5466502386103
3155,1743.5466502386103
3156,1743.5466502386103
3157,1743.5466502386103
3158,1743.5466502386103
3159,1743.5466502386103
3160,1743.5466502386103
3161,1743.5466502386103
3162,1743.5466502386103
3163,1743.5466502386103
3164,1743.5466502386103
3165,1743.5466502386103
3166,1743.5466502386103
3167,1743.5466502386103
3168,1743.5466502386103
3169,1743.5466502386103
3170,1743.5466502386103
3171,1743.5466502386103
3172,1743.5466502386103
3173,1743.5466502386103
3174,1743.5466502386103
3175,1743.5466502386103
3176,1743.5466502386103
3177,1743.5466502386103
3178,1743.5466502386103
3179,1743.5466502386103
3180,1743.5466502386103
3181,1743.5466502386103
3182,1743.5466502386103
3183,1743.5466502386103
3184,1743.5466502386103
3185,1743.5466502386103
3186,1743.5466502386103
3187,1743.5466502386103
3188,1743.5466502386103
3189,1743.5466502386103
3190,1743.5466502386103
3191,1743.5466502386103
3192,1743.5466502386103
3193,1743.5466502386103
3194,1743.5466502386103
3195,1743.5466502386103
3196,1743.5466502386103
3197,1743.5466502386103
3198,1743.5466502386103
3199,1743.5466502386103
3200,1743.5466502386103
3201,1743.5466502386103
3202,1743.5466502386103
3203,1743.5466502386103
3204,1743.5466502386103
3205,1743.5466502386103
3206,1743.5466502386103
3207,1743.5466502386103
3208,1743.5466502386103
3209,1743.5466502386103
3210,1743.5466502386103
3211,1743.5466502386103
3212,1743.5466502386103
3213,1743.5466502386103
3214,1743.5466502386103
3215,1743.5466502386103
3216,1743.5466502386103
3217,1743.5466502386103
3218,1743.5466502386103
3219,1743.5466502386103
3220,1743.5466502386103
3221,1743.5466502386103
3222,1743.5466502386103
3223,1743.5466502386103
3224,1743.5466502386103
3225,1743.5466502386103
3226,1743.5466502386103
3227,1743.5466502386103
3228,1743.5466502386103
3229,1743.5466502386103
3230,1743.5466502386103
3231,1743.5466502386103
3232,1743.5466502386103
3233,1743.5466502386103
3234,1743.5466502386103
3235,1743.5466502386103
3236,1743.5466502386103
3237,1743.5466502386103
3238,1743.5466502386103
3239,1743.5466502386103
3240,1743.5466502386103
3241,1743.5466502386103
3242,1743.5466502386103
3243,1743.5466502386103
3244,1743.5466502386103
3245,1743.5466502386103
3246,1743.5466502386103
3247,1743.5466502386103
3248,1743.5466502386103
3249,1743.5466502386103
3250,1743.5466502386103
3251,1743.5466502386103
3252,1743.5466502386103
3253,1743.5466502386103
3254,1743.5466502386103
3255,1743.5466502386103
3256,1743.5466502386103
3257,1743.5466502386103
3258,1743.5466502386103
3259,1743.5466502386103
3260,1743.5466502386103
3261,1743.5466502386103
3262,1743.5466502386103
3263,1743.5466502386103
3264,1743.5466502386103
3265,1743.5466502386103
3266,1743.5466502386103
3267,1743.5466502386103
3268,1743.5466502386103
3269,1743.5466502386103
3270,1743.5466502386103
3271,1743.5466502386103
3272,1743.5466502386103
3273,1743.5466502386103
3274,1743.5466502386103
3275,1743.5466502386103
3276,1743.5466502386103
3277,1743.5466502386103
3278,1743.5466502386103
3279,1743.5466502386103
3280,1743.5466502386103
3281,1743.5466502386103
3282,1743.5466502386103
3283,1743.5466502386103
3284,1743.5466502386103
3285,1743.5466502386103
3286,1743.5466502386103
3287,1743.5466502386103
3288,1743.5466502386103
3289,1743.5466502386103
3290,1743.5466502386103
3291,1743.5466502386103
3292,1743.5466502386103
3293,1743.5466502386103
3294,1743.5466502386103
3295,1743.5466502386103
3296,1743.5466502386103
3297,1743.5466502386103
3298,1743.5466502386103
3299,1743.5466502386103
3300,1743.5466502386103
3301,1743.5466502386103
3302,1743.5466502386103
3303,1743.5466502386103
3304,1743.5466502386103
3305,1743.5466502386103
3306,1743.5466502386103
3307,1743.5466502386103
3308,1743.5466502386103
3309,1743.5466502386103
3310,1743.5466502386103
3311,1743.5466502386103
3312,1743.5466502386103
3313,1743.5466502386103
3314,1743.5466502386103
3315,1743.5466502386103
3316,1743.5466502386103
3317,1743.5466502386103
3318,1743.5466502386103
3319,1743.5466502386103
3320,1743.5466502386103
3321,1743.5466502386103
3322,1743.5466502386103
3323,1743.5466502386103
3324,1743.5466502386103
3325,1743.5466502386103
3326,1743.5466502386103
3327,1743.5466502386103
3328,1743.5466502386103
3329,1743.5466502386103
3330,1743.5466502386103
3331,1743.5466502386103
3332,1743.5466502386103
3333,1743.5466502386103
3334,1743.5466502386103
3335,1743.5466502386103
3336,1743.5466502386103
3337,1743.5466502386103
3338,1743.5466502386103
3339,1743.5466502386103
3340,1743.5466502386103
3341,1743.5466502386103
3342,1743.5466502386103
3343,1743.5466502386103
3344,1743.5466502386103
3345,1743.5466502386103
3346,1743.5466502386103
3347,1743.5466502386103
3348,1743.5466502386103
3349,1743.5466502386103
3350,1743.5466502386103
3351,1743.5466502386103
3352,1743.5466502386103
3353,1743.5466502386103
3354,1743.5466502386103
3355,1743.5466502386103
3356,1743.5466502386103
3357,1743.5466502386103
3358,1743.5466502386103
3359,1743.5466502386103
3360,1743.5466502386103
3361,1743.5466502386103
3362,1743.5466502386103
3363,1743.5466502386103
3364,1743.5466502386103
3365,1743.5466502386103
3366,1743.5466502386103
3367,1743.5466502386103
3368,1743.5466502386103
3369,1743.5466502386103
3370,1743.5466502386103
3371,1743.5466502386103
3372,1743.5466502386103
3373,1743.5466502386103
3374,1743.5466502386103
3375,1743.5466502386103
3376,1743.5466502386103
3377,1743.5466502386103
3378,1743.5466502386103
3379,1743.5466502386103
3380,1743.5466502386103
3381,1743.5466502386103
3382,1743.5466502386103
3383,1743.5466502386103
3384,1743.5466502386103
3385,1743.5466502386103
3386,1743.5466502386103
3387,1743.5466502386103
3388,1743.5466502386103
3389,1743.5466502386103
3390,1743.5466502386103
3391,1743.5466502386103
3392,1743.5466502386103
3393,1743.5466502386103
3394,1743.5466502386103
3395,1743.5466502386103
3396,1743.5466502386103
3397,1743.5466502386103
3398,1743.5466502386103
3399,1743.5466502386103
3400,1743.5466502386103
3401,1743.5466502386103
3402,1743.5466502386103
3403,1743.5466502386103
3404,1743.5466502386103
3405,1743.5466502386103
3406,1743.5466502386103
3407,1743.5466502386103
3408,1743.5466502386103
3409,1743.5466502386103
3410,1743.5466502386103
3411,1743.5466502386103
3412,1743.5466502386103
3413,1743.5466502386103
3414,1743.5466502386103
3415,1743.5466502386103
3416,1743.5466502386103
3417,1743.5466502386103
3418,1743.5466502386103
3419,1743.5466502386103
3420,1743.5466502386103
3421,1743.5466502386103
3422,1743.5466502386103
3423,1743.5466502386103
3424,1743.5466502386103
3425,1743.5466502386103
3426,1743.5466502386103
3427,1743.5466502386103
3428,1743.5466502386103
3429,1743.5466502386103
3430,1743.5466502386103
3431,1743.5466502386103
3432,1743.5466502386103
3433,1743.5466502386103
3434,1743.5466502386103
3435,1743.5466502386103
3436,1743.5466502386103
3437,1743.5466502386103
3438,1743.5466502386103
3439,1743.5466502386103
3440,1743.5466502386103
3441,1743.5466502386103
3442,1743.5466502386103
3443,1743.5466502386103
3444,1743.5466502386103
3445,1743.5466502386103
3446,1743.5466502386103
3447,1743.5466502386103
3448,1743.5466502386103
3449,1743.5466502386103
3450,1743.5466502386103
3451,1743.5466502386103
3452,1743.5466502386103
3453,1743.5466502386103
3454,1743.5466502386103
3455,1743.5466502386103
3456,1743.5466502386103
3457,1743.5466502386103
3458,1743.5466502386103
3459,1743.5466502386103
3460,1743.5466502386103
3461,1743.5466502386103
3462,1743.5466502386103
3463,1743.5466502386103
3464,1743.5466502386103
3465,1743.5466502386103
3466,1743.5466502386103
3467,1743.5466502386103
3468,1743.5466502386103
3469,1743.5466502386103
3470,1743.5466502386103
3471,1743.5466502386103
3472,1743.5466502386103
3473,1743.5466502386103
3474,1743.5466502386103
3475,1743.5466502386103
3476,1743.5466502386103
3477,1743.5466502386103
3478,1743.5466502386103
3479,1743.5466502386103
3480,1743.5466502386103
3481,1743.5466502386103
3482,1743.5466502386103
3483,1743.5466502386103
3484,1743.5466502386103
3485,1743.5466502386103
3486,1743.5466502386103
3487,1743.5466502386103
3488,1743.5466502386103
3489,1743.5466502386103
3490,1743.5466502386103
3491,1743.5466502386103
3492,1743.5466502386103
3493,1743.5466502386103
3494,1743.5466502386103
3495,1743.5466502386103
3496,1743.5466502386103
3497,1743.5466502386103
3498,1743.5466502386103
3499,1743.5466502386103
3500,1743.5466502386103
3501,1743.5466502386103
3502,1743.5466502386103
3503,1743.5466502386103
3504,1743.5466502386103
3505,1743.5466502386103
3506,1743.5466502386103
3507,1743.5466502386103
3508,1743.5466502386103
3509,1743.5466502386103
3510,1743.5466502386103
3511,1743.5466502386103
3512,1743.5466502386103
3513,1743.5466502386103
3514,1743.5466502386103
3515,1743.5466502386103
3516,1743.5466502386103
3517,1743.5466502386103
3518,1743.5466502386103
3519,1743.5466502386103
3520,1743.5466502386103
3521,1743.5466502386103
3522,1743.5466502386103
3523,1743.5466502386103
3524,1743.5466502386103
3525,1743.5466502386103
3526,1743.5466502386103
3527,1743.5466502386103
3528,1743.5466502386103
3529,1743.5466502386103
3530,1743.5466502386103
3531,1743.5466502386103
3532,1743.5466502386103
3533,1743.5466502386103
3534,1743.5466502386103
3535,1743.5466502386103
3536,1743.5466502386103
3537,1743.5466502386103
3538,1743.5466502386103
3539,1743.5466502386103
3540,1743.5466502386103
3541,1743.5466502386103
3542,1743.5466502386103
3543,1743.5466502386103
3544,1743.5466502386103
3545,1743.5466502386103
3546,1743.5466502386103
3547,1743.5466502386103
3548,1743.5466502386103
3549,1743.5466502386103
3550,1743.5466502386103
3551,1743.5466502386103
3552,1743.5466502386103
3553,1743.5466502386103
3554,1743.5466502386103
3555,1743.5466502386103
3556,1743.5466502386103
3557,1743.5466502386103
3558,1743.5466502386103
3559,1743.5466502386103
3560,1743.5466502386103
3561,1743.5466502386103
3562,1743.5466502386103
3563,1743.5466502386103
3564,1743.5466502386103
3565,1743.5466502386103
3566,1743.5466502386103
3567,1743.5466502386103
3568,1743.5466502386103
3569,1743.5466502386103
3570,1743.5466502386103
3571,1743.5466502386103
3572,1743.5466502386103
3573,1743.5466502386103
3574,1743.5466502386103
3575,1743.5466502386103
3576,1743.5466502386103
3577,1743.5466502386103
3578,1743.5466502386103
3579,1743.5466502386103
3580,1743.5466502386103
3581,1743.5466502386103
3582,1743.5466502386103
3583,1743.5466502386103
3584,1743.5466502386103
3585,1743.5466502386103
3586,1743.5466502386103
3587,1743.5466502386103
3588,1743.5466502386103
3589,1743.5466502386103
3590,1743.5466502386103
3591,1743.5466502386103
3592,1743.5466502386103
3593,1743.5466502386103
3594,1743.5466502386103
3595,1743.5466502386103
3596,1743.5466502386103
3597,1743.5466502386103
3598,1743.5466502386103
3599,1743.5466502386103
3600,1743.5466502386103
3601,1743.5466502386103
3602,1743.5466502386103
3603,1743.5466502386103
3604,1743.5466502386103
3605,1743.5466502386103
3606,1743.5466502386103
3607,1743.5466502386103
3608,1743.5466502386103
3609,1743.5466502386103
3610,1743.5466502386103
3611,1743.5466502386103
3612,1743.5466502386103
3613,1743.5466502386103
3614,1743.5466502386103
3615,1743.5466502386103
3616,1743.5466502386103
3617,1743.5466502386103
3618,1743.5466502386103
3619,1743.5466502386103
3620,1743.5466502386103
3621,1743.5466502386103
3622,1743.5466502386103
3623,1743.5466502386103
3624,1743.5466502386103
3625,1743.5466502386103
3626,1743.5466502386103
3627,1743.5466502386103
3628,1743.5466502386103
3629,1743.5466502386103
3630,1743.5466502386103
3631,1743.5466502386103
3632,1743.5466502386103
3633,1743.5466502386103
3634,1743.5466502386103
3635,1743.5466502386103
3636,1743.5466502386103
3637,1743.5466502386103
3638,1743.5466502386103
3639,1743.5466502386103
3640,1743.5466502386103
3641,1743.5466502386103
3642,1743.5466502386103
3643,1743.5466502386103
3644,1743.5466502386103
3645,1743.5466502386103
3646,1743.5466502386103
3647,1743.5466502386103
3648,1743.5466502386103
3649,1743.5466502386103
3650,1743.5466502386103
3651,1743.5466502386103
3652,1743.5466502386103
3653,1743.5466502386103
3654,1743.5466502386103
3655,1743.5466502386103
3656,1743.5466502386103
3657,1743.5466502386103
3658,1743.5466502386103
3659,1743.5466502386103
3660,1743.5466502386103
3661,1743.5466502386103
3662,1743.5466502386103
3663,1743.5466502386103
3664,1743.5466502386103
3665,1743.5466502386103
3666,1743.5466502386103
3667,1743.5466502386103
3668,1743.5466502386103
3669,1743.5466502386103
3670,1743.5466502386103
3671,1743.5466502386103
3672,1743.5466502386103
3673,1743.5466502386103
3674,1743.5466502386103
3675,1743.5466502386103
3676,1743.5466502386103
3677,1743.5466502386103
3678,1743.5466502386103
3679,1743.5466502386103
3680,1743.5466502386103
3681,1743.5466502386103
3682,1743.5466502386103
3683,1743.5466502386103
3684,1743.5466502386103
3685,1743.5466502386103
3686,1743.5466502386103
3687,1743.5466502386103
3688,1743.5466502386103
3689,1743.5466502386103
3690,1743.5466502386103
3691,1743.5466502386103
3692,1743.5466502386103
3693,1743.5466502386103
3694,1743.5466502386103
3695,1743.5466502386103
3696,1743.5466502386103
3697,1743.5466502386103
3698,1743.5466502386103
3699,1743.5466502386103
3700,1743.5466502386103
3701,1743.5466502386103
3702,1743.5466502386103
3703,1743.5466502386103
3704,1743.5466502386103
3705,1743.5466502386103
3706,1743.5466502386103
3707,1743.5466502386103
3708,1743.5466502386103
3709,1743.5466502386103
3710,1743.5466502386103
3711,1743.5466502386103
3712,1743.5466502386103
3713,1743.5466502386103
3714,1743.5466502386103
3715,1743.5466502386103
3716,1743.5466502386103
3717,1743.5466502386103
3718,1743.5466502386103
3719,1743.5466502386103
3720,1743.5466502386103
3721,1743.5466502386103
3722,1743.5466502386103
3723,1743.5466502386103
3724,1743.5466502386103
3725,1743.5466502386103
3726,1743.5466502386103
3727,1743.5466502386103
3728,1743.5466502386103
3729,1743.5466502386103
3730,1743.5466502386103
3731,1743.5466502386103
3732,1743.5466502386103
3733,1743.5466502386103
3734,1743.5466502386103
3735,1743.5466502386103
3736,1743.5466502386103
3737,1743.5466502386103
3738,1743.5466502386103
3739,1743.5466502386103
3740,1743.5466502386103
3741,1743.5466502386103
3742,1743.5466502386103
3743,1743.5466502386103
3744,1743.5466502386103
3745,1743.5466502386103
3746,1743.5466502386103
3747,1743.5466502386103
3748,1743.5466502386103
3749,1743.5466502386103
3750,1743.5466502386103
3751,1743.5466502386103
3752,1743.5466502386103
3753,1743.5466502386103
3754,1743.5466502386103
3755,1743.5466502386103
3756,1743.5466502386103
3757,1743.5466502386103
3758,1743.5466502386103
3759,1743.5466502386103
3760,1743.5466502386103
3761,1743.5466502386103
3762,1743.5466502386103
3763,1743.5466502386103
3764,1743.5466502386103
3765,1743.5466502386103
3766,1743.5466502386103
3767,1743.5466502386103
3768,1743.5466502386103
3769,1743.5466502386103
3770,1743.5466502386103
3771,1743.5466502386103
3772,1743.5466502386103
3773,1743.5466502386103
3774,1743.5466502386103
3775,1743.5466502386103
3776,1743.5466502386103
3777,1743.5466502386103
3778,1743.5466502386103
3779,1743.5466502386103
3780,1743.5466502386103
3781,1743.5466502386103
3782,1743.5466502386103
3783,1743.5466502386103
3784,1743.5466502386103
3785,1743.5466502386103
3786,1743.5466502386103
3787,1743.5466502386103
3788,1743.5466502386103
3789,1743.5466502386103
3790,1743.5466502386103
3791,1743.5466502386103
3792,1743.5466502386103
3793,1743.5466502386103
3794,1743.5466502386103
3795,1743.5466502386103
3796,1743.5466502386103
3797,1743.5466502386103
3798,1743.5466502386103
3799,1743.5466502386103
3800,1743.5466502386103
3801,1743.5466502386103
3802,1743.5466502386103
3803,1743.5466502386103
3804,1743.5466502386103
3805,1743.5466502386103
3806,1743.5466502386103
3807,1743.5466502386103
3808,1743.5466502386103
3809,1743.5466502386103
3810,1743.5466502386103
3811,1743.5466502386103
3812,1743.5466502386103
3813,1743.5466502386103
3814,1743.5466502386103
3815,1743.5466502386103
3816,1743.5466502386103
3817,1743.5466502386103
3818,1743.5466502386103
3819,1743.5466502386103
3820,1743.5466502386103
3821,1743.5466502386103
3822,1743.5466502386103
3823,1743.5466502386103
3824,1743.5466502386103
3825,1743.5466502386103
3826,1743.5466502386103
3827,1743.5466502386103
3828,1743.5466502386103
3829,1743.5466502386103
3830,1743.5466502386103
3831,1743.5466502386103
3832,1743.5466502386103
3833,1743.5466502386103
3834,1743.5466502386103
3835,1743.5466502386103
3836,1743.5466502386103
3837,1743.5466502386103
3838,1743.5466502386103
3839,1743.5466502386103
3840,1743.5466502386103
3841,1743.5466502386103
3842,1743.5466502386103
3843,1743.5466502386103
3844,1743.5466502386103
3845,1743.5466502386103
3846,1743.5466502386103
3847,1743.5466502386103
3848,1743.5466502386103
3849,1743.5466502386103
3850,1743.5466502386103
3851,1743.5466502386103
3852,1743.5466502386103
3853,1743.5466502386103
3854,1743.5466502386103
3855,1743.5466502386103
3856,1743.5466502386103
3857,1743.5466502386103
3858,1743.5466502386103
3859,1743.5466502386103
3860,1743.5466502386103
3861,1743.5466502386103
3862,1743.5466502386103
3863,1743.5466502386103
3864,1743.5466502386103
3865,1743.5466502386103
3866,1743.5466502386103
3867,1743.5466502386103
3868,1743.5466502386103
3869,1743.5466502386103
3870,1743.5466502386103
3871,1743.5466502386103
3872,1743.5466502386103
3873,1743.5466502386103
3874,1743.5466502386103
3875,1743.5466502386103
3876,1743.5466502386103
3877,1743.5466502386103
3878,1743.5466502386103
3879,1743.5466502386103
3880,1743.5466502386103
3881,1743.5466502386103
3882,1743.5466502386103
3883,1743.5466502386103
3884,1743.5466502386103
3885,1743.5466502386103
3886,1743.5466502386103
3887,1743.5466502386103
3888,1743.5466502386103
3889,1743.5466502386103
3890,1743.5466502386103
3891,1743.5466502386103
3892,1743.5466502386103
3893,1743.5466502386103
3894,1743.5466502386103
3895,1743.5466502386103
3896,1743.5466502386103
3897,1743.5466502386103
3898,1743.5466502386103
3899,1743.5466502386103
3900,1743.5466502386103
3901,1743.5466502386103
3902,1743.5466502386103
3903,1743.5466502386103
3904,1743.5466502386103
3905,1743.5466502386103
3906,1743.5466502386103
3907,1743.5466502386103
3908,1743.5466502386103
3909,1743.5466502386103
3910,1743.5466502386103
3911,1743.5466502386103
3912,1743.5466502386103
3913,1743.5466502386103
3914,1743.5466502386103
3915,1743.5466502386103
3916,1743.5466502386103
3917,1743.5466502386103
3918,1743.5466502386103
3919,1743.5466502386103
3920,1743.5466502386103
3921,1743.5466502386103
3922,1743.5466502386103
3923,1743.5466502386103
3924,1743.5466502386103
3925,1743.5466502386103
3926,1743.5466502386103
3927,1743.5466502386103
3928,1743.5466502386103
3929,1743.5466502386103
3930,1743.5466502386103
3931,1743.5466502386103
3932,1743.5466502386103
3933,1743.5466502386103
3934,1743.5466502386103
3935,1743.5466502386103
3936,1743.5466502386103
3937,1743.5466502386103
3938,1743.5466502386103
3939,1743.5466502386103
3940,1743.5466502386103
3941,1743.5466502386103
3942,1743.5466502386103
3943,1743.5466502386103
3944,1743.5466502386103
3945,1743.5466502386103
3946,1743.5466502386103
3947,1743.5466502386103
3948,1743.5466502386103
3949,1743.5466502386103
3950,1743.5466502386103
3951,1743.5466502386103
3952,1743.5466502386103
3953,1743.5466502386103
3954,1743.5466502386103
3955,1743.5466502386103
3956,1743.5466502386103
3957,1743.5466502386103
3958,1743.5466502386103
3959,1743.5466502386103
3960,1743.5466502386103
3961,1743.5466502386103
3962,1743.5466502386103
3963,1743.5466502386103
3964,1743.5466502386103
3965,1743.5466502386103
3966,1743.5466502386103
3967,1743.5466502386103
3968,1743.5466502386103
3969,1743.5466502386103
3970,1743.5466502386103
3971,1743.5466502386103
3972,1743.5466502386103
3973,1743.5466502386103
3974,1743.5466502386103
3975,1743.5466502386103
3976,1743.5466502386103
3977,1743.5466502386103
3978,1743.5466502386103
3979,1743.5466502386103
3980,1743.5466502386103
3981,1743.5466502386103
3982,1743.5466502386103
3983,1743.5466502386103
3984,1743.5466502386103
3985,1743.5466502386103
3986,1743.5466502386103
3987,1743.5466502386103
3988,1743.5466502386103
3989,1743.5466502386103
3990,1743.5466502386103
3991,1743.5466502386103
3992,1743.5466502386103
3993,1743.5466502386103
3994,1743.5466502386103
3995,1743.5466502386103
3996,1743.5466502386103
3997,1743.5466502386103
3998,1743.5466502386103
3999,1743.5466502386103
4000,1743.5466502386103
4001,1743.5466502386103
4002,1743.5466502386103
4003,1743.5466502386103
4004,1743.5466502386103
4005,1743.5466502386103
4006,1743.5466502386103
4007,1743.5466502386103
4008,1743.5466502386103
4009,1743.5466502386103
4010,1743.5466502386103
4011,1743.5466502386103
4012,1743.5466502386103
4013,1743.5466502386103
4014,1743.5466502386103
4015,1743.5466502386103
4016,1743.5466502386103
4017,1743.5466502386103
4018,1743.5466502386103
4019,1743.5466502386103
4020,1743.5466502386103
4021,1743.5466502386103
4022,1743.5466502386103
4023,1743.5466502386103
4024,1743.5466502386103
4025,1743.5466502386103
4026,1743.5466502386103
4027,1743.5466502386103
4028,1743.5466502386103
4029,1743.5466502386103
4030,1743.5466502386103
4031,1743.5466502386103
4032,1743.5466502386103
4033,1743.5466502386103
4034,1743.5466502386103
4035,1743.5466502386103
4036,1743.5466502386103
4037,1743.5466502386103
4038,1743.5466502386103
4039,1743.5466502386103
4040,1743.5466502386103
4041,1743.5466502386103
4042,1743.5466502386103
4043,1743.5466502386103
4044,1743.5466502386103
4045,1743.5466502386103
4046,1743.5466502386103
4047,1743.5466502386103
4048,1743.5466502386103
4049,1743.5466502386103
4050,1743.5466502386103
4051,1743.5466502386103
4052,1743.5466502386103
4053,1743.5466502386103
4054,1743.5466502386103
4055,1743.5466502386103
4056,1743.5466502386103
4057,1743.5466502386103
4058,1743.5466502386103
4059,1743.5466502386103
4060,1743.5466502386103
4061,1743.5466502386103
4062,1743.5466502386103
4063,1743.5466502386103
4064,1743.5466502386103
4065,1743.5466502386103
4066,1743.5466502386103
4067,1743.5466502386103
4068,1743.5466502386103
4069,1743.5466502386103
4070,1743.5466502386103
4071,1743.5466502386103
4072,1743.5466502386103
4073,1743.5466502386103
4074,1743.5466502386103
4075,1743.5466502386103
4076,1743.5466502386103
4077,1743.5466502386103
4078,1743.5466502386103
4079,1743.5466502386103
4080,1743.5466502386103
4081,1743.5466502386103
4082,1743.5466502386103
4083,1743.5466502386103
4084,1743.5466502386103
4085,1743.5466502386103
4086,1743.5466502386103
4087,1743.5466502386103
4088,1743.5466502386103
4089,1743.5466502386103
4090,1743.5466502386103
4091,1743.5466502386103
4092,1743.5466502386103
4093,1743.5466502386103
4094,1743.5466502386103
4095,1743.5466502386103
4096,1743.5466502386103
4097,1743.5466502386103
4098,1743.5466502386103
4099,1743.5466502386103
4100,1743.5466502386103
4101,1743.5466502386103
4102,1743.5466502386103
4103,1743.5466502386103
4104,1743.5466502386103
4105,1743.5466502386103
4106,1743.5466502386103
4107,1743.5466502386103
4108,1743.5466502386103
4109,1743.5466502386103
4110,1743.5466502386103
4111,1743.5466502386103
4112,1743.5466502386103
4113,1743.5466502386103
4114,1743.5466502386103
4115,1743.5466502386103
4116,1743.5466502386103
4117,1743.5466502386103
4118,1743.5466502386103
4119,1743.5466502386103
4120,1743.5466502386103
4121,1743.5466502386103
4122,1743.5466502386103
4123,1743.5466502386103
4124,1743.5466502386103
4125,1743.5466502386103
4126,1743.5466502386103
4127,1743.5466502386103
4128,1743.5466502386103
4129,1743.5466502386103
4130,1743.5466502386103
4131,1743.5466502386103
4132,1743.5466502386103
4133,1743.5466502386103
4134,1743.5466502386103
4135,1743.5466502386103
4136,1743.5466502386103
4137,1743.5466502386103
4138,1743.5466502386103
4139,1743.5466502386103
4140,1743.5466502386103
4141,1743.5466502386103
4142,1743.5466502386103
4143,1743.5466502386103
4144,1743.5466502386103
4145,1743.5466502386103
4146,1743.5466502386103
4147,1743.5466502386103
4148,1743.5466502386103
4149,1743.5466502386103
4150,1743.5466502386103
4151,1743.5466502386103
4152,1743.5466502386103
4153,1743.5466502386103
4154,1743.5466502386103
4155,1743.5466502386103
4156,1743.5466502386103
4157,1743.5466502386103
4158,1743.5466502386103
4159,1743.5466502386103
4160,1743.5466502386103
4161,1743.5466502386103
4162,1743.5466502386103
4163,1743.5466502386103
4164,1743.5466502386103
4165,1743.5466502386103
4166,1743.5466502386103
4167,1743.5466502386103
4168,1743.5466502386103
4169,1743.5466502386103
4170,1743.5466502386103
4171,1738.153070452619
4172,1738.153070452619
4173,1738.153070452619
4174,1738.153070452619
4175,1738.153070452619
4176,1737.6917247520628
4177,1737.6917247520628
4178,1737.6917247520628
4179,1737.6917247520628
4180,1737.6917247520628
4181,1737.6917247520628
4182,1737.6917247520628
4183,1737.6917247520628
4184,1737.6917247520628
4185,1737.6917247520628
4186,1737.6917247520628
4187,1737.6917247520628
4188,1737.6917247520628
4189,1737.6917247520628
4190,1737.6917247520628
4191,1737.6917247520628
4192,1737.6917247520628
4193,1737.6917247520628
4194,1737.6917247520628
4195,1737.6917247520628
4196,1737.6917247520628
4197,1737.6917247520628
4198,1737.6917247520628
4199,1737.6917247520628
4200,1737.6917247520628
4201,1737.6917247520628
4202,1737.6917247520628
4203,1737.6917247520628
4204,1737.6917247520628
4205,1737.6917247520628
4206,1737.6917247520628
4207,1737.6917247520628
4208,1737.6917247520628
4209,1737.6917247520628
4210,1737.6917247520628
4211,1737.6917247520628
4212,1737.6917247520628
4213,1737.6917247520628
4214,1737.6917247520628
4215,1737.6917247520628
4216,1737.6917247520628
4217,1737.6917247520628
4218,1737.6917247520628
4219,1737.6917247520628
4220,1737.6917247520628
4221,1737.6917247520628
4222,1737.6917247520628
4223,1737.6917247520628
4224,1737.6917247520628
4225,1737.6917247520628
4226,1737.6917247520628
4227,1737.6917247520628
4228,1737.6917247520628
4229,1737.6917247520628
4230,1737.6917247520628
4231,1737.6917247520628
4232,1737.6917247520628
4233,1737.6917247520628
4234,1737.6917247520628
4235,1737.6917247520628
4236,1737.6917247520628
4237,1737.6917247520628
4238,1737.6917247520628
4239,1737.6917247520628
4240,1737.6917247520628
4241,1737.6917247520628
4242,1737.6917247520628
4243,1737.6917247520628
4244,1737.6917247520628
4245,1737.6917247520628
4246,1737.6917247520628
4247,1737.6917247520628
4248,1737.6917247520628
4249,1737.6917247520628
4250,1737.6917247520628
4251,1737.6917247520628
4252,1737.6917247520628
4253,1737.6917247520628
4254,1737.6917247520628
4255,1737.6917247520628
4256,1737.6917247520628
4257,1737.6917247520628
4258,1737.6917247520628
4259,1737.6917247520628
4260,1737.6917247520628
4261,1737.6917247520628
4262,1737.6917247520628
4263,1737.6917247520628
4264,1737.6917247520628
4265,1737.6917247520628
4266,1737.6917247520628
4267,1737.6917247520628
4268,1737.6917247520628
4269,1737.6917247520628
4270,1737.6917247520628
4271,1737.6917247520628
4272,1737.6917247520628
4273,1737.6917247520628
4274,1737.6917247520628
4275,1737.6917247520628
4276,1737.6917247520628
4277,1737.6917247520628
4278,1737.6917247520628
4279,1737.6917247520628
4280,1737.6917247520628
4281,1737.6917247520628
4282,1737.6917247520628
4283,1737.6917247520628
4284,1737.6917247520628
4285,1737.6917247520628
4286,1737.6917247520628
4287,1737.6917247520628
4288,1737.6917247520628
4289,1737.6917247520628
4290,1737.6917247520628
4291,1737.6917247520628
4292,1737.6917247520628
4293,1737.6917247520628
4294,1737.6917247520628
4295,1737.6917247520628
4296,1737.6917247520628
4297,1737.6917247520628
4298,1737.6917247520628
4299,1737.6917247520628
4300,1737.6917247520628
4301,1737.6917247520628
4302,1737.6917247520628
4303,1737.6917247520628
4304,1737.6917247520628
4305,1737.6917247520628
4306,1737.6917247520628
4307,1737.6917247520628
4308,1737.6917247520628
4309,1737.6917247520628
4310,1737.6917247520628
4311,1737.6917247520628
4312,1737.6917247520628
4313,1737.6917247520628
4314,1737.6917247520628
4315,1737.6917247520628
4316,1737.6917247520628
4317,1737.6917247520628
4318,1737.6917247520628
4319,1737.6917247520628
4320,1737.6917247520628
4321,1737.6917247520628
4322,1737.6917247520628
4323,1737.6917247520628
4324,1737.6917247520628
4325,1737.6917247520628
4326,1737.6917247520628
4327,1737.6917247520628
4328,1737.6917247520628
4329,1737.6917247520628
4330,1737.6917247520628
4331,1737.6917247520628
4332,1737.6917247520628
4333,1737.6917247520628
4334,1737.6917247520628
4335,1737.6917247520628
4336,1737.6917247520628
4337,1737.6917247520628
4338,1737.6917247520628
4339,1737.6917247520628
4340,1737.6917247520628
4341,1737.6917247520628
4342,1737.6917247520628
4343,1737.6917247520628
4344,1737.6917247520628
4345,1737.6917247520628
4346,1737.6917247520628
4347,1737.6917247520628
4348,1737.6917247520628
4349,1737.6917247520628
4350,1737.6917247520628
4351,1737.6917247520628
4352,1737.6917247520628
4353,1737.6917247520628
4354,1737.6917247520628
4355,1737.6917247520628
4356,1737.6917247520628
4357,1737.6917247520628
4358,1737.6917247520628
4359,1737.6917247520628
4360,1737.6917247520628
4361,1737.6917247520628
4362,1737.6917247520628
4363,1737.6917247520628
4364,1737.6917247520628
4365,1737.6917247520628
4366,1737.6917247520628
4367,1737.6917247520628
4368,1737.6917247520628
4369,1737.6917247520628
4370,1737.6917247520628
4371,1737.6917247520628
4372,1737.6917247520628
4373,1737.6917247520628
4374,1737.6917247520628
4375,1737.6917247520628
4376,1737.6917247520628
4377,1737.6917247520628
4378,1737.6917247520628
4379,1737.6917247520628
4380,1737.6917247520628
4381,1737.6917247520628
4382,1737.6917247520628
4383,1737.6917247520628
4384,1737.6917247520628
4385,1737.6917247520628
4386,1737.6917247520628
4387,1737.6917247520628
4388,1737.6917247520628
4389,1737.6917247520628
4390,1737.6917247520628
4391,1737.6917247520628
4392,1737.6917247520628
4393,1737.6917247520628
4394,1737.6917247520628
4395,1737.6917247520628
4396,1737.6917247520628
4397,1737.6917247520628
4398,1737.6917247520628
4399,1737.6917247520628
4400,1737.6917247520628
4401,1737.6917247520628
4402,1737.6917247520628
4403,1737.6917247520628
4404,1737.6917247520628
4405,1737.6917247520628
4406,1737.6917247520628
4407,1737.6917247520628
4408,1737.6917247520628
4409,1737.6917247520628
4410,1737.6917247520628
4411,1737.6917247520628
4412,1737.6917247520628
4413,1737.6917247520628
4414,1737.6917247520628
4415,1737.6917247520628
4416,1737.6917247520628
4417,1737.6917247520628
4418,1737.6917247520628
4419,1737.6917247520628
4420,1737.6917247520628
4421,1737.6917247520628
4422,1737.6917247520628
4423,1737.6917247520628
4424,1737.6917247520628
4425,1737.6917247520628
4426,1737.6917247520628
4427,1737.6917247520628
4428,1737.6917247520628
4429,1737.6917247520628
4430,1737.6917247520628
4431,1737.6917247520628
4432,1737.6917247520628
4433,1737.6917247520628
4434,1737.6917247520628
4435,1737.6917247520628
4436,1737.6917247520628
4437,1737.6917247520628
4438,1737.6917247520628
4439,1737.6917247520628
4440,1737.6917247520628
4441,1737.6917247520628
4442,1737.6917247520628
4443,1737.6917247520628
4444,1737.6917247520628
4445,1737.6917247520628
4446,1737.6917247520628
4447,1737.6917247520628
4448,1737.6917247520628
4449,1737.6917247520628
4450,1737.6917247520628
4451,1737.6917247520628
4452,1737.6917247520628
4453,1737.6917247520628
4454,1737.6917247520628
4455,1737.6917247520628
4456,1737.6917247520628
4457,1737.6917247520628
4458,1737.6917247520628
4459,1737.6917247520628
4460,1737.6917247520628
4461,1737.6917247520628
4462,1737.6917247520628
4463,1737.6917247520628
4464,1737.6917247520628
4465,1737.6917247520628
4466,1737.6917247520628
4467,1737.6917247520628
4468,1737.6917247520628
4469,1737.6917247520628
4470,1737.6917247520628
4471,1737.6917247520628
4472,1737.6917247520628
4473,1737.6917247520628
4474,1737.6917247520628
4475,1737.6917247520628
4476,1737.6917247520628
4477,1737.6917247520628
4478,1737.6917247520628
4479,1737.6917247520628
4480,1737.6917247520628
4481,1737.6917247520628
4482,1737.6917247520628
4483,1737.6917247520628
4484,1737.6917247520628
4485,1737.6917247520628
4486,1737.6917247520628
4487,1737.6917247520628
4488,1737.6917247520628
4489,1737.6917247520628
4490,1737.6917247520628
4491,1737.6917247520628
4492,1737.6917247520628
4493,1737.6917247520628
4494,1737.6917247520628
4495,1737.6917247520628
4496,1737.6917247520628
4497,1737.6917247520628
4498,1737.6917247520628
4499,1737.6917247520628
4500,1737.6917247520628
4501,1737.6917247520628
4502,1737.6917247520628
4503,1737.6917247520628
4504,1737.6917247520628
4505,1737.6917247520628
4506,1737.6917247520628
4507,1737.6917247520628
4508,1737.6917247520628
4509,1737.6917247520628
4510,1737.6917247520628
4511,1737.6917247520628
4512,1737.6917247520628
4513,1737.6917247520628
4514,1737.6917247520628
4515,1737.6917247520628
4516,1737.6917247520628
4517,1737.6917247520628
4518,1737.6917247520628
4519,1737.6917247520628
4520,1737.6917247520628
4521,1737.6917247520628
4522,1737.6917247520628
4523,1737.6917247520628
4524,1737.6917247520628
4525,1737.6917247520628
4526,1737.6917247520628
4527,1737.6917247520628
4528,1737.6917247520628
4529,1737.6917247520628
4530,1737.6917247520628
4531,1737.6917247520628
4532,1737.6917247520628
4533,1737.6917247520628
4534,1737.6917247520628
4535,1737.6917247520628
4536,1737.6917247520628
4537,1737.6917247520628
4538,1737.6917247520628
4539,1737.6917247520628
4540,1737.6917247520628
4541,1737.6917247520628
4542,1737.6917247520628
4543,1737.6917247520628
4544,1737.6917247520628
4545,1737.6917247520628
4546,1737.6917247520628
4547,1737.6917247520628
4548,1737.6917247520628
4549,1737.6917247520628
4550,1737.6917247520628
4551,1737.6917247520628
4552,1737.6917247520628
4553,1737.6917247520628
4554,1737.6917247520628
4555,1737.6917247520628
4556,1737.6917247520628
4557,1737.6917247520628
4558,1737.6917247520628
4559,1737.6917247520628
4560,1737.6917247520628
4561,1737.6917247520628
4562,1737.6917247520628
4563,1737.6917247520628
4564,1737.6917247520628
4565,1737.6917247520628
4566,1737.6917247520628
4567,1737.6917247520628
4568,1737.6917247520628
4569,1737.6917247520628
4570,1737.6917247520628
4571,1737.6917247520628
4572,1737.6917247520628
4573,1737.6917247520628
4574,1737.6917247520628
4575,1737.6917247520628
4576,1737.6917247520628
4577,1737.6917247520628
4578,1737.6917247520628
4579,1737.6917247520628
4580,1737.6917247520628
4581,1737.6917247520628
4582,1737.6917247520628
4583,1737.6917247520628
4584,1737.6917247520628
4585,1737.6917247520628
4586,1737.6917247520628
4587,1737.6917247520628
4588,1737.6917247520628
4589,1737.6917247520628
4590,1737.6917247520628
4591,1737.6917247520628
4592,1737.6917247520628
4593,1737.6917247520628
4594,1737.6917247520628
4595,1737.6917247520628
4596,1737.6917247520628
4597,1737.6917247520628
4598,1737.6917247520628
4599,1737.6917247520628
4600,1737.6917247520628
4601,1737.6917247520628
4602,1737.6917247520628
4603,1737.6917247520628
4604,1737.6917247520628
4605,1737.6917247520628
4606,1737.6917247520628
4607,1737.6917247520628
4608,1737.6917247520628
4609,1737.6917247520628
4610,1737.6917247520628
4611,1737.6917247520628
4612,1737.6917247520628
4613,1737.6917247520628
4614,1737.6917247520628
4615,1737.6917247520628
4616,1737.6917247520628
4617,1737.6917247520628
4618,1737.6917247520628
4619,1737.6917247520628
4620,1737.6917247520628
4621,1737.6917247520628
4622,1737.6917247520628
4623,1737.6917247520628
4624,1737.6917247520628
4625,1737.6917247520628
4626,1737.6917247520628
4627,1737.6917247520628
4628,1737.6917247520628
4629,1737.6917247520628
4630,1737.6917247520628
4631,1737.6917247520628
4632,1737.6917247520628
4633,1737.6917247520628
4634,1737.6917247520628
4635,1737.6917247520628
4636,1737.6917247520628
4637,1737.6917247520628
4638,1737.6917247520628
4639,1737.6917247520628
4640,1737.6917247520628
4641,1737.6917247520628
4642,1737.6917247520628
4643,1737.6917247520628
4644,1737.6917247520628
4645,1737.6917247520628
4646,1737.6917247520628
4647,1737.6917247520628
4648,1737.6917247520628
4649,1737.6917247520628
4650,1737.6917247520628
4651,1737.6917247520628
4652,1737.6917247520628
4653,1737.6917247520628
4654,1737.6917247520628
4655,1737.6917247520628
4656,1737.6917247520628
4657,1737.6917247520628
4658,1737.6917247520628
4659,1737.6917247520628
4660,1737.6917247520628
4661,1737.6917247520628
4662,1737.6917247520628
4663,1737.6917247520628
4664,1737.6917247520628
4665,1737.6917247520628
4666,1737.6917247520628
4667,1737.6917247520628
4668,1737.6917247520628
4669,1737.6917247520628
4670,1737.6917247520628
4671,1737.6917247520628
4672,1737.6917247520628
4673,1737.6917247520628
4674,1737.6917247520628
4675,1737.6917247520628
4676,1737.6917247520628
4677,1737.6917247520628
4678,1737.6917247520628
4679,1737.6917247520628
4680,1737.6917247520628
4681,1737.6917247520628
4682,1737.6917247520628
4683,1737.6917247520628
4684,1737.6917247520628
4685,1737.6917247520628
4686,1737.6917247520628
4687,1737.6917247520628
4688,1737.6917247520628
4689,1737.6917247520628
4690,1737.6917247520628
4691,1737.6917247520628
4692,1737.6917247520628
4693,1737.6917247520628
4694,1737.6917247520628
4695,1737.6917247520628
4696,1737.6917247520628
4697,1737.6917247520628
4698,1737.6917247520628
4699,1737.6917247520628
4700,1737.6917247520628
4701,1737.6917247520628
4702,1737.6917247520628
4703,1737.6917247520628
4704,1737.6917247520628
4705,1737.6917247520628
4706,1737.6917247520628
4707,1737.6917247520628
4708,1737.6917247520628
4709,1737.6917247520628
4710,1737.6917247520628
4711,1737.6917247520628
4712,1737.6917247520628
4713,1737.6917247520628
4714,1737.6917247520628
4715,1737.6917247520628
4716,1737.6917247520628
4717,1737.6917247520628
4718,1737.6917247520628
4719,1737.6917247520628
4720,1737.6917247520628
4721,1737.6917247520628
4722,1737.6917247520628
4723,1737.6917247520628
4724,1737.6917247520628
4725,1737.6917247520628
4726,1737.6917247520628
4727,1737.6917247520628
4728,1737.6917247520628
4729,1737.6917247520628
4730,1737.6917247520628
4731,1737.6917247520628
4732,1737.6917247520628
4733,1737.6917247520628
4734,1737.6917247520628
4735,1737.6917247520628
4736,1737.6917247520628
4737,1737.6917247520628
4738,1737.6917247520628
4739,1737.6917247520628
4740,1737.6917247520628
4741,1737.6917247520628
4742,1737.6917247520628
4743,1737.6917247520628
4744,1737.6917247520628
4745,1737.6917247520628
4746,1737.6917247520628
4747,1737.6917247520628
4748,1737.6917247520628
4749,1737.6917247520628
4750,1737.6917247520628
4751,1737.6917247520628
4752,1737.6917247520628
4753,1737.6917247520628
4754,1737.6917247520628
4755,1737.6917247520628
4756,1737.6917247520628
4757,1737.6917247520628
4758,1737.6917247520628
4759,1737.6917247520628
4760,1737.6917247520628
4761,1737.6917247520628
4762,1737.6917247520628
4763,1737.6917247520628
4764,1737.6917247520628
4765,1737.6917247520628
4766,1737.6917247520628
4767,1737.6917247520628
4768,1737.6917247520628
4769,1737.6917247520628
4770,1737.6917247520628
4771,1737.6917247520628
4772,1737.6917247520628
4773,1737.6917247520628
4774,1737.6917247520628
4775,1737.6917247520628
4776,1737.6917247520628
4777,1737.6917247520628
4778,1737.6917247520628
4779,1737.6917247520628
4780,1737.6917247520628
4781,1737.6917247520628
4782,1737.6917247520628
4783,1737.6917247520628
4784,1737.6917247520628
4785,1737.6917247520628
4786,1737.6917247520628
4787,1737.6917247520628
4788,1737.6917247520628
4789,1737.6917247520628
4790,1737.6917247520628
4791,1737.6917247520628
4792,1737.6917247520628
4793,1737.6917247520628
4794,1737.6917247520628
4795,1737.6917247520628
4796,1737.6917247520628
4797,1737.6917247520628
4798,1737.6917247520628
4799,1737.6917247520628
4800,1737.6917247520628
4801,1737.6917247520628
4802,1737.6917247520628
4803,1737.6917247520628
4804,1737.6917247520628
4805,1737.6917247520628
4806,1737.6917247520628
4807,1737.6917247520628
4808,1737.6917247520628
4809,1737.6917247520628
4810,1737.6917247520628
4811,1737.6917247520628
4812,1737.6917247520628
4813,1737.6917247520628
4814,1737.6917247520628
4815,1737.6917247520628
4816,1737.6917247520628
4817,1737.6917247520628
4818,1737.6917247520628
4819,1737.6917247520628
4820,1737.6917247520628
4821,1737.6917247520628
4822,1737.6917247520628
4823,1737.6917247520628
4824,1737.6917247520628
4825,1737.6917247520628
4826,1737.6917247520628
4827,1737.6917247520628
4828,1737.6917247520628
4829,1737.6917247520628
4830,1737.6917247520628
4831,1737.6917247520628
4832,1737.6917247520628
4833,1737.6917247520628
4834,1737.6917247520628
4835,1737.6917247520628
4836,1737.6917247520628
4837,1737.6917247520628
4838,1737.6917247520628
4839,1737.6917247520628
4840,1737.6917247520628
4841,1737.6917247520628
4842,1737.6917247520628
4843,1737.6917247520628
4844,1737.6917247520628
4845,1737.6917247520628
4846,1737.6917247520628
4847,1737.6917247520628
4848,1737.6917247520628
4849,1737.6917247520628
4850,1737.6917247520628
4851,1737.6917247520628
4852,1737.6917247520628
4853,1737.6917247520628
4854,1737.6917247520628
4855,1737.6917247520628
4856,1737.6917247520628
4857,1737.6917247520628
4858,1737.6917247520628
4859,1737.6917247520628
4860,1737.6917247520628
4861,1737.6917247520628
4862,1737.6917247520628
4863,1737.6917247520628
4864,1737.6917247520628
4865,1737.6917247520628
4866,1737.6917247520628
4867,1737.6917247520628
4868,1737.6917247520628
4869,1737.6917247520628
4870,1737.6917247520628
4871,1737.6917247520628
4872,1737.6917247520628
4873,1737.6917247520628
4874,1737.6917247520628
4875,1737.6917247520628
4876,1737.6917247520628
4877,1737.6917247520628
4878,1737.6917247520628
4879,1737.6917247520628
4880,1737.6917247520628
4881,1737.6917247520628
4882,1737.6917247520628
4883,1737.6917247520628
4884,1737.6917247520628
4885,1737.6917247520628
4886,1737.6917247520628
4887,1737.6917247520628
4888,1737.6917247520628
4889,1737.6917247520628
4890,1737.6917247520628
4891,1737.6917247520628
4892,1737.6917247520628
4893,1737.6917247520628
4894,1737.6917247520628
4895,1737.6917247520628
4896,1737.6917247520628
4897,1737.6917247520628
4898,1737.6917247520628
4899,1737.6917247520628
4900,1737.6917247520628
4901,1737.6917247520628
4902,1737.6917247520628
4903,1737.6917247520628
4904,1737.6917247520628
4905,1737.6917247520628
4906,1737.6917247520628
4907,1737.6917247520628
4908,1737.6917247520628
4909,1737.6917247520628
4910,1737.6917247520628
4911,1737.6917247520628
4912,1737.6917247520628
4913,1737.6917247520628
4914,1737.6917247520628
4915,1737.6917247520628
4916,1737.6917247520628
4917,1737.6917247520628
4918,1737.6917247520628
4919,1737.6917247520628
4920,1737.6917247520628
4921,1737.6917247520628
4922,1737.6917247520628
4923,1737.6917247520628
4924,1737.6917247520628
4925,1737.6917247520628
4926,1737.6917247520628
4927,1737.6917247520628
4928,1737.6917247520628
4929,1737.6917247520628
4930,1737.6917247520628
4931,1737.6917247520628
4932,1737.6917247520628
4933,1737.6917247520628
4934,1737.6917247520628
4935,1737.6917247520628
4936,1737.6917247520628
4937,1737.6917247520628
4938,1737.6917247520628
4939,1737.6917247520628
4940,1737.6917247520628
4941,1737.6917247520628
4942,1737.6917247520628
4943,1737.6917247520628
4944,1737.6917247520628
4945,1737.6917247520628
4946,1737.6917247520628
4947,1737.6917247520628
4948,1737.6917247520628
4949,1737.6917247520628
4950,1737.6917247520628
4951,1737.6917247520628
4952,1737.6917247520628
4953,1737.6917247520628
4954,1737.6917247520628
4955,1737.6917247520628
4956,1737.6917247520628
4957,1737.6917247520628
4958,1737.6917247520628
4959,1737.6917247520628
4960,1737.6917247520628
4961,1737.6917247520628
4962,1737.6917247520628
4963,1737.6917247520628
4964,1737.6917247520628
4965,1737.6917247520628
4966,1737.6917247520628
4967,1737.6917247520628
4968,1737.6917247520628
4969,1737.6917247520628
4970,1737.6917247520628
4971,1737.6917247520628
4972,1737.6917247520628
4973,1737.6917247520628
4974,1737.6917247520628
4975,1737.6917247520628
4976,1737.6917247520628
4977,1737.6917247520628
4978,1737.6917247520628
4979,1737.6917247520628
4980,1737.6917247520628
4981,1737.6917247520628
4982,1737.6917247520628
4983,1737.6917247520628
4984,1737.6917247520628
4985,1737.6917247520628
4986,1737.6917247520628
4987,1737.6917247520628
4988,1737.6917247520628
4989,1737.6917247520628
4990,1737.6917247520628
4991,1737.6917247520628
4992,1737.6917247520628
4993,1737.6917247520628
4994,1737.6917247520628
4995,1737.6917247520628
4996,1737.6917247520628
4997,1737.6917247520628
4998,1737.6917247520628
4999,1737.6917247520628
5000,1737.6917247520628
5001,1737.6917247520628
5002,1737.6917247520628
5003,1737.6917247520628
5004,1737.6917247520628
5005,1737.6917247520628
5006,1737.6917247520628
5007,1737.6917247520628
5008,1737.6917247520628
5009,1737.6917247520628
5010,1737.6917247520628
5011,1737.6917247520628
5012,1737.6917247520628
5013,1737.6917247520628
5014,1737.6917247520628
5015,1737.6917247520628
5016,1737.6917247520628
5017,1737.6917247520628
5018,1737.6917247520628
5019,1737.6917247520628
5020,1737.6917247520628
5021,1737.6917247520628
5022,1737.6917247520628
5023,1737.6917247520628
5024,1737.6917247520628
5025,1737.6917247520628
5026,1737.6917247520628
5027,1737.6917247520628
5028,1737.6917247520628
5029,1737.6917247520628
5030,1737.6917247520628
5031,1737.6917247520628
5032,1737.6917247520628
5033,1737.6917247520628
5034,1737.6917247520628
5035,1737.6917247520628
5036,1737.6917247520628
5037,1737.6917247520628
5038,1737.6917247520628
5039,1737.6917247520628
5040,1737.6917247520628
5041,1737.6917247520628
5042,1737.6917247520628
5043,1737.6917247520628
5044,1737.6917247520628
5045,1737.6917247520628
5046,1737.6917247520628
5047,1737.6917247520628
5048,1737.6917247520628
5049,1737.6917247520628
5050,1737.6917247520628
5051,1737.6917247520628
5052,1737.6917247520628
5053,1737.6917247520628
5054,1737.6917247520628
5055,1737.6917247520628
5056,1737.6917247520628
5057,1737.6917247520628
5058,1737.6917247520628
5059,1737.6917247520628
5060,1737.6917247520628
5061,1737.6917247520628
5062,1737.6917247520628
5063,1737.6917247520628
5064,1737.6917247520628
5065,1737.6917247520628
5066,1737.6917247520628
5067,1737.6917247520628
5068,1737.6917247520628
5069,1737.6917247520628
5070,1737.6917247520628
5071,1737.6917247520628
5072,1737.6917247520628
5073,1737.6917247520628
5074,1737.6917247520628
5075,1737.6917247520628
5076,1737.6917247520628
5077,1737.6917247520628
5078,1737.6917247520628
5079,1737.6917247520628
5080,1737.6917247520628
5081,1737.6917247520628
5082,1737.6917247520628
5083,1737.6917247520628
5084,1737.6917247520628
5085,1737.6917247520628
5086,1737.6917247520628
5087,1737.6917247520628
5088,1737.6917247520628
5089,1737.6917247520628
5090,1737.6917247520628
5091,1737.6917247520628
5092,1737.6917247520628
5093,1737.6917247520628
5094,1737.6917247520628
5095,1737.6917247520628
5096,1737.6917247520628
5097,1737.6917247520628
5098,1737.6917247520628
5099,1737.6917247520628
5100,1737.6917247520628
5101,1737.6917247520628
5102,1737.6917247520628
5103,1737.6917247520628
5104,1737.6917247520628
5105,1737.6917247520628
5106,1737.6917247520628
5107,1737.6917247520628
5108,1737.6917247520628
5109,1737.6917247520628
5110,1737.6917247520628
5111,1737.6917247520628
5112,1737.6917247520628
5113,1737.6917247520628
5114,1737.6917247520628
5115,1737.6917247520628
5116,1737.6917247520628
5117,1737.6917247520628
5118,1737.6917247520628
5119,1737.6917247520628
5120,1737.6917247520628
5121,1737.6917247520628
5122,1737.6917247520628
5123,1737.6917247520628
5124,1737.6917247520628
5125,1737.6917247520628
5126,1737.6917247520628
5127,1737.6917247520628
5128,1737.6917247520628
5129,1737.6917247520628
5130,1737.6917247520628
5131,1737.6917247520628
5132,1737.6917247520628
5133,1737.6917247520628
5134,1737.6917247520628
5135,1737.6917247520628
5136,1737.6917247520628
5137,1737.6917247520628
5138,1737.6917247520628
5139,1737.6917247520628
5140,1737.6917247520628
5141,1737.6917247520628
5142,1737.6917247520628
5143,1737.6917247520628
5144,1737.6917247520628
5145,1737.6917247520628
5146,1737.6917247520628
5147,1737.6917247520628
5148,1737.6917247520628
5149,1737.6917247520628
5150,1737.6917247520628
5151,1737.6917247520628
5152,1737.6917247520628
5153,1737.6917247520628
5154,1737.6917247520628
5155,1737.6917247520628
5156,1737.6917247520628
5157,1737.6917247520628
5158,1737.6917247520628
5159,1737.6917247520628
5160,1737.6917247520628
5161,1737.6917247520628
5162,1737.6917247520628
5163,1737.6917247520628
5164,1737.6917247520628
5165,1737.6917247520628
5166,1737.6917247520628
5167,1737.6917247520628
5168,1737.6917247520628
5169,1737.6917247520628
5170,1737.6917247520628
5171,1737.6917247520628
5172,1737.6917247520628
5173,1737.6917247520628
5174,1737.6917247520628
5175,1737.6917247520628
5176,1737.6917247520628
5177,1737.6917247520628
5178,1737.6917247520628
5179,1737.6917247520628
5180,1737.6917247520628
5181,1737.6917247520628
5182,1737.6917247520628
5183,1737.6917247520628
5184,1737.6917247520628
5185,1737.6917247520628
5186,1737.6917247520628
5187,1737.6917247520628
5188,1737.6917247520628
5189,1737.6917247520628
5190,1737.6917247520628
5191,1737.6917247520628
5192,1737.6917247520628
5193,1737.6917247520628
5194,1737.6917247520628
5195,1737.6917247520628
5196,1737.6917247520628
5197,1737.6917247520628
5198,1737.6917247520628
5199,1737.6917247520628
5200,1737.6917247520628
5201,1737.6917247520628
5202,1737.6917247520628
5203,1737.6917247520628
5204,1737.6917247520628
5205,1737.6917247520628
5206,1737.6917247520628
5207,1737.6917247520628
5208,1737.6917247520628
5209,1737.6917247520628
5210,1737.6917247520628
5211,1737.6917247520628
5212,1737.6917247520628
5213,1737.6917247520628
5214,1737.6917247520628
5215,1737.6917247520628
5216,1737.6917247520628
5217,1737.6917247520628
5218,1737.6917247520628
5219,1737.6917247520628
5220,1737.6917247520628
5221,1737.6917247520628
5222,1737.6917247520628
5223,1737.6917247520628
5224,1737.6917247520628
5225,1737.6917247520628
5226,1737.6917247520628
5227,1737.6917247520628
5228,1737.6917247520628
5229,1737.6917247520628
5230,1737.6917247520628
5231,1737.6917247520628
5232,1737.6917247520628
5233,1737.6917247520628
5234,1737.6917247520628
5235,1737.6917247520628
5236,1737.6917247520628
5237,1737.6917247520628
5238,1737.6917247520628
5239,1737.6917247520628
5240,1737.6917247520628
5241,1737.6917247520628
5242,1737.6917247520628
5243,1737.6917247520628
5244,1737.6917247520628
5245,1737.6917247520628
5246,1737.6917247520628
5247,1737.6917247520628
5248,1737.6917247520628
5249,1737.6917247520628
5250,1737.6917247520628
5251,1737.6917247520628
5252,1737.6917247520628
5253,1737.6917247520628
5254,1737.6917247520628
5255,1737.6917247520628
5256,1737.6917247520628
5257,1737.6917247520628
5258,1737.6917247520628
5259,1737.6917247520628
5260,1737.6917247520628
5261,1737.6917247520628
5262,1737.6917247520628
5263,1737.6917247520628
5264,1737.6917247520628
5265,1737.6917247520628
5266,1737.6917247520628
5267,1737.6917247520628
5268,1737.6917247520628
5269,1737.6917247520628
5270,1737.6917247520628
5271,1737.6917247520628
5272,1737.6917247520628
5273,1737.6917247520628
5274,1737.6917247520628
5275,1737.6917247520628
5276,1737.6917247520628
5277,1737.6917247520628
5278,1737.6917247520628
5279,1737.6917247520628
5280,1737.6917247520628
5281,1737.6917247520628
5282,1737.6917247520628
5283,1737.6917247520628
5284,1737.6917247520628
5285,1737.6917247520628
5286,1737.6917247520628
5287,1737.6917247520628
5288,1737.6917247520628
5289,1737.6917247520628
5290,1737.6917247520628
5291,1737.6917247520628
5292,1737.6917247520628
5293,1737.6917247520628
5294,1737.6917247520628
5295,1737.6917247520628
5296,1737.6917247520628
5297,1737.6917247520628
5298,1737.6917247520628
5299,1737.6917247520628
5300,1737.6917247520628
5301,1737.6917247520628
5302,1737.6917247520628
5303,1737.6917247520628
5304,1737.6917247520628
5305,1737.6917247520628
5306,1737.6917247520628
5307,1737.6917247520628
5308,1737.6917247520628
5309,1737.6917247520628
5310,1737.6917247520628
5311,1737.6917247520628
5312,1737.6917247520628
5313,1737.6917247520628
5314,1737.6917247520628
5315,1737.6917247520628
5316,1737.6917247520628
5317,1737.6917247520628
5318,1737.6917247520628
5319,1737.6917247520628
5320,1737.6917247520628
5321,1737.6917247520628
5322,1737.6917247520628
5323,1737.6917247520628
5324,1737.6917247520628
5325,1737.6917247520628
5326,1737.6917247520628
5327,1737.6917247520628
5328,1737.6917247520628
5329,1737.6917247520628
5330,1737.6917247520628
5331,1737.6917247520628
5332,1737.6917247520628
5333,1737.6917247520628
5334,1737.6917247520628
5335,1737.6917247520628
5336,1737.6917247520628
5337,1737.6917247520628
5338,1737.6917247520628
5339,1737.6917247520628
5340,1737.6917247520628
5341,1737.6917247520628
5342,1737.6917247520628
5343,1737.6917247520628
5344,1737.6917247520628
5345,1737.6917247520628
5346,1737.6917247520628
5347,1737.6917247520628
5348,1737.6917247520628
5349,1737.6917247520628
5350,1737.6917247520628
5351,1737.6917247520628
5352,1737.6917247520628
5353,1737.6917247520628
5354,1737.6917247520628
5355,1737.6917247520628
5356,1737.6917247520628
5357,1737.6917247520628
5358,1737.6917247520628
5359,1737.6917247520628
5360,1737.6917247520628
5361,1737.6917247520628
5362,1737.6917247520628
5363,1737.6917247520628
5364,1737.6917247520628
5365,1737.6917247520628
5366,1737.6917247520628
5367,1737.6917247520628
5368,1737.6917247520628
5369,1737.6917247520628
5370,1737.6917247520628
5371,1737.6917247520628
5372,1737.6917247520628
5373,1737.6917247520628
5374,1737.6917247520628
5375,1737.6917247520628
5376,1737.6917247520628
5377,1737.6917247520628
5378,1737.6917247520628
5379,1737.6917247520628
5380,1737.6917247520628
5381,1737.6917247520628
5382,1737.6917247520628
5383,1737.6917247520628
5384,1737.6917247520628
5385,1737.6917247520628
5386,1737.6917247520628
5387,1737.6917247520628
5388,1737.6917247520628
5389,1737.6917247520628
5390,1737.6917247520628
5391,1737.6917247520628
5392,1737.6917247520628
5393,1737.6917247520628
5394,1737.6917247520628
5395,1737.6917247520628
5396,1737.6917247520628
5397,1737.6917247520628
5398,1737.6917247520628
5399,1737.6917247520628
5400,1737.6917247520628
5401,1737.6917247520628
5402,1737.6917247520628
5403,1737.6917247520628
5404,1737.6917247520628
5405,1737.6917247520628
5406,1737.6917247520628
5407,1737.6917247520628
5408,1737.6917247520628
5409,1737.6917247520628
5410,1737.6917247520628
5411,1737.6917247520628
5412,1737.6917247520628
5413,1737.6917247520628
5414,1737.6917247520628
5415,1737.6917247520628
5416,1737.6917247520628
5417,1737.6917247520628
5418,1737.6917247520628
5419,1737.6917247520628
5420,1737.6917247520628
5421,1737.6917247520628
5422,1737.6917247520628
5423,1737.6917247520628
5424,1737.6917247520628
5425,1737.6917247520628
5426,1737.6917247520628
5427,1737.6917247520628
5428,1737.6917247520628
5429,1737.6917247520628
5430,1737.6917247520628
5431,1737.6917247520628
5432,1737.6917247520628
5433,1737.6917247520628
5434,1737.6917247520628
5435,1737.6917247520628
5436,1737.6917247520628
5437,1737.6917247520628
5438,1737.6917247520628
5439,1737.6917247520628
5440,1737.6917247520628
5441,1737.6917247520628
5442,1737.6917247520628
5443,1737.6917247520628
5444,1737.6917247520628
5445,1737.6917247520628
5446,1737.6917247520628
5447,1737.6917247520628
5448,1737.6917247520628
5449,1737.6917247520628
5450,1737.6917247520628
5451,1737.6917247520628
5452,1737.6917247520628
5453,1737.6917247520628
5454,1737.6917247520628
5455,1737.6917247520628
5456,1737.6917247520628
5457,1737.6917247520628
5458,1737.6917247520628
5459,1737.6917247520628
5460,1737.6917247520628
5461,1737.6917247520628
5462,1737.6917247520628
5463,1737.6917247520628
5464,1737.6917247520628
5465,1737.6917247520628
5466,1737.6917247520628
5467,1737.6917247520628
5468,1737.6917247520628
5469,1737.6917247520628
5470,1737.6917247520628
5471,1737.6917247520628
5472,1737.6917247520628
5473,1737.6917247520628
5474,1737.6917247520628
5475,1737.6917247520628
5476,1737.6917247520628
5477,1737.6917247520628
5478,1737.6917247520628
5479,1737.6917247520628
5480,1737.6917247520628
5481,1737.6917247520628
5482,1737.6917247520628
5483,1737.6917247520628
5484,1737.6917247520628
5485,1737.6917247520628
5486,1737.6917247520628
5487,1737.6917247520628
5488,1737.6917247520628
5489,1737.6917247520628
5490,1737.6917247520628
5491,1737.6917247520628
5492,1737.6917247520628
5493,1737.6917247520628
5494,1737.6917247520628
5495,1737.6917247520628
5496,1737.6917247520628
5497,1737.6917247520628
5498,1737.6917247520628
5499,1737.6917247520628
5500,1737.6917247520628
5501,1737.6917247520628
5502,1737.6917247520628
5503,1737.6917247520628
5504,1737.6917247520628
5505,1737.6917247520628
5506,1737.6917247520628
5507,1737.6917247520628
5508,1737.6917247520628
5509,1737.6917247520628
5510,1737.6917247520628
5511,1737.6917247520628
5512,1737.6917247520628
5513,1737.6917247520628
5514,1737.6917247520628
5515,1737.6917247520628
5516,1737.6917247520628
5517,1737.6917247520628
5518,1737.6917247520628
5519,1737.6917247520628
5520,1737.6917247520628
5521,1737.6917247520628
5522,1737.6917247520628
5523,1737.6917247520628
5524,1737.6917247520628
5525,1737.6917247520628
5526,1737.6917247520628
5527,1737.6917247520628
5528,1737.6917247520628
5529,1737.6917247520628
5530,1737.6917247520628
5531,1737.6917247520628
5532,1737.6917247520628
5533,1737.6917247520628
5534,1737.6917247520628
5535,1737.6917247520628
5536,1737.6917247520628
5537,1737.6917247520628
5538,1737.6917247520628
5539,1737.6917247520628
5540,1737.6917247520628
5541,1737.6917247520628
5542,1737.6917247520628
5543,1737.6917247520628
5544,1737.6917247520628
5545,1737.6917247520628
5546,1737.6917247520628
5547,1737.6917247520628
5548,1737.6917247520628
5549,1737.6917247520628
5550,1737.6917247520628
5551,1737.6917247520628
5552,1737.6917247520628
5553,1737.6917247520628
5554,1737.6917247520628
5555,1737.6917247520628
5556,1737.6917247520628
5557,1737.6917247520628
5558,1737.6917247520628
5559,1737.6917247520628
5560,1737.6917247520628
5561,1737.6917247520628
5562,1737.6917247520628
5563,1737.6917247520628
5564,1737.6917247520628
5565,1737.6917247520628
5566,1737.6917247520628
5567,1737.6917247520628
5568,1737.6917247520628
5569,1737.6917247520628
5570,1737.6917247520628
5571,1737.6917247520628
5572,1737.6917247520628
5573,1737.6917247520628
5574,1737.6917247520628
5575,1737.6917247520628
5576,1737.6917247520628
5577,1737.6917247520628
5578,1737.6917247520628
5579,1737.6917247520628
5580,1737.6917247520628
5581,1737.6917247520628
5582,1737.6917247520628
5583,1737.6917247520628
5584,1737.6917247520628
5585,1737.6917247520628
5586,1737.6917247520628
5587,1737.6917247520628
5588,1737.6917247520628
5589,1737.6917247520628
5590,1737.6917247520628
5591,1737.6917247520628
5592,1737.6917247520628
5593,1737.6917247520628
5594,1737.6917247520628
5595,1737.6917247520628
5596,1737.6917247520628
5597,1737.6917247520628
5598,1737.6917247520628
5599,1737.6917247520628
5600,1737.6917247520628
5601,1737.6917247520628
5602,1737.6917247520628
5603,1737.6917247520628
5604,1737.6917247520628
5605,1737.6917247520628
5606,1737.6917247520628
5607,1737.6917247520628
5608,1737.6917247520628
5609,1737.6917247520628
5610,1737.6917247520628
5611,1737.6917247520628
5612,1737.6917247520628
5613,1737.6917247520628
5614,1737.6917247520628
5615,1737.6917247520628
5616,1737.6917247520628
5617,1737.6917247520628
5618,1737.6917247520628
5619,1737.6917247520628
5620,1737.6917247520628
5621,1737.6917247520628
5622,1737.6917247520628
5623,1737.6917247520628
5624,1737.6917247520628
5625,1737.6917247520628
5626,1737.6917247520628
5627,1737.6917247520628
5628,1737.6917247520628
5629,1737.6917247520628
5630,1737.6917247520628
5631,1737.6917247520628
5632,1737.6917247520628
5633,1737.6917247520628
5634,1737.6917247520628
5635,1737.6917247520628
5636,1737.6917247520628
5637,1737.6917247520628
5638,1737.6917247520628
5639,1737.6917247520628
5640,1737.6917247520628
5641,1737.6917247520628
5642,1737.6917247520628
5643,1737.6917247520628
5644,1737.6917247520628
5645,1737.6917247520628
5646,1737.6917247520628
5647,1737.6917247520628
5648,1737.6917247520628
5649,1737.6917247520628
5650,1737.6917247520628
5651,1737.6917247520628
5652,1737.6917247520628
5653,1737.6917247520628
5654,1737.6917247520628
5655,1737.6917247520628
5656,1737.6917247520628
5657,1737.6917247520628
5658,1737.6917247520628
5659,1737.6917247520628
5660,1737.6917247520628
5661,1737.6917247520628
5662,1737.6917247520628
5663,1737.6917247520628
5664,1737.6917247520628
5665,1737.6917247520628
5666,1737.6917247520628
5667,1737.6917247520628
5668,1737.6917247520628
5669,1737.6917247520628
5670,1737.6917247520628
5671,1737.6917247520628
5672,1737.6917247520628
5673,1737.6917247520628
5674,1737.6917247520628
5675,1737.6917247520628
5676,1737.6917247520628
5677,1737.6917247520628
5678,1737.6917247520628
5679,1737.6917247520628
5680,1737.6917247520628
5681,1737.6917247520628
5682,1737.6917247520628
5683,1737.6917247520628
5684,1737.6917247520628
5685,1737.6917247520628
5686,1737.6917247520628
5687,1737.6917247520628
5688,1737.6917247520628
5689,1737.6917247520628
5690,1737.6917247520628
5691,1737.6917247520628
5692,1737.6917247520628
5693,1737.6917247520628
5694,1737.6917247520628
5695,1737.6917247520628
5696,1737.6917247520628
5697,1737.6917247520628
5698,1737.6917247520628
5699,1737.6917247520628
5700,1737.6917247520628
5701,1737.6917247520628
5702,1737.6917247520628
5703,1737.6917247520628
5704,1737.6917247520628
5705,1737.6917247520628
5706,1737.6917247520628
5707,1737.6917247520628
5708,1737.6917247520628
5709,1737.6917247520628
5710,1737.6917247520628
5711,1737.6917247520628
5712,1737.6917247520628
5713,1737.6917247520628
5714,1737.6917247520628
5715,1737.6917247520628
5716,1737.6917247520628
5717,1737.6917247520628
5718,1737.6917247520628
5719,1737.6917247520628
5720,1737.6917247520628
5721,1737.6917247520628
5722,1737.6917247520628
5723,1737.6917247520628
5724,1737.6917247520628
5725,1737.6917247520628
5726,1737.6917247520628
5727,1737.6917247520628
5728,1737.6917247520628
5729,1737.6917247520628
5730,1737.6917247520628
5731,1737.6917247520628
5732,1737.6917247520628
5733,1737.6917247520628
5734,1737.6917247520628
5735,1737.6917247520628
5736,1737.6917247520628
5737,1737.6917247520628
5738,1737.6917247520628
5739,1737.6917247520628
5740,1737.6917247520628
5741,1737.6917247520628
5742,1737.6917247520628
5743,1737.6917247520628
5744,1737.6917247520628
5745,1737.6917247520628
5746,1737.6917247520628
5747,1737.6917247520628
5748,1737.6917247520628
5749,1737.6917247520628
5750,1737.6917247520628
5751,1737.6917247520628
5752,1737.6917247520628
5753,1737.6917247520628
5754,1737.6917247520628
5755,1737.6917247520628
5756,1737.6917247520628
5757,1737.6917247520628
5758,1737.6917247520628
5759,1737.6917247520628
5760,1737.6917247520628
5761,1737.6917247520628
5762,1737.6917247520628
5763,1737.6917247520628
5764,1737.6917247520628
5765,1737.6917247520628
5766,1737.6917247520628
5767,1737.6917247520628
5768,1737.6917247520628
5769,1737.6917247520628
5770,1737.6917247520628
5771,1737.6917247520628
5772,1737.6917247520628
5773,1737.6917247520628
5774,1737.6917247520628
5775,1737.6917247520628
5776,1737.6917247520628
5777,1737.6917247520628
5778,1737.6917247520628
5779,1737.6917247520628
5780,1737.6917247520628
5781,1737.6917247520628
5782,1737.6917247520628
5783,1737.6917247520628
5784,1737.6917247520628
5785,1737.6917247520628
5786,1737.6917247520628
5787,1737.6917247520628
5788,1737.6917247520628
5789,1737.6917247520628
5790,1737.6917247520628
5791,1737.6917247520628
5792,1737.6917247520628
5793,1737.6917247520628
5794,1737.6917247520628
5795,1737.6917247520628
5796,1737.6917247520628
5797,1737.6917247520628
5798,1737.6917247520628
5799,1737.6917247520628
5800,1737.6917247520628
5801,1737.6917247520628
5802,1737.6917247520628
5803,1737.6917247520628
5804,1737.6917247520628
5805,1737.6917247520628
5806,1737.6917247520628
5807,1737.6917247520628
5808,1737.6917247520628
5809,1737.6917247520628
5810,1737.6917247520628
5811,1737.6917247520628
5812,1737.6917247520628
5813,1737.6917247520628
5814,1737.6917247520628
5815,1737.6917247520628
5816,1737.6917247520628
5817,1737.6917247520628
5818,1737.6917247520628
5819,1737.6917247520628
5820,1737.6917247520628
5821,1737.6917247520628
5822,1737.6917247520628
5823,1737.6917247520628
5824,1737.6917247520628
5825,1737.6917247520628
5826,1737.6917247520628
5827,1737.6917247520628
5828,1737.6917247520628
5829,1737.6917247520628
5830,1737.6917247520628
5831,1737.6917247520628
5832,1737.6917247520628
5833,1737.6917247520628
5834,1737.6917247520628
5835,1737.6917247520628
5836,1737.6917247520628
5837,1737.6917247520628
5838,1737.6917247520628
5839,1737.6917247520628
5840,1737.6917247520628
5841,1737.6917247520628
5842,1737.6917247520628
5843,1737.6917247520628
5844,1737.6917247520628
5845,1737.6917247520628
5846,1737.6917247520628
5847,1737.6917247520628
5848,1737.6917247520628
5849,1737.6917247520628
5850,1737.6917247520628
5851,1737.6917247520628
5852,1737.6917247520628
5853,1737.6917247520628
5854,1737.6917247520628
5855,1737.6917247520628
5856,1737.6917247520628
5857,1737.6917247520628
5858,1737.6917247520628
5859,1737.6917247520628
5860,1737.6917247520628
5861,1737.6917247520628
5862,1737.6917247520628
5863,1737.6917247520628
5864,1737.6917247520628
5865,1737.6917247520628
5866,1737.6917247520628
5867,1737.6917247520628
5868,1737.6917247520628
5869,1737.6917247520628
5870,1737.6917247520628
5871,1737.6917247520628
5872,1737.6917247520628
5873,1737.6917247520628
5874,1737.6917247520628
5875,1737.6917247520628
5876,1737.6917247520628
5877,1737.6917247520628
5878,1737.6917247520628
5879,1737.6917247520628
5880,1737.6917247520628
5881,1737.6917247520628
5882,1737.6917247520628
5883,1737.6917247520628
5884,1737.6917247520628
5885,1737.6917247520628
5886,1737.6917247520628
5887,1737.6917247520628
5888,1737.6917247520628
5889,1737.6917247520628
5890,1737.6917247520628
5891,1737.6917247520628
5892,1737.6917247520628
5893,1737.6917247520628
5894,1737.6917247520628
5895,1737.6917247520628
5896,1737.6917247520628
5897,1737.6917247520628
5898,1737.6917247520628
5899,1737.6917247520628
5900,1737.6917247520628
5901,1737.6917247520628
5902,1737.6917247520628
5903,1737.6917247520628
5904,1737.6917247520628
5905,1737.6917247520628
5906,1737.6917247520628
5907,1737.6917247520628
5908,1737.6917247520628
5909,1737.6917247520628
5910,1737.6917247520628
5911,1737.6917247520628
5912,1737.6917247520628
5913,1737.6917247520628
5914,1737.6917247520628
5915,1737.6917247520628
5916,1737.6917247520628
5917,1737.6917247520628
5918,1737.6917247520628
5919,1737.6917247520628
5920,1737.6917247520628
5921,1737.6917247520628
5922,1737.6917247520628
5923,1737.6917247520628
5924,1737.6917247520628
5925,1737.6917247520628
5926,1737.6917247520628
5927,1737.6917247520628
5928,1737.6917247520628
5929,1737.6917247520628
5930,1737.6917247520628
5931,1737.6917247520628
5932,1737.6917247520628
5933,1737.6917247520628
5934,1737.6917247520628
5935,1737.6917247520628
5936,1737.6917247520628
5937,1737.6917247520628
5938,1737.6917247520628
5939,1737.6917247520628
5940,1737.6917247520628
5941,1737.6917247520628
5942,1737.6917247520628
5943,1737.6917247520628
5944,1737.6917247520628
5945,1737.6917247520628
5946,1737.6917247520628
5947,1737.6917247520628
5948,1737.6917247520628
5949,1737.6917247520628
5950,1737.6917247520628
5951,1737.6917247520628
5952,1737.6917247520628
5953,1737.6917247520628
5954,1737.6917247520628
5955,1737.6917247520628
5956,1737.6917247520628
5957,1737.6917247520628
5958,1737.6917247520628
5959,1737.6917247520628
5960,1737.6917247520628
5961,1737.6917247520628
5962,1737.6917247520628
5963,1737.6917247520628
5964,1737.6917247520628
5965,1737.6917247520628
5966,1737.6917247520628
5967,1737.6917247520628
5968,1737.6917247520628
5969,1737.6917247520628
5970,1737.6917247520628
5971,1737.6917247520628
5972,1737.6917247520628
5973,1737.6917247520628
5974,1737.6917247520628
5975,1737.6917247520628
5976,1737.6917247520628
5977,1737.6917247520628
5978,1737.6917247520628
5979,1737.6917247520628
5980,1737.6917247520628
5981,1737.6917247520628
5982,1737.6917247520628
5983,1737.6917247520628
5984,1737.6917247520628
5985,1737.6917247520628
5986,1737.6917247520628
5987,1737.6917247520628
5988,1737.6917247520628
5989,1737.6917247520628
5990,1737.6917247520628
5991,1737.6917247520628
5992,1737.6917247520628
5993,1737.6917247520628
5994,1737.6917247520628
5995,1737.6917247520628
5996,1737.6917247520628
5997,1737.6917247520628
5998,1737.6917247520628
5999,1737.6917247520628
6000,1737.6917247520628
6001,1737.6917247520628
6002,1737.6917247520628
6003,1737.6917247520628
6004,1737.6917247520628
6005,1737.6917247520628
6006,1737.6917247520628
6007,1737.6917247520628
6008,1737.6917247520628
6009,1737.6917247520628
6010,1737.6917247520628
6011,1737.6917247520628
6012,1737.6917247520628
6013,1737.6917247520628
6014,1737.6917247520628
6015,1737.6917247520628
6016,1737.6917247520628
6017,1737.6917247520628
6018,1737.6917247520628
6019,1737.6917247520628
6020,1737.6917247520628
6021,1737.6917247520628
6022,1737.6917247520628
6023,1737.6917247520628
6024,1737.6917247520628
6025,1737.6917247520628
6026,1737.6917247520628
6027,1737.6917247520628
6028,1737.6917247520628
6029,1737.6917247520628
6030,1737.6917247520628
6031,1737.6917247520628
6032,1737.6917247520628
6033,1737.6917247520628
6034,1737.6917247520628
6035,1737.6917247520628
6036,1737.6917247520628
6037,1737.6917247520628
6038,1737.6917247520628
6039,1737.6917247520628
6040,1737.6917247520628
6041,1737.6917247520628
6042,1737.6917247520628
6043,1737.6917247520628
6044,1737.6917247520628
6045,1737.6917247520628
6046,1737.6917247520628
6047,1737.6917247520628
6048,1737.6917247520628
6049,1737.6917247520628
6050,1737.6917247520628
6051,1737.6917247520628
6052,1737.6917247520628
6053,1737.6917247520628
6054,1737.6917247520628
6055,1737.6917247520628
6056,1737.6917247520628
6057,1737.6917247520628
6058,1737.6917247520628
6059,1737.6917247520628
6060,1737.6917247520628
6061,1737.6917247520628
6062,1737.6917247520628
6063,1737.6917247520628
6064,1737.6917247520628
6065,1737.6917247520628
6066,1737.6917247520628
6067,1737.6917247520628
6068,1737.6917247520628
6069,1737.6917247520628
6070,1737.6917247520628
6071,1737.6917247520628
6072,1737.6917247520628
6073,1737.6917247520628
6074,1737.6917247520628
6075,1737.6917247520628
6076,1737.6917247520628
6077,1737.6917247520628
6078,1737.6917247520628
6079,1737.6917247520628
6080,1737.6917247520628
6081,1737.6917247520628
6082,1737.6917247520628
6083,1737.6917247520628
6084,1737.6917247520628
6085,1737.6917247520628
6086,1737.6917247520628
6087,1737.6917247520628
6088,1737.6917247520628
6089,1737.6917247520628
6090,1737.6917247520628
6091,1737.6917247520628
6092,1737.6917247520628
6093,1737.6917247520628
6094,1737.6917247520628
6095,1737.6917247520628
6096,1737.6917247520628
6097,1737.6917247520628
6098,1737.6917247520628
6099,1737.6917247520628
6100,1737.6917247520628
6101,1737.6917247520628
6102,1737.6917247520628
6103,1737.6917247520628
6104,1737.6917247520628
6105,1737.6917247520628
6106,1737.6917247520628
6107,1737.6917247520628
6108,1737.6917247520628
6109,1737.6917247520628
6110,1737.6917247520628
6111,1737.6917247520628
6112,1737.6917247520628
6113,1737.6917247520628
6114,1737.6917247520628
6115,1737.6917247520628
6116,1737.6917247520628
6117,1737.6917247520628
6118,1737.6917247520628
6119,1737.6917247520628
6120,1737.6917247520628
6121,1737.6917247520628
6122,1737.6917247520628
6123,1737.6917247520628
6124,1737.6917247520628
6125,1737.6917247520628
6126,1737.6917247520628
6127,1737.6917247520628
6128,1737.6917247520628
6129,1737.6917247520628
6130,1737.6917247520628
6131,1737.6917247520628
6132,1737.6917247520628
6133,1737.6917247520628
6134,1737.6917247520628
6135,1737.6917247520628
6136,1737.6917247520628
6137,1737.6917247520628
6138,1737.6917247520628
6139,1737.6917247520628
6140,1737.6917247520628
6141,1737.6917247520628
6142,1737.6917247520628
6143,1737.6917247520628
6144,1737.6917247520628
6145,1737.6917247520628
6146,1737.6917247520628
6147,1737.6917247520628
6148,1737.6917247520628
6149,1737.6917247520628
6150,1737.6917247520628
6151,1737.6917247520628
6152,1737.6917247520628
6153,1737.6917247520628
6154,1737.6917247520628
6155,1737.6917247520628
6156,1737.6917247520628
6157,1737.6917247520628
6158,1737.6917247520628
6159,1737.6917247520628
6160,1737.6917247520628
6161,1737.6917247520628
6162,1737.6917247520628
6163,1737.6917247520628
6164,1737.6917247520628
6165,1737.6917247520628
6166,1737.6917247520628
6167,1737.6917247520628
6168,1737.6917247520628
6169,1737.6917247520628
6170,1737.6917247520628
6171,1737.6917247520628
6172,1737.6917247520628
6173,1737.6917247520628
6174,1737.6917247520628
6175,1737.6917247520628
6176,1737.6917247520628
6177,1737.6917247520628
6178,1737.6917247520628
6179,1737.6917247520628
6180,1737.6917247520628
6181,1737.6917247520628
6182,1737.6917247520628
6183,1737.6917247520628
6184,1737.6917247520628
6185,1737.6917247520628
6186,1737.6917247520628
6187,1737.6917247520628
6188,1737.6917247520628
6189,1737.6917247520628
6190,1737.6917247520628
6191,1737.6917247520628
6192,1737.6917247520628
6193,1737.6917247520628
6194,1737.6917247520628
6195,1737.6917247520628
6196,1737.6917247520628
6197,1737.6917247520628
6198,1737.6917247520628
6199,1737.6917247520628
6200,1737.6917247520628
6201,1737.6917247520628
6202,1737.6917247520628
6203,1737.6917247520628
6204,1737.6917247520628
6205,1737.6917247520628
6206,1737.6917247520628
6207,1737.6917247520628
6208,1737.6917247520628
6209,1737.6917247520628
6210,1737.6917247520628
6211,1737.6917247520628
6212,1737.6917247520628
6213,1737.6917247520628
6214,1737.6917247520628
6215,1737.6917247520628
6216,1737.6917247520628
6217,1737.6917247520628
6218,1737.6917247520628
6219,1737.6917247520628
6220,1737.6917247520628
6221,1737.6917247520628
6222,1737.6917247520628
6223,1737.6917247520628
6224,1737.6917247520628
6225,1737.6917247520628
6226,1737.6917247520628
6227,1737.6917247520628
6228,1737.6917247520628
6229,1737.6917247520628
6230,1737.6917247520628
6231,1737.6917247520628
6232,1737.6917247520628
6233,1737.6917247520628
6234,1737.6917247520628
6235,1737.6917247520628
6236,1737.6917247520628
6237,1737.6917247520628
6238,1737.6917247520628
6239,1737.6917247520628
6240,1737.6917247520628
6241,1737.6917247520628
6242,1737.6917247520628
6243,1737.6917247520628
6244,1737.6917247520628
6245,1737.6917247520628
6246,1737.6917247520628
6247,1737.6917247520628
6248,1737.6917247520628
6249,1737.6917247520628
6250,1737.6917247520628
6251,1737.6917247520628
6252,1737.6917247520628
6253,1737.6917247520628
6254,1737.6917247520628
6255,1737.6917247520628
6256,1737.6917247520628
6257,1737.6917247520628
6258,1737.6917247520628
6259,1737.6917247520628
6260,1737.6917247520628
6261,1737.6917247520628
6262,1737.6917247520628
6263,1737.6917247520628
6264,1737.6917247520628
6265,1737.6917247520628
6266,1737.6917247520628
6267,1737.6917247520628
6268,1737.6917247520628
6269,1737.6917247520628
6270,1737.6917247520628
6271,1737.6917247520628
6272,1737.6917247520628
6273,1737.6917247520628
6274,1737.6917247520628
6275,1737.6917247520628
6276,1737.6917247520628
6277,1737.6917247520628
6278,1737.6917247520628
6279,1737.6917247520628
6280,1737.6917247520628
6281,1737.6917247520628
6282,1737.6917247520628
6283,1737.6917247520628
6284,1737.6917247520628
6285,1737.6917247520628
6286,1737.6917247520628
6287,1737.6917247520628
6288,1737.6917247520628
6289,1737.6917247520628
6290,1737.6917247520628
6291,1737.6917247520628
6292,1737.6917247520628
6293,1737.6917247520628
6294,1737.6917247520628
6295,1737.6917247520628
6296,1737.6917247520628
6297,1737.6917247520628
6298,1737.6917247520628
6299,1737.6917247520628
6300,1737.6917247520628
6301,1737.6917247520628
6302,1737.6917247520628
6303,1737.6917247520628
6304,1737.6917247520628
6305,1737.6917247520628
6306,1737.6917247520628
6307,1737.6917247520628
6308,1737.6917247520628
6309,1737.6917247520628
6310,1737.6917247520628
6311,1737.6917247520628
6312,1737.6917247520628
6313,1737.6917247520628
6314,1737.6917247520628
6315,1737.6917247520628
6316,1737.6917247520628
6317,1737.6917247520628
6318,1737.6917247520628
6319,1737.6917247520628
6320,1737.6917247520628
6321,1737.6917247520628
6322,1737.6917247520628
6323,1737.6917247520628
6324,1737.6917247520628
6325,1737.6917247520628
6326,1737.6917247520628
6327,1737.6917247520628
6328,1737.6917247520628
6329,1737.6917247520628
6330,1737.6917247520628
6331,1737.6917247520628
6332,1737.6917247520628
6333,1737.6917247520628
6334,1737.6917247520628
6335,1737.6917247520628
6336,1737.6917247520628
6337,1737.6917247520628
6338,1737.6917247520628
6339,1737.6917247520628
6340,1737.6917247520628
6341,1737.6917247520628
6342,1737.6917247520628
6343,1737.6917247520628
6344,1737.6917247520628
6345,1737.6917247520628
6346,1737.6917247520628
6347,1737.6917247520628
6348,1737.6917247520628
6349,1737.6917247520628
6350,1737.6917247520628
6351,1737.6917247520628
6352,1737.6917247520628
6353,1737.6917247520628
6354,1737.6917247520628
6355,1737.6917247520628
6356,1737.6917247520628
6357,1737.6917247520628
6358,1737.6917247520628
6359,1737.6917247520628
6360,1737.6917247520628
6361,1737.6917247520628
6362,1737.6917247520628
6363,1737.6917247520628
6364,1737.6917247520628
6365,1737.6917247520628
6366,1737.6917247520628
6367,1737.6917247520628
6368,1737.6917247520628
6369,1737.6917247520628
6370,1737.6917247520628
6371,1737.6917247520628
6372,1737.6917247520628
6373,1737.6917247520628
6374,1737.6917247520628
6375,1737.6917247520628
6376,1737.6917247520628
6377,1737.6917247520628
6378,1737.6917247520628
6379,1737.6917247520628
6380,1737.6917247520628
6381,1737.6917247520628
6382,1737.6917247520628
6383,1737.6917247520628
6384,1737.6917247520628
6385,1737.6917247520628
6386,1737.6917247520628
6387,1737.6917247520628
6388,1737.6917247520628
6389,1737.6917247520628
6390,1737.6917247520628
6391,1737.6917247520628
6392,1737.6917247520628
6393,1737.6917247520628
6394,1737.6917247520628
6395,1737.6917247520628
6396,1737.6917247520628
6397,1737.6917247520628
6398,1737.6917247520628
6399,1737.6917247520628
6400,1737.6917247520628
6401,1737.6917247520628
6402,1737.6917247520628
6403,1737.6917247520628
6404,1737.6917247520628
6405,1737.6917247520628
6406,1737.6917247520628
6407,1737.6917247520628
6408,1737.6917247520628
6409,1737.6917247520628
6410,1737.6917247520628
6411,1737.6917247520628
6412,1737.6917247520628
6413,1737.6917247520628
6414,1737.6917247520628
6415,1737.6917247520628
6416,1737.6917247520628
6417,1737.6917247520628
6418,1737.6917247520628
6419,1737.6917247520628
6420,1737.6917247520628
6421,1737.6917247520628
6422,1737.6917247520628
6423,1737.6917247520628
6424,1737.6917247520628
6425,1737.6917247520628
6426,1737.6917247520628
6427,1737.6917247520628
6428,1737.6917247520628
6429,1737.6917247520628
6430,1737.6917247520628
6431,1737.6917247520628
6432,1737.6917247520628
6433,1737.6917247520628
6434,1737.6917247520628
6435,1737.6917247520628
6436,1737.6917247520628
6437,1737.6917247520628
6438,1737.6917247520628
6439,1737.6917247520628
6440,1737.6917247520628
6441,1737.6917247520628
6442,1737.6917247520628
6443,1737.6917247520628
6444,1737.6917247520628
6445,1737.6917247520628
6446,1737.6917247520628
6447,1737.6917247520628
6448,1737.6917247520628
6449,1737.6917247520628
6450,1737.6917247520628
6451,1737.6917247520628
6452,1737.6917247520628
6453,1737.6917247520628
6454,1737.6917247520628
6455,1737.6917247520628
6456,1737.6917247520628
6457,1737.6917247520628
6458,1737.6917247520628
6459,1737.6917247520628
6460,1737.6917247520628
6461,1737.6917247520628
6462,1737.6917247520628
6463,1737.6917247520628
6464,1737.6917247520628
6465,1737.6917247520628
6466,1737.6917247520628
6467,1737.6917247520628
6468,1737.6917247520628
6469,1737.6917247520628
6470,1737.6917247520628
6471,1737.6917247520628
6472,1737.6917247520628
6473,1737.6917247520628
6474,1737.6917247520628
6475,1737.6917247520628
6476,1737.6917247520628
6477,1737.6917247520628
6478,1737.6917247520628
6479,1737.6917247520628
6480,1737.6917247520628
6481,1737.6917247520628
6482,1737.6917247520628
6483,1737.6917247520628
6484,1737.6917247520628
6485,1737.6917247520628
6486,1737.6917247520628
6487,1737.6917247520628
6488,1737.6917247520628
6489,1737.6917247520628
6490,1737.6917247520628
6491,1737.6917247520628
6492,1737.6917247520628
6493,1737.6917247520628
6494,1737.6917247520628
6495,1737.6917247520628
6496,1737.6917247520628
6497,1737.6917247520628
6498,1737.6917247520628
6499,1737.6917247520628
6500,1737.6917247520628
6501,1737.6917247520628
6502,1737.6917247520628
6503,1737.6917247520628
6504,1737.6917247520628
6505,1737.6917247520628
6506,1737.6917247520628
6507,1737.6917247520628
6508,1737.6917247520628
6509,1737.6917247520628
6510,1737.6917247520628
6511,1737.6917247520628
6512,1737.6917247520628
6513,1737.6917247520628
6514,1737.6917247520628
6515,1737.6917247520628
6516,1737.6917247520628
6517,1737.6917247520628
6518,1737.6917247520628
6519,1737.6917247520628
6520,1737.6917247520628
6521,1737.6917247520628
6522,1737.6917247520628
6523,1737.6917247520628
6524,1737.6917247520628
6525,1737.6917247520628
6526,1737.6917247520628
6527,1737.6917247520628
6528,1737.6917247520628
6529,1737.6917247520628
6530,1737.6917247520628
6531,1737.6917247520628
6532,1737.6917247520628
6533,1737.6917247520628
6534,1737.6917247520628
6535,1737.6917247520628
6536,1737.6917247520628
6537,1737.6917247520628
6538,1737.6917247520628
6539,1737.6917247520628
6540,1737.6917247520628
6541,1737.6917247520628
6542,1737.6917247520628
6543,1737.6917247520628
6544,1737.6917247520628
6545,1737.6917247520628
6546,1737.6917247520628
6547,1737.6917247520628
6548,1737.6917247520628
6549,1737.6917247520628
6550,1737.6917247520628
6551,1737.6917247520628
6552,1737.6917247520628
6553,1737.6917247520628
6554,1737.6917247520628
6555,1737.6917247520628
6556,1737.6917247520628
6557,1737.6917247520628
6558,1737.6917247520628
6559,1737.6917247520628
6560,1737.6917247520628
6561,1737.6917247520628
6562,1737.6917247520628
6563,1737.6917247520628
6564,1737.6917247520628
6565,1737.6917247520628
6566,1737.6917247520628
6567,1737.6917247520628
6568,1737.6917247520628
6569,1737.6917247520628
6570,1737.6917247520628
6571,1737.6917247520628
6572,1737.6917247520628
6573,1737.6917247520628
6574,1737.6917247520628
6575,1737.6917247520628
6576,1737.6917247520628
6577,1737.6917247520628
6578,1737.6917247520628
6579,1737.6917247520628
6580,1737.6917247520628
6581,1737.6917247520628
6582,1737.6917247520628
6583,1737.6917247520628
6584,1737.6917247520628
6585,1737.6917247520628
6586,1737.6917247520628
6587,1737.6917247520628
6588,1737.6917247520628
6589,1737.6917247520628
6590,1737.6917247520628
6591,1737.6917247520628
6592,1737.6917247520628
6593,1737.6917247520628
6594,1737.6917247520628
6595,1737.6917247520628
6596,1737.6917247520628
6597,1737.6917247520628
6598,1737.6917247520628
6599,1737.6917247520628
6600,1737.6917247520628
6601,1737.6917247520628
6602,1737.6917247520628
6603,1737.6917247520628
6604,1737.6917247520628
6605,1737.6917247520628
6606,1737.6917247520628
6607,1737.6917247520628
6608,1737.6917247520628
6609,1737.6917247520628
6610,1737.6917247520628
6611,1737.6917247520628
6612,1737.6917247520628
6613,1737.6917247520628
6614,1737.6917247520628
6615,1737.6917247520628
6616,1737.6917247520628
6617,1737.6917247520628
6618,1737.6917247520628
6619,1737.6917247520628
6620,1737.6917247520628
6621,1737.6917247520628
6622,1737.6917247520628
6623,1737.6917247520628
6624,1737.6917247520628
6625,1737.6917247520628
6626,1737.6917247520628
6627,1737.6917247520628
6628,1737.6917247520628
6629,1737.6917247520628
6630,1737.6917247520628
6631,1737.6917247520628
6632,1737.6917247520628
6633,1737.6917247520628
6634,1737.6917247520628
6635,1737.6917247520628
6636,1737.6917247520628
6637,1737.6917247520628
6638,1737.6917247520628
6639,1737.6917247520628
6640,1737.6917247520628
6641,1737.6917247520628
6642,1737.6917247520628
6643,1737.6917247520628
6644,1737.6917247520628
6645,1737.6917247520628
6646,1737.6917247520628
6647,1737.6917247520628
6648,1737.6917247520628
6649,1737.6917247520628
6650,1737.6917247520628
6651,1737.6917247520628
6652,1737.6917247520628
6653,1737.6917247520628
6654,1737.6917247520628
6655,1737.6917247520628
6656,1737.6917247520628
6657,1737.6917247520628
6658,1737.6917247520628
6659,1737.6917247520628
6660,1737.6917247520628
6661,1737.6917247520628
6662,1737.6917247520628
6663,1737.6917247520628
6664,1737.6917247520628
6665,1737.6917247520628
6666,1737.6917247520628
6667,1737.6917247520628
6668,1737.6917247520628
6669,1737.6917247520628
6670,1737.6917247520628
6671,1737.6917247520628
6672,1737.6917247520628
6673,1737.6917247520628
6674,1737.6917247520628
6675,1737.6917247520628
6676,1737.6917247520628
6677,1737.6917247520628
6678,1737.6917247520628
6679,1737.6917247520628
6680,1737.6917247520628
6681,1737.6917247520628
6682,1737.6917247520628
6683,1737.6917247520628
6684,1737.6917247520628
6685,1737.6917247520628
6686,1737.6917247520628
6687,1737.6917247520628
6688,1737.6917247520628
6689,1737.6917247520628
6690,1737.6917247520628
6691,1737.6917247520628
6692,1737.6917247520628
6693,1737.6917247520628
6694,1737.6917247520628
6695,1737.6917247520628
6696,1737.6917247520628
6697,1737.6917247520628
6698,1737.6917247520628
6699,1737.6917247520628
6700,1737.6917247520628
6701,1737.6917247520628
6702,1737.6917247520628
6703,1737.6917247520628
6704,1737.6917247520628
6705,1737.6917247520628
6706,1737.6917247520628
6707,1737.6917247520628
6708,1737.6917247520628
6709,1737.6917247520628
6710,1737.6917247520628
6711,1737.6917247520628
6712,1737.6917247520628
6713,1737.6917247520628
6714,1737.6917247520628
6715,1737.6917247520628
6716,1737.6917247520628
6717,1737.6917247520628
6718,1737.6917247520628
6719,1737.6917247520628
6720,1737.6917247520628
6721,1737.6917247520628
6722,1737.6917247520628
6723,1737.6917247520628
6724,1737.6917247520628
6725,1737.6917247520628
6726,1737.6917247520628
6727,1737.6917247520628
6728,1737.6917247520628
6729,1737.6917247520628
6730,1737.6917247520628
6731,1737.6917247520628
6732,1737.6917247520628
6733,1737.6917247520628
6734,1737.6917247520628
6735,1737.6917247520628
6736,1737.6917247520628
6737,1737.6917247520628
6738,1737.6917247520628
6739,1737.6917247520628
6740,1737.6917247520628
6741,1737.6917247520628
6742,1737.6917247520628
6743,1737.6917247520628
6744,1737.6917247520628
6745,1737.6917247520628
6746,1737.6917247520628
6747,1737.6917247520628
6748,1737.6917247520628
6749,1737.6917247520628
6750,1737.6917247520628
6751,1737.6917247520628
6752,1737.6917247520628
6753,1737.6917247520628
6754,1737.6917247520628
6755,1737.6917247520628
6756,1737.6917247520628
6757,1737.6917247520628
6758,1737.6917247520628
6759,1737.6917247520628
6760,1737.6917247520628
6761,1737.6917247520628
6762,1737.6917247520628
6763,1737.6917247520628
6764,1737.6917247520628
6765,1737.6917247520628
6766,1737.6917247520628
6767,1737.6917247520628
6768,1737.6917247520628
6769,1737.6917247520628
6770,1737.6917247520628
6771,1737.6917247520628
6772,1737.6917247520628
6773,1737.6917247520628
6774,1737.6917247520628
6775,1737.6917247520628
6776,1737.6917247520628
6777,1737.6917247520628
6778,1737.6917247520628
6779,1737.6917247520628
6780,1737.6917247520628
6781,1737.6917247520628
6782,1737.6917247520628
6783,1737.6917247520628
6784,1737.6917247520628
6785,1737.6917247520628
6786,1737.6917247520628
6787,1737.6917247520628
6788,1737.6917247520628
6789,1737.6917247520628
6790,1737.6917247520628
6791,1737.6917247520628
6792,1737.6917247520628
6793,1737.6917247520628
6794,1737.6917247520628
6795,1737.6917247520628
6796,1737.6917247520628
6797,1737.6917247520628
6798,1737.6917247520628
6799,1737.6917247520628
6800,1737.6917247520628
6801,1737.6917247520628
6802,1737.6917247520628
6803,1737.6917247520628
6804,1737.6917247520628
6805,1737.6917247520628
6806,1737.6917247520628
6807,1737.6917247520628
6808,1737.6917247520628
6809,1737.6917247520628
6810,1737.6917247520628
6811,1737.6917247520628
6812,1737.6917247520628
6813,1737.6917247520628
6814,1737.6917247520628
6815,1737.6917247520628
6816,1737.6917247520628
6817,1737.6917247520628
6818,1737.6917247520628
6819,1737.6917247520628
6820,1737.6917247520628
6821,1737.6917247520628
6822,1737.6917247520628
6823,1737.6917247520628
6824,1737.6917247520628
6825,1737.6917247520628
6826,1737.6917247520628
6827,1737.6917247520628
6828,1737.6917247520628
6829,1737.6917247520628
6830,1737.6917247520628
6831,1737.6917247520628
6832,1737.6917247520628
6833,1737.6917247520628
6834,1737.6917247520628
6835,1737.6917247520628
6836,1737.6917247520628
6837,1737.6917247520628
6838,1737.6917247520628
6839,1737.6917247520628
6840,1737.6917247520628
6841,1737.6917247520628
6842,1737.6917247520628
6843,1737.6917247520628
6844,1737.6917247520628
6845,1737.6917247520628
6846,1737.6917247520628
6847,1737.6917247520628
6848,1737.6917247520628
6849,1737.6917247520628
6850,1737.6917247520628
6851,1737.6917247520628
6852,1737.6917247520628
6853,1737.6917247520628
6854,1737.6917247520628
6855,1737.6917247520628
6856,1737.6917247520628
6857,1737.6917247520628
6858,1737.6917247520628
6859,1737.6917247520628
6860,1737.6917247520628
6861,1737.6917247520628
6862,1737.6917247520628
6863,1737.6917247520628
6864,1737.6917247520628
6865,1737.6917247520628
6866,1737.6917247520628
6867,1737.6917247520628
6868,1737.6917247520628
6869,1737.6917247520628
6870,1737.6917247520628
6871,1737.6917247520628
6872,1737.6917247520628
6873,1737.6917247520628
6874,1737.6917247520628
6875,1737.6917247520628
6876,1737.6917247520628
6877,1737.6917247520628
6878,1737.6917247520628
6879,1737.6917247520628
6880,1737.6917247520628
6881,1737.6917247520628
6882,1737.6917247520628
6883,1737.6917247520628
6884,1737.6917247520628
6885,1737.6917247520628
6886,1737.6917247520628
6887,1737.6917247520628
6888,1737.6917247520628
6889,1737.6917247520628
6890,1737.6917247520628
6891,1737.6917247520628
6892,1737.6917247520628
6893,1737.6917247520628
6894,1737.6917247520628
6895,1737.6917247520628
6896,1737.6917247520628
6897,1737.6917247520628
6898,1737.6917247520628
6899,1737.6917247520628
6900,1737.6917247520628
6901,1737.6917247520628
6902,1737.6917247520628
6903,1737.6917247520628
6904,1737.6917247520628
6905,1737.6917247520628
6906,1737.6917247520628
6907,1737.6917247520628
6908,1737.6917247520628
6909,1737.6917247520628
6910,1737.6917247520628
6911,1737.6917247520628
6912,1737.6917247520628
6913,1737.6917247520628
6914,1737.6917247520628
6915,1737.6917247520628
6916,1737.6917247520628
6917,1737.6917247520628
6918,1737.6917247520628
6919,1737.6917247520628
6920,1737.6917247520628
6921,1737.6917247520628
6922,1737.6917247520628
6923,1737.6917247520628
6924,1737.6917247520628
6925,1737.6917247520628
6926,1737.6917247520628
6927,1737.6917247520628
6928,1737.6917247520628
6929,1737.6917247520628
6930,1737.6917247520628
6931,1737.6917247520628
6932,1737.6917247520628
6933,1737.6917247520628
6934,1737.6917247520628
6935,1737.6917247520628
6936,1737.6917247520628
6937,1737.6917247520628
6938,1737.6917247520628
6939,1737.6917247520628
6940,1737.6917247520628
6941,1737.6917247520628
6942,1737.6917247520628
6943,1737.6917247520628
6944,1737.6917247520628
6945,1737.6917247520628
6946,1737.6917247520628
6947,1737.6917247520628
6948,1737.6917247520628
6949,1737.6917247520628
6950,1737.6917247520628
6951,1737.6917247520628
6952,1737.6917247520628
6953,1737.6917247520628
6954,1737.6917247520628
6955,1737.6917247520628
6956,1737.6917247520628
6957,1737.6917247520628
6958,1737.6917247520628
6959,1737.6917247520628
6960,1737.6917247520628
6961,1737.6917247520628
6962,1737.6917247520628
6963,1737.6917247520628
6964,1737.6917247520628
6965,1737.6917247520628
6966,1737.6917247520628
6967,1737.6917247520628
6968,1737.6917247520628
6969,1737.6917247520628
6970,1737.6917247520628
6971,1737.6917247520628
6972,1737.6917247520628
6973,1737.6917247520628
6974,1737.6917247520628
6975,1737.6917247520628
6976,1737.6917247520628
6977,1737.6917247520628
6978,1737.6917247520628
6979,1737.6917247520628
6980,1737.6917247520628
6981,1737.6917247520628
6982,1737.6917247520628
6983,1737.6917247520628
6984,1737.6917247520628
6985,1737.6917247520628
6986,1737.6917247520628
6987,1737.6917247520628
6988,1737.6917247520628
6989,1737.6917247520628
6990,1737.6917247520628
6991,1737.6917247520628
6992,1737.6917247520628
6993,1737.6917247520628
6994,1737.6917247520628
6995,1737.6917247520628
6996,1737.6917247520628
6997,1737.6917247520628
6998,1737.6917247520628
6999,1737.6917247520628
7000,1737.6917247520628
7001,1737.6917247520628
7002,1737.6917247520628
7003,1737.6917247520628
7004,1737.6917247520628
7005,1737.6917247520628
7006,1737.6917247520628
7007,1737.6917247520628
7008,1737.6917247520628
7009,1737.6917247520628
7010,1737.6917247520628
7011,1737.6917247520628
7012,1737.6917247520628
7013,1737.6917247520628
7014,1737.6917247520628
7015,1737.6917247520628
7016,1737.6917247520628
7017,1737.6917247520628
7018,1737.6917247520628
7019,1737.6917247520628
7020,1737.6917247520628
7021,1737.6917247520628
7022,1737.6917247520628
7023,1737.6917247520628
7024,1737.6917247520628
7025,1737.6917247520628
7026,1737.6917247520628
7027,1737.6917247520628
7028,1737.6917247520628
7029,1737.6917247520628
7030,1737.6917247520628
7031,1737.6917247520628
7032,1737.6917247520628
7033,1737.6917247520628
7034,1737.6917247520628
7035,1737.6917247520628
7036,1737.6917247520628
7037,1737.6917247520628
7038,1737.6917247520628
7039,1737.6917247520628
7040,1737.6917247520628
7041,1737.6917247520628
7042,1737.6917247520628
7043,1737.6917247520628
7044,1737.6917247520628
7045,1737.6917247520628
7046,1737.6917247520628
7047,1737.6917247520628
7048,1737.6917247520628
7049,1737.6917247520628
7050,1737.6917247520628
7051,1737.6917247520628
7052,1737.6917247520628
7053,1737.6917247520628
7054,1737.6917247520628
7055,1737.6917247520628
7056,1737.6917247520628
7057,1737.6917247520628
7058,1737.6917247520628
7059,1737.6917247520628
7060,1737.6917247520628
7061,1737.6917247520628
7062,1737.6917247520628
7063,1737.6917247520628
7064,1737.6917247520628
7065,1737.6917247520628
7066,1737.6917247520628
7067,1737.6917247520628
7068,1737.6917247520628
7069,1737.6917247520628
7070,1737.6917247520628
7071,1737.6917247520628
7072,1737.6917247520628
7073,1737.6917247520628
7074,1737.6917247520628
7075,1737.6917247520628
7076,1737.6917247520628
7077,1737.6917247520628
7078,1737.6917247520628
7079,1737.6917247520628
7080,1737.6917247520628
7081,1737.6917247520628
7082,1737.6917247520628
7083,1737.6917247520628
7084,1737.6917247520628
7085,1737.6917247520628
7086,1737.6917247520628
7087,1737.6917247520628
7088,1737.6917247520628
7089,1737.6917247520628
7090,1737.6917247520628
7091,1737.6917247520628
7092,1737.6917247520628
7093,1737.6917247520628
7094,1737.6917247520628
7095,1737.6917247520628
7096,1737.6917247520628
7097,1737.6917247520628
7098,1737.6917247520628
7099,1737.6917247520628
7100,1737.6917247520628
7101,1737.6917247520628
7102,1737.6917247520628
7103,1737.6917247520628
7104,1737.6917247520628
7105,1737.6917247520628
7106,1737.6917247520628
7107,1737.6917247520628
7108,1737.6917247520628
7109,1737.6917247520628
7110,1737.6917247520628
7111,1737.6917247520628
7112,1737.6917247520628
7113,1737.6917247520628
7114,1737.6917247520628
7115,1737.6917247520628
7116,1737.6917247520628
7117,1737.6917247520628
7118,1737.6917247520628
7119,1737.6917247520628
7120,1737.6917247520628
7121,1737.6917247520628
7122,1737.6917247520628
7123,1737.6917247520628
7124,1737.6917247520628
7125,1737.6917247520628
7126,1737.6917247520628
7127,1737.6917247520628
7128,1737.6917247520628
7129,1737.6917247520628
7130,1737.6917247520628
7131,1737.6917247520628
7132,1737.6917247520628
7133,1737.6917247520628
7134,1737.6917247520628
7135,1737.6917247520628
7136,1737.6917247520628
7137,1737.6917247520628
7138,1737.6917247520628
7139,1737.6917247520628
7140,1737.6917247520628
7141,1737.6917247520628
7142,1737.6917247520628
7143,1737.6917247520628
7144,1737.6917247520628
7145,1737.6917247520628
7146,1737.6917247520628
7147,1737.6917247520628
7148,1737.6917247520628
7149,1737.6917247520628
7150,1737.6917247520628
7151,1737.6917247520628
7152,1737.6917247520628
7153,1737.6917247520628
7154,1737.6917247520628
7155,1737.6917247520628
7156,1737.6917247520628
7157,1737.6917247520628
7158,1737.6917247520628
7159,1737.6917247520628
7160,1737.6917247520628
7161,1737.6917247520628
7162,1737.6917247520628
7163,1737.6917247520628
7164,1737.6917247520628
7165,1737.6917247520628
7166,1737.6917247520628
7167,1737.6917247520628
7168,1737.6917247520628
7169,1737.6917247520628
7170,1737.6917247520628
7171,1737.6917247520628
7172,1737.6917247520628
7173,1737.6917247520628
7174,1737.6917247520628
7175,1737.6917247520628
7176,1737.6917247520628
7177,1737.6917247520628
7178,1737.6917247520628
7179,1737.6917247520628
7180,1737.6917247520628
7181,1737.6917247520628
7182,1737.6917247520628
7183,1737.6917247520628
7184,1737.6917247520628
7185,1737.6917247520628
7186,1737.6917247520628
7187,1737.6917247520628
7188,1737.6917247520628
7189,1737.6917247520628
7190,1737.6917247520628
7191,1737.6917247520628
7192,1737.6917247520628
7193,1737.6917247520628
7194,1737.6917247520628
7195,1737.6917247520628
7196,1737.6917247520628
7197,1737.6917247520628
7198,1737.6917247520628
7199,1737.6917247520628
7200,1737.6917247520628
7201,1737.6917247520628
7202,1737.6917247520628
7203,1737.6917247520628
7204,1737.6917247520628
7205,1737.6917247520628
7206,1737.6917247520628
7207,1737.6917247520628
7208,1737.6917247520628
7209,1737.6917247520628
7210,1737.6917247520628
7211,1737.6917247520628
7212,1737.6917247520628
7213,1737.6917247520628
7214,1737.6917247520628
7215,1737.6917247520628
7216,1737.6917247520628
7217,1737.6917247520628
7218,1737.6917247520628
7219,1737.6917247520628
7220,1737.6917247520628
7221,1737.6917247520628
7222,1737.6917247520628
7223,1737.6917247520628
7224,1737.6917247520628
7225,1737.6917247520628
7226,1737.6917247520628
7227,1737.6917247520628
7228,1737.6917247520628
7229,1737.6917247520628
7230,1737.6917247520628
7231,1737.6917247520628
7232,1737.6917247520628
7233,1737.6917247520628
7234,1737.6917247520628
7235,1737.6917247520628
7236,1737.6917247520628
7237,1737.6917247520628
7238,1737.6917247520628
7239,1737.6917247520628
7240,1737.6917247520628
7241,1737.6917247520628
7242,1737.6917247520628
7243,1737.6917247520628
7244,1737.6917247520628
7245,1737.6917247520628
7246,1737.6917247520628
7247,1737.6917247520628
7248,1737.6917247520628
7249,1737.6917247520628
7250,1737.6917247520628
7251,1737.6917247520628
7252,1737.6917247520628
7253,1737.6917247520628
7254,1737.6917247520628
7255,1737.6917247520628
7256,1737.6917247520628
7257,1737.6917247520628
7258,1737.6917247520628
7259,1737.6917247520628
7260,1737.6917247520628
7261,1737.6917247520628
7262,1737.6917247520628
7263,1737.6917247520628
7264,1737.6917247520628
7265,1737.6917247520628
7266,1737.6917247520628
7267,1737.6917247520628
7268,1737.6917247520628
7269,1737.6917247520628
7270,1737.6917247520628
7271,1737.6917247520628
7272,1737.6917247520628
7273,1737.6917247520628
7274,1737.6917247520628
7275,1737.6917247520628
7276,1737.6917247520628
7277,1737.6917247520628
7278,1737.6917247520628
7279,1737.6917247520628
7280,1737.6917247520628
7281,1737.6917247520628
7282,1737.6917247520628
7283,1737.6917247520628
7284,1737.6917247520628
7285,1737.6917247520628
7286,1737.6917247520628
7287,1737.6917247520628
7288,1737.6917247520628
7289,1737.6917247520628
7290,1737.6917247520628
7291,1737.6917247520628
7292,1737.6917247520628
7293,1737.6917247520628
7294,1737.6917247520628
7295,1737.6917247520628
7296,1737.6917247520628
7297,1737.6917247520628
7298,1737.6917247520628
7299,1737.6917247520628
7300,1737.6917247520628
7301,1737.6917247520628
7302,1737.6917247520628
7303,1737.6917247520628
7304,1737.6917247520628
7305,1737.6917247520628
7306,1737.6917247520628
7307,1737.6917247520628
7308,1737.6917247520628
7309,1737.6917247520628
7310,1737.6917247520628
7311,1737.6917247520628
7312,1737.6917247520628
7313,1737.6917247520628
7314,1737.6917247520628
7315,1737.6917247520628
7316,1737.6917247520628
7317,1737.6917247520628
7318,1737.6917247520628
7319,1737.6917247520628
7320,1737.6917247520628
7321,1737.6917247520628
7322,1737.6917247520628
7323,1737.6917247520628
7324,1737.6917247520628
7325,1737.6917247520628
7326,1737.6917247520628
7327,1737.6917247520628
7328,1737.6917247520628
7329,1737.6917247520628
7330,1737.6917247520628
7331,1737.6917247520628
7332,1737.6917247520628
7333,1737.6917247520628
7334,1737.6917247520628
7335,1737.6917247520628
7336,1737.6917247520628
7337,1737.6917247520628
7338,1737.6917247520628
7339,1737.6917247520628
7340,1737.6917247520628
7341,1737.6917247520628
7342,1737.6917247520628
7343,1737.6917247520628
7344,1737.6917247520628
7345,1737.6917247520628
7346,1737.6917247520628
7347,1737.6917247520628
7348,1737.6917247520628
7349,1737.6917247520628
7350,1737.6917247520628
7351,1737.6917247520628
7352,1737.6917247520628
7353,1737.6917247520628
7354,1737.6917247520628
7355,1737.6917247520628
7356,1737.6917247520628
7357,1737.6917247520628
7358,1737.6917247520628
7359,1737.6917247520628
7360,1737.6917247520628
7361,1737.6917247520628
7362,1737.6917247520628
7363,1737.6917247520628
7364,1737.6917247520628
7365,1737.6917247520628
7366,1737.6917247520628
7367,1737.6917247520628
7368,1737.6917247520628
7369,1737.6917247520628
7370,1737.6917247520628
7371,1737.6917247520628
7372,1737.6917247520628
7373,1737.6917247520628
7374,1737.6917247520628
7375,1737.6917247520628
7376,1737.6917247520628
7377,1737.6917247520628
7378,1737.6917247520628
7379,1737.6917247520628
7380,1737.6917247520628
7381,1737.6917247520628
7382,1737.6917247520628
7383,1737.6917247520628
7384,1737.6917247520628
7385,1737.6917247520628
7386,1737.6917247520628
7387,1737.6917247520628
7388,1737.6917247520628
7389,1737.6917247520628
7390,1737.6917247520628
7391,1737.6917247520628
7392,1737.6917247520628
7393,1737.6917247520628
7394,1737.6917247520628
7395,1737.6917247520628
7396,1737.6917247520628
7397,1737.6917247520628
7398,1737.6917247520628
7399,1737.6917247520628
7400,1737.6917247520628
7401,1737.6917247520628
7402,1737.6917247520628
7403,1737.6917247520628
7404,1737.6917247520628
7405,1737.6917247520628
7406,1737.6917247520628
7407,1737.6917247520628
7408,1737.6917247520628
7409,1737.6917247520628
7410,1737.6917247520628
7411,1737.6917247520628
7412,1737.6917247520628
7413,1737.6917247520628
7414,1737.6917247520628
7415,1737.6917247520628
7416,1737.6917247520628
7417,1737.6917247520628
7418,1737.6917247520628
7419,1737.6917247520628
7420,1737.6917247520628
7421,1737.6917247520628
7422,1737.6917247520628
7423,1737.6917247520628
7424,1737.6917247520628
7425,1737.6917247520628
7426,1737.6917247520628
7427,1737.6917247520628
7428,1737.6917247520628
7429,1737.6917247520628
7430,1737.6917247520628
7431,1737.6917247520628
7432,1737.6917247520628
7433,1737.6917247520628
7434,1737.6917247520628
7435,1737.6917247520628
7436,1737.6917247520628
7437,1737.6917247520628
7438,1737.6917247520628
7439,1737.6917247520628
7440,1737.6917247520628
7441,1737.6917247520628
7442,1737.6917247520628
7443,1737.6917247520628
7444,1737.6917247520628
7445,1737.6917247520628
7446,1737.6917247520628
7447,1737.6917247520628
7448,1737.6917247520628
7449,1737.6917247520628
7450,1737.6917247520628
7451,1737.6917247520628
7452,1737.6917247520628
7453,1737.6917247520628
7454,1737.6917247520628
7455,1737.6917247520628
7456,1737.6917247520628
7457,1737.6917247520628
7458,1737.6917247520628
7459,1737.6917247520628
7460,1737.6917247520628
7461,1737.6917247520628
7462,1737.6917247520628
7463,1737.6917247520628
7464,1737.6917247520628
7465,1737.6917247520628
7466,1737.6917247520628
7467,1737.6917247520628
7468,1737.6917247520628
7469,1737.6917247520628
7470,1737.6917247520628
7471,1737.6917247520628
7472,1737.6917247520628
7473,1737.6917247520628
7474,1737.6917247520628
7475,1737.6917247520628
7476,1737.6917247520628
7477,1737.6917247520628
7478,1737.6917247520628
7479,1737.6917247520628
7480,1737.6917247520628
7481,1737.6917247520628
7482,1737.6917247520628
7483,1737.6917247520628
7484,1737.6917247520628
7485,1737.6917247520628
7486,1737.6917247520628
7487,1737.6917247520628
7488,1737.6917247520628
7489,1737.6917247520628
7490,1737.6917247520628
7491,1737.6917247520628
7492,1737.6917247520628
7493,1737.6917247520628
7494,1737.6917247520628
7495,1737.6917247520628
7496,1737.6917247520628
7497,1737.6917247520628
7498,1737.6917247520628
7499,1737.6917247520628
7500,1737.6917247520628
7501,1737.6917247520628
7502,1737.6917247520628
7503,1737.6917247520628
7504,1737.6917247520628
7505,1737.6917247520628
7506,1737.6917247520628
7507,1737.6917247520628
7508,1737.6917247520628
7509,1737.6917247520628
7510,1737.6917247520628
7511,1737.6917247520628
7512,1737.6917247520628
7513,1737.6917247520628
7514,1737.6917247520628
7515,1737.6917247520628
7516,1737.6917247520628
7517,1737.6917247520628
7518,1737.6917247520628
7519,1737.6917247520628
7520,1737.6917247520628
7521,1737.6917247520628
7522,1737.6917247520628
7523,1737.6917247520628
7524,1737.6917247520628
7525,1737.6917247520628
7526,1737.6917247520628
7527,1737.6917247520628
7528,1737.6917247520628
7529,1737.6917247520628
7530,1737.6917247520628
7531,1737.6917247520628
7532,1737.6917247520628
7533,1737.6917247520628
7534,1737.6917247520628
7535,1737.6917247520628
7536,1737.6917247520628
7537,1737.6917247520628
7538,1737.6917247520628
7539,1737.6917247520628
7540,1737.6917247520628
7541,1737.6917247520628
7542,1737.6917247520628
7543,1737.6917247520628
7544,1737.6917247520628
7545,1737.6917247520628
7546,1737.6917247520628
7547,1737.6917247520628
7548,1737.6917247520628
7549,1737.6917247520628
7550,1737.6917247520628
7551,1737.6917247520628
7552,1737.6917247520628
7553,1737.6917247520628
7554,1737.6917247520628
7555,1737.6917247520628
7556,1737.6917247520628
7557,1737.6917247520628
7558,1737.6917247520628
7559,1737.6917247520628
7560,1737.6917247520628
7561,1737.6917247520628
7562,1737.6917247520628
7563,1737.6917247520628
7564,1737.6917247520628
7565,1737.6917247520628
7566,1737.6917247520628
7567,1737.6917247520628
7568,1737.6917247520628
7569,1737.6917247520628
7570,1737.6917247520628
7571,1737.6917247520628
7572,1737.6917247520628
7573,1737.6917247520628
7574,1737.6917247520628
7575,1737.6917247520628
7576,1737.6917247520628
7577,1737.6917247520628
7578,1737.6917247520628
7579,1737.6917247520628
7580,1737.6917247520628
7581,1737.6917247520628
7582,1737.6917247520628
7583,1737.6917247520628
7584,1737.6917247520628
7585,1737.6917247520628
7586,1737.6917247520628
7587,1737.6917247520628
7588,1737.6917247520628
7589,1737.6917247520628
7590,1737.6917247520628
7591,1737.6917247520628
7592,1737.6917247520628
7593,1737.6917247520628
7594,1737.6917247520628
7595,1737.6917247520628
7596,1737.6917247520628
7597,1737.6917247520628
7598,1737.6917247520628
7599,1737.6917247520628
7600,1737.6917247520628
7601,1737.6917247520628
7602,1737.6917247520628
7603,1737.6917247520628
7604,1737.6917247520628
7605,1737.6917247520628
7606,1737.6917247520628
7607,1737.6917247520628
7608,1737.6917247520628
7609,1737.6917247520628
7610,1737.6917247520628
7611,1737.6917247520628
7612,1737.6917247520628
7613,1737.6917247520628
7614,1737.6917247520628
7615,1737.6917247520628
7616,1737.6917247520628
7617,1737.6917247520628
7618,1737.6917247520628
7619,1737.6917247520628
7620,1737.6917247520628
7621,1737.6917247520628
7622,1737.6917247520628
7623,1737.6917247520628
7624,1737.6917247520628
7625,1737.6917247520628
7626,1737.6917247520628
7627,1737.6917247520628
7628,1737.6917247520628
7629,1737.6917247520628
7630,1737.6917247520628
7631,1737.6917247520628
7632,1737.6917247520628
7633,1737.6917247520628
7634,1737.6917247520628
7635,1737.6917247520628
7636,1737.6917247520628
7637,1737.6917247520628
7638,1737.6917247520628
7639,1737.6917247520628
7640,1737.6917247520628
7641,1737.6917247520628
7642,1737.6917247520628
7643,1737.6917247520628
7644,1737.6917247520628
7645,1737.6917247520628
7646,1737.6917247520628
7647,1737.6917247520628
7648,1737.6917247520628
7649,1737.6917247520628
7650,1737.6917247520628
7651,1737.6917247520628
7652,1737.6917247520628
7653,1737.6917247520628
7654,1737.6917247520628
7655,1737.6917247520628
7656,1737.6917247520628
7657,1737.6917247520628
7658,1737.6917247520628
7659,1737.6917247520628
7660,1737.6917247520628
7661,1737.6917247520628
7662,1737.6917247520628
7663,1737.6917247520628
7664,1737.6917247520628
7665,1737.6917247520628
7666,1737.6917247520628
7667,1737.6917247520628
7668,1737.6917247520628
7669,1737.6917247520628
7670,1737.6917247520628
7671,1737.6917247520628
7672,1737.6917247520628
7673,1737.6917247520628
7674,1737.6917247520628
7675,1737.6917247520628
7676,1737.6917247520628
7677,1737.6917247520628
7678,1737.6917247520628
7679,1737.6917247520628
7680,1737.6917247520628
7681,1737.6917247520628
7682,1737.6917247520628
7683,1737.6917247520628
7684,1737.6917247520628
7685,1737.6917247520628
7686,1737.6917247520628
7687,1737.6917247520628
7688,1737.6917247520628
7689,1737.6917247520628
7690,1737.6917247520628
7691,1737.6917247520628
7692,1737.6917247520628
7693,1737.6917247520628
7694,1737.6917247520628
7695,1737.6917247520628
7696,1737.6917247520628
7697,1737.6917247520628
7698,1737.6917247520628
7699,1737.6917247520628
7700,1737.6917247520628
7701,1737.6917247520628
7702,1737.6917247520628
7703,1737.6917247520628
7704,1737.6917247520628
7705,1737.6917247520628
7706,1737.6917247520628
7707,1737.6917247520628
7708,1737.6917247520628
7709,1737.6917247520628
7710,1737.6917247520628
7711,1737.6917247520628
7712,1737.6917247520628
7713,1737.6917247520628
7714,1737.6917247520628
7715,1737.6917247520628
7716,1737.6917247520628
7717,1737.6917247520628
7718,1737.6917247520628
7719,1737.6917247520628
7720,1737.6917247520628
7721,1737.6917247520628
7722,1737.6917247520628
7723,1737.6917247520628
7724,1737.6917247520628
7725,1737.6917247520628
7726,1737.6917247520628
7727,1737.6917247520628
7728,1737.6917247520628
7729,1737.6917247520628
7730,1737.6917247520628
7731,1737.6917247520628
7732,1737.6917247520628
7733,1737.6917247520628
7734,1737.6917247520628
7735,1737.6917247520628
7736,1737.6917247520628
7737,1737.6917247520628
7738,1737.6917247520628
7739,1737.6917247520628
7740,1737.6917247520628
7741,1737.6917247520628
7742,1737.6917247520628
7743,1737.6917247520628
7744,1737.6917247520628
7745,1737.6917247520628
7746,1737.6917247520628
7747,1737.6917247520628
7748,1737.6917247520628
7749,1737.6917247520628
7750,1737.6917247520628
7751,1737.6917247520628
7752,1737.6917247520628
7753,1737.6917247520628
7754,1737.6917247520628
7755,1737.6917247520628
7756,1737.6917247520628
7757,1737.6917247520628
7758,1737.6917247520628
7759,1737.6917247520628
7760,1737.6917247520628
7761,1737.6917247520628
7762,1737.6917247520628
7763,1737.6917247520628
7764,1737.6917247520628
7765,1737.6917247520628
7766,1737.6917247520628
7767,1737.6917247520628
7768,1737.6917247520628
7769,1737.6917247520628
7770,1737.6917247520628
7771,1737.6917247520628
7772,1737.6917247520628
7773,1737.6917247520628
7774,1737.6917247520628
7775,1737.6917247520628
7776,1737.6917247520628
7777,1737.6917247520628
7778,1737.6917247520628
7779,1737.6917247520628
7780,1737.6917247520628
7781,1737.6917247520628
7782,1737.6917247520628
7783,1737.6917247520628
7784,1737.6917247520628
7785,1737.6917247520628
7786,1737.6917247520628
7787,1737.6917247520628
7788,1737.6917247520628
7789,1737.6917247520628
7790,1737.6917247520628
7791,1737.6917247520628
7792,1737.6917247520628
7793,1737.6917247520628
7794,1737.6917247520628
7795,1737.6917247520628
7796,1737.6917247520628
7797,1737.6917247520628
7798,1737.6917247520628
7799,1737.6917247520628
7800,1737.6917247520628
7801,1737.6917247520628
7802,1737.6917247520628
7803,1737.6917247520628
7804,1737.6917247520628
7805,1737.6917247520628
7806,1737.6917247520628
7807,1737.6917247520628
7808,1737.6917247520628
7809,1737.6917247520628
7810,1737.6917247520628
7811,1737.6917247520628
7812,1737.6917247520628
7813,1737.6917247520628
7814,1737.6917247520628
7815,1737.6917247520628
7816,1737.6917247520628
7817,1737.6917247520628
7818,1737.6917247520628
7819,1737.6917247520628
7820,1737.6917247520628
7821,1737.6917247520628
7822,1737.6917247520628
7823,1737.6917247520628
7824,1737.6917247520628
7825,1737.6917247520628
7826,1737.6917247520628
7827,1737.6917247520628
7828,1737.6917247520628
7829,1737.6917247520628
7830,1737.6917247520628
7831,1737.6917247520628
7832,1737.6917247520628
7833,1737.6917247520628
7834,1737.6917247520628
7835,1737.6917247520628
7836,1737.6917247520628
7837,1737.6917247520628
7838,1737.6917247520628
7839,1737.6917247520628
7840,1737.6917247520628
7841,1737.6917247520628
7842,1737.6917247520628
7843,1737.6917247520628
7844,1737.6917247520628
7845,1737.6917247520628
7846,1737.6917247520628
7847,1737.6917247520628
7848,1737.6917247520628
7849,1737.6917247520628
7850,1737.6917247520628
7851,1737.6917247520628
7852,1737.6917247520628
7853,1737.6917247520628
7854,1737.6917247520628
7855,1737.6917247520628
7856,1737.6917247520628
7857,1737.6917247520628
7858,1737.6917247520628
7859,1737.6917247520628
7860,1737.6917247520628
7861,1737.6917247520628
7862,1737.6917247520628
7863,1737.6917247520628
7864,1737.6917247520628
7865,1737.6917247520628
7866,1737.6917247520628
7867,1737.6917247520628
7868,1737.6917247520628
7869,1737.6917247520628
7870,1737.6917247520628
7871,1737.6917247520628
7872,1737.6917247520628
7873,1737.6917247520628
7874,1737.6917247520628
7875,1737.6917247520628
7876,1737.6917247520628
7877,1737.6917247520628
7878,1737.6917247520628
7879,1737.6917247520628
7880,1737.6917247520628
7881,1737.6917247520628
7882,1737.6917247520628
7883,1737.6917247520628
7884,1737.6917247520628
7885,1737.6917247520628
7886,1737.6917247520628
7887,1737.6917247520628
7888,1737.6917247520628
7889,1737.6917247520628
7890,1737.6917247520628
7891,1737.6917247520628
7892,1737.6917247520628
7893,1737.6917247520628
7894,1737.6917247520628
7895,1737.6917247520628
7896,1737.6917247520628
7897,1737.6917247520628
7898,1737.6917247520628
7899,1737.6917247520628
7900,1737.6917247520628
7901,1737.6917247520628
7902,1737.6917247520628
7903,1737.6917247520628
7904,1737.6917247520628
7905,1737.6917247520628
7906,1737.6917247520628
7907,1737.6917247520628
7908,1737.6917247520628
7909,1737.6917247520628
7910,1737.6917247520628
7911,1737.6917247520628
7912,1737.6917247520628
7913,1737.6917247520628
7914,1737.6917247520628
7915,1737.6917247520628
7916,1737.6917247520628
7917,1737.6917247520628
7918,1737.6917247520628
7919,1737.6917247520628
7920,1737.6917247520628
7921,1737.6917247520628
7922,1737.6917247520628
7923,1737.6917247520628
7924,1737.6917247520628
7925,1737.6917247520628
7926,1737.6917247520628
7927,1737.6917247520628
7928,1737.6917247520628
7929,1737.6917247520628
7930,1737.6917247520628
7931,1737.6917247520628
7932,1737.6917247520628
7933,1737.6917247520628
7934,1737.6917247520628
7935,1737.6917247520628
7936,1737.6917247520628
7937,1737.6917247520628
7938,1737.6917247520628
7939,1737.6917247520628
7940,1737.6917247520628
7941,1737.6917247520628
7942,1737.6917247520628
7943,1737.6917247520628
7944,1737.6917247520628
7945,1737.6917247520628
7946,1737.6917247520628
7947,1737.6917247520628
7948,1737.6917247520628
7949,1737.6917247520628
7950,1737.6917247520628
7951,1737.6917247520628
7952,1737.6917247520628
7953,1737.6917247520628
7954,1737.6917247520628
7955,1737.6917247520628
7956,1737.6917247520628
7957,1737.6917247520628
7958,1737.6917247520628
7959,1737.6917247520628
7960,1737.6917247520628
7961,1737.6917247520628
7962,1737.6917247520628
7963,1737.6917247520628
7964,1737.6917247520628
7965,1737.6917247520628
7966,1737.6917247520628
7967,1737.6917247520628
7968,1737.6917247520628
7969,1737.6917247520628
7970,1737.6917247520628
7971,1737.6917247520628
7972,1737.6917247520628
7973,1737.6917247520628
7974,1737.6917247520628
7975,1737.6917247520628
7976,1737.6917247520628
7977,1737.6917247520628
7978,1737.6917247520628
7979,1737.6917247520628
7980,1737.6917247520628
7981,1737.6917247520628
7982,1737.6917247520628
7983,1737.6917247520628
7984,1737.6917247520628
7985,1737.6917247520628
7986,1737.6917247520628
7987,1737.6917247520628
7988,1737.6917247520628
7989,1737.6917247520628
7990,1737.6917247520628
7991,1737.6917247520628
7992,1737.6917247520628
7993,1737.6917247520628
7994,1737.6917247520628
7995,1737.6917247520628
7996,1737.6917247520628
7997,1737.6917247520628
7998,1737.6917247520628
7999,1737.6917247520628
8000,1737.6917247520628
8001,1737.6917247520628
8002,1737.6917247520628
8003,1737.6917247520628
8004,1737.6917247520628
8005,1737.6917247520628
8006,1737.6917247520628
8007,1737.6917247520628
8008,1737.6917247520628
8009,1737.6917247520628
8010,1737.6917247520628
8011,1737.6917247520628
8012,1737.6917247520628
8013,1737.6917247520628
8014,1737.6917247520628
8015,1737.6917247520628
8016,1737.6917247520628
8017,1737.6917247520628
8018,1737.6917247520628
8019,1737.6917247520628
8020,1737.6917247520628
8021,1737.6917247520628
8022,1737.6917247520628
8023,1737.6917247520628
8024,1737.6917247520628
8025,1737.6917247520628
8026,1737.6917247520628
8027,1737.6917247520628
8028,1737.6917247520628
8029,1737.6917247520628
8030,1737.6917247520628
8031,1737.6917247520628
8032,1737.6917247520628
8033,1737.6917247520628
8034,1737.6917247520628
8035,1737.6917247520628
8036,1737.6917247520628
8037,1737.6917247520628
8038,1737.6917247520628
8039,1737.6917247520628
8040,1737.6917247520628
8041,1737.6917247520628
8042,1737.6917247520628
8043,1737.6917247520628
8044,1737.6917247520628
8045,1737.6917247520628
8046,1737.6917247520628
8047,1737.6917247520628
8048,1737.6917247520628
8049,1737.6917247520628
8050,1737.6917247520628
8051,1737.6917247520628
8052,1737.6917247520628
8053,1737.6917247520628
8054,1737.6917247520628
8055,1737.6917247520628
8056,1737.6917247520628
8057,1737.6917247520628
8058,1737.6917247520628
8059,1737.6917247520628
8060,1737.6917247520628
8061,1737.6917247520628
8062,1737.6917247520628
8063,1737.6917247520628
8064,1737.6917247520628
8065,1737.6917247520628
8066,1737.6917247520628
8067,1737.6917247520628
8068,1737.6917247520628
8069,1737.6917247520628
8070,1737.6917247520628
8071,1737.6917247520628
8072,1737.6917247520628
8073,1737.6917247520628
8074,1737.6917247520628
8075,1737.6917247520628
8076,1737.6917247520628
8077,1737.6917247520628
8078,1737.6917247520628
8079,1737.6917247520628
8080,1737.6917247520628
8081,1737.6917247520628
8082,1737.6917247520628
8083,1737.6917247520628
8084,1737.6917247520628
8085,1737.6917247520628
8086,1737.6917247520628
8087,1737.6917247520628
8088,1737.6917247520628
8089,1737.6917247520628
8090,1737.6917247520628
8091,1737.6917247520628
8092,1737.6917247520628
8093,1737.6917247520628
8094,1737.6917247520628
8095,1737.6917247520628
8096,1737.6917247520628
8097,1737.6917247520628
8098,1737.6917247520628
8099,1737.6917247520628
8100,1737.6917247520628
8101,1737.6917247520628
8102,1737.6917247520628
8103,1737.6917247520628
8104,1737.6917247520628
8105,1737.6917247520628
8106,1737.6917247520628
8107,1737.6917247520628
8108,1737.6917247520628
8109,1737.6917247520628
8110,1737.6917247520628
8111,1737.6917247520628
8112,1737.6917247520628
8113,1737.6917247520628
8114,1737.6917247520628
8115,1737.6917247520628
8116,1737.6917247520628
8117,1737.6917247520628
8118,1737.6917247520628
8119,1737.6917247520628
8120,1737.6917247520628
8121,1737.6917247520628
8122,1737.6917247520628
8123,1737.6917247520628
8124,1737.6917247520628
8125,1737.6917247520628
8126,1737.6917247520628
8127,1737.6917247520628
8128,1737.6917247520628
8129,1737.6917247520628
8130,1737.6917247520628
8131,1737.6917247520628
8132,1737.6917247520628
8133,1737.6917247520628
8134,1737.6917247520628
8135,1737.6917247520628
8136,1737.6917247520628
8137,1737.6917247520628
8138,1737.6917247520628
8139,1737.6917247520628
8140,1737.6917247520628
8141,1737.6917247520628
8142,1737.6917247520628
8143,1737.6917247520628
8144,1737.6917247520628
8145,1737.6917247520628
8146,1737.6917247520628
8147,1737.6917247520628
8148,1737.6917247520628
8149,1737.6917247520628
8150,1737.6917247520628
8151,1737.6917247520628
8152,1737.6917247520628
8153,1737.6917247520628
8154,1737.6917247520628
8155,1737.6917247520628
8156,1737.6917247520628
8157,1737.6917247520628
8158,1737.6917247520628
8159,1737.6917247520628
8160,1737.6917247520628
8161,1737.6917247520628
8162,1737.6917247520628
8163,1737.6917247520628
8164,1737.6917247520628
8165,1737.6917247520628
8166,1737.6917247520628
8167,1737.6917247520628
8168,1737.6917247520628
8169,1737.6917247520628
8170,1737.6917247520628
8171,1737.6917247520628
8172,1737.6917247520628
8173,1737.6917247520628
8174,1737.6917247520628
8175,1737.6917247520628
8176,1737.6917247520628
8177,1737.6917247520628
8178,1737.6917247520628
8179,1737.6917247520628
8180,1737.6917247520628
8181,1737.6917247520628
8182,1737.6917247520628
8183,1737.6917247520628
8184,1737.6917247520628
8185,1737.6917247520628
8186,1737.6917247520628
8187,1737.6917247520628
8188,1737.6917247520628
8189,1737.6917247520628
8190,1737.6917247520628
8191,1737.6917247520628
8192,1737.6917247520628
8193,1737.6917247520628
8194,1737.6917247520628
8195,1737.6917247520628
8196,1737.6917247520628
8197,1737.6917247520628
8198,1737.6917247520628
8199,1737.6917247520628
8200,1737.6917247520628
8201,1737.6917247520628
8202,1737.6917247520628
8203,1737.6917247520628
8204,1737.6917247520628
8205,1737.6917247520628
8206,1737.6917247520628
8207,1737.6917247520628
8208,1737.6917247520628
8209,1737.6917247520628
8210,1737.6917247520628
8211,1737.6917247520628
8212,1737.6917247520628
8213,1737.6917247520628
8214,1737.6917247520628
8215,1737.6917247520628
8216,1737.6917247520628
8217,1737.6917247520628
8218,1737.6917247520628
8219,1737.6917247520628
8220,1737.6917247520628
8221,1737.6917247520628
8222,1737.6917247520628
8223,1737.6917247520628
8224,1737.6917247520628
8225,1737.6917247520628
8226,1737.6917247520628
8227,1737.6917247520628
8228,1737.6917247520628
8229,1737.6917247520628
8230,1737.6917247520628
8231,1737.6917247520628
8232,1737.6917247520628
8233,1737.6917247520628
8234,1737.6917247520628
8235,1737.6917247520628
8236,1737.6917247520628
8237,1737.6917247520628
8238,1737.6917247520628
8239,1737.6917247520628
8240,1737.6917247520628
8241,1737.6917247520628
8242,1737.6917247520628
8243,1737.6917247520628
8244,1737.6917247520628
8245,1737.6917247520628
8246,1737.6917247520628
8247,1737.6917247520628
8248,1737.6917247520628
8249,1737.6917247520628
8250,1737.6917247520628
8251,1737.6917247520628
8252,1737.6917247520628
8253,1737.6917247520628
8254,1737.6917247520628
8255,1737.6917247520628
8256,1737.6917247520628
8257,1737.6917247520628
8258,1737.6917247520628
8259,1737.6917247520628
8260,1737.6917247520628
8261,1737.6917247520628
8262,1737.6917247520628
8263,1737.6917247520628
8264,1737.6917247520628
8265,1737.6917247520628
8266,1737.6917247520628
8267,1737.6917247520628
8268,1737.6917247520628
8269,1737.6917247520628
8270,1737.6917247520628
8271,1737.6917247520628
8272,1737.6917247520628
8273,1737.6917247520628
8274,1737.6917247520628
8275,1737.6917247520628
8276,1737.6917247520628
8277,1737.6917247520628
8278,1737.6917247520628
8279,1737.6917247520628
8280,1737.6917247520628
8281,1737.6917247520628
8282,1737.6917247520628
8283,1737.6917247520628
8284,1737.6917247520628
8285,1737.6917247520628
8286,1737.6917247520628
8287,1737.6917247520628
8288,1737.6917247520628
8289,1737.6917247520628
8290,1737.6917247520628
8291,1737.6917247520628
8292,1737.6917247520628
8293,1737.6917247520628
8294,1737.6917247520628
8295,1737.6917247520628
8296,1737.6917247520628
8297,1737.6917247520628
8298,1737.6917247520628
8299,1737.6917247520628
8300,1737.6917247520628
8301,1737.6917247520628
8302,1737.6917247520628
8303,1737.6917247520628
8304,1737.6917247520628
8305,1737.6917247520628
8306,1737.6917247520628
8307,1737.6917247520628
8308,1737.6917247520628
8309,1737.6917247520628
8310,1737.6917247520628
8311,1737.6917247520628
8312,1737.6917247520628
8313,1737.6917247520628
8314,1737.6917247520628
8315,1737.6917247520628
8316,1737.6917247520628
8317,1737.6917247520628
8318,1737.6917247520628
8319,1737.6917247520628
8320,1737.6917247520628
8321,1737.6917247520628
8322,1737.6917247520628
8323,1737.6917247520628
8324,1737.6917247520628
8325,1737.6917247520628
8326,1737.6917247520628
8327,1737.6917247520628
8328,1737.6917247520628
8329,1737.6917247520628
8330,1737.6917247520628
8331,1737.6917247520628
8332,1737.6917247520628
8333,1737.6917247520628
8334,1737.6917247520628
8335,1737.6917247520628
8336,1737.6917247520628
8337,1737.6917247520628
8338,1737.6917247520628
8339,1737.6917247520628
8340,1737.6917247520628
8341,1737.6917247520628
8342,1737.6917247520628
8343,1737.6917247520628
8344,1737.6917247520628
8345,1737.6917247520628
8346,1737.6917247520628
8347,1737.6917247520628
8348,1737.6917247520628
8349,1737.6917247520628
8350,1737.6917247520628
8351,1737.6917247520628
8352,1737.6917247520628
8353,1737.6917247520628
8354,1737.6917247520628
8355,1737.6917247520628
8356,1737.6917247520628
8357,1737.6917247520628
8358,1737.6917247520628
8359,1737.6917247520628
8360,1737.6917247520628
8361,1737.6917247520628
8362,1737.6917247520628
8363,1737.6917247520628
8364,1737.6917247520628
8365,1737.6917247520628
8366,1737.6917247520628
8367,1737.6917247520628
8368,1737.6917247520628
8369,1737.6917247520628
8370,1737.6917247520628
8371,1737.6917247520628
8372,1737.6917247520628
8373,1737.6917247520628
8374,1737.6917247520628
8375,1737.6917247520628
8376,1737.6917247520628
8377,1737.6917247520628
8378,1737.6917247520628
8379,1737.6917247520628
8380,1737.6917247520628
8381,1737.6917247520628
8382,1737.6917247520628
8383,1737.6917247520628
8384,1737.6917247520628
8385,1737.6917247520628
8386,1737.6917247520628
8387,1737.6917247520628
8388,1737.6917247520628
8389,1737.6917247520628
8390,1737.6917247520628
8391,1737.6917247520628
8392,1737.6917247520628
8393,1737.6917247520628
8394,1737.6917247520628
8395,1737.6917247520628
8396,1737.6917247520628
8397,1737.6917247520628
8398,1737.6917247520628
8399,1737.6917247520628
8400,1737.6917247520628
8401,1737.6917247520628
8402,1737.6917247520628
8403,1737.6917247520628
8404,1737.6917247520628
8405,1737.6917247520628
8406,1737.6917247520628
8407,1737.6917247520628
8408,1737.6917247520628
8409,1737.6917247520628
8410,1737.6917247520628
8411,1737.6917247520628
8412,1737.6917247520628
8413,1737.6917247520628
8414,1737.6917247520628
8415,1737.6917247520628
8416,1737.6917247520628
8417,1737.6917247520628
8418,1737.6917247520628
8419,1737.6917247520628
8420,1737.6917247520628
8421,1737.6917247520628
8422,1737.6917247520628
8423,1737.6917247520628
8424,1737.6917247520628
8425,1737.6917247520628
8426,1737.6917247520628
8427,1737.6917247520628
8428,1737.6917247520628
8429,1737.6917247520628
8430,1737.6917247520628
8431,1737.6917247520628
8432,1737.6917247520628
8433,1737.6917247520628
8434,1737.6917247520628
8435,1737.6917247520628
8436,1737.6917247520628
8437,1737.6917247520628
8438,1737.6917247520628
8439,1737.6917247520628
8440,1737.6917247520628
8441,1737.6917247520628
8442,1737.6917247520628
8443,1737.6917247520628
8444,1737.6917247520628
8445,1737.6917247520628
8446,1737.6917247520628
8447,1737.6917247520628
8448,1737.6917247520628
8449,1737.6917247520628
8450,1737.6917247520628
8451,1737.6917247520628
8452,1737.6917247520628
8453,1737.6917247520628
8454,1737.6917247520628
8455,1737.6917247520628
8456,1737.6917247520628
8457,1737.6917247520628
8458,1737.6917247520628
8459,1737.6917247520628
8460,1737.6917247520628
8461,1737.6917247520628
8462,1737.6917247520628
8463,1737.6917247520628
8464,1737.6917247520628
8465,1737.6917247520628
8466,1737.6917247520628
8467,1737.6917247520628
8468,1737.6917247520628
8469,1737.6917247520628
8470,1737.6917247520628
8471,1737.6917247520628
8472,1737.6917247520628
8473,1737.6917247520628
8474,1737.6917247520628
8475,1737.6917247520628
8476,1737.6917247520628
8477,1737.6917247520628
8478,1737.6917247520628
8479,1737.6917247520628
8480,1737.6917247520628
8481,1737.6917247520628
8482,1737.6917247520628
8483,1737.6917247520628
8484,1737.6917247520628
8485,1737.6917247520628
8486,1737.6917247520628
8487,1737.6917247520628
8488,1737.6917247520628
8489,1737.6917247520628
8490,1737.6917247520628
8491,1737.6917247520628
8492,1737.6917247520628
8493,1737.6917247520628
8494,1737.6917247520628
8495,1737.6917247520628
8496,1737.6917247520628
8497,1737.6917247520628
8498,1737.6917247520628
8499,1737.6917247520628
8500,1737.6917247520628
8501,1737.6917247520628
8502,1737.6917247520628
8503,1737.6917247520628
8504,1737.6917247520628
8505,1737.6917247520628
8506,1737.6917247520628
8507,1737.6917247520628
8508,1737.6917247520628
8509,1737.6917247520628
8510,1737.6917247520628
8511,1737.6917247520628
8512,1737.6917247520628
8513,1737.6917247520628
8514,1737.6917247520628
8515,1737.6917247520628
8516,1737.6917247520628
8517,1737.6917247520628
8518,1737.6917247520628
8519,1737.6917247520628
8520,1737.6917247520628
8521,1737.6917247520628
8522,1737.6917247520628
8523,1737.6917247520628
8524,1737.6917247520628
8525,1737.6917247520628
8526,1737.6917247520628
8527,1737.6917247520628
8528,1737.6917247520628
8529,1737.6917247520628
8530,1737.6917247520628
8531,1737.6917247520628
8532,1737.6917247520628
8533,1737.6917247520628
8534,1737.6917247520628
8535,1737.6917247520628
8536,1737.6917247520628
8537,1737.6917247520628
8538,1737.6917247520628
8539,1737.6917247520628
8540,1737.6917247520628
8541,1737.6917247520628
8542,1737.6917247520628
8543,1737.6917247520628
8544,1737.6917247520628
8545,1737.6917247520628
8546,1737.6917247520628
8547,1737.6917247520628
8548,1737.6917247520628
8549,1737.6917247520628
8550,1737.6917247520628
8551,1737.6917247520628
8552,1737.6917247520628
8553,1737.6917247520628
8554,1737.6917247520628
8555,1737.6917247520628
8556,1737.6917247520628
8557,1737.6917247520628
8558,1737.6917247520628
8559,1737.6917247520628
8560,1737.6917247520628
8561,1737.6917247520628
8562,1737.6917247520628
8563,1737.6917247520628
8564,1737.6917247520628
8565,1737.6917247520628
8566,1737.6917247520628
8567,1737.6917247520628
8568,1737.6917247520628
8569,1737.6917247520628
8570,1737.6917247520628
8571,1737.6917247520628
8572,1737.6917247520628
8573,1737.6917247520628
8574,1737.6917247520628
8575,1737.6917247520628
8576,1737.6917247520628
8577,1737.6917247520628
8578,1737.6917247520628
8579,1737.6917247520628
8580,1737.6917247520628
8581,1737.6917247520628
8582,1737.6917247520628
8583,1737.6917247520628
8584,1737.6917247520628
8585,1737.6917247520628
8586,1737.6917247520628
8587,1737.6917247520628
8588,1737.6917247520628
8589,1737.6917247520628
8590,1737.6917247520628
8591,1737.6917247520628
8592,1737.6917247520628
8593,1737.6917247520628
8594,1737.6917247520628
8595,1737.6917247520628
8596,1737.6917247520628
8597,1737.6917247520628
8598,1737.6917247520628
8599,1737.6917247520628
8600,1737.6917247520628
8601,1737.6917247520628
8602,1737.6917247520628
8603,1737.6917247520628
8604,1737.6917247520628
8605,1737.6917247520628
8606,1737.6917247520628
8607,1737.6917247520628
8608,1737.6917247520628
8609,1737.6917247520628
8610,1737.6917247520628
8611,1737.6917247520628
8612,1737.6917247520628
8613,1737.6917247520628
8614,1737.6917247520628
8615,1737.6917247520628
8616,1737.6917247520628
8617,1737.6917247520628
8618,1737.6917247520628
8619,1737.6917247520628
8620,1737.6917247520628
8621,1737.6917247520628
8622,1737.6917247520628
8623,1737.6917247520628
8624,1737.6917247520628
8625,1737.6917247520628
8626,1737.6917247520628
8627,1737.6917247520628
8628,1737.6917247520628
8629,1737.6917247520628
8630,1737.6917247520628
8631,1737.6917247520628
8632,1737.6917247520628
8633,1737.6917247520628
8634,1737.6917247520628
8635,1737.6917247520628
8636,1737.6917247520628
8637,1737.6917247520628
8638,1737.6917247520628
8639,1737.6917247520628
8640,1737.6917247520628
8641,1737.6917247520628
8642,1737.6917247520628
8643,1737.6917247520628
8644,1737.6917247520628
8645,1737.6917247520628
8646,1737.6917247520628
8647,1737.6917247520628
8648,1737.6917247520628
8649,1737.6917247520628
8650,1737.6917247520628
8651,1737.6917247520628
8652,1737.6917247520628
8653,1737.6917247520628
8654,1737.6917247520628
8655,1737.6917247520628
8656,1737.6917247520628
8657,1737.6917247520628
8658,1737.6917247520628
8659,1737.6917247520628
8660,1737.6917247520628
8661,1737.6917247520628
8662,1737.6917247520628
8663,1737.6917247520628
8664,1737.6917247520628
8665,1737.6917247520628
8666,1737.6917247520628
8667,1737.6917247520628
8668,1737.6917247520628
8669,1737.6917247520628
8670,1737.6917247520628
8671,1737.6917247520628
8672,1737.6917247520628
8673,1737.6917247520628
8674,1737.6917247520628
8675,1737.6917247520628
8676,1737.6917247520628
8677,1737.6917247520628
8678,1737.6917247520628
8679,1737.6917247520628
8680,1737.6917247520628
8681,1737.6917247520628
8682,1737.6917247520628
8683,1737.6917247520628
8684,1737.6917247520628
8685,1737.6917247520628
8686,1737.6917247520628
8687,1737.6917247520628
8688,1737.6917247520628
8689,1737.6917247520628
8690,1737.6917247520628
8691,1737.6917247520628
8692,1737.6917247520628
8693,1737.6917247520628
8694,1737.6917247520628
8695,1737.6917247520628
8696,1737.6917247520628
8697,1737.6917247520628
8698,1737.6917247520628
8699,1737.6917247520628
8700,1737.6917247520628
8701,1737.6917247520628
8702,1737.6917247520628
8703,1737.6917247520628
8704,1737.6917247520628
8705,1737.6917247520628
8706,1737.6917247520628
8707,1737.6917247520628
8708,1737.6917247520628
8709,1737.6917247520628
8710,1737.6917247520628
8711,1737.6917247520628
8712,1737.6917247520628
8713,1737.6917247520628
8714,1737.6917247520628
8715,1737.6917247520628
8716,1737.6917247520628
8717,1737.6917247520628
8718,1737.6917247520628
8719,1737.6917247520628
8720,1737.6917247520628
8721,1737.6917247520628
8722,1737.6917247520628
8723,1737.6917247520628
8724,1737.6917247520628
8725,1737.6917247520628
8726,1737.6917247520628
8727,1737.6917247520628
8728,1737.6917247520628
8729,1737.6917247520628
8730,1737.6917247520628
8731,1737.6917247520628
8732,1737.6917247520628
8733,1737.6917247520628
8734,1737.6917247520628
8735,1737.6917247520628
8736,1737.6917247520628
8737,1737.6917247520628
8738,1737.6917247520628
8739,1737.6917247520628
8740,1737.6917247520628
8741,1737.6917247520628
8742,1737.6917247520628
8743,1737.6917247520628
8744,1737.6917247520628
8745,1737.6917247520628
8746,1737.6917247520628
8747,1737.6917247520628
8748,1737.6917247520628
8749,1737.6917247520628
8750,1737.6917247520628
8751,1737.6917247520628
8752,1737.6917247520628
8753,1737.6917247520628
8754,1737.6917247520628
8755,1737.6917247520628
8756,1737.6917247520628
8757,1737.6917247520628
8758,1737.6917247520628
8759,1737.6917247520628
8760,1737.6917247520628
8761,1737.6917247520628
8762,1737.6917247520628
8763,1737.6917247520628
8764,1737.6917247520628
8765,1737.6917247520628
8766,1737.6917247520628
8767,1737.6917247520628
8768,1737.6917247520628
8769,1737.6917247520628
8770,1737.6917247520628
8771,1737.6917247520628
8772,1737.6917247520628
8773,1737.6917247520628
8774,1737.6917247520628
8775,1737.6917247520628
8776,1737.6917247520628
8777,1737.6917247520628
8778,1737.6917247520628
8779,1737.6917247520628
8780,1737.6917247520628
8781,1737.6917247520628
8782,1737.6917247520628
8783,1737.6917247520628
8784,1737.6917247520628
8785,1737.6917247520628
8786,1737.6917247520628
8787,1737.6917247520628
8788,1737.6917247520628
8789,1737.6917247520628
8790,1737.6917247520628
8791,1737.6917247520628
8792,1737.6917247520628
8793,1737.6917247520628
8794,1737.6917247520628
8795,1737.6917247520628
8796,1737.6917247520628
8797,1737.6917247520628
8798,1737.6917247520628
8799,1737.6917247520628
8800,1737.6917247520628
8801,1737.6917247520628
8802,1737.6917247520628
8803,1737.6917247520628
8804,1737.6917247520628
8805,1737.6917247520628
8806,1737.6917247520628
8807,1737.6917247520628
8808,1737.6917247520628
8809,1737.6917247520628
8810,1737.6917247520628
8811,1737.6917247520628
8812,1737.6917247520628
8813,1737.6917247520628
8814,1737.6917247520628
8815,1737.6917247520628
8816,1737.6917247520628
8817,1737.6917247520628
8818,1737.6917247520628
8819,1737.6917247520628
8820,1737.6917247520628
8821,1737.6917247520628
8822,1737.6917247520628
8823,1737.6917247520628
8824,1737.6917247520628
8825,1737.6917247520628
8826,1737.6917247520628
8827,1737.6917247520628
8828,1737.6917247520628
8829,1737.6917247520628
8830,1737.6917247520628
8831,1737.6917247520628
8832,1737.6917247520628
8833,1737.6917247520628
8834,1737.6917247520628
8835,1737.6917247520628
8836,1737.6917247520628
8837,1737.6917247520628
8838,1737.6917247520628
8839,1737.6917247520628
8840,1737.6917247520628
8841,1737.6917247520628
8842,1737.6917247520628
8843,1737.6917247520628
8844,1737.6917247520628
8845,1737.6917247520628
8846,1737.6917247520628
8847,1737.6917247520628
8848,1737.6917247520628
8849,1737.6917247520628
8850,1737.6917247520628
8851,1737.6917247520628
8852,1737.6917247520628
8853,1737.6917247520628
8854,1737.6917247520628
8855,1737.6917247520628
8856,1737.6917247520628
8857,1737.6917247520628
8858,1737.6917247520628
8859,1737.6917247520628
8860,1737.6917247520628
8861,1737.6917247520628
8862,1737.6917247520628
8863,1737.6917247520628
8864,1737.6917247520628
8865,1737.6917247520628
8866,1737.6917247520628
8867,1737.6917247520628
8868,1737.6917247520628
8869,1737.6917247520628
8870,1737.6917247520628
8871,1737.6917247520628
8872,1737.6917247520628
8873,1737.6917247520628
8874,1737.6917247520628
8875,1737.6917247520628
8876,1737.6917247520628
8877,1737.6917247520628
8878,1737.6917247520628
8879,1737.6917247520628
8880,1737.6917247520628
8881,1737.6917247520628
8882,1737.6917247520628
8883,1737.6917247520628
8884,1737.6917247520628
8885,1737.6917247520628
8886,1737.6917247520628
8887,1737.6917247520628
8888,1737.6917247520628
8889,1737.6917247520628
8890,1737.6917247520628
8891,1737.6917247520628
8892,1737.6917247520628
8893,1737.6917247520628
8894,1737.6917247520628
8895,1737.6917247520628
8896,1737.6917247520628
8897,1737.6917247520628
8898,1737.6917247520628
8899,1737.6917247520628
8900,1737.6917247520628
8901,1737.6917247520628
8902,1737.6917247520628
8903,1737.6917247520628
8904,1737.6917247520628
8905,1737.6917247520628
8906,1737.6917247520628
8907,1737.6917247520628
8908,1737.6917247520628
8909,1737.6917247520628
8910,1737.6917247520628
8911,1737.6917247520628
8912,1737.6917247520628
8913,1737.6917247520628
8914,1737.6917247520628
8915,1737.6917247520628
8916,1737.6917247520628
8917,1737.6917247520628
8918,1737.6917247520628
8919,1737.6917247520628
8920,1737.6917247520628
8921,1737.6917247520628
8922,1737.6917247520628
8923,1737.6917247520628
8924,1737.6917247520628
8925,1737.6917247520628
8926,1737.6917247520628
8927,1737.6917247520628
8928,1737.6917247520628
8929,1737.6917247520628
8930,1737.6917247520628
8931,1737.6917247520628
8932,1737.6917247520628
8933,1737.6917247520628
8934,1737.6917247520628
8935,1737.6917247520628
8936,1737.6917247520628
8937,1737.6917247520628
8938,1737.6917247520628
8939,1737.6917247520628
8940,1737.6917247520628
8941,1737.6917247520628
8942,1737.6917247520628
8943,1737.6917247520628
8944,1737.6917247520628
8945,1737.6917247520628
8946,1737.6917247520628
8947,1737.6917247520628
8948,1737.6917247520628
8949,1737.6917247520628
8950,1737.6917247520628
8951,1737.6917247520628
8952,1737.6917247520628
8953,1737.6917247520628
8954,1737.6917247520628
8955,1737.6917247520628
8956,1737.6917247520628
8957,1737.6917247520628
8958,1737.6917247520628
8959,1737.6917247520628
8960,1737.6917247520628
8961,1737.6917247520628
8962,1737.6917247520628
8963,1737.6917247520628
8964,1737.6917247520628
8965,1737.6917247520628
8966,1737.6917247520628
8967,1737.6917247520628
8968,1737.6917247520628
8969,1737.6917247520628
8970,1737.6917247520628
8971,1737.6917247520628
8972,1737.6917247520628
8973,1737.6917247520628
8974,1737.6917247520628
8975,1737.6917247520628
8976,1737.6917247520628
8977,1737.6917247520628
8978,1737.6917247520628
8979,1737.6917247520628
8980,1737.6917247520628
8981,1737.6917247520628
8982,1737.6917247520628
8983,1737.6917247520628
8984,1737.6917247520628
8985,1737.6917247520628
8986,1737.6917247520628
8987,1737.6917247520628
8988,1737.6917247520628
8989,1737.6917247520628
8990,1737.6917247520628
8991,1737.6917247520628
8992,1737.6917247520628
8993,1737.6917247520628
8994,1737.6917247520628
8995,1737.6917247520628
8996,1737.6917247520628
8997,1737.6917247520628
8998,1737.6917247520628
8999,1737.6917247520628
9000,1737.6917247520628
9001,1737.6917247520628
9002,1737.6917247520628
9003,1737.6917247520628
9004,1737.6917247520628
9005,1737.6917247520628
9006,1737.6917247520628
9007,1737.6917247520628
9008,1737.6917247520628
9009,1737.6917247520628
9010,1737.6917247520628
9011,1737.6917247520628
9012,1737.6917247520628
9013,1737.6917247520628
9014,1737.6917247520628
9015,1737.6917247520628
9016,1737.6917247520628
9017,1737.6917247520628
9018,1737.6917247520628
9019,1737.6917247520628
9020,1737.6917247520628
9021,1737.6917247520628
9022,1737.6917247520628
9023,1737.6917247520628
9024,1737.6917247520628
9025,1737.6917247520628
9026,1737.6917247520628
9027,1737.6917247520628
9028,1737.6917247520628
9029,1737.6917247520628
9030,1737.6917247520628
9031,1737.6917247520628
9032,1737.6917247520628
9033,1737.6917247520628
9034,1737.6917247520628
9035,1737.6917247520628
9036,1737.6917247520628
9037,1737.6917247520628
9038,1737.6917247520628
9039,1737.6917247520628
9040,1737.6917247520628
9041,1737.6917247520628
9042,1737.6917247520628
9043,1737.6917247520628
9044,1737.6917247520628
9045,1737.6917247520628
9046,1737.6917247520628
9047,1737.6917247520628
9048,1737.6917247520628
9049,1737.6917247520628
9050,1737.6917247520628
9051,1737.6917247520628
9052,1737.6917247520628
9053,1737.6917247520628
9054,1737.6917247520628
9055,1737.6917247520628
9056,1737.6917247520628
9057,1737.6917247520628
9058,1737.6917247520628
9059,1737.6917247520628
9060,1737.6917247520628
9061,1737.6917247520628
9062,1737.6917247520628
9063,1737.6917247520628
9064,1737.6917247520628
9065,1737.6917247520628
9066,1737.6917247520628
9067,1737.6917247520628
9068,1737.6917247520628
9069,1737.6917247520628
9070,1737.6917247520628
9071,1737.6917247520628
9072,1737.6917247520628
9073,1737.6917247520628
9074,1737.6917247520628
9075,1737.6917247520628
9076,1737.6917247520628
9077,1737.6917247520628
9078,1737.6917247520628
9079,1737.6917247520628
9080,1737.6917247520628
9081,1737.6917247520628
9082,1737.6917247520628
9083,1737.6917247520628
9084,1737.6917247520628
9085,1737.6917247520628
9086,1737.6917247520628
9087,1737.6917247520628
9088,1737.6917247520628
9089,1737.6917247520628
9090,1737.6917247520628
9091,1737.6917247520628
9092,1737.6917247520628
9093,1737.6917247520628
9094,1737.6917247520628
9095,1737.6917247520628
9096,1737.6917247520628
9097,1737.6917247520628
9098,1737.6917247520628
9099,1737.6917247520628
9100,1737.6917247520628
9101,1737.6917247520628
9102,1737.6917247520628
9103,1737.6917247520628
9104,1737.6917247520628
9105,1737.6917247520628
9106,1737.6917247520628
9107,1737.6917247520628
9108,1737.6917247520628
9109,1737.6917247520628
9110,1737.6917247520628
9111,1737.6917247520628
9112,1737.6917247520628
9113,1737.6917247520628
9114,1737.6917247520628
9115,1737.6917247520628
9116,1737.6917247520628
9117,1737.6917247520628
9118,1737.6917247520628
9119,1737.6917247520628
9120,1737.6917247520628
9121,1737.6917247520628
9122,1737.6917247520628
9123,1737.6917247520628
9124,1737.6917247520628
9125,1737.6917247520628
9126,1737.6917247520628
9127,1737.6917247520628
9128,1737.6917247520628
9129,1737.6917247520628
9130,1737.6917247520628
9131,1737.6917247520628
9132,1737.6917247520628
9133,1737.6917247520628
9134,1737.6917247520628
9135,1737.6917247520628
9136,1737.6917247520628
9137,1737.6917247520628
9138,1737.6917247520628
9139,1737.6917247520628
9140,1737.6917247520628
9141,1737.6917247520628
9142,1737.6917247520628
9143,1737.6917247520628
9144,1737.6917247520628
9145,1737.6917247520628
9146,1737.6917247520628
9147,1737.6917247520628
9148,1737.6917247520628
9149,1737.6917247520628
9150,1737.6917247520628
9151,1737.6917247520628
9152,1737.6917247520628
9153,1737.6917247520628
9154,1737.6917247520628
9155,1737.6917247520628
9156,1737.6917247520628
9157,1737.6917247520628
9158,1737.6917247520628
9159,1737.6917247520628
9160,1737.6917247520628
9161,1737.6917247520628
9162,1737.6917247520628
9163,1737.6917247520628
9164,1737.6917247520628
9165,1737.6917247520628
9166,1737.6917247520628
9167,1737.6917247520628
9168,1737.6917247520628
9169,1737.6917247520628
9170,1737.6917247520628
9171,1737.6917247520628
9172,1737.6917247520628
9173,1737.6917247520628
9174,1737.6917247520628
9175,1737.6917247520628
9176,1737.6917247520628
9177,1737.6917247520628
9178,1737.6917247520628
9179,1737.6917247520628
9180,1737.6917247520628
9181,1737.6917247520628
9182,1737.6917247520628
9183,1737.6917247520628
9184,1737.6917247520628
9185,1737.6917247520628
9186,1737.6917247520628
9187,1737.6917247520628
9188,1737.6917247520628
9189,1737.6917247520628
9190,1737.6917247520628
9191,1737.6917247520628
9192,1737.6917247520628
9193,1737.6917247520628
9194,1737.6917247520628
9195,1737.6917247520628
9196,1737.6917247520628
9197,1737.6917247520628
9198,1737.6917247520628
9199,1737.6917247520628
9200,1737.6917247520628
9201,1737.6917247520628
9202,1737.6917247520628
9203,1737.6917247520628
9204,1737.6917247520628
9205,1737.6917247520628
9206,1737.6917247520628
9207,1737.6917247520628
9208,1737.6917247520628
9209,1737.6917247520628
9210,1737.6917247520628
9211,1737.6917247520628
9212,1737.6917247520628
9213,1737.6917247520628
9214,1737.6917247520628
9215,1737.6917247520628
9216,1737.6917247520628
9217,1737.6917247520628
9218,1737.6917247520628
9219,1737.6917247520628
9220,1737.6917247520628
9221,1737.6917247520628
9222,1737.6917247520628
9223,1737.6917247520628
9224,1737.6917247520628
9225,1737.6917247520628
9226,1737.6917247520628
9227,1737.6917247520628
9228,1737.6917247520628
9229,1737.6917247520628
9230,1737.6917247520628
9231,1737.6917247520628
9232,1737.6917247520628
9233,1737.6917247520628
9234,1737.6917247520628
9235,1737.6917247520628
9236,1737.6917247520628
9237,1737.6917247520628
9238,1737.6917247520628
9239,1737.6917247520628
9240,1737.6917247520628
9241,1737.6917247520628
9242,1737.6917247520628
9243,1737.6917247520628
9244,1737.6917247520628
9245,1737.6917247520628
9246,1737.6917247520628
9247,1737.6917247520628
9248,1737.6917247520628
9249,1737.6917247520628
9250,1737.6917247520628
9251,1737.6917247520628
9252,1737.6917247520628
9253,1737.6917247520628
9254,1737.6917247520628
9255,1737.6917247520628
9256,1737.6917247520628
9257,1737.6917247520628
9258,1737.6917247520628
9259,1737.6917247520628
9260,1737.6917247520628
9261,1737.6917247520628
9262,1737.6917247520628
9263,1737.6917247520628
9264,1737.6917247520628
9265,1737.6917247520628
9266,1737.6917247520628
9267,1737.6917247520628
9268,1737.6917247520628
9269,1737.6917247520628
9270,1737.6917247520628
9271,1737.6917247520628
9272,1737.6917247520628
9273,1737.6917247520628
9274,1737.6917247520628
9275,1737.6917247520628
9276,1737.6917247520628
9277,1737.6917247520628
9278,1737.6917247520628
9279,1737.6917247520628
9280,1737.6917247520628
9281,1737.6917247520628
9282,1737.6917247520628
9283,1737.6917247520628
9284,1737.6917247520628
9285,1737.6917247520628
9286,1737.6917247520628
9287,1737.6917247520628
9288,1737.6917247520628
9289,1737.6917247520628
9290,1737.6917247520628
9291,1737.6917247520628
9292,1737.6917247520628
9293,1737.6917247520628
9294,1737.6917247520628
9295,1737.6917247520628
9296,1737.6917247520628
9297,1737.6917247520628
9298,1737.6917247520628
9299,1737.6917247520628
9300,1737.6917247520628
9301,1737.6917247520628
9302,1737.6917247520628
9303,1737.6917247520628
9304,1737.6917247520628
9305,1737.6917247520628
9306,1737.6917247520628
9307,1737.6917247520628
9308,1737.6917247520628
9309,1737.6917247520628
9310,1737.6917247520628
9311,1737.6917247520628
9312,1737.6917247520628
9313,1737.6917247520628
9314,1737.6917247520628
9315,1737.6917247520628
9316,1737.6917247520628
9317,1737.6917247520628
9318,1737.6917247520628
9319,1737.6917247520628
9320,1737.6917247520628
9321,1737.6917247520628
9322,1737.6917247520628
9323,1737.6917247520628
9324,1737.6917247520628
9325,1737.6917247520628
9326,1737.6917247520628
9327,1737.6917247520628
9328,1737.6917247520628
9329,1737.6917247520628
9330,1737.6917247520628
9331,1737.6917247520628
9332,1737.6917247520628
9333,1737.6917247520628
9334,1737.6917247520628
9335,1737.6917247520628
9336,1737.6917247520628
9337,1737.6917247520628
9338,1737.6917247520628
9339,1737.6917247520628
9340,1737.6917247520628
9341,1737.6917247520628
9342,1737.6917247520628
9343,1737.6917247520628
9344,1737.6917247520628
9345,1737.6917247520628
9346,1737.6917247520628
9347,1737.6917247520628
9348,1737.6917247520628
9349,1737.6917247520628
9350,1737.6917247520628
9351,1737.6917247520628
9352,1737.6917247520628
9353,1737.6917247520628
9354,1737.6917247520628
9355,1737.6917247520628
9356,1737.6917247520628
9357,1737.6917247520628
9358,1737.6917247520628
9359,1737.6917247520628
9360,1737.6917247520628
9361,1737.6917247520628
9362,1737.6917247520628
9363,1737.6917247520628
9364,1737.6917247520628
9365,1737.6917247520628
9366,1737.6917247520628
9367,1737.6917247520628
9368,1737.6917247520628
9369,1737.6917247520628
9370,1737.6917247520628
9371,1737.6917247520628
9372,1737.6917247520628
9373,1737.6917247520628
9374,1737.6917247520628
9375,1737.6917247520628
9376,1737.6917247520628
9377,1737.6917247520628
9378,1737.6917247520628
9379,1737.6917247520628
9380,1737.6917247520628
9381,1737.6917247520628
9382,1737.6917247520628
9383,1737.6917247520628
9384,1737.6917247520628
9385,1737.6917247520628
9386,1737.6917247520628
9387,1737.6917247520628
9388,1737.6917247520628
9389,1737.6917247520628
9390,1737.6917247520628
9391,1737.6917247520628
9392,1737.6917247520628
9393,1737.6917247520628
9394,1737.6917247520628
9395,1737.6917247520628
9396,1737.6917247520628
9397,1737.6917247520628
9398,1737.6917247520628
9399,1737.6917247520628
9400,1737.6917247520628
9401,1737.6917247520628
9402,1737.6917247520628
9403,1737.6917247520628
9404,1737.6917247520628
9405,1737.6917247520628
9406,1737.6917247520628
9407,1737.6917247520628
9408,1737.6917247520628
9409,1737.6917247520628
9410,1737.6917247520628
9411,1737.6917247520628
9412,1737.6917247520628
9413,1737.6917247520628
9414,1737.6917247520628
9415,1737.6917247520628
9416,1737.6917247520628
9417,1737.6917247520628
9418,1737.6917247520628
9419,1737.6917247520628
9420,1737.6917247520628
9421,1737.6917247520628
9422,1737.6917247520628
9423,1737.6917247520628
9424,1737.6917247520628
9425,1737.6917247520628
9426,1737.6917247520628
9427,1737.6917247520628
9428,1737.6917247520628
9429,1737.6917247520628
9430,1737.6917247520628
9431,1737.6917247520628
9432,1737.6917247520628
9433,1737.6917247520628
9434,1737.6917247520628
9435,1737.6917247520628
9436,1737.6917247520628
9437,1737.6917247520628
9438,1737.6917247520628
9439,1737.6917247520628
9440,1737.6917247520628
9441,1737.6917247520628
9442,1737.6917247520628
9443,1737.6917247520628
9444,1737.6917247520628
9445,1737.6917247520628
9446,1737.6917247520628
9447,1737.6917247520628
9448,1737.6917247520628
9449,1737.6917247520628
9450,1737.6917247520628
9451,1737.6917247520628
9452,1737.6917247520628
9453,1737.6917247520628
9454,1737.6917247520628
9455,1737.6917247520628
9456,1737.6917247520628
9457,1737.6917247520628
9458,1737.6917247520628
9459,1737.6917247520628
9460,1737.6917247520628
9461,1737.6917247520628
9462,1737.6917247520628
9463,1737.6917247520628
9464,1737.6917247520628
9465,1737.6917247520628
9466,1737.6917247520628
9467,1737.6917247520628
9468,1737.6917247520628
9469,1737.6917247520628
9470,1737.6917247520628
9471,1737.6917247520628
9472,1737.6917247520628
9473,1737.6917247520628
9474,1737.6917247520628
9475,1737.6917247520628
9476,1737.6917247520628
9477,1737.6917247520628
9478,1737.6917247520628
9479,1737.6917247520628
9480,1737.6917247520628
9481,1737.6917247520628
9482,1737.6917247520628
9483,1737.6917247520628
9484,1737.6917247520628
9485,1737.6917247520628
9486,1737.6917247520628
9487,1737.6917247520628
9488,1737.6917247520628
9489,1737.6917247520628
9490,1737.6917247520628
9491,1737.6917247520628
9492,1737.6917247520628
9493,1737.6917247520628
9494,1737.6917247520628
9495,1737.6917247520628
9496,1737.6917247520628
9497,1737.6917247520628
9498,1737.6917247520628
9499,1737.6917247520628
9500,1737.6917247520628
9501,1737.6917247520628
9502,1737.6917247520628
9503,1737.6917247520628
9504,1737.6917247520628
9505,1737.6917247520628
9506,1737.6917247520628
9507,1737.6917247520628
9508,1737.6917247520628
9509,1737.6917247520628
9510,1737.6917247520628
9511,1737.6917247520628
9512,1737.6917247520628
9513,1737.6917247520628
9514,1737.6917247520628
9515,1737.6917247520628
9516,1737.6917247520628
9517,1737.6917247520628
9518,1737.6917247520628
9519,1737.6917247520628
9520,1737.6917247520628
9521,1737.6917247520628
9522,1737.6917247520628
9523,1737.6917247520628
9524,1737.6917247520628
9525,1737.6917247520628
9526,1737.6917247520628
9527,1737.6917247520628
9528,1737.6917247520628
9529,1737.6917247520628
9530,1737.6917247520628
9531,1737.6917247520628
9532,1737.6917247520628
9533,1737.6917247520628
9534,1737.6917247520628
9535,1737.6917247520628
9536,1737.6917247520628
9537,1737.6917247520628
9538,1737.6917247520628
9539,1737.6917247520628
9540,1737.6917247520628
9541,1737.6917247520628
9542,1737.6917247520628
9543,1737.6917247520628
9544,1737.6917247520628
9545,1737.6917247520628
9546,1737.6917247520628
9547,1737.6917247520628
9548,1737.6917247520628
9549,1737.6917247520628
9550,1737.6917247520628
9551,1737.6917247520628
9552,1737.6917247520628
9553,1737.6917247520628
9554,1737.6917247520628
9555,1737.6917247520628
9556,1737.6917247520628
9557,1737.6917247520628
9558,1737.6917247520628
9559,1737.6917247520628
9560,1737.6917247520628
9561,1737.6917247520628
9562,1737.6917247520628
9563,1737.6917247520628
9564,1737.6917247520628
9565,1737.6917247520628
9566,1737.6917247520628
9567,1737.6917247520628
9568,1737.6917247520628
9569,1737.6917247520628
9570,1737.6917247520628
9571,1737.6917247520628
9572,1737.6917247520628
9573,1737.6917247520628
9574,1737.6917247520628
9575,1737.6917247520628
9576,1737.6917247520628
9577,1737.6917247520628
9578,1737.6917247520628
9579,1737.6917247520628
9580,1737.6917247520628
9581,1737.6917247520628
9582,1737.6917247520628
9583,1737.6917247520628
9584,1737.6917247520628
9585,1737.6917247520628
9586,1737.6917247520628
9587,1737.6917247520628
9588,1737.6917247520628
9589,1737.6917247520628
9590,1737.6917247520628
9591,1737.6917247520628
9592,1737.6917247520628
9593,1737.6917247520628
9594,1737.6917247520628
9595,1737.6917247520628
9596,1737.6917247520628
9597,1737.6917247520628
9598,1737.6917247520628
9599,1737.6917247520628
9600,1737.6917247520628
9601,1737.6917247520628
9602,1737.6917247520628
9603,1737.6917247520628
9604,1737.6917247520628
9605,1737.6917247520628
9606,1737.6917247520628
9607,1737.6917247520628
9608,1737.6917247520628
9609,1737.6917247520628
9610,1737.6917247520628
9611,1737.6917247520628
9612,1737.6917247520628
9613,1737.6917247520628
9614,1737.6917247520628
9615,1737.6917247520628
9616,1737.6917247520628
9617,1737.6917247520628
9618,1737.6917247520628
9619,1737.6917247520628
9620,1737.6917247520628
9621,1737.6917247520628
9622,1737.6917247520628
9623,1737.6917247520628
9624,1737.6917247520628
9625,1737.6917247520628
9626,1737.6917247520628
9627,1737.6917247520628
9628,1737.6917247520628
9629,1737.6917247520628
9630,1737.6917247520628
9631,1737.6917247520628
9632,1737.6917247520628
9633,1737.6917247520628
9634,1737.6917247520628
9635,1737.6917247520628
9636,1737.6917247520628
9637,1737.6917247520628
9638,1737.6917247520628
9639,1737.6917247520628
9640,1737.6917247520628
9641,1737.6917247520628
9642,1737.6917247520628
9643,1737.6917247520628
9644,1737.6917247520628
9645,1737.6917247520628
9646,1737.6917247520628
9647,1737.6917247520628
9648,1737.6917247520628
9649,1737.6917247520628
9650,1737.6917247520628
9651,1737.6917247520628
9652,1737.6917247520628
9653,1737.6917247520628
9654,1737.6917247520628
9655,1737.6917247520628
9656,1737.6917247520628
9657,1737.6917247520628
9658,1737.6917247520628
9659,1737.6917247520628
9660,1737.6917247520628
9661,1737.6917247520628
9662,1737.6917247520628
9663,1737.6917247520628
9664,1737.6917247520628
9665,1737.6917247520628
9666,1737.6917247520628
9667,1737.6917247520628
9668,1737.6917247520628
9669,1737.6917247520628
9670,1737.6917247520628
9671,1737.6917247520628
9672,1737.6917247520628
9673,1737.6917247520628
9674,1737.6917247520628
9675,1737.6917247520628
9676,1737.6917247520628
9677,1737.6917247520628
9678,1737.6917247520628
9679,1737.6917247520628
9680,1737.6917247520628
9681,1737.6917247520628
9682,1737.6917247520628
9683,1737.6917247520628
9684,1737.6917247520628
9685,1737.6917247520628
9686,1737.6917247520628
9687,1737.6917247520628
9688,1737.6917247520628
9689,1737.6917247520628
9690,1737.6917247520628
9691,1737.6917247520628
9692,1737.6917247520628
9693,1737.6917247520628
9694,1737.6917247520628
9695,1737.6917247520628
9696,1737.6917247520628
9697,1737.6917247520628
9698,1737.6917247520628
9699,1737.6917247520628
9700,1737.6917247520628
9701,1737.6917247520628
9702,1737.6917247520628
9703,1737.6917247520628
9704,1737.6917247520628
9705,1737.6917247520628
9706,1737.6917247520628
9707,1737.6917247520628
9708,1737.6917247520628
9709,1737.6917247520628
9710,1737.6917247520628
9711,1737.6917247520628
9712,1737.6917247520628
9713,1737.6917247520628
9714,1737.6917247520628
9715,1737.6917247520628
9716,1737.6917247520628
9717,1737.6917247520628
9718,1737.6917247520628
9719,1737.6917247520628
9720,1737.6917247520628
9721,1737.6917247520628
9722,1737.6917247520628
9723,1737.6917247520628
9724,1737.6917247520628
9725,1737.6917247520628
9726,1737.6917247520628
9727,1737.6917247520628
9728,1737.6917247520628
9729,1737.6917247520628
9730,1737.6917247520628
9731,1737.6917247520628
9732,1737.6917247520628
9733,1737.6917247520628
9734,1737.6917247520628
9735,1737.6917247520628
9736,1737.6917247520628
9737,1737.6917247520628
9738,1737.6917247520628
9739,1737.6917247520628
9740,1737.6917247520628
9741,1737.6917247520628
9742,1737.6917247520628
9743,1737.6917247520628
9744,1737.6917247520628
9745,1737.6917247520628
9746,1737.6917247520628
9747,1737.6917247520628
9748,1737.6917247520628
9749,1737.6917247520628
9750,1737.6917247520628
9751,1737.6917247520628
9752,1737.6917247520628
9753,1737.6917247520628
9754,1737.6917247520628
9755,1737.6917247520628
9756,1737.6917247520628
9757,1737.6917247520628
9758,1737.6917247520628
9759,1737.6917247520628
9760,1737.6917247520628
9761,1737.6917247520628
9762,1737.6917247520628
9763,1737.6917247520628
9764,1737.6917247520628
9765,1737.6917247520628
9766,1737.6917247520628
9767,1737.6917247520628
9768,1737.6917247520628
9769,1737.6917247520628
9770,1737.6917247520628
9771,1737.6917247520628
9772,1737.6917247520628
9773,1737.6917247520628
9774,1737.6917247520628
9775,1737.6917247520628
9776,1737.6917247520628
9777,1737.6917247520628
9778,1737.6917247520628
9779,1737.6917247520628
9780,1737.6917247520628
9781,1737.6917247520628
9782,1737.6917247520628
9783,1737.6917247520628
9784,1737.6917247520628
9785,1737.6917247520628
9786,1737.6917247520628
9787,1737.6917247520628
9788,1737.6917247520628
9789,1737.6917247520628
9790,1737.6917247520628
9791,1737.6917247520628
9792,1737.6917247520628
9793,1737.6917247520628
9794,1737.6917247520628
9795,1737.6917247520628
9796,1737.6917247520628
9797,1737.6917247520628
9798,1737.6917247520628
9799,1737.6917247520628
9800,1737.6917247520628
9801,1737.6917247520628
9802,1737.6917247520628
9803,1737.6917247520628
9804,1737.6917247520628
9805,1737.6917247520628
9806,1737.6917247520628
9807,1737.6917247520628
9808,1737.6917247520628
9809,1737.6917247520628
9810,1737.6917247520628
9811,1737.6917247520628
9812,1737.6917247520628
9813,1737.6917247520628
9814,1737.6917247520628
9815,1737.6917247520628
9816,1737.6917247520628
9817,1737.6917247520628
9818,1737.6917247520628
9819,1737.6917247520628
9820,1737.6917247520628
9821,1737.6917247520628
9822,1737.6917247520628
9823,1737.6917247520628
9824,1737.6917247520628
9825,1737.6917247520628
9826,1737.6917247520628
9827,1737.6917247520628
9828,1737.6917247520628
9829,1737.6917247520628
9830,1737.6917247520628
9831,1737.6917247520628
9832,1737.6917247520628
9833,1737.6917247520628
9834,1737.6917247520628
9835,1737.6917247520628
9836,1737.6917247520628
9837,1737.6917247520628
9838,1737.6917247520628
9839,1737.6917247520628
9840,1737.6917247520628
9841,1737.6917247520628
9842,1737.6917247520628
9843,1737.6917247520628
9844,1737.6917247520628
9845,1737.6917247520628
9846,1737.6917247520628
9847,1737.6917247520628
9848,1737.6917247520628
9849,1737.6917247520628
9850,1737.6917247520628
9851,1737.6917247520628
9852,1737.6917247520628
9853,1737.6917247520628
9854,1737.6917247520628
9855,1737.6917247520628
9856,1737.6917247520628
9857,1737.6917247520628
9858,1737.6917247520628
9859,1737.6917247520628
9860,1737.6917247520628
9861,1737.6917247520628
9862,1737.6917247520628
9863,1737.6917247520628
9864,1737.6917247520628
9865,1737.6917247520628
9866,1737.6917247520628
9867,1737.6917247520628
9868,1737.6917247520628
9869,1737.6917247520628
9870,1737.6917247520628
9871,1737.6917247520628
9872,1737.6917247520628
9873,1737.6917247520628
9874,1737.6917247520628
9875,1737.6917247520628
9876,1737.6917247520628
9877,1737.6917247520628
9878,1737.6917247520628
9879,1737.6917247520628
9880,1737.6917247520628
9881,1737.6917247520628
9882,1737.6917247520628
9883,1737.6917247520628
9884,1737.6917247520628
9885,1737.6917247520628
9886,1737.6917247520628
9887,1737.6917247520628
9888,1737.6917247520628
9889,1737.6917247520628
9890,1737.6917247520628
9891,1737.6917247520628
9892,1737.6917247520628
9893,1737.6917247520628
9894,1737.6917247520628
9895,1737.6917247520628
9896,1737.6917247520628
9897,1737.6917247520628
9898,1737.6917247520628
9899,1737.6917247520628
9900,1737.6917247520628
9901,1737.6917247520628
9902,1737.6917247520628
9903,1737.6917247520628
9904,1737.6917247520628
9905,1737.6917247520628
9906,1737.6917247520628
9907,1737.6917247520628
9908,1737.6917247520628
9909,1737.6917247520628
9910,1737.6917247520628
9911,1737.6917247520628
9912,1737.6917247520628
9913,1737.6917247520628
9914,1737.6917247520628
9915,1737.6917247520628
9916,1737.6917247520628
9917,1737.6917247520628
9918,1737.6917247520628
9919,1737.6917247520628
9920,1737.6917247520628
9921,1737.6917247520628
9922,1737.6917247520628
9923,1737.6917247520628
9924,1737.6917247520628
9925,1737.6917247520628
9926,1737.6917247520628
9927,1737.6917247520628
9928,1737.6917247520628
9929,1737.6917247520628
9930,1737.6917247520628
9931,1737.6917247520628
9932,1737.6917247520628
9933,1737.6917247520628
9934,1737.6917247520628
9935,1737.6917247520628
9936,1737.6917247520628
9937,1737.6917247520628
9938,1737.6917247520628
9939,1737.6917247520628
9940,1737.6917247520628
9941,1737.6917247520628
9942,1737.6917247520628
9943,1737.6917247520628
9944,1737.6917247520628
9945,1737.6917247520628
9946,1737.6917247520628
9947,1737.6917247520628
9948,1737.6917247520628
9949,1737.6917247520628
9950,1737.6917247520628
9951,1737.6917247520628
9952,1737.6917247520628
9953,1737.6917247520628
9954,1737.6917247520628
9955,1737.6917247520628
9956,1737.6917247520628
9957,1737.6917247520628
9958,1737.6917247520628
9959,1737.6917247520628
9960,1737.6917247520628
9961,1737.6917247520628
9962,1737.6917247520628
9963,1737.6917247520628
9964,1737.6917247520628
9965,1737.6917247520628
9966,1737.6917247520628
9967,1737.6917247520628
9968,1737.6917247520628
9969,1737.6917247520628
9970,1737.6917247520628
9971,1737.6917247520628
9972,1737.6917247520628
9973,1737.6917247520628
9974,1737.6917247520628
9975,1737.6917247520628
9976,1737.6917247520628
9977,1737.6917247520628
9978,1737.6917247520628
9979,1737.6917247520628
9980,1737.6917247520628
9981,1737.6917247520628
9982,1737.6917247520628
9983,1737.6917247520628
9984,1737.6917247520628
9985,1737.6917247520628
9986,1737.6917247520628
9987,1737.6917247520628
9988,1737.6917247520628
9989,1737.6917247520628
9990,1737.6917247520628
9991,1737.6917247520628
9992,1737.6917247520628
9993,1737.6917247520628
9994,1737.6917247520628
9995,1737.6917247520628
9996,1737.6917247520628
9997,1737.6917247520628
9998,1737.6917247520628
9999,1737.6917247520628
10000,1737.6917247520628
10001,1737.6917247520628
10002,1737.6917247520628
10003,1737.6917247520628
10004,1737.6917247520628
10005,1737.6917247520628
10006,1737.6917247520628
10007,1737.6917247520628
10008,1737.6917247520628
10009,1737.6917247520628
10010,1737.6917247520628
10011,1737.6917247520628
10012,1737.6917247520628
10013,1737.6917247520628
10014,1737.6917247520628
10015,1737.6917247520628
10016,1737.6917247520628
10017,1737.6917247520628
10018,1737.6917247520628
10019,1737.6917247520628
10020,1737.6917247520628
10021,1737.6917247520628
10022,1737.6917247520628
10023,1737.6917247520628
10024,1737.6917247520628
10025,1737.6917247520628
10026,1737.6917247520628
10027,1737.6917247520628
10028,1737.6917247520628
10029,1737.6917247520628
10030,1737.6917247520628
10031,1737.6917247520628
10032,1737.6917247520628
10033,1737.6917247520628
10034,1737.6917247520628
10035,1737.6917247520628
10036,1737.6917247520628
10037,1737.6917247520628
10038,1737.6917247520628
10039,1737.6917247520628
10040,1737.6917247520628
10041,1737.6917247520628
10042,1737.6917247520628
10043,1737.6917247520628
10044,1737.6917247520628
10045,1737.6917247520628
10046,1737.6917247520628
10047,1737.6917247520628
10048,1737.6917247520628
10049,1737.6917247520628
10050,1737.6917247520628
10051,1737.6917247520628
10052,1737.6917247520628
10053,1737.6917247520628
10054,1737.6917247520628
10055,1737.6917247520628
10056,1737.6917247520628
10057,1737.6917247520628
10058,1737.6917247520628
10059,1737.6917247520628
10060,1737.6917247520628
10061,1737.6917247520628
10062,1737.6917247520628
10063,1737.6917247520628
10064,1737.6917247520628
10065,1737.6917247520628
10066,1737.6917247520628
10067,1737.6917247520628
10068,1737.6917247520628
10069,1737.6917247520628
10070,1737.6917247520628
10071,1737.6917247520628
10072,1737.6917247520628
10073,1737.6917247520628
10074,1737.6917247520628
10075,1737.6917247520628
10076,1737.6917247520628
10077,1737.6917247520628
10078,1737.6917247520628
10079,1737.6917247520628
10080,1737.6917247520628
10081,1737.6917247520628
10082,1737.6917247520628
10083,1737.6917247520628
10084,1737.6917247520628
10085,1737.6917247520628
10086,1737.6917247520628
10087,1737.6917247520628
10088,1737.6917247520628
10089,1737.6917247520628
10090,1737.6917247520628
10091,1737.6917247520628
10092,1737.6917247520628
10093,1737.6917247520628
10094,1737.6917247520628
10095,1737.6917247520628
10096,1737.6917247520628
10097,1737.6917247520628
10098,1737.6917247520628
10099,1737.6917247520628
10100,1737.6917247520628
10101,1737.6917247520628
10102,1737.6917247520628
10103,1737.6917247520628
10104,1737.6917247520628
10105,1737.6917247520628
10106,1737.6917247520628
10107,1737.6917247520628
10108,1737.6917247520628
10109,1737.6917247520628
10110,1737.6917247520628
10111,1737.6917247520628
10112,1737.6917247520628
10113,1737.6917247520628
10114,1737.6917247520628
10115,1737.6917247520628
10116,1737.6917247520628
10117,1737.6917247520628
10118,1737.6917247520628
10119,1737.6917247520628
10120,1737.6917247520628
10121,1737.6917247520628
10122,1737.6917247520628
10123,1737.6917247520628
10124,1737.6917247520628
10125,1737.6917247520628
10126,1737.6917247520628
10127,1737.6917247520628
10128,1737.6917247520628
10129,1737.6917247520628
10130,1737.6917247520628
10131,1737.6917247520628
10132,1737.6917247520628
10133,1737.6917247520628
10134,1737.6917247520628
10135,1737.6917247520628
10136,1737.6917247520628
10137,1737.6917247520628
10138,1737.6917247520628
10139,1737.6917247520628
10140,1737.6917247520628
10141,1737.6917247520628
10142,1737.6917247520628
10143,1737.6917247520628
10144,1737.6917247520628
10145,1737.6917247520628
10146,1737.6917247520628
10147,1737.6917247520628
10148,1737.6917247520628
10149,1737.6917247520628
10150,1737.6917247520628
10151,1737.6917247520628
10152,1737.6917247520628
10153,1737.6917247520628
10154,1737.6917247520628
10155,1737.6917247520628
10156,1737.6917247520628
10157,1737.6917247520628
10158,1737.6917247520628
10159,1737.6917247520628
10160,1737.6917247520628
10161,1737.6917247520628
10162,1737.6917247520628
10163,1737.6917247520628
10164,1737.6917247520628
10165,1737.6917247520628
10166,1737.6917247520628
10167,1737.6917247520628
10168,1737.6917247520628
10169,1737.6917247520628
10170,1737.6917247520628
10171,1737.6917247520628
10172,1737.6917247520628
10173,1737.6917247520628
10174,1737.6917247520628
10175,1737.6917247520628
10176,1737.6917247520628
10177,1737.6917247520628
10178,1737.6917247520628
10179,1737.6917247520628
10180,1737.6917247520628
10181,1737.6917247520628
10182,1737.6917247520628
10183,1737.6917247520628
10184,1737.6917247520628
10185,1737.6917247520628
10186,1737.6917247520628
10187,1737.6917247520628
10188,1737.6917247520628
10189,1737.6917247520628
10190,1737.6917247520628
10191,1737.6917247520628
10192,1737.6917247520628
10193,1737.6917247520628
10194,1737.6917247520628
10195,1737.6917247520628
10196,1737.6917247520628
10197,1737.6917247520628
10198,1737.6917247520628
10199,1737.6917247520628
10200,1737.6917247520628
10201,1737.6917247520628
10202,1737.6917247520628
10203,1737.6917247520628
10204,1737.6917247520628
10205,1737.6917247520628
10206,1737.6917247520628
10207,1737.6917247520628
10208,1737.6917247520628
10209,1737.6917247520628
10210,1737.6917247520628
10211,1737.6917247520628
10212,1737.6917247520628
10213,1737.6917247520628
10214,1737.6917247520628
10215,1737.6917247520628
10216,1737.6917247520628
10217,1737.6917247520628
10218,1737.6917247520628
10219,1737.6917247520628
10220,1737.6917247520628
10221,1737.6917247520628
10222,1737.6917247520628
10223,1737.6917247520628
10224,1737.6917247520628
10225,1737.6917247520628
10226,1737.6917247520628
10227,1737.6917247520628
10228,1737.6917247520628
10229,1737.6917247520628
10230,1737.6917247520628
10231,1737.6917247520628
10232,1737.6917247520628
10233,1737.6917247520628
10234,1737.6917247520628
10235,1737.6917247520628
10236,1737.6917247520628
10237,1737.6917247520628
10238,1737.6917247520628
10239,1737.6917247520628
10240,1737.6917247520628
10241,1737.6917247520628
10242,1737.6917247520628
10243,1737.6917247520628
10244,1737.6917247520628
10245,1737.6917247520628
10246,1737.6917247520628
10247,1737.6917247520628
10248,1737.6917247520628
10249,1737.6917247520628
10250,1737.6917247520628
10251,1737.6917247520628
10252,1737.6917247520628
10253,1737.6917247520628
10254,1737.6917247520628
10255,1737.6917247520628
10256,1737.6917247520628
10257,1737.6917247520628
10258,1737.6917247520628
10259,1737.6917247520628
10260,1737.6917247520628
10261,1737.6917247520628
10262,1737.6917247520628
10263,1737.6917247520628
10264,1737.6917247520628
10265,1737.6917247520628
10266,1737.6917247520628
10267,1737.6917247520628
10268,1737.6917247520628
10269,1737.6917247520628
10270,1737.6917247520628
10271,1737.6917247520628
10272,1737.6917247520628
10273,1737.6917247520628
10274,1737.6917247520628
10275,1737.6917247520628
10276,1737.6917247520628
10277,1737.6917247520628
10278,1737.6917247520628
10279,1737.6917247520628
10280,1737.6917247520628
10281,1737.6917247520628
10282,1737.6917247520628
10283,1737.6917247520628
10284,1737.6917247520628
10285,1737.6917247520628
10286,1737.6917247520628
10287,1737.6917247520628
10288,1737.6917247520628
10289,1737.6917247520628
10290,1737.6917247520628
10291,1737.6917247520628
10292,1737.6917247520628
10293,1737.6917247520628
10294,1737.6917247520628
10295,1737.6917247520628
10296,1737.6917247520628
10297,1737.6917247520628
10298,1737.6917247520628
10299,1737.6917247520628
10300,1737.6917247520628
10301,1737.6917247520628
10302,1737.6917247520628
10303,1737.6917247520628
10304,1737.6917247520628
10305,1737.6917247520628
10306,1737.6917247520628
10307,1737.6917247520628
10308,1737.6917247520628
10309,1737.6917247520628
10310,1737.6917247520628
10311,1737.6917247520628
10312,1737.6917247520628
10313,1737.6917247520628
10314,1737.6917247520628
10315,1737.6917247520628
10316,1737.6917247520628
10317,1737.6917247520628
10318,1737.6917247520628
10319,1737.6917247520628
10320,1737.6917247520628
10321,1737.6917247520628
10322,1737.6917247520628
10323,1737.6917247520628
10324,1737.6917247520628
10325,1737.6917247520628
10326,1737.6917247520628
10327,1737.6917247520628
10328,1737.6917247520628
10329,1737.6917247520628
10330,1737.6917247520628
10331,1737.6917247520628
10332,1737.6917247520628
10333,1737.6917247520628
10334,1737.6917247520628
10335,1737.6917247520628
10336,1737.6917247520628
10337,1737.6917247520628
10338,1737.6917247520628
10339,1737.6917247520628
10340,1737.6917247520628
10341,1737.6917247520628
10342,1737.6917247520628
10343,1737.6917247520628
10344,1737.6917247520628
10345,1737.6917247520628
10346,1737.6917247520628
10347,1737.6917247520628
10348,1737.6917247520628
10349,1737.6917247520628
10350,1737.6917247520628
10351,1737.6917247520628
10352,1737.6917247520628
10353,1737.6917247520628
10354,1737.6917247520628
10355,1737.6917247520628
10356,1737.6917247520628
10357,1737.6917247520628
10358,1737.6917247520628
10359,1737.6917247520628
10360,1737.6917247520628
10361,1737.6917247520628
10362,1737.6917247520628
10363,1737.6917247520628
10364,1737.6917247520628
10365,1737.6917247520628
10366,1737.6917247520628
10367,1737.6917247520628
10368,1737.6917247520628
10369,1737.6917247520628
10370,1737.6917247520628
10371,1737.6917247520628
10372,1737.6917247520628
10373,1737.6917247520628
10374,1737.6917247520628
10375,1737.6917247520628
10376,1737.6917247520628
10377,1737.6917247520628
10378,1737.6917247520628
10379,1737.6917247520628
10380,1737.6917247520628
10381,1737.6917247520628
10382,1737.6917247520628
10383,1737.6917247520628
10384,1737.6917247520628
10385,1737.6917247520628
10386,1737.6917247520628
10387,1737.6917247520628
10388,1737.6917247520628
10389,1737.6917247520628
10390,1737.6917247520628
10391,1737.6917247520628
10392,1737.6917247520628
10393,1737.6917247520628
10394,1737.6917247520628
10395,1737.6917247520628
10396,1737.6917247520628
10397,1737.6917247520628
10398,1737.6917247520628
10399,1737.6917247520628
10400,1737.6917247520628
10401,1737.6917247520628
10402,1737.6917247520628
10403,1737.6917247520628
10404,1737.6917247520628
10405,1737.6917247520628
10406,1737.6917247520628
10407,1737.6917247520628
10408,1737.6917247520628
10409,1737.6917247520628
10410,1737.6917247520628
10411,1737.6917247520628
10412,1737.6917247520628
10413,1737.6917247520628
10414,1737.6917247520628
10415,1737.6917247520628
10416,1737.6917247520628
10417,1737.6917247520628
10418,1737.6917247520628
10419,1737.6917247520628
10420,1737.6917247520628
10421,1737.6917247520628
10422,1737.6917247520628
10423,1737.6917247520628
10424,1737.6917247520628
10425,1737.6917247520628
10426,1737.6917247520628
10427,1737.6917247520628
10428,1737.6917247520628
10429,1737.6917247520628
10430,1737.6917247520628
10431,1737.6917247520628
10432,1737.6917247520628
10433,1737.6917247520628
10434,1737.6917247520628
10435,1737.6917247520628
10436,1737.6917247520628
10437,1737.6917247520628
10438,1737.6917247520628
10439,1737.6917247520628
10440,1737.6917247520628
10441,1737.6917247520628
10442,1737.6917247520628
10443,1737.6917247520628
10444,1737.6917247520628
10445,1737.6917247520628
10446,1737.6917247520628
10447,1737.6917247520628
10448,1737.6917247520628
10449,1737.6917247520628
10450,1737.6917247520628
10451,1737.6917247520628
10452,1737.6917247520628
10453,1737.6917247520628
10454,1737.6917247520628
10455,1737.6917247520628
10456,1737.6917247520628
10457,1737.6917247520628
10458,1737.6917247520628
10459,1737.6917247520628
10460,1737.6917247520628
10461,1737.6917247520628
10462,1737.6917247520628
10463,1737.6917247520628
10464,1737.6917247520628
10465,1737.6917247520628
10466,1737.6917247520628
10467,1737.6917247520628
10468,1737.6917247520628
10469,1737.6917247520628
10470,1737.6917247520628
10471,1737.6917247520628
10472,1737.6917247520628
10473,1737.6917247520628
10474,1737.6917247520628
10475,1737.6917247520628
10476,1737.6917247520628
10477,1737.6917247520628
10478,1737.6917247520628
10479,1737.6917247520628
10480,1737.6917247520628
10481,1737.6917247520628
10482,1737.6917247520628
10483,1737.6917247520628
10484,1737.6917247520628
10485,1737.6917247520628
10486,1737.6917247520628
10487,1737.6917247520628
10488,1737.6917247520628
10489,1737.6917247520628
10490,1737.6917247520628
10491,1737.6917247520628
10492,1737.6917247520628
10493,1737.6917247520628
10494,1737.6917247520628
10495,1737.6917247520628
10496,1737.6917247520628
10497,1737.6917247520628
10498,1737.6917247520628
10499,1737.6917247520628
10500,1737.6917247520628
10501,1737.6917247520628
10502,1737.6917247520628
10503,1737.6917247520628
10504,1737.6917247520628
10505,1737.6917247520628
10506,1737.6917247520628
10507,1737.6917247520628
10508,1737.6917247520628
10509,1737.6917247520628
10510,1737.6917247520628
10511,1737.6917247520628
10512,1737.6917247520628
10513,1737.6917247520628
10514,1737.6917247520628
10515,1737.6917247520628
10516,1737.6917247520628
10517,1737.6917247520628
10518,1737.6917247520628
10519,1737.6917247520628
10520,1737.6917247520628
10521,1737.6917247520628
10522,1737.6917247520628
10523,1737.6917247520628
10524,1737.6917247520628
10525,1737.6917247520628
10526,1737.6917247520628
10527,1737.6917247520628
10528,1737.6917247520628
10529,1737.6917247520628
10530,1737.6917247520628
10531,1737.6917247520628
10532,1737.6917247520628
10533,1737.6917247520628
10534,1737.6917247520628
10535,1737.6917247520628
10536,1737.6917247520628
10537,1737.6917247520628
10538,1737.6917247520628
10539,1737.6917247520628
10540,1737.6917247520628
10541,1737.6917247520628
10542,1737.6917247520628
10543,1737.6917247520628
10544,1737.6917247520628
10545,1737.6917247520628
10546,1737.6917247520628
10547,1737.6917247520628
10548,1737.6917247520628
10549,1737.6917247520628
10550,1737.6917247520628
10551,1737.6917247520628
10552,1737.6917247520628
10553,1737.6917247520628
10554,1737.6917247520628
10555,1737.6917247520628
10556,1737.6917247520628
10557,1737.6917247520628
10558,1737.6917247520628
10559,1737.6917247520628
10560,1737.6917247520628
10561,1737.6917247520628
10562,1737.6917247520628
10563,1737.6917247520628
10564,1737.6917247520628
10565,1737.6917247520628
10566,1737.6917247520628
10567,1737.6917247520628
10568,1737.6917247520628
10569,1737.6917247520628
10570,1737.6917247520628
10571,1737.6917247520628
10572,1737.6917247520628
10573,1737.6917247520628
10574,1737.6917247520628
10575,1737.6917247520628
10576,1737.6917247520628
10577,1737.6917247520628
10578,1737.6917247520628
10579,1737.6917247520628
10580,1737.6917247520628
10581,1737.6917247520628
10582,1737.6917247520628
10583,1737.6917247520628
10584,1737.6917247520628
10585,1737.6917247520628
10586,1737.6917247520628
10587,1737.6917247520628
10588,1737.6917247520628
10589,1737.6917247520628
10590,1737.6917247520628
10591,1737.6917247520628
10592,1737.6917247520628
10593,1737.6917247520628
10594,1737.6917247520628
10595,1737.6917247520628
10596,1737.6917247520628
10597,1737.6917247520628
10598,1737.6917247520628
10599,1737.6917247520628
10600,1737.6917247520628
10601,1737.6917247520628
10602,1737.6917247520628
10603,1737.6917247520628
10604,1737.6917247520628
10605,1737.6917247520628
10606,1737.6917247520628
10607,1737.6917247520628
10608,1737.6917247520628
10609,1737.6917247520628
10610,1737.6917247520628
10611,1737.6917247520628
10612,1737.6917247520628
10613,1737.6917247520628
10614,1737.6917247520628
10615,1737.6917247520628
10616,1737.6917247520628
10617,1737.6917247520628
10618,1737.6917247520628
10619,1737.6917247520628
10620,1737.6917247520628
10621,1737.6917247520628
10622,1737.6917247520628
10623,1737.6917247520628
10624,1737.6917247520628
10625,1737.6917247520628
10626,1737.6917247520628
10627,1737.6917247520628
10628,1737.6917247520628
10629,1737.6917247520628
10630,1737.6917247520628
10631,1737.6917247520628
10632,1737.6917247520628
10633,1737.6917247520628
10634,1737.6917247520628
10635,1737.6917247520628
10636,1737.6917247520628
10637,1737.6917247520628
10638,1737.6917247520628
10639,1737.6917247520628
10640,1737.6917247520628
10641,1737.6917247520628
10642,1737.6917247520628
10643,1737.6917247520628
10644,1737.6917247520628
10645,1737.6917247520628
10646,1737.6917247520628
10647,1737.6917247520628
10648,1737.6917247520628
10649,1737.6917247520628
10650,1737.6917247520628
10651,1737.6917247520628
10652,1737.6917247520628
10653,1737.6917247520628
10654,1737.6917247520628
10655,1737.6917247520628
10656,1737.6917247520628
10657,1737.6917247520628
10658,1737.6917247520628
10659,1737.6917247520628
10660,1737.6917247520628
10661,1737.6917247520628
10662,1737.6917247520628
10663,1737.6917247520628
10664,1737.6917247520628
10665,1737.6917247520628
10666,1737.6917247520628
10667,1737.6917247520628
10668,1737.6917247520628
10669,1737.6917247520628
10670,1737.6917247520628
10671,1737.6917247520628
10672,1737.6917247520628
10673,1737.6917247520628
10674,1737.6917247520628
10675,1737.6917247520628
10676,1737.6917247520628
10677,1737.6917247520628
10678,1737.6917247520628
10679,1737.6917247520628
10680,1737.6917247520628
10681,1737.6917247520628
10682,1737.6917247520628
10683,1737.6917247520628
10684,1737.6917247520628
10685,1737.6917247520628
10686,1737.6917247520628
10687,1737.6917247520628
10688,1737.6917247520628
10689,1737.6917247520628
10690,1737.6917247520628
10691,1737.6917247520628
10692,1737.6917247520628
10693,1737.6917247520628
10694,1737.6917247520628
10695,1737.6917247520628
10696,1737.6917247520628
10697,1737.6917247520628
10698,1737.6917247520628
10699,1737.6917247520628
10700,1737.6917247520628
10701,1737.6917247520628
10702,1737.6917247520628
10703,1737.6917247520628
10704,1737.6917247520628
10705,1737.6917247520628
10706,1737.6917247520628
10707,1737.6917247520628
10708,1737.6917247520628
10709,1737.6917247520628
10710,1737.6917247520628
10711,1737.6917247520628
10712,1737.6917247520628
10713,1737.6917247520628
10714,1737.6917247520628
10715,1737.6917247520628
10716,1737.6917247520628
10717,1737.6917247520628
10718,1737.6917247520628
10719,1737.6917247520628
10720,1737.6917247520628
10721,1737.6917247520628
10722,1737.6917247520628
10723,1737.6917247520628
10724,1737.6917247520628
10725,1737.6917247520628
10726,1737.6917247520628
10727,1737.6917247520628
10728,1737.6917247520628
10729,1737.6917247520628
10730,1737.6917247520628
10731,1737.6917247520628
10732,1737.6917247520628
10733,1737.6917247520628
10734,1737.6917247520628
10735,1737.6917247520628
10736,1737.6917247520628
10737,1737.6917247520628
10738,1737.6917247520628
10739,1737.6917247520628
10740,1737.6917247520628
10741,1737.6917247520628
10742,1737.6917247520628
10743,1737.6917247520628
10744,1737.6917247520628
10745,1737.6917247520628
10746,1737.6917247520628
10747,1737.6917247520628
10748,1737.6917247520628
10749,1737.6917247520628
10750,1737.6917247520628
10751,1737.6917247520628
10752,1737.6917247520628
10753,1737.6917247520628
10754,1737.6917247520628
10755,1737.6917247520628
10756,1737.6917247520628
10757,1737.6917247520628
10758,1737.6917247520628
10759,1737.6917247520628
10760,1737.6917247520628
10761,1737.6917247520628
10762,1737.6917247520628
10763,1737.6917247520628
10764,1737.6917247520628
10765,1737.6917247520628
10766,1737.6917247520628
10767,1737.6917247520628
10768,1737.6917247520628
10769,1737.6917247520628
10770,1737.6917247520628
10771,1737.6917247520628
10772,1737.6917247520628
10773,1737.6917247520628
10774,1737.6917247520628
10775,1737.6917247520628
10776,1737.6917247520628
10777,1737.6917247520628
10778,1737.6917247520628
10779,1737.6917247520628
10780,1737.6917247520628
10781,1737.6917247520628
10782,1737.6917247520628
10783,1737.6917247520628
10784,1737.6917247520628
10785,1737.6917247520628
10786,1737.6917247520628
10787,1737.6917247520628
10788,1737.6917247520628
10789,1737.6917247520628
10790,1737.6917247520628
10791,1737.6917247520628
10792,1737.6917247520628
10793,1737.6917247520628
10794,1737.6917247520628
10795,1737.6917247520628
10796,1737.6917247520628
10797,1737.6917247520628
10798,1737.6917247520628
10799,1737.6917247520628
10800,1737.6917247520628
10801,1737.6917247520628
10802,1737.6917247520628
10803,1737.6917247520628
10804,1737.6917247520628
10805,1737.6917247520628
10806,1737.6917247520628
10807,1737.6917247520628
10808,1737.6917247520628
10809,1737.6917247520628
10810,1737.6917247520628
10811,1737.6917247520628
10812,1737.6917247520628
10813,1737.6917247520628
10814,1737.6917247520628
10815,1737.6917247520628
10816,1737.6917247520628
10817,1737.6917247520628
10818,1737.6917247520628
10819,1737.6917247520628
10820,1737.6917247520628
10821,1737.6917247520628
10822,1737.6917247520628
10823,1737.6917247520628
10824,1737.6917247520628
10825,1737.6917247520628
10826,1737.6917247520628
10827,1737.6917247520628
10828,1737.6917247520628
10829,1737.6917247520628
10830,1737.6917247520628
10831,1737.6917247520628
10832,1737.6917247520628
10833,1737.6917247520628
10834,1737.6917247520628
10835,1737.6917247520628
10836,1737.6917247520628
10837,1737.6917247520628
10838,1737.6917247520628
10839,1737.6917247520628
10840,1737.6917247520628
10841,1737.6917247520628
10842,1737.6917247520628
10843,1737.6917247520628
10844,1737.6917247520628
10845,1737.6917247520628
10846,1737.6917247520628
10847,1737.6917247520628
10848,1737.6917247520628
10849,1737.6917247520628
10850,1737.6917247520628
10851,1737.6917247520628
10852,1737.6917247520628
10853,1737.6917247520628
10854,1737.6917247520628
10855,1737.6917247520628
10856,1737.6917247520628
10857,1737.6917247520628
10858,1737.6917247520628
10859,1737.6917247520628
10860,1737.6917247520628
10861,1737.6917247520628
10862,1737.6917247520628
10863,1737.6917247520628
10864,1737.6917247520628
10865,1737.6917247520628
10866,1737.6917247520628
10867,1737.6917247520628
10868,1737.6917247520628
10869,1737.6917247520628
10870,1737.6917247520628
10871,1737.6917247520628
10872,1737.6917247520628
10873,1737.6917247520628
10874,1737.6917247520628
10875,1737.6917247520628
10876,1737.6917247520628
10877,1737.6917247520628
10878,1737.6917247520628
10879,1737.6917247520628
10880,1737.6917247520628
10881,1737.6917247520628
10882,1737.6917247520628
10883,1737.6917247520628
10884,1737.6917247520628
10885,1737.6917247520628
10886,1737.6917247520628
10887,1737.6917247520628
10888,1737.6917247520628
10889,1737.6917247520628
10890,1737.6917247520628
10891,1737.6917247520628
10892,1737.6917247520628
10893,1737.6917247520628
10894,1737.6917247520628
10895,1737.6917247520628
10896,1737.6917247520628
10897,1737.6917247520628
10898,1737.6917247520628
10899,1737.6917247520628
10900,1737.6917247520628
10901,1737.6917247520628
10902,1737.6917247520628
10903,1737.6917247520628
10904,1737.6917247520628
10905,1737.6917247520628
10906,1737.6917247520628
10907,1737.6917247520628
10908,1737.6917247520628
10909,1737.6917247520628
10910,1737.6917247520628
10911,1737.6917247520628
10912,1737.6917247520628
10913,1737.6917247520628
10914,1737.6917247520628
10915,1737.6917247520628
10916,1737.6917247520628
10917,1737.6917247520628
10918,1737.6917247520628
10919,1737.6917247520628
10920,1737.6917247520628
10921,1737.6917247520628
10922,1737.6917247520628
10923,1737.6917247520628
10924,1737.6917247520628
10925,1737.6917247520628
10926,1737.6917247520628
10927,1737.6917247520628
10928,1737.6917247520628
10929,1737.6917247520628
10930,1737.6917247520628
10931,1737.6917247520628
10932,1737.6917247520628
10933,1737.6917247520628
10934,1737.6917247520628
10935,1737.6917247520628
10936,1737.6917247520628
10937,1737.6917247520628
10938,1737.6917247520628
10939,1737.6917247520628
10940,1737.6917247520628
10941,1737.6917247520628
10942,1737.6917247520628
10943,1737.6917247520628
10944,1737.6917247520628
10945,1737.6917247520628
10946,1737.6917247520628
10947,1737.6917247520628
10948,1737.6917247520628
10949,1737.6917247520628
10950,1737.6917247520628
10951,1737.6917247520628
10952,1737.6917247520628
10953,1737.6917247520628
10954,1737.6917247520628
10955,1737.6917247520628
10956,1737.6917247520628
10957,1737.6917247520628
10958,1737.6917247520628
10959,1737.6917247520628
10960,1737.6917247520628
10961,1737.6917247520628
10962,1737.6917247520628
10963,1737.6917247520628
10964,1737.6917247520628
10965,1737.6917247520628
10966,1737.6917247520628
10967,1737.6917247520628
10968,1737.6917247520628
10969,1737.6917247520628
10970,1737.6917247520628
10971,1737.6917247520628
10972,1737.6917247520628
10973,1737.6917247520628
10974,1737.6917247520628
10975,1737.6917247520628
10976,1737.6917247520628
10977,1737.6917247520628
10978,1737.6917247520628
10979,1737.6917247520628
10980,1737.6917247520628
10981,1737.6917247520628
10982,1737.6917247520628
10983,1737.6917247520628
10984,1737.6917247520628
10985,1737.6917247520628
10986,1737.6917247520628
10987,1737.6917247520628
10988,1737.6917247520628
10989,1737.6917247520628
10990,1737.6917247520628
10991,1737.6917247520628
10992,1737.6917247520628
10993,1737.6917247520628
10994,1737.6917247520628
10995,1737.6917247520628
10996,1737.6917247520628
10997,1737.6917247520628
10998,1737.6917247520628
10999,1737.6917247520628
11000,1737.6917247520628
11001,1737.6917247520628
11002,1737.6917247520628
11003,1737.6917247520628
11004,1737.6917247520628
11005,1737.6917247520628
11006,1737.6917247520628
11007,1737.6917247520628
11008,1737.6917247520628
11009,1737.6917247520628
11010,1737.6917247520628
11011,1737.6917247520628
11012,1737.6917247520628
11013,1737.6917247520628
11014,1737.6917247520628
11015,1737.6917247520628
11016,1737.6917247520628
11017,1737.6917247520628
11018,1737.6917247520628
11019,1737.6917247520628
11020,1737.6917247520628
11021,1737.6917247520628
11022,1737.6917247520628
11023,1737.6917247520628
11024,1737.6917247520628
11025,1737.6917247520628
11026,1737.6917247520628
11027,1737.6917247520628
11028,1737.6917247520628
11029,1737.6917247520628
11030,1737.6917247520628
11031,1737.6917247520628
11032,1737.6917247520628
11033,1737.6917247520628
11034,1737.6917247520628
11035,1737.6917247520628
11036,1737.6917247520628
11037,1737.6917247520628
11038,1737.6917247520628
11039,1737.6917247520628
11040,1737.6917247520628
11041,1737.6917247520628
11042,1737.6917247520628
11043,1737.6917247520628
11044,1737.6917247520628
11045,1737.6917247520628
11046,1737.6917247520628
11047,1737.6917247520628
11048,1737.6917247520628
11049,1737.6917247520628
11050,1737.6917247520628
11051,1737.6917247520628
11052,1737.6917247520628
11053,1737.6917247520628
11054,1737.6917247520628
11055,1737.6917247520628
11056,1737.6917247520628
11057,1737.6917247520628
11058,1737.6917247520628
11059,1737.6917247520628
11060,1737.6917247520628
11061,1737.6917247520628
11062,1737.6917247520628
11063,1737.6917247520628
11064,1737.6917247520628
11065,1737.6917247520628
11066,1737.6917247520628
11067,1737.6917247520628
11068,1737.6917247520628
11069,1737.6917247520628
11070,1737.6917247520628
11071,1737.6917247520628
11072,1737.6917247520628
11073,1737.6917247520628
11074,1737.6917247520628
11075,1737.6917247520628
11076,1737.6917247520628
11077,1737.6917247520628
11078,1737.6917247520628
11079,1737.6917247520628
11080,1737.6917247520628
11081,1737.6917247520628
11082,1737.6917247520628
11083,1737.6917247520628
11084,1737.6917247520628
11085,1737.6917247520628
11086,1737.6917247520628
11087,1737.6917247520628
11088,1737.6917247520628
11089,1737.6917247520628
11090,1737.6917247520628
11091,1737.6917247520628
11092,1737.6917247520628
11093,1737.6917247520628
11094,1737.6917247520628
11095,1737.6917247520628
11096,1737.6917247520628
11097,1737.6917247520628
11098,1737.6917247520628
11099,1737.6917247520628
11100,1737.6917247520628
11101,1737.6917247520628
11102,1737.6917247520628
11103,1737.6917247520628
11104,1737.6917247520628
11105,1737.6917247520628
11106,1737.6917247520628
11107,1737.6917247520628
11108,1737.6917247520628
11109,1737.6917247520628
11110,1737.6917247520628
11111,1737.6917247520628
11112,1737.6917247520628
11113,1737.6917247520628
11114,1737.6917247520628
11115,1737.6917247520628
11116,1737.6917247520628
11117,1737.6917247520628
11118,1737.6917247520628
11119,1737.6917247520628
11120,1737.6917247520628
11121,1737.6917247520628
11122,1737.6917247520628
11123,1737.6917247520628
11124,1737.6917247520628
11125,1737.6917247520628
11126,1737.6917247520628
11127,1737.6917247520628
11128,1737.6917247520628
11129,1737.6917247520628
11130,1737.6917247520628
11131,1737.6917247520628
11132,1737.6917247520628
11133,1737.6917247520628
11134,1737.6917247520628
11135,1737.6917247520628
11136,1737.6917247520628
11137,1737.6917247520628
11138,1737.6917247520628
11139,1737.6917247520628
11140,1737.6917247520628
11141,1737.6917247520628
11142,1737.6917247520628
11143,1737.6917247520628
11144,1737.6917247520628
11145,1737.6917247520628
11146,1737.6917247520628
11147,1737.6917247520628
11148,1737.6917247520628
11149,1737.6917247520628
11150,1737.6917247520628
11151,1737.6917247520628
11152,1737.6917247520628
11153,1737.6917247520628
11154,1737.6917247520628
11155,1737.6917247520628
11156,1737.6917247520628
11157,1737.6917247520628
11158,1737.6917247520628
11159,1737.6917247520628
11160,1737.6917247520628
11161,1737.6917247520628
11162,1737.6917247520628
11163,1737.6917247520628
11164,1737.6917247520628
11165,1737.6917247520628
11166,1737.6917247520628
11167,1737.6917247520628
11168,1737.6917247520628
11169,1737.6917247520628
11170,1737.6917247520628
11171,1737.6917247520628
11172,1737.6917247520628
11173,1737.6917247520628
11174,1737.6917247520628
11175,1737.6917247520628
11176,1737.6917247520628
11177,1737.6917247520628
11178,1737.6917247520628
11179,1737.6917247520628
11180,1737.6917247520628
11181,1737.6917247520628
11182,1737.6917247520628
11183,1737.6917247520628
11184,1737.6917247520628
11185,1737.6917247520628
11186,1737.6917247520628
11187,1737.6917247520628
11188,1737.6917247520628
11189,1737.6917247520628
11190,1737.6917247520628
11191,1737.6917247520628
11192,1737.6917247520628
11193,1737.6917247520628
11194,1737.6917247520628
11195,1737.6917247520628
11196,1737.6917247520628
11197,1737.6917247520628
11198,1737.6917247520628
11199,1737.6917247520628
11200,1737.6917247520628
11201,1737.6917247520628
11202,1737.6917247520628
11203,1737.6917247520628
11204,1737.6917247520628
11205,1737.6917247520628
11206,1737.6917247520628
11207,1737.6917247520628
11208,1737.6917247520628
11209,1737.6917247520628
11210,1737.6917247520628
11211,1737.6917247520628
11212,1737.6917247520628
11213,1737.6917247520628
11214,1737.6917247520628
11215,1737.6917247520628
11216,1737.6917247520628
11217,1737.6917247520628
11218,1737.6917247520628
11219,1737.6917247520628
11220,1737.6917247520628
11221,1737.6917247520628
11222,1737.6917247520628
11223,1737.6917247520628
11224,1737.6917247520628
11225,1737.6917247520628
11226,1737.6917247520628
11227,1737.6917247520628
11228,1737.6917247520628
11229,1737.6917247520628
11230,1737.6917247520628
11231,1737.6917247520628
11232,1737.6917247520628
11233,1737.6917247520628
11234,1737.6917247520628
11235,1737.6917247520628
11236,1737.6917247520628
11237,1737.6917247520628
11238,1737.6917247520628
11239,1737.6917247520628
11240,1737.6917247520628
11241,1737.6917247520628
11242,1737.6917247520628
11243,1737.6917247520628
11244,1737.6917247520628
11245,1737.6917247520628
11246,1737.6917247520628
11247,1737.6917247520628
11248,1737.6917247520628
11249,1737.6917247520628
11250,1737.6917247520628
11251,1737.6917247520628
11252,1737.6917247520628
11253,1737.6917247520628
11254,1737.6917247520628
11255,1737.6917247520628
11256,1737.6917247520628
11257,1737.6917247520628
11258,1737.6917247520628
11259,1737.6917247520628
11260,1737.6917247520628
11261,1737.6917247520628
11262,1737.6917247520628
11263,1737.6917247520628
11264,1737.6917247520628
11265,1737.6917247520628
11266,1737.6917247520628
11267,1737.6917247520628
11268,1737.6917247520628
11269,1737.6917247520628
11270,1737.6917247520628
11271,1737.6917247520628
11272,1737.6917247520628
11273,1737.6917247520628
11274,1737.6917247520628
11275,1737.6917247520628
11276,1737.6917247520628
11277,1737.6917247520628
11278,1737.6917247520628
11279,1737.6917247520628
11280,1737.6917247520628
11281,1737.6917247520628
11282,1737.6917247520628
11283,1737.6917247520628
11284,1737.6917247520628
11285,1737.6917247520628
11286,1737.6917247520628
11287,1737.6917247520628
11288,1737.6917247520628
11289,1737.6917247520628
11290,1737.6917247520628
11291,1737.6917247520628
11292,1737.6917247520628
11293,1737.6917247520628
11294,1737.6917247520628
11295,1737.6917247520628
11296,1737.6917247520628
11297,1737.6917247520628
11298,1737.6917247520628
11299,1737.6917247520628
11300,1737.6917247520628
11301,1737.6917247520628
11302,1737.6917247520628
11303,1737.6917247520628
11304,1737.6917247520628
11305,1737.6917247520628
11306,1737.6917247520628
11307,1737.6917247520628
11308,1737.6917247520628
11309,1737.6917247520628
11310,1737.6917247520628
11311,1737.6917247520628
11312,1737.6917247520628
11313,1737.6917247520628
11314,1737.6917247520628
11315,1737.6917247520628
11316,1737.6917247520628
11317,1737.6917247520628
11318,1737.6917247520628
11319,1737.6917247520628
11320,1737.6917247520628
11321,1737.6917247520628
11322,1737.6917247520628
11323,1737.6917247520628
11324,1737.6917247520628
11325,1737.6917247520628
11326,1737.6917247520628
11327,1737.6917247520628
11328,1737.6917247520628
11329,1737.6917247520628
11330,1737.6917247520628
11331,1737.6917247520628
11332,1737.6917247520628
11333,1737.6917247520628
11334,1737.6917247520628
11335,1737.6917247520628
11336,1737.6917247520628
11337,1737.6917247520628
11338,1737.6917247520628
11339,1737.6917247520628
11340,1737.6917247520628
11341,1737.6917247520628
11342,1737.6917247520628
11343,1737.6917247520628
11344,1737.6917247520628
11345,1737.6917247520628
11346,1737.6917247520628
11347,1737.6917247520628
11348,1737.6917247520628
11349,1737.6917247520628
11350,1737.6917247520628
11351,1737.6917247520628
11352,1737.6917247520628
11353,1737.6917247520628
11354,1737.6917247520628
11355,1737.6917247520628
11356,1737.6917247520628
11357,1737.6917247520628
11358,1737.6917247520628
11359,1737.6917247520628
11360,1737.6917247520628
11361,1737.6917247520628
11362,1737.6917247520628
11363,1737.6917247520628
11364,1737.6917247520628
11365,1737.6917247520628
11366,1737.6917247520628
11367,1737.6917247520628
11368,1737.6917247520628
11369,1737.6917247520628
11370,1737.6917247520628
11371,1737.6917247520628
11372,1737.6917247520628
11373,1737.6917247520628
11374,1737.6917247520628
11375,1737.6917247520628
11376,1737.6917247520628
11377,1737.6917247520628
11378,1737.6917247520628
11379,1737.6917247520628
11380,1737.6917247520628
11381,1737.6917247520628
11382,1737.6917247520628
11383,1737.6917247520628
11384,1737.6917247520628
11385,1737.6917247520628
11386,1737.6917247520628
11387,1737.6917247520628
11388,1737.6917247520628
11389,1737.6917247520628
11390,1737.6917247520628
11391,1737.6917247520628
11392,1737.6917247520628
11393,1737.6917247520628
11394,1737.6917247520628
11395,1737.6917247520628
11396,1737.6917247520628
11397,1737.6917247520628
11398,1737.6917247520628
11399,1737.6917247520628
11400,1737.6917247520628
11401,1737.6917247520628
11402,1737.6917247520628
11403,1737.6917247520628
11404,1737.6917247520628
11405,1737.6917247520628
11406,1737.6917247520628
11407,1737.6917247520628
11408,1737.6917247520628
11409,1737.6917247520628
11410,1737.6917247520628
11411,1737.6917247520628
11412,1737.6917247520628
11413,1737.6917247520628
11414,1737.6917247520628
11415,1737.6917247520628
11416,1737.6917247520628
11417,1737.6917247520628
11418,1737.6917247520628
11419,1737.6917247520628
11420,1737.6917247520628
11421,1737.6917247520628
11422,1737.6917247520628
11423,1737.6917247520628
11424,1737.6917247520628
11425,1737.6917247520628
11426,1737.6917247520628
11427,1737.6917247520628
11428,1737.6917247520628
11429,1737.6917247520628
11430,1737.6917247520628
11431,1737.6917247520628
11432,1737.6917247520628
11433,1737.6917247520628
11434,1737.6917247520628
11435,1737.6917247520628
11436,1737.6917247520628
11437,1737.6917247520628
11438,1737.6917247520628
11439,1737.6917247520628
11440,1737.6917247520628
11441,1737.6917247520628
11442,1737.6917247520628
11443,1737.6917247520628
11444,1737.6917247520628
11445,1737.6917247520628
11446,1737.6917247520628
11447,1737.6917247520628
11448,1737.6917247520628
11449,1737.6917247520628
11450,1737.6917247520628
11451,1737.6917247520628
11452,1737.6917247520628
11453,1737.6917247520628
11454,1737.6917247520628
11455,1737.6917247520628
11456,1737.6917247520628
11457,1737.6917247520628
11458,1737.6917247520628
11459,1737.6917247520628
11460,1737.6917247520628
11461,1737.6917247520628
11462,1737.6917247520628
11463,1737.6917247520628
11464,1737.6917247520628
11465,1737.6917247520628
11466,1737.6917247520628
11467,1737.6917247520628
11468,1737.6917247520628
11469,1737.6917247520628
11470,1737.6917247520628
11471,1737.6917247520628
11472,1737.6917247520628
11473,1737.6917247520628
11474,1737.6917247520628
11475,1737.6917247520628
11476,1737.6917247520628
11477,1737.6917247520628
11478,1737.6917247520628
11479,1737.6917247520628
11480,1737.6917247520628
11481,1737.6917247520628
11482,1737.6917247520628
11483,1737.6917247520628
11484,1737.6917247520628
11485,1737.6917247520628
11486,1737.6917247520628
11487,1737.6917247520628
11488,1737.6917247520628
11489,1737.6917247520628
11490,1737.6917247520628
11491,1737.6917247520628
11492,1737.6917247520628
11493,1737.6917247520628
11494,1737.6917247520628
11495,1737.6917247520628
11496,1737.6917247520628
11497,1737.6917247520628
11498,1737.6917247520628
11499,1737.6917247520628
11500,1737.6917247520628
11501,1737.6917247520628
11502,1737.6917247520628
11503,1737.6917247520628
11504,1737.6917247520628
11505,1737.6917247520628
11506,1737.6917247520628
11507,1737.6917247520628
11508,1737.6917247520628
11509,1737.6917247520628
11510,1737.6917247520628
11511,1737.6917247520628
11512,1737.6917247520628
11513,1737.6917247520628
11514,1737.6917247520628
11515,1737.6917247520628
11516,1737.6917247520628
11517,1737.6917247520628
11518,1737.6917247520628
11519,1737.6917247520628
11520,1737.6917247520628
11521,1737.6917247520628
11522,1737.6917247520628
11523,1737.6917247520628
11524,1737.6917247520628
11525,1737.6917247520628
11526,1737.6917247520628
11527,1737.6917247520628
11528,1737.6917247520628
11529,1737.6917247520628
11530,1737.6917247520628
11531,1737.6917247520628
11532,1737.6917247520628
11533,1737.6917247520628
11534,1737.6917247520628
11535,1737.6917247520628
11536,1737.6917247520628
11537,1737.6917247520628
11538,1737.6917247520628
11539,1737.6917247520628
11540,1737.6917247520628
11541,1737.6917247520628
11542,1737.6917247520628
11543,1737.6917247520628
11544,1737.6917247520628
11545,1737.6917247520628
11546,1737.6917247520628
11547,1737.6917247520628
11548,1737.6917247520628
11549,1737.6917247520628
11550,1737.6917247520628
11551,1737.6917247520628
11552,1737.6917247520628
11553,1737.6917247520628
11554,1737.6917247520628
11555,1737.6917247520628
11556,1737.6917247520628
11557,1737.6917247520628
11558,1737.6917247520628
11559,1737.6917247520628
11560,1737.6917247520628
11561,1737.6917247520628
11562,1737.6917247520628
11563,1737.6917247520628
11564,1737.6917247520628
11565,1737.6917247520628
11566,1737.6917247520628
11567,1737.6917247520628
11568,1737.6917247520628
11569,1737.6917247520628
11570,1737.6917247520628
11571,1737.6917247520628
11572,1737.6917247520628
11573,1737.6917247520628
11574,1737.6917247520628
11575,1737.6917247520628
11576,1737.6917247520628
11577,1737.6917247520628
11578,1737.6917247520628
11579,1737.6917247520628
11580,1737.6917247520628
11581,1737.6917247520628
11582,1737.6917247520628
11583,1737.6917247520628
11584,1737.6917247520628
11585,1737.6917247520628
11586,1737.6917247520628
11587,1737.6917247520628
11588,1737.6917247520628
11589,1737.6917247520628
11590,1737.6917247520628
11591,1737.6917247520628
11592,1737.6917247520628
11593,1737.6917247520628
11594,1737.6917247520628
11595,1737.6917247520628
11596,1737.6917247520628
11597,1737.6917247520628
11598,1737.6917247520628
11599,1737.6917247520628
11600,1737.6917247520628
11601,1737.6917247520628
11602,1737.6917247520628
11603,1737.6917247520628
11604,1737.6917247520628
11605,1737.6917247520628
11606,1737.6917247520628
11607,1737.6917247520628
11608,1737.6917247520628
11609,1737.6917247520628
11610,1737.6917247520628
11611,1737.6917247520628
11612,1737.6917247520628
11613,1737.6917247520628
11614,1737.6917247520628
11615,1737.6917247520628
11616,1737.6917247520628
11617,1737.6917247520628
11618,1737.6917247520628
11619,1737.6917247520628
11620,1737.6917247520628
11621,1737.6917247520628
11622,1737.6917247520628
11623,1737.6917247520628
11624,1737.6917247520628
11625,1737.6917247520628
11626,1737.6917247520628
11627,1737.6917247520628
11628,1737.6917247520628
11629,1737.6917247520628
11630,1737.6917247520628
11631,1737.6917247520628
11632,1737.6917247520628
11633,1737.6917247520628
11634,1737.6917247520628
11635,1737.6917247520628
11636,1737.6917247520628
11637,1737.6917247520628
11638,1737.6917247520628
11639,1737.6917247520628
11640,1737.6917247520628
11641,1737.6917247520628
11642,1737.6917247520628
11643,1737.6917247520628
11644,1737.6917247520628
11645,1737.6917247520628
11646,1737.6917247520628
11647,1737.6917247520628
11648,1737.6917247520628
11649,1737.6917247520628
11650,1737.6917247520628
11651,1737.6917247520628
11652,1737.6917247520628
11653,1737.6917247520628
11654,1737.6917247520628
11655,1737.6917247520628
11656,1737.6917247520628
11657,1737.6917247520628
11658,1737.6917247520628
11659,1737.6917247520628
11660,1737.6917247520628
11661,1737.6917247520628
11662,1737.6917247520628
11663,1737.6917247520628
11664,1737.6917247520628
11665,1737.6917247520628
11666,1737.6917247520628
11667,1737.6917247520628
11668,1737.6917247520628
11669,1737.6917247520628
11670,1737.6917247520628
11671,1737.6917247520628
11672,1737.6917247520628
11673,1737.6917247520628
11674,1737.6917247520628
11675,1737.6917247520628
11676,1737.6917247520628
11677,1737.6917247520628
11678,1737.6917247520628
11679,1737.6917247520628
11680,1737.6917247520628
11681,1737.6917247520628
11682,1737.6917247520628
11683,1737.6917247520628
11684,1737.6917247520628
11685,1737.6917247520628
11686,1737.6917247520628
11687,1737.6917247520628
11688,1737.6917247520628
11689,1737.6917247520628
11690,1737.6917247520628
11691,1737.6917247520628
11692,1737.6917247520628
11693,1737.6917247520628
11694,1737.6917247520628
11695,1737.6917247520628
11696,1737.6917247520628
11697,1737.6917247520628
11698,1737.6917247520628
11699,1737.6917247520628
11700,1737.6917247520628
11701,1737.6917247520628
11702,1737.6917247520628
11703,1737.6917247520628
11704,1737.6917247520628
11705,1737.6917247520628
11706,1737.6917247520628
11707,1737.6917247520628
11708,1737.6917247520628
11709,1737.6917247520628
11710,1737.6917247520628
11711,1737.6917247520628
11712,1737.6917247520628
11713,1737.6917247520628
11714,1737.6917247520628
11715,1737.6917247520628
11716,1737.6917247520628
11717,1737.6917247520628
11718,1737.6917247520628
11719,1737.6917247520628
11720,1737.6917247520628
11721,1737.6917247520628
11722,1737.6917247520628
11723,1737.6917247520628
11724,1737.6917247520628
11725,1737.6917247520628
11726,1737.6917247520628
11727,1737.6917247520628
11728,1737.6917247520628
11729,1737.6917247520628
11730,1737.6917247520628
11731,1737.6917247520628
11732,1737.6917247520628
11733,1737.6917247520628
11734,1737.6917247520628
11735,1737.6917247520628
11736,1737.6917247520628
11737,1737.6917247520628
11738,1737.6917247520628
11739,1737.6917247520628
11740,1737.6917247520628
11741,1737.6917247520628
11742,1737.6917247520628
11743,1737.6917247520628
11744,1737.6917247520628
11745,1737.6917247520628
11746,1737.6917247520628
11747,1737.6917247520628
11748,1737.6917247520628
11749,1737.6917247520628
11750,1737.6917247520628
11751,1737.6917247520628
11752,1737.6917247520628
11753,1737.6917247520628
11754,1737.6917247520628
11755,1737.6917247520628
11756,1737.6917247520628
11757,1737.6917247520628
11758,1737.6917247520628
11759,1737.6917247520628
11760,1737.6917247520628
11761,1737.6917247520628
11762,1737.6917247520628
11763,1737.6917247520628
11764,1737.6917247520628
11765,1737.6917247520628
11766,1737.6917247520628
11767,1737.6917247520628
11768,1737.6917247520628
11769,1737.6917247520628
11770,1737.6917247520628
11771,1737.6917247520628
11772,1737.6917247520628
11773,1737.6917247520628
11774,1737.6917247520628
11775,1737.6917247520628
11776,1737.6917247520628
11777,1737.6917247520628
11778,1737.6917247520628
11779,1737.6917247520628
11780,1737.6917247520628
11781,1737.6917247520628
11782,1737.6917247520628
11783,1737.6917247520628
11784,1737.6917247520628
11785,1737.6917247520628
11786,1737.6917247520628
11787,1737.6917247520628
11788,1737.6917247520628
11789,1737.6917247520628
11790,1737.6917247520628
11791,1737.6917247520628
11792,1737.6917247520628
11793,1737.6917247520628
11794,1737.6917247520628
11795,1737.6917247520628
11796,1737.6917247520628
11797,1737.6917247520628
11798,1737.6917247520628
11799,1737.6917247520628
11800,1737.6917247520628
11801,1737.6917247520628
11802,1737.6917247520628
11803,1737.6917247520628
11804,1737.6917247520628
11805,1737.6917247520628
11806,1737.6917247520628
11807,1737.6917247520628
11808,1737.6917247520628
11809,1737.6917247520628
11810,1737.6917247520628
11811,1737.6917247520628
11812,1737.6917247520628
11813,1737.6917247520628
11814,1737.6917247520628
11815,1737.6917247520628
11816,1737.6917247520628
11817,1737.6917247520628
11818,1737.6917247520628
11819,1737.6917247520628
11820,1737.6917247520628
11821,1737.6917247520628
11822,1737.6917247520628
11823,1737.6917247520628
11824,1737.6917247520628
11825,1737.6917247520628
11826,1737.6917247520628
11827,1737.6917247520628
11828,1737.6917247520628
11829,1737.6917247520628
11830,1737.6917247520628
11831,1737.6917247520628
11832,1737.6917247520628
11833,1737.6917247520628
11834,1737.6917247520628
11835,1737.6917247520628
11836,1737.6917247520628
11837,1737.6917247520628
11838,1737.6917247520628
11839,1737.6917247520628
11840,1737.6917247520628
11841,1737.6917247520628
11842,1737.6917247520628
11843,1737.6917247520628
11844,1737.6917247520628
11845,1737.6917247520628
11846,1737.6917247520628
11847,1737.6917247520628
11848,1737.6917247520628
11849,1737.6917247520628
11850,1737.6917247520628
11851,1737.6917247520628
11852,1737.6917247520628
11853,1737.6917247520628
11854,1737.6917247520628
11855,1737.6917247520628
11856,1737.6917247520628
11857,1737.6917247520628
11858,1737.6917247520628
11859,1737.6917247520628
11860,1737.6917247520628
11861,1737.6917247520628
11862,1737.6917247520628
11863,1737.6917247520628
11864,1737.6917247520628
11865,1737.6917247520628
11866,1737.6917247520628
11867,1737.6917247520628
11868,1737.6917247520628
11869,1737.6917247520628
11870,1737.6917247520628
11871,1737.6917247520628
11872,1737.6917247520628
11873,1737.6917247520628
11874,1737.6917247520628
11875,1737.6917247520628
11876,1737.6917247520628
11877,1737.6917247520628
11878,1737.6917247520628
11879,1737.6917247520628
11880,1737.6917247520628
11881,1737.6917247520628
11882,1737.6917247520628
11883,1737.6917247520628
11884,1737.6917247520628
11885,1737.6917247520628
11886,1737.6917247520628
11887,1737.6917247520628
11888,1737.6917247520628
11889,1737.6917247520628
11890,1737.6917247520628
11891,1737.6917247520628
11892,1737.6917247520628
11893,1737.6917247520628
11894,1737.6917247520628
11895,1737.6917247520628
11896,1737.6917247520628
11897,1737.6917247520628
11898,1737.6917247520628
11899,1737.6917247520628
11900,1737.6917247520628
11901,1737.6917247520628
11902,1737.6917247520628
11903,1737.6917247520628
11904,1737.6917247520628
11905,1737.6917247520628
11906,1737.6917247520628
11907,1737.6917247520628
11908,1737.6917247520628
11909,1737.6917247520628
11910,1737.6917247520628
11911,1737.6917247520628
11912,1737.6917247520628
11913,1737.6917247520628
11914,1737.6917247520628
11915,1737.6917247520628
11916,1737.6917247520628
11917,1737.6917247520628
11918,1737.6917247520628
11919,1737.6917247520628
11920,1737.6917247520628
11921,1737.6917247520628
11922,1737.6917247520628
11923,1737.6917247520628
11924,1737.6917247520628
11925,1737.6917247520628
11926,1737.6917247520628
11927,1737.6917247520628
11928,1737.6917247520628
11929,1737.6917247520628
11930,1737.6917247520628
11931,1737.6917247520628
11932,1737.6917247520628
11933,1737.6917247520628
11934,1737.6917247520628
11935,1737.6917247520628
11936,1737.6917247520628
11937,1737.6917247520628
11938,1737.6917247520628
11939,1737.6917247520628
11940,1737.6917247520628
11941,1737.6917247520628
11942,1737.6917247520628
11943,1737.6917247520628
11944,1737.6917247520628
11945,1737.6917247520628
11946,1737.6917247520628
11947,1737.6917247520628
11948,1737.6917247520628
11949,1737.6917247520628
11950,1737.6917247520628
11951,1737.6917247520628
11952,1737.6917247520628
11953,1737.6917247520628
11954,1737.6917247520628
11955,1737.6917247520628
11956,1737.6917247520628
11957,1737.6917247520628
11958,1737.6917247520628
11959,1737.6917247520628
11960,1737.6917247520628
11961,1737.6917247520628
11962,1737.6917247520628
11963,1737.6917247520628
11964,1737.6917247520628
11965,1737.6917247520628
11966,1737.6917247520628
11967,1737.6917247520628
11968,1737.6917247520628
11969,1737.6917247520628
11970,1737.6917247520628
11971,1737.6917247520628
11972,1737.6917247520628
11973,1737.6917247520628
11974,1737.6917247520628
11975,1737.6917247520628
11976,1737.6917247520628
11977,1737.6917247520628
11978,1737.6917247520628
11979,1737.6917247520628
11980,1737.6917247520628
11981,1737.6917247520628
11982,1737.6917247520628
11983,1737.6917247520628
11984,1737.6917247520628
11985,1737.6917247520628
11986,1737.6917247520628
11987,1737.6917247520628
11988,1737.6917247520628
11989,1737.6917247520628
11990,1737.6917247520628
11991,1737.6917247520628
11992,1737.6917247520628
11993,1737.6917247520628
11994,1737.6917247520628
11995,1737.6917247520628
11996,1737.6917247520628
11997,1737.6917247520628
11998,1737.6917247520628
11999,1737.6917247520628
12000,1737.6917247520628
12001,1737.6917247520628
12002,1737.6917247520628
12003,1737.6917247520628
12004,1737.6917247520628
12005,1737.6917247520628
12006,1737.6917247520628
12007,1737.6917247520628
12008,1737.6917247520628
12009,1737.6917247520628
12010,1737.6917247520628
12011,1737.6917247520628
12012,1737.6917247520628
12013,1737.6917247520628
12014,1737.6917247520628
12015,1737.6917247520628
12016,1737.6917247520628
12017,1737.6917247520628
12018,1737.6917247520628
12019,1737.6917247520628
12020,1737.6917247520628
12021,1737.6917247520628
12022,1737.6917247520628
12023,1737.6917247520628
12024,1737.6917247520628
12025,1737.6917247520628
12026,1737.6917247520628
12027,1737.6917247520628
12028,1737.6917247520628
12029,1737.6917247520628
12030,1737.6917247520628
12031,1737.6917247520628
12032,1737.6917247520628
12033,1737.6917247520628
12034,1737.6917247520628
12035,1737.6917247520628
12036,1737.6917247520628
12037,1737.6917247520628
12038,1737.6917247520628
12039,1737.6917247520628
12040,1737.6917247520628
12041,1737.6917247520628
12042,1737.6917247520628
12043,1737.6917247520628
12044,1737.6917247520628
12045,1737.6917247520628
12046,1737.6917247520628
12047,1737.6917247520628
12048,1737.6917247520628
12049,1737.6917247520628
12050,1737.6917247520628
12051,1737.6917247520628
12052,1737.6917247520628
12053,1737.6917247520628
12054,1737.6917247520628
12055,1737.6917247520628
12056,1737.6917247520628
12057,1737.6917247520628
12058,1737.6917247520628
12059,1737.6917247520628
12060,1737.6917247520628
12061,1737.6917247520628
12062,1737.6917247520628
12063,1737.6917247520628
12064,1737.6917247520628
12065,1737.6917247520628
12066,1737.6917247520628
12067,1737.6917247520628
12068,1737.6917247520628
12069,1737.6917247520628
12070,1737.6917247520628
12071,1737.6917247520628
12072,1737.6917247520628
12073,1737.6917247520628
12074,1737.6917247520628
12075,1737.6917247520628
12076,1737.6917247520628
12077,1737.6917247520628
12078,1737.6917247520628
12079,1737.6917247520628
12080,1737.6917247520628
12081,1737.6917247520628
12082,1737.6917247520628
12083,1737.6917247520628
12084,1737.6917247520628
12085,1737.6917247520628
12086,1737.6917247520628
12087,1737.6917247520628
12088,1737.6917247520628
12089,1737.6917247520628
12090,1737.6917247520628
12091,1737.6917247520628
12092,1737.6917247520628
12093,1737.6917247520628
12094,1737.6917247520628
12095,1737.6917247520628
12096,1737.6917247520628
12097,1737.6917247520628
12098,1737.6917247520628
12099,1737.6917247520628
12100,1737.6917247520628
12101,1737.6917247520628
12102,1737.6917247520628
12103,1737.6917247520628
12104,1737.6917247520628
12105,1737.6917247520628
12106,1737.6917247520628
12107,1737.6917247520628
12108,1737.6917247520628
12109,1737.6917247520628
12110,1737.6917247520628
12111,1737.6917247520628
12112,1737.6917247520628
12113,1737.6917247520628
12114,1737.6917247520628
12115,1737.6917247520628
12116,1737.6917247520628
12117,1737.6917247520628
12118,1737.6917247520628
12119,1737.6917247520628
12120,1737.6917247520628
12121,1737.6917247520628
12122,1737.6917247520628
12123,1737.6917247520628
12124,1737.6917247520628
12125,1737.6917247520628
12126,1737.6917247520628
12127,1737.6917247520628
12128,1737.6917247520628
12129,1737.6917247520628
12130,1737.6917247520628
12131,1737.6917247520628
12132,1737.6917247520628
12133,1737.6917247520628
12134,1737.6917247520628
12135,1737.6917247520628
12136,1737.6917247520628
12137,1737.6917247520628
12138,1737.6917247520628
12139,1737.6917247520628
12140,1737.6917247520628
12141,1737.6917247520628
12142,1737.6917247520628
12143,1737.6917247520628
12144,1737.6917247520628
12145,1737.6917247520628
12146,1737.6917247520628
12147,1737.6917247520628
12148,1737.6917247520628
12149,1737.6917247520628
12150,1737.6917247520628
12151,1737.6917247520628
12152,1737.6917247520628
12153,1737.6917247520628
12154,1737.6917247520628
12155,1737.6917247520628
12156,1737.6917247520628
12157,1737.6917247520628
12158,1737.6917247520628
12159,1737.6917247520628
12160,1737.6917247520628
12161,1737.6917247520628
12162,1737.6917247520628
12163,1737.6917247520628
12164,1737.6917247520628
12165,1737.6917247520628
12166,1737.6917247520628
12167,1737.6917247520628
12168,1737.6917247520628
12169,1737.6917247520628
12170,1737.6917247520628
12171,1737.6917247520628
12172,1737.6917247520628
12173,1737.6917247520628
12174,1737.6917247520628
12175,1737.6917247520628
12176,1737.6917247520628
12177,1737.6917247520628
12178,1737.6917247520628
12179,1737.6917247520628
12180,1737.6917247520628
12181,1737.6917247520628
12182,1737.6917247520628
12183,1737.6917247520628
12184,1737.6917247520628
12185,1737.6917247520628
12186,1737.6917247520628
12187,1737.6917247520628
12188,1737.6917247520628
12189,1737.6917247520628
12190,1737.6917247520628
12191,1737.6917247520628
12192,1737.6917247520628
12193,1737.6917247520628
12194,1737.6917247520628
12195,1737.6917247520628
12196,1737.6917247520628
12197,1737.6917247520628
12198,1737.6917247520628
12199,1737.6917247520628
12200,1737.6917247520628
12201,1737.6917247520628
12202,1737.6917247520628
12203,1737.6917247520628
12204,1737.6917247520628
12205,1737.6917247520628
12206,1737.6917247520628
12207,1737.6917247520628
12208,1737.6917247520628
12209,1737.6917247520628
12210,1737.6917247520628
12211,1737.6917247520628
12212,1737.6917247520628
12213,1737.6917247520628
12214,1737.6917247520628
12215,1737.6917247520628
12216,1737.6917247520628
12217,1737.6917247520628
12218,1737.6917247520628
12219,1737.6917247520628
12220,1737.6917247520628
12221,1737.6917247520628
12222,1737.6917247520628
12223,1737.6917247520628
12224,1737.6917247520628
12225,1737.6917247520628
12226,1737.6917247520628
12227,1737.6917247520628
12228,1737.6917247520628
12229,1737.6917247520628
12230,1737.6917247520628
12231,1737.6917247520628
12232,1737.6917247520628
12233,1737.6917247520628
12234,1737.6917247520628
12235,1737.6917247520628
12236,1737.6917247520628
12237,1737.6917247520628
12238,1737.6917247520628
12239,1737.6917247520628
12240,1737.6917247520628
12241,1737.6917247520628
12242,1737.6917247520628
12243,1737.6917247520628
12244,1737.6917247520628
12245,1737.6917247520628
12246,1737.6917247520628
12247,1737.6917247520628
12248,1737.6917247520628
12249,1737.6917247520628
12250,1737.6917247520628
12251,1737.6917247520628
12252,1737.6917247520628
12253,1737.6917247520628
12254,1737.6917247520628
12255,1737.6917247520628
12256,1737.6917247520628
12257,1737.6917247520628
12258,1737.6917247520628
12259,1737.6917247520628
12260,1737.6917247520628
12261,1737.6917247520628
12262,1737.6917247520628
12263,1737.6917247520628
12264,1737.6917247520628
12265,1737.6917247520628
12266,1737.6917247520628
12267,1737.6917247520628
12268,1737.6917247520628
12269,1737.6917247520628
12270,1737.6917247520628
12271,1737.6917247520628
12272,1737.6917247520628
12273,1737.6917247520628
12274,1737.6917247520628
12275,1737.6917247520628
12276,1737.6917247520628
12277,1737.6917247520628
12278,1737.6917247520628
12279,1737.6917247520628
12280,1737.6917247520628
12281,1737.6917247520628
12282,1737.6917247520628
12283,1737.6917247520628
12284,1737.6917247520628
12285,1737.6917247520628
12286,1737.6917247520628
12287,1737.6917247520628
12288,1737.6917247520628
12289,1737.6917247520628
12290,1737.6917247520628
12291,1737.6917247520628
12292,1737.6917247520628
12293,1737.6917247520628
12294,1737.6917247520628
12295,1737.6917247520628
12296,1737.6917247520628
12297,1737.6917247520628
12298,1737.6917247520628
12299,1737.6917247520628
12300,1737.6917247520628
12301,1737.6917247520628
12302,1737.6917247520628
12303,1737.6917247520628
12304,1737.6917247520628
12305,1737.6917247520628
12306,1737.6917247520628
12307,1737.6917247520628
12308,1737.6917247520628
12309,1737.6917247520628
12310,1737.6917247520628
12311,1737.6917247520628
12312,1737.6917247520628
12313,1737.6917247520628
12314,1737.6917247520628
12315,1737.6917247520628
12316,1737.6917247520628
12317,1737.6917247520628
12318,1737.6917247520628
12319,1737.6917247520628
12320,1737.6917247520628
12321,1737.6917247520628
12322,1737.6917247520628
12323,1737.6917247520628
12324,1737.6917247520628
12325,1737.6917247520628
12326,1737.6917247520628
12327,1737.6917247520628
12328,1737.6917247520628
12329,1737.6917247520628
12330,1737.6917247520628
12331,1737.6917247520628
12332,1737.6917247520628
12333,1737.6917247520628
12334,1737.6917247520628
12335,1737.6917247520628
12336,1737.6917247520628
12337,1737.6917247520628
12338,1737.6917247520628
12339,1737.6917247520628
12340,1737.6917247520628
12341,1737.6917247520628
12342,1737.6917247520628
12343,1737.6917247520628
12344,1737.6917247520628
12345,1737.6917247520628
12346,1737.6917247520628
12347,1737.6917247520628
12348,1737.6917247520628
12349,1737.6917247520628
12350,1737.6917247520628
12351,1737.6917247520628
12352,1737.6917247520628
12353,1737.6917247520628
12354,1737.6917247520628
12355,1737.6917247520628
12356,1737.6917247520628
12357,1737.6917247520628
12358,1737.6917247520628
12359,1737.6917247520628
12360,1737.6917247520628
12361,1737.6917247520628
12362,1737.6917247520628
12363,1737.6917247520628
12364,1737.6917247520628
12365,1737.6917247520628
12366,1737.6917247520628
12367,1737.6917247520628
12368,1737.6917247520628
12369,1737.6917247520628
12370,1737.6917247520628
12371,1737.6917247520628
12372,1737.6917247520628
12373,1737.6917247520628
12374,1737.6917247520628
12375,1737.6917247520628
12376,1737.6917247520628
12377,1737.6917247520628
12378,1737.6917247520628
12379,1737.6917247520628
12380,1737.6917247520628
12381,1737.6917247520628
12382,1737.6917247520628
12383,1737.6917247520628
12384,1737.6917247520628
12385,1737.6917247520628
12386,1737.6917247520628
12387,1737.6917247520628
12388,1737.6917247520628
12389,1737.6917247520628
12390,1737.6917247520628
12391,1737.6917247520628
12392,1737.6917247520628
12393,1737.6917247520628
12394,1737.6917247520628
12395,1737.6917247520628
12396,1737.6917247520628
12397,1737.6917247520628
12398,1737.6917247520628
12399,1737.6917247520628
12400,1737.6917247520628
12401,1737.6917247520628
12402,1737.6917247520628
12403,1737.6917247520628
12404,1737.6917247520628
12405,1737.6917247520628
12406,1737.6917247520628
12407,1737.6917247520628
12408,1737.6917247520628
12409,1737.6917247520628
12410,1737.6917247520628
12411,1737.6917247520628
12412,1737.6917247520628
12413,1737.6917247520628
12414,1737.6917247520628
12415,1737.6917247520628
12416,1737.6917247520628
12417,1737.6917247520628
12418,1737.6917247520628
12419,1737.6917247520628
12420,1737.6917247520628
12421,1737.6917247520628
12422,1737.6917247520628
12423,1737.6917247520628
12424,1737.6917247520628
12425,1737.6917247520628
12426,1737.6917247520628
12427,1737.6917247520628
12428,1737.6917247520628
12429,1737.6917247520628
12430,1737.6917247520628
12431,1737.6917247520628
12432,1737.6917247520628
12433,1737.6917247520628
12434,1737.6917247520628
12435,1737.6917247520628
12436,1737.6917247520628
12437,1737.6917247520628
12438,1737.6917247520628
12439,1737.6917247520628
12440,1737.6917247520628
12441,1737.6917247520628
12442,1737.6917247520628
12443,1737.6917247520628
12444,1737.6917247520628
12445,1737.6917247520628
12446,1737.6917247520628
12447,1737.6917247520628
12448,1737.6917247520628
12449,1737.6917247520628
12450,1737.6917247520628
12451,1737.6917247520628
12452,1737.6917247520628
12453,1737.6917247520628
12454,1737.6917247520628
12455,1737.6917247520628
12456,1737.6917247520628
12457,1737.6917247520628
12458,1737.6917247520628
12459,1737.6917247520628
12460,1737.6917247520628
12461,1737.6917247520628
12462,1737.6917247520628
12463,1737.6917247520628
12464,1737.6917247520628
12465,1737.6917247520628
12466,1737.6917247520628
12467,1737.6917247520628
12468,1737.6917247520628
12469,1737.6917247520628
12470,1737.6917247520628
12471,1737.6917247520628
12472,1737.6917247520628
12473,1737.6917247520628
12474,1737.6917247520628
12475,1737.6917247520628
12476,1737.6917247520628
12477,1737.6917247520628
12478,1737.6917247520628
12479,1737.6917247520628
12480,1737.6917247520628
12481,1737.6917247520628
12482,1737.6917247520628
12483,1737.6917247520628
12484,1737.6917247520628
12485,1737.6917247520628
12486,1737.6917247520628
12487,1737.6917247520628
12488,1737.6917247520628
12489,1737.6917247520628
12490,1737.6917247520628
12491,1737.6917247520628
12492,1737.6917247520628
12493,1737.6917247520628
12494,1737.6917247520628
12495,1737.6917247520628
12496,1737.6917247520628
12497,1737.6917247520628
12498,1737.6917247520628
12499,1737.6917247520628
12500,1737.6917247520628
12501,1737.6917247520628
12502,1737.6917247520628
12503,1737.6917247520628
12504,1737.6917247520628
12505,1737.6917247520628
12506,1737.6917247520628
12507,1737.6917247520628
12508,1737.6917247520628
12509,1737.6917247520628
12510,1737.6917247520628
12511,1737.6917247520628
12512,1737.6917247520628
12513,1737.6917247520628
12514,1737.6917247520628
12515,1737.6917247520628
12516,1737.6917247520628
12517,1737.6917247520628
12518,1737.6917247520628
12519,1737.6917247520628
12520,1737.6917247520628
12521,1737.6917247520628
12522,1737.6917247520628
12523,1737.6917247520628
12524,1737.6917247520628
12525,1737.6917247520628
12526,1737.6917247520628
12527,1737.6917247520628
12528,1737.6917247520628
12529,1737.6917247520628
12530,1737.6917247520628
12531,1737.6917247520628
12532,1737.6917247520628
12533,1737.6917247520628
12534,1737.6917247520628
12535,1737.6917247520628
12536,1737.6917247520628
12537,1737.6917247520628
12538,1737.6917247520628
12539,1737.6917247520628
12540,1737.6917247520628
12541,1737.6917247520628
12542,1737.6917247520628
12543,1737.6917247520628
12544,1737.6917247520628
12545,1737.6917247520628
12546,1737.6917247520628
12547,1737.6917247520628
12548,1737.6917247520628
12549,1737.6917247520628
12550,1737.6917247520628
12551,1737.6917247520628
12552,1737.6917247520628
12553,1737.6917247520628
12554,1737.6917247520628
12555,1737.6917247520628
12556,1737.6917247520628
12557,1737.6917247520628
12558,1737.6917247520628
12559,1737.6917247520628
12560,1737.6917247520628
12561,1737.6917247520628
12562,1737.6917247520628
12563,1737.6917247520628
12564,1737.6917247520628
12565,1737.6917247520628
12566,1737.6917247520628
12567,1737.6917247520628
12568,1737.6917247520628
12569,1737.6917247520628
12570,1737.6917247520628
12571,1737.6917247520628
12572,1737.6917247520628
12573,1737.6917247520628
12574,1737.6917247520628
12575,1737.6917247520628
12576,1737.6917247520628
12577,1737.6917247520628
12578,1737.6917247520628
12579,1737.6917247520628
12580,1737.6917247520628
12581,1737.6917247520628
12582,1737.6917247520628
12583,1737.6917247520628
12584,1737.6917247520628
12585,1737.6917247520628
12586,1737.6917247520628
12587,1737.6917247520628
12588,1737.6917247520628
12589,1737.6917247520628
12590,1737.6917247520628
12591,1737.6917247520628
12592,1737.6917247520628
12593,1737.6917247520628
12594,1737.6917247520628
12595,1737.6917247520628
12596,1737.6917247520628
12597,1737.6917247520628
12598,1737.6917247520628
12599,1737.6917247520628
12600,1737.6917247520628
12601,1737.6917247520628
12602,1737.6917247520628
12603,1737.6917247520628
12604,1737.6917247520628
12605,1737.6917247520628
12606,1737.6917247520628
12607,1737.6917247520628
12608,1737.6917247520628
12609,1737.6917247520628
12610,1737.6917247520628
12611,1737.6917247520628
12612,1737.6917247520628
12613,1737.6917247520628
12614,1737.6917247520628
12615,1737.6917247520628
12616,1737.6917247520628
12617,1737.6917247520628
12618,1737.6917247520628
12619,1737.6917247520628
12620,1737.6917247520628
12621,1737.6917247520628
12622,1737.6917247520628
12623,1737.6917247520628
12624,1737.6917247520628
12625,1737.6917247520628
12626,1737.6917247520628
12627,1737.6917247520628
12628,1737.6917247520628
12629,1737.6917247520628
12630,1737.6917247520628
12631,1737.6917247520628
12632,1737.6917247520628
12633,1737.6917247520628
12634,1737.6917247520628
12635,1737.6917247520628
12636,1737.6917247520628
12637,1737.6917247520628
12638,1737.6917247520628
12639,1737.6917247520628
12640,1737.6917247520628
12641,1737.6917247520628
12642,1737.6917247520628
12643,1737.6917247520628
12644,1737.6917247520628
12645,1737.6917247520628
12646,1737.6917247520628
12647,1737.6917247520628
12648,1737.6917247520628
12649,1737.6917247520628
12650,1737.6917247520628
12651,1737.6917247520628
12652,1737.6917247520628
12653,1737.6917247520628
12654,1737.6917247520628
12655,1737.6917247520628
12656,1737.6917247520628
12657,1737.6917247520628
12658,1737.6917247520628
12659,1737.6917247520628
12660,1737.6917247520628
12661,1737.6917247520628
12662,1737.6917247520628
12663,1737.6917247520628
12664,1737.6917247520628
12665,1737.6917247520628
12666,1737.6917247520628
12667,1737.6917247520628
12668,1737.6917247520628
12669,1737.6917247520628
12670,1737.6917247520628
12671,1737.6917247520628
12672,1737.6917247520628
12673,1737.6917247520628
12674,1737.6917247520628
12675,1737.6917247520628
12676,1737.6917247520628
12677,1737.6917247520628
12678,1737.6917247520628
12679,1737.6917247520628
12680,1737.6917247520628
12681,1737.6917247520628
12682,1737.6917247520628
12683,1737.6917247520628
12684,1737.6917247520628
12685,1737.6917247520628
12686,1737.6917247520628
12687,1737.6917247520628
12688,1737.6917247520628
12689,1737.6917247520628
12690,1737.6917247520628
12691,1737.6917247520628
12692,1737.6917247520628
12693,1737.6917247520628
12694,1737.6917247520628
12695,1737.6917247520628
12696,1737.6917247520628
12697,1737.6917247520628
12698,1737.6917247520628
12699,1737.6917247520628
12700,1737.6917247520628
12701,1737.6917247520628
12702,1737.6917247520628
12703,1737.6917247520628
12704,1737.6917247520628
12705,1737.6917247520628
12706,1737.6917247520628
12707,1737.6917247520628
12708,1737.6917247520628
12709,1737.6917247520628
12710,1737.6917247520628
12711,1737.6917247520628
12712,1737.6917247520628
12713,1737.6917247520628
12714,1737.6917247520628
12715,1737.6917247520628
12716,1737.6917247520628
12717,1737.6917247520628
12718,1737.6917247520628
12719,1737.6917247520628
12720,1737.6917247520628
12721,1737.6917247520628
12722,1737.6917247520628
12723,1737.6917247520628
12724,1737.6917247520628
12725,1737.6917247520628
12726,1737.6917247520628
12727,1737.6917247520628
12728,1737.6917247520628
12729,1737.6917247520628
12730,1737.6917247520628
12731,1737.6917247520628
12732,1737.6917247520628
12733,1737.6917247520628
12734,1737.6917247520628
12735,1737.6917247520628
12736,1737.6917247520628
12737,1737.6917247520628
12738,1737.6917247520628
12739,1737.6917247520628
12740,1737.6917247520628
12741,1737.6917247520628
12742,1737.6917247520628
12743,1737.6917247520628
12744,1737.6917247520628
12745,1737.6917247520628
12746,1737.6917247520628
12747,1737.6917247520628
12748,1737.6917247520628
12749,1737.6917247520628
12750,1737.6917247520628
12751,1737.6917247520628
12752,1737.6917247520628
12753,1737.6917247520628
12754,1737.6917247520628
12755,1737.6917247520628
12756,1737.6917247520628
12757,1737.6917247520628
12758,1737.6917247520628
12759,1737.6917247520628
12760,1737.6917247520628
12761,1737.6917247520628
12762,1737.6917247520628
12763,1737.6917247520628
12764,1737.6917247520628
12765,1737.6917247520628
12766,1737.6917247520628
12767,1737.6917247520628
12768,1737.6917247520628
12769,1737.6917247520628
12770,1737.6917247520628
12771,1737.6917247520628
12772,1737.6917247520628
12773,1737.6917247520628
12774,1737.6917247520628
12775,1737.6917247520628
12776,1737.6917247520628
12777,1737.6917247520628
12778,1737.6917247520628
12779,1737.6917247520628
12780,1737.6917247520628
12781,1737.6917247520628
12782,1737.6917247520628
12783,1737.6917247520628
12784,1737.6917247520628
12785,1737.6917247520628
12786,1737.6917247520628
12787,1737.6917247520628
12788,1737.6917247520628
12789,1737.6917247520628
12790,1737.6917247520628
12791,1737.6917247520628
12792,1737.6917247520628
12793,1737.6917247520628
12794,1737.6917247520628
12795,1737.6917247520628
12796,1737.6917247520628
12797,1737.6917247520628
12798,1737.6917247520628
12799,1737.6917247520628
12800,1737.6917247520628
12801,1737.6917247520628
12802,1737.6917247520628
12803,1737.6917247520628
12804,1737.6917247520628
12805,1737.6917247520628
12806,1737.6917247520628
12807,1737.6917247520628
12808,1737.6917247520628
12809,1737.6917247520628
12810,1737.6917247520628
12811,1737.6917247520628
12812,1737.6917247520628
12813,1737.6917247520628
12814,1737.6917247520628
12815,1737.6917247520628
12816,1737.6917247520628
12817,1737.6917247520628
12818,1737.6917247520628
12819,1737.6917247520628
12820,1737.6917247520628
12821,1737.6917247520628
12822,1737.6917247520628
12823,1737.6917247520628
12824,1737.6917247520628
12825,1737.6917247520628
12826,1737.6917247520628
12827,1737.6917247520628
12828,1737.6917247520628
12829,1737.6917247520628
12830,1737.6917247520628
12831,1737.6917247520628
12832,1737.6917247520628
12833,1737.6917247520628
12834,1737.6917247520628
12835,1737.6917247520628
12836,1737.6917247520628
12837,1737.6917247520628
12838,1737.6917247520628
12839,1737.6917247520628
12840,1737.6917247520628
12841,1737.6917247520628
12842,1737.6917247520628
12843,1737.6917247520628
12844,1737.6917247520628
12845,1737.6917247520628
12846,1737.6917247520628
12847,1737.6917247520628
12848,1737.6917247520628
12849,1737.6917247520628
12850,1737.6917247520628
12851,1737.6917247520628
12852,1737.6917247520628
12853,1737.6917247520628
12854,1737.6917247520628
12855,1737.6917247520628
12856,1737.6917247520628
12857,1737.6917247520628
12858,1737.6917247520628
12859,1737.6917247520628
12860,1737.6917247520628
12861,1737.6917247520628
12862,1737.6917247520628
12863,1737.6917247520628
12864,1737.6917247520628
12865,1737.6917247520628
12866,1737.6917247520628
12867,1737.6917247520628
12868,1737.6917247520628
12869,1737.6917247520628
12870,1737.6917247520628
12871,1737.6917247520628
12872,1737.6917247520628
12873,1737.6917247520628
12874,1737.6917247520628
12875,1737.6917247520628
12876,1737.6917247520628
12877,1737.6917247520628
12878,1737.6917247520628
12879,1737.6917247520628
12880,1737.6917247520628
12881,1737.6917247520628
12882,1737.6917247520628
12883,1737.6917247520628
12884,1737.6917247520628
12885,1737.6917247520628
12886,1737.6917247520628
12887,1737.6917247520628
12888,1737.6917247520628
12889,1737.6917247520628
12890,1737.6917247520628
12891,1737.6917247520628
12892,1737.6917247520628
12893,1737.6917247520628
12894,1737.6917247520628
12895,1737.6917247520628
12896,1737.6917247520628
12897,1737.6917247520628
12898,1737.6917247520628
12899,1737.6917247520628
12900,1737.6917247520628
12901,1737.6917247520628
12902,1737.6917247520628
12903,1737.6917247520628
12904,1737.6917247520628
12905,1737.6917247520628
12906,1737.6917247520628
12907,1737.6917247520628
12908,1737.6917247520628
12909,1737.6917247520628
12910,1737.6917247520628
12911,1737.6917247520628
12912,1737.6917247520628
12913,1737.6917247520628
12914,1737.6917247520628
12915,1737.6917247520628
12916,1737.6917247520628
12917,1737.6917247520628
12918,1737.6917247520628
12919,1737.6917247520628
12920,1737.6917247520628
12921,1737.6917247520628
12922,1737.6917247520628
12923,1737.6917247520628
12924,1737.6917247520628
12925,1737.6917247520628
12926,1737.6917247520628
12927,1737.6917247520628
12928,1737.6917247520628
12929,1737.6917247520628
12930,1737.6917247520628
12931,1737.6917247520628
12932,1737.6917247520628
12933,1737.6917247520628
12934,1737.6917247520628
12935,1737.6917247520628
12936,1737.6917247520628
12937,1737.6917247520628
12938,1737.6917247520628
12939,1737.6917247520628
12940,1737.6917247520628
12941,1737.6917247520628
12942,1737.6917247520628
12943,1737.6917247520628
12944,1737.6917247520628
12945,1737.6917247520628
12946,1737.6917247520628
12947,1737.6917247520628
12948,1737.6917247520628
12949,1737.6917247520628
12950,1737.6917247520628
12951,1737.6917247520628
12952,1737.6917247520628
12953,1737.6917247520628
12954,1737.6917247520628
12955,1737.6917247520628
12956,1737.6917247520628
12957,1737.6917247520628
12958,1737.6917247520628
12959,1737.6917247520628
12960,1737.6917247520628
12961,1737.6917247520628
12962,1737.6917247520628
12963,1737.6917247520628
12964,1737.6917247520628
12965,1737.6917247520628
12966,1737.6917247520628
12967,1737.6917247520628
12968,1737.6917247520628
12969,1737.6917247520628
12970,1737.6917247520628
12971,1737.6917247520628
12972,1737.6917247520628
12973,1737.6917247520628
12974,1737.6917247520628
12975,1737.6917247520628
12976,1737.6917247520628
12977,1737.6917247520628
12978,1737.6917247520628
12979,1737.6917247520628
12980,1737.6917247520628
12981,1737.6917247520628
12982,1737.6917247520628
12983,1737.6917247520628
12984,1737.6917247520628
12985,1737.6917247520628
12986,1737.6917247520628
12987,1737.6917247520628
12988,1737.6917247520628
12989,1737.6917247520628
12990,1737.6917247520628
12991,1737.6917247520628
12992,1737.6917247520628
12993,1737.6917247520628
12994,1737.6917247520628
12995,1737.6917247520628
12996,1737.6917247520628
12997,1737.6917247520628
12998,1737.6917247520628
12999,1737.6917247520628
13000,1737.6917247520628
13001,1737.6917247520628
13002,1737.6917247520628
13003,1737.6917247520628
13004,1737.6917247520628
13005,1737.6917247520628
13006,1737.6917247520628
13007,1737.6917247520628
13008,1737.6917247520628
13009,1737.6917247520628
13010,1737.6917247520628
13011,1737.6917247520628
13012,1737.6917247520628
13013,1737.6917247520628
13014,1737.6917247520628
13015,1737.6917247520628
13016,1737.6917247520628
13017,1737.6917247520628
13018,1737.6917247520628
13019,1737.6917247520628
13020,1737.6917247520628
13021,1737.6917247520628
13022,1737.6917247520628
13023,1737.6917247520628
13024,1737.6917247520628
13025,1737.6917247520628
13026,1737.6917247520628
13027,1737.6917247520628
13028,1737.6917247520628
13029,1737.6917247520628
13030,1737.6917247520628
13031,1737.6917247520628
13032,1737.6917247520628
13033,1737.6917247520628
13034,1737.6917247520628
13035,1737.6917247520628
13036,1737.6917247520628
13037,1737.6917247520628
13038,1737.6917247520628
13039,1737.6917247520628
13040,1737.6917247520628
13041,1737.6917247520628
13042,1737.6917247520628
13043,1737.6917247520628
13044,1737.6917247520628
13045,1737.6917247520628
13046,1737.6917247520628
13047,1737.6917247520628
13048,1737.6917247520628
13049,1737.6917247520628
13050,1737.6917247520628
13051,1737.6917247520628
13052,1737.6917247520628
13053,1737.6917247520628
13054,1737.6917247520628
13055,1737.6917247520628
13056,1737.6917247520628
13057,1737.6917247520628
13058,1737.6917247520628
13059,1737.6917247520628
13060,1737.6917247520628
13061,1737.6917247520628
13062,1737.6917247520628
13063,1737.6917247520628
13064,1737.6917247520628
13065,1737.6917247520628
13066,1737.6917247520628
13067,1737.6917247520628
13068,1737.6917247520628
13069,1737.6917247520628
13070,1737.6917247520628
13071,1737.6917247520628
13072,1737.6917247520628
13073,1737.6917247520628
13074,1737.6917247520628
13075,1737.6917247520628
13076,1737.6917247520628
13077,1737.6917247520628
13078,1737.6917247520628
13079,1737.6917247520628
13080,1737.6917247520628
13081,1737.6917247520628
13082,1737.6917247520628
13083,1737.6917247520628
13084,1737.6917247520628
13085,1737.6917247520628
13086,1737.6917247520628
13087,1737.6917247520628
13088,1737.6917247520628
13089,1737.6917247520628
13090,1737.6917247520628
13091,1737.6917247520628
13092,1737.6917247520628
13093,1737.6917247520628
13094,1737.6917247520628
13095,1737.6917247520628
13096,1737.6917247520628
13097,1737.6917247520628
13098,1737.6917247520628
13099,1737.6917247520628
13100,1737.6917247520628
13101,1737.6917247520628
13102,1737.6917247520628
13103,1737.6917247520628
13104,1737.6917247520628
13105,1737.6917247520628
13106,1737.6917247520628
13107,1737.6917247520628
13108,1737.6917247520628
13109,1737.6917247520628
13110,1737.6917247520628
13111,1737.6917247520628
13112,1737.6917247520628
13113,1737.6917247520628
13114,1737.6917247520628
13115,1737.6917247520628
13116,1737.6917247520628
13117,1737.6917247520628
13118,1737.6917247520628
13119,1737.6917247520628
13120,1737.6917247520628
13121,1737.6917247520628
13122,1737.6917247520628
13123,1737.6917247520628
13124,1737.6917247520628
13125,1737.6917247520628
13126,1737.6917247520628
13127,1737.6917247520628
13128,1737.6917247520628
13129,1737.6917247520628
13130,1737.6917247520628
13131,1737.6917247520628
13132,1737.6917247520628
13133,1737.6917247520628
13134,1737.6917247520628
13135,1737.6917247520628
13136,1737.6917247520628
13137,1737.6917247520628
13138,1737.6917247520628
13139,1737.6917247520628
13140,1737.6917247520628
13141,1737.6917247520628
13142,1737.6917247520628
13143,1737.6917247520628
13144,1737.6917247520628
13145,1737.6917247520628
13146,1737.6917247520628
13147,1737.6917247520628
13148,1737.6917247520628
13149,1737.6917247520628
13150,1737.6917247520628
13151,1737.6917247520628
13152,1737.6917247520628
13153,1737.6917247520628
13154,1737.6917247520628
13155,1737.6917247520628
13156,1737.6917247520628
13157,1737.6917247520628
13158,1737.6917247520628
13159,1737.6917247520628
13160,1737.6917247520628
13161,1737.6917247520628
13162,1737.6917247520628
13163,1737.6917247520628
13164,1737.6917247520628
13165,1737.6917247520628
13166,1737.6917247520628
13167,1737.6917247520628
13168,1737.6917247520628
13169,1737.6917247520628
13170,1737.6917247520628
13171,1737.6917247520628
13172,1737.6917247520628
13173,1737.6917247520628
13174,1737.6917247520628
13175,1737.6917247520628
13176,1737.6917247520628
13177,1737.6917247520628
13178,1737.6917247520628
13179,1737.6917247520628
13180,1737.6917247520628
13181,1737.6917247520628
13182,1737.6917247520628
13183,1737.6917247520628
13184,1737.6917247520628
13185,1737.6917247520628
13186,1737.6917247520628
13187,1737.6917247520628
13188,1737.6917247520628
13189,1737.6917247520628
13190,1737.6917247520628
13191,1737.6917247520628
13192,1737.6917247520628
13193,1737.6917247520628
13194,1737.6917247520628
13195,1737.6917247520628
13196,1737.6917247520628
13197,1737.6917247520628
13198,1737.6917247520628
13199,1737.6917247520628
13200,1737.6917247520628
13201,1737.6917247520628
13202,1737.6917247520628
13203,1737.6917247520628
13204,1737.6917247520628
13205,1737.6917247520628
13206,1737.6917247520628
13207,1737.6917247520628
13208,1737.6917247520628
13209,1737.6917247520628
13210,1737.6917247520628
13211,1737.6917247520628
13212,1737.6917247520628
13213,1737.6917247520628
13214,1737.6917247520628
13215,1737.6917247520628
13216,1737.6917247520628
13217,1737.6917247520628
13218,1737.6917247520628
13219,1737.6917247520628
13220,1737.6917247520628
13221,1737.6917247520628
13222,1737.6917247520628
13223,1737.6917247520628
13224,1737.6917247520628
13225,1737.6917247520628
13226,1737.6917247520628
13227,1737.6917247520628
13228,1737.6917247520628
13229,1737.6917247520628
13230,1737.6917247520628
13231,1737.6917247520628
13232,1737.6917247520628
13233,1737.6917247520628
13234,1737.6917247520628
13235,1737.6917247520628
13236,1737.6917247520628
13237,1737.6917247520628
13238,1737.6917247520628
13239,1737.6917247520628
13240,1737.6917247520628
13241,1737.6917247520628
13242,1737.6917247520628
13243,1737.6917247520628
13244,1737.6917247520628
13245,1737.6917247520628
13246,1737.6917247520628
13247,1737.6917247520628
13248,1737.6917247520628
13249,1737.6917247520628
13250,1737.6917247520628
13251,1737.6917247520628
13252,1737.6917247520628
13253,1737.6917247520628
13254,1737.6917247520628
13255,1737.6917247520628
13256,1737.6917247520628
13257,1737.6917247520628
13258,1737.6917247520628
13259,1737.6917247520628
13260,1737.6917247520628
13261,1737.6917247520628
13262,1737.6917247520628
13263,1737.6917247520628
13264,1737.6917247520628
13265,1737.6917247520628
13266,1737.6917247520628
13267,1737.6917247520628
13268,1737.6917247520628
13269,1737.6917247520628
13270,1737.6917247520628
13271,1737.6917247520628
13272,1737.6917247520628
13273,1737.6917247520628
13274,1737.6917247520628
13275,1737.6917247520628
13276,1737.6917247520628
13277,1737.6917247520628
13278,1737.6917247520628
13279,1737.6917247520628
13280,1737.6917247520628
13281,1737.6917247520628
13282,1737.6917247520628
13283,1737.6917247520628
13284,1737.6917247520628
13285,1737.6917247520628
13286,1737.6917247520628
13287,1737.6917247520628
13288,1737.6917247520628
13289,1737.6917247520628
13290,1737.6917247520628
13291,1737.6917247520628
13292,1737.6917247520628
13293,1737.6917247520628
13294,1737.6917247520628
13295,1737.6917247520628
13296,1737.6917247520628
13297,1737.6917247520628
13298,1737.6917247520628
13299,1737.6917247520628
13300,1737.6917247520628
13301,1737.6917247520628
13302,1737.6917247520628
13303,1737.6917247520628
13304,1737.6917247520628
13305,1737.6917247520628
13306,1737.6917247520628
13307,1737.6917247520628
13308,1737.6917247520628
13309,1737.6917247520628
13310,1737.6917247520628
13311,1737.6917247520628
13312,1737.6917247520628
13313,1737.6917247520628
13314,1737.6917247520628
13315,1737.6917247520628
13316,1737.6917247520628
13317,1737.6917247520628
13318,1737.6917247520628
13319,1737.6917247520628
13320,1737.6917247520628
13321,1737.6917247520628
13322,1737.6917247520628
13323,1737.6917247520628
13324,1737.6917247520628
13325,1737.6917247520628
13326,1737.6917247520628
13327,1737.6917247520628
13328,1737.6917247520628
13329,1737.6917247520628
13330,1737.6917247520628
13331,1737.6917247520628
13332,1737.6917247520628
13333,1737.6917247520628
13334,1737.6917247520628
13335,1737.6917247520628
13336,1737.6917247520628
13337,1737.6917247520628
13338,1737.6917247520628
13339,1737.6917247520628
13340,1737.6917247520628
13341,1737.6917247520628
13342,1737.6917247520628
13343,1737.6917247520628
13344,1737.6917247520628
13345,1737.6917247520628
13346,1737.6917247520628
13347,1737.6917247520628
13348,1737.6917247520628
13349,1737.6917247520628
13350,1737.6917247520628
13351,1737.6917247520628
13352,1737.6917247520628
13353,1737.6917247520628
13354,1737.6917247520628
13355,1737.6917247520628
13356,1737.6917247520628
13357,1737.6917247520628
13358,1737.6917247520628
13359,1737.6917247520628
13360,1737.6917247520628
13361,1737.6917247520628
13362,1737.6917247520628
13363,1737.6917247520628
13364,1737.6917247520628
13365,1737.6917247520628
13366,1737.6917247520628
13367,1737.6917247520628
13368,1737.6917247520628
13369,1737.6917247520628
13370,1737.6917247520628
13371,1737.6917247520628
13372,1737.6917247520628
13373,1737.6917247520628
13374,1737.6917247520628
13375,1737.6917247520628
13376,1737.6917247520628
13377,1737.6917247520628
13378,1737.6917247520628
13379,1737.6917247520628
13380,1737.6917247520628
13381,1737.6917247520628
13382,1737.6917247520628
13383,1737.6917247520628
13384,1737.6917247520628
13385,1737.6917247520628
13386,1737.6917247520628
13387,1737.6917247520628
13388,1737.6917247520628
13389,1737.6917247520628
13390,1737.6917247520628
13391,1737.6917247520628
13392,1737.6917247520628
13393,1737.6917247520628
13394,1737.6917247520628
13395,1737.6917247520628
13396,1737.6917247520628
13397,1737.6917247520628
13398,1737.6917247520628
13399,1737.6917247520628
13400,1737.6917247520628
13401,1737.6917247520628
13402,1737.6917247520628
13403,1737.6917247520628
13404,1737.6917247520628
13405,1737.6917247520628
13406,1737.6917247520628
13407,1737.6917247520628
13408,1737.6917247520628
13409,1737.6917247520628
13410,1737.6917247520628
13411,1737.6917247520628
13412,1737.6917247520628
13413,1737.6917247520628
13414,1737.6917247520628
13415,1737.6917247520628
13416,1737.6917247520628
13417,1737.6917247520628
13418,1737.6917247520628
13419,1737.6917247520628
13420,1737.6917247520628
13421,1737.6917247520628
13422,1737.6917247520628
13423,1737.6917247520628
13424,1737.6917247520628
13425,1737.6917247520628
13426,1737.6917247520628
13427,1737.6917247520628
13428,1737.6917247520628
13429,1737.6917247520628
13430,1737.6917247520628
13431,1737.6917247520628
13432,1737.6917247520628
13433,1737.6917247520628
13434,1737.6917247520628
13435,1737.6917247520628
13436,1737.6917247520628
13437,1737.6917247520628
13438,1737.6917247520628
13439,1737.6917247520628
13440,1737.6917247520628
13441,1737.6917247520628
13442,1737.6917247520628
13443,1737.6917247520628
13444,1737.6917247520628
13445,1737.6917247520628
13446,1737.6917247520628
13447,1737.6917247520628
13448,1737.6917247520628
13449,1737.6917247520628
13450,1737.6917247520628
13451,1737.6917247520628
13452,1737.6917247520628
13453,1737.6917247520628
13454,1737.6917247520628
13455,1737.6917247520628
13456,1737.6917247520628
13457,1737.6917247520628
13458,1737.6917247520628
13459,1737.6917247520628
13460,1737.6917247520628
13461,1737.6917247520628
13462,1737.6917247520628
13463,1737.6917247520628
13464,1737.6917247520628
13465,1737.6917247520628
13466,1737.6917247520628
13467,1737.6917247520628
13468,1737.6917247520628
13469,1737.6917247520628
13470,1737.6917247520628
13471,1737.6917247520628
13472,1737.6917247520628
13473,1737.6917247520628
13474,1737.6917247520628
13475,1737.6917247520628
13476,1737.6917247520628
13477,1737.6917247520628
13478,1737.6917247520628
13479,1737.6917247520628
13480,1737.6917247520628
13481,1737.6917247520628
13482,1737.6917247520628
13483,1737.6917247520628
13484,1737.6917247520628
13485,1737.6917247520628
13486,1737.6917247520628
13487,1737.6917247520628
13488,1737.6917247520628
13489,1737.6917247520628
13490,1737.6917247520628
13491,1737.6917247520628
13492,1737.6917247520628
13493,1737.6917247520628
13494,1737.6917247520628
13495,1737.6917247520628
13496,1737.6917247520628
13497,1737.6917247520628
13498,1737.6917247520628
13499,1737.6917247520628
13500,1737.6917247520628
13501,1737.6917247520628
13502,1737.6917247520628
13503,1737.6917247520628
13504,1737.6917247520628
13505,1737.6917247520628
13506,1737.6917247520628
13507,1737.6917247520628
13508,1737.6917247520628
13509,1737.6917247520628
13510,1737.6917247520628
13511,1737.6917247520628
13512,1737.6917247520628
13513,1737.6917247520628
13514,1737.6917247520628
13515,1737.6917247520628
13516,1737.6917247520628
13517,1737.6917247520628
13518,1737.6917247520628
13519,1737.6917247520628
13520,1737.6917247520628
13521,1737.6917247520628
13522,1737.6917247520628
13523,1737.6917247520628
13524,1737.6917247520628
13525,1737.6917247520628
13526,1737.6917247520628
13527,1737.6917247520628
13528,1737.6917247520628
13529,1737.6917247520628
13530,1737.6917247520628
13531,1737.6917247520628
13532,1737.6917247520628
13533,1737.6917247520628
13534,1737.6917247520628
13535,1737.6917247520628
13536,1737.6917247520628
13537,1737.6917247520628
13538,1737.6917247520628
13539,1737.6917247520628
13540,1737.6917247520628
13541,1737.6917247520628
13542,1737.6917247520628
13543,1737.6917247520628
13544,1737.6917247520628
13545,1737.6917247520628
13546,1737.6917247520628
13547,1737.6917247520628
13548,1737.6917247520628
13549,1737.6917247520628
13550,1737.6917247520628
13551,1737.6917247520628
13552,1737.6917247520628
13553,1737.6917247520628
13554,1737.6917247520628
13555,1737.6917247520628
13556,1737.6917247520628
13557,1737.6917247520628
13558,1737.6917247520628
13559,1737.6917247520628
13560,1737.6917247520628
13561,1737.6917247520628
13562,1737.6917247520628
13563,1737.6917247520628
13564,1737.6917247520628
13565,1737.6917247520628
13566,1737.6917247520628
13567,1737.6917247520628
13568,1737.6917247520628
13569,1737.6917247520628
13570,1737.6917247520628
13571,1737.6917247520628
13572,1737.6917247520628
13573,1737.6917247520628
13574,1737.6917247520628
13575,1737.6917247520628
13576,1737.6917247520628
13577,1737.6917247520628
13578,1737.6917247520628
13579,1737.6917247520628
13580,1737.6917247520628
13581,1737.6917247520628
13582,1737.6917247520628
13583,1737.6917247520628
13584,1737.6917247520628
13585,1737.6917247520628
13586,1737.6917247520628
13587,1737.6917247520628
13588,1737.6917247520628
13589,1737.6917247520628
13590,1737.6917247520628
13591,1737.6917247520628
13592,1737.6917247520628
13593,1737.6917247520628
13594,1737.6917247520628
13595,1737.6917247520628
13596,1737.6917247520628
13597,1737.6917247520628
13598,1737.6917247520628
13599,1737.6917247520628
13600,1737.6917247520628
13601,1737.6917247520628
13602,1737.6917247520628
13603,1737.6917247520628
13604,1737.6917247520628
13605,1737.6917247520628
13606,1737.6917247520628
13607,1737.6917247520628
13608,1737.6917247520628
13609,1737.6917247520628
13610,1737.6917247520628
13611,1737.6917247520628
13612,1737.6917247520628
13613,1737.6917247520628
13614,1737.6917247520628
13615,1737.6917247520628
13616,1737.6917247520628
13617,1737.6917247520628
13618,1737.6917247520628
13619,1737.6917247520628
13620,1737.6917247520628
13621,1737.6917247520628
13622,1737.6917247520628
13623,1737.6917247520628
13624,1737.6917247520628
13625,1737.6917247520628
13626,1737.6917247520628
13627,1737.6917247520628
13628,1737.6917247520628
13629,1737.6917247520628
13630,1737.6917247520628
13631,1737.6917247520628
13632,1737.6917247520628
13633,1737.6917247520628
13634,1737.6917247520628
13635,1737.6917247520628
13636,1737.6917247520628
13637,1737.6917247520628
13638,1737.6917247520628
13639,1737.6917247520628
13640,1737.6917247520628
13641,1737.6917247520628
13642,1737.6917247520628
13643,1737.6917247520628
13644,1737.6917247520628
13645,1737.6917247520628
13646,1737.6917247520628
13647,1737.6917247520628
13648,1737.6917247520628
13649,1737.6917247520628
13650,1737.6917247520628
13651,1737.6917247520628
13652,1737.6917247520628
13653,1737.6917247520628
13654,1737.6917247520628
13655,1737.6917247520628
13656,1737.6917247520628
13657,1737.6917247520628
13658,1737.6917247520628
13659,1737.6917247520628
13660,1737.6917247520628
13661,1737.6917247520628
13662,1737.6917247520628
13663,1737.6917247520628
13664,1737.6917247520628
13665,1737.6917247520628
13666,1737.6917247520628
13667,1737.6917247520628
13668,1737.6917247520628
13669,1737.6917247520628
13670,1737.6917247520628
13671,1737.6917247520628
13672,1737.6917247520628
13673,1737.6917247520628
13674,1737.6917247520628
13675,1737.6917247520628
13676,1737.6917247520628
13677,1737.6917247520628
13678,1737.6917247520628
13679,1737.6917247520628
13680,1737.6917247520628
13681,1737.6917247520628
13682,1737.6917247520628
13683,1737.6917247520628
13684,1737.6917247520628
13685,1737.6917247520628
13686,1737.6917247520628
13687,1737.6917247520628
13688,1737.6917247520628
13689,1737.6917247520628
13690,1737.6917247520628
13691,1737.6917247520628
13692,1737.6917247520628
13693,1737.6917247520628
13694,1737.6917247520628
13695,1737.6917247520628
13696,1737.6917247520628
13697,1737.6917247520628
13698,1737.6917247520628
13699,1737.6917247520628
13700,1737.6917247520628
13701,1737.6917247520628
13702,1737.6917247520628
13703,1737.6917247520628
13704,1737.6917247520628
13705,1737.6917247520628
13706,1737.6917247520628
13707,1737.6917247520628
13708,1737.6917247520628
13709,1737.6917247520628
13710,1737.6917247520628
13711,1737.6917247520628
13712,1737.6917247520628
13713,1737.6917247520628
13714,1737.6917247520628
13715,1737.6917247520628
13716,1737.6917247520628
13717,1737.6917247520628
13718,1737.6917247520628
13719,1737.6917247520628
13720,1737.6917247520628
13721,1737.6917247520628
13722,1737.6917247520628
13723,1737.6917247520628
13724,1737.6917247520628
13725,1737.6917247520628
13726,1737.6917247520628
13727,1737.6917247520628
13728,1737.6917247520628
13729,1737.6917247520628
13730,1737.6917247520628
13731,1737.6917247520628
13732,1737.6917247520628
13733,1737.6917247520628
13734,1737.6917247520628
13735,1737.6917247520628
13736,1737.6917247520628
13737,1737.6917247520628
13738,1737.6917247520628
13739,1737.6917247520628
13740,1737.6917247520628
13741,1737.6917247520628
13742,1737.6917247520628
13743,1737.6917247520628
13744,1737.6917247520628
13745,1737.6917247520628
13746,1737.6917247520628
13747,1737.6917247520628
13748,1737.6917247520628
13749,1737.6917247520628
13750,1737.6917247520628
13751,1737.6917247520628
13752,1737.6917247520628
13753,1737.6917247520628
13754,1737.6917247520628
13755,1737.6917247520628
13756,1737.6917247520628
13757,1737.6917247520628
13758,1737.6917247520628
13759,1737.6917247520628
13760,1737.6917247520628
13761,1737.6917247520628
13762,1737.6917247520628
13763,1737.6917247520628
13764,1737.6917247520628
13765,1737.6917247520628
13766,1737.6917247520628
13767,1737.6917247520628
13768,1737.6917247520628
13769,1737.6917247520628
13770,1737.6917247520628
13771,1737.6917247520628
13772,1737.6917247520628
13773,1737.6917247520628
13774,1737.6917247520628
13775,1737.6917247520628
13776,1737.6917247520628
13777,1737.6917247520628
13778,1737.6917247520628
13779,1737.6917247520628
13780,1737.6917247520628
13781,1737.6917247520628
13782,1737.6917247520628
13783,1737.6917247520628
13784,1737.6917247520628
13785,1737.6917247520628
13786,1737.6917247520628
13787,1737.6917247520628
13788,1737.6917247520628
13789,1737.6917247520628
13790,1737.6917247520628
13791,1737.6917247520628
13792,1737.6917247520628
13793,1737.6917247520628
13794,1737.6917247520628
13795,1737.6917247520628
13796,1737.6917247520628
13797,1737.6917247520628
13798,1737.6917247520628
13799,1737.6917247520628
13800,1737.6917247520628
13801,1737.6917247520628
13802,1737.6917247520628
13803,1737.6917247520628
13804,1737.6917247520628
13805,1737.6917247520628
13806,1737.6917247520628
13807,1737.6917247520628
13808,1737.6917247520628
13809,1737.6917247520628
13810,1737.6917247520628
13811,1737.6917247520628
13812,1737.6917247520628
13813,1737.6917247520628
13814,1737.6917247520628
13815,1737.6917247520628
13816,1737.6917247520628
13817,1737.6917247520628
13818,1737.6917247520628
13819,1737.6917247520628
13820,1737.6917247520628
13821,1737.6917247520628
13822,1737.6917247520628
13823,1737.6917247520628
13824,1737.6917247520628
13825,1737.6917247520628
13826,1737.6917247520628
13827,1737.6917247520628
13828,1737.6917247520628
13829,1737.6917247520628
13830,1737.6917247520628
13831,1737.6917247520628
13832,1737.6917247520628
13833,1737.6917247520628
13834,1737.6917247520628
13835,1737.6917247520628
13836,1737.6917247520628
13837,1737.6917247520628
13838,1737.6917247520628
13839,1737.6917247520628
13840,1737.6917247520628
13841,1737.6917247520628
13842,1737.6917247520628
13843,1737.6917247520628
13844,1737.6917247520628
13845,1737.6917247520628
13846,1737.6917247520628
13847,1737.6917247520628
13848,1737.6917247520628
13849,1737.6917247520628
13850,1737.6917247520628
13851,1737.6917247520628
13852,1737.6917247520628
13853,1737.6917247520628
13854,1737.6917247520628
13855,1737.6917247520628
13856,1737.6917247520628
13857,1737.6917247520628
13858,1737.6917247520628
13859,1737.6917247520628
13860,1737.6917247520628
13861,1737.6917247520628
13862,1737.6917247520628
13863,1737.6917247520628
13864,1737.6917247520628
13865,1737.6917247520628
13866,1737.6917247520628
13867,1737.6917247520628
13868,1737.6917247520628
13869,1737.6917247520628
13870,1737.6917247520628
13871,1737.6917247520628
13872,1737.6917247520628
13873,1737.6917247520628
13874,1737.6917247520628
13875,1737.6917247520628
13876,1737.6917247520628
13877,1737.6917247520628
13878,1737.6917247520628
13879,1737.6917247520628
13880,1737.6917247520628
13881,1737.6917247520628
13882,1737.6917247520628
13883,1737.6917247520628
13884,1737.6917247520628
13885,1737.6917247520628
13886,1737.6917247520628
13887,1737.6917247520628
13888,1737.6917247520628
13889,1737.6917247520628
13890,1737.6917247520628
13891,1737.6917247520628
13892,1737.6917247520628
13893,1737.6917247520628
13894,1737.6917247520628
13895,1737.6917247520628
13896,1737.6917247520628
13897,1737.6917247520628
13898,1737.6917247520628
13899,1737.6917247520628
13900,1737.6917247520628
13901,1737.6917247520628
13902,1737.6917247520628
13903,1737.6917247520628
13904,1737.6917247520628
13905,1737.6917247520628
13906,1737.6917247520628
13907,1737.6917247520628
13908,1737.6917247520628
13909,1737.6917247520628
13910,1737.6917247520628
13911,1737.6917247520628
13912,1737.6917247520628
13913,1737.6917247520628
13914,1737.6917247520628
13915,1737.6917247520628
13916,1737.6917247520628
13917,1737.6917247520628
13918,1737.6917247520628
13919,1737.6917247520628
13920,1737.6917247520628
13921,1737.6917247520628
13922,1737.6917247520628
13923,1737.6917247520628
13924,1737.6917247520628
13925,1737.6917247520628
13926,1737.6917247520628
13927,1737.6917247520628
13928,1737.6917247520628
13929,1737.6917247520628
13930,1737.6917247520628
13931,1737.6917247520628
13932,1737.6917247520628
13933,1737.6917247520628
13934,1737.6917247520628
13935,1737.6917247520628
13936,1737.6917247520628
13937,1737.6917247520628
13938,1737.6917247520628
13939,1737.6917247520628
13940,1737.6917247520628
13941,1737.6917247520628
13942,1737.6917247520628
13943,1737.6917247520628
13944,1737.6917247520628
13945,1737.6917247520628
13946,1737.6917247520628
13947,1737.6917247520628
13948,1737.6917247520628
13949,1737.6917247520628
13950,1737.6917247520628
13951,1737.6917247520628
13952,1737.6917247520628
13953,1737.6917247520628
13954,1737.6917247520628
13955,1737.6917247520628
13956,1737.6917247520628
13957,1737.6917247520628
13958,1737.6917247520628
13959,1737.6917247520628
13960,1737.6917247520628
13961,1737.6917247520628
13962,1737.6917247520628
13963,1737.6917247520628
13964,1737.6917247520628
13965,1737.6917247520628
13966,1737.6917247520628
13967,1737.6917247520628
13968,1737.6917247520628
13969,1737.6917247520628
13970,1737.6917247520628
13971,1737.6917247520628
13972,1737.6917247520628
13973,1737.6917247520628
13974,1737.6917247520628
13975,1737.6917247520628
13976,1737.6917247520628
13977,1737.6917247520628
13978,1737.6917247520628
13979,1737.6917247520628
13980,1737.6917247520628
13981,1737.6917247520628
13982,1737.6917247520628
13983,1737.6917247520628
13984,1737.6917247520628
13985,1737.6917247520628
13986,1737.6917247520628
13987,1737.6917247520628
13988,1737.6917247520628
13989,1737.6917247520628
13990,1737.6917247520628
13991,1737.6917247520628
13992,1737.6917247520628
13993,1737.6917247520628
13994,1737.6917247520628
13995,1737.6917247520628
13996,1737.6917247520628
13997,1737.6917247520628
13998,1737.6917247520628
13999,1737.6917247520628
14000,1737.6917247520628
14001,1737.6917247520628
14002,1737.6917247520628
14003,1737.6917247520628
14004,1737.6917247520628
14005,1737.6917247520628
14006,1737.6917247520628
14007,1737.6917247520628
14008,1737.6917247520628
14009,1737.6917247520628
14010,1737.6917247520628
14011,1737.6917247520628
14012,1737.6917247520628
14013,1737.6917247520628
14014,1737.6917247520628
14015,1737.6917247520628
14016,1737.6917247520628
14017,1737.6917247520628
14018,1737.6917247520628
14019,1737.6917247520628
14020,1737.6917247520628
14021,1737.6917247520628
14022,1737.6917247520628
14023,1737.6917247520628
14024,1737.6917247520628
14025,1737.6917247520628
14026,1737.6917247520628
14027,1737.6917247520628
14028,1737.6917247520628
14029,1737.6917247520628
14030,1737.6917247520628
14031,1737.6917247520628
14032,1737.6917247520628
14033,1737.6917247520628
14034,1737.6917247520628
14035,1737.6917247520628
14036,1737.6917247520628
14037,1737.6917247520628
14038,1737.6917247520628
14039,1737.6917247520628
14040,1737.6917247520628
14041,1737.6917247520628
14042,1737.6917247520628
14043,1737.6917247520628
14044,1737.6917247520628
14045,1737.6917247520628
14046,1737.6917247520628
14047,1737.6917247520628
14048,1737.6917247520628
14049,1737.6917247520628
14050,1737.6917247520628
14051,1737.6917247520628
14052,1737.6917247520628
14053,1737.6917247520628
14054,1737.6917247520628
14055,1737.6917247520628
14056,1737.6917247520628
14057,1737.6917247520628
14058,1737.6917247520628
14059,1737.6917247520628
14060,1737.6917247520628
14061,1737.6917247520628
14062,1737.6917247520628
14063,1737.6917247520628
14064,1737.6917247520628
14065,1737.6917247520628
14066,1737.6917247520628
14067,1737.6917247520628
14068,1737.6917247520628
14069,1737.6917247520628
14070,1737.6917247520628
14071,1737.6917247520628
14072,1737.6917247520628
14073,1737.6917247520628
14074,1737.6917247520628
14075,1737.6917247520628
14076,1737.6917247520628
14077,1737.6917247520628
14078,1737.6917247520628
14079,1737.6917247520628
14080,1737.6917247520628
14081,1737.6917247520628
14082,1737.6917247520628
14083,1737.6917247520628
14084,1737.6917247520628
14085,1737.6917247520628
14086,1737.6917247520628
14087,1737.6917247520628
14088,1737.6917247520628
14089,1737.6917247520628
14090,1737.6917247520628
14091,1737.6917247520628
14092,1737.6917247520628
14093,1737.6917247520628
14094,1737.6917247520628
14095,1737.6917247520628
14096,1737.6917247520628
14097,1737.6917247520628
14098,1737.6917247520628
14099,1737.6917247520628
14100,1737.6917247520628
14101,1737.6917247520628
14102,1737.6917247520628
14103,1737.6917247520628
14104,1737.6917247520628
14105,1737.6917247520628
14106,1737.6917247520628
14107,1737.6917247520628
14108,1737.6917247520628
14109,1737.6917247520628
14110,1737.6917247520628
14111,1737.6917247520628
14112,1737.6917247520628
14113,1737.6917247520628
14114,1737.6917247520628
14115,1737.6917247520628
14116,1737.6917247520628
14117,1737.6917247520628
14118,1737.6917247520628
14119,1737.6917247520628
14120,1737.6917247520628
14121,1737.6917247520628
14122,1737.6917247520628
14123,1737.6917247520628
14124,1737.6917247520628
14125,1737.6917247520628
14126,1737.6917247520628
14127,1737.6917247520628
14128,1737.6917247520628
14129,1737.6917247520628
14130,1737.6917247520628
14131,1737.6917247520628
14132,1737.6917247520628
14133,1737.6917247520628
14134,1737.6917247520628
14135,1737.6917247520628
14136,1737.6917247520628
14137,1737.6917247520628
14138,1737.6917247520628
14139,1737.6917247520628
14140,1737.6917247520628
14141,1737.6917247520628
14142,1737.6917247520628
14143,1737.6917247520628
14144,1737.6917247520628
14145,1737.6917247520628
14146,1737.6917247520628
14147,1737.6917247520628
14148,1737.6917247520628
14149,1737.6917247520628
14150,1737.6917247520628
14151,1737.6917247520628
14152,1737.6917247520628
14153,1737.6917247520628
14154,1737.6917247520628
14155,1737.6917247520628
14156,1737.6917247520628
14157,1737.6917247520628
14158,1737.6917247520628
14159,1737.6917247520628
14160,1737.6917247520628
14161,1737.6917247520628
14162,1737.6917247520628
14163,1737.6917247520628
14164,1737.6917247520628
14165,1737.6917247520628
14166,1737.6917247520628
14167,1737.6917247520628
14168,1737.6917247520628
14169,1737.6917247520628
14170,1737.6917247520628
14171,1737.6917247520628
14172,1737.6917247520628
14173,1737.6917247520628
14174,1737.6917247520628
14175,1737.6917247520628
14176,1737.6917247520628
14177,1737.6917247520628
14178,1737.6917247520628
14179,1737.6917247520628
14180,1737.6917247520628
14181,1737.6917247520628
14182,1737.6917247520628
14183,1737.6917247520628
14184,1737.6917247520628
14185,1737.6917247520628
14186,1737.6917247520628
14187,1737.6917247520628
14188,1737.6917247520628
14189,1737.6917247520628
14190,1737.6917247520628
14191,1737.6917247520628
14192,1737.6917247520628
14193,1737.6917247520628
14194,1737.6917247520628
14195,1737.6917247520628
14196,1737.6917247520628
14197,1737.6917247520628
14198,1737.6917247520628
14199,1737.6917247520628
14200,1737.6917247520628
14201,1737.6917247520628
14202,1737.6917247520628
14203,1737.6917247520628
14204,1737.6917247520628
14205,1737.6917247520628
14206,1737.6917247520628
14207,1737.6917247520628
14208,1737.6917247520628
14209,1737.6917247520628
14210,1737.6917247520628
14211,1737.6917247520628
14212,1737.6917247520628
14213,1737.6917247520628
14214,1737.6917247520628
14215,1737.6917247520628
14216,1737.6917247520628
14217,1737.6917247520628
14218,1737.6917247520628
14219,1737.6917247520628
14220,1737.6917247520628
14221,1737.6917247520628
14222,1737.6917247520628
14223,1737.6917247520628
14224,1737.6917247520628
14225,1737.6917247520628
14226,1737.6917247520628
14227,1737.6917247520628
14228,1737.6917247520628
14229,1737.6917247520628
14230,1737.6917247520628
14231,1737.6917247520628
14232,1737.6917247520628
14233,1737.6917247520628
14234,1737.6917247520628
14235,1737.6917247520628
14236,1737.6917247520628
14237,1737.6917247520628
14238,1737.6917247520628
14239,1737.6917247520628
14240,1737.6917247520628
14241,1737.6917247520628
14242,1737.6917247520628
14243,1737.6917247520628
14244,1737.6917247520628
14245,1737.6917247520628
14246,1737.6917247520628
14247,1737.6917247520628
14248,1737.6917247520628
14249,1737.6917247520628
14250,1737.6917247520628
14251,1737.6917247520628
14252,1737.6917247520628
14253,1737.6917247520628
14254,1737.6917247520628
14255,1737.6917247520628
14256,1737.6917247520628
14257,1737.6917247520628
14258,1737.6917247520628
14259,1737.6917247520628
14260,1737.6917247520628
14261,1737.6917247520628
14262,1737.6917247520628
14263,1737.6917247520628
14264,1737.6917247520628
14265,1737.6917247520628
14266,1737.6917247520628
14267,1737.6917247520628
14268,1737.6917247520628
14269,1737.6917247520628
14270,1737.6917247520628
14271,1737.6917247520628
14272,1737.6917247520628
14273,1737.6917247520628
14274,1737.6917247520628
14275,1737.6917247520628
14276,1737.6917247520628
14277,1737.6917247520628
14278,1737.6917247520628
14279,1737.6917247520628
14280,1737.6917247520628
14281,1737.6917247520628
14282,1737.6917247520628
14283,1737.6917247520628
14284,1737.6917247520628
14285,1737.6917247520628
14286,1737.6917247520628
14287,1737.6917247520628
14288,1737.6917247520628
14289,1737.6917247520628
14290,1737.6917247520628
14291,1737.6917247520628
14292,1737.6917247520628
14293,1737.6917247520628
14294,1737.6917247520628
14295,1737.6917247520628
14296,1737.6917247520628
14297,1737.6917247520628
14298,1737.6917247520628
14299,1737.6917247520628
14300,1737.6917247520628
14301,1737.6917247520628
14302,1737.6917247520628
14303,1737.6917247520628
14304,1737.6917247520628
14305,1737.6917247520628
14306,1737.6917247520628
14307,1737.6917247520628
14308,1737.6917247520628
14309,1737.6917247520628
14310,1737.6917247520628
14311,1737.6917247520628
14312,1737.6917247520628
14313,1737.6917247520628
14314,1737.6917247520628
14315,1737.6917247520628
14316,1737.6917247520628
14317,1737.6917247520628
14318,1737.6917247520628
14319,1737.6917247520628
14320,1737.6917247520628
14321,1737.6917247520628
14322,1737.6917247520628
14323,1737.6917247520628
14324,1737.6917247520628
14325,1737.6917247520628
14326,1737.6917247520628
14327,1737.6917247520628
14328,1737.6917247520628
14329,1737.6917247520628
14330,1737.6917247520628
14331,1737.6917247520628
14332,1737.6917247520628
14333,1737.6917247520628
14334,1737.6917247520628
14335,1737.6917247520628
14336,1737.6917247520628
14337,1737.6917247520628
14338,1737.6917247520628
14339,1737.6917247520628
14340,1737.6917247520628
14341,1737.6917247520628
14342,1737.6917247520628
14343,1737.6917247520628
14344,1737.6917247520628
14345,1737.6917247520628
14346,1737.6917247520628
14347,1737.6917247520628
14348,1737.6917247520628
14349,1737.6917247520628
14350,1737.6917247520628
14351,1737.6917247520628
14352,1737.6917247520628
14353,1737.6917247520628
14354,1737.6917247520628
14355,1737.6917247520628
14356,1737.6917247520628
14357,1737.6917247520628
14358,1737.6917247520628
14359,1737.6917247520628
14360,1737.6917247520628
14361,1737.6917247520628
14362,1737.6917247520628
14363,1737.6917247520628
14364,1737.6917247520628
14365,1737.6917247520628
14366,1737.6917247520628
14367,1737.6917247520628
14368,1737.6917247520628
14369,1737.6917247520628
14370,1737.6917247520628
14371,1737.6917247520628
14372,1737.6917247520628
14373,1737.6917247520628
14374,1737.6917247520628
14375,1737.6917247520628
14376,1737.6917247520628
14377,1737.6917247520628
14378,1737.6917247520628
14379,1737.6917247520628
14380,1737.6917247520628
14381,1737.6917247520628
14382,1737.6917247520628
14383,1737.6917247520628
14384,1737.6917247520628
14385,1737.6917247520628
14386,1737.6917247520628
14387,1737.6917247520628
14388,1737.6917247520628
14389,1737.6917247520628
14390,1737.6917247520628
14391,1737.6917247520628
14392,1737.6917247520628
14393,1737.6917247520628
14394,1737.6917247520628
14395,1737.6917247520628
14396,1737.6917247520628
14397,1737.6917247520628
14398,1737.6917247520628
14399,1737.6917247520628
14400,1737.6917247520628
14401,1737.6917247520628
14402,1737.6917247520628
14403,1737.6917247520628
14404,1737.6917247520628
14405,1737.6917247520628
14406,1737.6917247520628
14407,1737.6917247520628
14408,1737.6917247520628
14409,1737.6917247520628
14410,1737.6917247520628
14411,1737.6917247520628
14412,1737.6917247520628
14413,1737.6917247520628
14414,1737.6917247520628
14415,1737.6917247520628
14416,1737.6917247520628
14417,1737.6917247520628
14418,1737.6917247520628
14419,1737.6917247520628
14420,1737.6917247520628
14421,1737.6917247520628
14422,1737.6917247520628
14423,1737.6917247520628
14424,1737.6917247520628
14425,1737.6917247520628
14426,1737.6917247520628
14427,1737.6917247520628
14428,1737.6917247520628
14429,1737.6917247520628
14430,1737.6917247520628
14431,1737.6917247520628
14432,1737.6917247520628
14433,1737.6917247520628
14434,1737.6917247520628
14435,1737.6917247520628
14436,1737.6917247520628
14437,1737.6917247520628
14438,1737.6917247520628
14439,1737.6917247520628
14440,1737.6917247520628
14441,1737.6917247520628
14442,1737.6917247520628
14443,1737.6917247520628
14444,1737.6917247520628
14445,1737.6917247520628
14446,1737.6917247520628
14447,1737.6917247520628
14448,1737.6917247520628
14449,1737.6917247520628
14450,1737.6917247520628
14451,1737.6917247520628
14452,1737.6917247520628
14453,1737.6917247520628
14454,1737.6917247520628
14455,1737.6917247520628
14456,1737.6917247520628
14457,1737.6917247520628
14458,1737.6917247520628
14459,1737.6917247520628
14460,1737.6917247520628
14461,1737.6917247520628
14462,1737.6917247520628
14463,1737.6917247520628
14464,1737.6917247520628
14465,1737.6917247520628
14466,1737.6917247520628
14467,1737.6917247520628
14468,1737.6917247520628
14469,1737.6917247520628
14470,1737.6917247520628
14471,1737.6917247520628
14472,1737.6917247520628
14473,1737.6917247520628
14474,1737.6917247520628
14475,1737.6917247520628
14476,1737.6917247520628
14477,1737.6917247520628
14478,1737.6917247520628
14479,1737.6917247520628
14480,1737.6917247520628
14481,1737.6917247520628
14482,1737.6917247520628
14483,1737.6917247520628
14484,1737.6917247520628
14485,1737.6917247520628
14486,1737.6917247520628
14487,1737.6917247520628
14488,1737.6917247520628
14489,1737.6917247520628
14490,1737.6917247520628
14491,1737.6917247520628
14492,1737.6917247520628
14493,1737.6917247520628
14494,1737.6917247520628
14495,1737.6917247520628
14496,1737.6917247520628
14497,1737.6917247520628
14498,1737.6917247520628
14499,1737.6917247520628
14500,1737.6917247520628
14501,1737.6917247520628
14502,1737.6917247520628
14503,1737.6917247520628
14504,1737.6917247520628
14505,1737.6917247520628
14506,1737.6917247520628
14507,1737.6917247520628
14508,1737.6917247520628
14509,1737.6917247520628
14510,1737.6917247520628
14511,1737.6917247520628
14512,1737.6917247520628
14513,1737.6917247520628
14514,1737.6917247520628
14515,1737.6917247520628
14516,1737.6917247520628
14517,1737.6917247520628
14518,1737.6917247520628
14519,1737.6917247520628
14520,1737.6917247520628
14521,1737.6917247520628
14522,1737.6917247520628
14523,1737.6917247520628
14524,1737.6917247520628
14525,1737.6917247520628
14526,1737.6917247520628
14527,1737.6917247520628
14528,1737.6917247520628
14529,1737.6917247520628
14530,1737.6917247520628
14531,1737.6917247520628
14532,1737.6917247520628
14533,1737.6917247520628
14534,1737.6917247520628
14535,1737.6917247520628
14536,1737.6917247520628
14537,1737.6917247520628
14538,1737.6917247520628
14539,1737.6917247520628
14540,1737.6917247520628
14541,1737.6917247520628
14542,1737.6917247520628
14543,1737.6917247520628
14544,1737.6917247520628
14545,1737.6917247520628
14546,1737.6917247520628
14547,1737.6917247520628
14548,1737.6917247520628
14549,1737.6917247520628
14550,1737.6917247520628
14551,1737.6917247520628
14552,1737.6917247520628
14553,1737.6917247520628
14554,1737.6917247520628
14555,1737.6917247520628
14556,1737.6917247520628
14557,1737.6917247520628
14558,1737.6917247520628
14559,1737.6917247520628
14560,1737.6917247520628
14561,1737.6917247520628
14562,1737.6917247520628
14563,1737.6917247520628
14564,1737.6917247520628
14565,1737.6917247520628
14566,1737.6917247520628
14567,1737.6917247520628
14568,1737.6917247520628
14569,1737.6917247520628
14570,1737.6917247520628
14571,1737.6917247520628
14572,1737.6917247520628
14573,1737.6917247520628
14574,1737.6917247520628
14575,1737.6917247520628
14576,1737.6917247520628
14577,1737.6917247520628
14578,1737.6917247520628
14579,1737.6917247520628
14580,1737.6917247520628
14581,1737.6917247520628
14582,1737.6917247520628
14583,1737.6917247520628
14584,1737.6917247520628
14585,1737.6917247520628
14586,1737.6917247520628
14587,1737.6917247520628
14588,1737.6917247520628
14589,1737.6917247520628
14590,1737.6917247520628
14591,1737.6917247520628
14592,1737.6917247520628
14593,1737.6917247520628
14594,1737.6917247520628
14595,1737.6917247520628
14596,1737.6917247520628
14597,1737.6917247520628
14598,1737.6917247520628
14599,1737.6917247520628
14600,1737.6917247520628
14601,1737.6917247520628
14602,1737.6917247520628
14603,1737.6917247520628
14604,1737.6917247520628
14605,1737.6917247520628
14606,1737.6917247520628
14607,1737.6917247520628
14608,1737.6917247520628
14609,1737.6917247520628
14610,1737.6917247520628
14611,1737.6917247520628
14612,1737.6917247520628
14613,1737.6917247520628
14614,1737.6917247520628
14615,1737.6917247520628
14616,1737.6917247520628
14617,1737.6917247520628
14618,1737.6917247520628
14619,1737.6917247520628
14620,1737.6917247520628
14621,1737.6917247520628
14622,1737.6917247520628
14623,1737.6917247520628
14624,1737.6917247520628
14625,1737.6917247520628
14626,1737.6917247520628
14627,1737.6917247520628
14628,1737.6917247520628
14629,1737.6917247520628
14630,1737.6917247520628
14631,1737.6917247520628
14632,1737.6917247520628
14633,1737.6917247520628
14634,1737.6917247520628
14635,1737.6917247520628
14636,1737.6917247520628
14637,1737.6917247520628
14638,1737.6917247520628
14639,1737.6917247520628
14640,1737.6917247520628
14641,1737.6917247520628
14642,1737.6917247520628
14643,1737.6917247520628
14644,1737.6917247520628
14645,1737.6917247520628
14646,1737.6917247520628
14647,1737.6917247520628
14648,1737.6917247520628
14649,1737.6917247520628
14650,1737.6917247520628
14651,1737.6917247520628
14652,1737.6917247520628
14653,1737.6917247520628
14654,1737.6917247520628
14655,1737.6917247520628
14656,1737.6917247520628
14657,1737.6917247520628
14658,1737.6917247520628
14659,1737.6917247520628
14660,1737.6917247520628
14661,1737.6917247520628
14662,1737.6917247520628
14663,1737.6917247520628
14664,1737.6917247520628
14665,1737.6917247520628
14666,1737.6917247520628
14667,1737.6917247520628
14668,1737.6917247520628
14669,1737.6917247520628
14670,1737.6917247520628
14671,1737.6917247520628
14672,1737.6917247520628
14673,1737.6917247520628
14674,1737.6917247520628
14675,1737.6917247520628
14676,1737.6917247520628
14677,1737.6917247520628
14678,1737.6917247520628
14679,1737.6917247520628
14680,1737.6917247520628
14681,1737.6917247520628
14682,1737.6917247520628
14683,1737.6917247520628
14684,1737.6917247520628
14685,1737.6917247520628
14686,1737.6917247520628
14687,1737.6917247520628
14688,1737.6917247520628
14689,1737.6917247520628
14690,1737.6917247520628
14691,1737.6917247520628
14692,1737.6917247520628
14693,1737.6917247520628
14694,1737.6917247520628
14695,1737.6917247520628
14696,1737.6917247520628
14697,1737.6917247520628
14698,1737.6917247520628
14699,1737.6917247520628
14700,1737.6917247520628
14701,1737.6917247520628
14702,1737.6917247520628
14703,1737.6917247520628
14704,1737.6917247520628
14705,1737.6917247520628
14706,1737.6917247520628
14707,1737.6917247520628
14708,1737.6917247520628
14709,1737.6917247520628
14710,1737.6917247520628
14711,1737.6917247520628
14712,1737.6917247520628
14713,1737.6917247520628
14714,1737.6917247520628
14715,1737.6917247520628
14716,1737.6917247520628
14717,1737.6917247520628
14718,1737.6917247520628
14719,1737.6917247520628
14720,1737.6917247520628
14721,1737.6917247520628
14722,1737.6917247520628
14723,1737.6917247520628
14724,1737.6917247520628
14725,1737.6917247520628
14726,1737.6917247520628
14727,1737.6917247520628
14728,1737.6917247520628
14729,1737.6917247520628
14730,1737.6917247520628
14731,1737.6917247520628
14732,1737.6917247520628
14733,1737.6917247520628
14734,1737.6917247520628
14735,1737.6917247520628
14736,1737.6917247520628
14737,1737.6917247520628
14738,1737.6917247520628
14739,1737.6917247520628
14740,1737.6917247520628
14741,1737.6917247520628
14742,1737.6917247520628
14743,1737.6917247520628
14744,1737.6917247520628
14745,1737.6917247520628
14746,1737.6917247520628
14747,1737.6917247520628
14748,1737.6917247520628
14749,1737.6917247520628
14750,1737.6917247520628
14751,1737.6917247520628
14752,1737.6917247520628
14753,1737.6917247520628
14754,1737.6917247520628
14755,1737.6917247520628
14756,1737.6917247520628
14757,1737.6917247520628
14758,1737.6917247520628
14759,1737.6917247520628
14760,1737.6917247520628
14761,1737.6917247520628
14762,1737.6917247520628
14763,1737.6917247520628
14764,1737.6917247520628
14765,1737.6917247520628
14766,1737.6917247520628
14767,1737.6917247520628
14768,1737.6917247520628
14769,1737.6917247520628
14770,1737.6917247520628
14771,1737.6917247520628
14772,1737.6917247520628
14773,1737.6917247520628
14774,1737.6917247520628
14775,1737.6917247520628
14776,1737.6917247520628
14777,1737.6917247520628
14778,1737.6917247520628
14779,1737.6917247520628
14780,1737.6917247520628
14781,1737.6917247520628
14782,1737.6917247520628
14783,1737.6917247520628
14784,1737.6917247520628
14785,1737.6917247520628
14786,1737.6917247520628
14787,1737.6917247520628
14788,1737.6917247520628
14789,1737.6917247520628
14790,1737.6917247520628
14791,1737.6917247520628
14792,1737.6917247520628
14793,1737.6917247520628
14794,1737.6917247520628
14795,1737.6917247520628
14796,1737.6917247520628
14797,1737.6917247520628
14798,1737.6917247520628
14799,1737.6917247520628
14800,1737.6917247520628
14801,1737.6917247520628
14802,1737.6917247520628
14803,1737.6917247520628
14804,1737.6917247520628
14805,1737.6917247520628
14806,1737.6917247520628
14807,1737.6917247520628
14808,1737.6917247520628
14809,1737.6917247520628
14810,1737.6917247520628
14811,1737.6917247520628
14812,1737.6917247520628
14813,1737.6917247520628
14814,1737.6917247520628
14815,1737.6917247520628
14816,1737.6917247520628
14817,1737.6917247520628
14818,1737.6917247520628
14819,1737.6917247520628
14820,1737.6917247520628
14821,1737.6917247520628
14822,1737.6917247520628
14823,1737.6917247520628
14824,1737.6917247520628
14825,1737.6917247520628
14826,1737.6917247520628
14827,1737.6917247520628
14828,1737.6917247520628
14829,1737.6917247520628
14830,1737.6917247520628
14831,1737.6917247520628
14832,1737.6917247520628
14833,1737.6917247520628
14834,1737.6917247520628
14835,1737.6917247520628
14836,1737.6917247520628
14837,1737.6917247520628
14838,1737.6917247520628
14839,1737.6917247520628
14840,1737.6917247520628
14841,1737.6917247520628
14842,1737.6917247520628
14843,1737.6917247520628
14844,1737.6917247520628
14845,1737.6917247520628
14846,1737.6917247520628
14847,1737.6917247520628
14848,1737.6917247520628
14849,1737.6917247520628
14850,1737.6917247520628
14851,1737.6917247520628
14852,1737.6917247520628
14853,1737.6917247520628
14854,1737.6917247520628
14855,1737.6917247520628
14856,1737.6917247520628
14857,1737.6917247520628
14858,1737.6917247520628
14859,1737.6917247520628
14860,1737.6917247520628
14861,1737.6917247520628
14862,1737.6917247520628
14863,1737.6917247520628
14864,1737.6917247520628
14865,1737.6917247520628
14866,1737.6917247520628
14867,1737.6917247520628
14868,1737.6917247520628
14869,1737.6917247520628
14870,1737.6917247520628
14871,1737.6917247520628
14872,1737.6917247520628
14873,1737.6917247520628
14874,1737.6917247520628
14875,1737.6917247520628
14876,1737.6917247520628
14877,1737.6917247520628
14878,1737.6917247520628
14879,1737.6917247520628
14880,1737.6917247520628
14881,1737.6917247520628
14882,1737.6917247520628
14883,1737.6917247520628
14884,1737.6917247520628
14885,1737.6917247520628
14886,1737.6917247520628
14887,1737.6917247520628
14888,1737.6917247520628
14889,1737.6917247520628
14890,1737.6917247520628
14891,1737.6917247520628
14892,1737.6917247520628
14893,1737.6917247520628
14894,1737.6917247520628
14895,1737.6917247520628
14896,1737.6917247520628
14897,1737.6917247520628
14898,1737.6917247520628
14899,1737.6917247520628
14900,1737.6917247520628
14901,1737.6917247520628
14902,1737.6917247520628
14903,1737.6917247520628
14904,1737.6917247520628
14905,1737.6917247520628
14906,1737.6917247520628
14907,1737.6917247520628
14908,1737.6917247520628
14909,1737.6917247520628
14910,1737.6917247520628
14911,1737.6917247520628
14912,1737.6917247520628
14913,1737.6917247520628
14914,1737.6917247520628
14915,1737.6917247520628
14916,1737.6917247520628
14917,1737.6917247520628
14918,1737.6917247520628
14919,1737.6917247520628
14920,1737.6917247520628
14921,1737.6917247520628
14922,1737.6917247520628
14923,1737.6917247520628
14924,1737.6917247520628
14925,1737.6917247520628
14926,1737.6917247520628
14927,1737.6917247520628
14928,1737.6917247520628
14929,1737.6917247520628
14930,1737.6917247520628
14931,1737.6917247520628
14932,1737.6917247520628
14933,1737.6917247520628
14934,1737.6917247520628
14935,1737.6917247520628
14936,1737.6917247520628
14937,1737.6917247520628
14938,1737.6917247520628
14939,1737.6917247520628
14940,1737.6917247520628
14941,1737.6917247520628
14942,1737.6917247520628
14943,1737.6917247520628
14944,1737.6917247520628
14945,1737.6917247520628
14946,1737.6917247520628
14947,1737.6917247520628
14948,1737.6917247520628
14949,1737.6917247520628
14950,1737.6917247520628
14951,1737.6917247520628
14952,1737.6917247520628
14953,1737.6917247520628
14954,1737.6917247520628
14955,1737.6917247520628
14956,1737.6917247520628
14957,1737.6917247520628
14958,1737.6917247520628
14959,1737.6917247520628
14960,1737.6917247520628
14961,1737.6917247520628
14962,1737.6917247520628
14963,1737.6917247520628
14964,1737.6917247520628
14965,1737.6917247520628
14966,1737.6917247520628
14967,1737.6917247520628
14968,1737.6917247520628
14969,1737.6917247520628
14970,1737.6917247520628
14971,1737.6917247520628
14972,1737.6917247520628
14973,1737.6917247520628
14974,1737.6917247520628
14975,1737.6917247520628
14976,1737.6917247520628
14977,1737.6917247520628
14978,1737.6917247520628
14979,1737.6917247520628
14980,1737.6917247520628
14981,1737.6917247520628
14982,1737.6917247520628
14983,1737.6917247520628
14984,1737.6917247520628
14985,1737.6917247520628
14986,1737.6917247520628
14987,1737.6917247520628
14988,1737.6917247520628
14989,1737.6917247520628
14990,1737.6917247520628
14991,1737.6917247520628
14992,1737.6917247520628
14993,1737.6917247520628
14994,1737.6917247520628
14995,1737.6917247520628
14996,1737.6917247520628
14997,1737.6917247520628
14998,1737.6917247520628
14999,1737.6917247520628
15000,1737.6917247520628
15001,1737.6917247520628
15002,1737.6917247520628
15003,1737.6917247520628
15004,1737.6917247520628
15005,1737.6917247520628
15006,1737.6917247520628
15007,1737.6917247520628
15008,1737.6917247520628
15009,1737.6917247520628
15010,1737.6917247520628
15011,1737.6917247520628
15012,1737.6917247520628
15013,1737.6917247520628
15014,1737.6917247520628
15015,1737.6917247520628
15016,1737.6917247520628
15017,1737.6917247520628
15018,1737.6917247520628
15019,1737.6917247520628
15020,1737.6917247520628
15021,1737.6917247520628
15022,1737.6917247520628
15023,1737.6917247520628
15024,1737.6917247520628
15025,1737.6917247520628
15026,1737.6917247520628
15027,1737.6917247520628
15028,1737.6917247520628
15029,1737.6917247520628
15030,1737.6917247520628
15031,1737.6917247520628
15032,1737.6917247520628
15033,1737.6917247520628
15034,1737.6917247520628
15035,1737.6917247520628
15036,1737.6917247520628
15037,1737.6917247520628
15038,1737.6917247520628
15039,1737.6917247520628
15040,1737.6917247520628
15041,1737.6917247520628
15042,1737.6917247520628
15043,1737.6917247520628
15044,1737.6917247520628
15045,1737.6917247520628
15046,1737.6917247520628
15047,1737.6917247520628
15048,1737.6917247520628
15049,1737.6917247520628
15050,1737.6917247520628
15051,1737.6917247520628
15052,1737.6917247520628
15053,1737.6917247520628
15054,1737.6917247520628
15055,1737.6917247520628
15056,1737.6917247520628
15057,1737.6917247520628
15058,1737.6917247520628
15059,1737.6917247520628
15060,1737.6917247520628
15061,1737.6917247520628
15062,1737.6917247520628
15063,1737.6917247520628
15064,1737.6917247520628
15065,1737.6917247520628
15066,1737.6917247520628
15067,1737.6917247520628
15068,1737.6917247520628
15069,1737.6917247520628
15070,1737.6917247520628
15071,1737.6917247520628
15072,1737.6917247520628
15073,1737.6917247520628
15074,1737.6917247520628
15075,1737.6917247520628
15076,1737.6917247520628
15077,1737.6917247520628
15078,1737.6917247520628
15079,1737.6917247520628
15080,1737.6917247520628
15081,1737.6917247520628
15082,1737.6917247520628
15083,1737.6917247520628
15084,1737.6917247520628
15085,1737.6917247520628
15086,1737.6917247520628
15087,1737.6917247520628
15088,1737.6917247520628
15089,1737.6917247520628
15090,1737.6917247520628
15091,1737.6917247520628
15092,1737.6917247520628
15093,1737.6917247520628
15094,1737.6917247520628
15095,1737.6917247520628
15096,1737.6917247520628
15097,1737.6917247520628
15098,1737.6917247520628
15099,1737.6917247520628
15100,1737.6917247520628
15101,1737.6917247520628
15102,1737.6917247520628
15103,1737.6917247520628
15104,1737.6917247520628
15105,1737.6917247520628
15106,1737.6917247520628
15107,1737.6917247520628
15108,1737.6917247520628
15109,1737.6917247520628
15110,1737.6917247520628
15111,1737.6917247520628
15112,1737.6917247520628
15113,1737.6917247520628
15114,1737.6917247520628
15115,1737.6917247520628
15116,1737.6917247520628
15117,1737.6917247520628
15118,1737.6917247520628
15119,1737.6917247520628
15120,1737.6917247520628
15121,1737.6917247520628
15122,1737.6917247520628
15123,1737.6917247520628
15124,1737.6917247520628
15125,1737.6917247520628
15126,1737.6917247520628
15127,1737.6917247520628
15128,1737.6917247520628
15129,1737.6917247520628
15130,1737.6917247520628
15131,1737.6917247520628
15132,1737.6917247520628
15133,1737.6917247520628
15134,1737.6917247520628
15135,1737.6917247520628
15136,1737.6917247520628
15137,1737.6917247520628
15138,1737.6917247520628
15139,1737.6917247520628
15140,1737.6917247520628
15141,1737.6917247520628
15142,1737.6917247520628
15143,1737.6917247520628
15144,1737.6917247520628
15145,1737.6917247520628
15146,1737.6917247520628
15147,1737.6917247520628
15148,1737.6917247520628
15149,1737.6917247520628
15150,1737.6917247520628
15151,1737.6917247520628
15152,1737.6917247520628
15153,1737.6917247520628
15154,1737.6917247520628
15155,1737.6917247520628
15156,1737.6917247520628
15157,1737.6917247520628
15158,1737.6917247520628
15159,1737.6917247520628
15160,1737.6917247520628
15161,1737.6917247520628
15162,1737.6917247520628
15163,1737.6917247520628
15164,1737.6917247520628
15165,1737.6917247520628
15166,1737.6917247520628
15167,1737.6917247520628
15168,1737.6917247520628
15169,1737.6917247520628
15170,1737.6917247520628
15171,1737.6917247520628
15172,1737.6917247520628
15173,1737.6917247520628
15174,1737.6917247520628
15175,1737.6917247520628
15176,1737.6917247520628
15177,1737.6917247520628
15178,1737.6917247520628
15179,1737.6917247520628
15180,1737.6917247520628
15181,1737.6917247520628
15182,1737.6917247520628
15183,1737.6917247520628
15184,1737.6917247520628
15185,1737.6917247520628
15186,1737.6917247520628
15187,1737.6917247520628
15188,1737.6917247520628
15189,1737.6917247520628
15190,1737.6917247520628
15191,1737.6917247520628
15192,1737.6917247520628
15193,1737.6917247520628
15194,1737.6917247520628
15195,1737.6917247520628
15196,1737.6917247520628
15197,1737.6917247520628
15198,1737.6917247520628
15199,1737.6917247520628
15200,1737.6917247520628
15201,1737.6917247520628
15202,1737.6917247520628
15203,1737.6917247520628
15204,1737.6917247520628
15205,1737.6917247520628
15206,1737.6917247520628
15207,1737.6917247520628
15208,1737.6917247520628
15209,1737.6917247520628
15210,1737.6917247520628
15211,1737.6917247520628
15212,1737.6917247520628
15213,1737.6917247520628
15214,1737.6917247520628
15215,1737.6917247520628
15216,1737.6917247520628
15217,1737.6917247520628
15218,1737.6917247520628
15219,1737.6917247520628
15220,1737.6917247520628
15221,1737.6917247520628
15222,1737.6917247520628
15223,1737.6917247520628
15224,1737.6917247520628
15225,1737.6917247520628
15226,1737.6917247520628
15227,1737.6917247520628
15228,1737.6917247520628
15229,1737.6917247520628
15230,1737.6917247520628
15231,1737.6917247520628
15232,1737.6917247520628
15233,1737.6917247520628
15234,1737.6917247520628
15235,1737.6917247520628
15236,1737.6917247520628
15237,1737.6917247520628
15238,1737.6917247520628
15239,1737.6917247520628
15240,1737.6917247520628
15241,1737.6917247520628
15242,1737.6917247520628
15243,1737.6917247520628
15244,1737.6917247520628
15245,1737.6917247520628
15246,1737.6917247520628
15247,1737.6917247520628
15248,1737.6917247520628
15249,1737.6917247520628
15250,1737.6917247520628
15251,1737.6917247520628
15252,1737.6917247520628
15253,1737.6917247520628
15254,1737.6917247520628
15255,1737.6917247520628
15256,1737.6917247520628
15257,1737.6917247520628
15258,1737.6917247520628
15259,1737.6917247520628
15260,1737.6917247520628
15261,1737.6917247520628
15262,1737.6917247520628
15263,1737.6917247520628
15264,1737.6917247520628
15265,1737.6917247520628
15266,1737.6917247520628
15267,1737.6917247520628
15268,1737.6917247520628
15269,1737.6917247520628
15270,1737.6917247520628
15271,1737.6917247520628
15272,1737.6917247520628
15273,1737.6917247520628
15274,1737.6917247520628
15275,1737.6917247520628
15276,1737.6917247520628
15277,1737.6917247520628
15278,1737.6917247520628
15279,1737.6917247520628
15280,1737.6917247520628
15281,1737.6917247520628
15282,1737.6917247520628
15283,1737.6917247520628
15284,1737.6917247520628
15285,1737.6917247520628
15286,1737.6917247520628
15287,1737.6917247520628
15288,1737.6917247520628
15289,1737.6917247520628
15290,1737.6917247520628
15291,1737.6917247520628
15292,1737.6917247520628
15293,1737.6917247520628
15294,1737.6917247520628
15295,1737.6917247520628
15296,1737.6917247520628
15297,1737.6917247520628
15298,1737.6917247520628
15299,1737.6917247520628
15300,1737.6917247520628
15301,1737.6917247520628
15302,1737.6917247520628
15303,1737.6917247520628
15304,1737.6917247520628
15305,1737.6917247520628
15306,1737.6917247520628
15307,1737.6917247520628
15308,1737.6917247520628
15309,1737.6917247520628
15310,1737.6917247520628
15311,1737.6917247520628
15312,1737.6917247520628
15313,1737.6917247520628
15314,1737.6917247520628
15315,1737.6917247520628
15316,1737.6917247520628
15317,1737.6917247520628
15318,1737.6917247520628
15319,1737.6917247520628
15320,1737.6917247520628
15321,1737.6917247520628
15322,1737.6917247520628
15323,1737.6917247520628
15324,1737.6917247520628
15325,1737.6917247520628
15326,1737.6917247520628
15327,1737.6917247520628
15328,1737.6917247520628
15329,1737.6917247520628
15330,1737.6917247520628
15331,1737.6917247520628
15332,1737.6917247520628
15333,1737.6917247520628
15334,1737.6917247520628
15335,1737.6917247520628
15336,1737.6917247520628
15337,1737.6917247520628
15338,1737.6917247520628
15339,1737.6917247520628
15340,1737.6917247520628
15341,1737.6917247520628
15342,1737.6917247520628
15343,1737.6917247520628
15344,1737.6917247520628
15345,1737.6917247520628
15346,1737.6917247520628
15347,1737.6917247520628
15348,1737.6917247520628
15349,1737.6917247520628
15350,1737.6917247520628
15351,1737.6917247520628
15352,1737.6917247520628
15353,1737.6917247520628
15354,1737.6917247520628
15355,1737.6917247520628
15356,1737.6917247520628
15357,1737.6917247520628
15358,1737.6917247520628
15359,1737.6917247520628
15360,1737.6917247520628
15361,1737.6917247520628
15362,1737.6917247520628
15363,1737.6917247520628
15364,1737.6917247520628
15365,1737.6917247520628
15366,1737.6917247520628
15367,1737.6917247520628
15368,1737.6917247520628
15369,1737.6917247520628
15370,1737.6917247520628
15371,1737.6917247520628
15372,1737.6917247520628
15373,1737.6917247520628
15374,1737.6917247520628
15375,1737.6917247520628
15376,1737.6917247520628
15377,1737.6917247520628
15378,1737.6917247520628
15379,1737.6917247520628
15380,1737.6917247520628
15381,1737.6917247520628
15382,1737.6917247520628
15383,1737.6917247520628
15384,1737.6917247520628
15385,1737.6917247520628
15386,1737.6917247520628
15387,1737.6917247520628
15388,1737.6917247520628
15389,1737.6917247520628
15390,1737.6917247520628
15391,1737.6917247520628
15392,1737.6917247520628
15393,1737.6917247520628
15394,1737.6917247520628
15395,1737.6917247520628
15396,1737.6917247520628
15397,1737.6917247520628
15398,1737.6917247520628
15399,1737.6917247520628
15400,1737.6917247520628
15401,1737.6917247520628
15402,1737.6917247520628
15403,1737.6917247520628
15404,1737.6917247520628
15405,1737.6917247520628
15406,1737.6917247520628
15407,1737.6917247520628
15408,1737.6917247520628
15409,1737.6917247520628
15410,1737.6917247520628
15411,1737.6917247520628
15412,1737.6917247520628
15413,1737.6917247520628
15414,1737.6917247520628
15415,1737.6917247520628
15416,1737.6917247520628
15417,1737.6917247520628
15418,1737.6917247520628
15419,1737.6917247520628
15420,1737.6917247520628
15421,1737.6917247520628
15422,1737.6917247520628
15423,1737.6917247520628
15424,1737.6917247520628
15425,1737.6917247520628
15426,1737.6917247520628
15427,1737.6917247520628
15428,1737.6917247520628
15429,1737.6917247520628
15430,1737.6917247520628
15431,1737.6917247520628
15432,1737.6917247520628
15433,1737.6917247520628
15434,1737.6917247520628
15435,1737.6917247520628
15436,1737.6917247520628
15437,1737.6917247520628
15438,1737.6917247520628
15439,1737.6917247520628
15440,1737.6917247520628
15441,1737.6917247520628
15442,1737.6917247520628
15443,1737.6917247520628
15444,1737.6917247520628
15445,1737.6917247520628
15446,1737.6917247520628
15447,1737.6917247520628
15448,1737.6917247520628
15449,1737.6917247520628
15450,1737.6917247520628
15451,1737.6917247520628
15452,1737.6917247520628
15453,1737.6917247520628
15454,1737.6917247520628
15455,1737.6917247520628
15456,1737.6917247520628
15457,1737.6917247520628
15458,1737.6917247520628
15459,1737.6917247520628
15460,1737.6917247520628
15461,1737.6917247520628
15462,1737.6917247520628
15463,1737.6917247520628
15464,1737.6917247520628
15465,1737.6917247520628
15466,1737.6917247520628
15467,1737.6917247520628
15468,1737.6917247520628
15469,1737.6917247520628
15470,1737.6917247520628
15471,1737.6917247520628
15472,1737.6917247520628
15473,1737.6917247520628
15474,1737.6917247520628
15475,1737.6917247520628
15476,1737.6917247520628
15477,1737.6917247520628
15478,1737.6917247520628
15479,1737.6917247520628
15480,1737.6917247520628
15481,1737.6917247520628
15482,1737.6917247520628
15483,1737.6917247520628
15484,1737.6917247520628
15485,1737.6917247520628
15486,1737.6917247520628
15487,1737.6917247520628
15488,1737.6917247520628
15489,1737.6917247520628
15490,1737.6917247520628
15491,1737.6917247520628
15492,1737.6917247520628
15493,1737.6917247520628
15494,1737.6917247520628
15495,1737.6917247520628
15496,1737.6917247520628
15497,1737.6917247520628
15498,1737.6917247520628
15499,1737.6917247520628
15500,1737.6917247520628
15501,1737.6917247520628
15502,1737.6917247520628
15503,1737.6917247520628
15504,1737.6917247520628
15505,1737.6917247520628
15506,1737.6917247520628
15507,1737.6917247520628
15508,1737.6917247520628
15509,1737.6917247520628
15510,1737.6917247520628
15511,1737.6917247520628
15512,1737.6917247520628
15513,1737.6917247520628
15514,1737.6917247520628
15515,1737.6917247520628
15516,1737.6917247520628
15517,1737.6917247520628
15518,1737.6917247520628
15519,1737.6917247520628
15520,1737.6917247520628
15521,1737.6917247520628
15522,1737.6917247520628
15523,1737.6917247520628
15524,1737.6917247520628
15525,1737.6917247520628
15526,1737.6917247520628
15527,1737.6917247520628
15528,1737.6917247520628
15529,1737.6917247520628
15530,1737.6917247520628
15531,1737.6917247520628
15532,1737.6917247520628
15533,1737.6917247520628
15534,1737.6917247520628
15535,1737.6917247520628
15536,1737.6917247520628
15537,1737.6917247520628
15538,1737.6917247520628
15539,1737.6917247520628
15540,1737.6917247520628
15541,1737.6917247520628
15542,1737.6917247520628
15543,1737.6917247520628
15544,1737.6917247520628
15545,1737.6917247520628
15546,1737.6917247520628
15547,1737.6917247520628
15548,1737.6917247520628
15549,1737.6917247520628
15550,1737.6917247520628
15551,1737.6917247520628
15552,1737.6917247520628
15553,1737.6917247520628
15554,1737.6917247520628
15555,1737.6917247520628
15556,1737.6917247520628
15557,1737.6917247520628
15558,1737.6917247520628
15559,1737.6917247520628
15560,1737.6917247520628
15561,1737.6917247520628
15562,1737.6917247520628
15563,1737.6917247520628
15564,1737.6917247520628
15565,1737.6917247520628
15566,1737.6917247520628
15567,1737.6917247520628
15568,1737.6917247520628
15569,1737.6917247520628
15570,1737.6917247520628
15571,1737.6917247520628
15572,1737.6917247520628
15573,1737.6917247520628
15574,1737.6917247520628
15575,1737.6917247520628
15576,1737.6917247520628
15577,1737.6917247520628
15578,1737.6917247520628
15579,1737.6917247520628
15580,1737.6917247520628
15581,1737.6917247520628
15582,1737.6917247520628
15583,1737.6917247520628
15584,1737.6917247520628
15585,1737.6917247520628
15586,1737.6917247520628
15587,1737.6917247520628
15588,1737.6917247520628
15589,1737.6917247520628
15590,1737.6917247520628
15591,1737.6917247520628
15592,1737.6917247520628
15593,1737.6917247520628
15594,1737.6917247520628
15595,1737.6917247520628
15596,1737.6917247520628
15597,1737.6917247520628
15598,1737.6917247520628
15599,1737.6917247520628
15600,1737.6917247520628
15601,1737.6917247520628
15602,1737.6917247520628
15603,1737.6917247520628
15604,1737.6917247520628
15605,1737.6917247520628
15606,1737.6917247520628
15607,1737.6917247520628
15608,1737.6917247520628
15609,1737.6917247520628
15610,1737.6917247520628
15611,1737.6917247520628
15612,1737.6917247520628
15613,1737.6917247520628
15614,1737.6917247520628
15615,1737.6917247520628
15616,1737.6917247520628
15617,1737.6917247520628
15618,1737.6917247520628
15619,1737.6917247520628
15620,1737.6917247520628
15621,1737.6917247520628
15622,1737.6917247520628
15623,1737.6917247520628
15624,1737.6917247520628
15625,1737.6917247520628
15626,1737.6917247520628
15627,1737.6917247520628
15628,1737.6917247520628
15629,1737.6917247520628
15630,1737.6917247520628
15631,1737.6917247520628
15632,1737.6917247520628
15633,1737.6917247520628
15634,1737.6917247520628
15635,1737.6917247520628
15636,1737.6917247520628
15637,1737.6917247520628
15638,1737.6917247520628
15639,1737.6917247520628
15640,1737.6917247520628
15641,1737.6917247520628
15642,1737.6917247520628
15643,1737.6917247520628
15644,1737.6917247520628
15645,1737.6917247520628
15646,1737.6917247520628
15647,1737.6917247520628
15648,1737.6917247520628
15649,1737.6917247520628
15650,1737.6917247520628
15651,1737.6917247520628
15652,1737.6917247520628
15653,1737.6917247520628
15654,1737.6917247520628
15655,1737.6917247520628
15656,1737.6917247520628
15657,1737.6917247520628
15658,1737.6917247520628
15659,1737.6917247520628
15660,1737.6917247520628
15661,1737.6917247520628
15662,1737.6917247520628
15663,1737.6917247520628
15664,1737.6917247520628
15665,1737.6917247520628
15666,1737.6917247520628
15667,1737.6917247520628
15668,1737.6917247520628
15669,1737.6917247520628
15670,1737.6917247520628
15671,1737.6917247520628
15672,1737.6917247520628
15673,1737.6917247520628
15674,1737.6917247520628
15675,1737.6917247520628
15676,1737.6917247520628
15677,1737.6917247520628
15678,1737.6917247520628
15679,1737.6917247520628
15680,1737.6917247520628
15681,1737.6917247520628
15682,1737.6917247520628
15683,1737.6917247520628
15684,1737.6917247520628
15685,1737.6917247520628
15686,1737.6917247520628
15687,1737.6917247520628
15688,1737.6917247520628
15689,1737.6917247520628
15690,1737.6917247520628
15691,1737.6917247520628
15692,1737.6917247520628
15693,1737.6917247520628
15694,1737.6917247520628
15695,1737.6917247520628
15696,1737.6917247520628
15697,1737.6917247520628
15698,1737.6917247520628
15699,1737.6917247520628
15700,1737.6917247520628
15701,1737.6917247520628
15702,1737.6917247520628
15703,1737.6917247520628
15704,1737.6917247520628
15705,1737.6917247520628
15706,1737.6917247520628
15707,1737.6917247520628
15708,1737.6917247520628
15709,1737.6917247520628
15710,1737.6917247520628
15711,1737.6917247520628
15712,1737.6917247520628
15713,1737.6917247520628
15714,1737.6917247520628
15715,1737.6917247520628
15716,1737.6917247520628
15717,1737.6917247520628
15718,1737.6917247520628
15719,1737.6917247520628
15720,1737.6917247520628
15721,1737.6917247520628
15722,1737.6917247520628
15723,1737.6917247520628
15724,1737.6917247520628
15725,1737.6917247520628
15726,1737.6917247520628
15727,1737.6917247520628
15728,1737.6917247520628
15729,1737.6917247520628
15730,1737.6917247520628
15731,1737.6917247520628
15732,1737.6917247520628
15733,1737.6917247520628
15734,1737.6917247520628
15735,1737.6917247520628
15736,1737.6917247520628
15737,1737.6917247520628
15738,1737.6917247520628
15739,1737.6917247520628
15740,1737.6917247520628
15741,1737.6917247520628
15742,1737.6917247520628
15743,1737.6917247520628
15744,1737.6917247520628
15745,1737.6917247520628
15746,1737.6917247520628
15747,1737.6917247520628
15748,1737.6917247520628
15749,1737.6917247520628
15750,1737.6917247520628
15751,1737.6917247520628
15752,1737.6917247520628
15753,1737.6917247520628
15754,1737.6917247520628
15755,1737.6917247520628
15756,1737.6917247520628
15757,1737.6917247520628
15758,1737.6917247520628
15759,1737.6917247520628
15760,1737.6917247520628
15761,1737.6917247520628
15762,1737.6917247520628
15763,1737.6917247520628
15764,1737.6917247520628
15765,1737.6917247520628
15766,1737.6917247520628
15767,1737.6917247520628
15768,1737.6917247520628
15769,1737.6917247520628
15770,1737.6917247520628
15771,1737.6917247520628
15772,1737.6917247520628
15773,1737.6917247520628
15774,1737.6917247520628
15775,1737.6917247520628
15776,1737.6917247520628
15777,1737.6917247520628
15778,1737.6917247520628
15779,1737.6917247520628
15780,1737.6917247520628
15781,1737.6917247520628
15782,1737.6917247520628
15783,1737.6917247520628
15784,1737.6917247520628
15785,1737.6917247520628
15786,1737.6917247520628
15787,1737.6917247520628
15788,1737.6917247520628
15789,1737.6917247520628
15790,1737.6917247520628
15791,1737.6917247520628
15792,1737.6917247520628
15793,1737.6917247520628
15794,1737.6917247520628
15795,1737.6917247520628
15796,1737.6917247520628
15797,1737.6917247520628
15798,1737.6917247520628
15799,1737.6917247520628
15800,1737.6917247520628
15801,1737.6917247520628
15802,1737.6917247520628
15803,1737.6917247520628
15804,1737.6917247520628
15805,1737.6917247520628
15806,1737.6917247520628
15807,1737.6917247520628
15808,1737.6917247520628
15809,1737.6917247520628
15810,1737.6917247520628
15811,1737.6917247520628
15812,1737.6917247520628
15813,1737.6917247520628
15814,1737.6917247520628
15815,1737.6917247520628
15816,1737.6917247520628
15817,1737.6917247520628
15818,1737.6917247520628
15819,1737.6917247520628
15820,1737.6917247520628
15821,1737.6917247520628
15822,1737.6917247520628
15823,1737.6917247520628
15824,1737.6917247520628
15825,1737.6917247520628
15826,1737.6917247520628
15827,1737.6917247520628
15828,1737.6917247520628
15829,1737.6917247520628
15830,1737.6917247520628
15831,1737.6917247520628
15832,1737.6917247520628
15833,1737.6917247520628
15834,1737.6917247520628
15835,1737.6917247520628
15836,1737.6917247520628
15837,1737.6917247520628
15838,1737.6917247520628
15839,1737.6917247520628
15840,1737.6917247520628
15841,1737.6917247520628
15842,1737.6917247520628
15843,1737.6917247520628
15844,1737.6917247520628
15845,1737.6917247520628
15846,1737.6917247520628
15847,1737.6917247520628
15848,1737.6917247520628
15849,1737.6917247520628
15850,1737.6917247520628
15851,1737.6917247520628
15852,1737.6917247520628
15853,1737.6917247520628
15854,1737.6917247520628
15855,1737.6917247520628
15856,1737.6917247520628
15857,1737.6917247520628
15858,1737.6917247520628
15859,1737.6917247520628
15860,1737.6917247520628
15861,1737.6917247520628
15862,1737.6917247520628
15863,1737.6917247520628
15864,1737.6917247520628
15865,1737.6917247520628
15866,1737.6917247520628
15867,1737.6917247520628
15868,1737.6917247520628
15869,1737.6917247520628
15870,1737.6917247520628
15871,1737.6917247520628
15872,1737.6917247520628
15873,1737.6917247520628
15874,1737.6917247520628
15875,1737.6917247520628
15876,1737.6917247520628
15877,1737.6917247520628
15878,1737.6917247520628
15879,1737.6917247520628
15880,1737.6917247520628
15881,1737.6917247520628
15882,1737.6917247520628
15883,1737.6917247520628
15884,1737.6917247520628
15885,1737.6917247520628
15886,1737.6917247520628
15887,1737.6917247520628
15888,1737.6917247520628
15889,1737.6917247520628
15890,1737.6917247520628
15891,1737.6917247520628
15892,1737.6917247520628
15893,1737.6917247520628
15894,1737.6917247520628
15895,1737.6917247520628
15896,1737.6917247520628
15897,1737.6917247520628
15898,1737.6917247520628
15899,1737.6917247520628
15900,1737.6917247520628
15901,1737.6917247520628
15902,1737.6917247520628
15903,1737.6917247520628
15904,1737.6917247520628
15905,1737.6917247520628
15906,1737.6917247520628
15907,1737.6917247520628
15908,1737.6917247520628
15909,1737.6917247520628
15910,1737.6917247520628
15911,1737.6917247520628
15912,1737.6917247520628
15913,1737.6917247520628
15914,1737.6917247520628
15915,1737.6917247520628
15916,1737.6917247520628
15917,1737.6917247520628
15918,1737.6917247520628
15919,1737.6917247520628
15920,1737.6917247520628
15921,1737.6917247520628
15922,1737.6917247520628
15923,1737.6917247520628
15924,1737.6917247520628
15925,1737.6917247520628
15926,1737.6917247520628
15927,1737.6917247520628
15928,1737.6917247520628
15929,1737.6917247520628
15930,1737.6917247520628
15931,1737.6917247520628
15932,1737.6917247520628
15933,1737.6917247520628
15934,1737.6917247520628
15935,1737.6917247520628
15936,1737.6917247520628
15937,1737.6917247520628
15938,1737.6917247520628
15939,1737.6917247520628
15940,1737.6917247520628
15941,1737.6917247520628
15942,1737.6917247520628
15943,1737.6917247520628
15944,1737.6917247520628
15945,1737.6917247520628
15946,1737.6917247520628
15947,1737.6917247520628
15948,1737.6917247520628
15949,1737.6917247520628
15950,1737.6917247520628
15951,1737.6917247520628
15952,1737.6917247520628
15953,1737.6917247520628
15954,1737.6917247520628
15955,1737.6917247520628
15956,1737.6917247520628
15957,1737.6917247520628
15958,1737.6917247520628
15959,1737.6917247520628
15960,1737.6917247520628
15961,1737.6917247520628
15962,1737.6917247520628
15963,1737.6917247520628
15964,1737.6917247520628
15965,1737.6917247520628
15966,1737.6917247520628
15967,1737.6917247520628
15968,1737.6917247520628
15969,1737.6917247520628
15970,1737.6917247520628
15971,1737.6917247520628
15972,1737.6917247520628
15973,1737.6917247520628
15974,1737.6917247520628
15975,1737.6917247520628
15976,1737.6917247520628
15977,1737.6917247520628
15978,1737.6917247520628
15979,1737.6917247520628
15980,1737.6917247520628
15981,1737.6917247520628
15982,1737.6917247520628
15983,1737.6917247520628
15984,1737.6917247520628
15985,1737.6917247520628
15986,1737.6917247520628
15987,1737.6917247520628
15988,1737.6917247520628
15989,1737.6917247520628
15990,1737.6917247520628
15991,1737.6917247520628
15992,1737.6917247520628
15993,1737.6917247520628
15994,1737.6917247520628
15995,1737.6917247520628
15996,1737.6917247520628
15997,1737.6917247520628
15998,1737.6917247520628
15999,1737.6917247520628
16000,1737.6917247520628
16001,1737.6917247520628
16002,1737.6917247520628
16003,1737.6917247520628
16004,1737.6917247520628
16005,1737.6917247520628
16006,1737.6917247520628
16007,1737.6917247520628
16008,1737.6917247520628
16009,1737.6917247520628
16010,1737.6917247520628
16011,1737.6917247520628
16012,1737.6917247520628
16013,1737.6917247520628
16014,1737.6917247520628
16015,1737.6917247520628
16016,1737.6917247520628
16017,1737.6917247520628
16018,1737.6917247520628
16019,1737.6917247520628
16020,1737.6917247520628
16021,1737.6917247520628
16022,1737.6917247520628
16023,1737.6917247520628
16024,1737.6917247520628
16025,1737.6917247520628
16026,1737.6917247520628
16027,1737.6917247520628
16028,1737.6917247520628
16029,1737.6917247520628
16030,1737.6917247520628
16031,1737.6917247520628
16032,1737.6917247520628
16033,1737.6917247520628
16034,1737.6917247520628
16035,1737.6917247520628
16036,1737.6917247520628
16037,1737.6917247520628
16038,1737.6917247520628
16039,1737.6917247520628
16040,1737.6917247520628
16041,1737.6917247520628
16042,1737.6917247520628
16043,1737.6917247520628
16044,1737.6917247520628
16045,1737.6917247520628
16046,1737.6917247520628
16047,1737.6917247520628
16048,1737.6917247520628
16049,1737.6917247520628
16050,1737.6917247520628
16051,1737.6917247520628
16052,1737.6917247520628
16053,1737.6917247520628
16054,1737.6917247520628
16055,1737.6917247520628
16056,1737.6917247520628
16057,1737.6917247520628
16058,1737.6917247520628
16059,1737.6917247520628
16060,1737.6917247520628
16061,1737.6917247520628
16062,1737.6917247520628
16063,1737.6917247520628
16064,1737.6917247520628
16065,1737.6917247520628
16066,1737.6917247520628
16067,1737.6917247520628
16068,1737.6917247520628
16069,1737.6917247520628
16070,1737.6917247520628
16071,1737.6917247520628
16072,1737.6917247520628
16073,1737.6917247520628
16074,1737.6917247520628
16075,1737.6917247520628
16076,1737.6917247520628
16077,1737.6917247520628
16078,1737.6917247520628
16079,1737.6917247520628
16080,1737.6917247520628
16081,1737.6917247520628
16082,1737.6917247520628
16083,1737.6917247520628
16084,1737.6917247520628
16085,1737.6917247520628
16086,1737.6917247520628
16087,1737.6917247520628
16088,1737.6917247520628
16089,1737.6917247520628
16090,1737.6917247520628
16091,1737.6917247520628
16092,1737.6917247520628
16093,1737.6917247520628
16094,1737.6917247520628
16095,1737.6917247520628
16096,1737.6917247520628
16097,1737.6917247520628
16098,1737.6917247520628
16099,1737.6917247520628
16100,1737.6917247520628
16101,1737.6917247520628
16102,1737.6917247520628
16103,1737.6917247520628
16104,1737.6917247520628
16105,1737.6917247520628
16106,1737.6917247520628
16107,1737.6917247520628
16108,1737.6917247520628
16109,1737.6917247520628
16110,1737.6917247520628
16111,1737.6917247520628
16112,1737.6917247520628
16113,1737.6917247520628
16114,1737.6917247520628
16115,1737.6917247520628
16116,1737.6917247520628
16117,1737.6917247520628
16118,1737.6917247520628
16119,1737.6917247520628
16120,1737.6917247520628
16121,1737.6917247520628
16122,1737.6917247520628
16123,1737.6917247520628
16124,1737.6917247520628
16125,1737.6917247520628
16126,1737.6917247520628
16127,1737.6917247520628
16128,1737.6917247520628
16129,1737.6917247520628
16130,1737.6917247520628
16131,1737.6917247520628
16132,1737.6917247520628
16133,1737.6917247520628
16134,1737.6917247520628
16135,1737.6917247520628
16136,1737.6917247520628
16137,1737.6917247520628
16138,1737.6917247520628
16139,1737.6917247520628
16140,1737.6917247520628
16141,1737.6917247520628
16142,1737.6917247520628
16143,1737.6917247520628
16144,1737.6917247520628
16145,1737.6917247520628
16146,1737.6917247520628
16147,1737.6917247520628
16148,1737.6917247520628
16149,1737.6917247520628
16150,1737.6917247520628
16151,1737.6917247520628
16152,1737.6917247520628
16153,1737.6917247520628
16154,1737.6917247520628
16155,1737.6917247520628
16156,1737.6917247520628
16157,1737.6917247520628
16158,1737.6917247520628
16159,1737.6917247520628
16160,1737.6917247520628
16161,1737.6917247520628
16162,1737.6917247520628
16163,1737.6917247520628
16164,1737.6917247520628
16165,1737.6917247520628
16166,1737.6917247520628
16167,1737.6917247520628
16168,1737.6917247520628
16169,1737.6917247520628
16170,1737.6917247520628
16171,1737.6917247520628
16172,1737.6917247520628
16173,1737.6917247520628
16174,1737.6917247520628
16175,1737.6917247520628
16176,1737.6917247520628
16177,1737.6917247520628
16178,1737.6917247520628
16179,1737.6917247520628
16180,1737.6917247520628
16181,1737.6917247520628
16182,1737.6917247520628
16183,1737.6917247520628
16184,1737.6917247520628
16185,1737.6917247520628
16186,1737.6917247520628
16187,1737.6917247520628
16188,1737.6917247520628
16189,1737.6917247520628
16190,1737.6917247520628
16191,1737.6917247520628
16192,1737.6917247520628
16193,1737.6917247520628
16194,1737.6917247520628
16195,1737.6917247520628
16196,1737.6917247520628
16197,1737.6917247520628
16198,1737.6917247520628
16199,1737.6917247520628
16200,1737.6917247520628
16201,1737.6917247520628
16202,1737.6917247520628
16203,1737.6917247520628
16204,1737.6917247520628
16205,1737.6917247520628
16206,1737.6917247520628
16207,1737.6917247520628
16208,1737.6917247520628
16209,1737.6917247520628
16210,1737.6917247520628
16211,1737.6917247520628
16212,1737.6917247520628
16213,1737.6917247520628
16214,1737.6917247520628
16215,1737.6917247520628
16216,1737.6917247520628
16217,1737.6917247520628
16218,1737.6917247520628
16219,1737.6917247520628
16220,1737.6917247520628
16221,1737.6917247520628
16222,1737.6917247520628
16223,1737.6917247520628
16224,1737.6917247520628
16225,1737.6917247520628
16226,1737.6917247520628
16227,1737.6917247520628
16228,1737.6917247520628
16229,1737.6917247520628
16230,1737.6917247520628
16231,1737.6917247520628
16232,1737.6917247520628
16233,1737.6917247520628
16234,1737.6917247520628
16235,1737.6917247520628
16236,1737.6917247520628
16237,1737.6917247520628
16238,1737.6917247520628
16239,1737.6917247520628
16240,1737.6917247520628
16241,1737.6917247520628
16242,1737.6917247520628
16243,1737.6917247520628
16244,1737.6917247520628
16245,1737.6917247520628
16246,1737.6917247520628
16247,1737.6917247520628
16248,1737.6917247520628
16249,1737.6917247520628
16250,1737.6917247520628
16251,1737.6917247520628
16252,1737.6917247520628
16253,1737.6917247520628
16254,1737.6917247520628
16255,1737.6917247520628
16256,1737.6917247520628
16257,1737.6917247520628
16258,1737.6917247520628
16259,1737.6917247520628
16260,1737.6917247520628
16261,1737.6917247520628
16262,1737.6917247520628
16263,1737.6917247520628
16264,1737.6917247520628
16265,1737.6917247520628
16266,1737.6917247520628
16267,1737.6917247520628
16268,1737.6917247520628
16269,1737.6917247520628
16270,1737.6917247520628
16271,1737.6917247520628
16272,1737.6917247520628
16273,1737.6917247520628
16274,1737.6917247520628
16275,1737.6917247520628
16276,1737.6917247520628
16277,1737.6917247520628
16278,1737.6917247520628
16279,1737.6917247520628
16280,1737.6917247520628
16281,1737.6917247520628
16282,1737.6917247520628
16283,1737.6917247520628
16284,1737.6917247520628
16285,1737.6917247520628
16286,1737.6917247520628
16287,1737.6917247520628
16288,1737.6917247520628
16289,1737.6917247520628
16290,1737.6917247520628
16291,1737.6917247520628
16292,1737.6917247520628
16293,1737.6917247520628
16294,1737.6917247520628
16295,1737.6917247520628
16296,1737.6917247520628
16297,1737.6917247520628
16298,1737.6917247520628
16299,1737.6917247520628
16300,1737.6917247520628
16301,1737.6917247520628
16302,1737.6917247520628
16303,1737.6917247520628
16304,1737.6917247520628
16305,1737.6917247520628
16306,1737.6917247520628
16307,1737.6917247520628
16308,1737.6917247520628
16309,1737.6917247520628
16310,1737.6917247520628
16311,1737.6917247520628
16312,1737.6917247520628
16313,1737.6917247520628
16314,1737.6917247520628
16315,1737.6917247520628
16316,1737.6917247520628
16317,1737.6917247520628
16318,1737.6917247520628
16319,1737.6917247520628
16320,1737.6917247520628
16321,1737.6917247520628
16322,1737.6917247520628
16323,1737.6917247520628
16324,1737.6917247520628
16325,1737.6917247520628
16326,1737.6917247520628
16327,1737.6917247520628
16328,1737.6917247520628
16329,1737.6917247520628
16330,1737.6917247520628
16331,1737.6917247520628
16332,1737.6917247520628
16333,1737.6917247520628
16334,1737.6917247520628
16335,1737.6917247520628
16336,1737.6917247520628
16337,1737.6917247520628
16338,1737.6917247520628
16339,1737.6917247520628
16340,1737.6917247520628
16341,1737.6917247520628
16342,1737.6917247520628
16343,1737.6917247520628
16344,1737.6917247520628
16345,1737.6917247520628
16346,1737.6917247520628
16347,1737.6917247520628
16348,1737.6917247520628
16349,1737.6917247520628
16350,1737.6917247520628
16351,1737.6917247520628
16352,1737.6917247520628
16353,1737.6917247520628
16354,1737.6917247520628
16355,1737.6917247520628
16356,1737.6917247520628
16357,1737.6917247520628
16358,1737.6917247520628
16359,1737.6917247520628
16360,1737.6917247520628
16361,1737.6917247520628
16362,1737.6917247520628
16363,1737.6917247520628
16364,1737.6917247520628
16365,1737.6917247520628
16366,1737.6917247520628
16367,1737.6917247520628
16368,1737.6917247520628
16369,1737.6917247520628
16370,1737.6917247520628
16371,1737.6917247520628
16372,1737.6917247520628
16373,1737.6917247520628
16374,1737.6917247520628
16375,1737.6917247520628
16376,1737.6917247520628
16377,1737.6917247520628
16378,1737.6917247520628
16379,1737.6917247520628
16380,1737.6917247520628
16381,1737.6917247520628
16382,1737.6917247520628
16383,1737.6917247520628
16384,1737.6917247520628
16385,1737.6917247520628
16386,1737.6917247520628
16387,1737.6917247520628
16388,1737.6917247520628
16389,1737.6917247520628
16390,1737.6917247520628
16391,1737.6917247520628
16392,1737.6917247520628
16393,1737.6917247520628
16394,1737.6917247520628
16395,1737.6917247520628
16396,1737.6917247520628
16397,1737.6917247520628
16398,1737.6917247520628
16399,1737.6917247520628
16400,1737.6917247520628
16401,1737.6917247520628
16402,1737.6917247520628
16403,1737.6917247520628
16404,1737.6917247520628
16405,1737.6917247520628
16406,1737.6917247520628
16407,1737.6917247520628
16408,1737.6917247520628
16409,1737.6917247520628
16410,1737.6917247520628
16411,1737.6917247520628
16412,1737.6917247520628
16413,1737.6917247520628
16414,1737.6917247520628
16415,1737.6917247520628
16416,1737.6917247520628
16417,1737.6917247520628
16418,1737.6917247520628
16419,1737.6917247520628
16420,1737.6917247520628
16421,1737.6917247520628
16422,1737.6917247520628
16423,1737.6917247520628
16424,1737.6917247520628
16425,1737.6917247520628
16426,1737.6917247520628
16427,1737.6917247520628
16428,1737.6917247520628
16429,1737.6917247520628
16430,1737.6917247520628
16431,1737.6917247520628
16432,1737.6917247520628
16433,1737.6917247520628
16434,1737.6917247520628
16435,1737.6917247520628
16436,1737.6917247520628
16437,1737.6917247520628
16438,1737.6917247520628
16439,1737.6917247520628
16440,1737.6917247520628
16441,1737.6917247520628
16442,1737.6917247520628
16443,1737.6917247520628
16444,1737.6917247520628
16445,1737.6917247520628
16446,1737.6917247520628
16447,1737.6917247520628
16448,1737.6917247520628
16449,1737.6917247520628
16450,1737.6917247520628
16451,1737.6917247520628
16452,1737.6917247520628
16453,1737.6917247520628
16454,1737.6917247520628
16455,1737.6917247520628
16456,1737.6917247520628
16457,1737.6917247520628
16458,1737.6917247520628
16459,1737.6917247520628
16460,1737.6917247520628
16461,1737.6917247520628
16462,1737.6917247520628
16463,1737.6917247520628
16464,1737.6917247520628
16465,1737.6917247520628
16466,1737.6917247520628
16467,1737.6917247520628
16468,1737.6917247520628
16469,1737.6917247520628
16470,1737.6917247520628
16471,1737.6917247520628
16472,1737.6917247520628
16473,1737.6917247520628
16474,1737.6917247520628
16475,1737.6917247520628
16476,1737.6917247520628
16477,1737.6917247520628
16478,1737.6917247520628
16479,1737.6917247520628
16480,1737.6917247520628
16481,1737.6917247520628
16482,1737.6917247520628
16483,1737.6917247520628
16484,1737.6917247520628
16485,1737.6917247520628
16486,1737.6917247520628
16487,1737.6917247520628
16488,1737.6917247520628
16489,1737.6917247520628
16490,1737.6917247520628
16491,1737.6917247520628
16492,1737.6917247520628
16493,1737.6917247520628
16494,1737.6917247520628
16495,1737.6917247520628
16496,1737.6917247520628
16497,1737.6917247520628
16498,1737.6917247520628
16499,1737.6917247520628
16500,1737.6917247520628
16501,1737.6917247520628
16502,1737.6917247520628
16503,1737.6917247520628
16504,1737.6917247520628
16505,1737.6917247520628
16506,1737.6917247520628
16507,1737.6917247520628
16508,1737.6917247520628
16509,1737.6917247520628
16510,1737.6917247520628
16511,1737.6917247520628
16512,1737.6917247520628
16513,1737.6917247520628
16514,1737.6917247520628
16515,1737.6917247520628
16516,1737.6917247520628
16517,1737.6917247520628
16518,1737.6917247520628
16519,1737.6917247520628
16520,1737.6917247520628
16521,1737.6917247520628
16522,1737.6917247520628
16523,1737.6917247520628
16524,1737.6917247520628
16525,1737.6917247520628
16526,1737.6917247520628
16527,1737.6917247520628
16528,1737.6917247520628
16529,1737.6917247520628
16530,1737.6917247520628
16531,1737.6917247520628
16532,1737.6917247520628
16533,1737.6917247520628
16534,1737.6917247520628
16535,1737.6917247520628
16536,1737.6917247520628
16537,1737.6917247520628
16538,1737.6917247520628
16539,1737.6917247520628
16540,1737.6917247520628
16541,1737.6917247520628
16542,1737.6917247520628
16543,1737.6917247520628
16544,1737.6917247520628
16545,1737.6917247520628
16546,1737.6917247520628
16547,1737.6917247520628
16548,1737.6917247520628
16549,1737.6917247520628
16550,1737.6917247520628
16551,1737.6917247520628
16552,1737.6917247520628
16553,1737.6917247520628
16554,1737.6917247520628
16555,1737.6917247520628
16556,1737.6917247520628
16557,1737.6917247520628
16558,1737.6917247520628
16559,1737.6917247520628
16560,1737.6917247520628
16561,1737.6917247520628
16562,1737.6917247520628
16563,1737.6917247520628
16564,1737.6917247520628
16565,1737.6917247520628
16566,1737.6917247520628
16567,1737.6917247520628
16568,1737.6917247520628
16569,1737.6917247520628
16570,1737.6917247520628
16571,1737.6917247520628
16572,1737.6917247520628
16573,1737.6917247520628
16574,1737.6917247520628
16575,1737.6917247520628
16576,1737.6917247520628
16577,1737.6917247520628
16578,1737.6917247520628
16579,1737.6917247520628
16580,1737.6917247520628
16581,1737.6917247520628
16582,1737.6917247520628
16583,1737.6917247520628
16584,1737.6917247520628
16585,1737.6917247520628
16586,1737.6917247520628
16587,1737.6917247520628
16588,1737.6917247520628
16589,1737.6917247520628
16590,1737.6917247520628
16591,1737.6917247520628
16592,1737.6917247520628
16593,1737.6917247520628
16594,1737.6917247520628
16595,1737.6917247520628
16596,1737.6917247520628
16597,1737.6917247520628
16598,1737.6917247520628
16599,1737.6917247520628
16600,1737.6917247520628
16601,1737.6917247520628
16602,1737.6917247520628
16603,1737.6917247520628
16604,1737.6917247520628
16605,1737.6917247520628
16606,1737.6917247520628
16607,1737.6917247520628
16608,1737.6917247520628
16609,1737.6917247520628
16610,1737.6917247520628
16611,1737.6917247520628
16612,1737.6917247520628
16613,1737.6917247520628
16614,1737.6917247520628
16615,1737.6917247520628
16616,1737.6917247520628
16617,1737.6917247520628
16618,1737.6917247520628
16619,1737.6917247520628
16620,1737.6917247520628
16621,1737.6917247520628
16622,1737.6917247520628
16623,1737.6917247520628
16624,1737.6917247520628
16625,1737.6917247520628
16626,1737.6917247520628
16627,1737.6917247520628
16628,1737.6917247520628
16629,1737.6917247520628
16630,1737.6917247520628
16631,1737.6917247520628
16632,1737.6917247520628
16633,1737.6917247520628
16634,1737.6917247520628
16635,1737.6917247520628
16636,1737.6917247520628
16637,1737.6917247520628
16638,1737.6917247520628
16639,1737.6917247520628
16640,1737.6917247520628
16641,1737.6917247520628
16642,1737.6917247520628
16643,1737.6917247520628
16644,1737.6917247520628
16645,1737.6917247520628
16646,1737.6917247520628
16647,1737.6917247520628
16648,1737.6917247520628
16649,1737.6917247520628
16650,1737.6917247520628
16651,1737.6917247520628
16652,1737.6917247520628
16653,1737.6917247520628
16654,1737.6917247520628
16655,1737.6917247520628
16656,1737.6917247520628
16657,1737.6917247520628
16658,1737.6917247520628
16659,1737.6917247520628
16660,1737.6917247520628
16661,1737.6917247520628
16662,1737.6917247520628
16663,1737.6917247520628
16664,1737.6917247520628
16665,1737.6917247520628
16666,1737.6917247520628
16667,1737.6917247520628
16668,1737.6917247520628
16669,1737.6917247520628
16670,1737.6917247520628
16671,1737.6917247520628
16672,1737.6917247520628
16673,1737.6917247520628
16674,1737.6917247520628
16675,1737.6917247520628
16676,1737.6917247520628
16677,1737.6917247520628
16678,1737.6917247520628
16679,1737.6917247520628
16680,1737.6917247520628
16681,1737.6917247520628
16682,1737.6917247520628
16683,1737.6917247520628
16684,1737.6917247520628
16685,1737.6917247520628
16686,1737.6917247520628
16687,1737.6917247520628
16688,1737.6917247520628
16689,1737.6917247520628
16690,1737.6917247520628
16691,1737.6917247520628
16692,1737.6917247520628
16693,1737.6917247520628
16694,1737.6917247520628
16695,1737.6917247520628
16696,1737.6917247520628
16697,1737.6917247520628
16698,1737.6917247520628
16699,1737.6917247520628
16700,1737.6917247520628
16701,1737.6917247520628
16702,1737.6917247520628
16703,1737.6917247520628
16704,1737.6917247520628
16705,1737.6917247520628
16706,1737.6917247520628
16707,1737.6917247520628
16708,1737.6917247520628
16709,1737.6917247520628
16710,1737.6917247520628
16711,1737.6917247520628
16712,1737.6917247520628
16713,1737.6917247520628
16714,1737.6917247520628
16715,1737.6917247520628
16716,1737.6917247520628
16717,1737.6917247520628
16718,1737.6917247520628
16719,1737.6917247520628
16720,1737.6917247520628
16721,1737.6917247520628
16722,1737.6917247520628
16723,1737.6917247520628
16724,1737.6917247520628
16725,1737.6917247520628
16726,1737.6917247520628
16727,1737.6917247520628
16728,1737.6917247520628
16729,1737.6917247520628
16730,1737.6917247520628
16731,1737.6917247520628
16732,1737.6917247520628
16733,1737.6917247520628
16734,1737.6917247520628
16735,1737.6917247520628
16736,1737.6917247520628
16737,1737.6917247520628
16738,1737.6917247520628
16739,1737.6917247520628
16740,1737.6917247520628
16741,1737.6917247520628
16742,1737.6917247520628
16743,1737.6917247520628
16744,1737.6917247520628
16745,1737.6917247520628
16746,1737.6917247520628
16747,1737.6917247520628
16748,1737.6917247520628
16749,1737.6917247520628
16750,1737.6917247520628
16751,1737.6917247520628
16752,1737.6917247520628
16753,1737.6917247520628
16754,1737.6917247520628
16755,1737.6917247520628
16756,1737.6917247520628
16757,1737.6917247520628
16758,1737.6917247520628
16759,1737.6917247520628
16760,1737.6917247520628
16761,1737.6917247520628
16762,1737.6917247520628
16763,1737.6917247520628
16764,1737.6917247520628
16765,1737.6917247520628
16766,1737.6917247520628
16767,1737.6917247520628
16768,1737.6917247520628
16769,1737.6917247520628
16770,1737.6917247520628
16771,1737.6917247520628
16772,1737.6917247520628
16773,1737.6917247520628
16774,1737.6917247520628
16775,1737.6917247520628
16776,1737.6917247520628
16777,1737.6917247520628
16778,1737.6917247520628
16779,1737.6917247520628
16780,1737.6917247520628
16781,1737.6917247520628
16782,1737.6917247520628
16783,1737.6917247520628
16784,1737.6917247520628
16785,1737.6917247520628
16786,1737.6917247520628
16787,1737.6917247520628
16788,1737.6917247520628
16789,1737.6917247520628
16790,1737.6917247520628
16791,1737.6917247520628
16792,1737.6917247520628
16793,1737.6917247520628
16794,1737.6917247520628
16795,1737.6917247520628
16796,1737.6917247520628
16797,1737.6917247520628
16798,1737.6917247520628
16799,1737.6917247520628
16800,1737.6917247520628
16801,1737.6917247520628
16802,1737.6917247520628
16803,1737.6917247520628
16804,1737.6917247520628
16805,1737.6917247520628
16806,1737.6917247520628
16807,1737.6917247520628
16808,1737.6917247520628
16809,1737.6917247520628
16810,1737.6917247520628
16811,1737.6917247520628
16812,1737.6917247520628
16813,1737.6917247520628
16814,1737.6917247520628
16815,1737.6917247520628
16816,1737.6917247520628
16817,1737.6917247520628
16818,1737.6917247520628
16819,1737.6917247520628
16820,1737.6917247520628
16821,1737.6917247520628
16822,1737.6917247520628
16823,1737.6917247520628
16824,1737.6917247520628
16825,1737.6917247520628
16826,1737.6917247520628
16827,1737.6917247520628
16828,1737.6917247520628
16829,1737.6917247520628
16830,1737.6917247520628
16831,1737.6917247520628
16832,1737.6917247520628
16833,1737.6917247520628
16834,1737.6917247520628
16835,1737.6917247520628
16836,1737.6917247520628
16837,1737.6917247520628
16838,1737.6917247520628
16839,1737.6917247520628
16840,1737.6917247520628
16841,1737.6917247520628
16842,1737.6917247520628
16843,1737.6917247520628
16844,1737.6917247520628
16845,1737.6917247520628
16846,1737.6917247520628
16847,1737.6917247520628
16848,1737.6917247520628
16849,1737.6917247520628
16850,1737.6917247520628
16851,1737.6917247520628
16852,1737.6917247520628
16853,1737.6917247520628
16854,1737.6917247520628
16855,1737.6917247520628
16856,1737.6917247520628
16857,1737.6917247520628
16858,1737.6917247520628
16859,1737.6917247520628
16860,1737.6917247520628
16861,1737.6917247520628
16862,1737.6917247520628
16863,1737.6917247520628
16864,1737.6917247520628
16865,1737.6917247520628
16866,1737.6917247520628
16867,1737.6917247520628
16868,1737.6917247520628
16869,1737.6917247520628
16870,1737.6917247520628
16871,1737.6917247520628
16872,1737.6917247520628
16873,1737.6917247520628
16874,1737.6917247520628
16875,1737.6917247520628
16876,1737.6917247520628
16877,1737.6917247520628
16878,1737.6917247520628
16879,1737.6917247520628
16880,1737.6917247520628
16881,1737.6917247520628
16882,1737.6917247520628
16883,1737.6917247520628
16884,1737.6917247520628
16885,1737.6917247520628
16886,1737.6917247520628
16887,1737.6917247520628
16888,1737.6917247520628
16889,1737.6917247520628
16890,1737.6917247520628
16891,1737.6917247520628
16892,1737.6917247520628
16893,1737.6917247520628
16894,1737.6917247520628
16895,1737.6917247520628
16896,1737.6917247520628
16897,1737.6917247520628
16898,1737.6917247520628
16899,1737.6917247520628
16900,1737.6917247520628
16901,1737.6917247520628
16902,1737.6917247520628
16903,1737.6917247520628
16904,1737.6917247520628
16905,1737.6917247520628
16906,1737.6917247520628
16907,1737.6917247520628
16908,1737.6917247520628
16909,1737.6917247520628
16910,1737.6917247520628
16911,1737.6917247520628
16912,1737.6917247520628
16913,1737.6917247520628
16914,1737.6917247520628
16915,1737.6917247520628
16916,1737.6917247520628
16917,1737.6917247520628
16918,1737.6917247520628
16919,1737.6917247520628
16920,1737.6917247520628
16921,1737.6917247520628
16922,1737.6917247520628
16923,1737.6917247520628
16924,1737.6917247520628
16925,1737.6917247520628
16926,1737.6917247520628
16927,1737.6917247520628
16928,1737.6917247520628
16929,1737.6917247520628
16930,1737.6917247520628
16931,1737.6917247520628
16932,1737.6917247520628
16933,1737.6917247520628
16934,1737.6917247520628
16935,1737.6917247520628
16936,1737.6917247520628
16937,1737.6917247520628
16938,1737.6917247520628
16939,1737.6917247520628
16940,1737.6917247520628
16941,1737.6917247520628
16942,1737.6917247520628
16943,1737.6917247520628
16944,1737.6917247520628
16945,1737.6917247520628
16946,1737.6917247520628
16947,1737.6917247520628
16948,1737.6917247520628
16949,1737.6917247520628
16950,1737.6917247520628
16951,1737.6917247520628
16952,1737.6917247520628
16953,1737.6917247520628
16954,1737.6917247520628
16955,1737.6917247520628
16956,1737.6917247520628
16957,1737.6917247520628
16958,1737.6917247520628
16959,1737.6917247520628
16960,1737.6917247520628
16961,1737.6917247520628
16962,1737.6917247520628
16963,1737.6917247520628
16964,1737.6917247520628
16965,1737.6917247520628
16966,1737.6917247520628
16967,1737.6917247520628
16968,1737.6917247520628
16969,1737.6917247520628
16970,1737.6917247520628
16971,1737.6917247520628
16972,1737.6917247520628
16973,1737.6917247520628
16974,1737.6917247520628
16975,1737.6917247520628
16976,1737.6917247520628
16977,1737.6917247520628
16978,1737.6917247520628
16979,1737.6917247520628
16980,1737.6917247520628
16981,1737.6917247520628
16982,1737.6917247520628
16983,1737.6917247520628
16984,1737.6917247520628
16985,1737.6917247520628
16986,1737.6917247520628
16987,1737.6917247520628
16988,1737.6917247520628
16989,1737.6917247520628
16990,1737.6917247520628
16991,1737.6917247520628
16992,1737.6917247520628
16993,1737.6917247520628
16994,1737.6917247520628
16995,1737.6917247520628
16996,1737.6917247520628
16997,1737.6917247520628
16998,1737.6917247520628
16999,1737.6917247520628
17000,1737.6917247520628
17001,1737.6917247520628
17002,1737.6917247520628
17003,1737.6917247520628
17004,1737.6917247520628
17005,1737.6917247520628
17006,1737.6917247520628
17007,1737.6917247520628
17008,1737.6917247520628
17009,1737.6917247520628
17010,1737.6917247520628
17011,1737.6917247520628
17012,1737.6917247520628
17013,1737.6917247520628
17014,1737.6917247520628
17015,1737.6917247520628
17016,1737.6917247520628
17017,1737.6917247520628
17018,1737.6917247520628
17019,1737.6917247520628
17020,1737.6917247520628
17021,1737.6917247520628
17022,1737.6917247520628
17023,1737.6917247520628
17024,1737.6917247520628
17025,1737.6917247520628
17026,1737.6917247520628
17027,1737.6917247520628
17028,1737.6917247520628
17029,1737.6917247520628
17030,1737.6917247520628
17031,1737.6917247520628
17032,1737.6917247520628
17033,1737.6917247520628
17034,1737.6917247520628
17035,1737.6917247520628
17036,1737.6917247520628
17037,1737.6917247520628
17038,1737.6917247520628
17039,1737.6917247520628
17040,1737.6917247520628
17041,1737.6917247520628
17042,1737.6917247520628
17043,1737.6917247520628
17044,1737.6917247520628
17045,1737.6917247520628
17046,1737.6917247520628
17047,1737.6917247520628
17048,1737.6917247520628
17049,1737.6917247520628
17050,1737.6917247520628
17051,1737.6917247520628
17052,1737.6917247520628
17053,1737.6917247520628
17054,1737.6917247520628
17055,1737.6917247520628
17056,1737.6917247520628
17057,1737.6917247520628
17058,1737.6917247520628
17059,1737.6917247520628
17060,1737.6917247520628
17061,1737.6917247520628
17062,1737.6917247520628
17063,1737.6917247520628
17064,1737.6917247520628
17065,1737.6917247520628
17066,1737.6917247520628
17067,1737.6917247520628
17068,1737.6917247520628
17069,1737.6917247520628
17070,1737.6917247520628
17071,1737.6917247520628
17072,1737.6917247520628
17073,1737.6917247520628
17074,1737.6917247520628
17075,1737.6917247520628
17076,1737.6917247520628
17077,1737.6917247520628
17078,1737.6917247520628
17079,1737.6917247520628
17080,1737.6917247520628
17081,1737.6917247520628
17082,1737.6917247520628
17083,1737.6917247520628
17084,1737.6917247520628
17085,1737.6917247520628
17086,1737.6917247520628
17087,1737.6917247520628
17088,1737.6917247520628
17089,1737.6917247520628
17090,1737.6917247520628
17091,1737.6917247520628
17092,1737.6917247520628
17093,1737.6917247520628
17094,1737.6917247520628
17095,1737.6917247520628
17096,1737.6917247520628
17097,1737.6917247520628
17098,1737.6917247520628
17099,1737.6917247520628
17100,1737.6917247520628
17101,1737.6917247520628
17102,1737.6917247520628
17103,1737.6917247520628
17104,1737.6917247520628
17105,1737.6917247520628
17106,1737.6917247520628
17107,1737.6917247520628
17108,1737.6917247520628
17109,1737.6917247520628
17110,1737.6917247520628
17111,1737.6917247520628
17112,1737.6917247520628
17113,1737.6917247520628
17114,1737.6917247520628
17115,1737.6917247520628
17116,1737.6917247520628
17117,1737.6917247520628
17118,1737.6917247520628
17119,1737.6917247520628
17120,1737.6917247520628
17121,1737.6917247520628
17122,1737.6917247520628
17123,1737.6917247520628
17124,1737.6917247520628
17125,1737.6917247520628
17126,1737.6917247520628
17127,1737.6917247520628
17128,1737.6917247520628
17129,1737.6917247520628
17130,1737.6917247520628
17131,1737.6917247520628
17132,1737.6917247520628
17133,1737.6917247520628
17134,1737.6917247520628
17135,1737.6917247520628
17136,1737.6917247520628
17137,1737.6917247520628
17138,1737.6917247520628
17139,1737.6917247520628
17140,1737.6917247520628
17141,1737.6917247520628
17142,1737.6917247520628
17143,1737.6917247520628
17144,1737.6917247520628
17145,1737.6917247520628
17146,1737.6917247520628
17147,1737.6917247520628
17148,1737.6917247520628
17149,1737.6917247520628
17150,1737.6917247520628
17151,1737.6917247520628
17152,1737.6917247520628
17153,1737.6917247520628
17154,1737.6917247520628
17155,1737.6917247520628
17156,1737.6917247520628
17157,1737.6917247520628
17158,1737.6917247520628
17159,1737.6917247520628
17160,1737.6917247520628
17161,1737.6917247520628
17162,1737.6917247520628
17163,1737.6917247520628
17164,1737.6917247520628
17165,1737.6917247520628
17166,1737.6917247520628
17167,1737.6917247520628
17168,1737.6917247520628
17169,1737.6917247520628
17170,1737.6917247520628
17171,1737.6917247520628
17172,1737.6917247520628
17173,1737.6917247520628
17174,1737.6917247520628
17175,1737.6917247520628
17176,1737.6917247520628
17177,1737.6917247520628
17178,1737.6917247520628
17179,1737.6917247520628
17180,1737.6917247520628
17181,1737.6917247520628
17182,1737.6917247520628
17183,1737.6917247520628
17184,1737.6917247520628
17185,1737.6917247520628
17186,1737.6917247520628
17187,1737.6917247520628
17188,1737.6917247520628
17189,1737.6917247520628
17190,1737.6917247520628
17191,1737.6917247520628
17192,1737.6917247520628
17193,1737.6917247520628
17194,1737.6917247520628
17195,1737.6917247520628
17196,1737.6917247520628
17197,1737.6917247520628
17198,1737.6917247520628
17199,1737.6917247520628
17200,1737.6917247520628
17201,1737.6917247520628
17202,1737.6917247520628
17203,1737.6917247520628
17204,1737.6917247520628
17205,1737.6917247520628
17206,1737.6917247520628
17207,1737.6917247520628
17208,1737.6917247520628
17209,1737.6917247520628
17210,1737.6917247520628
17211,1737.6917247520628
17212,1737.6917247520628
17213,1737.6917247520628
17214,1737.6917247520628
17215,1737.6917247520628
17216,1737.6917247520628
17217,1737.6917247520628
17218,1737.6917247520628
17219,1737.6917247520628
17220,1737.6917247520628
17221,1737.6917247520628
17222,1737.6917247520628
17223,1737.6917247520628
17224,1737.6917247520628
17225,1737.6917247520628
17226,1737.6917247520628
17227,1737.6917247520628
17228,1737.6917247520628
17229,1737.6917247520628
17230,1737.6917247520628
17231,1737.6917247520628
17232,1737.6917247520628
17233,1737.6917247520628
17234,1737.6917247520628
17235,1737.6917247520628
17236,1737.6917247520628
17237,1737.6917247520628
17238,1737.6917247520628
17239,1737.6917247520628
17240,1737.6917247520628
17241,1737.6917247520628
17242,1737.6917247520628
17243,1737.6917247520628
17244,1737.6917247520628
17245,1737.6917247520628
17246,1737.6917247520628
17247,1737.6917247520628
17248,1737.6917247520628
17249,1737.6917247520628
17250,1737.6917247520628
17251,1737.6917247520628
17252,1737.6917247520628
17253,1737.6917247520628
17254,1737.6917247520628
17255,1737.6917247520628
17256,1737.6917247520628
17257,1737.6917247520628
17258,1737.6917247520628
17259,1737.6917247520628
17260,1737.6917247520628
17261,1737.6917247520628
17262,1737.6917247520628
17263,1737.6917247520628
17264,1737.6917247520628
17265,1737.6917247520628
17266,1737.6917247520628
17267,1737.6917247520628
17268,1737.6917247520628
17269,1737.6917247520628
17270,1737.6917247520628
17271,1737.6917247520628
17272,1737.6917247520628
17273,1737.6917247520628
17274,1737.6917247520628
17275,1737.6917247520628
17276,1737.6917247520628
17277,1737.6917247520628
17278,1737.6917247520628
17279,1737.6917247520628
17280,1737.6917247520628
17281,1737.6917247520628
17282,1737.6917247520628
17283,1737.6917247520628
17284,1737.6917247520628
17285,1737.6917247520628
17286,1737.6917247520628
17287,1737.6917247520628
17288,1737.6917247520628
17289,1737.6917247520628
17290,1737.6917247520628
17291,1737.6917247520628
17292,1737.6917247520628
17293,1737.6917247520628
17294,1737.6917247520628
17295,1737.6917247520628
17296,1737.6917247520628
17297,1737.6917247520628
17298,1737.6917247520628
17299,1737.6917247520628
17300,1737.6917247520628
17301,1737.6917247520628
17302,1737.6917247520628
17303,1737.6917247520628
17304,1737.6917247520628
17305,1737.6917247520628
17306,1737.6917247520628
17307,1737.6917247520628
17308,1737.6917247520628
17309,1737.6917247520628
17310,1737.6917247520628
17311,1737.6917247520628
17312,1737.6917247520628
17313,1737.6917247520628
17314,1737.6917247520628
17315,1737.6917247520628
17316,1737.6917247520628
17317,1737.6917247520628
17318,1737.6917247520628
17319,1737.6917247520628
17320,1737.6917247520628
17321,1737.6917247520628
17322,1737.6917247520628
17323,1737.6917247520628
17324,1737.6917247520628
17325,1737.6917247520628
17326,1737.6917247520628
17327,1737.6917247520628
17328,1737.6917247520628
17329,1737.6917247520628
17330,1737.6917247520628
17331,1737.6917247520628
17332,1737.6917247520628
17333,1737.6917247520628
17334,1737.6917247520628
17335,1737.6917247520628
17336,1737.6917247520628
17337,1737.6917247520628
17338,1737.6917247520628
17339,1737.6917247520628
17340,1737.6917247520628
17341,1737.6917247520628
17342,1737.6917247520628
17343,1737.6917247520628
17344,1737.6917247520628
17345,1737.6917247520628
17346,1737.6917247520628
17347,1737.6917247520628
17348,1737.6917247520628
17349,1737.6917247520628
17350,1737.6917247520628
17351,1737.6917247520628
17352,1737.6917247520628
17353,1737.6917247520628
17354,1737.6917247520628
17355,1737.6917247520628
17356,1737.6917247520628
17357,1737.6917247520628
17358,1737.6917247520628
17359,1737.6917247520628
17360,1737.6917247520628
17361,1737.6917247520628
17362,1737.6917247520628
17363,1737.6917247520628
17364,1737.6917247520628
17365,1737.6917247520628
17366,1737.6917247520628
17367,1737.6917247520628
17368,1737.6917247520628
17369,1737.6917247520628
17370,1737.6917247520628
17371,1737.6917247520628
17372,1737.6917247520628
17373,1737.6917247520628
17374,1737.6917247520628
17375,1737.6917247520628
17376,1737.6917247520628
17377,1737.6917247520628
17378,1737.6917247520628
17379,1737.6917247520628
17380,1737.6917247520628
17381,1737.6917247520628
17382,1737.6917247520628
17383,1737.6917247520628
17384,1737.6917247520628
17385,1737.6917247520628
17386,1737.6917247520628
17387,1737.6917247520628
17388,1737.6917247520628
17389,1737.6917247520628
17390,1737.6917247520628
17391,1737.6917247520628
17392,1737.6917247520628
17393,1737.6917247520628
17394,1737.6917247520628
17395,1737.6917247520628
17396,1737.6917247520628
17397,1737.6917247520628
17398,1737.6917247520628
17399,1737.6917247520628
17400,1737.6917247520628
17401,1737.6917247520628
17402,1737.6917247520628
17403,1737.6917247520628
17404,1737.6917247520628
17405,1737.6917247520628
17406,1737.6917247520628
17407,1737.6917247520628
17408,1737.6917247520628
17409,1737.6917247520628
17410,1737.6917247520628
17411,1737.6917247520628
17412,1737.6917247520628
17413,1737.6917247520628
17414,1737.6917247520628
17415,1737.6917247520628
17416,1737.6917247520628
17417,1737.6917247520628
17418,1737.6917247520628
17419,1737.6917247520628
17420,1737.6917247520628
17421,1737.6917247520628
17422,1737.6917247520628
17423,1737.6917247520628
17424,1737.6917247520628
17425,1737.6917247520628
17426,1737.6917247520628
17427,1737.6917247520628
17428,1737.6917247520628
17429,1737.6917247520628
17430,1737.6917247520628
17431,1737.6917247520628
17432,1737.6917247520628
17433,1737.6917247520628
17434,1737.6917247520628
17435,1737.6917247520628
17436,1737.6917247520628
17437,1737.6917247520628
17438,1737.6917247520628
17439,1737.6917247520628
17440,1737.6917247520628
17441,1737.6917247520628
17442,1737.6917247520628
17443,1737.6917247520628
17444,1737.6917247520628
17445,1737.6917247520628
17446,1737.6917247520628
17447,1737.6917247520628
17448,1737.6917247520628
17449,1737.6917247520628
17450,1737.6917247520628
17451,1737.6917247520628
17452,1737.6917247520628
17453,1737.6917247520628
17454,1737.6917247520628
17455,1737.6917247520628
17456,1737.6917247520628
17457,1737.6917247520628
17458,1737.6917247520628
17459,1737.6917247520628
17460,1737.6917247520628
17461,1737.6917247520628
17462,1737.6917247520628
17463,1737.6917247520628
17464,1737.6917247520628
17465,1737.6917247520628
17466,1737.6917247520628
17467,1737.6917247520628
17468,1737.6917247520628
17469,1737.6917247520628
17470,1737.6917247520628
17471,1737.6917247520628
17472,1737.6917247520628
17473,1737.6917247520628
17474,1737.6917247520628
17475,1737.6917247520628
17476,1737.6917247520628
17477,1737.6917247520628
17478,1737.6917247520628
17479,1737.6917247520628
17480,1737.6917247520628
17481,1737.6917247520628
17482,1737.6917247520628
17483,1737.6917247520628
17484,1737.6917247520628
17485,1737.6917247520628
17486,1737.6917247520628
17487,1737.6917247520628
17488,1737.6917247520628
17489,1737.6917247520628
17490,1737.6917247520628
17491,1737.6917247520628
17492,1737.6917247520628
17493,1737.6917247520628
17494,1737.6917247520628
17495,1737.6917247520628
17496,1737.6917247520628
17497,1737.6917247520628
17498,1737.6917247520628
17499,1737.6917247520628
17500,1737.6917247520628
17501,1737.6917247520628
17502,1737.6917247520628
17503,1737.6917247520628
17504,1737.6917247520628
17505,1737.6917247520628
17506,1737.6917247520628
17507,1737.6917247520628
17508,1737.6917247520628
17509,1737.6917247520628
17510,1737.6917247520628
17511,1737.6917247520628
17512,1737.6917247520628
17513,1737.6917247520628
17514,1737.6917247520628
17515,1737.6917247520628
17516,1737.6917247520628
17517,1737.6917247520628
17518,1737.6917247520628
17519,1737.6917247520628
17520,1737.6917247520628
17521,1737.6917247520628
17522,1737.6917247520628
17523,1737.6917247520628
17524,1737.6917247520628
17525,1737.6917247520628
17526,1737.6917247520628
17527,1737.6917247520628
17528,1737.6917247520628
17529,1737.6917247520628
17530,1737.6917247520628
17531,1737.6917247520628
17532,1737.6917247520628
17533,1737.6917247520628
17534,1737.6917247520628
17535,1737.6917247520628
17536,1737.6917247520628
17537,1737.6917247520628
17538,1737.6917247520628
17539,1737.6917247520628
17540,1737.6917247520628
17541,1737.6917247520628
17542,1737.6917247520628
17543,1737.6917247520628
17544,1737.6917247520628
17545,1737.6917247520628
17546,1737.6917247520628
17547,1737.6917247520628
17548,1737.6917247520628
17549,1737.6917247520628
17550,1737.6917247520628
17551,1737.6917247520628
17552,1737.6917247520628
17553,1737.6917247520628
17554,1737.6917247520628
17555,1737.6917247520628
17556,1737.6917247520628
17557,1737.6917247520628
17558,1737.6917247520628
17559,1737.6917247520628
17560,1737.6917247520628
17561,1737.6917247520628
17562,1737.6917247520628
17563,1737.6917247520628
17564,1737.6917247520628
17565,1737.6917247520628
17566,1737.6917247520628
17567,1737.6917247520628
17568,1737.6917247520628
17569,1737.6917247520628
17570,1737.6917247520628
17571,1737.6917247520628
17572,1737.6917247520628
17573,1737.6917247520628
17574,1737.6917247520628
17575,1737.6917247520628
17576,1737.6917247520628
17577,1737.6917247520628
17578,1737.6917247520628
17579,1737.6917247520628
17580,1737.6917247520628
17581,1737.6917247520628
17582,1737.6917247520628
17583,1737.6917247520628
17584,1737.6917247520628
17585,1737.6917247520628
17586,1737.6917247520628
17587,1737.6917247520628
17588,1737.6917247520628
17589,1737.6917247520628
17590,1737.6917247520628
17591,1737.6917247520628
17592,1737.6917247520628
17593,1737.6917247520628
17594,1737.6917247520628
17595,1737.6917247520628
17596,1737.6917247520628
17597,1737.6917247520628
17598,1737.6917247520628
17599,1737.6917247520628
17600,1737.6917247520628
17601,1737.6917247520628
17602,1737.6917247520628
17603,1737.6917247520628
17604,1737.6917247520628
17605,1737.6917247520628
17606,1737.6917247520628
17607,1737.6917247520628
17608,1737.6917247520628
17609,1737.6917247520628
17610,1737.6917247520628
17611,1737.6917247520628
17612,1737.6917247520628
17613,1737.6917247520628
17614,1737.6917247520628
17615,1737.6917247520628
17616,1737.6917247520628
17617,1737.6917247520628
17618,1737.6917247520628
17619,1737.6917247520628
17620,1737.6917247520628
17621,1737.6917247520628
17622,1737.6917247520628
17623,1737.6917247520628
17624,1737.6917247520628
17625,1737.6917247520628
17626,1737.6917247520628
17627,1737.6917247520628
17628,1737.6917247520628
17629,1737.6917247520628
17630,1737.6917247520628
17631,1737.6917247520628
17632,1737.6917247520628
17633,1737.6917247520628
17634,1737.6917247520628
17635,1737.6917247520628
17636,1737.6917247520628
17637,1737.6917247520628
17638,1737.6917247520628
17639,1737.6917247520628
17640,1737.6917247520628
17641,1737.6917247520628
17642,1737.6917247520628
17643,1737.6917247520628
17644,1737.6917247520628
17645,1737.6917247520628
17646,1737.6917247520628
17647,1737.6917247520628
17648,1737.6917247520628
17649,1737.6917247520628
17650,1737.6917247520628
17651,1737.6917247520628
17652,1737.6917247520628
17653,1737.6917247520628
17654,1737.6917247520628
17655,1737.6917247520628
17656,1737.6917247520628
17657,1737.6917247520628
17658,1737.6917247520628
17659,1737.6917247520628
17660,1737.6917247520628
17661,1737.6917247520628
17662,1737.6917247520628
17663,1737.6917247520628
17664,1737.6917247520628
17665,1737.6917247520628
17666,1737.6917247520628
17667,1737.6917247520628
17668,1737.6917247520628
17669,1737.6917247520628
17670,1737.6917247520628
17671,1737.6917247520628
17672,1737.6917247520628
17673,1737.6917247520628
17674,1737.6917247520628
17675,1737.6917247520628
17676,1737.6917247520628
17677,1737.6917247520628
17678,1737.6917247520628
17679,1737.6917247520628
17680,1737.6917247520628
17681,1737.6917247520628
17682,1737.6917247520628
17683,1737.6917247520628
17684,1737.6917247520628
17685,1737.6917247520628
17686,1737.6917247520628
17687,1737.6917247520628
17688,1737.6917247520628
17689,1737.6917247520628
17690,1737.6917247520628
17691,1737.6917247520628
17692,1737.6917247520628
17693,1737.6917247520628
17694,1737.6917247520628
17695,1737.6917247520628
17696,1737.6917247520628
17697,1737.6917247520628
17698,1737.6917247520628
17699,1737.6917247520628
17700,1737.6917247520628
17701,1737.6917247520628
17702,1737.6917247520628
17703,1737.6917247520628
17704,1737.6917247520628
17705,1737.6917247520628
17706,1737.6917247520628
17707,1737.6917247520628
17708,1737.6917247520628
17709,1737.6917247520628
17710,1737.6917247520628
17711,1737.6917247520628
17712,1737.6917247520628
17713,1737.6917247520628
17714,1737.6917247520628
17715,1737.6917247520628
17716,1737.6917247520628
17717,1737.6917247520628
17718,1737.6917247520628
17719,1737.6917247520628
17720,1737.6917247520628
17721,1737.6917247520628
17722,1737.6917247520628
17723,1737.6917247520628
17724,1737.6917247520628
17725,1737.6917247520628
17726,1737.6917247520628
17727,1737.6917247520628
17728,1737.6917247520628
17729,1737.6917247520628
17730,1737.6917247520628
17731,1737.6917247520628
17732,1737.6917247520628
17733,1737.6917247520628
17734,1737.6917247520628
17735,1737.6917247520628
17736,1737.6917247520628
17737,1737.6917247520628
17738,1737.6917247520628
17739,1737.6917247520628
17740,1737.6917247520628
17741,1737.6917247520628
17742,1737.6917247520628
17743,1737.6917247520628
17744,1737.6917247520628
17745,1737.6917247520628
17746,1737.6917247520628
17747,1737.6917247520628
17748,1737.6917247520628
17749,1737.6917247520628
17750,1737.6917247520628
17751,1737.6917247520628
17752,1737.6917247520628
17753,1737.6917247520628
17754,1737.6917247520628
17755,1737.6917247520628
17756,1737.6917247520628
17757,1737.6917247520628
17758,1737.6917247520628
17759,1737.6917247520628
17760,1737.6917247520628
17761,1737.6917247520628
17762,1737.6917247520628
17763,1737.6917247520628
17764,1737.6917247520628
17765,1737.6917247520628
17766,1737.6917247520628
17767,1737.6917247520628
17768,1737.6917247520628
17769,1737.6917247520628
17770,1737.6917247520628
17771,1737.6917247520628
17772,1737.6917247520628
17773,1737.6917247520628
17774,1737.6917247520628
17775,1737.6917247520628
17776,1737.6917247520628
17777,1737.6917247520628
17778,1737.6917247520628
17779,1737.6917247520628
17780,1737.6917247520628
17781,1737.6917247520628
17782,1737.6917247520628
17783,1737.6917247520628
17784,1737.6917247520628
17785,1737.6917247520628
17786,1737.6917247520628
17787,1737.6917247520628
17788,1737.6917247520628
17789,1737.6917247520628
17790,1737.6917247520628
17791,1737.6917247520628
17792,1737.6917247520628
17793,1737.6917247520628
17794,1737.6917247520628
17795,1737.6917247520628
17796,1737.6917247520628
17797,1737.6917247520628
17798,1737.6917247520628
17799,1737.6917247520628
17800,1737.6917247520628
17801,1737.6917247520628
17802,1737.6917247520628
17803,1737.6917247520628
17804,1737.6917247520628
17805,1737.6917247520628
17806,1737.6917247520628
17807,1737.6917247520628
17808,1737.6917247520628
17809,1737.6917247520628
17810,1737.6917247520628
17811,1737.6917247520628
17812,1737.6917247520628
17813,1737.6917247520628
17814,1737.6917247520628
17815,1737.6917247520628
17816,1737.6917247520628
17817,1737.6917247520628
17818,1737.6917247520628
17819,1737.6917247520628
17820,1737.6917247520628
17821,1737.6917247520628
17822,1737.6917247520628
17823,1737.6917247520628
17824,1737.6917247520628
17825,1737.6917247520628
17826,1737.6917247520628
17827,1737.6917247520628
17828,1737.6917247520628
17829,1737.6917247520628
17830,1737.6917247520628
17831,1737.6917247520628
17832,1737.6917247520628
17833,1737.6917247520628
17834,1737.6917247520628
17835,1737.6917247520628
17836,1737.6917247520628
17837,1737.6917247520628
17838,1737.6917247520628
17839,1737.6917247520628
17840,1737.6917247520628
17841,1737.6917247520628
17842,1737.6917247520628
17843,1737.6917247520628
17844,1737.6917247520628
17845,1737.6917247520628
17846,1737.6917247520628
17847,1737.6917247520628
17848,1737.6917247520628
17849,1737.6917247520628
17850,1737.6917247520628
17851,1737.6917247520628
17852,1737.6917247520628
17853,1737.6917247520628
17854,1737.6917247520628
17855,1737.6917247520628
17856,1737.6917247520628
17857,1737.6917247520628
17858,1737.6917247520628
17859,1737.6917247520628
17860,1737.6917247520628
17861,1737.6917247520628
17862,1737.6917247520628
17863,1737.6917247520628
17864,1737.6917247520628
17865,1737.6917247520628
17866,1737.6917247520628
17867,1737.6917247520628
17868,1737.6917247520628
17869,1737.6917247520628
17870,1737.6917247520628
17871,1737.6917247520628
17872,1737.6917247520628
17873,1737.6917247520628
17874,1737.6917247520628
17875,1737.6917247520628
17876,1737.6917247520628
17877,1737.6917247520628
17878,1737.6917247520628
17879,1737.6917247520628
17880,1737.6917247520628
17881,1737.6917247520628
17882,1737.6917247520628
17883,1737.6917247520628
17884,1737.6917247520628
17885,1737.6917247520628
17886,1737.6917247520628
17887,1737.6917247520628
17888,1737.6917247520628
17889,1737.6917247520628
17890,1737.6917247520628
17891,1737.6917247520628
17892,1737.6917247520628
17893,1737.6917247520628
17894,1737.6917247520628
17895,1737.6917247520628
17896,1737.6917247520628
17897,1737.6917247520628
17898,1737.6917247520628
17899,1737.6917247520628
17900,1737.6917247520628
17901,1737.6917247520628
17902,1737.6917247520628
17903,1737.6917247520628
17904,1737.6917247520628
17905,1737.6917247520628
17906,1737.6917247520628
17907,1737.6917247520628
17908,1737.6917247520628
17909,1737.6917247520628
17910,1737.6917247520628
17911,1737.6917247520628
17912,1737.6917247520628
17913,1737.6917247520628
17914,1737.6917247520628
17915,1737.6917247520628
17916,1737.6917247520628
17917,1737.6917247520628
17918,1737.6917247520628
17919,1737.6917247520628
17920,1737.6917247520628
17921,1737.6917247520628
17922,1737.6917247520628
17923,1737.6917247520628
17924,1737.6917247520628
17925,1737.6917247520628
17926,1737.6917247520628
17927,1737.6917247520628
17928,1737.6917247520628
17929,1737.6917247520628
17930,1737.6917247520628
17931,1737.6917247520628
17932,1737.6917247520628
17933,1737.6917247520628
17934,1737.6917247520628
17935,1737.6917247520628
17936,1737.6917247520628
17937,1737.6917247520628
17938,1737.6917247520628
17939,1737.6917247520628
17940,1737.6917247520628
17941,1737.6917247520628
17942,1737.6917247520628
17943,1737.6917247520628
17944,1737.6917247520628
17945,1737.6917247520628
17946,1737.6917247520628
17947,1737.6917247520628
17948,1737.6917247520628
17949,1737.6917247520628
17950,1737.6917247520628
17951,1737.6917247520628
17952,1737.6917247520628
17953,1737.6917247520628
17954,1737.6917247520628
17955,1737.6917247520628
17956,1737.6917247520628
17957,1737.6917247520628
17958,1737.6917247520628
17959,1737.6917247520628
17960,1737.6917247520628
17961,1737.6917247520628
17962,1737.6917247520628
17963,1737.6917247520628
17964,1737.6917247520628
17965,1737.6917247520628
17966,1737.6917247520628
17967,1737.6917247520628
17968,1737.6917247520628
17969,1737.6917247520628
17970,1737.6917247520628
17971,1737.6917247520628
17972,1737.6917247520628
17973,1737.6917247520628
17974,1737.6917247520628
17975,1737.6917247520628
17976,1737.6917247520628
17977,1737.6917247520628
17978,1737.6917247520628
17979,1737.6917247520628
17980,1737.6917247520628
17981,1737.6917247520628
17982,1737.6917247520628
17983,1737.6917247520628
17984,1737.6917247520628
17985,1737.6917247520628
17986,1737.6917247520628
17987,1737.6917247520628
17988,1737.6917247520628
17989,1737.6917247520628
17990,1737.6917247520628
17991,1737.6917247520628
17992,1737.6917247520628
17993,1737.6917247520628
17994,1737.6917247520628
17995,1737.6917247520628
17996,1737.6917247520628
17997,1737.6917247520628
17998,1737.6917247520628
17999,1737.6917247520628
18000,1737.6917247520628
18001,1737.6917247520628
18002,1737.6917247520628
18003,1737.6917247520628
18004,1737.6917247520628
18005,1737.6917247520628
18006,1737.6917247520628
18007,1737.6917247520628
18008,1737.6917247520628
18009,1737.6917247520628
18010,1737.6917247520628
18011,1737.6917247520628
18012,1737.6917247520628
18013,1737.6917247520628
18014,1737.6917247520628
18015,1737.6917247520628
18016,1737.6917247520628
18017,1737.6917247520628
18018,1737.6917247520628
18019,1737.6917247520628
18020,1737.6917247520628
18021,1737.6917247520628
18022,1737.6917247520628
18023,1737.6917247520628
18024,1737.6917247520628
18025,1737.6917247520628
18026,1737.6917247520628
18027,1737.6917247520628
18028,1737.6917247520628
18029,1737.6917247520628
18030,1737.6917247520628
18031,1737.6917247520628
18032,1737.6917247520628
18033,1737.6917247520628
18034,1737.6917247520628
18035,1737.6917247520628
18036,1737.6917247520628
18037,1737.6917247520628
18038,1737.6917247520628
18039,1737.6917247520628
18040,1737.6917247520628
18041,1737.6917247520628
18042,1737.6917247520628
18043,1737.6917247520628
18044,1737.6917247520628
18045,1737.6917247520628
18046,1737.6917247520628
18047,1737.6917247520628
18048,1737.6917247520628
18049,1737.6917247520628
18050,1737.6917247520628
18051,1737.6917247520628
18052,1737.6917247520628
18053,1737.6917247520628
18054,1737.6917247520628
18055,1737.6917247520628
18056,1737.6917247520628
18057,1737.6917247520628
18058,1737.6917247520628
18059,1737.6917247520628
18060,1737.6917247520628
18061,1737.6917247520628
18062,1737.6917247520628
18063,1737.6917247520628
18064,1737.6917247520628
18065,1737.6917247520628
18066,1737.6917247520628
18067,1737.6917247520628
18068,1737.6917247520628
18069,1737.6917247520628
18070,1737.6917247520628
18071,1737.6917247520628
18072,1737.6917247520628
18073,1737.6917247520628
18074,1737.6917247520628
18075,1737.6917247520628
18076,1737.6917247520628
18077,1737.6917247520628
18078,1737.6917247520628
18079,1737.6917247520628
18080,1737.6917247520628
18081,1737.6917247520628
18082,1737.6917247520628
18083,1737.6917247520628
18084,1737.6917247520628
18085,1737.6917247520628
18086,1737.6917247520628
18087,1737.6917247520628
18088,1737.6917247520628
18089,1737.6917247520628
18090,1737.6917247520628
18091,1737.6917247520628
18092,1737.6917247520628
18093,1737.6917247520628
18094,1737.6917247520628
18095,1737.6917247520628
18096,1737.6917247520628
18097,1737.6917247520628
18098,1737.6917247520628
18099,1737.6917247520628
18100,1737.6917247520628
18101,1737.6917247520628
18102,1737.6917247520628
18103,1737.6917247520628
18104,1737.6917247520628
18105,1737.6917247520628
18106,1737.6917247520628
18107,1737.6917247520628
18108,1737.6917247520628
18109,1737.6917247520628
18110,1737.6917247520628
18111,1737.6917247520628
18112,1737.6917247520628
18113,1737.6917247520628
18114,1737.6917247520628
18115,1737.6917247520628
18116,1737.6917247520628
18117,1737.6917247520628
18118,1737.6917247520628
18119,1737.6917247520628
18120,1737.6917247520628
18121,1737.6917247520628
18122,1737.6917247520628
18123,1737.6917247520628
18124,1737.6917247520628
18125,1737.6917247520628
18126,1737.6917247520628
18127,1737.6917247520628
18128,1737.6917247520628
18129,1737.6917247520628
18130,1737.6917247520628
18131,1737.6917247520628
18132,1737.6917247520628
18133,1737.6917247520628
18134,1737.6917247520628
18135,1737.6917247520628
18136,1737.6917247520628
18137,1737.6917247520628
18138,1737.6917247520628
18139,1737.6917247520628
18140,1737.6917247520628
18141,1737.6917247520628
18142,1737.6917247520628
18143,1737.6917247520628
18144,1737.6917247520628
18145,1737.6917247520628
18146,1737.6917247520628
18147,1737.6917247520628
18148,1737.6917247520628
18149,1737.6917247520628
18150,1737.6917247520628
18151,1737.6917247520628
18152,1737.6917247520628
18153,1737.6917247520628
18154,1737.6917247520628
18155,1737.6917247520628
18156,1737.6917247520628
18157,1737.6917247520628
18158,1737.6917247520628
18159,1737.6917247520628
18160,1737.6917247520628
18161,1737.6917247520628
18162,1737.6917247520628
18163,1737.6917247520628
18164,1737.6917247520628
18165,1737.6917247520628
18166,1737.6917247520628
18167,1737.6917247520628
18168,1737.6917247520628
18169,1737.6917247520628
18170,1737.6917247520628
18171,1737.6917247520628
18172,1737.6917247520628
18173,1737.6917247520628
18174,1737.6917247520628
18175,1737.6917247520628
18176,1737.6917247520628
18177,1737.6917247520628
18178,1737.6917247520628
18179,1737.6917247520628
18180,1737.6917247520628
18181,1737.6917247520628
18182,1737.6917247520628
18183,1737.6917247520628
18184,1737.6917247520628
18185,1737.6917247520628
18186,1737.6917247520628
18187,1737.6917247520628
18188,1737.6917247520628
18189,1737.6917247520628
18190,1737.6917247520628
18191,1737.6917247520628
18192,1737.6917247520628
18193,1737.6917247520628
18194,1737.6917247520628
18195,1737.6917247520628
18196,1737.6917247520628
18197,1737.6917247520628
18198,1737.6917247520628
18199,1737.6917247520628
18200,1737.6917247520628
18201,1737.6917247520628
18202,1737.6917247520628
18203,1737.6917247520628
18204,1737.6917247520628
18205,1737.6917247520628
18206,1737.6917247520628
18207,1737.6917247520628
18208,1737.6917247520628
18209,1737.6917247520628
18210,1737.6917247520628
18211,1737.6917247520628
18212,1737.6917247520628
18213,1737.6917247520628
18214,1737.6917247520628
18215,1737.6917247520628
18216,1737.6917247520628
18217,1737.6917247520628
18218,1737.6917247520628
18219,1737.6917247520628
18220,1737.6917247520628
18221,1737.6917247520628
18222,1737.6917247520628
18223,1737.6917247520628
18224,1737.6917247520628
18225,1737.6917247520628
18226,1737.6917247520628
18227,1737.6917247520628
18228,1737.6917247520628
18229,1737.6917247520628
18230,1737.6917247520628
18231,1737.6917247520628
18232,1737.6917247520628
18233,1737.6917247520628
18234,1737.6917247520628
18235,1737.6917247520628
18236,1737.6917247520628
18237,1737.6917247520628
18238,1737.6917247520628
18239,1737.6917247520628
18240,1737.6917247520628
18241,1737.6917247520628
18242,1737.6917247520628
18243,1737.6917247520628
18244,1737.6917247520628
18245,1737.6917247520628
18246,1737.6917247520628
18247,1737.6917247520628
18248,1737.6917247520628
18249,1737.6917247520628
18250,1737.6917247520628
18251,1737.6917247520628
18252,1737.6917247520628
18253,1737.6917247520628
18254,1737.6917247520628
18255,1737.6917247520628
18256,1737.6917247520628
18257,1737.6917247520628
18258,1737.6917247520628
18259,1737.6917247520628
18260,1737.6917247520628
18261,1737.6917247520628
18262,1737.6917247520628
18263,1737.6917247520628
18264,1737.6917247520628
18265,1737.6917247520628
18266,1737.6917247520628
18267,1737.6917247520628
18268,1737.6917247520628
18269,1737.6917247520628
18270,1737.6917247520628
18271,1737.6917247520628
18272,1737.6917247520628
18273,1737.6917247520628
18274,1737.6917247520628
18275,1737.6917247520628
18276,1737.6917247520628
18277,1737.6917247520628
18278,1737.6917247520628
18279,1737.6917247520628
18280,1737.6917247520628
18281,1737.6917247520628
18282,1737.6917247520628
18283,1737.6917247520628
18284,1737.6917247520628
18285,1737.6917247520628
18286,1737.6917247520628
18287,1737.6917247520628
18288,1737.6917247520628
18289,1737.6917247520628
18290,1737.6917247520628
18291,1737.6917247520628
18292,1737.6917247520628
18293,1737.6917247520628
18294,1737.6917247520628
18295,1737.6917247520628
18296,1737.6917247520628
18297,1737.6917247520628
18298,1737.6917247520628
18299,1737.6917247520628
18300,1737.6917247520628
18301,1737.6917247520628
18302,1737.6917247520628
18303,1737.6917247520628
18304,1737.6917247520628
18305,1737.6917247520628
18306,1737.6917247520628
18307,1737.6917247520628
18308,1737.6917247520628
18309,1737.6917247520628
18310,1737.6917247520628
18311,1737.6917247520628
18312,1737.6917247520628
18313,1737.6917247520628
18314,1737.6917247520628
18315,1737.6917247520628
18316,1737.6917247520628
18317,1737.6917247520628
18318,1737.6917247520628
18319,1737.6917247520628
18320,1737.6917247520628
18321,1737.6917247520628
18322,1737.6917247520628
18323,1737.6917247520628
18324,1737.6917247520628
18325,1737.6917247520628
18326,1737.6917247520628
18327,1737.6917247520628
18328,1737.6917247520628
18329,1737.6917247520628
18330,1737.6917247520628
18331,1737.6917247520628
18332,1737.6917247520628
18333,1737.6917247520628
18334,1737.6917247520628
18335,1737.6917247520628
18336,1737.6917247520628
18337,1737.6917247520628
18338,1737.6917247520628
18339,1737.6917247520628
18340,1737.6917247520628
18341,1737.6917247520628
18342,1737.6917247520628
18343,1737.6917247520628
18344,1737.6917247520628
18345,1737.6917247520628
18346,1737.6917247520628
18347,1737.6917247520628
18348,1737.6917247520628
18349,1737.6917247520628
18350,1737.6917247520628
18351,1737.6917247520628
18352,1737.6917247520628
18353,1737.6917247520628
18354,1737.6917247520628
18355,1737.6917247520628
18356,1737.6917247520628
18357,1737.6917247520628
18358,1737.6917247520628
18359,1737.6917247520628
18360,1737.6917247520628
18361,1737.6917247520628
18362,1737.6917247520628
18363,1737.6917247520628
18364,1737.6917247520628
18365,1737.6917247520628
18366,1737.6917247520628
18367,1737.6917247520628
18368,1737.6917247520628
18369,1737.6917247520628
18370,1737.6917247520628
18371,1737.6917247520628
18372,1737.6917247520628
18373,1737.6917247520628
18374,1737.6917247520628
18375,1737.6917247520628
18376,1737.6917247520628
18377,1737.6917247520628
18378,1737.6917247520628
18379,1737.6917247520628
18380,1737.6917247520628
18381,1737.6917247520628
18382,1737.6917247520628
18383,1737.6917247520628
18384,1737.6917247520628
18385,1737.6917247520628
18386,1737.6917247520628
18387,1737.6917247520628
18388,1737.6917247520628
18389,1737.6917247520628
18390,1737.6917247520628
18391,1737.6917247520628
18392,1737.6917247520628
18393,1737.6917247520628
18394,1737.6917247520628
18395,1737.6917247520628
18396,1737.6917247520628
18397,1737.6917247520628
18398,1737.6917247520628
18399,1737.6917247520628
18400,1737.6917247520628
18401,1737.6917247520628
18402,1737.6917247520628
18403,1737.6917247520628
18404,1737.6917247520628
18405,1737.6917247520628
18406,1737.6917247520628
18407,1737.6917247520628
18408,1737.6917247520628
18409,1737.6917247520628
18410,1737.6917247520628
18411,1737.6917247520628
18412,1737.6917247520628
18413,1737.6917247520628
18414,1737.6917247520628
18415,1737.6917247520628
18416,1737.6917247520628
18417,1737.6917247520628
18418,1737.6917247520628
18419,1737.6917247520628
18420,1737.6917247520628
18421,1737.6917247520628
18422,1737.6917247520628
18423,1737.6917247520628
18424,1737.6917247520628
18425,1737.6917247520628
18426,1737.6917247520628
18427,1737.6917247520628
18428,1737.6917247520628
18429,1737.6917247520628
18430,1737.6917247520628
18431,1737.6917247520628
18432,1737.6917247520628
18433,1737.6917247520628
18434,1737.6917247520628
18435,1737.6917247520628
18436,1737.6917247520628
18437,1737.6917247520628
18438,1737.6917247520628
18439,1737.6917247520628
18440,1737.6917247520628
18441,1737.6917247520628
18442,1737.6917247520628
18443,1737.6917247520628
18444,1737.6917247520628
18445,1737.6917247520628
18446,1737.6917247520628
18447,1737.6917247520628
18448,1737.6917247520628
18449,1737.6917247520628
18450,1737.6917247520628
18451,1737.6917247520628
18452,1737.6917247520628
18453,1737.6917247520628
18454,1737.6917247520628
18455,1737.6917247520628
18456,1737.6917247520628
18457,1737.6917247520628
18458,1737.6917247520628
18459,1737.6917247520628
18460,1737.6917247520628
18461,1737.6917247520628
18462,1737.6917247520628
18463,1737.6917247520628
18464,1737.6917247520628
18465,1737.6917247520628
18466,1737.6917247520628
18467,1737.6917247520628
18468,1737.6917247520628
18469,1737.6917247520628
18470,1737.6917247520628
18471,1737.6917247520628
18472,1737.6917247520628
18473,1737.6917247520628
18474,1737.6917247520628
18475,1737.6917247520628
18476,1737.6917247520628
18477,1737.6917247520628
18478,1737.6917247520628
18479,1737.6917247520628
18480,1737.6917247520628
18481,1737.6917247520628
18482,1737.6917247520628
18483,1737.6917247520628
18484,1737.6917247520628
18485,1737.6917247520628
18486,1737.6917247520628
18487,1737.6917247520628
18488,1737.6917247520628
18489,1737.6917247520628
18490,1737.6917247520628
18491,1737.6917247520628
18492,1737.6917247520628
18493,1737.6917247520628
18494,1737.6917247520628
18495,1737.6917247520628
18496,1737.6917247520628
18497,1737.6917247520628
18498,1737.6917247520628
18499,1737.6917247520628
18500,1737.6917247520628
18501,1737.6917247520628
18502,1737.6917247520628
18503,1737.6917247520628
18504,1737.6917247520628
18505,1737.6917247520628
18506,1737.6917247520628
18507,1737.6917247520628
18508,1737.6917247520628
18509,1737.6917247520628
18510,1737.6917247520628
18511,1737.6917247520628
18512,1737.6917247520628
18513,1737.6917247520628
18514,1737.6917247520628
18515,1737.6917247520628
18516,1737.6917247520628
18517,1737.6917247520628
18518,1737.6917247520628
18519,1737.6917247520628
18520,1737.6917247520628
18521,1737.6917247520628
18522,1737.6917247520628
18523,1737.6917247520628
18524,1737.6917247520628
18525,1737.6917247520628
18526,1737.6917247520628
18527,1737.6917247520628
18528,1737.6917247520628
18529,1737.6917247520628
18530,1737.6917247520628
18531,1737.6917247520628
18532,1737.6917247520628
18533,1737.6917247520628
18534,1737.6917247520628
18535,1737.6917247520628
18536,1737.6917247520628
18537,1737.6917247520628
18538,1737.6917247520628
18539,1737.6917247520628
18540,1737.6917247520628
18541,1737.6917247520628
18542,1737.6917247520628
18543,1737.6917247520628
18544,1737.6917247520628
18545,1737.6917247520628
18546,1737.6917247520628
18547,1737.6917247520628
18548,1737.6917247520628
18549,1737.6917247520628
18550,1737.6917247520628
18551,1737.6917247520628
18552,1737.6917247520628
18553,1737.6917247520628
18554,1737.6917247520628
18555,1737.6917247520628
18556,1737.6917247520628
18557,1737.6917247520628
18558,1737.6917247520628
18559,1737.6917247520628
18560,1737.6917247520628
18561,1737.6917247520628
18562,1737.6917247520628
18563,1737.6917247520628
18564,1737.6917247520628
18565,1737.6917247520628
18566,1737.6917247520628
18567,1737.6917247520628
18568,1737.6917247520628
18569,1737.6917247520628
18570,1737.6917247520628
18571,1737.6917247520628
18572,1737.6917247520628
18573,1737.6917247520628
18574,1737.6917247520628
18575,1737.6917247520628
18576,1737.6917247520628
18577,1737.6917247520628
18578,1737.6917247520628
18579,1737.6917247520628
18580,1737.6917247520628
18581,1737.6917247520628
18582,1737.6917247520628
18583,1737.6917247520628
18584,1737.6917247520628
18585,1737.6917247520628
18586,1737.6917247520628
18587,1737.6917247520628
18588,1737.6917247520628
18589,1737.6917247520628
18590,1737.6917247520628
18591,1737.6917247520628
18592,1737.6917247520628
18593,1737.6917247520628
18594,1737.6917247520628
18595,1737.6917247520628
18596,1737.6917247520628
18597,1737.6917247520628
18598,1737.6917247520628
18599,1737.6917247520628
18600,1737.6917247520628
18601,1737.6917247520628
18602,1737.6917247520628
18603,1737.6917247520628
18604,1737.6917247520628
18605,1737.6917247520628
18606,1737.6917247520628
18607,1737.6917247520628
18608,1737.6917247520628
18609,1737.6917247520628
18610,1737.6917247520628
18611,1737.6917247520628
18612,1737.6917247520628
18613,1737.6917247520628
18614,1737.6917247520628
18615,1737.6917247520628
18616,1737.6917247520628
18617,1737.6917247520628
18618,1737.6917247520628
18619,1737.6917247520628
18620,1737.6917247520628
18621,1737.6917247520628
18622,1737.6917247520628
18623,1737.6917247520628
18624,1737.6917247520628
18625,1737.6917247520628
18626,1737.6917247520628
18627,1737.6917247520628
18628,1737.6917247520628
18629,1737.6917247520628
18630,1737.6917247520628
18631,1737.6917247520628
18632,1737.6917247520628
18633,1737.6917247520628
18634,1737.6917247520628
18635,1737.6917247520628
18636,1737.6917247520628
18637,1737.6917247520628
18638,1737.6917247520628
18639,1737.6917247520628
18640,1737.6917247520628
18641,1737.6917247520628
18642,1737.6917247520628
18643,1737.6917247520628
18644,1737.6917247520628
18645,1737.6917247520628
18646,1737.6917247520628
18647,1737.6917247520628
18648,1737.6917247520628
18649,1737.6917247520628
18650,1737.6917247520628
18651,1737.6917247520628
18652,1737.6917247520628
18653,1737.6917247520628
18654,1737.6917247520628
18655,1737.6917247520628
18656,1737.6917247520628
18657,1737.6917247520628
18658,1737.6917247520628
18659,1737.6917247520628
18660,1737.6917247520628
18661,1737.6917247520628
18662,1737.6917247520628
18663,1737.6917247520628
18664,1737.6917247520628
18665,1737.6917247520628
18666,1737.6917247520628
18667,1737.6917247520628
18668,1737.6917247520628
18669,1737.6917247520628
18670,1737.6917247520628
18671,1737.6917247520628
18672,1737.6917247520628
18673,1737.6917247520628
18674,1737.6917247520628
18675,1737.6917247520628
18676,1737.6917247520628
18677,1737.6917247520628
18678,1737.6917247520628
18679,1737.6917247520628
18680,1737.6917247520628
18681,1737.6917247520628
18682,1737.6917247520628
18683,1737.6917247520628
18684,1737.6917247520628
18685,1737.6917247520628
18686,1737.6917247520628
18687,1737.6917247520628
18688,1737.6917247520628
18689,1737.6917247520628
18690,1737.6917247520628
18691,1737.6917247520628
18692,1737.6917247520628
18693,1737.6917247520628
18694,1737.6917247520628
18695,1737.6917247520628
18696,1737.6917247520628
18697,1737.6917247520628
18698,1737.6917247520628
18699,1737.6917247520628
18700,1737.6917247520628
18701,1737.6917247520628
18702,1737.6917247520628
18703,1737.6917247520628
18704,1737.6917247520628
18705,1737.6917247520628
18706,1737.6917247520628
18707,1737.6917247520628
18708,1737.6917247520628
18709,1737.6917247520628
18710,1737.6917247520628
18711,1737.6917247520628
18712,1737.6917247520628
18713,1737.6917247520628
18714,1737.6917247520628
18715,1737.6917247520628
18716,1737.6917247520628
18717,1737.6917247520628
18718,1737.6917247520628
18719,1737.6917247520628
18720,1737.6917247520628
18721,1737.6917247520628
18722,1737.6917247520628
18723,1737.6917247520628
18724,1737.6917247520628
18725,1737.6917247520628
18726,1737.6917247520628
18727,1737.6917247520628
18728,1737.6917247520628
18729,1737.6917247520628
18730,1737.6917247520628
18731,1737.6917247520628
18732,1737.6917247520628
18733,1737.6917247520628
18734,1737.6917247520628
18735,1737.6917247520628
18736,1737.6917247520628
18737,1737.6917247520628
18738,1737.6917247520628
18739,1737.6917247520628
18740,1737.6917247520628
18741,1737.6917247520628
18742,1737.6917247520628
18743,1737.6917247520628
18744,1737.6917247520628
18745,1737.6917247520628
18746,1737.6917247520628
18747,1737.6917247520628
18748,1737.6917247520628
18749,1737.6917247520628
18750,1737.6917247520628
18751,1737.6917247520628
18752,1737.6917247520628
18753,1737.6917247520628
18754,1737.6917247520628
18755,1737.6917247520628
18756,1737.6917247520628
18757,1737.6917247520628
18758,1737.6917247520628
18759,1737.6917247520628
18760,1737.6917247520628
18761,1737.6917247520628
18762,1737.6917247520628
18763,1737.6917247520628
18764,1737.6917247520628
18765,1737.6917247520628
18766,1737.6917247520628
18767,1737.6917247520628
18768,1737.6917247520628
18769,1737.6917247520628
18770,1737.6917247520628
18771,1737.6917247520628
18772,1737.6917247520628
18773,1737.6917247520628
18774,1737.6917247520628
18775,1737.6917247520628
18776,1737.6917247520628
18777,1737.6917247520628
18778,1737.6917247520628
18779,1737.6917247520628
18780,1737.6917247520628
18781,1737.6917247520628
18782,1737.6917247520628
18783,1737.6917247520628
18784,1737.6917247520628
18785,1737.6917247520628
18786,1737.6917247520628
18787,1737.6917247520628
18788,1737.6917247520628
18789,1737.6917247520628
18790,1737.6917247520628
18791,1737.6917247520628
18792,1737.6917247520628
18793,1737.6917247520628
18794,1737.6917247520628
18795,1737.6917247520628
18796,1737.6917247520628
18797,1737.6917247520628
18798,1737.6917247520628
18799,1737.6917247520628
18800,1737.6917247520628
18801,1737.6917247520628
18802,1737.6917247520628
18803,1737.6917247520628
18804,1737.6917247520628
18805,1737.6917247520628
18806,1737.6917247520628
18807,1737.6917247520628
18808,1737.6917247520628
18809,1737.6917247520628
18810,1737.6917247520628
18811,1737.6917247520628
18812,1737.6917247520628
18813,1737.6917247520628
18814,1737.6917247520628
18815,1737.6917247520628
18816,1737.6917247520628
18817,1737.6917247520628
18818,1737.6917247520628
18819,1737.6917247520628
18820,1737.6917247520628
18821,1737.6917247520628
18822,1737.6917247520628
18823,1737.6917247520628
18824,1737.6917247520628
18825,1737.6917247520628
18826,1737.6917247520628
18827,1737.6917247520628
18828,1737.6917247520628
18829,1737.6917247520628
18830,1737.6917247520628
18831,1737.6917247520628
18832,1737.6917247520628
18833,1737.6917247520628
18834,1737.6917247520628
18835,1737.6917247520628
18836,1737.6917247520628
18837,1737.6917247520628
18838,1737.6917247520628
18839,1737.6917247520628
18840,1737.6917247520628
18841,1737.6917247520628
18842,1737.6917247520628
18843,1737.6917247520628
18844,1737.6917247520628
18845,1737.6917247520628
18846,1737.6917247520628
18847,1737.6917247520628
18848,1737.6917247520628
18849,1737.6917247520628
18850,1737.6917247520628
18851,1737.6917247520628
18852,1737.6917247520628
18853,1737.6917247520628
18854,1737.6917247520628
18855,1737.6917247520628
18856,1737.6917247520628
18857,1737.6917247520628
18858,1737.6917247520628
18859,1737.6917247520628
18860,1737.6917247520628
18861,1737.6917247520628
18862,1737.6917247520628
18863,1737.6917247520628
18864,1737.6917247520628
18865,1737.6917247520628
18866,1737.6917247520628
18867,1737.6917247520628
18868,1737.6917247520628
18869,1737.6917247520628
18870,1737.6917247520628
18871,1737.6917247520628
18872,1737.6917247520628
18873,1737.6917247520628
18874,1737.6917247520628
18875,1737.6917247520628
18876,1737.6917247520628
18877,1737.6917247520628
18878,1737.6917247520628
18879,1737.6917247520628
18880,1737.6917247520628
18881,1737.6917247520628
18882,1737.6917247520628
18883,1737.6917247520628
18884,1737.6917247520628
18885,1737.6917247520628
18886,1737.6917247520628
18887,1737.6917247520628
18888,1737.6917247520628
18889,1737.6917247520628
18890,1737.6917247520628
18891,1737.6917247520628
18892,1737.6917247520628
18893,1737.6917247520628
18894,1737.6917247520628
18895,1737.6917247520628
18896,1737.6917247520628
18897,1737.6917247520628
18898,1737.6917247520628
18899,1737.6917247520628
18900,1737.6917247520628
18901,1737.6917247520628
18902,1737.6917247520628
18903,1737.6917247520628
18904,1737.6917247520628
18905,1737.6917247520628
18906,1737.6917247520628
18907,1737.6917247520628
18908,1737.6917247520628
18909,1737.6917247520628
18910,1737.6917247520628
18911,1737.6917247520628
18912,1737.6917247520628
18913,1737.6917247520628
18914,1737.6917247520628
18915,1737.6917247520628
18916,1737.6917247520628
18917,1737.6917247520628
18918,1737.6917247520628
18919,1737.6917247520628
18920,1737.6917247520628
18921,1737.6917247520628
18922,1737.6917247520628
18923,1737.6917247520628
18924,1737.6917247520628
18925,1737.6917247520628
18926,1737.6917247520628
18927,1737.6917247520628
18928,1737.6917247520628
18929,1737.6917247520628
18930,1737.6917247520628
18931,1737.6917247520628
18932,1737.6917247520628
18933,1737.6917247520628
18934,1737.6917247520628
18935,1737.6917247520628
18936,1737.6917247520628
18937,1737.6917247520628
18938,1737.6917247520628
18939,1737.6917247520628
18940,1737.6917247520628
18941,1737.6917247520628
18942,1737.6917247520628
18943,1737.6917247520628
18944,1737.6917247520628
18945,1737.6917247520628
18946,1737.6917247520628
18947,1737.6917247520628
18948,1737.6917247520628
18949,1737.6917247520628
18950,1737.6917247520628
18951,1737.6917247520628
18952,1737.6917247520628
18953,1737.6917247520628
18954,1737.6917247520628
18955,1737.6917247520628
18956,1737.6917247520628
18957,1737.6917247520628
18958,1737.6917247520628
18959,1737.6917247520628
18960,1737.6917247520628
18961,1737.6917247520628
18962,1737.6917247520628
18963,1737.6917247520628
18964,1737.6917247520628
18965,1737.6917247520628
18966,1737.6917247520628
18967,1737.6917247520628
18968,1737.6917247520628
18969,1737.6917247520628
18970,1737.6917247520628
18971,1737.6917247520628
18972,1737.6917247520628
18973,1737.6917247520628
18974,1737.6917247520628
18975,1737.6917247520628
18976,1737.6917247520628
18977,1737.6917247520628
18978,1737.6917247520628
18979,1737.6917247520628
18980,1737.6917247520628
18981,1737.6917247520628
18982,1737.6917247520628
18983,1737.6917247520628
18984,1737.6917247520628
18985,1737.6917247520628
18986,1737.6917247520628
18987,1737.6917247520628
18988,1737.6917247520628
18989,1737.6917247520628
18990,1737.6917247520628
18991,1737.6917247520628
18992,1737.6917247520628
18993,1737.6917247520628
18994,1737.6917247520628
18995,1737.6917247520628
18996,1737.6917247520628
18997,1737.6917247520628
18998,1737.6917247520628
18999,1737.6917247520628
19000,1737.6917247520628
19001,1737.6917247520628
19002,1737.6917247520628
19003,1737.6917247520628
19004,1737.6917247520628
19005,1737.6917247520628
19006,1737.6917247520628
19007,1737.6917247520628
19008,1737.6917247520628
19009,1737.6917247520628
19010,1737.6917247520628
19011,1737.6917247520628
19012,1737.6917247520628
19013,1737.6917247520628
19014,1737.6917247520628
19015,1737.6917247520628
19016,1737.6917247520628
19017,1737.6917247520628
19018,1737.6917247520628
19019,1737.6917247520628
19020,1737.6917247520628
19021,1737.6917247520628
19022,1737.6917247520628
19023,1737.6917247520628
19024,1737.6917247520628
19025,1737.6917247520628
19026,1737.6917247520628
19027,1737.6917247520628
19028,1737.6917247520628
19029,1737.6917247520628
19030,1737.6917247520628
19031,1737.6917247520628
19032,1737.6917247520628
19033,1737.6917247520628
19034,1737.6917247520628
19035,1737.6917247520628
19036,1737.6917247520628
19037,1737.6917247520628
19038,1737.6917247520628
19039,1737.6917247520628
19040,1737.6917247520628
19041,1737.6917247520628
19042,1737.6917247520628
19043,1737.6917247520628
19044,1737.6917247520628
19045,1737.6917247520628
19046,1737.6917247520628
19047,1737.6917247520628
19048,1737.6917247520628
19049,1737.6917247520628
19050,1737.6917247520628
19051,1737.6917247520628
19052,1737.6917247520628
19053,1737.6917247520628
19054,1737.6917247520628
19055,1737.6917247520628
19056,1737.6917247520628
19057,1737.6917247520628
19058,1737.6917247520628
19059,1737.6917247520628
19060,1737.6917247520628
19061,1737.6917247520628
19062,1737.6917247520628
19063,1737.6917247520628
19064,1737.6917247520628
19065,1737.6917247520628
19066,1737.6917247520628
19067,1737.6917247520628
19068,1737.6917247520628
19069,1737.6917247520628
19070,1737.6917247520628
19071,1737.6917247520628
19072,1737.6917247520628
19073,1737.6917247520628
19074,1737.6917247520628
19075,1737.6917247520628
19076,1737.6917247520628
19077,1737.6917247520628
19078,1737.6917247520628
19079,1737.6917247520628
19080,1737.6917247520628
19081,1737.6917247520628
19082,1737.6917247520628
19083,1737.6917247520628
19084,1737.6917247520628
19085,1737.6917247520628
19086,1737.6917247520628
19087,1737.6917247520628
19088,1737.6917247520628
19089,1737.6917247520628
19090,1737.6917247520628
19091,1737.6917247520628
19092,1737.6917247520628
19093,1737.6917247520628
19094,1737.6917247520628
19095,1737.6917247520628
19096,1737.6917247520628
19097,1737.6917247520628
19098,1737.6917247520628
19099,1737.6917247520628
19100,1737.6917247520628
19101,1737.6917247520628
19102,1737.6917247520628
19103,1737.6917247520628
19104,1737.6917247520628
19105,1737.6917247520628
19106,1737.6917247520628
19107,1737.6917247520628
19108,1737.6917247520628
19109,1737.6917247520628
19110,1737.6917247520628
19111,1737.6917247520628
19112,1737.6917247520628
19113,1737.6917247520628
19114,1737.6917247520628
19115,1737.6917247520628
19116,1737.6917247520628
19117,1737.6917247520628
19118,1737.6917247520628
19119,1737.6917247520628
19120,1737.6917247520628
19121,1737.6917247520628
19122,1737.6917247520628
19123,1737.6917247520628
19124,1737.6917247520628
19125,1737.6917247520628
19126,1737.6917247520628
19127,1737.6917247520628
19128,1737.6917247520628
19129,1737.6917247520628
19130,1737.6917247520628
19131,1737.6917247520628
19132,1737.6917247520628
19133,1737.6917247520628
19134,1737.6917247520628
19135,1737.6917247520628
19136,1737.6917247520628
19137,1737.6917247520628
19138,1737.6917247520628
19139,1737.6917247520628
19140,1737.6917247520628
19141,1737.6917247520628
19142,1737.6917247520628
19143,1737.6917247520628
19144,1737.6917247520628
19145,1737.6917247520628
19146,1737.6917247520628
19147,1737.6917247520628
19148,1737.6917247520628
19149,1737.6917247520628
19150,1737.6917247520628
19151,1737.6917247520628
19152,1737.6917247520628
19153,1737.6917247520628
19154,1737.6917247520628
19155,1737.6917247520628
19156,1737.6917247520628
19157,1737.6917247520628
19158,1737.6917247520628
19159,1737.6917247520628
19160,1737.6917247520628
19161,1737.6917247520628
19162,1737.6917247520628
19163,1737.6917247520628
19164,1737.6917247520628
19165,1737.6917247520628
19166,1737.6917247520628
19167,1737.6917247520628
19168,1737.6917247520628
19169,1737.6917247520628
19170,1737.6917247520628
19171,1737.6917247520628
19172,1737.6917247520628
19173,1737.6917247520628
19174,1737.6917247520628
19175,1737.6917247520628
19176,1737.6917247520628
19177,1737.6917247520628
19178,1737.6917247520628
19179,1737.6917247520628
19180,1737.6917247520628
19181,1737.6917247520628
19182,1737.6917247520628
19183,1737.6917247520628
19184,1737.6917247520628
19185,1737.6917247520628
19186,1737.6917247520628
19187,1737.6917247520628
19188,1737.6917247520628
19189,1737.6917247520628
19190,1737.6917247520628
19191,1737.6917247520628
19192,1737.6917247520628
19193,1737.6917247520628
19194,1737.6917247520628
19195,1737.6917247520628
19196,1737.6917247520628
19197,1737.6917247520628
19198,1737.6917247520628
19199,1737.6917247520628
19200,1737.6917247520628
19201,1737.6917247520628
19202,1737.6917247520628
19203,1737.6917247520628
19204,1737.6917247520628
19205,1737.6917247520628
19206,1737.6917247520628
19207,1737.6917247520628
19208,1737.6917247520628
19209,1737.6917247520628
19210,1737.6917247520628
19211,1737.6917247520628
19212,1737.6917247520628
19213,1737.6917247520628
19214,1737.6917247520628
19215,1737.6917247520628
19216,1737.6917247520628
19217,1737.6917247520628
19218,1737.6917247520628
19219,1737.6917247520628
19220,1737.6917247520628
19221,1737.6917247520628
19222,1737.6917247520628
19223,1737.6917247520628
19224,1737.6917247520628
19225,1737.6917247520628
19226,1737.6917247520628
19227,1737.6917247520628
19228,1737.6917247520628
19229,1737.6917247520628
19230,1737.6917247520628
19231,1737.6917247520628
19232,1737.6917247520628
19233,1737.6917247520628
19234,1737.6917247520628
19235,1737.6917247520628
19236,1737.6917247520628
19237,1737.6917247520628
19238,1737.6917247520628
19239,1737.6917247520628
19240,1737.6917247520628
19241,1737.6917247520628
19242,1737.6917247520628
19243,1737.6917247520628
19244,1737.6917247520628
19245,1737.6917247520628
19246,1737.6917247520628
19247,1737.6917247520628
19248,1737.6917247520628
19249,1737.6917247520628
19250,1737.6917247520628
19251,1737.6917247520628
19252,1737.6917247520628
19253,1737.6917247520628
19254,1737.6917247520628
19255,1737.6917247520628
19256,1737.6917247520628
19257,1737.6917247520628
19258,1737.6917247520628
19259,1737.6917247520628
19260,1737.6917247520628
19261,1737.6917247520628
19262,1737.6917247520628
19263,1737.6917247520628
19264,1737.6917247520628
19265,1737.6917247520628
19266,1737.6917247520628
19267,1737.6917247520628
19268,1737.6917247520628
19269,1737.6917247520628
19270,1737.6917247520628
19271,1737.6917247520628
19272,1737.6917247520628
19273,1737.6917247520628
19274,1737.6917247520628
19275,1737.6917247520628
19276,1737.6917247520628
19277,1737.6917247520628
19278,1737.6917247520628
19279,1737.6917247520628
19280,1737.6917247520628
19281,1737.6917247520628
19282,1737.6917247520628
19283,1737.6917247520628
19284,1737.6917247520628
19285,1737.6917247520628
19286,1737.6917247520628
19287,1737.6917247520628
19288,1737.6917247520628
19289,1737.6917247520628
19290,1737.6917247520628
19291,1737.6917247520628
19292,1737.6917247520628
19293,1737.6917247520628
19294,1737.6917247520628
19295,1737.6917247520628
19296,1737.6917247520628
19297,1737.6917247520628
19298,1737.6917247520628
19299,1737.6917247520628
19300,1737.6917247520628
19301,1737.6917247520628
19302,1737.6917247520628
19303,1737.6917247520628
19304,1737.6917247520628
19305,1737.6917247520628
19306,1737.6917247520628
19307,1737.6917247520628
19308,1737.6917247520628
19309,1737.6917247520628
19310,1737.6917247520628
19311,1737.6917247520628
19312,1737.6917247520628
19313,1737.6917247520628
19314,1737.6917247520628
19315,1737.6917247520628
19316,1737.6917247520628
19317,1737.6917247520628
19318,1737.6917247520628
19319,1737.6917247520628
19320,1737.6917247520628
19321,1737.6917247520628
19322,1737.6917247520628
19323,1737.6917247520628
19324,1737.6917247520628
19325,1737.6917247520628
19326,1737.6917247520628
19327,1737.6917247520628
19328,1737.6917247520628
19329,1737.6917247520628
19330,1737.6917247520628
19331,1737.6917247520628
19332,1737.6917247520628
19333,1737.6917247520628
19334,1737.6917247520628
19335,1737.6917247520628
19336,1737.6917247520628
19337,1737.6917247520628
19338,1737.6917247520628
19339,1737.6917247520628
19340,1737.6917247520628
19341,1737.6917247520628
19342,1737.6917247520628
19343,1737.6917247520628
19344,1737.6917247520628
19345,1737.6917247520628
19346,1737.6917247520628
19347,1737.6917247520628
19348,1737.6917247520628
19349,1737.6917247520628
19350,1737.6917247520628
19351,1737.6917247520628
19352,1737.6917247520628
19353,1737.6917247520628
19354,1737.6917247520628
19355,1737.6917247520628
19356,1737.6917247520628
19357,1737.6917247520628
19358,1737.6917247520628
19359,1737.6917247520628
19360,1737.6917247520628
19361,1737.6917247520628
19362,1737.6917247520628
19363,1737.6917247520628
19364,1737.6917247520628
19365,1737.6917247520628
19366,1737.6917247520628
19367,1737.6917247520628
19368,1737.6917247520628
19369,1737.6917247520628
19370,1737.6917247520628
19371,1737.6917247520628
19372,1737.6917247520628
19373,1737.6917247520628
19374,1737.6917247520628
19375,1737.6917247520628
19376,1737.6917247520628
19377,1737.6917247520628
19378,1737.6917247520628
19379,1737.6917247520628
19380,1737.6917247520628
19381,1737.6917247520628
19382,1737.6917247520628
19383,1737.6917247520628
19384,1737.6917247520628
19385,1737.6917247520628
19386,1737.6917247520628
19387,1737.6917247520628
19388,1737.6917247520628
19389,1737.6917247520628
19390,1737.6917247520628
19391,1737.6917247520628
19392,1737.6917247520628
19393,1737.6917247520628
19394,1737.6917247520628
19395,1737.6917247520628
19396,1737.6917247520628
19397,1737.6917247520628
19398,1737.6917247520628
19399,1737.6917247520628
19400,1737.6917247520628
19401,1737.6917247520628
19402,1737.6917247520628
19403,1737.6917247520628
19404,1737.6917247520628
19405,1737.6917247520628
19406,1737.6917247520628
19407,1737.6917247520628
19408,1737.6917247520628
19409,1737.6917247520628
19410,1737.6917247520628
19411,1737.6917247520628
19412,1737.6917247520628
19413,1737.6917247520628
19414,1737.6917247520628
19415,1737.6917247520628
19416,1737.6917247520628
19417,1737.6917247520628
19418,1737.6917247520628
19419,1737.6917247520628
19420,1737.6917247520628
19421,1737.6917247520628
19422,1737.6917247520628
19423,1737.6917247520628
19424,1737.6917247520628
19425,1737.6917247520628
19426,1737.6917247520628
19427,1737.6917247520628
19428,1737.6917247520628
19429,1737.6917247520628
19430,1737.6917247520628
19431,1737.6917247520628
19432,1737.6917247520628
19433,1737.6917247520628
19434,1737.6917247520628
19435,1737.6917247520628
19436,1737.6917247520628
19437,1737.6917247520628
19438,1737.6917247520628
19439,1737.6917247520628
19440,1737.6917247520628
19441,1737.6917247520628
19442,1737.6917247520628
19443,1737.6917247520628
19444,1737.6917247520628
19445,1737.6917247520628
19446,1737.6917247520628
19447,1737.6917247520628
19448,1737.6917247520628
19449,1737.6917247520628
19450,1737.6917247520628
19451,1737.6917247520628
19452,1737.6917247520628
19453,1737.6917247520628
19454,1737.6917247520628
19455,1737.6917247520628
19456,1737.6917247520628
19457,1737.6917247520628
19458,1737.6917247520628
19459,1737.6917247520628
19460,1737.6917247520628
19461,1737.6917247520628
19462,1737.6917247520628
19463,1737.6917247520628
19464,1737.6917247520628
19465,1737.6917247520628
19466,1737.6917247520628
19467,1737.6917247520628
19468,1737.6917247520628
19469,1737.6917247520628
19470,1737.6917247520628
19471,1737.6917247520628
19472,1737.6917247520628
19473,1737.6917247520628
19474,1737.6917247520628
19475,1737.6917247520628
19476,1737.6917247520628
19477,1737.6917247520628
19478,1737.6917247520628
19479,1737.6917247520628
19480,1737.6917247520628
19481,1737.6917247520628
19482,1737.6917247520628
19483,1737.6917247520628
19484,1737.6917247520628
19485,1737.6917247520628
19486,1737.6917247520628
19487,1737.6917247520628
19488,1737.6917247520628
19489,1737.6917247520628
19490,1737.6917247520628
19491,1737.6917247520628
19492,1737.6917247520628
19493,1737.6917247520628
19494,1737.6917247520628
19495,1737.6917247520628
19496,1737.6917247520628
19497,1737.6917247520628
19498,1737.6917247520628
19499,1737.6917247520628
19500,1737.6917247520628
19501,1737.6917247520628
19502,1737.6917247520628
19503,1737.6917247520628
19504,1737.6917247520628
19505,1737.6917247520628
19506,1737.6917247520628
19507,1737.6917247520628
19508,1737.6917247520628
19509,1737.6917247520628
19510,1737.6917247520628
19511,1737.6917247520628
19512,1737.6917247520628
19513,1737.6917247520628
19514,1737.6917247520628
19515,1737.6917247520628
19516,1737.6917247520628
19517,1737.6917247520628
19518,1737.6917247520628
19519,1737.6917247520628
19520,1737.6917247520628
19521,1737.6917247520628
19522,1737.6917247520628
19523,1737.6917247520628
19524,1737.6917247520628
19525,1737.6917247520628
19526,1737.6917247520628
19527,1737.6917247520628
19528,1737.6917247520628
19529,1737.6917247520628
19530,1737.6917247520628
19531,1737.6917247520628
19532,1737.6917247520628
19533,1737.6917247520628
19534,1737.6917247520628
19535,1737.6917247520628
19536,1737.6917247520628
19537,1737.6917247520628
19538,1737.6917247520628
19539,1737.6917247520628
19540,1737.6917247520628
19541,1737.6917247520628
19542,1737.6917247520628
19543,1737.6917247520628
19544,1737.6917247520628
19545,1737.6917247520628
19546,1737.6917247520628
19547,1737.6917247520628
19548,1737.6917247520628
19549,1737.6917247520628
19550,1737.6917247520628
19551,1737.6917247520628
19552,1737.6917247520628
19553,1737.6917247520628
19554,1737.6917247520628
19555,1737.6917247520628
19556,1737.6917247520628
19557,1737.6917247520628
19558,1737.6917247520628
19559,1737.6917247520628
19560,1737.6917247520628
19561,1737.6917247520628
19562,1737.6917247520628
19563,1737.6917247520628
19564,1737.6917247520628
19565,1737.6917247520628
19566,1737.6917247520628
19567,1737.6917247520628
19568,1737.6917247520628
19569,1737.6917247520628
19570,1737.6917247520628
19571,1737.6917247520628
19572,1737.6917247520628
19573,1737.6917247520628
19574,1737.6917247520628
19575,1737.6917247520628
19576,1737.6917247520628
19577,1737.6917247520628
19578,1737.6917247520628
19579,1737.6917247520628
19580,1737.6917247520628
19581,1737.6917247520628
19582,1737.6917247520628
19583,1737.6917247520628
19584,1737.6917247520628
19585,1737.6917247520628
19586,1737.6917247520628
19587,1737.6917247520628
19588,1737.6917247520628
19589,1737.6917247520628
19590,1737.6917247520628
19591,1737.6917247520628
19592,1737.6917247520628
19593,1737.6917247520628
19594,1737.6917247520628
19595,1737.6917247520628
19596,1737.6917247520628
19597,1737.6917247520628
19598,1737.6917247520628
19599,1737.6917247520628
19600,1737.6917247520628
19601,1737.6917247520628
19602,1737.6917247520628
19603,1737.6917247520628
19604,1737.6917247520628
19605,1737.6917247520628
19606,1737.6917247520628
19607,1737.6917247520628
19608,1737.6917247520628
19609,1737.6917247520628
19610,1737.6917247520628
19611,1737.6917247520628
19612,1737.6917247520628
19613,1737.6917247520628
19614,1737.6917247520628
19615,1737.6917247520628
19616,1737.6917247520628
19617,1737.6917247520628
19618,1737.6917247520628
19619,1737.6917247520628
19620,1737.6917247520628
19621,1737.6917247520628
19622,1737.6917247520628
19623,1737.6917247520628
19624,1737.6917247520628
19625,1737.6917247520628
19626,1737.6917247520628
19627,1737.6917247520628
19628,1737.6917247520628
19629,1737.6917247520628
19630,1737.6917247520628
19631,1737.6917247520628
19632,1737.6917247520628
19633,1737.6917247520628
19634,1737.6917247520628
19635,1737.6917247520628
19636,1737.6917247520628
19637,1737.6917247520628
19638,1737.6917247520628
19639,1737.6917247520628
19640,1737.6917247520628
19641,1737.6917247520628
19642,1737.6917247520628
19643,1737.6917247520628
19644,1737.6917247520628
19645,1737.6917247520628
19646,1737.6917247520628
19647,1737.6917247520628
19648,1737.6917247520628
19649,1737.6917247520628
19650,1737.6917247520628
19651,1737.6917247520628
19652,1737.6917247520628
19653,1737.6917247520628
19654,1737.6917247520628
19655,1737.6917247520628
19656,1737.6917247520628
19657,1737.6917247520628
19658,1737.6917247520628
19659,1737.6917247520628
19660,1737.6917247520628
19661,1737.6917247520628
19662,1737.6917247520628
19663,1737.6917247520628
19664,1737.6917247520628
19665,1737.6917247520628
19666,1737.6917247520628
19667,1737.6917247520628
19668,1737.6917247520628
19669,1737.6917247520628
19670,1737.6917247520628
19671,1737.6917247520628
19672,1737.6917247520628
19673,1737.6917247520628
19674,1737.6917247520628
19675,1737.6917247520628
19676,1737.6917247520628
19677,1737.6917247520628
19678,1737.6917247520628
19679,1737.6917247520628
19680,1737.6917247520628
19681,1737.6917247520628
19682,1737.6917247520628
19683,1737.6917247520628
19684,1737.6917247520628
19685,1737.6917247520628
19686,1737.6917247520628
19687,1737.6917247520628
19688,1737.6917247520628
19689,1737.6917247520628
19690,1737.6917247520628
19691,1737.6917247520628
19692,1737.6917247520628
19693,1737.6917247520628
19694,1737.6917247520628
19695,1737.6917247520628
19696,1737.6917247520628
19697,1737.6917247520628
19698,1737.6917247520628
19699,1737.6917247520628
19700,1737.6917247520628
19701,1737.6917247520628
19702,1737.6917247520628
19703,1737.6917247520628
19704,1737.6917247520628
19705,1737.6917247520628
19706,1737.6917247520628
19707,1737.6917247520628
19708,1737.6917247520628
19709,1737.6917247520628
19710,1737.6917247520628
19711,1737.6917247520628
19712,1737.6917247520628
19713,1737.6917247520628
19714,1737.6917247520628
19715,1737.6917247520628
19716,1737.6917247520628
19717,1737.6917247520628
19718,1737.6917247520628
19719,1737.6917247520628
19720,1737.6917247520628
19721,1737.6917247520628
19722,1737.6917247520628
19723,1737.6917247520628
19724,1737.6917247520628
19725,1737.6917247520628
19726,1737.6917247520628
19727,1737.6917247520628
19728,1737.6917247520628
19729,1737.6917247520628
19730,1737.6917247520628
19731,1737.6917247520628
19732,1737.6917247520628
19733,1737.6917247520628
19734,1737.6917247520628
19735,1737.6917247520628
19736,1737.6917247520628
19737,1737.6917247520628
19738,1737.6917247520628
19739,1737.6917247520628
19740,1737.6917247520628
19741,1737.6917247520628
19742,1737.6917247520628
19743,1737.6917247520628
19744,1737.6917247520628
19745,1737.6917247520628
19746,1737.6917247520628
19747,1737.6917247520628
19748,1737.6917247520628
19749,1737.6917247520628
19750,1737.6917247520628
19751,1737.6917247520628
19752,1737.6917247520628
19753,1737.6917247520628
19754,1737.6917247520628
19755,1737.6917247520628
19756,1737.6917247520628
19757,1737.6917247520628
19758,1737.6917247520628
19759,1737.6917247520628
19760,1737.6917247520628
19761,1737.6917247520628
19762,1737.6917247520628
19763,1737.6917247520628
19764,1737.6917247520628
19765,1737.6917247520628
19766,1737.6917247520628
19767,1737.6917247520628
19768,1737.6917247520628
19769,1737.6917247520628
19770,1737.6917247520628
19771,1737.6917247520628
19772,1737.6917247520628
19773,1737.6917247520628
19774,1737.6917247520628
19775,1737.6917247520628
19776,1737.6917247520628
19777,1737.6917247520628
19778,1737.6917247520628
19779,1737.6917247520628
19780,1737.6917247520628
19781,1737.6917247520628
19782,1737.6917247520628
19783,1737.6917247520628
19784,1737.6917247520628
19785,1737.6917247520628
19786,1737.6917247520628
19787,1737.6917247520628
19788,1737.6917247520628
19789,1737.6917247520628
19790,1737.6917247520628
19791,1737.6917247520628
19792,1737.6917247520628
19793,1737.6917247520628
19794,1737.6917247520628
19795,1737.6917247520628
19796,1737.6917247520628
19797,1737.6917247520628
19798,1737.6917247520628
19799,1737.6917247520628
19800,1737.6917247520628
19801,1737.6917247520628
19802,1737.6917247520628
19803,1737.6917247520628
19804,1737.6917247520628
19805,1737.6917247520628
19806,1737.6917247520628
19807,1737.6917247520628
19808,1737.6917247520628
19809,1737.6917247520628
19810,1737.6917247520628
19811,1737.6917247520628
19812,1737.6917247520628
19813,1737.6917247520628
19814,1737.6917247520628
19815,1737.6917247520628
19816,1737.6917247520628
19817,1737.6917247520628
19818,1737.6917247520628
19819,1737.6917247520628
19820,1737.6917247520628
19821,1737.6917247520628
19822,1737.6917247520628
19823,1737.6917247520628
19824,1737.6917247520628
19825,1737.6917247520628
19826,1737.6917247520628
19827,1737.6917247520628
19828,1737.6917247520628
19829,1737.6917247520628
19830,1737.6917247520628
19831,1737.6917247520628
19832,1737.6917247520628
19833,1737.6917247520628
19834,1737.6917247520628
19835,1737.6917247520628
19836,1737.6917247520628
19837,1737.6917247520628
19838,1737.6917247520628
19839,1737.6917247520628
19840,1737.6917247520628
19841,1737.6917247520628
19842,1737.6917247520628
19843,1737.6917247520628
19844,1737.6917247520628
19845,1737.6917247520628
19846,1737.6917247520628
19847,1737.6917247520628
19848,1737.6917247520628
19849,1737.6917247520628
19850,1737.6917247520628
19851,1737.6917247520628
19852,1737.6917247520628
19853,1737.6917247520628
19854,1737.6917247520628
19855,1737.6917247520628
19856,1737.6917247520628
19857,1737.6917247520628
19858,1737.6917247520628
19859,1737.6917247520628
19860,1737.6917247520628
19861,1737.6917247520628
19862,1737.6917247520628
19863,1737.6917247520628
19864,1737.6917247520628
19865,1737.6917247520628
19866,1737.6917247520628
19867,1737.6917247520628
19868,1737.6917247520628
19869,1737.6917247520628
19870,1737.6917247520628
19871,1737.6917247520628
19872,1737.6917247520628
19873,1737.6917247520628
19874,1737.6917247520628
19875,1737.6917247520628
19876,1737.6917247520628
19877,1737.6917247520628
19878,1737.6917247520628
19879,1737.6917247520628
19880,1737.6917247520628
19881,1737.6917247520628
19882,1737.6917247520628
19883,1737.6917247520628
19884,1737.6917247520628
19885,1737.6917247520628
19886,1737.6917247520628
19887,1737.6917247520628
19888,1737.6917247520628
19889,1737.6917247520628
19890,1737.6917247520628
19891,1737.6917247520628
19892,1737.6917247520628
19893,1737.6917247520628
19894,1737.6917247520628
19895,1737.6917247520628
19896,1737.6917247520628
19897,1737.6917247520628
19898,1737.6917247520628
19899,1737.6917247520628
19900,1737.6917247520628
19901,1737.6917247520628
19902,1737.6917247520628
19903,1737.6917247520628
19904,1737.6917247520628
19905,1737.6917247520628
19906,1737.6917247520628
19907,1737.6917247520628
19908,1737.6917247520628
19909,1737.6917247520628
19910,1737.6917247520628
19911,1737.6917247520628
19912,1737.6917247520628
19913,1737.6917247520628
19914,1737.6917247520628
19915,1737.6917247520628
19916,1737.6917247520628
19917,1737.6917247520628
19918,1737.6917247520628
19919,1737.6917247520628
19920,1737.6917247520628
19921,1737.6917247520628
19922,1737.6917247520628
19923,1737.6917247520628
19924,1737.6917247520628
19925,1737.6917247520628
19926,1737.6917247520628
19927,1737.6917247520628
19928,1737.6917247520628
19929,1737.6917247520628
19930,1737.6917247520628
19931,1737.6917247520628
19932,1737.6917247520628
19933,1737.6917247520628
19934,1737.6917247520628
19935,1737.6917247520628
19936,1737.6917247520628
19937,1737.6917247520628
19938,1737.6917247520628
19939,1737.6917247520628
19940,1737.6917247520628
19941,1737.6917247520628
19942,1737.6917247520628
19943,1737.6917247520628
19944,1737.6917247520628
19945,1737.6917247520628
19946,1737.6917247520628
19947,1737.6917247520628
19948,1737.6917247520628
19949,1737.6917247520628
19950,1737.6917247520628
19951,1737.6917247520628
19952,1737.6917247520628
19953,1737.6917247520628
19954,1737.6917247520628
19955,1737.6917247520628
19956,1737.6917247520628
19957,1737.6917247520628
19958,1737.6917247520628
19959,1737.6917247520628
19960,1737.6917247520628
19961,1737.6917247520628
19962,1737.6917247520628
19963,1737.6917247520628
19964,1737.6917247520628
19965,1737.6917247520628
19966,1737.6917247520628
19967,1737.6917247520628
19968,1737.6917247520628
19969,1737.6917247520628
19970,1737.6917247520628
19971,1737.6917247520628
19972,1737.6917247520628
19973,1737.6917247520628
19974,1737.6917247520628
19975,1737.6917247520628
19976,1737.6917247520628
19977,1737.6917247520628
19978,1737.6917247520628
19979,1737.6917247520628
19980,1737.6917247520628
19981,1737.6917247520628
19982,1737.6917247520628
19983,1737.6917247520628
19984,1737.6917247520628
19985,1737.6917247520628
19986,1737.6917247520628
19987,1737.6917247520628
19988,1737.6917247520628
19989,1737.6917247520628
19990,1737.6917247520628
19991,1737.6917247520628
19992,1737.6917247520628
19993,1737.6917247520628
19994,1737.6917247520628
19995,1737.6917247520628
19996,1737.6917247520628
19997,1737.6917247520628
19998,1737.6917247520628
19999,1737.6917247520628
20000,1737.6917247520628
20001,1737.6917247520628
20002,1737.6917247520628
20003,1737.6917247520628
20004,1737.6917247520628
20005,1737.6917247520628
20006,1737.6917247520628
20007,1737.6917247520628
20008,1737.6917247520628
20009,1737.6917247520628
20010,1737.6917247520628
20011,1737.6917247520628
20012,1737.6917247520628
20013,1737.6917247520628
20014,1737.6917247520628
20015,1737.6917247520628
20016,1737.6917247520628
20017,1737.6917247520628
20018,1737.6917247520628
20019,1737.6917247520628
20020,1737.6917247520628
20021,1737.6917247520628
20022,1737.6917247520628
20023,1737.6917247520628
20024,1737.6917247520628
20025,1737.6917247520628
20026,1737.6917247520628
20027,1737.6917247520628
20028,1737.6917247520628
20029,1737.6917247520628
20030,1737.6917247520628
20031,1737.6917247520628
20032,1737.6917247520628
20033,1737.6917247520628
20034,1737.6917247520628
20035,1737.6917247520628
20036,1737.6917247520628
20037,1737.6917247520628
20038,1737.6917247520628
20039,1737.6917247520628
20040,1737.6917247520628
20041,1737.6917247520628
20042,1737.6917247520628
20043,1737.6917247520628
20044,1737.6917247520628
20045,1737.6917247520628
20046,1737.6917247520628
20047,1737.6917247520628
20048,1737.6917247520628
20049,1737.6917247520628
20050,1737.6917247520628
20051,1737.6917247520628
20052,1737.6917247520628
20053,1737.6917247520628
20054,1737.6917247520628
20055,1737.6917247520628
20056,1737.6917247520628
20057,1737.6917247520628
20058,1737.6917247520628
20059,1737.6917247520628
20060,1737.6917247520628
20061,1737.6917247520628
20062,1737.6917247520628
20063,1737.6917247520628
20064,1737.6917247520628
20065,1737.6917247520628
20066,1737.6917247520628
20067,1737.6917247520628
20068,1737.6917247520628
20069,1737.6917247520628
20070,1737.6917247520628
20071,1737.6917247520628
20072,1737.6917247520628
20073,1737.6917247520628
20074,1737.6917247520628
20075,1737.6917247520628
20076,1737.6917247520628
20077,1737.6917247520628
20078,1737.6917247520628
20079,1737.6917247520628
20080,1737.6917247520628
20081,1737.6917247520628
20082,1737.6917247520628
20083,1737.6917247520628
20084,1737.6917247520628
20085,1737.6917247520628
20086,1737.6917247520628
20087,1737.6917247520628
20088,1737.6917247520628
20089,1737.6917247520628
20090,1737.6917247520628
20091,1737.6917247520628
20092,1737.6917247520628
20093,1737.6917247520628
20094,1737.6917247520628
20095,1737.6917247520628
20096,1737.6917247520628
20097,1737.6917247520628
20098,1737.6917247520628
20099,1737.6917247520628
20100,1737.6917247520628
20101,1737.6917247520628
20102,1737.6917247520628
20103,1737.6917247520628
20104,1737.6917247520628
20105,1737.6917247520628
20106,1737.6917247520628
20107,1737.6917247520628
20108,1737.6917247520628
20109,1737.6917247520628
20110,1737.6917247520628
20111,1737.6917247520628
20112,1737.6917247520628
20113,1737.6917247520628
20114,1737.6917247520628
20115,1737.6917247520628
20116,1737.6917247520628
20117,1737.6917247520628
20118,1737.6917247520628
20119,1737.6917247520628
20120,1737.6917247520628
20121,1737.6917247520628
20122,1737.6917247520628
20123,1737.6917247520628
20124,1737.6917247520628
20125,1737.6917247520628
20126,1737.6917247520628
20127,1737.6917247520628
20128,1737.6917247520628
20129,1737.6917247520628
20130,1737.6917247520628
20131,1737.6917247520628
20132,1737.6917247520628
20133,1737.6917247520628
20134,1737.6917247520628
20135,1737.6917247520628
20136,1737.6917247520628
20137,1737.6917247520628
20138,1737.6917247520628
20139,1737.6917247520628
20140,1737.6917247520628
20141,1737.6917247520628
20142,1737.6917247520628
20143,1737.6917247520628
20144,1737.6917247520628
20145,1737.6917247520628
20146,1737.6917247520628
20147,1737.6917247520628
20148,1737.6917247520628
20149,1737.6917247520628
20150,1737.6917247520628
20151,1737.6917247520628
20152,1737.6917247520628
20153,1737.6917247520628
20154,1737.6917247520628
20155,1737.6917247520628
20156,1737.6917247520628
20157,1737.6917247520628
20158,1737.6917247520628
20159,1737.6917247520628
20160,1737.6917247520628
20161,1737.6917247520628
20162,1737.6917247520628
20163,1737.6917247520628
20164,1737.6917247520628
20165,1737.6917247520628
20166,1737.6917247520628
20167,1737.6917247520628
20168,1737.6917247520628
20169,1737.6917247520628
20170,1737.6917247520628
20171,1737.6917247520628
20172,1737.6917247520628
20173,1737.6917247520628
20174,1737.6917247520628
20175,1737.6917247520628
20176,1737.6917247520628
20177,1737.6917247520628
20178,1737.6917247520628
20179,1737.6917247520628
20180,1737.6917247520628
20181,1737.6917247520628
20182,1737.6917247520628
20183,1737.6917247520628
20184,1737.6917247520628
20185,1737.6917247520628
20186,1737.6917247520628
20187,1737.6917247520628
20188,1737.6917247520628
20189,1737.6917247520628
20190,1737.6917247520628
20191,1737.6917247520628
20192,1737.6917247520628
20193,1737.6917247520628
20194,1737.6917247520628
20195,1737.6917247520628
20196,1737.6917247520628
20197,1737.6917247520628
20198,1737.6917247520628
20199,1737.6917247520628
20200,1737.6917247520628
20201,1737.6917247520628
20202,1737.6917247520628
20203,1737.6917247520628
20204,1737.6917247520628
20205,1737.6917247520628
20206,1737.6917247520628
20207,1737.6917247520628
20208,1737.6917247520628
20209,1737.6917247520628
20210,1737.6917247520628
20211,1737.6917247520628
20212,1737.6917247520628
20213,1737.6917247520628
20214,1737.6917247520628
20215,1737.6917247520628
20216,1737.6917247520628
20217,1737.6917247520628
20218,1737.6917247520628
20219,1737.6917247520628
20220,1737.6917247520628
20221,1737.6917247520628
20222,1737.6917247520628
20223,1737.6917247520628
20224,1737.6917247520628
20225,1737.6917247520628
20226,1737.6917247520628
20227,1737.6917247520628
20228,1737.6917247520628
20229,1737.6917247520628
20230,1737.6917247520628
20231,1737.6917247520628
20232,1737.6917247520628
20233,1737.6917247520628
20234,1737.6917247520628
20235,1737.6917247520628
20236,1737.6917247520628
20237,1737.6917247520628
20238,1737.6917247520628
20239,1737.6917247520628
20240,1737.6917247520628
20241,1737.6917247520628
20242,1737.6917247520628
20243,1737.6917247520628
20244,1737.6917247520628
20245,1737.6917247520628
20246,1737.6917247520628
20247,1737.6917247520628
20248,1737.6917247520628
20249,1737.6917247520628
20250,1737.6917247520628
20251,1737.6917247520628
20252,1737.6917247520628
20253,1737.6917247520628
20254,1737.6917247520628
20255,1737.6917247520628
20256,1737.6917247520628
20257,1737.6917247520628
20258,1737.6917247520628
20259,1737.6917247520628
20260,1737.6917247520628
20261,1737.6917247520628
20262,1737.6917247520628
20263,1737.6917247520628
20264,1737.6917247520628
20265,1737.6917247520628
20266,1737.6917247520628
20267,1737.6917247520628
20268,1737.6917247520628
20269,1737.6917247520628
20270,1737.6917247520628
20271,1737.6917247520628
20272,1737.6917247520628
20273,1737.6917247520628
20274,1737.6917247520628
20275,1737.6917247520628
20276,1737.6917247520628
20277,1737.6917247520628
20278,1737.6917247520628
20279,1737.6917247520628
20280,1737.6917247520628
20281,1737.6917247520628
20282,1737.6917247520628
20283,1737.6917247520628
20284,1737.6917247520628
20285,1737.6917247520628
20286,1737.6917247520628
20287,1737.6917247520628
20288,1737.6917247520628
20289,1737.6917247520628
20290,1737.6917247520628
20291,1737.6917247520628
20292,1737.6917247520628
20293,1737.6917247520628
20294,1737.6917247520628
20295,1737.6917247520628
20296,1737.6917247520628
20297,1737.6917247520628
20298,1737.6917247520628
20299,1737.6917247520628
20300,1737.6917247520628
20301,1737.6917247520628
20302,1737.6917247520628
20303,1737.6917247520628
20304,1737.6917247520628
20305,1737.6917247520628
20306,1737.6917247520628
20307,1737.6917247520628
20308,1737.6917247520628
20309,1737.6917247520628
20310,1737.6917247520628
20311,1737.6917247520628
20312,1737.6917247520628
20313,1737.6917247520628
20314,1737.6917247520628
20315,1737.6917247520628
20316,1737.6917247520628
20317,1737.6917247520628
20318,1737.6917247520628
20319,1737.6917247520628
20320,1737.6917247520628
20321,1737.6917247520628
20322,1737.6917247520628
20323,1737.6917247520628
20324,1737.6917247520628
20325,1737.6917247520628
20326,1737.6917247520628
20327,1737.6917247520628
20328,1737.6917247520628
20329,1737.6917247520628
20330,1737.6917247520628
20331,1737.6917247520628
20332,1737.6917247520628
20333,1737.6917247520628
20334,1737.6917247520628
20335,1737.6917247520628
20336,1737.6917247520628
20337,1737.6917247520628
20338,1737.6917247520628
20339,1737.6917247520628
20340,1737.6917247520628
20341,1737.6917247520628
20342,1737.6917247520628
20343,1737.6917247520628
20344,1737.6917247520628
20345,1737.6917247520628
20346,1737.6917247520628
20347,1737.6917247520628
20348,1737.6917247520628
20349,1737.6917247520628
20350,1737.6917247520628
20351,1737.6917247520628
20352,1737.6917247520628
20353,1737.6917247520628
20354,1737.6917247520628
20355,1737.6917247520628
20356,1737.6917247520628
20357,1737.6917247520628
20358,1737.6917247520628
20359,1737.6917247520628
20360,1737.6917247520628
20361,1737.6917247520628
20362,1737.6917247520628
20363,1737.6917247520628
20364,1737.6917247520628
20365,1737.6917247520628
20366,1737.6917247520628
20367,1737.6917247520628
20368,1737.6917247520628
20369,1737.6917247520628
20370,1737.6917247520628
20371,1737.6917247520628
20372,1737.6917247520628
20373,1737.6917247520628
20374,1737.6917247520628
20375,1737.6917247520628
20376,1737.6917247520628
20377,1737.6917247520628
20378,1737.6917247520628
20379,1737.6917247520628
20380,1737.6917247520628
20381,1737.6917247520628
20382,1737.6917247520628
20383,1737.6917247520628
20384,1737.6917247520628
20385,1737.6917247520628
20386,1737.6917247520628
20387,1737.6917247520628
20388,1737.6917247520628
20389,1737.6917247520628
20390,1737.6917247520628
20391,1737.6917247520628
20392,1737.6917247520628
20393,1737.6917247520628
20394,1737.6917247520628
20395,1737.6917247520628
20396,1737.6917247520628
20397,1737.6917247520628
20398,1737.6917247520628
20399,1737.6917247520628
20400,1737.6917247520628
20401,1737.6917247520628
20402,1737.6917247520628
20403,1737.6917247520628
20404,1737.6917247520628
20405,1737.6917247520628
20406,1737.6917247520628
20407,1737.6917247520628
20408,1737.6917247520628
20409,1737.6917247520628
20410,1737.6917247520628
20411,1737.6917247520628
20412,1737.6917247520628
20413,1737.6917247520628
20414,1737.6917247520628
20415,1737.6917247520628
20416,1737.6917247520628
20417,1737.6917247520628
20418,1737.6917247520628
20419,1737.6917247520628
20420,1737.6917247520628
20421,1737.6917247520628
20422,1737.6917247520628
20423,1737.6917247520628
20424,1737.6917247520628
20425,1737.6917247520628
20426,1737.6917247520628
20427,1737.6917247520628
20428,1737.6917247520628
20429,1737.6917247520628
20430,1737.6917247520628
20431,1737.6917247520628
20432,1737.6917247520628
20433,1737.6917247520628
20434,1737.6917247520628
20435,1737.6917247520628
20436,1737.6917247520628
20437,1737.6917247520628
20438,1737.6917247520628
20439,1737.6917247520628
20440,1737.6917247520628
20441,1737.6917247520628
20442,1737.6917247520628
20443,1737.6917247520628
20444,1737.6917247520628
20445,1737.6917247520628
20446,1737.6917247520628
20447,1737.6917247520628
20448,1737.6917247520628
20449,1737.6917247520628
20450,1737.6917247520628
20451,1737.6917247520628
20452,1737.6917247520628
20453,1737.6917247520628
20454,1737.6917247520628
20455,1737.6917247520628
20456,1737.6917247520628
20457,1737.6917247520628
20458,1737.6917247520628
20459,1737.6917247520628
20460,1737.6917247520628
20461,1737.6917247520628
20462,1737.6917247520628
20463,1737.6917247520628
20464,1737.6917247520628
20465,1737.6917247520628
20466,1737.6917247520628
20467,1737.6917247520628
20468,1737.6917247520628
20469,1737.6917247520628
20470,1737.6917247520628
20471,1737.6917247520628
20472,1737.6917247520628
20473,1737.6917247520628
20474,1737.6917247520628
20475,1737.6917247520628
20476,1737.6917247520628
20477,1737.6917247520628
20478,1737.6917247520628
20479,1737.6917247520628
20480,1737.6917247520628
20481,1737.6917247520628
20482,1737.6917247520628
20483,1737.6917247520628
20484,1737.6917247520628
20485,1737.6917247520628
20486,1737.6917247520628
20487,1737.6917247520628
20488,1737.6917247520628
20489,1737.6917247520628
20490,1737.6917247520628
20491,1737.6917247520628
20492,1737.6917247520628
20493,1737.6917247520628
20494,1737.6917247520628
20495,1737.6917247520628
20496,1737.6917247520628
20497,1737.6917247520628
20498,1737.6917247520628
20499,1737.6917247520628
20500,1737.6917247520628
20501,1737.6917247520628
20502,1737.6917247520628
20503,1737.6917247520628
20504,1737.6917247520628
20505,1737.6917247520628
20506,1737.6917247520628
20507,1737.6917247520628
20508,1737.6917247520628
20509,1737.6917247520628
20510,1737.6917247520628
20511,1737.6917247520628
20512,1737.6917247520628
20513,1737.6917247520628
20514,1737.6917247520628
20515,1737.6917247520628
20516,1737.6917247520628
20517,1737.6917247520628
20518,1737.6917247520628
20519,1737.6917247520628
20520,1737.6917247520628
20521,1737.6917247520628
20522,1737.6917247520628
20523,1737.6917247520628
20524,1737.6917247520628
20525,1737.6917247520628
20526,1737.6917247520628
20527,1737.6917247520628
20528,1737.6917247520628
20529,1737.6917247520628
20530,1737.6917247520628
20531,1737.6917247520628
20532,1737.6917247520628
20533,1737.6917247520628
20534,1737.6917247520628
20535,1737.6917247520628
20536,1737.6917247520628
20537,1737.6917247520628
20538,1737.6917247520628
20539,1737.6917247520628
20540,1737.6917247520628
20541,1737.6917247520628
20542,1737.6917247520628
20543,1737.6917247520628
20544,1737.6917247520628
20545,1737.6917247520628
20546,1737.6917247520628
20547,1737.6917247520628
20548,1737.6917247520628
20549,1737.6917247520628
20550,1737.6917247520628
20551,1737.6917247520628
20552,1737.6917247520628
20553,1737.6917247520628
20554,1737.6917247520628
20555,1737.6917247520628
20556,1737.6917247520628
20557,1737.6917247520628
20558,1737.6917247520628
20559,1737.6917247520628
20560,1737.6917247520628
20561,1737.6917247520628
20562,1737.6917247520628
20563,1737.6917247520628
20564,1737.6917247520628
20565,1737.6917247520628
20566,1737.6917247520628
20567,1737.6917247520628
20568,1737.6917247520628
20569,1737.6917247520628
20570,1737.6917247520628
20571,1737.6917247520628
20572,1737.6917247520628
20573,1737.6917247520628
20574,1737.6917247520628
20575,1737.6917247520628
20576,1737.6917247520628
20577,1737.6917247520628
20578,1737.6917247520628
20579,1737.6917247520628
20580,1737.6917247520628
20581,1737.6917247520628
20582,1737.6917247520628
20583,1737.6917247520628
20584,1737.6917247520628
20585,1737.6917247520628
20586,1737.6917247520628
20587,1737.6917247520628
20588,1737.6917247520628
20589,1737.6917247520628
20590,1737.6917247520628
20591,1737.6917247520628
20592,1737.6917247520628
20593,1737.6917247520628
20594,1737.6917247520628
20595,1737.6917247520628
20596,1737.6917247520628
20597,1737.6917247520628
20598,1737.6917247520628
20599,1737.6917247520628
20600,1737.6917247520628
20601,1737.6917247520628
20602,1737.6917247520628
20603,1737.6917247520628
20604,1737.6917247520628
20605,1737.6917247520628
20606,1737.6917247520628
20607,1737.6917247520628
20608,1737.6917247520628
20609,1737.6917247520628
20610,1737.6917247520628
20611,1737.6917247520628
20612,1737.6917247520628
20613,1737.6917247520628
20614,1737.6917247520628
20615,1737.6917247520628
20616,1737.6917247520628
20617,1737.6917247520628
20618,1737.6917247520628
20619,1737.6917247520628
20620,1737.6917247520628
20621,1737.6917247520628
20622,1737.6917247520628
20623,1737.6917247520628
20624,1737.6917247520628
20625,1737.6917247520628
20626,1737.6917247520628
20627,1737.6917247520628
20628,1737.6917247520628
20629,1737.6917247520628
20630,1737.6917247520628
20631,1737.6917247520628
20632,1737.6917247520628
20633,1737.6917247520628
20634,1737.6917247520628
20635,1737.6917247520628
20636,1737.6917247520628
20637,1737.6917247520628
20638,1737.6917247520628
20639,1737.6917247520628
20640,1737.6917247520628
20641,1737.6917247520628
20642,1737.6917247520628
20643,1737.6917247520628
20644,1737.6917247520628
20645,1737.6917247520628
20646,1737.6917247520628
20647,1737.6917247520628
20648,1737.6917247520628
20649,1737.6917247520628
20650,1737.6917247520628
20651,1737.6917247520628
20652,1737.6917247520628
20653,1737.6917247520628
20654,1737.6917247520628
20655,1737.6917247520628
20656,1737.6917247520628
20657,1737.6917247520628
20658,1737.6917247520628
20659,1737.6917247520628
20660,1737.6917247520628
20661,1737.6917247520628
20662,1737.6917247520628
20663,1737.6917247520628
20664,1737.6917247520628
20665,1737.6917247520628
20666,1737.6917247520628
20667,1737.6917247520628
20668,1737.6917247520628
20669,1737.6917247520628
20670,1737.6917247520628
20671,1737.6917247520628
20672,1737.6917247520628
20673,1737.6917247520628
20674,1737.6917247520628
20675,1737.6917247520628
20676,1737.6917247520628
20677,1737.6917247520628
20678,1737.6917247520628
20679,1737.6917247520628
20680,1737.6917247520628
20681,1737.6917247520628
20682,1737.6917247520628
20683,1737.6917247520628
20684,1737.6917247520628
20685,1737.6917247520628
20686,1737.6917247520628
20687,1737.6917247520628
20688,1737.6917247520628
20689,1737.6917247520628
20690,1737.6917247520628
20691,1737.6917247520628
20692,1737.6917247520628
20693,1737.6917247520628
20694,1737.6917247520628
20695,1737.6917247520628
20696,1737.6917247520628
20697,1737.6917247520628
20698,1737.6917247520628
20699,1737.6917247520628
20700,1737.6917247520628
20701,1737.6917247520628
20702,1737.6917247520628
20703,1737.6917247520628
20704,1737.6917247520628
20705,1737.6917247520628
20706,1737.6917247520628
20707,1737.6917247520628
20708,1737.6917247520628
20709,1737.6917247520628
20710,1737.6917247520628
20711,1737.6917247520628
20712,1737.6917247520628
20713,1737.6917247520628
20714,1737.6917247520628
20715,1737.6917247520628
20716,1737.6917247520628
20717,1737.6917247520628
20718,1737.6917247520628
20719,1737.6917247520628
20720,1737.6917247520628
20721,1737.6917247520628
20722,1737.6917247520628
20723,1737.6917247520628
20724,1737.6917247520628
20725,1737.6917247520628
20726,1737.6917247520628
20727,1737.6917247520628
20728,1737.6917247520628
20729,1737.6917247520628
20730,1737.6917247520628
20731,1737.6917247520628
20732,1737.6917247520628
20733,1737.6917247520628
20734,1737.6917247520628
20735,1737.6917247520628
20736,1737.6917247520628
20737,1737.6917247520628
20738,1737.6917247520628
20739,1737.6917247520628
20740,1737.6917247520628
20741,1737.6917247520628
20742,1737.6917247520628
20743,1737.6917247520628
20744,1737.6917247520628
20745,1737.6917247520628
20746,1737.6917247520628
20747,1737.6917247520628
20748,1737.6917247520628
20749,1737.6917247520628
20750,1737.6917247520628
20751,1737.6917247520628
20752,1737.6917247520628
20753,1737.6917247520628
20754,1737.6917247520628
20755,1737.6917247520628
20756,1737.6917247520628
20757,1737.6917247520628
20758,1737.6917247520628
20759,1737.6917247520628
20760,1737.6917247520628
20761,1737.6917247520628
20762,1737.6917247520628
20763,1737.6917247520628
20764,1737.6917247520628
20765,1737.6917247520628
20766,1737.6917247520628
20767,1737.6917247520628
20768,1737.6917247520628
20769,1737.6917247520628
20770,1737.6917247520628
20771,1737.6917247520628
20772,1737.6917247520628
20773,1737.6917247520628
20774,1737.6917247520628
20775,1737.6917247520628
20776,1737.6917247520628
20777,1737.6917247520628
20778,1737.6917247520628
20779,1737.6917247520628
20780,1737.6917247520628
20781,1737.6917247520628
20782,1737.6917247520628
20783,1737.6917247520628
20784,1737.6917247520628
20785,1737.6917247520628
20786,1737.6917247520628
20787,1737.6917247520628
20788,1737.6917247520628
20789,1737.6917247520628
20790,1737.6917247520628
20791,1737.6917247520628
20792,1737.6917247520628
20793,1737.6917247520628
20794,1737.6917247520628
20795,1737.6917247520628
20796,1737.6917247520628
20797,1737.6917247520628
20798,1737.6917247520628
20799,1737.6917247520628
20800,1737.6917247520628
20801,1737.6917247520628
20802,1737.6917247520628
20803,1737.6917247520628
20804,1737.6917247520628
20805,1737.6917247520628
20806,1737.6917247520628
20807,1737.6917247520628
20808,1737.6917247520628
20809,1737.6917247520628
20810,1737.6917247520628
20811,1737.6917247520628
20812,1737.6917247520628
20813,1737.6917247520628
20814,1737.6917247520628
20815,1737.6917247520628
20816,1737.6917247520628
20817,1737.6917247520628
20818,1737.6917247520628
20819,1737.6917247520628
20820,1737.6917247520628
20821,1737.6917247520628
20822,1737.6917247520628
20823,1737.6917247520628
20824,1737.6917247520628
20825,1737.6917247520628
20826,1737.6917247520628
20827,1737.6917247520628
20828,1737.6917247520628
20829,1737.6917247520628
20830,1737.6917247520628
20831,1737.6917247520628
20832,1737.6917247520628
20833,1737.6917247520628
20834,1737.6917247520628
20835,1737.6917247520628
20836,1737.6917247520628
20837,1737.6917247520628
20838,1737.6917247520628
20839,1737.6917247520628
20840,1737.6917247520628
20841,1737.6917247520628
20842,1737.6917247520628
20843,1737.6917247520628
20844,1737.6917247520628
20845,1737.6917247520628
20846,1737.6917247520628
20847,1737.6917247520628
20848,1737.6917247520628
20849,1737.6917247520628
20850,1737.6917247520628
20851,1737.6917247520628
20852,1737.6917247520628
20853,1737.6917247520628
20854,1737.6917247520628
20855,1737.6917247520628
20856,1737.6917247520628
20857,1737.6917247520628
20858,1737.6917247520628
20859,1737.6917247520628
20860,1737.6917247520628
20861,1737.6917247520628
20862,1737.6917247520628
20863,1737.6917247520628
20864,1737.6917247520628
20865,1737.6917247520628
20866,1737.6917247520628
20867,1737.6917247520628
20868,1737.6917247520628
20869,1737.6917247520628
20870,1737.6917247520628
20871,1737.6917247520628
20872,1737.6917247520628
20873,1737.6917247520628
20874,1737.6917247520628
20875,1737.6917247520628
20876,1737.6917247520628
20877,1737.6917247520628
20878,1737.6917247520628
20879,1737.6917247520628
20880,1737.6917247520628
20881,1737.6917247520628
20882,1737.6917247520628
20883,1737.6917247520628
20884,1737.6917247520628
20885,1737.6917247520628
20886,1737.6917247520628
20887,1737.6917247520628
20888,1737.6917247520628
20889,1737.6917247520628
20890,1737.6917247520628
20891,1737.6917247520628
20892,1737.6917247520628
20893,1737.6917247520628
20894,1737.6917247520628
20895,1737.6917247520628
20896,1737.6917247520628
20897,1737.6917247520628
20898,1737.6917247520628
20899,1737.6917247520628
20900,1737.6917247520628
20901,1737.6917247520628
20902,1737.6917247520628
20903,1737.6917247520628
20904,1737.6917247520628
20905,1737.6917247520628
20906,1737.6917247520628
20907,1737.6917247520628
20908,1737.6917247520628
20909,1737.6917247520628
20910,1737.6917247520628
20911,1737.6917247520628
20912,1737.6917247520628
20913,1737.6917247520628
20914,1737.6917247520628
20915,1737.6917247520628
20916,1737.6917247520628
20917,1737.6917247520628
20918,1737.6917247520628
20919,1737.6917247520628
20920,1737.6917247520628
20921,1737.6917247520628
20922,1737.6917247520628
20923,1737.6917247520628
20924,1737.6917247520628
20925,1737.6917247520628
20926,1737.6917247520628
20927,1737.6917247520628
20928,1737.6917247520628
20929,1737.6917247520628
20930,1737.6917247520628
20931,1737.6917247520628
20932,1737.6917247520628
20933,1737.6917247520628
20934,1737.6917247520628
20935,1737.6917247520628
20936,1737.6917247520628
20937,1737.6917247520628
20938,1737.6917247520628
20939,1737.6917247520628
20940,1737.6917247520628
20941,1737.6917247520628
20942,1737.6917247520628
20943,1737.6917247520628
20944,1737.6917247520628
20945,1737.6917247520628
20946,1737.6917247520628
20947,1737.6917247520628
20948,1737.6917247520628
20949,1737.6917247520628
20950,1737.6917247520628
20951,1737.6917247520628
20952,1737.6917247520628
20953,1737.6917247520628
20954,1737.6917247520628
20955,1737.6917247520628
20956,1737.6917247520628
20957,1737.6917247520628
20958,1737.6917247520628
20959,1737.6917247520628
20960,1737.6917247520628
20961,1737.6917247520628
20962,1737.6917247520628
20963,1737.6917247520628
20964,1737.6917247520628
20965,1737.6917247520628
20966,1737.6917247520628
20967,1737.6917247520628
20968,1737.6917247520628
20969,1737.6917247520628
20970,1737.6917247520628
20971,1737.6917247520628
20972,1737.6917247520628
20973,1737.6917247520628
20974,1737.6917247520628
20975,1737.6917247520628
20976,1737.6917247520628
20977,1737.6917247520628
20978,1737.6917247520628
20979,1737.6917247520628
20980,1737.6917247520628
20981,1737.6917247520628
20982,1737.6917247520628
20983,1737.6917247520628
20984,1737.6917247520628
20985,1737.6917247520628
20986,1737.6917247520628
20987,1737.6917247520628
20988,1737.6917247520628
20989,1737.6917247520628
20990,1737.6917247520628
20991,1737.6917247520628
20992,1737.6917247520628
20993,1737.6917247520628
20994,1737.6917247520628
20995,1737.6917247520628
20996,1737.6917247520628
20997,1737.6917247520628
20998,1737.6917247520628
20999,1737.6917247520628
21000,1737.6917247520628
21001,1737.6917247520628
21002,1737.6917247520628
21003,1737.6917247520628
21004,1737.6917247520628
21005,1737.6917247520628
21006,1737.6917247520628
21007,1737.6917247520628
21008,1737.6917247520628
21009,1737.6917247520628
21010,1737.6917247520628
21011,1737.6917247520628
21012,1737.6917247520628
21013,1737.6917247520628
21014,1737.6917247520628
21015,1737.6917247520628
21016,1737.6917247520628
21017,1737.6917247520628
21018,1737.6917247520628
21019,1737.6917247520628
21020,1737.6917247520628
21021,1737.6917247520628
21022,1737.6917247520628
21023,1737.6917247520628
21024,1737.6917247520628
21025,1737.6917247520628
21026,1737.6917247520628
21027,1737.6917247520628
21028,1737.6917247520628
21029,1737.6917247520628
21030,1737.6917247520628
21031,1737.6917247520628
21032,1737.6917247520628
21033,1737.6917247520628
21034,1737.6917247520628
21035,1737.6917247520628
21036,1737.6917247520628
21037,1737.6917247520628
21038,1737.6917247520628
21039,1737.6917247520628
21040,1737.6917247520628
21041,1737.6917247520628
21042,1737.6917247520628
21043,1737.6917247520628
21044,1737.6917247520628
21045,1737.6917247520628
21046,1737.6917247520628
21047,1737.6917247520628
21048,1737.6917247520628
21049,1737.6917247520628
21050,1737.6917247520628
21051,1737.6917247520628
21052,1737.6917247520628
21053,1737.6917247520628
21054,1737.6917247520628
21055,1737.6917247520628
21056,1737.6917247520628
21057,1737.6917247520628
21058,1737.6917247520628
21059,1737.6917247520628
21060,1737.6917247520628
21061,1737.6917247520628
21062,1737.6917247520628
21063,1737.6917247520628
21064,1737.6917247520628
21065,1737.6917247520628
21066,1737.6917247520628
21067,1737.6917247520628
21068,1737.6917247520628
21069,1737.6917247520628
21070,1737.6917247520628
21071,1737.6917247520628
21072,1737.6917247520628
21073,1737.6917247520628
21074,1737.6917247520628
21075,1737.6917247520628
21076,1737.6917247520628
21077,1737.6917247520628
21078,1737.6917247520628
21079,1737.6917247520628
21080,1737.6917247520628
21081,1737.6917247520628
21082,1737.6917247520628
21083,1737.6917247520628
21084,1737.6917247520628
21085,1737.6917247520628
21086,1737.6917247520628
21087,1737.6917247520628
21088,1737.6917247520628
21089,1737.6917247520628
21090,1737.6917247520628
21091,1737.6917247520628
21092,1737.6917247520628
21093,1737.6917247520628
21094,1737.6917247520628
21095,1737.6917247520628
21096,1737.6917247520628
21097,1737.6917247520628
21098,1737.6917247520628
21099,1737.6917247520628
21100,1737.6917247520628
21101,1737.6917247520628
21102,1737.6917247520628
21103,1737.6917247520628
21104,1737.6917247520628
21105,1737.6917247520628
21106,1737.6917247520628
21107,1737.6917247520628
21108,1737.6917247520628
21109,1737.6917247520628
21110,1737.6917247520628
21111,1737.6917247520628
21112,1737.6917247520628
21113,1737.6917247520628
21114,1737.6917247520628
21115,1737.6917247520628
21116,1737.6917247520628
21117,1737.6917247520628
21118,1737.6917247520628
21119,1737.6917247520628
21120,1737.6917247520628
21121,1737.6917247520628
21122,1737.6917247520628
21123,1737.6917247520628
21124,1737.6917247520628
21125,1737.6917247520628
21126,1737.6917247520628
21127,1737.6917247520628
21128,1737.6917247520628
21129,1737.6917247520628
21130,1737.6917247520628
21131,1737.6917247520628
21132,1737.6917247520628
21133,1737.6917247520628
21134,1737.6917247520628
21135,1737.6917247520628
21136,1737.6917247520628
21137,1737.6917247520628
21138,1737.6917247520628
21139,1737.6917247520628
21140,1737.6917247520628
21141,1737.6917247520628
21142,1737.6917247520628
21143,1737.6917247520628
21144,1737.6917247520628
21145,1737.6917247520628
21146,1737.6917247520628
21147,1737.6917247520628
21148,1737.6917247520628
21149,1737.6917247520628
21150,1737.6917247520628
21151,1737.6917247520628
21152,1737.6917247520628
21153,1737.6917247520628
21154,1737.6917247520628
21155,1737.6917247520628
21156,1737.6917247520628
21157,1737.6917247520628
21158,1737.6917247520628
21159,1737.6917247520628
21160,1737.6917247520628
21161,1737.6917247520628
21162,1737.6917247520628
21163,1737.6917247520628
21164,1737.6917247520628
21165,1737.6917247520628
21166,1737.6917247520628
21167,1737.6917247520628
21168,1737.6917247520628
21169,1737.6917247520628
21170,1737.6917247520628
21171,1737.6917247520628
21172,1737.6917247520628
21173,1737.6917247520628
21174,1737.6917247520628
21175,1737.6917247520628
21176,1737.6917247520628
21177,1737.6917247520628
21178,1737.6917247520628
21179,1737.6917247520628
21180,1737.6917247520628
21181,1737.6917247520628
21182,1737.6917247520628
21183,1737.6917247520628
21184,1737.6917247520628
21185,1737.6917247520628
21186,1737.6917247520628
21187,1737.6917247520628
21188,1737.6917247520628
21189,1737.6917247520628
21190,1737.6917247520628
21191,1737.6917247520628
21192,1737.6917247520628
21193,1737.6917247520628
21194,1737.6917247520628
21195,1737.6917247520628
21196,1737.6917247520628
21197,1737.6917247520628
21198,1737.6917247520628
21199,1737.6917247520628
21200,1737.6917247520628
21201,1737.6917247520628
21202,1737.6917247520628
21203,1737.6917247520628
21204,1737.6917247520628
21205,1737.6917247520628
21206,1737.6917247520628
21207,1737.6917247520628
21208,1737.6917247520628
21209,1737.6917247520628
21210,1737.6917247520628
21211,1737.6917247520628
21212,1737.6917247520628
21213,1737.6917247520628
21214,1737.6917247520628
21215,1737.6917247520628
21216,1737.6917247520628
21217,1737.6917247520628
21218,1737.6917247520628
21219,1737.6917247520628
21220,1737.6917247520628
21221,1737.6917247520628
21222,1737.6917247520628
21223,1737.6917247520628
21224,1737.6917247520628
21225,1737.6917247520628
21226,1737.6917247520628
21227,1737.6917247520628
21228,1737.6917247520628
21229,1737.6917247520628
21230,1737.6917247520628
21231,1737.6917247520628
21232,1737.6917247520628
21233,1737.6917247520628
21234,1737.6917247520628
21235,1737.6917247520628
21236,1737.6917247520628
21237,1737.6917247520628
21238,1737.6917247520628
21239,1737.6917247520628
21240,1737.6917247520628
21241,1737.6917247520628
21242,1737.6917247520628
21243,1737.6917247520628
21244,1737.6917247520628
21245,1737.6917247520628
21246,1737.6917247520628
21247,1737.6917247520628
21248,1737.6917247520628
21249,1737.6917247520628
21250,1737.6917247520628
21251,1737.6917247520628
21252,1737.6917247520628
21253,1737.6917247520628
21254,1737.6917247520628
21255,1737.6917247520628
21256,1737.6917247520628
21257,1737.6917247520628
21258,1737.6917247520628
21259,1737.6917247520628
21260,1737.6917247520628
21261,1737.6917247520628
21262,1737.6917247520628
21263,1737.6917247520628
21264,1737.6917247520628
21265,1737.6917247520628
21266,1737.6917247520628
21267,1737.6917247520628
21268,1737.6917247520628
21269,1737.6917247520628
21270,1737.6917247520628
21271,1737.6917247520628
21272,1737.6917247520628
21273,1737.6917247520628
21274,1737.6917247520628
21275,1737.6917247520628
21276,1737.6917247520628
21277,1737.6917247520628
21278,1737.6917247520628
21279,1737.6917247520628
21280,1737.6917247520628
21281,1737.6917247520628
21282,1737.6917247520628
21283,1737.6917247520628
21284,1737.6917247520628
21285,1737.6917247520628
21286,1737.6917247520628
21287,1737.6917247520628
21288,1737.6917247520628
21289,1737.6917247520628
21290,1737.6917247520628
21291,1737.6917247520628
21292,1737.6917247520628
21293,1737.6917247520628
21294,1737.6917247520628
21295,1737.6917247520628
21296,1737.6917247520628
21297,1737.6917247520628
21298,1737.6917247520628
21299,1737.6917247520628
21300,1737.6917247520628
21301,1737.6917247520628
21302,1737.6917247520628
21303,1737.6917247520628
21304,1737.6917247520628
21305,1737.6917247520628
21306,1737.6917247520628
21307,1737.6917247520628
21308,1737.6917247520628
21309,1737.6917247520628
21310,1737.6917247520628
21311,1737.6917247520628
21312,1737.6917247520628
21313,1737.6917247520628
21314,1737.6917247520628
21315,1737.6917247520628
21316,1737.6917247520628
21317,1737.6917247520628
21318,1737.6917247520628
21319,1737.6917247520628
21320,1737.6917247520628
21321,1737.6917247520628
21322,1737.6917247520628
21323,1737.6917247520628
21324,1737.6917247520628
21325,1737.6917247520628
21326,1737.6917247520628
21327,1737.6917247520628
21328,1737.6917247520628
21329,1737.6917247520628
21330,1737.6917247520628
21331,1737.6917247520628
21332,1737.6917247520628
21333,1737.6917247520628
21334,1737.6917247520628
21335,1737.6917247520628
21336,1737.6917247520628
21337,1737.6917247520628
21338,1737.6917247520628
21339,1737.6917247520628
21340,1737.6917247520628
21341,1737.6917247520628
21342,1737.6917247520628
21343,1737.6917247520628
21344,1737.6917247520628
21345,1737.6917247520628
21346,1737.6917247520628
21347,1737.6917247520628
21348,1737.6917247520628
21349,1737.6917247520628
21350,1737.6917247520628
21351,1737.6917247520628
21352,1737.6917247520628
21353,1737.6917247520628
21354,1737.6917247520628
21355,1737.6917247520628
21356,1737.6917247520628
21357,1737.6917247520628
21358,1737.6917247520628
21359,1737.6917247520628
21360,1737.6917247520628
21361,1737.6917247520628
21362,1737.6917247520628
21363,1737.6917247520628
21364,1737.6917247520628
21365,1737.6917247520628
21366,1737.6917247520628
21367,1737.6917247520628
21368,1737.6917247520628
21369,1737.6917247520628
21370,1737.6917247520628
21371,1737.6917247520628
21372,1737.6917247520628
21373,1737.6917247520628
21374,1737.6917247520628
21375,1737.6917247520628
21376,1737.6917247520628
21377,1737.6917247520628
21378,1737.6917247520628
21379,1737.6917247520628
21380,1737.6917247520628
21381,1737.6917247520628
21382,1737.6917247520628
21383,1737.6917247520628
21384,1737.6917247520628
21385,1737.6917247520628
21386,1737.6917247520628
21387,1737.6917247520628
21388,1737.6917247520628
21389,1737.6917247520628
21390,1737.6917247520628
21391,1737.6917247520628
21392,1737.6917247520628
21393,1737.6917247520628
21394,1737.6917247520628
21395,1737.6917247520628
21396,1737.6917247520628
21397,1737.6917247520628
21398,1737.6917247520628
21399,1737.6917247520628
21400,1737.6917247520628
21401,1737.6917247520628
21402,1737.6917247520628
21403,1737.6917247520628
21404,1737.6917247520628
21405,1737.6917247520628
21406,1737.6917247520628
21407,1737.6917247520628
21408,1737.6917247520628
21409,1737.6917247520628
21410,1737.6917247520628
21411,1737.6917247520628
21412,1737.6917247520628
21413,1737.6917247520628
21414,1737.6917247520628
21415,1737.6917247520628
21416,1737.6917247520628
21417,1737.6917247520628
21418,1737.6917247520628
21419,1737.6917247520628
21420,1737.6917247520628
21421,1737.6917247520628
21422,1737.6917247520628
21423,1737.6917247520628
21424,1737.6917247520628
21425,1737.6917247520628
21426,1737.6917247520628
21427,1737.6917247520628
21428,1737.6917247520628
21429,1737.6917247520628
21430,1737.6917247520628
21431,1737.6917247520628
21432,1737.6917247520628
21433,1737.6917247520628
21434,1737.6917247520628
21435,1737.6917247520628
21436,1737.6917247520628
21437,1737.6917247520628
21438,1737.6917247520628
21439,1737.6917247520628
21440,1737.6917247520628
21441,1737.6917247520628
21442,1737.6917247520628
21443,1737.6917247520628
21444,1737.6917247520628
21445,1737.6917247520628
21446,1737.6917247520628
21447,1737.6917247520628
21448,1737.6917247520628
21449,1737.6917247520628
21450,1737.6917247520628
21451,1737.6917247520628
21452,1737.6917247520628
21453,1737.6917247520628
21454,1737.6917247520628
21455,1737.6917247520628
21456,1737.6917247520628
21457,1737.6917247520628
21458,1737.6917247520628
21459,1737.6917247520628
21460,1737.6917247520628
21461,1737.6917247520628
21462,1737.6917247520628
21463,1737.6917247520628
21464,1737.6917247520628
21465,1737.6917247520628
21466,1737.6917247520628
21467,1737.6917247520628
21468,1737.6917247520628
21469,1737.6917247520628
21470,1737.6917247520628
21471,1737.6917247520628
21472,1737.6917247520628
21473,1737.6917247520628
21474,1737.6917247520628
21475,1737.6917247520628
21476,1737.6917247520628
21477,1737.6917247520628
21478,1737.6917247520628
21479,1737.6917247520628
21480,1737.6917247520628
21481,1737.6917247520628
21482,1737.6917247520628
21483,1737.6917247520628
21484,1737.6917247520628
21485,1737.6917247520628
21486,1737.6917247520628
21487,1737.6917247520628
21488,1737.6917247520628
21489,1737.6917247520628
21490,1737.6917247520628
21491,1737.6917247520628
21492,1737.6917247520628
21493,1737.6917247520628
21494,1737.6917247520628
21495,1737.6917247520628
21496,1737.6917247520628
21497,1737.6917247520628
21498,1737.6917247520628
21499,1737.6917247520628
21500,1737.6917247520628
21501,1737.6917247520628
21502,1737.6917247520628
21503,1737.6917247520628
21504,1737.6917247520628
21505,1737.6917247520628
21506,1737.6917247520628
21507,1737.6917247520628
21508,1737.6917247520628
21509,1737.6917247520628
21510,1737.6917247520628
21511,1737.6917247520628
21512,1737.6917247520628
21513,1737.6917247520628
21514,1737.6917247520628
21515,1737.6917247520628
21516,1737.6917247520628
21517,1737.6917247520628
21518,1737.6917247520628
21519,1737.6917247520628
21520,1737.6917247520628
21521,1737.6917247520628
21522,1737.6917247520628
21523,1737.6917247520628
21524,1737.6917247520628
21525,1737.6917247520628
21526,1737.6917247520628
21527,1737.6917247520628
21528,1737.6917247520628
21529,1737.6917247520628
21530,1737.6917247520628
21531,1737.6917247520628
21532,1737.6917247520628
21533,1737.6917247520628
21534,1737.6917247520628
21535,1737.6917247520628
21536,1737.6917247520628
21537,1737.6917247520628
21538,1737.6917247520628
21539,1737.6917247520628
21540,1737.6917247520628
21541,1737.6917247520628
21542,1737.6917247520628
21543,1737.6917247520628
21544,1737.6917247520628
21545,1737.6917247520628
21546,1737.6917247520628
21547,1737.6917247520628
21548,1737.6917247520628
21549,1737.6917247520628
21550,1737.6917247520628
21551,1737.6917247520628
21552,1737.6917247520628
21553,1737.6917247520628
21554,1737.6917247520628
21555,1737.6917247520628
21556,1737.6917247520628
21557,1737.6917247520628
21558,1737.6917247520628
21559,1737.6917247520628
21560,1737.6917247520628
21561,1737.6917247520628
21562,1737.6917247520628
21563,1737.6917247520628
21564,1737.6917247520628
21565,1737.6917247520628
21566,1737.6917247520628
21567,1737.6917247520628
21568,1737.6917247520628
21569,1737.6917247520628
21570,1737.6917247520628
21571,1737.6917247520628
21572,1737.6917247520628
21573,1737.6917247520628
21574,1737.6917247520628
21575,1737.6917247520628
21576,1737.6917247520628
21577,1737.6917247520628
21578,1737.6917247520628
21579,1737.6917247520628
21580,1737.6917247520628
21581,1737.6917247520628
21582,1737.6917247520628
21583,1737.6917247520628
21584,1737.6917247520628
21585,1737.6917247520628
21586,1737.6917247520628
21587,1737.6917247520628
21588,1737.6917247520628
21589,1737.6917247520628
21590,1737.6917247520628
21591,1737.6917247520628
21592,1737.6917247520628
21593,1737.6917247520628
21594,1737.6917247520628
21595,1737.6917247520628
21596,1737.6917247520628
21597,1737.6917247520628
21598,1737.6917247520628
21599,1737.6917247520628
21600,1737.6917247520628
21601,1737.6917247520628
21602,1737.6917247520628
21603,1737.6917247520628
21604,1737.6917247520628
21605,1737.6917247520628
21606,1737.6917247520628
21607,1737.6917247520628
21608,1737.6917247520628
21609,1737.6917247520628
21610,1737.6917247520628
21611,1737.6917247520628
21612,1737.6917247520628
21613,1737.6917247520628
21614,1737.6917247520628
21615,1737.6917247520628
21616,1737.6917247520628
21617,1737.6917247520628
21618,1737.6917247520628
21619,1737.6917247520628
21620,1737.6917247520628
21621,1737.6917247520628
21622,1737.6917247520628
21623,1737.6917247520628
21624,1737.6917247520628
21625,1737.6917247520628
21626,1737.6917247520628
21627,1737.6917247520628
21628,1737.6917247520628
21629,1737.6917247520628
21630,1737.6917247520628
21631,1737.6917247520628
21632,1737.6917247520628
21633,1737.6917247520628
21634,1737.6917247520628
21635,1737.6917247520628
21636,1737.6917247520628
21637,1737.6917247520628
21638,1737.6917247520628
21639,1737.6917247520628
21640,1737.6917247520628
21641,1737.6917247520628
21642,1737.6917247520628
21643,1737.6917247520628
21644,1737.6917247520628
21645,1737.6917247520628
21646,1737.6917247520628
21647,1737.6917247520628
21648,1737.6917247520628
21649,1737.6917247520628
21650,1737.6917247520628
21651,1737.6917247520628
21652,1737.6917247520628
21653,1737.6917247520628
21654,1737.6917247520628
21655,1737.6917247520628
21656,1737.6917247520628
21657,1737.6917247520628
21658,1737.6917247520628
21659,1737.6917247520628
21660,1737.6917247520628
21661,1737.6917247520628
21662,1737.6917247520628
21663,1737.6917247520628
21664,1737.6917247520628
21665,1737.6917247520628
21666,1737.6917247520628
21667,1737.6917247520628
21668,1737.6917247520628
21669,1737.6917247520628
21670,1737.6917247520628
21671,1737.6917247520628
21672,1737.6917247520628
21673,1737.6917247520628
21674,1737.6917247520628
21675,1737.6917247520628
21676,1737.6917247520628
21677,1737.6917247520628
21678,1737.6917247520628
21679,1737.6917247520628
21680,1737.6917247520628
21681,1737.6917247520628
21682,1737.6917247520628
21683,1737.6917247520628
21684,1737.6917247520628
21685,1737.6917247520628
21686,1737.6917247520628
21687,1737.6917247520628
21688,1737.6917247520628
21689,1737.6917247520628
21690,1737.6917247520628
21691,1737.6917247520628
21692,1737.6917247520628
21693,1737.6917247520628
21694,1737.6917247520628
21695,1737.6917247520628
21696,1737.6917247520628
21697,1737.6917247520628
21698,1737.6917247520628
21699,1737.6917247520628
21700,1737.6917247520628
21701,1737.6917247520628
21702,1737.6917247520628
21703,1737.6917247520628
21704,1737.6917247520628
21705,1737.6917247520628
21706,1737.6917247520628
21707,1737.6917247520628
21708,1737.6917247520628
21709,1737.6917247520628
21710,1737.6917247520628
21711,1737.6917247520628
21712,1737.6917247520628
21713,1737.6917247520628
21714,1737.6917247520628
21715,1737.6917247520628
21716,1737.6917247520628
21717,1737.6917247520628
21718,1737.6917247520628
21719,1737.6917247520628
21720,1737.6917247520628
21721,1737.6917247520628
21722,1737.6917247520628
21723,1737.6917247520628
21724,1737.6917247520628
21725,1737.6917247520628
21726,1737.6917247520628
21727,1737.6917247520628
21728,1737.6917247520628
21729,1737.6917247520628
21730,1737.6917247520628
21731,1737.6917247520628
21732,1737.6917247520628
21733,1737.6917247520628
21734,1737.6917247520628
21735,1737.6917247520628
21736,1737.6917247520628
21737,1737.6917247520628
21738,1737.6917247520628
21739,1737.6917247520628
21740,1737.6917247520628
21741,1737.6917247520628
21742,1737.6917247520628
21743,1737.6917247520628
21744,1737.6917247520628
21745,1737.6917247520628
21746,1737.6917247520628
21747,1737.6917247520628
21748,1737.6917247520628
21749,1737.6917247520628
21750,1737.6917247520628
21751,1737.6917247520628
21752,1737.6917247520628
21753,1737.6917247520628
21754,1737.6917247520628
21755,1737.6917247520628
21756,1737.6917247520628
21757,1737.6917247520628
21758,1737.6917247520628
21759,1737.6917247520628
21760,1737.6917247520628
21761,1737.6917247520628
21762,1737.6917247520628
21763,1737.6917247520628
21764,1737.6917247520628
21765,1737.6917247520628
21766,1737.6917247520628
21767,1737.6917247520628
21768,1737.6917247520628
21769,1737.6917247520628
21770,1737.6917247520628
21771,1737.6917247520628
21772,1737.6917247520628
21773,1737.6917247520628
21774,1737.6917247520628
21775,1737.6917247520628
21776,1737.6917247520628
21777,1737.6917247520628
21778,1737.6917247520628
21779,1737.6917247520628
21780,1737.6917247520628
21781,1737.6917247520628
21782,1737.6917247520628
21783,1737.6917247520628
21784,1737.6917247520628
21785,1737.6917247520628
21786,1737.6917247520628
21787,1737.6917247520628
21788,1737.6917247520628
21789,1737.6917247520628
21790,1737.6917247520628
21791,1737.6917247520628
21792,1737.6917247520628
21793,1737.6917247520628
21794,1737.6917247520628
21795,1737.6917247520628
21796,1737.6917247520628
21797,1737.6917247520628
21798,1737.6917247520628
21799,1737.6917247520628
21800,1737.6917247520628
21801,1737.6917247520628
21802,1737.6917247520628
21803,1737.6917247520628
21804,1737.6917247520628
21805,1737.6917247520628
21806,1737.6917247520628
21807,1737.6917247520628
21808,1737.6917247520628
21809,1737.6917247520628
21810,1737.6917247520628
21811,1737.6917247520628
21812,1737.6917247520628
21813,1737.6917247520628
21814,1737.6917247520628
21815,1737.6917247520628
21816,1737.6917247520628
21817,1737.6917247520628
21818,1737.6917247520628
21819,1737.6917247520628
21820,1737.6917247520628
21821,1737.6917247520628
21822,1737.6917247520628
21823,1737.6917247520628
21824,1737.6917247520628
21825,1737.6917247520628
21826,1737.6917247520628
21827,1737.6917247520628
21828,1737.6917247520628
21829,1737.6917247520628
21830,1737.6917247520628
21831,1737.6917247520628
21832,1737.6917247520628
21833,1737.6917247520628
21834,1737.6917247520628
21835,1737.6917247520628
21836,1737.6917247520628
21837,1737.6917247520628
21838,1737.6917247520628
21839,1737.6917247520628
21840,1737.6917247520628
21841,1737.6917247520628
21842,1737.6917247520628
21843,1737.6917247520628
21844,1737.6917247520628
21845,1737.6917247520628
21846,1737.6917247520628
21847,1737.6917247520628
21848,1737.6917247520628
21849,1737.6917247520628
21850,1737.6917247520628
21851,1737.6917247520628
21852,1737.6917247520628
21853,1737.6917247520628
21854,1737.6917247520628
21855,1737.6917247520628
21856,1737.6917247520628
21857,1737.6917247520628
21858,1737.6917247520628
21859,1737.6917247520628
21860,1737.6917247520628
21861,1737.6917247520628
21862,1737.6917247520628
21863,1737.6917247520628
21864,1737.6917247520628
21865,1737.6917247520628
21866,1737.6917247520628
21867,1737.6917247520628
21868,1737.6917247520628
21869,1737.6917247520628
21870,1737.6917247520628
21871,1737.6917247520628
21872,1737.6917247520628
21873,1737.6917247520628
21874,1737.6917247520628
21875,1737.6917247520628
21876,1737.6917247520628
21877,1737.6917247520628
21878,1737.6917247520628
21879,1737.6917247520628
21880,1737.6917247520628
21881,1737.6917247520628
21882,1737.6917247520628
21883,1737.6917247520628
21884,1737.6917247520628
21885,1737.6917247520628
21886,1737.6917247520628
21887,1737.6917247520628
21888,1737.6917247520628
21889,1737.6917247520628
21890,1737.6917247520628
21891,1737.6917247520628
21892,1737.6917247520628
21893,1737.6917247520628
21894,1737.6917247520628
21895,1737.6917247520628
21896,1737.6917247520628
21897,1737.6917247520628
21898,1737.6917247520628
21899,1737.6917247520628
21900,1737.6917247520628
21901,1737.6917247520628
21902,1737.6917247520628
21903,1737.6917247520628
21904,1737.6917247520628
21905,1737.6917247520628
21906,1737.6917247520628
21907,1737.6917247520628
21908,1737.6917247520628
21909,1737.6917247520628
21910,1737.6917247520628
21911,1737.6917247520628
21912,1737.6917247520628
21913,1737.6917247520628
21914,1737.6917247520628
21915,1737.6917247520628
21916,1737.6917247520628
21917,1737.6917247520628
21918,1737.6917247520628
21919,1737.6917247520628
21920,1737.6917247520628
21921,1737.6917247520628
21922,1737.6917247520628
21923,1737.6917247520628
21924,1737.6917247520628
21925,1737.6917247520628
21926,1737.6917247520628
21927,1737.6917247520628
21928,1737.6917247520628
21929,1737.6917247520628
21930,1737.6917247520628
21931,1737.6917247520628
21932,1737.6917247520628
21933,1737.6917247520628
21934,1737.6917247520628
21935,1737.6917247520628
21936,1737.6917247520628
21937,1737.6917247520628
21938,1737.6917247520628
21939,1737.6917247520628
21940,1737.6917247520628
21941,1737.6917247520628
21942,1737.6917247520628
21943,1737.6917247520628
21944,1737.6917247520628
21945,1737.6917247520628
21946,1737.6917247520628
21947,1737.6917247520628
21948,1737.6917247520628
21949,1737.6917247520628
21950,1737.6917247520628
21951,1737.6917247520628
21952,1737.6917247520628
21953,1737.6917247520628
21954,1737.6917247520628
21955,1737.6917247520628
21956,1737.6917247520628
21957,1737.6917247520628
21958,1737.6917247520628
21959,1737.6917247520628
21960,1737.6917247520628
21961,1737.6917247520628
21962,1737.6917247520628
21963,1737.6917247520628
21964,1737.6917247520628
21965,1737.6917247520628
21966,1737.6917247520628
21967,1737.6917247520628
21968,1737.6917247520628
21969,1737.6917247520628
21970,1737.6917247520628
21971,1737.6917247520628
21972,1737.6917247520628
21973,1737.6917247520628
21974,1737.6917247520628
21975,1737.6917247520628
21976,1737.6917247520628
21977,1737.6917247520628
21978,1737.6917247520628
21979,1737.6917247520628
21980,1737.6917247520628
21981,1737.6917247520628
21982,1737.6917247520628
21983,1737.6917247520628
21984,1737.6917247520628
21985,1737.6917247520628
21986,1737.6917247520628
21987,1737.6917247520628
21988,1737.6917247520628
21989,1737.6917247520628
21990,1737.6917247520628
21991,1737.6917247520628
21992,1737.6917247520628
21993,1737.6917247520628
21994,1737.6917247520628
21995,1737.6917247520628
21996,1737.6917247520628
21997,1737.6917247520628
21998,1737.6917247520628
21999,1737.6917247520628
22000,1737.6917247520628
22001,1737.6917247520628
22002,1737.6917247520628
22003,1737.6917247520628
22004,1737.6917247520628
22005,1737.6917247520628
22006,1737.6917247520628
22007,1737.6917247520628
22008,1737.6917247520628
22009,1737.6917247520628
22010,1737.6917247520628
22011,1737.6917247520628
22012,1737.6917247520628
22013,1737.6917247520628
22014,1737.6917247520628
22015,1737.6917247520628
22016,1737.6917247520628
22017,1737.6917247520628
22018,1737.6917247520628
22019,1737.6917247520628
22020,1737.6917247520628
22021,1737.6917247520628
22022,1737.6917247520628
22023,1737.6917247520628
22024,1737.6917247520628
22025,1737.6917247520628
22026,1737.6917247520628
22027,1737.6917247520628
22028,1737.6917247520628
22029,1737.6917247520628
22030,1737.6917247520628
22031,1737.6917247520628
22032,1737.6917247520628
22033,1737.6917247520628
22034,1737.6917247520628
22035,1737.6917247520628
22036,1737.6917247520628
22037,1737.6917247520628
22038,1737.6917247520628
22039,1737.6917247520628
22040,1737.6917247520628
22041,1737.6917247520628
22042,1737.6917247520628
22043,1737.6917247520628
22044,1737.6917247520628
22045,1737.6917247520628
22046,1737.6917247520628
22047,1737.6917247520628
22048,1737.6917247520628
22049,1737.6917247520628
22050,1737.6917247520628
22051,1737.6917247520628
22052,1737.6917247520628
22053,1737.6917247520628
22054,1737.6917247520628
22055,1737.6917247520628
22056,1737.6917247520628
22057,1737.6917247520628
22058,1737.6917247520628
22059,1737.6917247520628
22060,1737.6917247520628
22061,1737.6917247520628
22062,1737.6917247520628
22063,1737.6917247520628
22064,1737.6917247520628
22065,1737.6917247520628
22066,1737.6917247520628
22067,1737.6917247520628
22068,1737.6917247520628
22069,1737.6917247520628
22070,1737.6917247520628
22071,1737.6917247520628
22072,1737.6917247520628
22073,1737.6917247520628
22074,1737.6917247520628
22075,1737.6917247520628
22076,1737.6917247520628
22077,1737.6917247520628
22078,1737.6917247520628
22079,1737.6917247520628
22080,1737.6917247520628
22081,1737.6917247520628
22082,1737.6917247520628
22083,1737.6917247520628
22084,1737.6917247520628
22085,1737.6917247520628
22086,1737.6917247520628
22087,1737.6917247520628
22088,1737.6917247520628
22089,1737.6917247520628
22090,1737.6917247520628
22091,1737.6917247520628
22092,1737.6917247520628
22093,1737.6917247520628
22094,1737.6917247520628
22095,1737.6917247520628
22096,1737.6917247520628
22097,1737.6917247520628
22098,1737.6917247520628
22099,1737.6917247520628
22100,1737.6917247520628
22101,1737.6917247520628
22102,1737.6917247520628
22103,1737.6917247520628
22104,1737.6917247520628
22105,1737.6917247520628
22106,1737.6917247520628
22107,1737.6917247520628
22108,1737.6917247520628
22109,1737.6917247520628
22110,1737.6917247520628
22111,1737.6917247520628
22112,1737.6917247520628
22113,1737.6917247520628
22114,1737.6917247520628
22115,1737.6917247520628
22116,1737.6917247520628
22117,1737.6917247520628
22118,1737.6917247520628
22119,1737.6917247520628
22120,1737.6917247520628
22121,1737.6917247520628
22122,1737.6917247520628
22123,1737.6917247520628
22124,1737.6917247520628
22125,1737.6917247520628
22126,1737.6917247520628
22127,1737.6917247520628
22128,1737.6917247520628
22129,1737.6917247520628
22130,1737.6917247520628
22131,1737.6917247520628
22132,1737.6917247520628
22133,1737.6917247520628
22134,1737.6917247520628
22135,1737.6917247520628
22136,1737.6917247520628
22137,1737.6917247520628
22138,1737.6917247520628
22139,1737.6917247520628
22140,1737.6917247520628
22141,1737.6917247520628
22142,1737.6917247520628
22143,1737.6917247520628
22144,1737.6917247520628
22145,1737.6917247520628
22146,1737.6917247520628
22147,1737.6917247520628
22148,1737.6917247520628
22149,1737.6917247520628
22150,1737.6917247520628
22151,1737.6917247520628
22152,1737.6917247520628
22153,1737.6917247520628
22154,1737.6917247520628
22155,1737.6917247520628
22156,1737.6917247520628
22157,1737.6917247520628
22158,1737.6917247520628
22159,1737.6917247520628
22160,1737.6917247520628
22161,1737.6917247520628
22162,1737.6917247520628
22163,1737.6917247520628
22164,1737.6917247520628
22165,1737.6917247520628
22166,1737.6917247520628
22167,1737.6917247520628
22168,1737.6917247520628
22169,1737.6917247520628
22170,1737.6917247520628
22171,1737.6917247520628
22172,1737.6917247520628
22173,1737.6917247520628
22174,1737.6917247520628
22175,1737.6917247520628
22176,1737.6917247520628
22177,1737.6917247520628
22178,1737.6917247520628
22179,1737.6917247520628
22180,1737.6917247520628
22181,1737.6917247520628
22182,1737.6917247520628
22183,1737.6917247520628
22184,1737.6917247520628
22185,1737.6917247520628
22186,1737.6917247520628
22187,1737.6917247520628
22188,1737.6917247520628
22189,1737.6917247520628
22190,1737.6917247520628
22191,1737.6917247520628
22192,1737.6917247520628
22193,1737.6917247520628
22194,1737.6917247520628
22195,1737.6917247520628
22196,1737.6917247520628
22197,1737.6917247520628
22198,1737.6917247520628
22199,1737.6917247520628
22200,1737.6917247520628
22201,1737.6917247520628
22202,1737.6917247520628
22203,1737.6917247520628
22204,1737.6917247520628
22205,1737.6917247520628
22206,1737.6917247520628
22207,1737.6917247520628
22208,1737.6917247520628
22209,1737.6917247520628
22210,1737.6917247520628
22211,1737.6917247520628
22212,1737.6917247520628
22213,1737.6917247520628
22214,1737.6917247520628
22215,1737.6917247520628
22216,1737.6917247520628
22217,1737.6917247520628
22218,1737.6917247520628
22219,1737.6917247520628
22220,1737.6917247520628
22221,1737.6917247520628
22222,1737.6917247520628
22223,1737.6917247520628
22224,1737.6917247520628
22225,1737.6917247520628
22226,1737.6917247520628
22227,1737.6917247520628
22228,1737.6917247520628
22229,1737.6917247520628
22230,1737.6917247520628
22231,1737.6917247520628
22232,1737.6917247520628
22233,1737.6917247520628
22234,1737.6917247520628
22235,1737.6917247520628
22236,1737.6917247520628
22237,1737.6917247520628
22238,1737.6917247520628
22239,1737.6917247520628
22240,1737.6917247520628
22241,1737.6917247520628
22242,1737.6917247520628
22243,1737.6917247520628
22244,1737.6917247520628
22245,1737.6917247520628
22246,1737.6917247520628
22247,1737.6917247520628
22248,1737.6917247520628
22249,1737.6917247520628
22250,1737.6917247520628
22251,1737.6917247520628
22252,1737.6917247520628
22253,1737.6917247520628
22254,1737.6917247520628
22255,1737.6917247520628
22256,1737.6917247520628
22257,1737.6917247520628
22258,1737.6917247520628
22259,1737.6917247520628
22260,1737.6917247520628
22261,1737.6917247520628
22262,1737.6917247520628
22263,1737.6917247520628
22264,1737.6917247520628
22265,1737.6917247520628
22266,1737.6917247520628
22267,1737.6917247520628
22268,1737.6917247520628
22269,1737.6917247520628
22270,1737.6917247520628
22271,1737.6917247520628
22272,1737.6917247520628
22273,1737.6917247520628
22274,1737.6917247520628
22275,1737.6917247520628
22276,1737.6917247520628
22277,1737.6917247520628
22278,1737.6917247520628
22279,1737.6917247520628
22280,1737.6917247520628
22281,1737.6917247520628
22282,1737.6917247520628
22283,1737.6917247520628
22284,1737.6917247520628
22285,1737.6917247520628
22286,1737.6917247520628
22287,1737.6917247520628
22288,1737.6917247520628
22289,1737.6917247520628
22290,1737.6917247520628
22291,1737.6917247520628
22292,1737.6917247520628
22293,1737.6917247520628
22294,1737.6917247520628
22295,1737.6917247520628
22296,1737.6917247520628
22297,1737.6917247520628
22298,1737.6917247520628
22299,1737.6917247520628
22300,1737.6917247520628
22301,1737.6917247520628
22302,1737.6917247520628
22303,1737.6917247520628
22304,1737.6917247520628
22305,1737.6917247520628
22306,1737.6917247520628
22307,1737.6917247520628
22308,1737.6917247520628
22309,1737.6917247520628
22310,1737.6917247520628
22311,1737.6917247520628
22312,1737.6917247520628
22313,1737.6917247520628
22314,1737.6917247520628
22315,1737.6917247520628
22316,1737.6917247520628
22317,1737.6917247520628
22318,1737.6917247520628
22319,1737.6917247520628
22320,1737.6917247520628
22321,1737.6917247520628
22322,1737.6917247520628
22323,1737.6917247520628
22324,1737.6917247520628
22325,1737.6917247520628
22326,1737.6917247520628
22327,1737.6917247520628
22328,1737.6917247520628
22329,1737.6917247520628
22330,1737.6917247520628
22331,1737.6917247520628
22332,1737.6917247520628
22333,1737.6917247520628
22334,1737.6917247520628
22335,1737.6917247520628
22336,1737.6917247520628
22337,1737.6917247520628
22338,1737.6917247520628
22339,1737.6917247520628
22340,1737.6917247520628
22341,1737.6917247520628
22342,1737.6917247520628
22343,1737.6917247520628
22344,1737.6917247520628
22345,1737.6917247520628
22346,1737.6917247520628
22347,1737.6917247520628
22348,1737.6917247520628
22349,1737.6917247520628
22350,1737.6917247520628
22351,1737.6917247520628
22352,1737.6917247520628
22353,1737.6917247520628
22354,1737.6917247520628
22355,1737.6917247520628
22356,1737.6917247520628
22357,1737.6917247520628
22358,1737.6917247520628
22359,1737.6917247520628
22360,1737.6917247520628
22361,1737.6917247520628
22362,1737.6917247520628
22363,1737.6917247520628
22364,1737.6917247520628
22365,1737.6917247520628
22366,1737.6917247520628
22367,1737.6917247520628
22368,1737.6917247520628
22369,1737.6917247520628
22370,1737.6917247520628
22371,1737.6917247520628
22372,1737.6917247520628
22373,1737.6917247520628
22374,1737.6917247520628
22375,1737.6917247520628
22376,1737.6917247520628
22377,1737.6917247520628
22378,1737.6917247520628
22379,1737.6917247520628
22380,1737.6917247520628
22381,1737.6917247520628
22382,1737.6917247520628
22383,1737.6917247520628
22384,1737.6917247520628
22385,1737.6917247520628
22386,1737.6917247520628
22387,1737.6917247520628
22388,1737.6917247520628
22389,1737.6917247520628
22390,1737.6917247520628
22391,1737.6917247520628
22392,1737.6917247520628
22393,1737.6917247520628
22394,1737.6917247520628
22395,1737.6917247520628
22396,1737.6917247520628
22397,1737.6917247520628
22398,1737.6917247520628
22399,1737.6917247520628
22400,1737.6917247520628
22401,1737.6917247520628
22402,1737.6917247520628
22403,1737.6917247520628
22404,1737.6917247520628
22405,1737.6917247520628
22406,1737.6917247520628
22407,1737.6917247520628
22408,1737.6917247520628
22409,1737.6917247520628
22410,1737.6917247520628
22411,1737.6917247520628
22412,1737.6917247520628
22413,1737.6917247520628
22414,1737.6917247520628
22415,1737.6917247520628
22416,1737.6917247520628
22417,1737.6917247520628
22418,1737.6917247520628
22419,1737.6917247520628
22420,1737.6917247520628
22421,1737.6917247520628
22422,1737.6917247520628
22423,1737.6917247520628
22424,1737.6917247520628
22425,1737.6917247520628
22426,1737.6917247520628
22427,1737.6917247520628
22428,1737.6917247520628
22429,1737.6917247520628
22430,1737.6917247520628
22431,1737.6917247520628
22432,1737.6917247520628
22433,1737.6917247520628
22434,1737.6917247520628
22435,1737.6917247520628
22436,1737.6917247520628
22437,1737.6917247520628
22438,1737.6917247520628
22439,1737.6917247520628
22440,1737.6917247520628
22441,1737.6917247520628
22442,1737.6917247520628
22443,1737.6917247520628
22444,1737.6917247520628
22445,1737.6917247520628
22446,1737.6917247520628
22447,1737.6917247520628
22448,1737.6917247520628
22449,1737.6917247520628
22450,1737.6917247520628
22451,1737.6917247520628
22452,1737.6917247520628
22453,1737.6917247520628
22454,1737.6917247520628
22455,1737.6917247520628
22456,1737.6917247520628
22457,1737.6917247520628
22458,1737.6917247520628
22459,1737.6917247520628
22460,1737.6917247520628
22461,1737.6917247520628
22462,1737.6917247520628
22463,1737.6917247520628
22464,1737.6917247520628
22465,1737.6917247520628
22466,1737.6917247520628
22467,1737.6917247520628
22468,1737.6917247520628
22469,1737.6917247520628
22470,1737.6917247520628
22471,1737.6917247520628
22472,1737.6917247520628
22473,1737.6917247520628
22474,1737.6917247520628
22475,1737.6917247520628
22476,1737.6917247520628
22477,1737.6917247520628
22478,1737.6917247520628
22479,1737.6917247520628
22480,1737.6917247520628
22481,1737.6917247520628
22482,1737.6917247520628
22483,1737.6917247520628
22484,1737.6917247520628
22485,1737.6917247520628
22486,1737.6917247520628
22487,1737.6917247520628
22488,1737.6917247520628
22489,1737.6917247520628
22490,1737.6917247520628
22491,1737.6917247520628
22492,1737.6917247520628
22493,1737.6917247520628
22494,1737.6917247520628
22495,1737.6917247520628
22496,1737.6917247520628
22497,1737.6917247520628
22498,1737.6917247520628
22499,1737.6917247520628
22500,1737.6917247520628
22501,1737.6917247520628
22502,1737.6917247520628
22503,1737.6917247520628
22504,1737.6917247520628
22505,1737.6917247520628
22506,1737.6917247520628
22507,1737.6917247520628
22508,1737.6917247520628
22509,1737.6917247520628
22510,1737.6917247520628
22511,1737.6917247520628
22512,1737.6917247520628
22513,1737.6917247520628
22514,1737.6917247520628
22515,1737.6917247520628
22516,1737.6917247520628
22517,1737.6917247520628
22518,1737.6917247520628
22519,1737.6917247520628
22520,1737.6917247520628
22521,1737.6917247520628
22522,1737.6917247520628
22523,1737.6917247520628
22524,1737.6917247520628
22525,1737.6917247520628
22526,1737.6917247520628
22527,1737.6917247520628
22528,1737.6917247520628
22529,1737.6917247520628
22530,1737.6917247520628
22531,1737.6917247520628
22532,1737.6917247520628
22533,1737.6917247520628
22534,1737.6917247520628
22535,1737.6917247520628
22536,1737.6917247520628
22537,1737.6917247520628
22538,1737.6917247520628
22539,1737.6917247520628
22540,1737.6917247520628
22541,1737.6917247520628
22542,1737.6917247520628
22543,1737.6917247520628
22544,1737.6917247520628
22545,1737.6917247520628
22546,1737.6917247520628
22547,1737.6917247520628
22548,1737.6917247520628
22549,1737.6917247520628
22550,1737.6917247520628
22551,1737.6917247520628
22552,1737.6917247520628
22553,1737.6917247520628
22554,1737.6917247520628
22555,1737.6917247520628
22556,1737.6917247520628
22557,1737.6917247520628
22558,1737.6917247520628
22559,1737.6917247520628
22560,1737.6917247520628
22561,1737.6917247520628
22562,1737.6917247520628
22563,1737.6917247520628
22564,1737.6917247520628
22565,1737.6917247520628
22566,1737.6917247520628
22567,1737.6917247520628
22568,1737.6917247520628
22569,1737.6917247520628
22570,1737.6917247520628
22571,1737.6917247520628
22572,1737.6917247520628
22573,1737.6917247520628
22574,1737.6917247520628
22575,1737.6917247520628
22576,1737.6917247520628
22577,1737.6917247520628
22578,1737.6917247520628
22579,1737.6917247520628
22580,1737.6917247520628
22581,1737.6917247520628
22582,1737.6917247520628
22583,1737.6917247520628
22584,1737.6917247520628
22585,1737.6917247520628
22586,1737.6917247520628
22587,1737.6917247520628
22588,1737.6917247520628
22589,1737.6917247520628
22590,1737.6917247520628
22591,1737.6917247520628
22592,1737.6917247520628
22593,1737.6917247520628
22594,1737.6917247520628
22595,1737.6917247520628
22596,1737.6917247520628
22597,1737.6917247520628
22598,1737.6917247520628
22599,1737.6917247520628
22600,1737.6917247520628
22601,1737.6917247520628
22602,1737.6917247520628
22603,1737.6917247520628
22604,1737.6917247520628
22605,1737.6917247520628
22606,1737.6917247520628
22607,1737.6917247520628
22608,1737.6917247520628
22609,1737.6917247520628
22610,1737.6917247520628
22611,1737.6917247520628
22612,1737.6917247520628
22613,1737.6917247520628
22614,1737.6917247520628
22615,1737.6917247520628
22616,1737.6917247520628
22617,1737.6917247520628
22618,1737.6917247520628
22619,1737.6917247520628
22620,1737.6917247520628
22621,1737.6917247520628
22622,1737.6917247520628
22623,1737.6917247520628
22624,1737.6917247520628
22625,1737.6917247520628
22626,1737.6917247520628
22627,1737.6917247520628
22628,1737.6917247520628
22629,1737.6917247520628
22630,1737.6917247520628
22631,1737.6917247520628
22632,1737.6917247520628
22633,1737.6917247520628
22634,1737.6917247520628
22635,1737.6917247520628
22636,1737.6917247520628
22637,1737.6917247520628
22638,1737.6917247520628
22639,1737.6917247520628
22640,1737.6917247520628
22641,1737.6917247520628
22642,1737.6917247520628
22643,1737.6917247520628
22644,1737.6917247520628
22645,1737.6917247520628
22646,1737.6917247520628
22647,1737.6917247520628
22648,1737.6917247520628
22649,1737.6917247520628
22650,1737.6917247520628
22651,1737.6917247520628
22652,1737.6917247520628
22653,1737.6917247520628
22654,1737.6917247520628
22655,1737.6917247520628
22656,1737.6917247520628
22657,1737.6917247520628
22658,1737.6917247520628
22659,1737.6917247520628
22660,1737.6917247520628
22661,1737.6917247520628
22662,1737.6917247520628
22663,1737.6917247520628
22664,1737.6917247520628
22665,1737.6917247520628
22666,1737.6917247520628
22667,1737.6917247520628
22668,1737.6917247520628
22669,1737.6917247520628
22670,1737.6917247520628
22671,1737.6917247520628
22672,1737.6917247520628
22673,1737.6917247520628
22674,1737.6917247520628
22675,1737.6917247520628
22676,1737.6917247520628
22677,1737.6917247520628
22678,1737.6917247520628
22679,1737.6917247520628
22680,1737.6917247520628
22681,1737.6917247520628
22682,1737.6917247520628
22683,1737.6917247520628
22684,1737.6917247520628
22685,1737.6917247520628
22686,1737.6917247520628
22687,1737.6917247520628
22688,1737.6917247520628
22689,1737.6917247520628
22690,1737.6917247520628
22691,1737.6917247520628
22692,1737.6917247520628
22693,1737.6917247520628
22694,1737.6917247520628
22695,1737.6917247520628
22696,1737.6917247520628
22697,1737.6917247520628
22698,1737.6917247520628
22699,1737.6917247520628
22700,1737.6917247520628
22701,1737.6917247520628
22702,1737.6917247520628
22703,1737.6917247520628
22704,1737.6917247520628
22705,1737.6917247520628
22706,1737.6917247520628
22707,1737.6917247520628
22708,1737.6917247520628
22709,1737.6917247520628
22710,1737.6917247520628
22711,1737.6917247520628
22712,1737.6917247520628
22713,1737.6917247520628
22714,1737.6917247520628
22715,1737.6917247520628
22716,1737.6917247520628
22717,1737.6917247520628
22718,1737.6917247520628
22719,1737.6917247520628
22720,1737.6917247520628
22721,1737.6917247520628
22722,1737.6917247520628
22723,1737.6917247520628
22724,1737.6917247520628
22725,1737.6917247520628
22726,1737.6917247520628
22727,1737.6917247520628
22728,1737.6917247520628
22729,1737.6917247520628
22730,1737.6917247520628
22731,1737.6917247520628
22732,1737.6917247520628
22733,1737.6917247520628
22734,1737.6917247520628
22735,1737.6917247520628
22736,1737.6917247520628
22737,1737.6917247520628
22738,1737.6917247520628
22739,1737.6917247520628
22740,1737.6917247520628
22741,1737.6917247520628
22742,1737.6917247520628
22743,1737.6917247520628
22744,1737.6917247520628
22745,1737.6917247520628
22746,1737.6917247520628
22747,1737.6917247520628
22748,1737.6917247520628
22749,1737.6917247520628
22750,1737.6917247520628
22751,1737.6917247520628
22752,1737.6917247520628
22753,1737.6917247520628
22754,1737.6917247520628
22755,1737.6917247520628
22756,1737.6917247520628
22757,1737.6917247520628
22758,1737.6917247520628
22759,1737.6917247520628
22760,1737.6917247520628
22761,1737.6917247520628
22762,1737.6917247520628
22763,1737.6917247520628
22764,1737.6917247520628
22765,1737.6917247520628
22766,1737.6917247520628
22767,1737.6917247520628
22768,1737.6917247520628
22769,1737.6917247520628
22770,1737.6917247520628
22771,1737.6917247520628
22772,1737.6917247520628
22773,1737.6917247520628
22774,1737.6917247520628
22775,1737.6917247520628
22776,1737.6917247520628
22777,1737.6917247520628
22778,1737.6917247520628
22779,1737.6917247520628
22780,1737.6917247520628
22781,1737.6917247520628
22782,1737.6917247520628
22783,1737.6917247520628
22784,1737.6917247520628
22785,1737.6917247520628
22786,1737.6917247520628
22787,1737.6917247520628
22788,1737.6917247520628
22789,1737.6917247520628
22790,1737.6917247520628
22791,1737.6917247520628
22792,1737.6917247520628
22793,1737.6917247520628
22794,1737.6917247520628
22795,1737.6917247520628
22796,1737.6917247520628
22797,1737.6917247520628
22798,1737.6917247520628
22799,1737.6917247520628
22800,1737.6917247520628
22801,1737.6917247520628
22802,1737.6917247520628
22803,1737.6917247520628
22804,1737.6917247520628
22805,1737.6917247520628
22806,1737.6917247520628
22807,1737.6917247520628
22808,1737.6917247520628
22809,1737.6917247520628
22810,1737.6917247520628
22811,1737.6917247520628
22812,1737.6917247520628
22813,1737.6917247520628
22814,1737.6917247520628
22815,1737.6917247520628
22816,1737.6917247520628
22817,1737.6917247520628
22818,1737.6917247520628
22819,1737.6917247520628
22820,1737.6917247520628
22821,1737.6917247520628
22822,1737.6917247520628
22823,1737.6917247520628
22824,1737.6917247520628
22825,1737.6917247520628
22826,1737.6917247520628
22827,1737.6917247520628
22828,1737.6917247520628
22829,1737.6917247520628
22830,1737.6917247520628
22831,1737.6917247520628
22832,1737.6917247520628
22833,1737.6917247520628
22834,1737.6917247520628
22835,1737.6917247520628
22836,1737.6917247520628
22837,1737.6917247520628
22838,1737.6917247520628
22839,1737.6917247520628
22840,1737.6917247520628
22841,1737.6917247520628
22842,1737.6917247520628
22843,1737.6917247520628
22844,1737.6917247520628
22845,1737.6917247520628
22846,1737.6917247520628
22847,1737.6917247520628
22848,1737.6917247520628
22849,1737.6917247520628
22850,1737.6917247520628
22851,1737.6917247520628
22852,1737.6917247520628
22853,1737.6917247520628
22854,1737.6917247520628
22855,1737.6917247520628
22856,1737.6917247520628
22857,1737.6917247520628
22858,1737.6917247520628
22859,1737.6917247520628
22860,1737.6917247520628
22861,1737.6917247520628
22862,1737.6917247520628
22863,1737.6917247520628
22864,1737.6917247520628
22865,1737.6917247520628
22866,1737.6917247520628
22867,1737.6917247520628
22868,1737.6917247520628
22869,1737.6917247520628
22870,1737.6917247520628
22871,1737.6917247520628
22872,1737.6917247520628
22873,1737.6917247520628
22874,1737.6917247520628
22875,1737.6917247520628
22876,1737.6917247520628
22877,1737.6917247520628
22878,1737.6917247520628
22879,1737.6917247520628
22880,1737.6917247520628
22881,1737.6917247520628
22882,1737.6917247520628
22883,1737.6917247520628
22884,1737.6917247520628
22885,1737.6917247520628
22886,1737.6917247520628
22887,1737.6917247520628
22888,1737.6917247520628
22889,1737.6917247520628
22890,1737.6917247520628
22891,1737.6917247520628
22892,1737.6917247520628
22893,1737.6917247520628
22894,1737.6917247520628
22895,1737.6917247520628
22896,1737.6917247520628
22897,1737.6917247520628
22898,1737.6917247520628
22899,1737.6917247520628
22900,1737.6917247520628
22901,1737.6917247520628
22902,1737.6917247520628
22903,1737.6917247520628
22904,1737.6917247520628
22905,1737.6917247520628
22906,1737.6917247520628
22907,1737.6917247520628
22908,1737.6917247520628
22909,1737.6917247520628
22910,1737.6917247520628
22911,1737.6917247520628
22912,1737.6917247520628
22913,1737.6917247520628
22914,1737.6917247520628
22915,1737.6917247520628
22916,1737.6917247520628
22917,1737.6917247520628
22918,1737.6917247520628
22919,1737.6917247520628
22920,1737.6917247520628
22921,1737.6917247520628
22922,1737.6917247520628
22923,1737.6917247520628
22924,1737.6917247520628
22925,1737.6917247520628
22926,1737.6917247520628
22927,1737.6917247520628
22928,1737.6917247520628
22929,1737.6917247520628
22930,1737.6917247520628
22931,1737.6917247520628
22932,1737.6917247520628
22933,1737.6917247520628
22934,1737.6917247520628
22935,1737.6917247520628
22936,1737.6917247520628
22937,1737.6917247520628
22938,1737.6917247520628
22939,1737.6917247520628
22940,1737.6917247520628
22941,1737.6917247520628
22942,1737.6917247520628
22943,1737.6917247520628
22944,1737.6917247520628
22945,1737.6917247520628
22946,1737.6917247520628
22947,1737.6917247520628
22948,1737.6917247520628
22949,1737.6917247520628
22950,1737.6917247520628
22951,1737.6917247520628
22952,1737.6917247520628
22953,1737.6917247520628
22954,1737.6917247520628
22955,1737.6917247520628
22956,1737.6917247520628
22957,1737.6917247520628
22958,1737.6917247520628
22959,1737.6917247520628
22960,1737.6917247520628
22961,1737.6917247520628
22962,1737.6917247520628
22963,1737.6917247520628
22964,1737.6917247520628
22965,1737.6917247520628
22966,1737.6917247520628
22967,1737.6917247520628
22968,1737.6917247520628
22969,1737.6917247520628
22970,1737.6917247520628
22971,1737.6917247520628
22972,1737.6917247520628
22973,1737.6917247520628
22974,1737.6917247520628
22975,1737.6917247520628
22976,1737.6917247520628
22977,1737.6917247520628
22978,1737.6917247520628
22979,1737.6917247520628
22980,1737.6917247520628
22981,1737.6917247520628
22982,1737.6917247520628
22983,1737.6917247520628
22984,1737.6917247520628
22985,1737.6917247520628
22986,1737.6917247520628
22987,1737.6917247520628
22988,1737.6917247520628
22989,1737.6917247520628
22990,1737.6917247520628
22991,1737.6917247520628
22992,1737.6917247520628
22993,1737.6917247520628
22994,1737.6917247520628
22995,1737.6917247520628
22996,1737.6917247520628
22997,1737.6917247520628
22998,1737.6917247520628
22999,1737.6917247520628
23000,1737.6917247520628
23001,1737.6917247520628
23002,1737.6917247520628
23003,1737.6917247520628
23004,1737.6917247520628
23005,1737.6917247520628
23006,1737.6917247520628
23007,1737.6917247520628
23008,1737.6917247520628
23009,1737.6917247520628
23010,1737.6917247520628
23011,1737.6917247520628
23012,1737.6917247520628
23013,1737.6917247520628
23014,1737.6917247520628
23015,1737.6917247520628
23016,1737.6917247520628
23017,1737.6917247520628
23018,1737.6917247520628
23019,1737.6917247520628
23020,1737.6917247520628
23021,1737.6917247520628
23022,1737.6917247520628
23023,1737.6917247520628
23024,1737.6917247520628
23025,1737.6917247520628
23026,1737.6917247520628
23027,1737.6917247520628
23028,1737.6917247520628
23029,1737.6917247520628
23030,1737.6917247520628
23031,1737.6917247520628
23032,1737.6917247520628
23033,1737.6917247520628
23034,1737.6917247520628
23035,1737.6917247520628
23036,1737.6917247520628
23037,1737.6917247520628
23038,1737.6917247520628
23039,1737.6917247520628
23040,1737.6917247520628
23041,1737.6917247520628
23042,1737.6917247520628
23043,1737.6917247520628
23044,1737.6917247520628
23045,1737.6917247520628
23046,1737.6917247520628
23047,1737.6917247520628
23048,1737.6917247520628
23049,1737.6917247520628
23050,1737.6917247520628
23051,1737.6917247520628
23052,1737.6917247520628
23053,1737.6917247520628
23054,1737.6917247520628
23055,1737.6917247520628
23056,1737.6917247520628
23057,1737.6917247520628
23058,1737.6917247520628
23059,1737.6917247520628
23060,1737.6917247520628
23061,1737.6917247520628
23062,1737.6917247520628
23063,1737.6917247520628
23064,1737.6917247520628
23065,1737.6917247520628
23066,1737.6917247520628
23067,1737.6917247520628
23068,1737.6917247520628
23069,1737.6917247520628
23070,1737.6917247520628
23071,1737.6917247520628
23072,1737.6917247520628
23073,1737.6917247520628
23074,1737.6917247520628
23075,1737.6917247520628
23076,1737.6917247520628
23077,1737.6917247520628
23078,1737.6917247520628
23079,1737.6917247520628
23080,1737.6917247520628
23081,1737.6917247520628
23082,1737.6917247520628
23083,1737.6917247520628
23084,1737.6917247520628
23085,1737.6917247520628
23086,1737.6917247520628
23087,1737.6917247520628
23088,1737.6917247520628
23089,1737.6917247520628
23090,1737.6917247520628
23091,1737.6917247520628
23092,1737.6917247520628
23093,1737.6917247520628
23094,1737.6917247520628
23095,1737.6917247520628
23096,1737.6917247520628
23097,1737.6917247520628
23098,1737.6917247520628
23099,1737.6917247520628
23100,1737.6917247520628
23101,1737.6917247520628
23102,1737.6917247520628
23103,1737.6917247520628
23104,1737.6917247520628
23105,1737.6917247520628
23106,1737.6917247520628
23107,1737.6917247520628
23108,1737.6917247520628
23109,1737.6917247520628
23110,1737.6917247520628
23111,1737.6917247520628
23112,1737.6917247520628
23113,1737.6917247520628
23114,1737.6917247520628
23115,1737.6917247520628
23116,1737.6917247520628
23117,1737.6917247520628
23118,1737.6917247520628
23119,1737.6917247520628
23120,1737.6917247520628
23121,1737.6917247520628
23122,1737.6917247520628
23123,1737.6917247520628
23124,1737.6917247520628
23125,1737.6917247520628
23126,1737.6917247520628
23127,1737.6917247520628
23128,1737.6917247520628
23129,1737.6917247520628
23130,1737.6917247520628
23131,1737.6917247520628
23132,1737.6917247520628
23133,1737.6917247520628
23134,1737.6917247520628
23135,1737.6917247520628
23136,1737.6917247520628
23137,1737.6917247520628
23138,1737.6917247520628
23139,1737.6917247520628
23140,1737.6917247520628
23141,1737.6917247520628
23142,1737.6917247520628
23143,1737.6917247520628
23144,1737.6917247520628
23145,1737.6917247520628
23146,1737.6917247520628
23147,1737.6917247520628
23148,1737.6917247520628
23149,1737.6917247520628
23150,1737.6917247520628
23151,1737.6917247520628
23152,1737.6917247520628
23153,1737.6917247520628
23154,1737.6917247520628
23155,1737.6917247520628
23156,1737.6917247520628
23157,1737.6917247520628
23158,1737.6917247520628
23159,1737.6917247520628
23160,1737.6917247520628
23161,1737.6917247520628
23162,1737.6917247520628
23163,1737.6917247520628
23164,1737.6917247520628
23165,1737.6917247520628
23166,1737.6917247520628
23167,1737.6917247520628
23168,1737.6917247520628
23169,1737.6917247520628
23170,1737.6917247520628
23171,1737.6917247520628
23172,1737.6917247520628
23173,1737.6917247520628
23174,1737.6917247520628
23175,1737.6917247520628
23176,1737.6917247520628
23177,1737.6917247520628
23178,1737.6917247520628
23179,1737.6917247520628
23180,1737.6917247520628
23181,1737.6917247520628
23182,1737.6917247520628
23183,1737.6917247520628
23184,1737.6917247520628
23185,1737.6917247520628
23186,1737.6917247520628
23187,1737.6917247520628
23188,1737.6917247520628
23189,1737.6917247520628
23190,1737.6917247520628
23191,1737.6917247520628
23192,1737.6917247520628
23193,1737.6917247520628
23194,1737.6917247520628
23195,1737.6917247520628
23196,1737.6917247520628
23197,1737.6917247520628
23198,1737.6917247520628
23199,1737.6917247520628
23200,1737.6917247520628
23201,1737.6917247520628
23202,1737.6917247520628
23203,1737.6917247520628
23204,1737.6917247520628
23205,1737.6917247520628
23206,1737.6917247520628
23207,1737.6917247520628
23208,1737.6917247520628
23209,1737.6917247520628
23210,1737.6917247520628
23211,1737.6917247520628
23212,1737.6917247520628
23213,1737.6917247520628
23214,1737.6917247520628
23215,1737.6917247520628
23216,1737.6917247520628
23217,1737.6917247520628
23218,1737.6917247520628
23219,1737.6917247520628
23220,1737.6917247520628
23221,1737.6917247520628
23222,1737.6917247520628
23223,1737.6917247520628
23224,1737.6917247520628
23225,1737.6917247520628
23226,1737.6917247520628
23227,1737.6917247520628
23228,1737.6917247520628
23229,1737.6917247520628
23230,1737.6917247520628
23231,1737.6917247520628
23232,1737.6917247520628
23233,1737.6917247520628
23234,1737.6917247520628
23235,1737.6917247520628
23236,1737.6917247520628
23237,1737.6917247520628
23238,1737.6917247520628
23239,1737.6917247520628
23240,1737.6917247520628
23241,1737.6917247520628
23242,1737.6917247520628
23243,1737.6917247520628
23244,1737.6917247520628
23245,1737.6917247520628
23246,1737.6917247520628
23247,1737.6917247520628
23248,1737.6917247520628
23249,1737.6917247520628
23250,1737.6917247520628
23251,1737.6917247520628
23252,1737.6917247520628
23253,1737.6917247520628
23254,1737.6917247520628
23255,1737.6917247520628
23256,1737.6917247520628
23257,1737.6917247520628
23258,1737.6917247520628
23259,1737.6917247520628
23260,1737.6917247520628
23261,1737.6917247520628
23262,1737.6917247520628
23263,1737.6917247520628
23264,1737.6917247520628
23265,1737.6917247520628
23266,1737.6917247520628
23267,1737.6917247520628
23268,1737.6917247520628
23269,1737.6917247520628
23270,1737.6917247520628
23271,1737.6917247520628
23272,1737.6917247520628
23273,1737.6917247520628
23274,1737.6917247520628
23275,1737.6917247520628
23276,1737.6917247520628
23277,1737.6917247520628
23278,1737.6917247520628
23279,1737.6917247520628
23280,1737.6917247520628
23281,1737.6917247520628
23282,1737.6917247520628
23283,1737.6917247520628
23284,1737.6917247520628
23285,1737.6917247520628
23286,1737.6917247520628
23287,1737.6917247520628
23288,1737.6917247520628
23289,1737.6917247520628
23290,1737.6917247520628
23291,1737.6917247520628
23292,1737.6917247520628
23293,1737.6917247520628
23294,1737.6917247520628
23295,1737.6917247520628
23296,1737.6917247520628
23297,1737.6917247520628
23298,1737.6917247520628
23299,1737.6917247520628
23300,1737.6917247520628
23301,1737.6917247520628
23302,1737.6917247520628
23303,1737.6917247520628
23304,1737.6917247520628
23305,1737.6917247520628
23306,1737.6917247520628
23307,1737.6917247520628
23308,1737.6917247520628
23309,1737.6917247520628
23310,1737.6917247520628
23311,1737.6917247520628
23312,1737.6917247520628
23313,1737.6917247520628
23314,1737.6917247520628
23315,1737.6917247520628
23316,1737.6917247520628
23317,1737.6917247520628
23318,1737.6917247520628
23319,1737.6917247520628
23320,1737.6917247520628
23321,1737.6917247520628
23322,1737.6917247520628
23323,1737.6917247520628
23324,1737.6917247520628
23325,1737.6917247520628
23326,1737.6917247520628
23327,1737.6917247520628
23328,1737.6917247520628
23329,1737.6917247520628
23330,1737.6917247520628
23331,1737.6917247520628
23332,1737.6917247520628
23333,1737.6917247520628
23334,1737.6917247520628
23335,1737.6917247520628
23336,1737.6917247520628
23337,1737.6917247520628
23338,1737.6917247520628
23339,1737.6917247520628
23340,1737.6917247520628
23341,1737.6917247520628
23342,1737.6917247520628
23343,1737.6917247520628
23344,1737.6917247520628
23345,1737.6917247520628
23346,1737.6917247520628
23347,1737.6917247520628
23348,1737.6917247520628
23349,1737.6917247520628
23350,1737.6917247520628
23351,1737.6917247520628
23352,1737.6917247520628
23353,1737.6917247520628
23354,1737.6917247520628
23355,1737.6917247520628
23356,1737.6917247520628
23357,1737.6917247520628
23358,1737.6917247520628
23359,1737.6917247520628
23360,1737.6917247520628
23361,1737.6917247520628
23362,1737.6917247520628
23363,1737.6917247520628
23364,1737.6917247520628
23365,1737.6917247520628
23366,1737.6917247520628
23367,1737.6917247520628
23368,1737.6917247520628
23369,1737.6917247520628
23370,1737.6917247520628
23371,1737.6917247520628
23372,1737.6917247520628
23373,1737.6917247520628
23374,1737.6917247520628
23375,1737.6917247520628
23376,1737.6917247520628
23377,1737.6917247520628
23378,1737.6917247520628
23379,1737.6917247520628
23380,1737.6917247520628
23381,1737.6917247520628
23382,1737.6917247520628
23383,1737.6917247520628
23384,1737.6917247520628
23385,1737.6917247520628
23386,1737.6917247520628
23387,1737.6917247520628
23388,1737.6917247520628
23389,1737.6917247520628
23390,1737.6917247520628
23391,1737.6917247520628
23392,1737.6917247520628
23393,1737.6917247520628
23394,1737.6917247520628
23395,1737.6917247520628
23396,1737.6917247520628
23397,1737.6917247520628
23398,1737.6917247520628
23399,1737.6917247520628
23400,1737.6917247520628
23401,1737.6917247520628
23402,1737.6917247520628
23403,1737.6917247520628
23404,1737.6917247520628
23405,1737.6917247520628
23406,1737.6917247520628
23407,1737.6917247520628
23408,1737.6917247520628
23409,1737.6917247520628
23410,1737.6917247520628
23411,1737.6917247520628
23412,1737.6917247520628
23413,1737.6917247520628
23414,1737.6917247520628
23415,1737.6917247520628
23416,1737.6917247520628
23417,1737.6917247520628
23418,1737.6917247520628
23419,1737.6917247520628
23420,1737.6917247520628
23421,1737.6917247520628
23422,1737.6917247520628
23423,1737.6917247520628
23424,1737.6917247520628
23425,1737.6917247520628
23426,1737.6917247520628
23427,1737.6917247520628
23428,1737.6917247520628
23429,1737.6917247520628
23430,1737.6917247520628
23431,1737.6917247520628
23432,1737.6917247520628
23433,1737.6917247520628
23434,1737.6917247520628
23435,1737.6917247520628
23436,1737.6917247520628
23437,1737.6917247520628
23438,1737.6917247520628
23439,1737.6917247520628
23440,1737.6917247520628
23441,1737.6917247520628
23442,1737.6917247520628
23443,1737.6917247520628
23444,1737.6917247520628
23445,1737.6917247520628
23446,1737.6917247520628
23447,1737.6917247520628
23448,1737.6917247520628
23449,1737.6917247520628
23450,1737.6917247520628
23451,1737.6917247520628
23452,1737.6917247520628
23453,1737.6917247520628
23454,1737.6917247520628
23455,1737.6917247520628
23456,1737.6917247520628
23457,1737.6917247520628
23458,1737.6917247520628
23459,1737.6917247520628
23460,1737.6917247520628
23461,1737.6917247520628
23462,1737.6917247520628
23463,1737.6917247520628
23464,1737.6917247520628
23465,1737.6917247520628
23466,1737.6917247520628
23467,1737.6917247520628
23468,1737.6917247520628
23469,1737.6917247520628
23470,1737.6917247520628
23471,1737.6917247520628
23472,1737.6917247520628
23473,1737.6917247520628
23474,1737.6917247520628
23475,1737.6917247520628
23476,1737.6917247520628
23477,1737.6917247520628
23478,1737.6917247520628
23479,1737.6917247520628
23480,1737.6917247520628
23481,1737.6917247520628
23482,1737.6917247520628
23483,1737.6917247520628
23484,1737.6917247520628
23485,1737.6917247520628
23486,1737.6917247520628
23487,1737.6917247520628
23488,1737.6917247520628
23489,1737.6917247520628
23490,1737.6917247520628
23491,1737.6917247520628
23492,1737.6917247520628
23493,1737.6917247520628
23494,1737.6917247520628
23495,1737.6917247520628
23496,1737.6917247520628
23497,1737.6917247520628
23498,1737.6917247520628
23499,1737.6917247520628
23500,1737.6917247520628
23501,1737.6917247520628
23502,1737.6917247520628
23503,1737.6917247520628
23504,1737.6917247520628
23505,1737.6917247520628
23506,1737.6917247520628
23507,1737.6917247520628
23508,1737.6917247520628
23509,1737.6917247520628
23510,1737.6917247520628
23511,1737.6917247520628
23512,1737.6917247520628
23513,1737.6917247520628
23514,1737.6917247520628
23515,1737.6917247520628
23516,1737.6917247520628
23517,1737.6917247520628
23518,1737.6917247520628
23519,1737.6917247520628
23520,1737.6917247520628
23521,1737.6917247520628
23522,1737.6917247520628
23523,1737.6917247520628
23524,1737.6917247520628
23525,1737.6917247520628
23526,1737.6917247520628
23527,1737.6917247520628
23528,1737.6917247520628
23529,1737.6917247520628
23530,1737.6917247520628
23531,1737.6917247520628
23532,1737.6917247520628
23533,1737.6917247520628
23534,1737.6917247520628
23535,1737.6917247520628
23536,1737.6917247520628
23537,1737.6917247520628
23538,1737.6917247520628
23539,1737.6917247520628
23540,1737.6917247520628
23541,1737.6917247520628
23542,1737.6917247520628
23543,1737.6917247520628
23544,1737.6917247520628
23545,1737.6917247520628
23546,1737.6917247520628
23547,1737.6917247520628
23548,1737.6917247520628
23549,1737.6917247520628
23550,1737.6917247520628
23551,1737.6917247520628
23552,1737.6917247520628
23553,1737.6917247520628
23554,1737.6917247520628
23555,1737.6917247520628
23556,1737.6917247520628
23557,1737.6917247520628
23558,1737.6917247520628
23559,1737.6917247520628
23560,1737.6917247520628
23561,1737.6917247520628
23562,1737.6917247520628
23563,1737.6917247520628
23564,1737.6917247520628
23565,1737.6917247520628
23566,1737.6917247520628
23567,1737.6917247520628
23568,1737.6917247520628
23569,1737.6917247520628
23570,1737.6917247520628
23571,1737.6917247520628
23572,1737.6917247520628
23573,1737.6917247520628
23574,1737.6917247520628
23575,1737.6917247520628
23576,1737.6917247520628
23577,1737.6917247520628
23578,1737.6917247520628
23579,1737.6917247520628
23580,1737.6917247520628
23581,1737.6917247520628
23582,1737.6917247520628
23583,1737.6917247520628
23584,1737.6917247520628
23585,1737.6917247520628
23586,1737.6917247520628
23587,1737.6917247520628
23588,1737.6917247520628
23589,1737.6917247520628
23590,1737.6917247520628
23591,1737.6917247520628
23592,1737.6917247520628
23593,1737.6917247520628
23594,1737.6917247520628
23595,1737.6917247520628
23596,1737.6917247520628
23597,1737.6917247520628
23598,1737.6917247520628
23599,1737.6917247520628
23600,1737.6917247520628
23601,1737.6917247520628
23602,1737.6917247520628
23603,1737.6917247520628
23604,1737.6917247520628
23605,1737.6917247520628
23606,1737.6917247520628
23607,1737.6917247520628
23608,1737.6917247520628
23609,1737.6917247520628
23610,1737.6917247520628
23611,1737.6917247520628
23612,1737.6917247520628
23613,1737.6917247520628
23614,1737.6917247520628
23615,1737.6917247520628
23616,1737.6917247520628
23617,1737.6917247520628
23618,1737.6917247520628
23619,1737.6917247520628
23620,1737.6917247520628
23621,1737.6917247520628
23622,1737.6917247520628
23623,1737.6917247520628
23624,1737.6917247520628
23625,1737.6917247520628
23626,1737.6917247520628
23627,1737.6917247520628
23628,1737.6917247520628
23629,1737.6917247520628
23630,1737.6917247520628
23631,1737.6917247520628
23632,1737.6917247520628
23633,1737.6917247520628
23634,1737.6917247520628
23635,1737.6917247520628
23636,1737.6917247520628
23637,1737.6917247520628
23638,1737.6917247520628
23639,1737.6917247520628
23640,1737.6917247520628
23641,1737.6917247520628
23642,1737.6917247520628
23643,1737.6917247520628
23644,1737.6917247520628
23645,1737.6917247520628
23646,1737.6917247520628
23647,1737.6917247520628
23648,1737.6917247520628
23649,1737.6917247520628
23650,1737.6917247520628
23651,1737.6917247520628
23652,1737.6917247520628
23653,1737.6917247520628
23654,1737.6917247520628
23655,1737.6917247520628
23656,1737.6917247520628
23657,1737.6917247520628
23658,1737.6917247520628
23659,1737.6917247520628
23660,1737.6917247520628
23661,1737.6917247520628
23662,1737.6917247520628
23663,1737.6917247520628
23664,1737.6917247520628
23665,1737.6917247520628
23666,1737.6917247520628
23667,1737.6917247520628
23668,1737.6917247520628
23669,1737.6917247520628
23670,1737.6917247520628
23671,1737.6917247520628
23672,1737.6917247520628
23673,1737.6917247520628
23674,1737.6917247520628
23675,1737.6917247520628
23676,1737.6917247520628
23677,1737.6917247520628
23678,1737.6917247520628
23679,1737.6917247520628
23680,1737.6917247520628
23681,1737.6917247520628
23682,1737.6917247520628
23683,1737.6917247520628
23684,1737.6917247520628
23685,1737.6917247520628
23686,1737.6917247520628
23687,1737.6917247520628
23688,1737.6917247520628
23689,1737.6917247520628
23690,1737.6917247520628
23691,1737.6917247520628
23692,1737.6917247520628
23693,1737.6917247520628
23694,1737.6917247520628
23695,1737.6917247520628
23696,1737.6917247520628
23697,1737.6917247520628
23698,1737.6917247520628
23699,1737.6917247520628
23700,1737.6917247520628
23701,1737.6917247520628
23702,1737.6917247520628
23703,1737.6917247520628
23704,1737.6917247520628
23705,1737.6917247520628
23706,1737.6917247520628
23707,1737.6917247520628
23708,1737.6917247520628
23709,1737.6917247520628
23710,1737.6917247520628
23711,1737.6917247520628
23712,1737.6917247520628
23713,1737.6917247520628
23714,1737.6917247520628
23715,1737.6917247520628
23716,1737.6917247520628
23717,1737.6917247520628
23718,1737.6917247520628
23719,1737.6917247520628
23720,1737.6917247520628
23721,1737.6917247520628
23722,1737.6917247520628
23723,1737.6917247520628
23724,1737.6917247520628
23725,1737.6917247520628
23726,1737.6917247520628
23727,1737.6917247520628
23728,1737.6917247520628
23729,1737.6917247520628
23730,1737.6917247520628
23731,1737.6917247520628
23732,1737.6917247520628
23733,1737.6917247520628
23734,1737.6917247520628
23735,1737.6917247520628
23736,1737.6917247520628
23737,1737.6917247520628
23738,1737.6917247520628
23739,1737.6917247520628
23740,1737.6917247520628
23741,1737.6917247520628
23742,1737.6917247520628
23743,1737.6917247520628
23744,1737.6917247520628
23745,1737.6917247520628
23746,1737.6917247520628
23747,1737.6917247520628
23748,1737.6917247520628
23749,1737.6917247520628
23750,1737.6917247520628
23751,1737.6917247520628
23752,1737.6917247520628
23753,1737.6917247520628
23754,1737.6917247520628
23755,1737.6917247520628
23756,1737.6917247520628
23757,1737.6917247520628
23758,1737.6917247520628
23759,1737.6917247520628
23760,1737.6917247520628
23761,1737.6917247520628
23762,1737.6917247520628
23763,1737.6917247520628
23764,1737.6917247520628
23765,1737.6917247520628
23766,1737.6917247520628
23767,1737.6917247520628
23768,1737.6917247520628
23769,1737.6917247520628
23770,1737.6917247520628
23771,1737.6917247520628
23772,1737.6917247520628
23773,1737.6917247520628
23774,1737.6917247520628
23775,1737.6917247520628
23776,1737.6917247520628
23777,1737.6917247520628
23778,1737.6917247520628
23779,1737.6917247520628
23780,1737.6917247520628
23781,1737.6917247520628
23782,1737.6917247520628
23783,1737.6917247520628
23784,1737.6917247520628
23785,1737.6917247520628
23786,1737.6917247520628
23787,1737.6917247520628
23788,1737.6917247520628
23789,1737.6917247520628
23790,1737.6917247520628
23791,1737.6917247520628
23792,1737.6917247520628
23793,1737.6917247520628
23794,1737.6917247520628
23795,1737.6917247520628
23796,1737.6917247520628
23797,1737.6917247520628
23798,1737.6917247520628
23799,1737.6917247520628
23800,1737.6917247520628
23801,1737.6917247520628
23802,1737.6917247520628
23803,1737.6917247520628
23804,1737.6917247520628
23805,1737.6917247520628
23806,1737.6917247520628
23807,1737.6917247520628
23808,1737.6917247520628
23809,1737.6917247520628
23810,1737.6917247520628
23811,1737.6917247520628
23812,1737.6917247520628
23813,1737.6917247520628
23814,1737.6917247520628
23815,1737.6917247520628
23816,1737.6917247520628
23817,1737.6917247520628
23818,1737.6917247520628
23819,1737.6917247520628
23820,1737.6917247520628
23821,1737.6917247520628
23822,1737.6917247520628
23823,1737.6917247520628
23824,1737.6917247520628
23825,1737.6917247520628
23826,1737.6917247520628
23827,1737.6917247520628
23828,1737.6917247520628
23829,1737.6917247520628
23830,1737.6917247520628
23831,1737.6917247520628
23832,1737.6917247520628
23833,1737.6917247520628
23834,1737.6917247520628
23835,1737.6917247520628
23836,1737.6917247520628
23837,1737.6917247520628
23838,1737.6917247520628
23839,1737.6917247520628
23840,1737.6917247520628
23841,1737.6917247520628
23842,1737.6917247520628
23843,1737.6917247520628
23844,1737.6917247520628
23845,1737.6917247520628
23846,1737.6917247520628
23847,1737.6917247520628
23848,1737.6917247520628
23849,1737.6917247520628
23850,1737.6917247520628
23851,1737.6917247520628
23852,1737.6917247520628
23853,1737.6917247520628
23854,1737.6917247520628
23855,1737.6917247520628
23856,1737.6917247520628
23857,1737.6917247520628
23858,1737.6917247520628
23859,1737.6917247520628
23860,1737.6917247520628
23861,1737.6917247520628
23862,1737.6917247520628
23863,1737.6917247520628
23864,1737.6917247520628
23865,1737.6917247520628
23866,1737.6917247520628
23867,1737.6917247520628
23868,1737.6917247520628
23869,1737.6917247520628
23870,1737.6917247520628
23871,1737.6917247520628
23872,1737.6917247520628
23873,1737.6917247520628
23874,1737.6917247520628
23875,1737.6917247520628
23876,1737.6917247520628
23877,1737.6917247520628
23878,1737.6917247520628
23879,1737.6917247520628
23880,1737.6917247520628
23881,1737.6917247520628
23882,1737.6917247520628
23883,1737.6917247520628
23884,1737.6917247520628
23885,1737.6917247520628
23886,1737.6917247520628
23887,1737.6917247520628
23888,1737.6917247520628
23889,1737.6917247520628
23890,1737.6917247520628
23891,1737.6917247520628
23892,1737.6917247520628
23893,1737.6917247520628
23894,1737.6917247520628
23895,1737.6917247520628
23896,1737.6917247520628
23897,1737.6917247520628
23898,1737.6917247520628
23899,1737.6917247520628
23900,1737.6917247520628
23901,1737.6917247520628
23902,1737.6917247520628
23903,1737.6917247520628
23904,1737.6917247520628
23905,1737.6917247520628
23906,1737.6917247520628
23907,1737.6917247520628
23908,1737.6917247520628
23909,1737.6917247520628
23910,1737.6917247520628
23911,1737.6917247520628
23912,1737.6917247520628
23913,1737.6917247520628
23914,1737.6917247520628
23915,1737.6917247520628
23916,1737.6917247520628
23917,1737.6917247520628
23918,1737.6917247520628
23919,1737.6917247520628
23920,1737.6917247520628
23921,1737.6917247520628
23922,1737.6917247520628
23923,1737.6917247520628
23924,1737.6917247520628
23925,1737.6917247520628
23926,1737.6917247520628
23927,1737.6917247520628
23928,1737.6917247520628
23929,1737.6917247520628
23930,1737.6917247520628
23931,1737.6917247520628
23932,1737.6917247520628
23933,1737.6917247520628
23934,1737.6917247520628
23935,1737.6917247520628
23936,1737.6917247520628
23937,1737.6917247520628
23938,1737.6917247520628
23939,1737.6917247520628
23940,1737.6917247520628
23941,1737.6917247520628
23942,1737.6917247520628
23943,1737.6917247520628
23944,1737.6917247520628
23945,1737.6917247520628
23946,1737.6917247520628
23947,1737.6917247520628
23948,1737.6917247520628
23949,1737.6917247520628
23950,1737.6917247520628
23951,1737.6917247520628
23952,1737.6917247520628
23953,1737.6917247520628
23954,1737.6917247520628
23955,1737.6917247520628
23956,1737.6917247520628
23957,1737.6917247520628
23958,1737.6917247520628
23959,1737.6917247520628
23960,1737.6917247520628
23961,1737.6917247520628
23962,1737.6917247520628
23963,1737.6917247520628
23964,1737.6917247520628
23965,1737.6917247520628
23966,1737.6917247520628
23967,1737.6917247520628
23968,1737.6917247520628
23969,1737.6917247520628
23970,1737.6917247520628
23971,1737.6917247520628
23972,1737.6917247520628
23973,1737.6917247520628
23974,1737.6917247520628
23975,1737.6917247520628
23976,1737.6917247520628
23977,1737.6917247520628
23978,1737.6917247520628
23979,1737.6917247520628
23980,1737.6917247520628
23981,1737.6917247520628
23982,1737.6917247520628
23983,1737.6917247520628
23984,1737.6917247520628
23985,1737.6917247520628
23986,1737.6917247520628
23987,1737.6917247520628
23988,1737.6917247520628
23989,1737.6917247520628
23990,1737.6917247520628
23991,1737.6917247520628
23992,1737.6917247520628
23993,1737.6917247520628
23994,1737.6917247520628
23995,1737.6917247520628
23996,1737.6917247520628
23997,1737.6917247520628
23998,1737.6917247520628
23999,1737.6917247520628
24000,1737.6917247520628
24001,1737.6917247520628
24002,1737.6917247520628
24003,1737.6917247520628
24004,1737.6917247520628
24005,1737.6917247520628
24006,1737.6917247520628
24007,1737.6917247520628
24008,1737.6917247520628
24009,1737.6917247520628
24010,1737.6917247520628
24011,1737.6917247520628
24012,1737.6917247520628
24013,1737.6917247520628
24014,1737.6917247520628
24015,1737.6917247520628
24016,1737.6917247520628
24017,1737.6917247520628
24018,1737.6917247520628
24019,1737.6917247520628
24020,1737.6917247520628
24021,1737.6917247520628
24022,1737.6917247520628
24023,1737.6917247520628
24024,1737.6917247520628
24025,1737.6917247520628
24026,1737.6917247520628
24027,1737.6917247520628
24028,1737.6917247520628
24029,1737.6917247520628
24030,1737.6917247520628
24031,1737.6917247520628
24032,1737.6917247520628
24033,1737.6917247520628
24034,1737.6917247520628
24035,1737.6917247520628
24036,1737.6917247520628
24037,1737.6917247520628
24038,1737.6917247520628
24039,1737.6917247520628
24040,1737.6917247520628
24041,1737.6917247520628
24042,1737.6917247520628
24043,1737.6917247520628
24044,1737.6917247520628
24045,1737.6917247520628
24046,1737.6917247520628
24047,1737.6917247520628
24048,1737.6917247520628
24049,1737.6917247520628
24050,1737.6917247520628
24051,1737.6917247520628
24052,1737.6917247520628
24053,1737.6917247520628
24054,1737.6917247520628
24055,1737.6917247520628
24056,1737.6917247520628
24057,1737.6917247520628
24058,1737.6917247520628
24059,1737.6917247520628
24060,1737.6917247520628
24061,1737.6917247520628
24062,1737.6917247520628
24063,1737.6917247520628
24064,1737.6917247520628
24065,1737.6917247520628
24066,1737.6917247520628
24067,1737.6917247520628
24068,1737.6917247520628
24069,1737.6917247520628
24070,1737.6917247520628
24071,1737.6917247520628
24072,1737.6917247520628
24073,1737.6917247520628
24074,1737.6917247520628
24075,1737.6917247520628
24076,1737.6917247520628
24077,1737.6917247520628
24078,1737.6917247520628
24079,1737.6917247520628
24080,1737.6917247520628
24081,1737.6917247520628
24082,1737.6917247520628
24083,1737.6917247520628
24084,1737.6917247520628
24085,1737.6917247520628
24086,1737.6917247520628
24087,1737.6917247520628
24088,1737.6917247520628
24089,1737.6917247520628
24090,1737.6917247520628
24091,1737.6917247520628
24092,1737.6917247520628
24093,1737.6917247520628
24094,1737.6917247520628
24095,1737.6917247520628
24096,1737.6917247520628
24097,1737.6917247520628
24098,1737.6917247520628
24099,1737.6917247520628
24100,1737.6917247520628
24101,1737.6917247520628
24102,1737.6917247520628
24103,1737.6917247520628
24104,1737.6917247520628
24105,1737.6917247520628
24106,1737.6917247520628
24107,1737.6917247520628
24108,1737.6917247520628
24109,1737.6917247520628
24110,1737.6917247520628
24111,1737.6917247520628
24112,1737.6917247520628
24113,1737.6917247520628
24114,1737.6917247520628
24115,1737.6917247520628
24116,1737.6917247520628
24117,1737.6917247520628
24118,1737.6917247520628
24119,1737.6917247520628
24120,1737.6917247520628
24121,1737.6917247520628
24122,1737.6917247520628
24123,1737.6917247520628
24124,1737.6917247520628
24125,1737.6917247520628
24126,1737.6917247520628
24127,1737.6917247520628
24128,1737.6917247520628
24129,1737.6917247520628
24130,1737.6917247520628
24131,1737.6917247520628
24132,1737.6917247520628
24133,1737.6917247520628
24134,1737.6917247520628
24135,1737.6917247520628
24136,1737.6917247520628
24137,1737.6917247520628
24138,1737.6917247520628
24139,1737.6917247520628
24140,1737.6917247520628
24141,1737.6917247520628
24142,1737.6917247520628
24143,1737.6917247520628
24144,1737.6917247520628
24145,1737.6917247520628
24146,1737.6917247520628
24147,1737.6917247520628
24148,1737.6917247520628
24149,1737.6917247520628
24150,1737.6917247520628
24151,1737.6917247520628
24152,1737.6917247520628
24153,1737.6917247520628
24154,1737.6917247520628
24155,1737.6917247520628
24156,1737.6917247520628
24157,1737.6917247520628
24158,1737.6917247520628
24159,1737.6917247520628
24160,1737.6917247520628
24161,1737.6917247520628
24162,1737.6917247520628
24163,1737.6917247520628
24164,1737.6917247520628
24165,1737.6917247520628
24166,1737.6917247520628
24167,1737.6917247520628
24168,1737.6917247520628
24169,1737.6917247520628
24170,1737.6917247520628
24171,1737.6917247520628
24172,1737.6917247520628
24173,1737.6917247520628
24174,1737.6917247520628
24175,1737.6917247520628
24176,1737.6917247520628
24177,1737.6917247520628
24178,1737.6917247520628
24179,1737.6917247520628
24180,1737.6917247520628
24181,1737.6917247520628
24182,1737.6917247520628
24183,1737.6917247520628
24184,1737.6917247520628
24185,1737.6917247520628
24186,1737.6917247520628
24187,1737.6917247520628
24188,1737.6917247520628
24189,1737.6917247520628
24190,1737.6917247520628
24191,1737.6917247520628
24192,1737.6917247520628
24193,1737.6917247520628
24194,1737.6917247520628
24195,1737.6917247520628
24196,1737.6917247520628
24197,1737.6917247520628
24198,1737.6917247520628
24199,1737.6917247520628
24200,1737.6917247520628
24201,1737.6917247520628
24202,1737.6917247520628
24203,1737.6917247520628
24204,1737.6917247520628
24205,1737.6917247520628
24206,1737.6917247520628
24207,1737.6917247520628
24208,1737.6917247520628
24209,1737.6917247520628
24210,1737.6917247520628
24211,1737.6917247520628
24212,1737.6917247520628
24213,1737.6917247520628
24214,1737.6917247520628
24215,1737.6917247520628
24216,1737.6917247520628
24217,1737.6917247520628
24218,1737.6917247520628
24219,1737.6917247520628
24220,1737.6917247520628
24221,1737.6917247520628
24222,1737.6917247520628
24223,1737.6917247520628
24224,1737.6917247520628
24225,1737.6917247520628
24226,1737.6917247520628
24227,1737.6917247520628
24228,1737.6917247520628
24229,1737.6917247520628
24230,1737.6917247520628
24231,1737.6917247520628
24232,1737.6917247520628
24233,1737.6917247520628
24234,1737.6917247520628
24235,1737.6917247520628
24236,1737.6917247520628
24237,1737.6917247520628
24238,1737.6917247520628
24239,1737.6917247520628
24240,1737.6917247520628
24241,1737.6917247520628
24242,1737.6917247520628
24243,1737.6917247520628
24244,1737.6917247520628
24245,1737.6917247520628
24246,1737.6917247520628
24247,1737.6917247520628
24248,1737.6917247520628
24249,1737.6917247520628
24250,1737.6917247520628
24251,1737.6917247520628
24252,1737.6917247520628
24253,1737.6917247520628
24254,1737.6917247520628
24255,1737.6917247520628
24256,1737.6917247520628
24257,1737.6917247520628
24258,1737.6917247520628
24259,1737.6917247520628
24260,1737.6917247520628
24261,1737.6917247520628
24262,1737.6917247520628
24263,1737.6917247520628
24264,1737.6917247520628
24265,1737.6917247520628
24266,1737.6917247520628
24267,1737.6917247520628
24268,1737.6917247520628
24269,1737.6917247520628
24270,1737.6917247520628
24271,1737.6917247520628
24272,1737.6917247520628
24273,1737.6917247520628
24274,1737.6917247520628
24275,1737.6917247520628
24276,1737.6917247520628
24277,1737.6917247520628
24278,1737.6917247520628
24279,1737.6917247520628
24280,1737.6917247520628
24281,1737.6917247520628
24282,1737.6917247520628
24283,1737.6917247520628
24284,1737.6917247520628
24285,1737.6917247520628
24286,1737.6917247520628
24287,1737.6917247520628
24288,1737.6917247520628
24289,1737.6917247520628
24290,1737.6917247520628
24291,1737.6917247520628
24292,1737.6917247520628
24293,1737.6917247520628
24294,1737.6917247520628
24295,1737.6917247520628
24296,1737.6917247520628
24297,1737.6917247520628
24298,1737.6917247520628
24299,1737.6917247520628
24300,1737.6917247520628
24301,1737.6917247520628
24302,1737.6917247520628
24303,1737.6917247520628
24304,1737.6917247520628
24305,1737.6917247520628
24306,1737.6917247520628
24307,1737.6917247520628
24308,1737.6917247520628
24309,1737.6917247520628
24310,1737.6917247520628
24311,1737.6917247520628
24312,1737.6917247520628
24313,1737.6917247520628
24314,1737.6917247520628
24315,1737.6917247520628
24316,1737.6917247520628
24317,1737.6917247520628
24318,1737.6917247520628
24319,1737.6917247520628
24320,1737.6917247520628
24321,1737.6917247520628
24322,1737.6917247520628
24323,1737.6917247520628
24324,1737.6917247520628
24325,1737.6917247520628
24326,1737.6917247520628
24327,1737.6917247520628
24328,1737.6917247520628
24329,1737.6917247520628
24330,1737.6917247520628
24331,1737.6917247520628
24332,1737.6917247520628
24333,1737.6917247520628
24334,1737.6917247520628
24335,1737.6917247520628
24336,1737.6917247520628
24337,1737.6917247520628
24338,1737.6917247520628
24339,1737.6917247520628
24340,1737.6917247520628
24341,1737.6917247520628
24342,1737.6917247520628
24343,1737.6917247520628
24344,1737.6917247520628
24345,1737.6917247520628
24346,1737.6917247520628
24347,1737.6917247520628
24348,1737.6917247520628
24349,1737.6917247520628
24350,1737.6917247520628
24351,1737.6917247520628
24352,1737.6917247520628
24353,1737.6917247520628
24354,1737.6917247520628
24355,1737.6917247520628
24356,1737.6917247520628
24357,1737.6917247520628
24358,1737.6917247520628
24359,1737.6917247520628
24360,1737.6917247520628
24361,1737.6917247520628
24362,1737.6917247520628
24363,1737.6917247520628
24364,1737.6917247520628
24365,1737.6917247520628
24366,1737.6917247520628
24367,1737.6917247520628
24368,1737.6917247520628
24369,1737.6917247520628
24370,1737.6917247520628
24371,1737.6917247520628
24372,1737.6917247520628
24373,1737.6917247520628
24374,1737.6917247520628
24375,1737.6917247520628
24376,1737.6917247520628
24377,1737.6917247520628
24378,1737.6917247520628
24379,1737.6917247520628
24380,1737.6917247520628
24381,1737.6917247520628
24382,1737.6917247520628
24383,1737.6917247520628
24384,1737.6917247520628
24385,1737.6917247520628
24386,1737.6917247520628
24387,1737.6917247520628
24388,1737.6917247520628
24389,1737.6917247520628
24390,1737.6917247520628
24391,1737.6917247520628
24392,1737.6917247520628
24393,1737.6917247520628
24394,1737.6917247520628
24395,1737.6917247520628
24396,1737.6917247520628
24397,1737.6917247520628
24398,1737.6917247520628
24399,1737.6917247520628
24400,1737.6917247520628
24401,1737.6917247520628
24402,1737.6917247520628
24403,1737.6917247520628
24404,1737.6917247520628
24405,1737.6917247520628
24406,1737.6917247520628
24407,1737.6917247520628
24408,1737.6917247520628
24409,1737.6917247520628
24410,1737.6917247520628
24411,1737.6917247520628
24412,1737.6917247520628
24413,1737.6917247520628
24414,1737.6917247520628
24415,1737.6917247520628
24416,1737.6917247520628
24417,1737.6917247520628
24418,1737.6917247520628
24419,1737.6917247520628
24420,1737.6917247520628
24421,1737.6917247520628
24422,1737.6917247520628
24423,1737.6917247520628
24424,1737.6917247520628
24425,1737.6917247520628
24426,1737.6917247520628
24427,1737.6917247520628
24428,1737.6917247520628
24429,1737.6917247520628
24430,1737.6917247520628
24431,1737.6917247520628
24432,1737.6917247520628
24433,1737.6917247520628
24434,1737.6917247520628
24435,1737.6917247520628
24436,1737.6917247520628
24437,1737.6917247520628
24438,1737.6917247520628
24439,1737.6917247520628
24440,1737.6917247520628
24441,1737.6917247520628
24442,1737.6917247520628
24443,1737.6917247520628
24444,1737.6917247520628
24445,1737.6917247520628
24446,1737.6917247520628
24447,1737.6917247520628
24448,1737.6917247520628
24449,1737.6917247520628
24450,1737.6917247520628
24451,1737.6917247520628
24452,1737.6917247520628
24453,1737.6917247520628
24454,1737.6917247520628
24455,1737.6917247520628
24456,1737.6917247520628
24457,1737.6917247520628
24458,1737.6917247520628
24459,1737.6917247520628
24460,1737.6917247520628
24461,1737.6917247520628
24462,1737.6917247520628
24463,1737.6917247520628
24464,1737.6917247520628
24465,1737.6917247520628
24466,1737.6917247520628
24467,1737.6917247520628
24468,1737.6917247520628
24469,1737.6917247520628
24470,1737.6917247520628
24471,1737.6917247520628
24472,1737.6917247520628
24473,1737.6917247520628
24474,1737.6917247520628
24475,1737.6917247520628
24476,1737.6917247520628
24477,1737.6917247520628
24478,1737.6917247520628
24479,1737.6917247520628
24480,1737.6917247520628
24481,1737.6917247520628
24482,1737.6917247520628
24483,1737.6917247520628
24484,1737.6917247520628
24485,1737.6917247520628
24486,1737.6917247520628
24487,1737.6917247520628
24488,1737.6917247520628
24489,1737.6917247520628
24490,1737.6917247520628
24491,1737.6917247520628
24492,1737.6917247520628
24493,1737.6917247520628
24494,1737.6917247520628
24495,1737.6917247520628
24496,1737.6917247520628
24497,1737.6917247520628
24498,1737.6917247520628
24499,1737.6917247520628
24500,1737.6917247520628
24501,1737.6917247520628
24502,1737.6917247520628
24503,1737.6917247520628
24504,1737.6917247520628
24505,1737.6917247520628
24506,1737.6917247520628
24507,1737.6917247520628
24508,1737.6917247520628
24509,1737.6917247520628
24510,1737.6917247520628
24511,1737.6917247520628
24512,1737.6917247520628
24513,1737.6917247520628
24514,1737.6917247520628
24515,1737.6917247520628
24516,1737.6917247520628
24517,1737.6917247520628
24518,1737.6917247520628
24519,1737.6917247520628
24520,1737.6917247520628
24521,1737.6917247520628
24522,1737.6917247520628
24523,1737.6917247520628
24524,1737.6917247520628
24525,1737.6917247520628
24526,1737.6917247520628
24527,1737.6917247520628
24528,1737.6917247520628
24529,1737.6917247520628
24530,1737.6917247520628
24531,1737.6917247520628
24532,1737.6917247520628
24533,1737.6917247520628
24534,1737.6917247520628
24535,1737.6917247520628
24536,1737.6917247520628
24537,1737.6917247520628
24538,1737.6917247520628
24539,1737.6917247520628
24540,1737.6917247520628
24541,1737.6917247520628
24542,1737.6917247520628
24543,1737.6917247520628
24544,1737.6917247520628
24545,1737.6917247520628
24546,1737.6917247520628
24547,1737.6917247520628
24548,1737.6917247520628
24549,1737.6917247520628
24550,1737.6917247520628
24551,1737.6917247520628
24552,1737.6917247520628
24553,1737.6917247520628
24554,1737.6917247520628
24555,1737.6917247520628
24556,1737.6917247520628
24557,1737.6917247520628
24558,1737.6917247520628
24559,1737.6917247520628
24560,1737.6917247520628
24561,1737.6917247520628
24562,1737.6917247520628
24563,1737.6917247520628
24564,1737.6917247520628
24565,1737.6917247520628
24566,1737.6917247520628
24567,1737.6917247520628
24568,1737.6917247520628
24569,1737.6917247520628
24570,1737.6917247520628
24571,1737.6917247520628
24572,1737.6917247520628
24573,1737.6917247520628
24574,1737.6917247520628
24575,1737.6917247520628
24576,1737.6917247520628
24577,1737.6917247520628
24578,1737.6917247520628
24579,1737.6917247520628
24580,1737.6917247520628
24581,1737.6917247520628
24582,1737.6917247520628
24583,1737.6917247520628
24584,1737.6917247520628
24585,1737.6917247520628
24586,1737.6917247520628
24587,1737.6917247520628
24588,1737.6917247520628
24589,1737.6917247520628
24590,1737.6917247520628
24591,1737.6917247520628
24592,1737.6917247520628
24593,1737.6917247520628
24594,1737.6917247520628
24595,1737.6917247520628
24596,1737.6917247520628
24597,1737.6917247520628
24598,1737.6917247520628
24599,1737.6917247520628
24600,1737.6917247520628
24601,1737.6917247520628
24602,1737.6917247520628
24603,1737.6917247520628
24604,1737.6917247520628
24605,1737.6917247520628
24606,1737.6917247520628
24607,1737.6917247520628
24608,1737.6917247520628
24609,1737.6917247520628
24610,1737.6917247520628
24611,1737.6917247520628
24612,1737.6917247520628
24613,1737.6917247520628
24614,1737.6917247520628
24615,1737.6917247520628
24616,1737.6917247520628
24617,1737.6917247520628
24618,1737.6917247520628
24619,1737.6917247520628
24620,1737.6917247520628
24621,1737.6917247520628
24622,1737.6917247520628
24623,1737.6917247520628
24624,1737.6917247520628
24625,1737.6917247520628
24626,1737.6917247520628
24627,1737.6917247520628
24628,1737.6917247520628
24629,1737.6917247520628
24630,1737.6917247520628
24631,1737.6917247520628
24632,1737.6917247520628
24633,1737.6917247520628
24634,1737.6917247520628
24635,1737.6917247520628
24636,1737.6917247520628
24637,1737.6917247520628
24638,1737.6917247520628
24639,1737.6917247520628
24640,1737.6917247520628
24641,1737.6917247520628
24642,1737.6917247520628
24643,1737.6917247520628
24644,1737.6917247520628
24645,1737.6917247520628
24646,1737.6917247520628
24647,1737.6917247520628
24648,1737.6917247520628
24649,1737.6917247520628
24650,1737.6917247520628
24651,1737.6917247520628
24652,1737.6917247520628
24653,1737.6917247520628
24654,1737.6917247520628
24655,1737.6917247520628
24656,1737.6917247520628
24657,1737.6917247520628
24658,1737.6917247520628
24659,1737.6917247520628
24660,1737.6917247520628
24661,1737.6917247520628
24662,1737.6917247520628
24663,1737.6917247520628
24664,1737.6917247520628
24665,1737.6917247520628
24666,1737.6917247520628
24667,1737.6917247520628
24668,1737.6917247520628
24669,1737.6917247520628
24670,1737.6917247520628
24671,1737.6917247520628
24672,1737.6917247520628
24673,1737.6917247520628
24674,1737.6917247520628
24675,1737.6917247520628
24676,1737.6917247520628
24677,1737.6917247520628
24678,1737.6917247520628
24679,1737.6917247520628
24680,1737.6917247520628
24681,1737.6917247520628
24682,1737.6917247520628
24683,1737.6917247520628
24684,1737.6917247520628
24685,1737.6917247520628
24686,1737.6917247520628
24687,1737.6917247520628
24688,1737.6917247520628
24689,1737.6917247520628
24690,1737.6917247520628
24691,1737.6917247520628
24692,1737.6917247520628
24693,1737.6917247520628
24694,1737.6917247520628
24695,1737.6917247520628
24696,1737.6917247520628
24697,1737.6917247520628
24698,1737.6917247520628
24699,1737.6917247520628
24700,1737.6917247520628
24701,1737.6917247520628
24702,1737.6917247520628
24703,1737.6917247520628
24704,1737.6917247520628
24705,1737.6917247520628
24706,1737.6917247520628
24707,1737.6917247520628
24708,1737.6917247520628
24709,1737.6917247520628
24710,1737.6917247520628
24711,1737.6917247520628
24712,1737.6917247520628
24713,1737.6917247520628
24714,1737.6917247520628
24715,1737.6917247520628
24716,1737.6917247520628
24717,1737.6917247520628
24718,1737.6917247520628
24719,1737.6917247520628
24720,1737.6917247520628
24721,1737.6917247520628
24722,1737.6917247520628
24723,1737.6917247520628
24724,1737.6917247520628
24725,1737.6917247520628
24726,1737.6917247520628
24727,1737.6917247520628
24728,1737.6917247520628
24729,1737.6917247520628
24730,1737.6917247520628
24731,1737.6917247520628
24732,1737.6917247520628
24733,1737.6917247520628
24734,1737.6917247520628
24735,1737.6917247520628
24736,1737.6917247520628
24737,1737.6917247520628
24738,1737.6917247520628
24739,1737.6917247520628
24740,1737.6917247520628
24741,1737.6917247520628
24742,1737.6917247520628
24743,1737.6917247520628
24744,1737.6917247520628
24745,1737.6917247520628
24746,1737.6917247520628
24747,1737.6917247520628
24748,1737.6917247520628
24749,1737.6917247520628
24750,1737.6917247520628
24751,1737.6917247520628
24752,1737.6917247520628
24753,1737.6917247520628
24754,1737.6917247520628
24755,1737.6917247520628
24756,1737.6917247520628
24757,1737.6917247520628
24758,1737.6917247520628
24759,1737.6917247520628
24760,1737.6917247520628
24761,1737.6917247520628
24762,1737.6917247520628
24763,1737.6917247520628
24764,1737.6917247520628
24765,1737.6917247520628
24766,1737.6917247520628
24767,1737.6917247520628
24768,1737.6917247520628
24769,1737.6917247520628
24770,1737.6917247520628
24771,1737.6917247520628
24772,1737.6917247520628
24773,1737.6917247520628
24774,1737.6917247520628
24775,1737.6917247520628
24776,1737.6917247520628
24777,1737.6917247520628
24778,1737.6917247520628
24779,1737.6917247520628
24780,1737.6917247520628
24781,1737.6917247520628
24782,1737.6917247520628
24783,1737.6917247520628
24784,1737.6917247520628
24785,1737.6917247520628
24786,1737.6917247520628
24787,1737.6917247520628
24788,1737.6917247520628
24789,1737.6917247520628
24790,1737.6917247520628
24791,1737.6917247520628
24792,1737.6917247520628
24793,1737.6917247520628
24794,1737.6917247520628
24795,1737.6917247520628
24796,1737.6917247520628
24797,1737.6917247520628
24798,1737.6917247520628
24799,1737.6917247520628
24800,1737.6917247520628
24801,1737.6917247520628
24802,1737.6917247520628
24803,1737.6917247520628
24804,1737.6917247520628
24805,1737.6917247520628
24806,1737.6917247520628
24807,1737.6917247520628
24808,1737.6917247520628
24809,1737.6917247520628
24810,1737.6917247520628
24811,1737.6917247520628
24812,1737.6917247520628
24813,1737.6917247520628
24814,1737.6917247520628
24815,1737.6917247520628
24816,1737.6917247520628
24817,1737.6917247520628
24818,1737.6917247520628
24819,1737.6917247520628
24820,1737.6917247520628
24821,1737.6917247520628
24822,1737.6917247520628
24823,1737.6917247520628
24824,1737.6917247520628
24825,1737.6917247520628
24826,1737.6917247520628
24827,1737.6917247520628
24828,1737.6917247520628
24829,1737.6917247520628
24830,1737.6917247520628
24831,1737.6917247520628
24832,1737.6917247520628
24833,1737.6917247520628
24834,1737.6917247520628
24835,1737.6917247520628
24836,1737.6917247520628
24837,1737.6917247520628
24838,1737.6917247520628
24839,1737.6917247520628
24840,1737.6917247520628
24841,1737.6917247520628
24842,1737.6917247520628
24843,1737.6917247520628
24844,1737.6917247520628
24845,1737.6917247520628
24846,1737.6917247520628
24847,1737.6917247520628
24848,1737.6917247520628
24849,1737.6917247520628
24850,1737.6917247520628
24851,1737.6917247520628
24852,1737.6917247520628
24853,1737.6917247520628
24854,1737.6917247520628
24855,1737.6917247520628
24856,1737.6917247520628
24857,1737.6917247520628
24858,1737.6917247520628
24859,1737.6917247520628
24860,1737.6917247520628
24861,1737.6917247520628
24862,1737.6917247520628
24863,1737.6917247520628
24864,1737.6917247520628
24865,1737.6917247520628
24866,1737.6917247520628
24867,1737.6917247520628
24868,1737.6917247520628
24869,1737.6917247520628
24870,1737.6917247520628
24871,1737.6917247520628
24872,1737.6917247520628
24873,1737.6917247520628
24874,1737.6917247520628
24875,1737.6917247520628
24876,1737.6917247520628
24877,1737.6917247520628
24878,1737.6917247520628
24879,1737.6917247520628
24880,1737.6917247520628
24881,1737.6917247520628
24882,1737.6917247520628
24883,1737.6917247520628
24884,1737.6917247520628
24885,1737.6917247520628
24886,1737.6917247520628
24887,1737.6917247520628
24888,1737.6917247520628
24889,1737.6917247520628
24890,1737.6917247520628
24891,1737.6917247520628
24892,1737.6917247520628
24893,1737.6917247520628
24894,1737.6917247520628
24895,1737.6917247520628
24896,1737.6917247520628
24897,1737.6917247520628
24898,1737.6917247520628
24899,1737.6917247520628
24900,1737.6917247520628
24901,1737.6917247520628
24902,1737.6917247520628
24903,1737.6917247520628
24904,1737.6917247520628
24905,1737.6917247520628
24906,1737.6917247520628
24907,1737.6917247520628
24908,1737.6917247520628
24909,1737.6917247520628
24910,1737.6917247520628
24911,1737.6917247520628
24912,1737.6917247520628
24913,1737.6917247520628
24914,1737.6917247520628
24915,1737.6917247520628
24916,1737.6917247520628
24917,1737.6917247520628
24918,1737.6917247520628
24919,1737.6917247520628
24920,1737.6917247520628
24921,1737.6917247520628
24922,1737.6917247520628
24923,1737.6917247520628
24924,1737.6917247520628
24925,1737.6917247520628
24926,1737.6917247520628
24927,1737.6917247520628
24928,1737.6917247520628
24929,1737.6917247520628
24930,1737.6917247520628
24931,1737.6917247520628
24932,1737.6917247520628
24933,1737.6917247520628
24934,1737.6917247520628
24935,1737.6917247520628
24936,1737.6917247520628
24937,1737.6917247520628
24938,1737.6917247520628
24939,1737.6917247520628
24940,1737.6917247520628
24941,1737.6917247520628
24942,1737.6917247520628
24943,1737.6917247520628
24944,1737.6917247520628
24945,1737.6917247520628
24946,1737.6917247520628
24947,1737.6917247520628
24948,1737.6917247520628
24949,1737.6917247520628
24950,1737.6917247520628
24951,1737.6917247520628
24952,1737.6917247520628
24953,1737.6917247520628
24954,1737.6917247520628
24955,1737.6917247520628
24956,1737.6917247520628
24957,1737.6917247520628
24958,1737.6917247520628
24959,1737.6917247520628
24960,1737.6917247520628
24961,1737.6917247520628
24962,1737.6917247520628
24963,1737.6917247520628
24964,1737.6917247520628
24965,1737.6917247520628
24966,1737.6917247520628
24967,1737.6917247520628
24968,1737.6917247520628
24969,1737.6917247520628
24970,1737.6917247520628
24971,1737.6917247520628
24972,1737.6917247520628
24973,1737.6917247520628
24974,1737.6917247520628
24975,1737.6917247520628
24976,1737.6917247520628
24977,1737.6917247520628
24978,1737.6917247520628
24979,1737.6917247520628
24980,1737.6917247520628
24981,1737.6917247520628
24982,1737.6917247520628
24983,1737.6917247520628
24984,1737.6917247520628
24985,1737.6917247520628
24986,1737.6917247520628
24987,1737.6917247520628
24988,1737.6917247520628
24989,1737.6917247520628
24990,1737.6917247520628
24991,1737.6917247520628
24992,1737.6917247520628
24993,1737.6917247520628
24994,1737.6917247520628
24995,1737.6917247520628
24996,1737.6917247520628
24997,1737.6917247520628
24998,1737.6917247520628
24999,1737.6917247520628
25000,1737.6917247520628
25001,1737.6917247520628
25002,1737.6917247520628
25003,1737.6917247520628
25004,1737.6917247520628
25005,1737.6917247520628
25006,1737.6917247520628
25007,1737.6917247520628
25008,1737.6917247520628
25009,1737.6917247520628
25010,1737.6917247520628
25011,1737.6917247520628
25012,1737.6917247520628
25013,1737.6917247520628
25014,1737.6917247520628
25015,1737.6917247520628
25016,1737.6917247520628
25017,1737.6917247520628
25018,1737.6917247520628
25019,1737.6917247520628
25020,1737.6917247520628
25021,1737.6917247520628
25022,1737.6917247520628
25023,1737.6917247520628
25024,1737.6917247520628
25025,1737.6917247520628
25026,1737.6917247520628
25027,1737.6917247520628
25028,1737.6917247520628
25029,1737.6917247520628
25030,1737.6917247520628
25031,1737.6917247520628
25032,1737.6917247520628
25033,1737.6917247520628
25034,1737.6917247520628
25035,1737.6917247520628
25036,1737.6917247520628
25037,1737.6917247520628
25038,1737.6917247520628
25039,1737.6917247520628
25040,1737.6917247520628
25041,1737.6917247520628
25042,1737.6917247520628
25043,1737.6917247520628
25044,1737.6917247520628
25045,1737.6917247520628
25046,1737.6917247520628
25047,1737.6917247520628
25048,1737.6917247520628
25049,1737.6917247520628
25050,1737.6917247520628
25051,1737.6917247520628
25052,1737.6917247520628
25053,1737.6917247520628
25054,1737.6917247520628
25055,1737.6917247520628
25056,1737.6917247520628
25057,1737.6917247520628
25058,1737.6917247520628
25059,1737.6917247520628
25060,1737.6917247520628
25061,1737.6917247520628
25062,1737.6917247520628
25063,1737.6917247520628
25064,1737.6917247520628
25065,1737.6917247520628
25066,1737.6917247520628
25067,1737.6917247520628
25068,1737.6917247520628
25069,1737.6917247520628
25070,1737.6917247520628
25071,1737.6917247520628
25072,1737.6917247520628
25073,1737.6917247520628
25074,1737.6917247520628
25075,1737.6917247520628
25076,1737.6917247520628
25077,1737.6917247520628
25078,1737.6917247520628
25079,1737.6917247520628
25080,1737.6917247520628
25081,1737.6917247520628
25082,1737.6917247520628
25083,1737.6917247520628
25084,1737.6917247520628
25085,1737.6917247520628
25086,1737.6917247520628
25087,1737.6917247520628
25088,1737.6917247520628
25089,1737.6917247520628
25090,1737.6917247520628
25091,1737.6917247520628
25092,1737.6917247520628
25093,1737.6917247520628
25094,1737.6917247520628
25095,1737.6917247520628
25096,1737.6917247520628
25097,1737.6917247520628
25098,1737.6917247520628
25099,1737.6917247520628
25100,1737.6917247520628
25101,1737.6917247520628
25102,1737.6917247520628
25103,1737.6917247520628
25104,1737.6917247520628
25105,1737.6917247520628
25106,1737.6917247520628
25107,1737.6917247520628
25108,1737.6917247520628
25109,1737.6917247520628
25110,1737.6917247520628
25111,1737.6917247520628
25112,1737.6917247520628
25113,1737.6917247520628
25114,1737.6917247520628
25115,1737.6917247520628
25116,1737.6917247520628
25117,1737.6917247520628
25118,1737.6917247520628
25119,1737.6917247520628
25120,1737.6917247520628
25121,1737.6917247520628
25122,1737.6917247520628
25123,1737.6917247520628
25124,1737.6917247520628
25125,1737.6917247520628
25126,1737.6917247520628
25127,1737.6917247520628
25128,1737.6917247520628
25129,1737.6917247520628
25130,1737.6917247520628
25131,1737.6917247520628
25132,1737.6917247520628
25133,1737.6917247520628
25134,1737.6917247520628
25135,1737.6917247520628
25136,1737.6917247520628
25137,1737.6917247520628
25138,1737.6917247520628
25139,1737.6917247520628
25140,1737.6917247520628
25141,1737.6917247520628
25142,1737.6917247520628
25143,1737.6917247520628
25144,1737.6917247520628
25145,1737.6917247520628
25146,1737.6917247520628
25147,1737.6917247520628
25148,1737.6917247520628
25149,1737.6917247520628
25150,1737.6917247520628
25151,1737.6917247520628
25152,1737.6917247520628
25153,1737.6917247520628
25154,1737.6917247520628
25155,1737.6917247520628
25156,1737.6917247520628
25157,1737.6917247520628
25158,1737.6917247520628
25159,1737.6917247520628
25160,1737.6917247520628
25161,1737.6917247520628
25162,1737.6917247520628
25163,1737.6917247520628
25164,1737.6917247520628
25165,1737.6917247520628
25166,1737.6917247520628
25167,1737.6917247520628
25168,1737.6917247520628
25169,1737.6917247520628
25170,1737.6917247520628
25171,1737.6917247520628
25172,1737.6917247520628
25173,1737.6917247520628
25174,1737.6917247520628
25175,1737.6917247520628
25176,1737.6917247520628
25177,1737.6917247520628
25178,1737.6917247520628
25179,1737.6917247520628
25180,1737.6917247520628
25181,1737.6917247520628
25182,1737.6917247520628
25183,1737.6917247520628
25184,1737.6917247520628
25185,1737.6917247520628
25186,1737.6917247520628
25187,1737.6917247520628
25188,1737.6917247520628
25189,1737.6917247520628
25190,1737.6917247520628
25191,1737.6917247520628
25192,1737.6917247520628
25193,1737.6917247520628
25194,1737.6917247520628
25195,1737.6917247520628
25196,1737.6917247520628
25197,1737.6917247520628
25198,1737.6917247520628
25199,1737.6917247520628
25200,1737.6917247520628
25201,1737.6917247520628
25202,1737.6917247520628
25203,1737.6917247520628
25204,1737.6917247520628
25205,1737.6917247520628
25206,1737.6917247520628
25207,1737.6917247520628
25208,1737.6917247520628
25209,1737.6917247520628
25210,1737.6917247520628
25211,1737.6917247520628
25212,1737.6917247520628
25213,1737.6917247520628
25214,1737.6917247520628
25215,1737.6917247520628
25216,1737.6917247520628
25217,1737.6917247520628
25218,1737.6917247520628
25219,1737.6917247520628
25220,1737.6917247520628
25221,1737.6917247520628
25222,1737.6917247520628
25223,1737.6917247520628
25224,1737.6917247520628
25225,1737.6917247520628
25226,1737.6917247520628
25227,1737.6917247520628
25228,1737.6917247520628
25229,1737.6917247520628
25230,1737.6917247520628
25231,1737.6917247520628
25232,1737.6917247520628
25233,1737.6917247520628
25234,1737.6917247520628
25235,1737.6917247520628
25236,1737.6917247520628
25237,1737.6917247520628
25238,1737.6917247520628
25239,1737.6917247520628
25240,1737.6917247520628
25241,1737.6917247520628
25242,1737.6917247520628
25243,1737.6917247520628
25244,1737.6917247520628
25245,1737.6917247520628
25246,1737.6917247520628
25247,1737.6917247520628
25248,1737.6917247520628
25249,1737.6917247520628
25250,1737.6917247520628
25251,1737.6917247520628
25252,1737.6917247520628
25253,1737.6917247520628
25254,1737.6917247520628
25255,1737.6917247520628
25256,1737.6917247520628
25257,1737.6917247520628
25258,1737.6917247520628
25259,1737.6917247520628
25260,1737.6917247520628
25261,1737.6917247520628
25262,1737.6917247520628
25263,1737.6917247520628
25264,1737.6917247520628
25265,1737.6917247520628
25266,1737.6917247520628
25267,1737.6917247520628
25268,1737.6917247520628
25269,1737.6917247520628
25270,1737.6917247520628
25271,1737.6917247520628
25272,1737.6917247520628
25273,1737.6917247520628
25274,1737.6917247520628
25275,1737.6917247520628
25276,1737.6917247520628
25277,1737.6917247520628
25278,1737.6917247520628
25279,1737.6917247520628
25280,1737.6917247520628
25281,1737.6917247520628
25282,1737.6917247520628
25283,1737.6917247520628
25284,1737.6917247520628
25285,1737.6917247520628
25286,1737.6917247520628
25287,1737.6917247520628
25288,1737.6917247520628
25289,1737.6917247520628
25290,1737.6917247520628
25291,1737.6917247520628
25292,1737.6917247520628
25293,1737.6917247520628
25294,1737.6917247520628
25295,1737.6917247520628
25296,1737.6917247520628
25297,1737.6917247520628
25298,1737.6917247520628
25299,1737.6917247520628
25300,1737.6917247520628
25301,1737.6917247520628
25302,1737.6917247520628
25303,1737.6917247520628
25304,1737.6917247520628
25305,1737.6917247520628
25306,1737.6917247520628
25307,1737.6917247520628
25308,1737.6917247520628
25309,1737.6917247520628
25310,1737.6917247520628
25311,1737.6917247520628
25312,1737.6917247520628
25313,1737.6917247520628
25314,1737.6917247520628
25315,1737.6917247520628
25316,1737.6917247520628
25317,1737.6917247520628
25318,1737.6917247520628
25319,1737.6917247520628
25320,1737.6917247520628
25321,1737.6917247520628
25322,1737.6917247520628
25323,1737.6917247520628
25324,1737.6917247520628
25325,1737.6917247520628
25326,1737.6917247520628
25327,1737.6917247520628
25328,1737.6917247520628
25329,1737.6917247520628
25330,1737.6917247520628
25331,1737.6917247520628
25332,1737.6917247520628
25333,1737.6917247520628
25334,1737.6917247520628
25335,1737.6917247520628
25336,1737.6917247520628
25337,1737.6917247520628
25338,1737.6917247520628
25339,1737.6917247520628
25340,1737.6917247520628
25341,1737.6917247520628
25342,1737.6917247520628
25343,1737.6917247520628
25344,1737.6917247520628
25345,1737.6917247520628
25346,1737.6917247520628
25347,1737.6917247520628
25348,1737.6917247520628
25349,1737.6917247520628
25350,1737.6917247520628
25351,1737.6917247520628
25352,1737.6917247520628
25353,1737.6917247520628
25354,1737.6917247520628
25355,1737.6917247520628
25356,1737.6917247520628
25357,1737.6917247520628
25358,1737.6917247520628
25359,1737.6917247520628
25360,1737.6917247520628
25361,1737.6917247520628
25362,1737.6917247520628
25363,1737.6917247520628
25364,1737.6917247520628
25365,1737.6917247520628
25366,1737.6917247520628
25367,1737.6917247520628
25368,1737.6917247520628
25369,1737.6917247520628
25370,1737.6917247520628
25371,1737.6917247520628
25372,1737.6917247520628
25373,1737.6917247520628
25374,1737.6917247520628
25375,1737.6917247520628
25376,1737.6917247520628
25377,1737.6917247520628
25378,1737.6917247520628
25379,1737.6917247520628
25380,1737.6917247520628
25381,1737.6917247520628
25382,1737.6917247520628
25383,1737.6917247520628
25384,1737.6917247520628
25385,1737.6917247520628
25386,1737.6917247520628
25387,1737.6917247520628
25388,1737.6917247520628
25389,1737.6917247520628
25390,1737.6917247520628
25391,1737.6917247520628
25392,1737.6917247520628
25393,1737.6917247520628
25394,1737.6917247520628
25395,1737.6917247520628
25396,1737.6917247520628
25397,1737.6917247520628
25398,1737.6917247520628
25399,1737.6917247520628
25400,1737.6917247520628
25401,1737.6917247520628
25402,1737.6917247520628
25403,1737.6917247520628
25404,1737.6917247520628
25405,1737.6917247520628
25406,1737.6917247520628
25407,1737.6917247520628
25408,1737.6917247520628
25409,1737.6917247520628
25410,1737.6917247520628
25411,1737.6917247520628
25412,1737.6917247520628
25413,1737.6917247520628
25414,1737.6917247520628
25415,1737.6917247520628
25416,1737.6917247520628
25417,1737.6917247520628
25418,1737.6917247520628
25419,1737.6917247520628
25420,1737.6917247520628
25421,1737.6917247520628
25422,1737.6917247520628
25423,1737.6917247520628
25424,1737.6917247520628
25425,1737.6917247520628
25426,1737.6917247520628
25427,1737.6917247520628
25428,1737.6917247520628
25429,1737.6917247520628
25430,1737.6917247520628
25431,1737.6917247520628
25432,1737.6917247520628
25433,1737.6917247520628
25434,1737.6917247520628
25435,1737.6917247520628
25436,1737.6917247520628
25437,1737.6917247520628
25438,1737.6917247520628
25439,1737.6917247520628
25440,1737.6917247520628
25441,1737.6917247520628
25442,1737.6917247520628
25443,1737.6917247520628
25444,1737.6917247520628
25445,1737.6917247520628
25446,1737.6917247520628
25447,1737.6917247520628
25448,1737.6917247520628
25449,1737.6917247520628
25450,1737.6917247520628
25451,1737.6917247520628
25452,1737.6917247520628
25453,1737.6917247520628
25454,1737.6917247520628
25455,1737.6917247520628
25456,1737.6917247520628
25457,1737.6917247520628
25458,1737.6917247520628
25459,1737.6917247520628
25460,1737.6917247520628
25461,1737.6917247520628
25462,1737.6917247520628
25463,1737.6917247520628
25464,1737.6917247520628
25465,1737.6917247520628
25466,1737.6917247520628
25467,1737.6917247520628
25468,1737.6917247520628
25469,1737.6917247520628
25470,1737.6917247520628
25471,1737.6917247520628
25472,1737.6917247520628
25473,1737.6917247520628
25474,1737.6917247520628
25475,1737.6917247520628
25476,1737.6917247520628
25477,1737.6917247520628
25478,1737.6917247520628
25479,1737.6917247520628
25480,1737.6917247520628
25481,1737.6917247520628
25482,1737.6917247520628
25483,1737.6917247520628
25484,1737.6917247520628
25485,1737.6917247520628
25486,1737.6917247520628
25487,1737.6917247520628
25488,1737.6917247520628
25489,1737.6917247520628
25490,1737.6917247520628
25491,1737.6917247520628
25492,1737.6917247520628
25493,1737.6917247520628
25494,1737.6917247520628
25495,1737.6917247520628
25496,1737.6917247520628
25497,1737.6917247520628
25498,1737.6917247520628
25499,1737.6917247520628
25500,1737.6917247520628
25501,1737.6917247520628
25502,1737.6917247520628
25503,1737.6917247520628
25504,1737.6917247520628
25505,1737.6917247520628
25506,1737.6917247520628
25507,1737.6917247520628
25508,1737.6917247520628
25509,1737.6917247520628
25510,1737.6917247520628
25511,1737.6917247520628
25512,1737.6917247520628
25513,1737.6917247520628
25514,1737.6917247520628
25515,1737.6917247520628
25516,1737.6917247520628
25517,1737.6917247520628
25518,1737.6917247520628
25519,1737.6917247520628
25520,1737.6917247520628
25521,1737.6917247520628
25522,1737.6917247520628
25523,1737.6917247520628
25524,1737.6917247520628
25525,1737.6917247520628
25526,1737.6917247520628
25527,1737.6917247520628
25528,1737.6917247520628
25529,1737.6917247520628
25530,1737.6917247520628
25531,1737.6917247520628
25532,1737.6917247520628
25533,1737.6917247520628
25534,1737.6917247520628
25535,1737.6917247520628
25536,1737.6917247520628
25537,1737.6917247520628
25538,1737.6917247520628
25539,1737.6917247520628
25540,1737.6917247520628
25541,1737.6917247520628
25542,1737.6917247520628
25543,1737.6917247520628
25544,1737.6917247520628
25545,1737.6917247520628
25546,1737.6917247520628
25547,1737.6917247520628
25548,1737.6917247520628
25549,1737.6917247520628
25550,1737.6917247520628
25551,1737.6917247520628
25552,1737.6917247520628
25553,1737.6917247520628
25554,1737.6917247520628
25555,1737.6917247520628
25556,1737.6917247520628
25557,1737.6917247520628
25558,1737.6917247520628
25559,1737.6917247520628
25560,1737.6917247520628
25561,1737.6917247520628
25562,1737.6917247520628
25563,1737.6917247520628
25564,1737.6917247520628
25565,1737.6917247520628
25566,1737.6917247520628
25567,1737.6917247520628
25568,1737.6917247520628
25569,1737.6917247520628
25570,1737.6917247520628
25571,1737.6917247520628
25572,1737.6917247520628
25573,1737.6917247520628
25574,1737.6917247520628
25575,1737.6917247520628
25576,1737.6917247520628
25577,1737.6917247520628
25578,1737.6917247520628
25579,1737.6917247520628
25580,1737.6917247520628
25581,1737.6917247520628
25582,1737.6917247520628
25583,1737.6917247520628
25584,1737.6917247520628
25585,1737.6917247520628
25586,1737.6917247520628
25587,1737.6917247520628
25588,1737.6917247520628
25589,1737.6917247520628
25590,1737.6917247520628
25591,1737.6917247520628
25592,1737.6917247520628
25593,1737.6917247520628
25594,1737.6917247520628
25595,1737.6917247520628
25596,1737.6917247520628
25597,1737.6917247520628
25598,1737.6917247520628
25599,1737.6917247520628
25600,1737.6917247520628
25601,1737.6917247520628
25602,1737.6917247520628
25603,1737.6917247520628
25604,1737.6917247520628
25605,1737.6917247520628
25606,1737.6917247520628
25607,1737.6917247520628
25608,1737.6917247520628
25609,1737.6917247520628
25610,1737.6917247520628
25611,1737.6917247520628
25612,1737.6917247520628
25613,1737.6917247520628
25614,1737.6917247520628
25615,1737.6917247520628
25616,1737.6917247520628
25617,1737.6917247520628
25618,1737.6917247520628
25619,1737.6917247520628
25620,1737.6917247520628
25621,1737.6917247520628
25622,1737.6917247520628
25623,1737.6917247520628
25624,1737.6917247520628
25625,1737.6917247520628
25626,1737.6917247520628
25627,1737.6917247520628
25628,1737.6917247520628
25629,1737.6917247520628
25630,1737.6917247520628
25631,1737.6917247520628
25632,1737.6917247520628
25633,1737.6917247520628
25634,1737.6917247520628
25635,1737.6917247520628
25636,1737.6917247520628
25637,1737.6917247520628
25638,1737.6917247520628
25639,1737.6917247520628
25640,1737.6917247520628
25641,1737.6917247520628
25642,1737.6917247520628
25643,1737.6917247520628
25644,1737.6917247520628
25645,1737.6917247520628
25646,1737.6917247520628
25647,1737.6917247520628
25648,1737.6917247520628
25649,1737.6917247520628
25650,1737.6917247520628
25651,1737.6917247520628
25652,1737.6917247520628
25653,1737.6917247520628
25654,1737.6917247520628
25655,1737.6917247520628
25656,1737.6917247520628
25657,1737.6917247520628
25658,1737.6917247520628
25659,1737.6917247520628
25660,1737.6917247520628
25661,1737.6917247520628
25662,1737.6917247520628
25663,1737.6917247520628
25664,1737.6917247520628
25665,1737.6917247520628
25666,1737.6917247520628
25667,1737.6917247520628
25668,1737.6917247520628
25669,1737.6917247520628
25670,1737.6917247520628
25671,1737.6917247520628
25672,1737.6917247520628
25673,1737.6917247520628
25674,1737.6917247520628
25675,1737.6917247520628
25676,1737.6917247520628
25677,1737.6917247520628
25678,1737.6917247520628
25679,1737.6917247520628
25680,1737.6917247520628
25681,1737.6917247520628
25682,1737.6917247520628
25683,1737.6917247520628
25684,1737.6917247520628
25685,1737.6917247520628
25686,1737.6917247520628
25687,1737.6917247520628
25688,1737.6917247520628
25689,1737.6917247520628
25690,1737.6917247520628
25691,1737.6917247520628
25692,1737.6917247520628
25693,1737.6917247520628
25694,1737.6917247520628
25695,1737.6917247520628
25696,1737.6917247520628
25697,1737.6917247520628
25698,1737.6917247520628
25699,1737.6917247520628
25700,1737.6917247520628
25701,1737.6917247520628
25702,1737.6917247520628
25703,1737.6917247520628
25704,1737.6917247520628
25705,1737.6917247520628
25706,1737.6917247520628
25707,1737.6917247520628
25708,1737.6917247520628
25709,1737.6917247520628
25710,1737.6917247520628
25711,1737.6917247520628
25712,1737.6917247520628
25713,1737.6917247520628
25714,1737.6917247520628
25715,1737.6917247520628
25716,1737.6917247520628
25717,1737.6917247520628
25718,1737.6917247520628
25719,1737.6917247520628
25720,1737.6917247520628
25721,1737.6917247520628
25722,1737.6917247520628
25723,1737.6917247520628
25724,1737.6917247520628
25725,1737.6917247520628
25726,1737.6917247520628
25727,1737.6917247520628
25728,1737.6917247520628
25729,1737.6917247520628
25730,1737.6917247520628
25731,1737.6917247520628
25732,1737.6917247520628
25733,1737.6917247520628
25734,1737.6917247520628
25735,1737.6917247520628
25736,1737.6917247520628
25737,1737.6917247520628
25738,1737.6917247520628
25739,1737.6917247520628
25740,1737.6917247520628
25741,1737.6917247520628
25742,1737.6917247520628
25743,1737.6917247520628
25744,1737.6917247520628
25745,1737.6917247520628
25746,1737.6917247520628
25747,1737.6917247520628
25748,1737.6917247520628
25749,1737.6917247520628
25750,1737.6917247520628
25751,1737.6917247520628
25752,1737.6917247520628
25753,1737.6917247520628
25754,1737.6917247520628
25755,1737.6917247520628
25756,1737.6917247520628
25757,1737.6917247520628
25758,1737.6917247520628
25759,1737.6917247520628
25760,1737.6917247520628
25761,1737.6917247520628
25762,1737.6917247520628
25763,1737.6917247520628
25764,1737.6917247520628
25765,1737.6917247520628
25766,1737.6917247520628
25767,1737.6917247520628
25768,1737.6917247520628
25769,1737.6917247520628
25770,1737.6917247520628
25771,1737.6917247520628
25772,1737.6917247520628
25773,1737.6917247520628
25774,1737.6917247520628
25775,1737.6917247520628
25776,1737.6917247520628
25777,1737.6917247520628
25778,1737.6917247520628
25779,1737.6917247520628
25780,1737.6917247520628
25781,1737.6917247520628
25782,1737.6917247520628
25783,1737.6917247520628
25784,1737.6917247520628
25785,1737.6917247520628
25786,1737.6917247520628
25787,1737.6917247520628
25788,1737.6917247520628
25789,1737.6917247520628
25790,1737.6917247520628
25791,1737.6917247520628
25792,1737.6917247520628
25793,1737.6917247520628
25794,1737.6917247520628
25795,1737.6917247520628
25796,1737.6917247520628
25797,1737.6917247520628
25798,1737.6917247520628
25799,1737.6917247520628
25800,1737.6917247520628
25801,1737.6917247520628
25802,1737.6917247520628
25803,1737.6917247520628
25804,1737.6917247520628
25805,1737.6917247520628
25806,1737.6917247520628
25807,1737.6917247520628
25808,1737.6917247520628
25809,1737.6917247520628
25810,1737.6917247520628
25811,1737.6917247520628
25812,1737.6917247520628
25813,1737.6917247520628
25814,1737.6917247520628
25815,1737.6917247520628
25816,1737.6917247520628
25817,1737.6917247520628
25818,1737.6917247520628
25819,1737.6917247520628
25820,1737.6917247520628
25821,1737.6917247520628
25822,1737.6917247520628
25823,1737.6917247520628
25824,1737.6917247520628
25825,1737.6917247520628
25826,1737.6917247520628
25827,1737.6917247520628
25828,1737.6917247520628
25829,1737.6917247520628
25830,1737.6917247520628
25831,1737.6917247520628
25832,1737.6917247520628
25833,1737.6917247520628
25834,1737.6917247520628
25835,1737.6917247520628
25836,1737.6917247520628
25837,1737.6917247520628
25838,1737.6917247520628
25839,1737.6917247520628
25840,1737.6917247520628
25841,1737.6917247520628
25842,1737.6917247520628
25843,1737.6917247520628
25844,1737.6917247520628
25845,1737.6917247520628
25846,1737.6917247520628
25847,1737.6917247520628
25848,1737.6917247520628
25849,1737.6917247520628
25850,1737.6917247520628
25851,1737.6917247520628
25852,1737.6917247520628
25853,1737.6917247520628
25854,1737.6917247520628
25855,1737.6917247520628
25856,1737.6917247520628
25857,1737.6917247520628
25858,1737.6917247520628
25859,1737.6917247520628
25860,1737.6917247520628
25861,1737.6917247520628
25862,1737.6917247520628
25863,1737.6917247520628
25864,1737.6917247520628
25865,1737.6917247520628
25866,1737.6917247520628
25867,1737.6917247520628
25868,1737.6917247520628
25869,1737.6917247520628
25870,1737.6917247520628
25871,1737.6917247520628
25872,1737.6917247520628
25873,1737.6917247520628
25874,1737.6917247520628
25875,1737.6917247520628
25876,1737.6917247520628
25877,1737.6917247520628
25878,1737.6917247520628
25879,1737.6917247520628
25880,1737.6917247520628
25881,1737.6917247520628
25882,1737.6917247520628
25883,1737.6917247520628
25884,1737.6917247520628
25885,1737.6917247520628
25886,1737.6917247520628
25887,1737.6917247520628
25888,1737.6917247520628
25889,1737.6917247520628
25890,1737.6917247520628
25891,1737.6917247520628
25892,1737.6917247520628
25893,1737.6917247520628
25894,1737.6917247520628
25895,1737.6917247520628
25896,1737.6917247520628
25897,1737.6917247520628
25898,1737.6917247520628
25899,1737.6917247520628
25900,1737.6917247520628
25901,1737.6917247520628
25902,1737.6917247520628
25903,1737.6917247520628
25904,1737.6917247520628
25905,1737.6917247520628
25906,1737.6917247520628
25907,1737.6917247520628
25908,1737.6917247520628
25909,1737.6917247520628
25910,1737.6917247520628
25911,1737.6917247520628
25912,1737.6917247520628
25913,1737.6917247520628
25914,1737.6917247520628
25915,1737.6917247520628
25916,1737.6917247520628
25917,1737.6917247520628
25918,1737.6917247520628
25919,1737.6917247520628
25920,1737.6917247520628
25921,1737.6917247520628
25922,1737.6917247520628
25923,1737.6917247520628
25924,1737.6917247520628
25925,1737.6917247520628
25926,1737.6917247520628
25927,1737.6917247520628
25928,1737.6917247520628
25929,1737.6917247520628
25930,1737.6917247520628
25931,1737.6917247520628
25932,1737.6917247520628
25933,1737.6917247520628
25934,1737.6917247520628
25935,1737.6917247520628
25936,1737.6917247520628
25937,1737.6917247520628
25938,1737.6917247520628
25939,1737.6917247520628
25940,1737.6917247520628
25941,1737.6917247520628
25942,1737.6917247520628
25943,1737.6917247520628
25944,1737.6917247520628
25945,1737.6917247520628
25946,1737.6917247520628
25947,1737.6917247520628
25948,1737.6917247520628
25949,1737.6917247520628
25950,1737.6917247520628
25951,1737.6917247520628
25952,1737.6917247520628
25953,1737.6917247520628
25954,1737.6917247520628
25955,1737.6917247520628
25956,1737.6917247520628
25957,1737.6917247520628
25958,1737.6917247520628
25959,1737.6917247520628
25960,1737.6917247520628
25961,1737.6917247520628
25962,1737.6917247520628
25963,1737.6917247520628
25964,1737.6917247520628
25965,1737.6917247520628
25966,1737.6917247520628
25967,1737.6917247520628
25968,1737.6917247520628
25969,1737.6917247520628
25970,1737.6917247520628
25971,1737.6917247520628
25972,1737.6917247520628
25973,1737.6917247520628
25974,1737.6917247520628
25975,1737.6917247520628
25976,1737.6917247520628
25977,1737.6917247520628
25978,1737.6917247520628
25979,1737.6917247520628
25980,1737.6917247520628
25981,1737.6917247520628
25982,1737.6917247520628
25983,1737.6917247520628
25984,1737.6917247520628
25985,1737.6917247520628
25986,1737.6917247520628
25987,1737.6917247520628
25988,1737.6917247520628
25989,1737.6917247520628
25990,1737.6917247520628
25991,1737.6917247520628
25992,1737.6917247520628
25993,1737.6917247520628
25994,1737.6917247520628
25995,1737.6917247520628
25996,1737.6917247520628
25997,1737.6917247520628
25998,1737.6917247520628
25999,1737.6917247520628
26000,1737.6917247520628
26001,1737.6917247520628
26002,1737.6917247520628
26003,1737.6917247520628
26004,1737.6917247520628
26005,1737.6917247520628
26006,1737.6917247520628
26007,1737.6917247520628
26008,1737.6917247520628
26009,1737.6917247520628
26010,1737.6917247520628
26011,1737.6917247520628
26012,1737.6917247520628
26013,1737.6917247520628
26014,1737.6917247520628
26015,1737.6917247520628
26016,1737.6917247520628
26017,1737.6917247520628
26018,1737.6917247520628
26019,1737.6917247520628
26020,1737.6917247520628
26021,1737.6917247520628
26022,1737.6917247520628
26023,1737.6917247520628
26024,1737.6917247520628
26025,1737.6917247520628
26026,1737.6917247520628
26027,1737.6917247520628
26028,1737.6917247520628
26029,1737.6917247520628
26030,1737.6917247520628
26031,1737.6917247520628
26032,1737.6917247520628
26033,1737.6917247520628
26034,1737.6917247520628
26035,1737.6917247520628
26036,1737.6917247520628
26037,1737.6917247520628
26038,1737.6917247520628
26039,1737.6917247520628
26040,1737.6917247520628
26041,1737.6917247520628
26042,1737.6917247520628
26043,1737.6917247520628
26044,1737.6917247520628
26045,1737.6917247520628
26046,1737.6917247520628
26047,1737.6917247520628
26048,1737.6917247520628
26049,1737.6917247520628
26050,1737.6917247520628
26051,1737.6917247520628
26052,1737.6917247520628
26053,1737.6917247520628
26054,1737.6917247520628
26055,1737.6917247520628
26056,1737.6917247520628
26057,1737.6917247520628
26058,1737.6917247520628
26059,1737.6917247520628
26060,1737.6917247520628
26061,1737.6917247520628
26062,1737.6917247520628
26063,1737.6917247520628
26064,1737.6917247520628
26065,1737.6917247520628
26066,1737.6917247520628
26067,1737.6917247520628
26068,1737.6917247520628
26069,1737.6917247520628
26070,1737.6917247520628
26071,1737.6917247520628
26072,1737.6917247520628
26073,1737.6917247520628
26074,1737.6917247520628
26075,1737.6917247520628
26076,1737.6917247520628
26077,1737.6917247520628
26078,1737.6917247520628
26079,1737.6917247520628
26080,1737.6917247520628
26081,1737.6917247520628
26082,1737.6917247520628
26083,1737.6917247520628
26084,1737.6917247520628
26085,1737.6917247520628
26086,1737.6917247520628
26087,1737.6917247520628
26088,1737.6917247520628
26089,1737.6917247520628
26090,1737.6917247520628
26091,1737.6917247520628
26092,1737.6917247520628
26093,1737.6917247520628
26094,1737.6917247520628
26095,1737.6917247520628
26096,1737.6917247520628
26097,1737.6917247520628
26098,1737.6917247520628
26099,1737.6917247520628
26100,1737.6917247520628
26101,1737.6917247520628
26102,1737.6917247520628
26103,1737.6917247520628
26104,1737.6917247520628
26105,1737.6917247520628
26106,1737.6917247520628
26107,1737.6917247520628
26108,1737.6917247520628
26109,1737.6917247520628
26110,1737.6917247520628
26111,1737.6917247520628
26112,1737.6917247520628
26113,1737.6917247520628
26114,1737.6917247520628
26115,1737.6917247520628
26116,1737.6917247520628
26117,1737.6917247520628
26118,1737.6917247520628
26119,1737.6917247520628
26120,1737.6917247520628
26121,1737.6917247520628
26122,1737.6917247520628
26123,1737.6917247520628
26124,1737.6917247520628
26125,1737.6917247520628
26126,1737.6917247520628
26127,1737.6917247520628
26128,1737.6917247520628
26129,1737.6917247520628
26130,1737.6917247520628
26131,1737.6917247520628
26132,1737.6917247520628
26133,1737.6917247520628
26134,1737.6917247520628
26135,1737.6917247520628
26136,1737.6917247520628
26137,1737.6917247520628
26138,1737.6917247520628
26139,1737.6917247520628
26140,1737.6917247520628
26141,1737.6917247520628
26142,1737.6917247520628
26143,1737.6917247520628
26144,1737.6917247520628
26145,1737.6917247520628
26146,1737.6917247520628
26147,1737.6917247520628
26148,1737.6917247520628
26149,1737.6917247520628
26150,1737.6917247520628
26151,1737.6917247520628
26152,1737.6917247520628
26153,1737.6917247520628
26154,1737.6917247520628
26155,1737.6917247520628
26156,1737.6917247520628
26157,1737.6917247520628
26158,1737.6917247520628
26159,1737.6917247520628
26160,1737.6917247520628
26161,1737.6917247520628
26162,1737.6917247520628
26163,1737.6917247520628
26164,1737.6917247520628
26165,1737.6917247520628
26166,1737.6917247520628
26167,1737.6917247520628
26168,1737.6917247520628
26169,1737.6917247520628
26170,1737.6917247520628
26171,1737.6917247520628
26172,1737.6917247520628
26173,1737.6917247520628
26174,1737.6917247520628
26175,1737.6917247520628
26176,1737.6917247520628
26177,1737.6917247520628
26178,1737.6917247520628
26179,1737.6917247520628
26180,1737.6917247520628
26181,1737.6917247520628
26182,1737.6917247520628
26183,1737.6917247520628
26184,1737.6917247520628
26185,1737.6917247520628
26186,1737.6917247520628
26187,1737.6917247520628
26188,1737.6917247520628
26189,1737.6917247520628
26190,1737.6917247520628
26191,1737.6917247520628
26192,1737.6917247520628
26193,1737.6917247520628
26194,1737.6917247520628
26195,1737.6917247520628
26196,1737.6917247520628
26197,1737.6917247520628
26198,1737.6917247520628
26199,1737.6917247520628
26200,1737.6917247520628
26201,1737.6917247520628
26202,1737.6917247520628
26203,1737.6917247520628
26204,1737.6917247520628
26205,1737.6917247520628
26206,1737.6917247520628
26207,1737.6917247520628
26208,1737.6917247520628
26209,1737.6917247520628
26210,1737.6917247520628
26211,1737.6917247520628
26212,1737.6917247520628
26213,1737.6917247520628
26214,1737.6917247520628
26215,1737.6917247520628
26216,1737.6917247520628
26217,1737.6917247520628
26218,1737.6917247520628
26219,1737.6917247520628
26220,1737.6917247520628
26221,1737.6917247520628
26222,1737.6917247520628
26223,1737.6917247520628
26224,1737.6917247520628
26225,1737.6917247520628
26226,1737.6917247520628
26227,1737.6917247520628
26228,1737.6917247520628
26229,1737.6917247520628
26230,1737.6917247520628
26231,1737.6917247520628
26232,1737.6917247520628
26233,1737.6917247520628
26234,1737.6917247520628
26235,1737.6917247520628
26236,1737.6917247520628
26237,1737.6917247520628
26238,1737.6917247520628
26239,1737.6917247520628
26240,1737.6917247520628
26241,1737.6917247520628
26242,1737.6917247520628
26243,1737.6917247520628
26244,1737.6917247520628
26245,1737.6917247520628
26246,1737.6917247520628
26247,1737.6917247520628
26248,1737.6917247520628
26249,1737.6917247520628
26250,1737.6917247520628
26251,1737.6917247520628
26252,1737.6917247520628
26253,1737.6917247520628
26254,1737.6917247520628
26255,1737.6917247520628
26256,1737.6917247520628
26257,1737.6917247520628
26258,1737.6917247520628
26259,1737.6917247520628
26260,1737.6917247520628
26261,1737.6917247520628
26262,1737.6917247520628
26263,1737.6917247520628
26264,1737.6917247520628
26265,1737.6917247520628
26266,1737.6917247520628
26267,1737.6917247520628
26268,1737.6917247520628
26269,1737.6917247520628
26270,1737.6917247520628
26271,1737.6917247520628
26272,1737.6917247520628
26273,1737.6917247520628
26274,1737.6917247520628
26275,1737.6917247520628
26276,1737.6917247520628
26277,1737.6917247520628
26278,1737.6917247520628
26279,1737.6917247520628
26280,1737.6917247520628
26281,1737.6917247520628
26282,1737.6917247520628
26283,1737.6917247520628
26284,1737.6917247520628
26285,1737.6917247520628
26286,1737.6917247520628
26287,1737.6917247520628
26288,1737.6917247520628
26289,1737.6917247520628
26290,1737.6917247520628
26291,1737.6917247520628
26292,1737.6917247520628
26293,1737.6917247520628
26294,1737.6917247520628
26295,1737.6917247520628
26296,1737.6917247520628
26297,1737.6917247520628
26298,1737.6917247520628
26299,1737.6917247520628
26300,1737.6917247520628
26301,1737.6917247520628
26302,1737.6917247520628
26303,1737.6917247520628
26304,1737.6917247520628
26305,1737.6917247520628
26306,1737.6917247520628
26307,1737.6917247520628
26308,1737.6917247520628
26309,1737.6917247520628
26310,1737.6917247520628
26311,1737.6917247520628
26312,1737.6917247520628
26313,1737.6917247520628
26314,1737.6917247520628
26315,1737.6917247520628
26316,1737.6917247520628
26317,1737.6917247520628
26318,1737.6917247520628
26319,1737.6917247520628
26320,1737.6917247520628
26321,1737.6917247520628
26322,1737.6917247520628
26323,1737.6917247520628
26324,1737.6917247520628
26325,1737.6917247520628
26326,1737.6917247520628
26327,1737.6917247520628
26328,1737.6917247520628
26329,1737.6917247520628
26330,1737.6917247520628
26331,1737.6917247520628
26332,1737.6917247520628
26333,1737.6917247520628
26334,1737.6917247520628
26335,1737.6917247520628
26336,1737.6917247520628
26337,1737.6917247520628
26338,1737.6917247520628
26339,1737.6917247520628
26340,1737.6917247520628
26341,1737.6917247520628
26342,1737.6917247520628
26343,1737.6917247520628
26344,1737.6917247520628
26345,1737.6917247520628
26346,1737.6917247520628
26347,1737.6917247520628
26348,1737.6917247520628
26349,1737.6917247520628
26350,1737.6917247520628
26351,1737.6917247520628
26352,1737.6917247520628
26353,1737.6917247520628
26354,1737.6917247520628
26355,1737.6917247520628
26356,1737.6917247520628
26357,1737.6917247520628
26358,1737.6917247520628
26359,1737.6917247520628
26360,1737.6917247520628
26361,1737.6917247520628
26362,1737.6917247520628
26363,1737.6917247520628
26364,1737.6917247520628
26365,1737.6917247520628
26366,1737.6917247520628
26367,1737.6917247520628
26368,1737.6917247520628
26369,1737.6917247520628
26370,1737.6917247520628
26371,1737.6917247520628
26372,1737.6917247520628
26373,1737.6917247520628
26374,1737.6917247520628
26375,1737.6917247520628
26376,1737.6917247520628
26377,1737.6917247520628
26378,1737.6917247520628
26379,1737.6917247520628
26380,1737.6917247520628
26381,1737.6917247520628
26382,1737.6917247520628
26383,1737.6917247520628
26384,1737.6917247520628
26385,1737.6917247520628
26386,1737.6917247520628
26387,1737.6917247520628
26388,1737.6917247520628
26389,1737.6917247520628
26390,1737.6917247520628
26391,1737.6917247520628
26392,1737.6917247520628
26393,1737.6917247520628
26394,1737.6917247520628
26395,1737.6917247520628
26396,1737.6917247520628
26397,1737.6917247520628
26398,1737.6917247520628
26399,1737.6917247520628
26400,1737.6917247520628
26401,1737.6917247520628
26402,1737.6917247520628
26403,1737.6917247520628
26404,1737.6917247520628
26405,1737.6917247520628
26406,1737.6917247520628
26407,1737.6917247520628
26408,1737.6917247520628
26409,1737.6917247520628
26410,1737.6917247520628
26411,1737.6917247520628
26412,1737.6917247520628
26413,1737.6917247520628
26414,1737.6917247520628
26415,1737.6917247520628
26416,1737.6917247520628
26417,1737.6917247520628
26418,1737.6917247520628
26419,1737.6917247520628
26420,1737.6917247520628
26421,1737.6917247520628
26422,1737.6917247520628
26423,1737.6917247520628
26424,1737.6917247520628
26425,1737.6917247520628
26426,1737.6917247520628
26427,1737.6917247520628
26428,1737.6917247520628
26429,1737.6917247520628
26430,1737.6917247520628
26431,1737.6917247520628
26432,1737.6917247520628
26433,1737.6917247520628
26434,1737.6917247520628
26435,1737.6917247520628
26436,1737.6917247520628
26437,1737.6917247520628
26438,1737.6917247520628
26439,1737.6917247520628
26440,1737.6917247520628
26441,1737.6917247520628
26442,1737.6917247520628
26443,1737.6917247520628
26444,1737.6917247520628
26445,1737.6917247520628
26446,1737.6917247520628
26447,1737.6917247520628
26448,1737.6917247520628
26449,1737.6917247520628
26450,1737.6917247520628
26451,1737.6917247520628
26452,1737.6917247520628
26453,1737.6917247520628
26454,1737.6917247520628
26455,1737.6917247520628
26456,1737.6917247520628
26457,1737.6917247520628
26458,1737.6917247520628
26459,1737.6917247520628
26460,1737.6917247520628
26461,1737.6917247520628
26462,1737.6917247520628
26463,1737.6917247520628
26464,1737.6917247520628
26465,1737.6917247520628
26466,1737.6917247520628
26467,1737.6917247520628
26468,1737.6917247520628
26469,1737.6917247520628
26470,1737.6917247520628
26471,1737.6917247520628
26472,1737.6917247520628
26473,1737.6917247520628
26474,1737.6917247520628
26475,1737.6917247520628
26476,1737.6917247520628
26477,1737.6917247520628
26478,1737.6917247520628
26479,1737.6917247520628
26480,1737.6917247520628
26481,1737.6917247520628
26482,1737.6917247520628
26483,1737.6917247520628
26484,1737.6917247520628
26485,1737.6917247520628
26486,1737.6917247520628
26487,1737.6917247520628
26488,1737.6917247520628
26489,1737.6917247520628
26490,1737.6917247520628
26491,1737.6917247520628
26492,1737.6917247520628
26493,1737.6917247520628
26494,1737.6917247520628
26495,1737.6917247520628
26496,1737.6917247520628
26497,1737.6917247520628
26498,1737.6917247520628
26499,1737.6917247520628
26500,1737.6917247520628
26501,1737.6917247520628
26502,1737.6917247520628
26503,1737.6917247520628
26504,1737.6917247520628
26505,1737.6917247520628
26506,1737.6917247520628
26507,1737.6917247520628
26508,1737.6917247520628
26509,1737.6917247520628
26510,1737.6917247520628
26511,1737.6917247520628
26512,1737.6917247520628
26513,1737.6917247520628
26514,1737.6917247520628
26515,1737.6917247520628
26516,1737.6917247520628
26517,1737.6917247520628
26518,1737.6917247520628
26519,1737.6917247520628
26520,1737.6917247520628
26521,1737.6917247520628
26522,1737.6917247520628
26523,1737.6917247520628
26524,1737.6917247520628
26525,1737.6917247520628
26526,1737.6917247520628
26527,1737.6917247520628
26528,1737.6917247520628
26529,1737.6917247520628
26530,1737.6917247520628
26531,1737.6917247520628
26532,1737.6917247520628
26533,1737.6917247520628
26534,1737.6917247520628
26535,1737.6917247520628
26536,1737.6917247520628
26537,1737.6917247520628
26538,1737.6917247520628
26539,1737.6917247520628
26540,1737.6917247520628
26541,1737.6917247520628
26542,1737.6917247520628
26543,1737.6917247520628
26544,1737.6917247520628
26545,1737.6917247520628
26546,1737.6917247520628
26547,1737.6917247520628
26548,1737.6917247520628
26549,1737.6917247520628
26550,1737.6917247520628
26551,1737.6917247520628
26552,1737.6917247520628
26553,1737.6917247520628
26554,1737.6917247520628
26555,1737.6917247520628
26556,1737.6917247520628
26557,1737.6917247520628
26558,1737.6917247520628
26559,1737.6917247520628
26560,1737.6917247520628
26561,1737.6917247520628
26562,1737.6917247520628
26563,1737.6917247520628
26564,1737.6917247520628
26565,1737.6917247520628
26566,1737.6917247520628
26567,1737.6917247520628
26568,1737.6917247520628
26569,1737.6917247520628
26570,1737.6917247520628
26571,1737.6917247520628
26572,1737.6917247520628
26573,1737.6917247520628
26574,1737.6917247520628
26575,1737.6917247520628
26576,1737.6917247520628
26577,1737.6917247520628
26578,1737.6917247520628
26579,1737.6917247520628
26580,1737.6917247520628
26581,1737.6917247520628
26582,1737.6917247520628
26583,1737.6917247520628
26584,1737.6917247520628
26585,1737.6917247520628
26586,1737.6917247520628
26587,1737.6917247520628
26588,1737.6917247520628
26589,1737.6917247520628
26590,1737.6917247520628
26591,1737.6917247520628
26592,1737.6917247520628
26593,1737.6917247520628
26594,1737.6917247520628
26595,1737.6917247520628
26596,1737.6917247520628
26597,1737.6917247520628
26598,1737.6917247520628
26599,1737.6917247520628
26600,1737.6917247520628
26601,1737.6917247520628
26602,1737.6917247520628
26603,1737.6917247520628
26604,1737.6917247520628
26605,1737.6917247520628
26606,1737.6917247520628
26607,1737.6917247520628
26608,1737.6917247520628
26609,1737.6917247520628
26610,1737.6917247520628
26611,1737.6917247520628
26612,1737.6917247520628
26613,1737.6917247520628
26614,1737.6917247520628
26615,1737.6917247520628
26616,1737.6917247520628
26617,1737.6917247520628
26618,1737.6917247520628
26619,1737.6917247520628
26620,1737.6917247520628
26621,1737.6917247520628
26622,1737.6917247520628
26623,1737.6917247520628
26624,1737.6917247520628
26625,1737.6917247520628
26626,1737.6917247520628
26627,1737.6917247520628
26628,1737.6917247520628
26629,1737.6917247520628
26630,1737.6917247520628
26631,1737.6917247520628
26632,1737.6917247520628
26633,1737.6917247520628
26634,1737.6917247520628
26635,1737.6917247520628
26636,1737.6917247520628
26637,1737.6917247520628
26638,1737.6917247520628
26639,1737.6917247520628
26640,1737.6917247520628
26641,1737.6917247520628
26642,1737.6917247520628
26643,1737.6917247520628
26644,1737.6917247520628
26645,1737.6917247520628
26646,1737.6917247520628
26647,1737.6917247520628
26648,1737.6917247520628
26649,1737.6917247520628
26650,1737.6917247520628
26651,1737.6917247520628
26652,1737.6917247520628
26653,1737.6917247520628
26654,1737.6917247520628
26655,1737.6917247520628
26656,1737.6917247520628
26657,1737.6917247520628
26658,1737.6917247520628
26659,1737.6917247520628
26660,1737.6917247520628
26661,1737.6917247520628
26662,1737.6917247520628
26663,1737.6917247520628
26664,1737.6917247520628
26665,1737.6917247520628
26666,1737.6917247520628
26667,1737.6917247520628
26668,1737.6917247520628
26669,1737.6917247520628
26670,1737.6917247520628
26671,1737.6917247520628
26672,1737.6917247520628
26673,1737.6917247520628
26674,1737.6917247520628
26675,1737.6917247520628
26676,1737.6917247520628
26677,1737.6917247520628
26678,1737.6917247520628
26679,1737.6917247520628
26680,1737.6917247520628
26681,1737.6917247520628
26682,1737.6917247520628
26683,1737.6917247520628
26684,1737.6917247520628
26685,1737.6917247520628
26686,1737.6917247520628
26687,1737.6917247520628
26688,1737.6917247520628
26689,1737.6917247520628
26690,1737.6917247520628
26691,1737.6917247520628
26692,1737.6917247520628
26693,1737.6917247520628
26694,1737.6917247520628
26695,1737.6917247520628
26696,1737.6917247520628
26697,1737.6917247520628
26698,1737.6917247520628
26699,1737.6917247520628
26700,1737.6917247520628
26701,1737.6917247520628
26702,1737.6917247520628
26703,1737.6917247520628
26704,1737.6917247520628
26705,1737.6917247520628
26706,1737.6917247520628
26707,1737.6917247520628
26708,1737.6917247520628
26709,1737.6917247520628
26710,1737.6917247520628
26711,1737.6917247520628
26712,1737.6917247520628
26713,1737.6917247520628
26714,1737.6917247520628
26715,1737.6917247520628
26716,1737.6917247520628
26717,1737.6917247520628
26718,1737.6917247520628
26719,1737.6917247520628
26720,1737.6917247520628
26721,1737.6917247520628
26722,1737.6917247520628
26723,1737.6917247520628
26724,1737.6917247520628
26725,1737.6917247520628
26726,1737.6917247520628
26727,1737.6917247520628
26728,1737.6917247520628
26729,1737.6917247520628
26730,1737.6917247520628
26731,1737.6917247520628
26732,1737.6917247520628
26733,1737.6917247520628
26734,1737.6917247520628
26735,1737.6917247520628
26736,1737.6917247520628
26737,1737.6917247520628
26738,1737.6917247520628
26739,1737.6917247520628
26740,1737.6917247520628
26741,1737.6917247520628
26742,1737.6917247520628
26743,1737.6917247520628
26744,1737.6917247520628
26745,1737.6917247520628
26746,1737.6917247520628
26747,1737.6917247520628
26748,1737.6917247520628
26749,1737.6917247520628
26750,1737.6917247520628
26751,1737.6917247520628
26752,1737.6917247520628
26753,1737.6917247520628
26754,1737.6917247520628
26755,1737.6917247520628
26756,1737.6917247520628
26757,1737.6917247520628
26758,1737.6917247520628
26759,1737.6917247520628
26760,1737.6917247520628
26761,1737.6917247520628
26762,1737.6917247520628
26763,1737.6917247520628
26764,1737.6917247520628
26765,1737.6917247520628
26766,1737.6917247520628
26767,1737.6917247520628
26768,1737.6917247520628
26769,1737.6917247520628
26770,1737.6917247520628
26771,1737.6917247520628
26772,1737.6917247520628
26773,1737.6917247520628
26774,1737.6917247520628
26775,1737.6917247520628
26776,1737.6917247520628
26777,1737.6917247520628
26778,1737.6917247520628
26779,1737.6917247520628
26780,1737.6917247520628
26781,1737.6917247520628
26782,1737.6917247520628
26783,1737.6917247520628
26784,1737.6917247520628
26785,1737.6917247520628
26786,1737.6917247520628
26787,1737.6917247520628
26788,1737.6917247520628
26789,1737.6917247520628
26790,1737.6917247520628
26791,1737.6917247520628
26792,1737.6917247520628
26793,1737.6917247520628
26794,1737.6917247520628
26795,1737.6917247520628
26796,1737.6917247520628
26797,1737.6917247520628
26798,1737.6917247520628
26799,1737.6917247520628
26800,1737.6917247520628
26801,1737.6917247520628
26802,1737.6917247520628
26803,1737.6917247520628
26804,1737.6917247520628
26805,1737.6917247520628
26806,1737.6917247520628
26807,1737.6917247520628
26808,1737.6917247520628
26809,1737.6917247520628
26810,1737.6917247520628
26811,1737.6917247520628
26812,1737.6917247520628
26813,1737.6917247520628
26814,1737.6917247520628
26815,1737.6917247520628
26816,1737.6917247520628
26817,1737.6917247520628
26818,1737.6917247520628
26819,1737.6917247520628
26820,1737.6917247520628
26821,1737.6917247520628
26822,1737.6917247520628
26823,1737.6917247520628
26824,1737.6917247520628
26825,1737.6917247520628
26826,1737.6917247520628
26827,1737.6917247520628
26828,1737.6917247520628
26829,1737.6917247520628
26830,1737.6917247520628
26831,1737.6917247520628
26832,1737.6917247520628
26833,1737.6917247520628
26834,1737.6917247520628
26835,1737.6917247520628
26836,1737.6917247520628
26837,1737.6917247520628
26838,1737.6917247520628
26839,1737.6917247520628
26840,1737.6917247520628
26841,1737.6917247520628
26842,1737.6917247520628
26843,1737.6917247520628
26844,1737.6917247520628
26845,1737.6917247520628
26846,1737.6917247520628
26847,1737.6917247520628
26848,1737.6917247520628
26849,1737.6917247520628
26850,1737.6917247520628
26851,1737.6917247520628
26852,1737.6917247520628
26853,1737.6917247520628
26854,1737.6917247520628
26855,1737.6917247520628
26856,1737.6917247520628
26857,1737.6917247520628
26858,1737.6917247520628
26859,1737.6917247520628
26860,1737.6917247520628
26861,1737.6917247520628
26862,1737.6917247520628
26863,1737.6917247520628
26864,1737.6917247520628
26865,1737.6917247520628
26866,1737.6917247520628
26867,1737.6917247520628
26868,1737.6917247520628
26869,1737.6917247520628
26870,1737.6917247520628
26871,1737.6917247520628
26872,1737.6917247520628
26873,1737.6917247520628
26874,1737.6917247520628
26875,1737.6917247520628
26876,1737.6917247520628
26877,1737.6917247520628
26878,1737.6917247520628
26879,1737.6917247520628
26880,1737.6917247520628
26881,1737.6917247520628
26882,1737.6917247520628
26883,1737.6917247520628
26884,1737.6917247520628
26885,1737.6917247520628
26886,1737.6917247520628
26887,1737.6917247520628
26888,1737.6917247520628
26889,1737.6917247520628
26890,1737.6917247520628
26891,1737.6917247520628
26892,1737.6917247520628
26893,1737.6917247520628
26894,1737.6917247520628
26895,1737.6917247520628
26896,1737.6917247520628
26897,1737.6917247520628
26898,1737.6917247520628
26899,1737.6917247520628
26900,1737.6917247520628
26901,1737.6917247520628
26902,1737.6917247520628
26903,1737.6917247520628
26904,1737.6917247520628
26905,1737.6917247520628
26906,1737.6917247520628
26907,1737.6917247520628
26908,1737.6917247520628
26909,1737.6917247520628
26910,1737.6917247520628
26911,1737.6917247520628
26912,1737.6917247520628
26913,1737.6917247520628
26914,1737.6917247520628
26915,1737.6917247520628
26916,1737.6917247520628
26917,1737.6917247520628
26918,1737.6917247520628
26919,1737.6917247520628
26920,1737.6917247520628
26921,1737.6917247520628
26922,1737.6917247520628
26923,1737.6917247520628
26924,1737.6917247520628
26925,1737.6917247520628
26926,1737.6917247520628
26927,1737.6917247520628
26928,1737.6917247520628
26929,1737.6917247520628
26930,1737.6917247520628
26931,1737.6917247520628
26932,1737.6917247520628
26933,1737.6917247520628
26934,1737.6917247520628
26935,1737.6917247520628
26936,1737.6917247520628
26937,1737.6917247520628
26938,1737.6917247520628
26939,1737.6917247520628
26940,1737.6917247520628
26941,1737.6917247520628
26942,1737.6917247520628
26943,1737.6917247520628
26944,1737.6917247520628
26945,1737.6917247520628
26946,1737.6917247520628
26947,1737.6917247520628
26948,1737.6917247520628
26949,1737.6917247520628
26950,1737.6917247520628
26951,1737.6917247520628
26952,1737.6917247520628
26953,1737.6917247520628
26954,1737.6917247520628
26955,1737.6917247520628
26956,1737.6917247520628
26957,1737.6917247520628
26958,1737.6917247520628
26959,1737.6917247520628
26960,1737.6917247520628
26961,1737.6917247520628
26962,1737.6917247520628
26963,1737.6917247520628
26964,1737.6917247520628
26965,1737.6917247520628
26966,1737.6917247520628
26967,1737.6917247520628
26968,1737.6917247520628
26969,1737.6917247520628
26970,1737.6917247520628
26971,1737.6917247520628
26972,1737.6917247520628
26973,1737.6917247520628
26974,1737.6917247520628
26975,1737.6917247520628
26976,1737.6917247520628
26977,1737.6917247520628
26978,1737.6917247520628
26979,1737.6917247520628
26980,1737.6917247520628
26981,1737.6917247520628
26982,1737.6917247520628
26983,1737.6917247520628
26984,1737.6917247520628
26985,1737.6917247520628
26986,1737.6917247520628
26987,1737.6917247520628
26988,1737.6917247520628
26989,1737.6917247520628
26990,1737.6917247520628
26991,1737.6917247520628
26992,1737.6917247520628
26993,1737.6917247520628
26994,1737.6917247520628
26995,1737.6917247520628
26996,1737.6917247520628
26997,1737.6917247520628
26998,1737.6917247520628
26999,1737.6917247520628
27000,1737.6917247520628
27001,1737.6917247520628
27002,1737.6917247520628
27003,1737.6917247520628
27004,1737.6917247520628
27005,1737.6917247520628
27006,1737.6917247520628
27007,1737.6917247520628
27008,1737.6917247520628
27009,1737.6917247520628
27010,1737.6917247520628
27011,1737.6917247520628
27012,1737.6917247520628
27013,1737.6917247520628
27014,1737.6917247520628
27015,1737.6917247520628
27016,1737.6917247520628
27017,1737.6917247520628
27018,1737.6917247520628
27019,1737.6917247520628
27020,1737.6917247520628
27021,1737.6917247520628
27022,1737.6917247520628
27023,1737.6917247520628
27024,1737.6917247520628
27025,1737.6917247520628
27026,1737.6917247520628
27027,1737.6917247520628
27028,1737.6917247520628
27029,1737.6917247520628
27030,1737.6917247520628
27031,1737.6917247520628
27032,1737.6917247520628
27033,1737.6917247520628
27034,1737.6917247520628
27035,1737.6917247520628
27036,1737.6917247520628
27037,1737.6917247520628
27038,1737.6917247520628
27039,1737.6917247520628
27040,1737.6917247520628
27041,1737.6917247520628
27042,1737.6917247520628
27043,1737.6917247520628
27044,1737.6917247520628
27045,1737.6917247520628
27046,1737.6917247520628
27047,1737.6917247520628
27048,1737.6917247520628
27049,1737.6917247520628
27050,1737.6917247520628
27051,1737.6917247520628
27052,1737.6917247520628
27053,1737.6917247520628
27054,1737.6917247520628
27055,1737.6917247520628
27056,1737.6917247520628
27057,1737.6917247520628
27058,1737.6917247520628
27059,1737.6917247520628
27060,1737.6917247520628
27061,1737.6917247520628
27062,1737.6917247520628
27063,1737.6917247520628
27064,1737.6917247520628
27065,1737.6917247520628
27066,1737.6917247520628
27067,1737.6917247520628
27068,1737.6917247520628
27069,1737.6917247520628
27070,1737.6917247520628
27071,1737.6917247520628
27072,1737.6917247520628
27073,1737.6917247520628
27074,1737.6917247520628
27075,1737.6917247520628
27076,1737.6917247520628
27077,1737.6917247520628
27078,1737.6917247520628
27079,1737.6917247520628
27080,1737.6917247520628
27081,1737.6917247520628
27082,1737.6917247520628
27083,1737.6917247520628
27084,1737.6917247520628
27085,1737.6917247520628
27086,1737.6917247520628
27087,1737.6917247520628
27088,1737.6917247520628
27089,1737.6917247520628
27090,1737.6917247520628
27091,1737.6917247520628
27092,1737.6917247520628
27093,1737.6917247520628
27094,1737.6917247520628
27095,1737.6917247520628
27096,1737.6917247520628
27097,1737.6917247520628
27098,1737.6917247520628
27099,1737.6917247520628
27100,1737.6917247520628
27101,1737.6917247520628
27102,1737.6917247520628
27103,1737.6917247520628
27104,1737.6917247520628
27105,1737.6917247520628
27106,1737.6917247520628
27107,1737.6917247520628
27108,1737.6917247520628
27109,1737.6917247520628
27110,1737.6917247520628
27111,1737.6917247520628
27112,1737.6917247520628
27113,1737.6917247520628
27114,1737.6917247520628
27115,1737.6917247520628
27116,1737.6917247520628
27117,1737.6917247520628
27118,1737.6917247520628
27119,1737.6917247520628
27120,1737.6917247520628
27121,1737.6917247520628
27122,1737.6917247520628
27123,1737.6917247520628
27124,1737.6917247520628
27125,1737.6917247520628
27126,1737.6917247520628
27127,1737.6917247520628
27128,1737.6917247520628
27129,1737.6917247520628
27130,1737.6917247520628
27131,1737.6917247520628
27132,1737.6917247520628
27133,1737.6917247520628
27134,1737.6917247520628
27135,1737.6917247520628
27136,1737.6917247520628
27137,1737.6917247520628
27138,1737.6917247520628
27139,1737.6917247520628
27140,1737.6917247520628
27141,1737.6917247520628
27142,1737.6917247520628
27143,1737.6917247520628
27144,1737.6917247520628
27145,1737.6917247520628
27146,1737.6917247520628
27147,1737.6917247520628
27148,1737.6917247520628
27149,1737.6917247520628
27150,1737.6917247520628
27151,1737.6917247520628
27152,1737.6917247520628
27153,1737.6917247520628
27154,1737.6917247520628
27155,1737.6917247520628
27156,1737.6917247520628
27157,1737.6917247520628
27158,1737.6917247520628
27159,1737.6917247520628
27160,1737.6917247520628
27161,1737.6917247520628
27162,1737.6917247520628
27163,1737.6917247520628
27164,1737.6917247520628
27165,1737.6917247520628
27166,1737.6917247520628
27167,1737.6917247520628
27168,1737.6917247520628
27169,1737.6917247520628
27170,1737.6917247520628
27171,1737.6917247520628
27172,1737.6917247520628
27173,1737.6917247520628
27174,1737.6917247520628
27175,1737.6917247520628
27176,1737.6917247520628
27177,1737.6917247520628
27178,1737.6917247520628
27179,1737.6917247520628
27180,1737.6917247520628
27181,1737.6917247520628
27182,1737.6917247520628
27183,1737.6917247520628
27184,1737.6917247520628
27185,1737.6917247520628
27186,1737.6917247520628
27187,1737.6917247520628
27188,1737.6917247520628
27189,1737.6917247520628
27190,1737.6917247520628
27191,1737.6917247520628
27192,1737.6917247520628
27193,1737.6917247520628
27194,1737.6917247520628
27195,1737.6917247520628
27196,1737.6917247520628
27197,1737.6917247520628
27198,1737.6917247520628
27199,1737.6917247520628
27200,1737.6917247520628
27201,1737.6917247520628
27202,1737.6917247520628
27203,1737.6917247520628
27204,1737.6917247520628
27205,1737.6917247520628
27206,1737.6917247520628
27207,1737.6917247520628
27208,1737.6917247520628
27209,1737.6917247520628
27210,1737.6917247520628
27211,1737.6917247520628
27212,1737.6917247520628
27213,1737.6917247520628
27214,1737.6917247520628
27215,1737.6917247520628
27216,1737.6917247520628
27217,1737.6917247520628
27218,1737.6917247520628
27219,1737.6917247520628
27220,1737.6917247520628
27221,1737.6917247520628
27222,1737.6917247520628
27223,1737.6917247520628
27224,1737.6917247520628
27225,1737.6917247520628
27226,1737.6917247520628
27227,1737.6917247520628
27228,1737.6917247520628
27229,1737.6917247520628
27230,1737.6917247520628
27231,1737.6917247520628
27232,1737.6917247520628
27233,1737.6917247520628
27234,1737.6917247520628
27235,1737.6917247520628
27236,1737.6917247520628
27237,1737.6917247520628
27238,1737.6917247520628
27239,1737.6917247520628
27240,1737.6917247520628
27241,1737.6917247520628
27242,1737.6917247520628
27243,1737.6917247520628
27244,1737.6917247520628
27245,1737.6917247520628
27246,1737.6917247520628
27247,1737.6917247520628
27248,1737.6917247520628
27249,1737.6917247520628
27250,1737.6917247520628
27251,1737.6917247520628
27252,1737.6917247520628
27253,1737.6917247520628
27254,1737.6917247520628
27255,1737.6917247520628
27256,1737.6917247520628
27257,1737.6917247520628
27258,1737.6917247520628
27259,1737.6917247520628
27260,1737.6917247520628
27261,1737.6917247520628
27262,1737.6917247520628
27263,1737.6917247520628
27264,1737.6917247520628
27265,1737.6917247520628
27266,1737.6917247520628
27267,1737.6917247520628
27268,1737.6917247520628
27269,1737.6917247520628
27270,1737.6917247520628
27271,1737.6917247520628
27272,1737.6917247520628
27273,1737.6917247520628
27274,1737.6917247520628
27275,1737.6917247520628
27276,1737.6917247520628
27277,1737.6917247520628
27278,1737.6917247520628
27279,1737.6917247520628
27280,1737.6917247520628
27281,1737.6917247520628
27282,1737.6917247520628
27283,1737.6917247520628
27284,1737.6917247520628
27285,1737.6917247520628
27286,1737.6917247520628
27287,1737.6917247520628
27288,1737.6917247520628
27289,1737.6917247520628
27290,1737.6917247520628
27291,1737.6917247520628
27292,1737.6917247520628
27293,1737.6917247520628
27294,1737.6917247520628
27295,1737.6917247520628
27296,1737.6917247520628
27297,1737.6917247520628
27298,1737.6917247520628
27299,1737.6917247520628
27300,1737.6917247520628
27301,1737.6917247520628
27302,1737.6917247520628
27303,1737.6917247520628
27304,1737.6917247520628
27305,1737.6917247520628
27306,1737.6917247520628
27307,1737.6917247520628
27308,1737.6917247520628
27309,1737.6917247520628
27310,1737.6917247520628
27311,1737.6917247520628
27312,1737.6917247520628
27313,1737.6917247520628
27314,1737.6917247520628
27315,1737.6917247520628
27316,1737.6917247520628
27317,1737.6917247520628
27318,1737.6917247520628
27319,1737.6917247520628
27320,1737.6917247520628
27321,1737.6917247520628
27322,1737.6917247520628
27323,1737.6917247520628
27324,1737.6917247520628
27325,1737.6917247520628
27326,1737.6917247520628
27327,1737.6917247520628
27328,1737.6917247520628
27329,1737.6917247520628
27330,1737.6917247520628
27331,1737.6917247520628
27332,1737.6917247520628
27333,1737.6917247520628
27334,1737.6917247520628
27335,1737.6917247520628
27336,1737.6917247520628
27337,1737.6917247520628
27338,1737.6917247520628
27339,1737.6917247520628
27340,1737.6917247520628
27341,1737.6917247520628
27342,1737.6917247520628
27343,1737.6917247520628
27344,1737.6917247520628
27345,1737.6917247520628
27346,1737.6917247520628
27347,1737.6917247520628
27348,1737.6917247520628
27349,1737.6917247520628
27350,1737.6917247520628
27351,1737.6917247520628
27352,1737.6917247520628
27353,1737.6917247520628
27354,1737.6917247520628
27355,1737.6917247520628
27356,1737.6917247520628
27357,1737.6917247520628
27358,1737.6917247520628
27359,1737.6917247520628
27360,1737.6917247520628
27361,1737.6917247520628
27362,1737.6917247520628
27363,1737.6917247520628
27364,1737.6917247520628
27365,1737.6917247520628
27366,1737.6917247520628
27367,1737.6917247520628
27368,1737.6917247520628
27369,1737.6917247520628
27370,1737.6917247520628
27371,1737.6917247520628
27372,1737.6917247520628
27373,1737.6917247520628
27374,1737.6917247520628
27375,1737.6917247520628
27376,1737.6917247520628
27377,1737.6917247520628
27378,1737.6917247520628
27379,1737.6917247520628
27380,1737.6917247520628
27381,1737.6917247520628
27382,1737.6917247520628
27383,1737.6917247520628
27384,1737.6917247520628
27385,1737.6917247520628
27386,1737.6917247520628
27387,1737.6917247520628
27388,1737.6917247520628
27389,1737.6917247520628
27390,1737.6917247520628
27391,1737.6917247520628
27392,1737.6917247520628
27393,1737.6917247520628
27394,1737.6917247520628
27395,1737.6917247520628
27396,1737.6917247520628
27397,1737.6917247520628
27398,1737.6917247520628
27399,1737.6917247520628
27400,1737.6917247520628
27401,1737.6917247520628
27402,1737.6917247520628
27403,1737.6917247520628
27404,1737.6917247520628
27405,1737.6917247520628
27406,1737.6917247520628
27407,1737.6917247520628
27408,1737.6917247520628
27409,1737.6917247520628
27410,1737.6917247520628
27411,1737.6917247520628
27412,1737.6917247520628
27413,1737.6917247520628
27414,1737.6917247520628
27415,1737.6917247520628
27416,1737.6917247520628
27417,1737.6917247520628
27418,1737.6917247520628
27419,1737.6917247520628
27420,1737.6917247520628
27421,1737.6917247520628
27422,1737.6917247520628
27423,1737.6917247520628
27424,1737.6917247520628
27425,1737.6917247520628
27426,1737.6917247520628
27427,1737.6917247520628
27428,1737.6917247520628
27429,1737.6917247520628
27430,1737.6917247520628
27431,1737.6917247520628
27432,1737.6917247520628
27433,1737.6917247520628
27434,1737.6917247520628
27435,1737.6917247520628
27436,1737.6917247520628
27437,1737.6917247520628
27438,1737.6917247520628
27439,1737.6917247520628
27440,1737.6917247520628
27441,1737.6917247520628
27442,1737.6917247520628
27443,1737.6917247520628
27444,1737.6917247520628
27445,1737.6917247520628
27446,1737.6917247520628
27447,1737.6917247520628
27448,1737.6917247520628
27449,1737.6917247520628
27450,1737.6917247520628
27451,1737.6917247520628
27452,1737.6917247520628
27453,1737.6917247520628
27454,1737.6917247520628
27455,1737.6917247520628
27456,1737.6917247520628
27457,1737.6917247520628
27458,1737.6917247520628
27459,1737.6917247520628
27460,1737.6917247520628
27461,1737.6917247520628
27462,1737.6917247520628
27463,1737.6917247520628
27464,1737.6917247520628
27465,1737.6917247520628
27466,1737.6917247520628
27467,1737.6917247520628
27468,1737.6917247520628
27469,1737.6917247520628
27470,1737.6917247520628
27471,1737.6917247520628
27472,1737.6917247520628
27473,1737.6917247520628
27474,1737.6917247520628
27475,1737.6917247520628
27476,1737.6917247520628
27477,1737.6917247520628
27478,1737.6917247520628
27479,1737.6917247520628
27480,1737.6917247520628
27481,1737.6917247520628
27482,1737.6917247520628
27483,1737.6917247520628
27484,1737.6917247520628
27485,1737.6917247520628
27486,1737.6917247520628
27487,1737.6917247520628
27488,1737.6917247520628
27489,1737.6917247520628
27490,1737.6917247520628
27491,1737.6917247520628
27492,1737.6917247520628
27493,1737.6917247520628
27494,1737.6917247520628
27495,1737.6917247520628
27496,1737.6917247520628
27497,1737.6917247520628
27498,1737.6917247520628
27499,1737.6917247520628
27500,1737.6917247520628
27501,1737.6917247520628
27502,1737.6917247520628
27503,1737.6917247520628
27504,1737.6917247520628
27505,1737.6917247520628
27506,1737.6917247520628
27507,1737.6917247520628
27508,1737.6917247520628
27509,1737.6917247520628
27510,1737.6917247520628
27511,1737.6917247520628
27512,1737.6917247520628
27513,1737.6917247520628
27514,1737.6917247520628
27515,1737.6917247520628
27516,1737.6917247520628
27517,1737.6917247520628
27518,1737.6917247520628
27519,1737.6917247520628
27520,1737.6917247520628
27521,1737.6917247520628
27522,1737.6917247520628
27523,1737.6917247520628
27524,1737.6917247520628
27525,1737.6917247520628
27526,1737.6917247520628
27527,1737.6917247520628
27528,1737.6917247520628
27529,1737.6917247520628
27530,1737.6917247520628
27531,1737.6917247520628
27532,1737.6917247520628
27533,1737.6917247520628
27534,1737.6917247520628
27535,1737.6917247520628
27536,1737.6917247520628
27537,1737.6917247520628
27538,1737.6917247520628
27539,1737.6917247520628
27540,1737.6917247520628
27541,1737.6917247520628
27542,1737.6917247520628
27543,1737.6917247520628
27544,1737.6917247520628
27545,1737.6917247520628
27546,1737.6917247520628
27547,1737.6917247520628
27548,1737.6917247520628
27549,1737.6917247520628
27550,1737.6917247520628
27551,1737.6917247520628
27552,1737.6917247520628
27553,1737.6917247520628
27554,1737.6917247520628
27555,1737.6917247520628
27556,1737.6917247520628
27557,1737.6917247520628
27558,1737.6917247520628
27559,1737.6917247520628
27560,1737.6917247520628
27561,1737.6917247520628
27562,1737.6917247520628
27563,1737.6917247520628
27564,1737.6917247520628
27565,1737.6917247520628
27566,1737.6917247520628
27567,1737.6917247520628
27568,1737.6917247520628
27569,1737.6917247520628
27570,1737.6917247520628
27571,1737.6917247520628
27572,1737.6917247520628
27573,1737.6917247520628
27574,1737.6917247520628
27575,1737.6917247520628
27576,1737.6917247520628
27577,1737.6917247520628
27578,1737.6917247520628
27579,1737.6917247520628
27580,1737.6917247520628
27581,1737.6917247520628
27582,1737.6917247520628
27583,1737.6917247520628
27584,1737.6917247520628
27585,1737.6917247520628
27586,1737.6917247520628
27587,1737.6917247520628
27588,1737.6917247520628
27589,1737.6917247520628
27590,1737.6917247520628
27591,1737.6917247520628
27592,1737.6917247520628
27593,1737.6917247520628
27594,1737.6917247520628
27595,1737.6917247520628
27596,1737.6917247520628
27597,1737.6917247520628
27598,1737.6917247520628
27599,1737.6917247520628
27600,1737.6917247520628
27601,1737.6917247520628
27602,1737.6917247520628
27603,1737.6917247520628
27604,1737.6917247520628
27605,1737.6917247520628
27606,1737.6917247520628
27607,1737.6917247520628
27608,1737.6917247520628
27609,1737.6917247520628
27610,1737.6917247520628
27611,1737.6917247520628
27612,1737.6917247520628
27613,1737.6917247520628
27614,1737.6917247520628
27615,1737.6917247520628
27616,1737.6917247520628
27617,1737.6917247520628
27618,1737.6917247520628
27619,1737.6917247520628
27620,1737.6917247520628
27621,1737.6917247520628
27622,1737.6917247520628
27623,1737.6917247520628
27624,1737.6917247520628
27625,1737.6917247520628
27626,1737.6917247520628
27627,1737.6917247520628
27628,1737.6917247520628
27629,1737.6917247520628
27630,1737.6917247520628
27631,1737.6917247520628
27632,1737.6917247520628
27633,1737.6917247520628
27634,1737.6917247520628
27635,1737.6917247520628
27636,1737.6917247520628
27637,1737.6917247520628
27638,1737.6917247520628
27639,1737.6917247520628
27640,1737.6917247520628
27641,1737.6917247520628
27642,1737.6917247520628
27643,1737.6917247520628
27644,1737.6917247520628
27645,1737.6917247520628
27646,1737.6917247520628
27647,1737.6917247520628
27648,1737.6917247520628
27649,1737.6917247520628
27650,1737.6917247520628
27651,1737.6917247520628
27652,1737.6917247520628
27653,1737.6917247520628
27654,1737.6917247520628
27655,1737.6917247520628
27656,1737.6917247520628
27657,1737.6917247520628
27658,1737.6917247520628
27659,1737.6917247520628
27660,1737.6917247520628
27661,1737.6917247520628
27662,1737.6917247520628
27663,1737.6917247520628
27664,1737.6917247520628
27665,1737.6917247520628
27666,1737.6917247520628
27667,1737.6917247520628
27668,1737.6917247520628
27669,1737.6917247520628
27670,1737.6917247520628
27671,1737.6917247520628
27672,1737.6917247520628
27673,1737.6917247520628
27674,1737.6917247520628
27675,1737.6917247520628
27676,1737.6917247520628
27677,1737.6917247520628
27678,1737.6917247520628
27679,1737.6917247520628
27680,1737.6917247520628
27681,1737.6917247520628
27682,1737.6917247520628
27683,1737.6917247520628
27684,1737.6917247520628
27685,1737.6917247520628
27686,1737.6917247520628
27687,1737.6917247520628
27688,1737.6917247520628
27689,1737.6917247520628
27690,1737.6917247520628
27691,1737.6917247520628
27692,1737.6917247520628
27693,1737.6917247520628
27694,1737.6917247520628
27695,1737.6917247520628
27696,1737.6917247520628
27697,1737.6917247520628
27698,1737.6917247520628
27699,1737.6917247520628
27700,1737.6917247520628
27701,1737.6917247520628
27702,1737.6917247520628
27703,1737.6917247520628
27704,1737.6917247520628
27705,1737.6917247520628
27706,1737.6917247520628
27707,1737.6917247520628
27708,1737.6917247520628
27709,1737.6917247520628
27710,1737.6917247520628
27711,1737.6917247520628
27712,1737.6917247520628
27713,1737.6917247520628
27714,1737.6917247520628
27715,1737.6917247520628
27716,1737.6917247520628
27717,1737.6917247520628
27718,1737.6917247520628
27719,1737.6917247520628
27720,1737.6917247520628
27721,1737.6917247520628
27722,1737.6917247520628
27723,1737.6917247520628
27724,1737.6917247520628
27725,1737.6917247520628
27726,1737.6917247520628
27727,1737.6917247520628
27728,1737.6917247520628
27729,1737.6917247520628
27730,1737.6917247520628
27731,1737.6917247520628
27732,1737.6917247520628
27733,1737.6917247520628
27734,1737.6917247520628
27735,1737.6917247520628
27736,1737.6917247520628
27737,1737.6917247520628
27738,1737.6917247520628
27739,1737.6917247520628
27740,1737.6917247520628
27741,1737.6917247520628
27742,1737.6917247520628
27743,1737.6917247520628
27744,1737.6917247520628
27745,1737.6917247520628
27746,1737.6917247520628
27747,1737.6917247520628
27748,1737.6917247520628
27749,1737.6917247520628
27750,1737.6917247520628
27751,1737.6917247520628
27752,1737.6917247520628
27753,1737.6917247520628
27754,1737.6917247520628
27755,1737.6917247520628
27756,1737.6917247520628
27757,1737.6917247520628
27758,1737.6917247520628
27759,1737.6917247520628
27760,1737.6917247520628
27761,1737.6917247520628
27762,1737.6917247520628
27763,1737.6917247520628
27764,1737.6917247520628
27765,1737.6917247520628
27766,1737.6917247520628
27767,1737.6917247520628
27768,1737.6917247520628
27769,1737.6917247520628
27770,1737.6917247520628
27771,1737.6917247520628
27772,1737.6917247520628
27773,1737.6917247520628
27774,1737.6917247520628
27775,1737.6917247520628
27776,1737.6917247520628
27777,1737.6917247520628
27778,1737.6917247520628
27779,1737.6917247520628
27780,1737.6917247520628
27781,1737.6917247520628
27782,1737.6917247520628
27783,1737.6917247520628
27784,1737.6917247520628
27785,1737.6917247520628
27786,1737.6917247520628
27787,1737.6917247520628
27788,1737.6917247520628
27789,1737.6917247520628
27790,1737.6917247520628
27791,1737.6917247520628
27792,1737.6917247520628
27793,1737.6917247520628
27794,1737.6917247520628
27795,1737.6917247520628
27796,1737.6917247520628
27797,1737.6917247520628
27798,1737.6917247520628
27799,1737.6917247520628
27800,1737.6917247520628
27801,1737.6917247520628
27802,1737.6917247520628
27803,1737.6917247520628
27804,1737.6917247520628
27805,1737.6917247520628
27806,1737.6917247520628
27807,1737.6917247520628
27808,1737.6917247520628
27809,1737.6917247520628
27810,1737.6917247520628
27811,1737.6917247520628
27812,1737.6917247520628
27813,1737.6917247520628
27814,1737.6917247520628
27815,1737.6917247520628
27816,1737.6917247520628
27817,1737.6917247520628
27818,1737.6917247520628
27819,1737.6917247520628
27820,1737.6917247520628
27821,1737.6917247520628
27822,1737.6917247520628
27823,1737.6917247520628
27824,1737.6917247520628
27825,1737.6917247520628
27826,1737.6917247520628
27827,1737.6917247520628
27828,1737.6917247520628
27829,1737.6917247520628
27830,1737.6917247520628
27831,1737.6917247520628
27832,1737.6917247520628
27833,1737.6917247520628
27834,1737.6917247520628
27835,1737.6917247520628
27836,1737.6917247520628
27837,1737.6917247520628
27838,1737.6917247520628
27839,1737.6917247520628
27840,1737.6917247520628
27841,1737.6917247520628
27842,1737.6917247520628
27843,1737.6917247520628
27844,1737.6917247520628
27845,1737.6917247520628
27846,1737.6917247520628
27847,1737.6917247520628
27848,1737.6917247520628
27849,1737.6917247520628
27850,1737.6917247520628
27851,1737.6917247520628
27852,1737.6917247520628
27853,1737.6917247520628
27854,1737.6917247520628
27855,1737.6917247520628
27856,1737.6917247520628
27857,1737.6917247520628
27858,1737.6917247520628
27859,1737.6917247520628
27860,1737.6917247520628
27861,1737.6917247520628
27862,1737.6917247520628
27863,1737.6917247520628
27864,1737.6917247520628
27865,1737.6917247520628
27866,1737.6917247520628
27867,1737.6917247520628
27868,1737.6917247520628
27869,1737.6917247520628
27870,1737.6917247520628
27871,1737.6917247520628
27872,1737.6917247520628
27873,1737.6917247520628
27874,1737.6917247520628
27875,1737.6917247520628
27876,1737.6917247520628
27877,1737.6917247520628
27878,1737.6917247520628
27879,1737.6917247520628
27880,1737.6917247520628
27881,1737.6917247520628
27882,1737.6917247520628
27883,1737.6917247520628
27884,1737.6917247520628
27885,1737.6917247520628
27886,1737.6917247520628
27887,1737.6917247520628
27888,1737.6917247520628
27889,1737.6917247520628
27890,1737.6917247520628
27891,1737.6917247520628
27892,1737.6917247520628
27893,1737.6917247520628
27894,1737.6917247520628
27895,1737.6917247520628
27896,1737.6917247520628
27897,1737.6917247520628
27898,1737.6917247520628
27899,1737.6917247520628
27900,1737.6917247520628
27901,1737.6917247520628
27902,1737.6917247520628
27903,1737.6917247520628
27904,1737.6917247520628
27905,1737.6917247520628
27906,1737.6917247520628
27907,1737.6917247520628
27908,1737.6917247520628
27909,1737.6917247520628
27910,1737.6917247520628
27911,1737.6917247520628
27912,1737.6917247520628
27913,1737.6917247520628
27914,1737.6917247520628
27915,1737.6917247520628
27916,1737.6917247520628
27917,1737.6917247520628
27918,1737.6917247520628
27919,1737.6917247520628
27920,1737.6917247520628
27921,1737.6917247520628
27922,1737.6917247520628
27923,1737.6917247520628
27924,1737.6917247520628
27925,1737.6917247520628
27926,1737.6917247520628
27927,1737.6917247520628
27928,1737.6917247520628
27929,1737.6917247520628
27930,1737.6917247520628
27931,1737.6917247520628
27932,1737.6917247520628
27933,1737.6917247520628
27934,1737.6917247520628
27935,1737.6917247520628
27936,1737.6917247520628
27937,1737.6917247520628
27938,1737.6917247520628
27939,1737.6917247520628
27940,1737.6917247520628
27941,1737.6917247520628
27942,1737.6917247520628
27943,1737.6917247520628
27944,1737.6917247520628
27945,1737.6917247520628
27946,1737.6917247520628
27947,1737.6917247520628
27948,1737.6917247520628
27949,1737.6917247520628
27950,1737.6917247520628
27951,1737.6917247520628
27952,1737.6917247520628
27953,1737.6917247520628
27954,1737.6917247520628
27955,1737.6917247520628
27956,1737.6917247520628
27957,1737.6917247520628
27958,1737.6917247520628
27959,1737.6917247520628
27960,1737.6917247520628
27961,1737.6917247520628
27962,1737.6917247520628
27963,1737.6917247520628
27964,1737.6917247520628
27965,1737.6917247520628
27966,1737.6917247520628
27967,1737.6917247520628
27968,1737.6917247520628
27969,1737.6917247520628
27970,1737.6917247520628
27971,1737.6917247520628
27972,1737.6917247520628
27973,1737.6917247520628
27974,1737.6917247520628
27975,1737.6917247520628
27976,1737.6917247520628
27977,1737.6917247520628
27978,1737.6917247520628
27979,1737.6917247520628
27980,1737.6917247520628
27981,1737.6917247520628
27982,1737.6917247520628
27983,1737.6917247520628
27984,1737.6917247520628
27985,1737.6917247520628
27986,1737.6917247520628
27987,1737.6917247520628
27988,1737.6917247520628
27989,1737.6917247520628
27990,1737.6917247520628
27991,1737.6917247520628
27992,1737.6917247520628
27993,1737.6917247520628
27994,1737.6917247520628
27995,1737.6917247520628
27996,1737.6917247520628
27997,1737.6917247520628
27998,1737.6917247520628
27999,1737.6917247520628
28000,1737.6917247520628
28001,1737.6917247520628
28002,1737.6917247520628
28003,1737.6917247520628
28004,1737.6917247520628
28005,1737.6917247520628
28006,1737.6917247520628
28007,1737.6917247520628
28008,1737.6917247520628
28009,1737.6917247520628
28010,1737.6917247520628
28011,1737.6917247520628
28012,1737.6917247520628
28013,1737.6917247520628
28014,1737.6917247520628
28015,1737.6917247520628
28016,1737.6917247520628
28017,1737.6917247520628
28018,1737.6917247520628
28019,1737.6917247520628
28020,1737.6917247520628
28021,1737.6917247520628
28022,1737.6917247520628
28023,1737.6917247520628
28024,1737.6917247520628
28025,1737.6917247520628
28026,1737.6917247520628
28027,1737.6917247520628
28028,1737.6917247520628
28029,1737.6917247520628
28030,1737.6917247520628
28031,1737.6917247520628
28032,1737.6917247520628
28033,1737.6917247520628
28034,1737.6917247520628
28035,1737.6917247520628
28036,1737.6917247520628
28037,1737.6917247520628
28038,1737.6917247520628
28039,1737.6917247520628
28040,1737.6917247520628
28041,1737.6917247520628
28042,1737.6917247520628
28043,1737.6917247520628
28044,1737.6917247520628
28045,1737.6917247520628
28046,1737.6917247520628
28047,1737.6917247520628
28048,1737.6917247520628
28049,1737.6917247520628
28050,1737.6917247520628
28051,1737.6917247520628
28052,1737.6917247520628
28053,1737.6917247520628
28054,1737.6917247520628
28055,1737.6917247520628
28056,1737.6917247520628
28057,1737.6917247520628
28058,1737.6917247520628
28059,1737.6917247520628
28060,1737.6917247520628
28061,1737.6917247520628
28062,1737.6917247520628
28063,1737.6917247520628
28064,1737.6917247520628
28065,1737.6917247520628
28066,1737.6917247520628
28067,1737.6917247520628
28068,1737.6917247520628
28069,1737.6917247520628
28070,1737.6917247520628
28071,1737.6917247520628
28072,1737.6917247520628
28073,1737.6917247520628
28074,1737.6917247520628
28075,1737.6917247520628
28076,1737.6917247520628
28077,1737.6917247520628
28078,1737.6917247520628
28079,1737.6917247520628
28080,1737.6917247520628
28081,1737.6917247520628
28082,1737.6917247520628
28083,1737.6917247520628
28084,1737.6917247520628
28085,1737.6917247520628
28086,1737.6917247520628
28087,1737.6917247520628
28088,1737.6917247520628
28089,1737.6917247520628
28090,1737.6917247520628
28091,1737.6917247520628
28092,1737.6917247520628
28093,1737.6917247520628
28094,1737.6917247520628
28095,1737.6917247520628
28096,1737.6917247520628
28097,1737.6917247520628
28098,1737.6917247520628
28099,1737.6917247520628
28100,1737.6917247520628
28101,1737.6917247520628
28102,1737.6917247520628
28103,1737.6917247520628
28104,1737.6917247520628
28105,1737.6917247520628
28106,1737.6917247520628
28107,1737.6917247520628
28108,1737.6917247520628
28109,1737.6917247520628
28110,1737.6917247520628
28111,1737.6917247520628
28112,1737.6917247520628
28113,1737.6917247520628
28114,1737.6917247520628
28115,1737.6917247520628
28116,1737.6917247520628
28117,1737.6917247520628
28118,1737.6917247520628
28119,1737.6917247520628
28120,1737.6917247520628
28121,1737.6917247520628
28122,1737.6917247520628
28123,1737.6917247520628
28124,1737.6917247520628
28125,1737.6917247520628
28126,1737.6917247520628
28127,1737.6917247520628
28128,1737.6917247520628
28129,1737.6917247520628
28130,1737.6917247520628
28131,1737.6917247520628
28132,1737.6917247520628
28133,1737.6917247520628
28134,1737.6917247520628
28135,1737.6917247520628
28136,1737.6917247520628
28137,1737.6917247520628
28138,1737.6917247520628
28139,1737.6917247520628
28140,1737.6917247520628
28141,1737.6917247520628
28142,1737.6917247520628
28143,1737.6917247520628
28144,1737.6917247520628
28145,1737.6917247520628
28146,1737.6917247520628
28147,1737.6917247520628
28148,1737.6917247520628
28149,1737.6917247520628
28150,1737.6917247520628
28151,1737.6917247520628
28152,1737.6917247520628
28153,1737.6917247520628
28154,1737.6917247520628
28155,1737.6917247520628
28156,1737.6917247520628
28157,1737.6917247520628
28158,1737.6917247520628
28159,1737.6917247520628
28160,1737.6917247520628
28161,1737.6917247520628
28162,1737.6917247520628
28163,1737.6917247520628
28164,1737.6917247520628
28165,1737.6917247520628
28166,1737.6917247520628
28167,1737.6917247520628
28168,1737.6917247520628
28169,1737.6917247520628
28170,1737.6917247520628
28171,1737.6917247520628
28172,1737.6917247520628
28173,1737.6917247520628
28174,1737.6917247520628
28175,1737.6917247520628
28176,1737.6917247520628
28177,1737.6917247520628
28178,1737.6917247520628
28179,1737.6917247520628
28180,1737.6917247520628
28181,1737.6917247520628
28182,1737.6917247520628
28183,1737.6917247520628
28184,1737.6917247520628
28185,1737.6917247520628
28186,1737.6917247520628
28187,1737.6917247520628
28188,1737.6917247520628
28189,1737.6917247520628
28190,1737.6917247520628
28191,1737.6917247520628
28192,1737.6917247520628
28193,1737.6917247520628
28194,1737.6917247520628
28195,1737.6917247520628
28196,1737.6917247520628
28197,1737.6917247520628
28198,1737.6917247520628
28199,1737.6917247520628
28200,1737.6917247520628
28201,1737.6917247520628
28202,1737.6917247520628
28203,1737.6917247520628
28204,1737.6917247520628
28205,1737.6917247520628
28206,1737.6917247520628
28207,1737.6917247520628
28208,1737.6917247520628
28209,1737.6917247520628
28210,1737.6917247520628
28211,1737.6917247520628
28212,1737.6917247520628
28213,1737.6917247520628
28214,1737.6917247520628
28215,1737.6917247520628
28216,1737.6917247520628
28217,1737.6917247520628
28218,1737.6917247520628
28219,1737.6917247520628
28220,1737.6917247520628
28221,1737.6917247520628
28222,1737.6917247520628
28223,1737.6917247520628
28224,1737.6917247520628
28225,1737.6917247520628
28226,1737.6917247520628
28227,1737.6917247520628
28228,1737.6917247520628
28229,1737.6917247520628
28230,1737.6917247520628
28231,1737.6917247520628
28232,1737.6917247520628
28233,1737.6917247520628
28234,1737.6917247520628
28235,1737.6917247520628
28236,1737.6917247520628
28237,1737.6917247520628
28238,1737.6917247520628
28239,1737.6917247520628
28240,1737.6917247520628
28241,1737.6917247520628
28242,1737.6917247520628
28243,1737.6917247520628
28244,1737.6917247520628
28245,1737.6917247520628
28246,1737.6917247520628
28247,1737.6917247520628
28248,1737.6917247520628
28249,1737.6917247520628
28250,1737.6917247520628
28251,1737.6917247520628
28252,1737.6917247520628
28253,1737.6917247520628
28254,1737.6917247520628
28255,1737.6917247520628
28256,1737.6917247520628
28257,1737.6917247520628
28258,1737.6917247520628
28259,1737.6917247520628
28260,1737.6917247520628
28261,1737.6917247520628
28262,1737.6917247520628
28263,1737.6917247520628
28264,1737.6917247520628
28265,1737.6917247520628
28266,1737.6917247520628
28267,1737.6917247520628
28268,1737.6917247520628
28269,1737.6917247520628
28270,1737.6917247520628
28271,1737.6917247520628
28272,1737.6917247520628
28273,1737.6917247520628
28274,1737.6917247520628
28275,1737.6917247520628
28276,1737.6917247520628
28277,1737.6917247520628
28278,1737.6917247520628
28279,1737.6917247520628
28280,1737.6917247520628
28281,1737.6917247520628
28282,1737.6917247520628
28283,1737.6917247520628
28284,1737.6917247520628
28285,1737.6917247520628
28286,1737.6917247520628
28287,1737.6917247520628
28288,1737.6917247520628
28289,1737.6917247520628
28290,1737.6917247520628
28291,1737.6917247520628
28292,1737.6917247520628
28293,1737.6917247520628
28294,1737.6917247520628
28295,1737.6917247520628
28296,1737.6917247520628
28297,1737.6917247520628
28298,1737.6917247520628
28299,1737.6917247520628
28300,1737.6917247520628
28301,1737.6917247520628
28302,1737.6917247520628
28303,1737.6917247520628
28304,1737.6917247520628
28305,1737.6917247520628
28306,1737.6917247520628
28307,1737.6917247520628
28308,1737.6917247520628
28309,1737.6917247520628
28310,1737.6917247520628
28311,1737.6917247520628
28312,1737.6917247520628
28313,1737.6917247520628
28314,1737.6917247520628
28315,1737.6917247520628
28316,1737.6917247520628
28317,1737.6917247520628
28318,1737.6917247520628
28319,1737.6917247520628
28320,1737.6917247520628
28321,1737.6917247520628
28322,1737.6917247520628
28323,1737.6917247520628
28324,1737.6917247520628
28325,1737.6917247520628
28326,1737.6917247520628
28327,1737.6917247520628
28328,1737.6917247520628
28329,1737.6917247520628
28330,1737.6917247520628
28331,1737.6917247520628
28332,1737.6917247520628
28333,1737.6917247520628
28334,1737.6917247520628
28335,1737.6917247520628
28336,1737.6917247520628
28337,1737.6917247520628
28338,1737.6917247520628
28339,1737.6917247520628
28340,1737.6917247520628
28341,1737.6917247520628
28342,1737.6917247520628
28343,1737.6917247520628
28344,1737.6917247520628
28345,1737.6917247520628
28346,1737.6917247520628
28347,1737.6917247520628
28348,1737.6917247520628
28349,1737.6917247520628
28350,1737.6917247520628
28351,1737.6917247520628
28352,1737.6917247520628
28353,1737.6917247520628
28354,1737.6917247520628
28355,1737.6917247520628
28356,1737.6917247520628
28357,1737.6917247520628
28358,1737.6917247520628
28359,1737.6917247520628
28360,1737.6917247520628
28361,1737.6917247520628
28362,1737.6917247520628
28363,1737.6917247520628
28364,1737.6917247520628
28365,1737.6917247520628
28366,1737.6917247520628
28367,1737.6917247520628
28368,1737.6917247520628
28369,1737.6917247520628
28370,1737.6917247520628
28371,1737.6917247520628
28372,1737.6917247520628
28373,1737.6917247520628
28374,1737.6917247520628
28375,1737.6917247520628
28376,1737.6917247520628
28377,1737.6917247520628
28378,1737.6917247520628
28379,1737.6917247520628
28380,1737.6917247520628
28381,1737.6917247520628
28382,1737.6917247520628
28383,1737.6917247520628
28384,1737.6917247520628
28385,1737.6917247520628
28386,1737.6917247520628
28387,1737.6917247520628
28388,1737.6917247520628
28389,1737.6917247520628
28390,1737.6917247520628
28391,1737.6917247520628
28392,1737.6917247520628
28393,1737.6917247520628
28394,1737.6917247520628
28395,1737.6917247520628
28396,1737.6917247520628
28397,1737.6917247520628
28398,1737.6917247520628
28399,1737.6917247520628
28400,1737.6917247520628
28401,1737.6917247520628
28402,1737.6917247520628
28403,1737.6917247520628
28404,1737.6917247520628
28405,1737.6917247520628
28406,1737.6917247520628
28407,1737.6917247520628
28408,1737.6917247520628
28409,1737.6917247520628
28410,1737.6917247520628
28411,1737.6917247520628
28412,1737.6917247520628
28413,1737.6917247520628
28414,1737.6917247520628
28415,1737.6917247520628
28416,1737.6917247520628
28417,1737.6917247520628
28418,1737.6917247520628
28419,1737.6917247520628
28420,1737.6917247520628
28421,1737.6917247520628
28422,1737.6917247520628
28423,1737.6917247520628
28424,1737.6917247520628
28425,1737.6917247520628
28426,1737.6917247520628
28427,1737.6917247520628
28428,1737.6917247520628
28429,1737.6917247520628
28430,1737.6917247520628
28431,1737.6917247520628
28432,1737.6917247520628
28433,1737.6917247520628
28434,1737.6917247520628
28435,1737.6917247520628
28436,1737.6917247520628
28437,1737.6917247520628
28438,1737.6917247520628
28439,1737.6917247520628
28440,1737.6917247520628
28441,1737.6917247520628
28442,1737.6917247520628
28443,1737.6917247520628
28444,1737.6917247520628
28445,1737.6917247520628
28446,1737.6917247520628
28447,1737.6917247520628
28448,1737.6917247520628
28449,1737.6917247520628
28450,1737.6917247520628
28451,1737.6917247520628
28452,1737.6917247520628
28453,1737.6917247520628
28454,1737.6917247520628
28455,1737.6917247520628
28456,1737.6917247520628
28457,1737.6917247520628
28458,1737.6917247520628
28459,1737.6917247520628
28460,1737.6917247520628
28461,1737.6917247520628
28462,1737.6917247520628
28463,1737.6917247520628
28464,1737.6917247520628
28465,1737.6917247520628
28466,1737.6917247520628
28467,1737.6917247520628
28468,1737.6917247520628
28469,1737.6917247520628
28470,1737.6917247520628
28471,1737.6917247520628
28472,1737.6917247520628
28473,1737.6917247520628
28474,1737.6917247520628
28475,1737.6917247520628
28476,1737.6917247520628
28477,1737.6917247520628
28478,1737.6917247520628
28479,1737.6917247520628
28480,1737.6917247520628
28481,1737.6917247520628
28482,1737.6917247520628
28483,1737.6917247520628
28484,1737.6917247520628
28485,1737.6917247520628
28486,1737.6917247520628
28487,1737.6917247520628
28488,1737.6917247520628
28489,1737.6917247520628
28490,1737.6917247520628
28491,1737.6917247520628
28492,1737.6917247520628
28493,1737.6917247520628
28494,1737.6917247520628
28495,1737.6917247520628
28496,1737.6917247520628
28497,1737.6917247520628
28498,1737.6917247520628
28499,1737.6917247520628
28500,1737.6917247520628
28501,1737.6917247520628
28502,1737.6917247520628
28503,1737.6917247520628
28504,1737.6917247520628
28505,1737.6917247520628
28506,1737.6917247520628
28507,1737.6917247520628
28508,1737.6917247520628
28509,1737.6917247520628
28510,1737.6917247520628
28511,1737.6917247520628
28512,1737.6917247520628
28513,1737.6917247520628
28514,1737.6917247520628
28515,1737.6917247520628
28516,1737.6917247520628
28517,1737.6917247520628
28518,1737.6917247520628
28519,1737.6917247520628
28520,1737.6917247520628
28521,1737.6917247520628
28522,1737.6917247520628
28523,1737.6917247520628
28524,1737.6917247520628
28525,1737.6917247520628
28526,1737.6917247520628
28527,1737.6917247520628
28528,1737.6917247520628
28529,1737.6917247520628
28530,1737.6917247520628
28531,1737.6917247520628
28532,1737.6917247520628
28533,1737.6917247520628
28534,1737.6917247520628
28535,1737.6917247520628
28536,1737.6917247520628
28537,1737.6917247520628
28538,1737.6917247520628
28539,1737.6917247520628
28540,1737.6917247520628
28541,1737.6917247520628
28542,1737.6917247520628
28543,1737.6917247520628
28544,1737.6917247520628
28545,1737.6917247520628
28546,1737.6917247520628
28547,1737.6917247520628
28548,1737.6917247520628
28549,1737.6917247520628
28550,1737.6917247520628
28551,1737.6917247520628
28552,1737.6917247520628
28553,1737.6917247520628
28554,1737.6917247520628
28555,1737.6917247520628
28556,1737.6917247520628
28557,1737.6917247520628
28558,1737.6917247520628
28559,1737.6917247520628
28560,1737.6917247520628
28561,1737.6917247520628
28562,1737.6917247520628
28563,1737.6917247520628
28564,1737.6917247520628
28565,1737.6917247520628
28566,1737.6917247520628
28567,1737.6917247520628
28568,1737.6917247520628
28569,1737.6917247520628
28570,1737.6917247520628
28571,1737.6917247520628
28572,1737.6917247520628
28573,1737.6917247520628
28574,1737.6917247520628
28575,1737.6917247520628
28576,1737.6917247520628
28577,1737.6917247520628
28578,1737.6917247520628
28579,1737.6917247520628
28580,1737.6917247520628
28581,1737.6917247520628
28582,1737.6917247520628
28583,1737.6917247520628
28584,1737.6917247520628
28585,1737.6917247520628
28586,1737.6917247520628
28587,1737.6917247520628
28588,1737.6917247520628
28589,1737.6917247520628
28590,1737.6917247520628
28591,1737.6917247520628
28592,1737.6917247520628
28593,1737.6917247520628
28594,1737.6917247520628
28595,1737.6917247520628
28596,1737.6917247520628
28597,1737.6917247520628
28598,1737.6917247520628
28599,1737.6917247520628
28600,1737.6917247520628
28601,1737.6917247520628
28602,1737.6917247520628
28603,1737.6917247520628
28604,1737.6917247520628
28605,1737.6917247520628
28606,1737.6917247520628
28607,1737.6917247520628
28608,1737.6917247520628
28609,1737.6917247520628
28610,1737.6917247520628
28611,1737.6917247520628
28612,1737.6917247520628
28613,1737.6917247520628
28614,1737.6917247520628
28615,1737.6917247520628
28616,1737.6917247520628
28617,1737.6917247520628
28618,1737.6917247520628
28619,1737.6917247520628
28620,1737.6917247520628
28621,1737.6917247520628
28622,1737.6917247520628
28623,1737.6917247520628
28624,1737.6917247520628
28625,1737.6917247520628
28626,1737.6917247520628
28627,1737.6917247520628
28628,1737.6917247520628
28629,1737.6917247520628
28630,1737.6917247520628
28631,1737.6917247520628
28632,1737.6917247520628
28633,1737.6917247520628
28634,1737.6917247520628
28635,1737.6917247520628
28636,1737.6917247520628
28637,1737.6917247520628
28638,1737.6917247520628
28639,1737.6917247520628
28640,1737.6917247520628
28641,1737.6917247520628
28642,1737.6917247520628
28643,1737.6917247520628
28644,1737.6917247520628
28645,1737.6917247520628
28646,1737.6917247520628
28647,1737.6917247520628
28648,1737.6917247520628
28649,1737.6917247520628
28650,1737.6917247520628
28651,1737.6917247520628
28652,1737.6917247520628
28653,1737.6917247520628
28654,1737.6917247520628
28655,1737.6917247520628
28656,1737.6917247520628
28657,1737.6917247520628
28658,1737.6917247520628
28659,1737.6917247520628
28660,1737.6917247520628
28661,1737.6917247520628
28662,1737.6917247520628
28663,1737.6917247520628
28664,1737.6917247520628
28665,1737.6917247520628
28666,1737.6917247520628
28667,1737.6917247520628
28668,1737.6917247520628
28669,1737.6917247520628
28670,1737.6917247520628
28671,1737.6917247520628
28672,1737.6917247520628
28673,1737.6917247520628
28674,1737.6917247520628
28675,1737.6917247520628
28676,1737.6917247520628
28677,1737.6917247520628
28678,1737.6917247520628
28679,1737.6917247520628
28680,1737.6917247520628
28681,1737.6917247520628
28682,1737.6917247520628
28683,1737.6917247520628
28684,1737.6917247520628
28685,1737.6917247520628
28686,1737.6917247520628
28687,1737.6917247520628
28688,1737.6917247520628
28689,1737.6917247520628
28690,1737.6917247520628
28691,1737.6917247520628
28692,1737.6917247520628
28693,1737.6917247520628
28694,1737.6917247520628
28695,1737.6917247520628
28696,1737.6917247520628
28697,1737.6917247520628
28698,1737.6917247520628
28699,1737.6917247520628
28700,1737.6917247520628
28701,1737.6917247520628
28702,1737.6917247520628
28703,1737.6917247520628
28704,1737.6917247520628
28705,1737.6917247520628
28706,1737.6917247520628
28707,1737.6917247520628
28708,1737.6917247520628
28709,1737.6917247520628
28710,1737.6917247520628
28711,1737.6917247520628
28712,1737.6917247520628
28713,1737.6917247520628
28714,1737.6917247520628
28715,1737.6917247520628
28716,1737.6917247520628
28717,1737.6917247520628
28718,1737.6917247520628
28719,1737.6917247520628
28720,1737.6917247520628
28721,1737.6917247520628
28722,1737.6917247520628
28723,1737.6917247520628
28724,1737.6917247520628
28725,1737.6917247520628
28726,1737.6917247520628
28727,1737.6917247520628
28728,1737.6917247520628
28729,1737.6917247520628
28730,1737.6917247520628
28731,1737.6917247520628
28732,1737.6917247520628
28733,1737.6917247520628
28734,1737.6917247520628
28735,1737.6917247520628
28736,1737.6917247520628
28737,1737.6917247520628
28738,1737.6917247520628
28739,1737.6917247520628
28740,1737.6917247520628
28741,1737.6917247520628
28742,1737.6917247520628
28743,1737.6917247520628
28744,1737.6917247520628
28745,1737.6917247520628
28746,1737.6917247520628
28747,1737.6917247520628
28748,1737.6917247520628
28749,1737.6917247520628
28750,1737.6917247520628
28751,1737.6917247520628
28752,1737.6917247520628
28753,1737.6917247520628
28754,1737.6917247520628
28755,1737.6917247520628
28756,1737.6917247520628
28757,1737.6917247520628
28758,1737.6917247520628
28759,1737.6917247520628
28760,1737.6917247520628
28761,1737.6917247520628
28762,1737.6917247520628
28763,1737.6917247520628
28764,1737.6917247520628
28765,1737.6917247520628
28766,1737.6917247520628
28767,1737.6917247520628
28768,1737.6917247520628
28769,1737.6917247520628
28770,1737.6917247520628
28771,1737.6917247520628
28772,1737.6917247520628
28773,1737.6917247520628
28774,1737.6917247520628
28775,1737.6917247520628
28776,1737.6917247520628
28777,1737.6917247520628
28778,1737.6917247520628
28779,1737.6917247520628
28780,1737.6917247520628
28781,1737.6917247520628
28782,1737.6917247520628
28783,1737.6917247520628
28784,1737.6917247520628
28785,1737.6917247520628
28786,1737.6917247520628
28787,1737.6917247520628
28788,1737.6917247520628
28789,1737.6917247520628
28790,1737.6917247520628
28791,1737.6917247520628
28792,1737.6917247520628
28793,1737.6917247520628
28794,1737.6917247520628
28795,1737.6917247520628
28796,1737.6917247520628
28797,1737.6917247520628
28798,1737.6917247520628
28799,1737.6917247520628
28800,1737.6917247520628
28801,1737.6917247520628
28802,1737.6917247520628
28803,1737.6917247520628
28804,1737.6917247520628
28805,1737.6917247520628
28806,1737.6917247520628
28807,1737.6917247520628
28808,1737.6917247520628
28809,1737.6917247520628
28810,1737.6917247520628
28811,1737.6917247520628
28812,1737.6917247520628
28813,1737.6917247520628
28814,1737.6917247520628
28815,1737.6917247520628
28816,1737.6917247520628
28817,1737.6917247520628
28818,1737.6917247520628
28819,1737.6917247520628
28820,1737.6917247520628
28821,1737.6917247520628
28822,1737.6917247520628
28823,1737.6917247520628
28824,1737.6917247520628
28825,1737.6917247520628
28826,1737.6917247520628
28827,1737.6917247520628
28828,1737.6917247520628
28829,1737.6917247520628
28830,1737.6917247520628
28831,1737.6917247520628
28832,1737.6917247520628
28833,1737.6917247520628
28834,1737.6917247520628
28835,1737.6917247520628
28836,1737.6917247520628
28837,1737.6917247520628
28838,1737.6917247520628
28839,1737.6917247520628
28840,1737.6917247520628
28841,1737.6917247520628
28842,1737.6917247520628
28843,1737.6917247520628
28844,1737.6917247520628
28845,1737.6917247520628
28846,1737.6917247520628
28847,1737.6917247520628
28848,1737.6917247520628
28849,1737.6917247520628
28850,1737.6917247520628
28851,1737.6917247520628
28852,1737.6917247520628
28853,1737.6917247520628
28854,1737.6917247520628
28855,1737.6917247520628
28856,1737.6917247520628
28857,1737.6917247520628
28858,1737.6917247520628
28859,1737.6917247520628
28860,1737.6917247520628
28861,1737.6917247520628
28862,1737.6917247520628
28863,1737.6917247520628
28864,1737.6917247520628
28865,1737.6917247520628
28866,1737.6917247520628
28867,1737.6917247520628
28868,1737.6917247520628
28869,1737.6917247520628
28870,1737.6917247520628
28871,1737.6917247520628
28872,1737.6917247520628
28873,1737.6917247520628
28874,1737.6917247520628
28875,1737.6917247520628
28876,1737.6917247520628
28877,1737.6917247520628
28878,1737.6917247520628
28879,1737.6917247520628
28880,1737.6917247520628
28881,1737.6917247520628
28882,1737.6917247520628
28883,1737.6917247520628
28884,1737.6917247520628
28885,1737.6917247520628
28886,1737.6917247520628
28887,1737.6917247520628
28888,1737.6917247520628
28889,1737.6917247520628
28890,1737.6917247520628
28891,1737.6917247520628
28892,1737.6917247520628
28893,1737.6917247520628
28894,1737.6917247520628
28895,1737.6917247520628
28896,1737.6917247520628
28897,1737.6917247520628
28898,1737.6917247520628
28899,1737.6917247520628
28900,1737.6917247520628
28901,1737.6917247520628
28902,1737.6917247520628
28903,1737.6917247520628
28904,1737.6917247520628
28905,1737.6917247520628
28906,1737.6917247520628
28907,1737.6917247520628
28908,1737.6917247520628
28909,1737.6917247520628
28910,1737.6917247520628
28911,1737.6917247520628
28912,1737.6917247520628
28913,1737.6917247520628
28914,1737.6917247520628
28915,1737.6917247520628
28916,1737.6917247520628
28917,1737.6917247520628
28918,1737.6917247520628
28919,1737.6917247520628
28920,1737.6917247520628
28921,1737.6917247520628
28922,1737.6917247520628
28923,1737.6917247520628
28924,1737.6917247520628
28925,1737.6917247520628
28926,1737.6917247520628
28927,1737.6917247520628
28928,1737.6917247520628
28929,1737.6917247520628
28930,1737.6917247520628
28931,1737.6917247520628
28932,1737.6917247520628
28933,1737.6917247520628
28934,1737.6917247520628
28935,1737.6917247520628
28936,1737.6917247520628
28937,1737.6917247520628
28938,1737.6917247520628
28939,1737.6917247520628
28940,1737.6917247520628
28941,1737.6917247520628
28942,1737.6917247520628
28943,1737.6917247520628
28944,1737.6917247520628
28945,1737.6917247520628
28946,1737.6917247520628
28947,1737.6917247520628
28948,1737.6917247520628
28949,1737.6917247520628
28950,1737.6917247520628
28951,1737.6917247520628
28952,1737.6917247520628
28953,1737.6917247520628
28954,1737.6917247520628
28955,1737.6917247520628
28956,1737.6917247520628
28957,1737.6917247520628
28958,1737.6917247520628
28959,1737.6917247520628
28960,1737.6917247520628
28961,1737.6917247520628
28962,1737.6917247520628
28963,1737.6917247520628
28964,1737.6917247520628
28965,1737.6917247520628
28966,1737.6917247520628
28967,1737.6917247520628
28968,1737.6917247520628
28969,1737.6917247520628
28970,1737.6917247520628
28971,1737.6917247520628
28972,1737.6917247520628
28973,1737.6917247520628
28974,1737.6917247520628
28975,1737.6917247520628
28976,1737.6917247520628
28977,1737.6917247520628
28978,1737.6917247520628
28979,1737.6917247520628
28980,1737.6917247520628
28981,1737.6917247520628
28982,1737.6917247520628
28983,1737.6917247520628
28984,1737.6917247520628
28985,1737.6917247520628
28986,1737.6917247520628
28987,1737.6917247520628
28988,1737.6917247520628
28989,1737.6917247520628
28990,1737.6917247520628
28991,1737.6917247520628
28992,1737.6917247520628
28993,1737.6917247520628
28994,1737.6917247520628
28995,1737.6917247520628
28996,1737.6917247520628
28997,1737.6917247520628
28998,1737.6917247520628
28999,1737.6917247520628
29000,1737.6917247520628
29001,1737.6917247520628
29002,1737.6917247520628
29003,1737.6917247520628
29004,1737.6917247520628
29005,1737.6917247520628
29006,1737.6917247520628
29007,1737.6917247520628
29008,1737.6917247520628
29009,1737.6917247520628
29010,1737.6917247520628
29011,1737.6917247520628
29012,1737.6917247520628
29013,1737.6917247520628
29014,1737.6917247520628
29015,1737.6917247520628
29016,1737.6917247520628
29017,1737.6917247520628
29018,1737.6917247520628
29019,1737.6917247520628
29020,1737.6917247520628
29021,1737.6917247520628
29022,1737.6917247520628
29023,1737.6917247520628
29024,1737.6917247520628
29025,1737.6917247520628
29026,1737.6917247520628
29027,1737.6917247520628
29028,1737.6917247520628
29029,1737.6917247520628
29030,1737.6917247520628
29031,1737.6917247520628
29032,1737.6917247520628
29033,1737.6917247520628
29034,1737.6917247520628
29035,1737.6917247520628
29036,1737.6917247520628
29037,1737.6917247520628
29038,1737.6917247520628
29039,1737.6917247520628
29040,1737.6917247520628
29041,1737.6917247520628
29042,1737.6917247520628
29043,1737.6917247520628
29044,1737.6917247520628
29045,1737.6917247520628
29046,1737.6917247520628
29047,1737.6917247520628
29048,1737.6917247520628
29049,1737.6917247520628
29050,1737.6917247520628
29051,1737.6917247520628
29052,1737.6917247520628
29053,1737.6917247520628
29054,1737.6917247520628
29055,1737.6917247520628
29056,1737.6917247520628
29057,1737.6917247520628
29058,1737.6917247520628
29059,1737.6917247520628
29060,1737.6917247520628
29061,1737.6917247520628
29062,1737.6917247520628
29063,1737.6917247520628
29064,1737.6917247520628
29065,1737.6917247520628
29066,1737.6917247520628
29067,1737.6917247520628
29068,1737.6917247520628
29069,1737.6917247520628
29070,1737.6917247520628
29071,1737.6917247520628
29072,1737.6917247520628
29073,1737.6917247520628
29074,1737.6917247520628
29075,1737.6917247520628
29076,1737.6917247520628
29077,1737.6917247520628
29078,1737.6917247520628
29079,1737.6917247520628
29080,1737.6917247520628
29081,1737.6917247520628
29082,1737.6917247520628
29083,1737.6917247520628
29084,1737.6917247520628
29085,1737.6917247520628
29086,1737.6917247520628
29087,1737.6917247520628
29088,1737.6917247520628
29089,1737.6917247520628
29090,1737.6917247520628
29091,1737.6917247520628
29092,1737.6917247520628
29093,1737.6917247520628
29094,1737.6917247520628
29095,1737.6917247520628
29096,1737.6917247520628
29097,1737.6917247520628
29098,1737.6917247520628
29099,1737.6917247520628
29100,1737.6917247520628
29101,1737.6917247520628
29102,1737.6917247520628
29103,1737.6917247520628
29104,1737.6917247520628
29105,1737.6917247520628
29106,1737.6917247520628
29107,1737.6917247520628
29108,1737.6917247520628
29109,1737.6917247520628
29110,1737.6917247520628
29111,1737.6917247520628
29112,1737.6917247520628
29113,1737.6917247520628
29114,1737.6917247520628
29115,1737.6917247520628
29116,1737.6917247520628
29117,1737.6917247520628
29118,1737.6917247520628
29119,1737.6917247520628
29120,1737.6917247520628
29121,1737.6917247520628
29122,1737.6917247520628
29123,1737.6917247520628
29124,1737.6917247520628
29125,1737.6917247520628
29126,1737.6917247520628
29127,1737.6917247520628
29128,1737.6917247520628
29129,1737.6917247520628
29130,1737.6917247520628
29131,1737.6917247520628
29132,1737.6917247520628
29133,1737.6917247520628
29134,1737.6917247520628
29135,1737.6917247520628
29136,1737.6917247520628
29137,1737.6917247520628
29138,1737.6917247520628
29139,1737.6917247520628
29140,1737.6917247520628
29141,1737.6917247520628
29142,1737.6917247520628
29143,1737.6917247520628
29144,1737.6917247520628
29145,1737.6917247520628
29146,1737.6917247520628
29147,1737.6917247520628
29148,1737.6917247520628
29149,1737.6917247520628
29150,1737.6917247520628
29151,1737.6917247520628
29152,1737.6917247520628
29153,1737.6917247520628
29154,1737.6917247520628
29155,1737.6917247520628
29156,1737.6917247520628
29157,1737.6917247520628
29158,1737.6917247520628
29159,1737.6917247520628
29160,1737.6917247520628
29161,1737.6917247520628
29162,1737.6917247520628
29163,1737.6917247520628
29164,1737.6917247520628
29165,1737.6917247520628
29166,1737.6917247520628
29167,1737.6917247520628
29168,1737.6917247520628
29169,1737.6917247520628
29170,1737.6917247520628
29171,1737.6917247520628
29172,1737.6917247520628
29173,1737.6917247520628
29174,1737.6917247520628
29175,1737.6917247520628
29176,1737.6917247520628
29177,1737.6917247520628
29178,1737.6917247520628
29179,1737.6917247520628
29180,1737.6917247520628
29181,1737.6917247520628
29182,1737.6917247520628
29183,1737.6917247520628
29184,1737.6917247520628
29185,1737.6917247520628
29186,1737.6917247520628
29187,1737.6917247520628
29188,1737.6917247520628
29189,1737.6917247520628
29190,1737.6917247520628
29191,1737.6917247520628
29192,1737.6917247520628
29193,1737.6917247520628
29194,1737.6917247520628
29195,1737.6917247520628
29196,1737.6917247520628
29197,1737.6917247520628
29198,1737.6917247520628
29199,1737.6917247520628
29200,1737.6917247520628
29201,1737.6917247520628
29202,1737.6917247520628
29203,1737.6917247520628
29204,1737.6917247520628
29205,1737.6917247520628
29206,1737.6917247520628
29207,1737.6917247520628
29208,1737.6917247520628
29209,1737.6917247520628
29210,1737.6917247520628
29211,1737.6917247520628
29212,1737.6917247520628
29213,1737.6917247520628
29214,1737.6917247520628
29215,1737.6917247520628
29216,1737.6917247520628
29217,1737.6917247520628
29218,1737.6917247520628
29219,1737.6917247520628
29220,1737.6917247520628
29221,1737.6917247520628
29222,1737.6917247520628
29223,1737.6917247520628
29224,1737.6917247520628
29225,1737.6917247520628
29226,1737.6917247520628
29227,1737.6917247520628
29228,1737.6917247520628
29229,1737.6917247520628
29230,1737.6917247520628
29231,1737.6917247520628
29232,1737.6917247520628
29233,1737.6917247520628
29234,1737.6917247520628
29235,1737.6917247520628
29236,1737.6917247520628
29237,1737.6917247520628
29238,1737.6917247520628
29239,1737.6917247520628
29240,1737.6917247520628
29241,1737.6917247520628
29242,1737.6917247520628
29243,1737.6917247520628
29244,1737.6917247520628
29245,1737.6917247520628
29246,1737.6917247520628
29247,1737.6917247520628
29248,1737.6917247520628
29249,1737.6917247520628
29250,1737.6917247520628
29251,1737.6917247520628
29252,1737.6917247520628
29253,1737.6917247520628
29254,1737.6917247520628
29255,1737.6917247520628
29256,1737.6917247520628
29257,1737.6917247520628
29258,1737.6917247520628
29259,1737.6917247520628
29260,1737.6917247520628
29261,1737.6917247520628
29262,1737.6917247520628
29263,1737.6917247520628
29264,1737.6917247520628
29265,1737.6917247520628
29266,1737.6917247520628
29267,1737.6917247520628
29268,1737.6917247520628
29269,1737.6917247520628
29270,1737.6917247520628
29271,1737.6917247520628
29272,1737.6917247520628
29273,1737.6917247520628
29274,1737.6917247520628
29275,1737.6917247520628
29276,1737.6917247520628
29277,1737.6917247520628
29278,1737.6917247520628
29279,1737.6917247520628
29280,1737.6917247520628
29281,1737.6917247520628
29282,1737.6917247520628
29283,1737.6917247520628
29284,1737.6917247520628
29285,1737.6917247520628
29286,1737.6917247520628
29287,1737.6917247520628
29288,1737.6917247520628
29289,1737.6917247520628
29290,1737.6917247520628
29291,1737.6917247520628
29292,1737.6917247520628
29293,1737.6917247520628
29294,1737.6917247520628
29295,1737.6917247520628
29296,1737.6917247520628
29297,1737.6917247520628
29298,1737.6917247520628
29299,1737.6917247520628
29300,1737.6917247520628
29301,1737.6917247520628
29302,1737.6917247520628
29303,1737.6917247520628
29304,1737.6917247520628
29305,1737.6917247520628
29306,1737.6917247520628
29307,1737.6917247520628
29308,1737.6917247520628
29309,1737.6917247520628
29310,1737.6917247520628
29311,1737.6917247520628
29312,1737.6917247520628
29313,1737.6917247520628
29314,1737.6917247520628
29315,1737.6917247520628
29316,1737.6917247520628
29317,1737.6917247520628
29318,1737.6917247520628
29319,1737.6917247520628
29320,1737.6917247520628
29321,1737.6917247520628
29322,1737.6917247520628
29323,1737.6917247520628
29324,1737.6917247520628
29325,1737.6917247520628
29326,1737.6917247520628
29327,1737.6917247520628
29328,1737.6917247520628
29329,1737.6917247520628
29330,1737.6917247520628
29331,1737.6917247520628
29332,1737.6917247520628
29333,1737.6917247520628
29334,1737.6917247520628
29335,1737.6917247520628
29336,1737.6917247520628
29337,1737.6917247520628
29338,1737.6917247520628
29339,1737.6917247520628
29340,1737.6917247520628
29341,1737.6917247520628
29342,1737.6917247520628
29343,1737.6917247520628
29344,1737.6917247520628
29345,1737.6917247520628
29346,1737.6917247520628
29347,1737.6917247520628
29348,1737.6917247520628
29349,1737.6917247520628
29350,1737.6917247520628
29351,1737.6917247520628
29352,1737.6917247520628
29353,1737.6917247520628
29354,1737.6917247520628
29355,1737.6917247520628
29356,1737.6917247520628
29357,1737.6917247520628
29358,1737.6917247520628
29359,1737.6917247520628
29360,1737.6917247520628
29361,1737.6917247520628
29362,1737.6917247520628
29363,1737.6917247520628
29364,1737.6917247520628
29365,1737.6917247520628
29366,1737.6917247520628
29367,1737.6917247520628
29368,1737.6917247520628
29369,1737.6917247520628
29370,1737.6917247520628
29371,1737.6917247520628
29372,1737.6917247520628
29373,1737.6917247520628
29374,1737.6917247520628
29375,1737.6917247520628
29376,1737.6917247520628
29377,1737.6917247520628
29378,1737.6917247520628
29379,1737.6917247520628
29380,1737.6917247520628
29381,1737.6917247520628
29382,1737.6917247520628
29383,1737.6917247520628
29384,1737.6917247520628
29385,1737.6917247520628
29386,1737.6917247520628
29387,1737.6917247520628
29388,1737.6917247520628
29389,1737.6917247520628
29390,1737.6917247520628
29391,1737.6917247520628
29392,1737.6917247520628
29393,1737.6917247520628
29394,1737.6917247520628
29395,1737.6917247520628
29396,1737.6917247520628
29397,1737.6917247520628
29398,1737.6917247520628
29399,1737.6917247520628
29400,1737.6917247520628
29401,1737.6917247520628
29402,1737.6917247520628
29403,1737.6917247520628
29404,1737.6917247520628
29405,1737.6917247520628
29406,1737.6917247520628
29407,1737.6917247520628
29408,1737.6917247520628
29409,1737.6917247520628
29410,1737.6917247520628
29411,1737.6917247520628
29412,1737.6917247520628
29413,1737.6917247520628
29414,1737.6917247520628
29415,1737.6917247520628
29416,1737.6917247520628
29417,1737.6917247520628
29418,1737.6917247520628
29419,1737.6917247520628
29420,1737.6917247520628
29421,1737.6917247520628
29422,1737.6917247520628
29423,1737.6917247520628
29424,1737.6917247520628
29425,1737.6917247520628
29426,1737.6917247520628
29427,1737.6917247520628
29428,1737.6917247520628
29429,1737.6917247520628
29430,1737.6917247520628
29431,1737.6917247520628
29432,1737.6917247520628
29433,1737.6917247520628
29434,1737.6917247520628
29435,1737.6917247520628
29436,1737.6917247520628
29437,1737.6917247520628
29438,1737.6917247520628
29439,1737.6917247520628
29440,1737.6917247520628
29441,1737.6917247520628
29442,1737.6917247520628
29443,1737.6917247520628
29444,1737.6917247520628
29445,1737.6917247520628
29446,1737.6917247520628
29447,1737.6917247520628
29448,1737.6917247520628
29449,1737.6917247520628
29450,1737.6917247520628
29451,1737.6917247520628
29452,1737.6917247520628
29453,1737.6917247520628
29454,1737.6917247520628
29455,1737.6917247520628
29456,1737.6917247520628
29457,1737.6917247520628
29458,1737.6917247520628
29459,1737.6917247520628
29460,1737.6917247520628
29461,1737.6917247520628
29462,1737.6917247520628
29463,1737.6917247520628
29464,1737.6917247520628
29465,1737.6917247520628
29466,1737.6917247520628
29467,1737.6917247520628
29468,1737.6917247520628
29469,1737.6917247520628
29470,1737.6917247520628
29471,1737.6917247520628
29472,1737.6917247520628
29473,1737.6917247520628
29474,1737.6917247520628
29475,1737.6917247520628
29476,1737.6917247520628
29477,1737.6917247520628
29478,1737.6917247520628
29479,1737.6917247520628
29480,1737.6917247520628
29481,1737.6917247520628
29482,1737.6917247520628
29483,1737.6917247520628
29484,1737.6917247520628
29485,1737.6917247520628
29486,1737.6917247520628
29487,1737.6917247520628
29488,1737.6917247520628
29489,1737.6917247520628
29490,1737.6917247520628
29491,1737.6917247520628
29492,1737.6917247520628
29493,1737.6917247520628
29494,1737.6917247520628
29495,1737.6917247520628
29496,1737.6917247520628
29497,1737.6917247520628
29498,1737.6917247520628
29499,1737.6917247520628
29500,1737.6917247520628
29501,1737.6917247520628
29502,1737.6917247520628
29503,1737.6917247520628
29504,1737.6917247520628
29505,1737.6917247520628
29506,1737.6917247520628
29507,1737.6917247520628
29508,1737.6917247520628
29509,1737.6917247520628
29510,1737.6917247520628
29511,1737.6917247520628
29512,1737.6917247520628
29513,1737.6917247520628
29514,1737.6917247520628
29515,1737.6917247520628
29516,1737.6917247520628
29517,1737.6917247520628
29518,1737.6917247520628
29519,1737.6917247520628
29520,1737.6917247520628
29521,1737.6917247520628
29522,1737.6917247520628
29523,1737.6917247520628
29524,1737.6917247520628
29525,1737.6917247520628
29526,1737.6917247520628
29527,1737.6917247520628
29528,1737.6917247520628
29529,1737.6917247520628
29530,1737.6917247520628
29531,1737.6917247520628
29532,1737.6917247520628
29533,1737.6917247520628
29534,1737.6917247520628
29535,1737.6917247520628
29536,1737.6917247520628
29537,1737.6917247520628
29538,1737.6917247520628
29539,1737.6917247520628
29540,1737.6917247520628
29541,1737.6917247520628
29542,1737.6917247520628
29543,1737.6917247520628
29544,1737.6917247520628
29545,1737.6917247520628
29546,1737.6917247520628
29547,1737.6917247520628
29548,1737.6917247520628
29549,1737.6917247520628
29550,1737.6917247520628
29551,1737.6917247520628
29552,1737.6917247520628
29553,1737.6917247520628
29554,1737.6917247520628
29555,1737.6917247520628
29556,1737.6917247520628
29557,1737.6917247520628
29558,1737.6917247520628
29559,1737.6917247520628
29560,1737.6917247520628
29561,1737.6917247520628
29562,1737.6917247520628
29563,1737.6917247520628
29564,1737.6917247520628
29565,1737.6917247520628
29566,1737.6917247520628
29567,1737.6917247520628
29568,1737.6917247520628
29569,1737.6917247520628
29570,1737.6917247520628
29571,1737.6917247520628
29572,1737.6917247520628
29573,1737.6917247520628
29574,1737.6917247520628
29575,1737.6917247520628
29576,1737.6917247520628
29577,1737.6917247520628
29578,1737.6917247520628
29579,1737.6917247520628
29580,1737.6917247520628
29581,1737.6917247520628
29582,1737.6917247520628
29583,1737.6917247520628
29584,1737.6917247520628
29585,1737.6917247520628
29586,1737.6917247520628
29587,1737.6917247520628
29588,1737.6917247520628
29589,1737.6917247520628
29590,1737.6917247520628
29591,1737.6917247520628
29592,1737.6917247520628
29593,1737.6917247520628
29594,1737.6917247520628
29595,1737.6917247520628
29596,1737.6917247520628
29597,1737.6917247520628
29598,1737.6917247520628
29599,1737.6917247520628
29600,1737.6917247520628
29601,1737.6917247520628
29602,1737.6917247520628
29603,1737.6917247520628
29604,1737.6917247520628
29605,1737.6917247520628
29606,1737.6917247520628
29607,1737.6917247520628
29608,1737.6917247520628
29609,1737.6917247520628
29610,1737.6917247520628
29611,1737.6917247520628
29612,1737.6917247520628
29613,1737.6917247520628
29614,1737.6917247520628
29615,1737.6917247520628
29616,1737.6917247520628
29617,1737.6917247520628
29618,1737.6917247520628
29619,1737.6917247520628
29620,1737.6917247520628
29621,1737.6917247520628
29622,1737.6917247520628
29623,1737.6917247520628
29624,1737.6917247520628
29625,1737.6917247520628
29626,1737.6917247520628
29627,1737.6917247520628
29628,1737.6917247520628
29629,1737.6917247520628
29630,1737.6917247520628
29631,1737.6917247520628
29632,1737.6917247520628
29633,1737.6917247520628
29634,1737.6917247520628
29635,1737.6917247520628
29636,1737.6917247520628
29637,1737.6917247520628
29638,1737.6917247520628
29639,1737.6917247520628
29640,1737.6917247520628
29641,1737.6917247520628
29642,1737.6917247520628
29643,1737.6917247520628
29644,1737.6917247520628
29645,1737.6917247520628
29646,1737.6917247520628
29647,1737.6917247520628
29648,1737.6917247520628
29649,1737.6917247520628
29650,1737.6917247520628
29651,1737.6917247520628
29652,1737.6917247520628
29653,1737.6917247520628
29654,1737.6917247520628
29655,1737.6917247520628
29656,1737.6917247520628
29657,1737.6917247520628
29658,1737.6917247520628
29659,1737.6917247520628
29660,1737.6917247520628
29661,1737.6917247520628
29662,1737.6917247520628
29663,1737.6917247520628
29664,1737.6917247520628
29665,1737.6917247520628
29666,1737.6917247520628
29667,1737.6917247520628
29668,1737.6917247520628
29669,1737.6917247520628
29670,1737.6917247520628
29671,1737.6917247520628
29672,1737.6917247520628
29673,1737.6917247520628
29674,1737.6917247520628
29675,1737.6917247520628
29676,1737.6917247520628
29677,1737.6917247520628
29678,1737.6917247520628
29679,1737.6917247520628
29680,1737.6917247520628
29681,1737.6917247520628
29682,1737.6917247520628
29683,1737.6917247520628
29684,1737.6917247520628
29685,1737.6917247520628
29686,1737.6917247520628
29687,1737.6917247520628
29688,1737.6917247520628
29689,1737.6917247520628
29690,1737.6917247520628
29691,1737.6917247520628
29692,1737.6917247520628
29693,1737.6917247520628
29694,1737.6917247520628
29695,1737.6917247520628
29696,1737.6917247520628
29697,1737.6917247520628
29698,1737.6917247520628
29699,1737.6917247520628
29700,1737.6917247520628
29701,1737.6917247520628
29702,1737.6917247520628
29703,1737.6917247520628
29704,1737.6917247520628
29705,1737.6917247520628
29706,1737.6917247520628
29707,1737.6917247520628
29708,1737.6917247520628
29709,1737.6917247520628
29710,1737.6917247520628
29711,1737.6917247520628
29712,1737.6917247520628
29713,1737.6917247520628
29714,1737.6917247520628
29715,1737.6917247520628
29716,1737.6917247520628
29717,1737.6917247520628
29718,1737.6917247520628
29719,1737.6917247520628
29720,1737.6917247520628
29721,1737.6917247520628
29722,1737.6917247520628
29723,1737.6917247520628
29724,1737.6917247520628
29725,1737.6917247520628
29726,1737.6917247520628
29727,1737.6917247520628
29728,1737.6917247520628
29729,1737.6917247520628
29730,1737.6917247520628
29731,1737.6917247520628
29732,1737.6917247520628
29733,1737.6917247520628
29734,1737.6917247520628
29735,1737.6917247520628
29736,1737.6917247520628
29737,1737.6917247520628
29738,1737.6917247520628
29739,1737.6917247520628
29740,1737.6917247520628
29741,1737.6917247520628
29742,1737.6917247520628
29743,1737.6917247520628
29744,1737.6917247520628
29745,1737.6917247520628
29746,1737.6917247520628
29747,1737.6917247520628
29748,1737.6917247520628
29749,1737.6917247520628
29750,1737.6917247520628
29751,1737.6917247520628
29752,1737.6917247520628
29753,1737.6917247520628
29754,1737.6917247520628
29755,1737.6917247520628
29756,1737.6917247520628
29757,1737.6917247520628
29758,1737.6917247520628
29759,1737.6917247520628
29760,1737.6917247520628
29761,1737.6917247520628
29762,1737.6917247520628
29763,1737.6917247520628
29764,1737.6917247520628
29765,1737.6917247520628
29766,1737.6917247520628
29767,1737.6917247520628
29768,1737.6917247520628
29769,1737.6917247520628
29770,1737.6917247520628
29771,1737.6917247520628
29772,1737.6917247520628
29773,1737.6917247520628
29774,1737.6917247520628
29775,1737.6917247520628
29776,1737.6917247520628
29777,1737.6917247520628
29778,1737.6917247520628
29779,1737.6917247520628
29780,1737.6917247520628
29781,1737.6917247520628
29782,1737.6917247520628
29783,1737.6917247520628
29784,1737.6917247520628
29785,1737.6917247520628
29786,1737.6917247520628
29787,1737.6917247520628
29788,1737.6917247520628
29789,1737.6917247520628
29790,1737.6917247520628
29791,1737.6917247520628
29792,1737.6917247520628
29793,1737.6917247520628
29794,1737.6917247520628
29795,1737.6917247520628
29796,1737.6917247520628
29797,1737.6917247520628
29798,1737.6917247520628
29799,1737.6917247520628
29800,1737.6917247520628
29801,1737.6917247520628
29802,1737.6917247520628
29803,1737.6917247520628
29804,1737.6917247520628
29805,1737.6917247520628
29806,1737.6917247520628
29807,1737.6917247520628
29808,1737.6917247520628
29809,1737.6917247520628
29810,1737.6917247520628
29811,1737.6917247520628
29812,1737.6917247520628
29813,1737.6917247520628
29814,1737.6917247520628
29815,1737.6917247520628
29816,1737.6917247520628
29817,1737.6917247520628
29818,1737.6917247520628
29819,1737.6917247520628
29820,1737.6917247520628
29821,1737.6917247520628
29822,1737.6917247520628
29823,1737.6917247520628
29824,1737.6917247520628
29825,1737.6917247520628
29826,1737.6917247520628
29827,1737.6917247520628
29828,1737.6917247520628
29829,1737.6917247520628
29830,1737.6917247520628
29831,1737.6917247520628
29832,1737.6917247520628
29833,1737.6917247520628
29834,1737.6917247520628
29835,1737.6917247520628
29836,1737.6917247520628
29837,1737.6917247520628
29838,1737.6917247520628
29839,1737.6917247520628
29840,1737.6917247520628
29841,1737.6917247520628
29842,1737.6917247520628
29843,1737.6917247520628
29844,1737.6917247520628
29845,1737.6917247520628
29846,1737.6917247520628
29847,1737.6917247520628
29848,1737.6917247520628
29849,1737.6917247520628
29850,1737.6917247520628
29851,1737.6917247520628
29852,1737.6917247520628
29853,1737.6917247520628
29854,1737.6917247520628
29855,1737.6917247520628
29856,1737.6917247520628
29857,1737.6917247520628
29858,1737.6917247520628
29859,1737.6917247520628
29860,1737.6917247520628
29861,1737.6917247520628
29862,1737.6917247520628
29863,1737.6917247520628
29864,1737.6917247520628
29865,1737.6917247520628
29866,1737.6917247520628
29867,1737.6917247520628
29868,1737.6917247520628
29869,1737.6917247520628
29870,1737.6917247520628
29871,1737.6917247520628
29872,1737.6917247520628
29873,1737.6917247520628
29874,1737.6917247520628
29875,1737.6917247520628
29876,1737.6917247520628
29877,1737.6917247520628
29878,1737.6917247520628
29879,1737.6917247520628
29880,1737.6917247520628
29881,1737.6917247520628
29882,1737.6917247520628
29883,1737.6917247520628
29884,1737.6917247520628
29885,1737.6917247520628
29886,1737.6917247520628
29887,1737.6917247520628
29888,1737.6917247520628
29889,1737.6917247520628
29890,1737.6917247520628
29891,1737.6917247520628
29892,1737.6917247520628
29893,1737.6917247520628
29894,1737.6917247520628
29895,1737.6917247520628
29896,1737.6917247520628
29897,1737.6917247520628
29898,1737.6917247520628
29899,1737.6917247520628
29900,1737.6917247520628
29901,1737.6917247520628
29902,1737.6917247520628
29903,1737.6917247520628
29904,1737.6917247520628
29905,1737.6917247520628
29906,1737.6917247520628
29907,1737.6917247520628
29908,1737.6917247520628
29909,1737.6917247520628
29910,1737.6917247520628
29911,1737.6917247520628
29912,1737.6917247520628
29913,1737.6917247520628
29914,1737.6917247520628
29915,1737.6917247520628
29916,1737.6917247520628
29917,1737.6917247520628
29918,1737.6917247520628
29919,1737.6917247520628
29920,1737.6917247520628
29921,1737.6917247520628
29922,1737.6917247520628
29923,1737.6917247520628
29924,1737.6917247520628
29925,1737.6917247520628
29926,1737.6917247520628
29927,1737.6917247520628
29928,1737.6917247520628
29929,1737.6917247520628
29930,1737.6917247520628
29931,1737.6917247520628
29932,1737.6917247520628
29933,1737.6917247520628
29934,1737.6917247520628
29935,1737.6917247520628
29936,1737.6917247520628
29937,1737.6917247520628
29938,1737.6917247520628
29939,1737.6917247520628
29940,1737.6917247520628
29941,1737.6917247520628
29942,1737.6917247520628
29943,1737.6917247520628
29944,1737.6917247520628
29945,1737.6917247520628
29946,1737.6917247520628
29947,1737.6917247520628
29948,1737.6917247520628
29949,1737.6917247520628
29950,1737.6917247520628
29951,1737.6917247520628
29952,1737.6917247520628
29953,1737.6917247520628
29954,1737.6917247520628
29955,1737.6917247520628
29956,1737.6917247520628
29957,1737.6917247520628
29958,1737.6917247520628
29959,1737.6917247520628
29960,1737.6917247520628
29961,1737.6917247520628
29962,1737.6917247520628
29963,1737.6917247520628
29964,1737.6917247520628
29965,1737.6917247520628
29966,1737.6917247520628
29967,1737.6917247520628
29968,1737.6917247520628
29969,1737.6917247520628
29970,1737.6917247520628
29971,1737.6917247520628
29972,1737.6917247520628
29973,1737.6917247520628
29974,1737.6917247520628
29975,1737.6917247520628
29976,1737.6917247520628
29977,1737.6917247520628
29978,1737.6917247520628
29979,1737.6917247520628
29980,1737.6917247520628
29981,1737.6917247520628
29982,1737.6917247520628
29983,1737.6917247520628
29984,1737.6917247520628
29985,1737.6917247520628
29986,1737.6917247520628
29987,1737.6917247520628
29988,1737.6917247520628
29989,1737.6917247520628
29990,1737.6917247520628
29991,1737.6917247520628
29992,1737.6917247520628
29993,1737.6917247520628
29994,1737.6917247520628
29995,1737.6917247520628
29996,1737.6917247520628
29997,1737.6917247520628
29998,1737.6917247520628
29999,1737.6917247520628
30000,1737.6917247520628
