iter,best_objective
1,3435.6226362022826
2,3435.6226362022826
3,3435.6226362022826
4,3435.6226362022826
5,3435.6226362022826
6,3435.6226362022826
7,3435.6226362022826
8,3435.6226362022826
9,3435.6226362022826
10,3435.6226362022826
11,3435.6226362022826
12,3435.6226362022826
13,3435.6226362022826
14,3435.6226362022826
15,3435.6226362022826
16,3435.6226362022826
17,3435.6226362022826
18,3401.607944168516
19,3401.607944168516
20,3401.607944168516
21,3401.607944168516
22,3401.607944168516
23,3401.607944168516
24,3401.607944168516
25,3401.607944168516
26,3401.607944168516
27,3401.607944168516
28,3401.607944168516
29,3401.607944168516
30,3401.607944168516
31,3401.607944168516
32,3401.607944168516
33,3401.607944168516
34,3401.607944168516
35,3401.607944168516
36,3401.607944168516
37,3401.607944168516
38,3401.607944168516
39,3401.607944168516
40,3401.607944168516
41,3401.607944168516
42,3401.607944168516
43,3401.607944168516
44,3401.607944168516
45,3375.025444539894
46,3375.025444539894
47,3375.025444539894
48,3375.025444539894
49,3375.025444539894
50,3375.025444539894
51,3375.025444539894
52,3375.025444539894
53,3375.025444539894
54,3375.025444539894
55,3375.025444539894
56,3375.025444539894
57,3375.025444539894
58,3375.025444539894
59,3375.025444539894
60,3375.025444539894
61,3375.025444539894
62,3375.025444539894
63,3375.025444539894
64,3375.025444539894
65,3375.025444539894
66,3375.025444539894
67,3375.025444539894
68,3375.025444539894
69,3375.025444539894
70,3375.025444539894
71,3375.025444539894
72,3375.025444539894
73,3375.025444539894
74,3375.025444539894
75,3375.025444539894
76,3375.025444539894
77,3375.025444539894
78,3375.025444539894
79,3375.025444539894
80,3375.025444539894
81,3375.025444539894
82,3375.025444539894
83,3375.025444539894
84,3375.025444539894
85,3375.025444539894
86,3375.025444539894
87,3375.025444539894
88,3375.025444539894
89,3375.025444539894
90,3375.025444539894
91,3375.025444539894
92,3375.025444539894
93,3375.025444539894
94,3375.025444539894
95,3375.025444539894
96,3375.025444539894
97,3375.025444539894
98,3375.025444539894
99,3375.025444539894
100,3375.025444539894
101,3375.025444539894
102,3375.025444539894
103,3375.025444539894
104,3375.025444539894
105,3375.025444539894
106,3375.025444539894
107,3375.025444539894
108,3375.025444539894
109,3375.025444539894
110,3375.025444539894
111,3375.025444539894
112,3375.025444539894
113,3375.025444539894
114,3375.025444539894
115,3375.025444539894
116,3375.025444539894
117,3375.025444539894
118,3375.025444539894
119,3375.025444539894
120,3375.025444539894
121,3375.025444539894
122,3375.025444539894
123,3375.025444539894
124,3375.025444539894
125,3375.025444539894
126,3375.025444539894
127,3375.025444539894
128,3375.025444539894
129,3375.025444539894
130,3375.025444539894
131,3375.025444539894
132,3375.025444539894
133,3375.025444539894
134,3375.025444539894
135,3375.025444539894
136,3375.025444539894
137,3375.025444539894
138,3375.025444539894
139,3375.025444539894
140,3375.025444539894
141,3375.025444539894
142,3375.025444539894
143,3375.025444539894
144,3375.025444539894
145,3375.025444539894
146,3375.025444539894
147,3375.025444539894
148,3375.025444539894
149,3375.025444539894
150,3375.025444539894
151,3375.025444539894
152,3375.025444539894
153,3375.025444539894
154,3375.025444539894
155,3375.025444539894
156,3375.025444539894
157,3375.025444539894
158,3375.025444539894
159,3375.025444539894
160,3375.025444539894
161,3375.025444539894
162,3375.025444539894
163,3375.025444539894
164,3375.025444539894
165,3375.025444539894
166,3375.025444539894
167,3375.025444539894
168,3375.025444539894
169,3375.025444539894
170,3375.025444539894
171,3375.025444539894
172,3375.025444539894
173,3375.025444539894
174,3375.025444539894
175,3375.025444539894
176,3375.025444539894
177,3375.025444539894
178,3375.025444539894
179,3375.025444539894
180,3375.025444539894
181,3375.025444539894
182,3375.025444539894
183,3375.025444539894
184,3375.025444539894
185,3375.025444539894
186,3375.025444539894
187,3375.025444539894
188,3375.025444539894
189,3375.025444539894
190,3375.025444539894
191,3375.025444539894
192,3375.025444539894
193,3375.025444539894
194,3375.025444539894
195,3375.025444539894
196,3375.025444539894
197,3375.025444539894
198,3375.025444539894
199,3375.025444539894
200,3375.025444539894
201,3375.025444539894
202,3375.025444539894
203,3375.025444539894
204,3375.025444539894
205,3375.025444539894
206,3375.025444539894
207,3375.025444539894
208,3375.025444539894
209,3375.025444539894
210,3375.025444539894
211,3375.025444539894
212,3375.025444539894
213,3375.025444539894
214,3375.025444539894
215,3375.025444539894
216,3375.025444539894
217,3375.025444539894
218,3375.025444539894
219,3375.025444539894
220,3375.025444539894
221,3375.025444539894
222,3375.025444539894
223,3375.025444539894
224,3375.025444539894
225,3375.025444539894
226,3375.025444539894
227,3375.025444539894
228,3375.025444539894
229,3375.025444539894
230,3375.025444539894
231,3375.025444539894
232,3375.025444539894
233,3375.025444539894
234,3375.025444539894
235,3375.025444539894
236,3375.025444539894
237,3375.025444539894
238,3375.025444539894
239,3375.025444539894
240,3375.025444539894
241,3375.025444539894
242,3375.025444539894
243,3375.025444539894
244,3375.025444539894
245,3375.025444539894
246,3375.025444539894
247,3375.025444539894
248,3375.025444539894
249,3375.025444539894
250,3375.025444539894
251,3375.025444539894
252,3375.025444539894
253,3375.025444539894
254,3375.025444539894
255,3375.025444539894
256,3375.025444539894
257,3375.025444539894
258,3375.025444539894
259,3375.025444539894
260,3375.025444539894
261,3375.025444539894
262,3375.025444539894
263,3375.025444539894
264,3375.025444539894
265,3375.025444539894
266,3375.025444539894
267,3375.025444539894
268,3375.025444539894
269,3375.025444539894
270,3375.025444539894
271,3375.025444539894
272,3375.025444539894
273,3375.025444539894
274,3375.025444539894
275,3375.025444539894
276,3375.025444539894
277,3375.025444539894
278,3375.025444539894
279,3375.025444539894
280,3375.025444539894
281,3375.025444539894
282,3375.025444539894
283,3375.025444539894
284,3375.025444539894
285,3375.025444539894
286,3375.025444539894
287,3375.025444539894
288,3375.025444539894
289,3375.025444539894
290,3375.025444539894
291,3375.025444539894
292,3375.025444539894
293,3375.025444539894
294,3375.025444539894
295,3375.025444539894
296,3375.025444539894
297,3375.025444539894
298,3375.025444539894
299,3375.025444539894
300,3375.025444539894
301,3375.025444539894
302,3375.025444539894
303,3375.025444539894
304,3375.025444539894
305,3375.025444539894
306,3375.025444539894
307,3375.025444539894
308,3375.025444539894
309,3375.025444539894
310,3375.025444539894
311,3375.025444539894
312,3375.025444539894
313,3375.025444539894
314,3375.025444539894
315,3375.025444539894
316,3375.025444539894
317,3375.025444539894
318,3375.025444539894
319,3375.025444539894
320,3375.025444539894
321,3375.025444539894
322,3375.025444539894
323,3375.025444539894
324,3375.025444539894
325,3375.025444539894
326,3375.025444539894
327,3375.025444539894
328,3375.025444539894
329,3375.025444539894
330,3375.025444539894
331,3375.025444539894
332,3375.025444539894
333,3375.025444539894
334,3375.025444539894
335,3375.025444539894
336,3375.025444539894
337,3375.025444539894
338,3375.025444539894
339,3375.025444539894
340,3375.025444539894
341,3375.025444539894
342,3375.025444539894
343,3375.025444539894
344,3375.025444539894
345,3375.025444539894
346,3375.025444539894
347,3375.025444539894
348,3375.025444539894
349,3375.025444539894
350,3375.025444539894
351,3375.025444539894
352,3375.025444539894
353,3375.025444539894
354,3375.025444539894
355,3375.025444539894
356,3375.025444539894
357,3375.025444539894
358,3375.025444539894
359,3375.025444539894
360,3375.025444539894
361,3375.025444539894
362,3375.025444539894
363,3375.025444539894
364,3375.025444539894
365,3375.025444539894
366,3375.025444539894
367,3375.025444539894
368,3375.025444539894
369,3375.025444539894
370,3375.025444539894
371,3375.025444539894
372,3375.025444539894
373,3375.025444539894
374,3375.025444539894
375,3375.025444539894
376,3375.025444539894
377,3375.025444539894
378,3375.025444539894
379,3375.025444539894
380,3375.025444539894
381,3375.025444539894
382,3375.025444539894
383,3375.025444539894
384,3375.025444539894
385,3375.025444539894
386,3375.025444539894
387,3375.025444539894
388,3375.025444539894
389,3375.025444539894
390,3375.025444539894
391,3375.025444539894
392,3375.025444539894
393,3375.025444539894
394,3375.025444539894
395,3375.025444539894
396,3375.025444539894
397,3375.025444539894
398,3375.025444539894
399,3375.025444539894
400,3375.025444539894
401,3375.025444539894
402,3375.025444539894
403,3375.025444539894
404,3375.025444539894
405,3375.025444539894
406,3375.025444539894
407,3375.025444539894
408,3375.025444539894
409,3375.025444539894
410,3375.025444539894
411,3375.025444539894
412,3375.025444539894
413,3375.025444539894
414,3375.025444539894
415,3375.025444539894
416,3375.025444539894
417,3375.025444539894
418,3375.025444539894
419,3375.025444539894
420,3375.025444539894
421,3375.025444539894
422,3375.025444539894
423,3375.025444539894
424,3375.025444539894
425,3375.025444539894
426,3375.025444539894
427,3375.025444539894
428,3375.025444539894
429,3375.025444539894
430,3375.025444539894
431,3375.025444539894
432,3375.025444539894
433,3375.025444539894
434,3375.025444539894
435,3375.025444539894
436,3375.025444539894
437,3375.025444539894
438,3375.025444539894
439,3375.025444539894
440,3375.025444539894
441,3375.025444539894
442,3375.025444539894
443,3375.025444539894
444,3375.025444539894
445,3375.025444539894
446,3375.025444539894
447,3375.025444539894
448,3375.025444539894
449,3375.025444539894
450,3375.025444539894
451,3375.025444539894
452,3375.025444539894
453,3375.025444539894
454,3375.025444539894
455,3375.025444539894
456,3375.025444539894
457,3375.025444539894
458,3375.025444539894
459,3375.025444539894
460,3375.025444539894
461,3375.025444539894
462,3375.025444539894
463,3375.025444539894
464,3375.025444539894
465,3375.025444539894
466,3375.025444539894
467,3375.025444539894
468,3375.025444539894
469,3375.025444539894
470,3375.025444539894
471,3375.025444539894
472,3375.025444539894
473,3375.025444539894
474,3375.025444539894
475,3375.025444539894
476,3375.025444539894
477,3375.025444539894
478,3375.025444539894
479,3375.025444539894
480,3375.025444539894
481,3375.025444539894
482,3375.025444539894
483,3375.025444539894
484,3375.025444539894
485,3375.025444539894
486,3375.025444539894
487,3375.025444539894
488,3375.025444539894
489,3375.025444539894
490,3375.025444539894
491,3375.025444539894
492,3375.025444539894
493,3375.025444539894
494,3375.025444539894
495,3375.025444539894
496,3375.025444539894
497,3375.025444539894
498,3375.025444539894
499,3354.904679719253
500,3354.904679719253
501,3354.904679719253
502,3332.5188826419076
503,3303.496684330756
504,3303.496684330756
505,3303.496684330756
506,3303.496684330756
507,3303.496684330756
508,3303.496684330756
509,3303.496684330756
510,3303.496684330756
511,3303.496684330756
512,3303.496684330756
513,3303.496684330756
514,3303.496684330756
515,3303.496684330756
516,3303.496684330756
517,3303.496684330756
518,3303.496684330756
519,3303.496684330756
520,3303.496684330756
521,3303.496684330756
522,3303.496684330756
523,3303.496684330756
524,3303.496684330756
525,3303.496684330756
526,3303.496684330756
527,3303.496684330756
528,3303.496684330756
529,3303.496684330756
530,3303.496684330756
531,3303.496684330756
532,3303.496684330756
533,3303.496684330756
534,3303.496684330756
535,3303.496684330756
536,3303.496684330756
537,3303.496684330756
538,3303.496684330756
539,3303.496684330756
540,3303.496684330756
541,3303.496684330756
542,3303.496684330756
543,3303.496684330756
544,3303.496684330756
545,3303.496684330756
546,3303.496684330756
547,3303.496684330756
548,3303.496684330756
549,3303.496684330756
550,3303.496684330756
551,3303.496684330756
552,3303.496684330756
553,3303.496684330756
554,3303.496684330756
555,3303.496684330756
556,3303.496684330756
557,3303.496684330756
558,3303.496684330756
559,3303.496684330756
560,3303.496684330756
561,3303.496684330756
562,3303.496684330756
563,3303.496684330756
564,3303.496684330756
565,3303.496684330756
566,3303.496684330756
567,3303.496684330756
568,3303.496684330756
569,3303.496684330756
570,3303.496684330756
571,3303.496684330756
572,3303.496684330756
573,3303.496684330756
574,3303.496684330756
575,3303.496684330756
576,3303.496684330756
577,3303.496684330756
578,3303.496684330756
579,3303.496684330756
580,3303.496684330756
581,3303.496684330756
582,3303.496684330756
583,3303.496684330756
584,3303.496684330756
585,3303.496684330756
586,3303.496684330756
587,3303.496684330756
588,3303.496684330756
589,3303.496684330756
590,3303.496684330756
591,3303.496684330756
592,3303.496684330756
593,3303.496684330756
594,3303.496684330756
595,3303.496684330756
596,3303.496684330756
597,3303.496684330756
598,3303.496684330756
599,3303.496684330756
600,3303.496684330756
601,3303.496684330756
602,3303.496684330756
603,3303.496684330756
604,3303.496684330756
605,3303.496684330756
606,3303.496684330756
607,3303.496684330756
608,3303.496684330756
609,3303.496684330756
610,3303.496684330756
611,3303.496684330756
612,3303.496684330756
613,3303.496684330756
614,3303.496684330756
615,3303.496684330756
616,3303.496684330756
617,3303.496684330756
618,3303.496684330756
619,3303.496684330756
620,3303.496684330756
621,3303.496684330756
622,3303.496684330756
623,3303.496684330756
624,3303.496684330756
625,3303.496684330756
626,3303.496684330756
627,3303.496684330756
628,3303.496684330756
629,3303.496684330756
630,3303.496684330756
631,3303.496684330756
632,3303.496684330756
633,3303.496684330756
634,3303.496684330756
635,3303.496684330756
636,3303.496684330756
637,3303.496684330756
638,3303.496684330756
639,3303.496684330756
640,3303.496684330756
641,3303.496684330756
642,3303.496684330756
643,3303.496684330756
644,3303.496684330756
645,3303.496684330756
646,3303.496684330756
647,3303.496684330756
648,3303.496684330756
649,3303.496684330756
650,3303.496684330756
651,3303.496684330756
652,3303.496684330756
653,3303.496684330756
654,3303.496684330756
655,3303.496684330756
656,3303.496684330756
657,3303.496684330756
658,3303.496684330756
659,3303.496684330756
660,3303.496684330756
661,3303.496684330756
662,3303.496684330756
663,3303.496684330756
664,3303.496684330756
665,3303.496684330756
666,3303.496684330756
667,3303.496684330756
668,3303.496684330756
669,3303.496684330756
670,3303.496684330756
671,3303.496684330756
672,3303.496684330756
673,3303.496684330756
674,3303.496684330756
675,3303.496684330756
676,3303.496684330756
677,3303.496684330756
678,3303.496684330756
679,3303.496684330756
680,3303.496684330756
681,3303.496684330756
682,3303.496684330756
683,3303.496684330756
684,3303.496684330756
685,3303.496684330756
686,3303.496684330756
687,3303.496684330756
688,3303.496684330756
689,3303.496684330756
690,3303.496684330756
691,3303.496684330756
692,3303.496684330756
693,3303.496684330756
694,3303.496684330756
695,3303.496684330756
696,3303.496684330756
697,3303.496684330756
698,3303.496684330756
699,3303.496684330756
700,3303.496684330756
701,3303.496684330756
702,3303.496684330756
703,3303.496684330756
704,3303.496684330756
705,3303.496684330756
706,3303.496684330756
707,3303.496684330756
708,3303.496684330756
709,3303.496684330756
710,3303.496684330756
711,3303.496684330756
712,3303.496684330756
713,3303.496684330756
714,3303.496684330756
715,3303.496684330756
716,3303.496684330756
717,3303.496684330756
718,3303.496684330756
719,3303.496684330756
720,3303.496684330756
721,3303.496684330756
722,3303.496684330756
723,3303.496684330756
724,3303.496684330756
725,3303.496684330756
726,3303.496684330756
727,3303.496684330756
728,3303.496684330756
729,3303.496684330756
730,3303.496684330756
731,3303.496684330756
732,3303.496684330756
733,3303.496684330756
734,3303.496684330756
735,3303.496684330756
736,3303.496684330756
737,3303.496684330756
738,3303.496684330756
739,3303.496684330756
740,3303.496684330756
741,3303.496684330756
742,3303.496684330756
743,3303.496684330756
744,3303.496684330756
745,3303.496684330756
746,3303.496684330756
747,3303.496684330756
748,3303.496684330756
749,3303.496684330756
750,3303.496684330756
751,3303.496684330756
752,3303.496684330756
753,3303.496684330756
754,3303.496684330756
755,3303.496684330756
756,3303.496684330756
757,3303.496684330756
758,3303.496684330756
759,3303.496684330756
760,3303.496684330756
761,3303.496684330756
762,3303.496684330756
763,3303.496684330756
764,3303.496684330756
765,3303.496684330756
766,3303.496684330756
767,3303.496684330756
768,3303.496684330756
769,3303.496684330756
770,3303.496684330756
771,3303.496684330756
772,3303.496684330756
773,3303.496684330756
774,3303.496684330756
775,3303.496684330756
776,3303.496684330756
777,3303.496684330756
778,3303.496684330756
779,3303.496684330756
780,3303.496684330756
781,3303.496684330756
782,3303.496684330756
783,3303.496684330756
784,3303.496684330756
785,3303.496684330756
786,3303.496684330756
787,3303.496684330756
788,3303.496684330756
789,3303.496684330756
790,3303.496684330756
791,3303.496684330756
792,3303.496684330756
793,3303.496684330756
794,3303.496684330756
795,3285.104763806796
796,3268.773938530184
797,3247.651133899639
798,3247.651133899639
799,3247.651133899639
800,3247.651133899639
801,3247.651133899639
802,3244.403014490364
803,3244.403014490364
804,3200.8734372956733
805,3200.8734372956733
806,3200.8734372956733
807,3200.8734372956733
808,3200.8734372956733
809,3184.2080113559614
810,3184.2080113559614
811,3184.2080113559614
812,3184.2080113559614
813,3167.328434711687
814,3132.4266858775627
815,3132.4266858775627
816,3118.6669046633447
817,3118.6669046633447
818,3118.6669046633447
819,3118.6669046633447
820,3118.6669046633447
821,3118.6669046633447
822,3118.6669046633447
823,3118.6669046633447
824,3118.6669046633447
825,3118.6669046633447
826,3118.6669046633447
827,3118.6669046633447
828,3118.6669046633447
829,3118.6669046633447
830,3118.6669046633447
831,3118.6669046633447
832,3118.6669046633447
833,3118.6669046633447
834,3118.6669046633447
835,3118.6669046633447
836,3118.6669046633447
837,3118.6669046633447
838,3118.6669046633447
839,3118.6669046633447
840,3118.6669046633447
841,3118.6669046633447
842,3118.6669046633447
843,3118.6669046633447
844,3118.6669046633447
845,3118.6669046633447
846,3118.6669046633447
847,3118.6669046633447
848,3118.6669046633447
849,3118.6669046633447
850,3118.6669046633447
851,3118.6669046633447
852,3118.6669046633447
853,3118.6669046633447
854,3118.6669046633447
855,3118.6669046633447
856,3118.6669046633447
857,3118.6669046633447
858,3118.6669046633447
859,3118.6669046633447
860,3118.6669046633447
861,3118.6669046633447
862,3118.6669046633447
863,3118.6669046633447
864,3118.6669046633447
865,3118.6669046633447
866,3118.6669046633447
867,3118.6669046633447
868,3118.6669046633447
869,3118.6669046633447
870,3118.6669046633447
871,3118.6669046633447
872,3118.6669046633447
873,3118.6669046633447
874,3118.6669046633447
875,3118.6669046633447
876,3118.6669046633447
877,3118.6669046633447
878,3118.6669046633447
879,3118.6669046633447
880,3118.6669046633447
881,3118.6669046633447
882,3118.6669046633447
883,3118.6669046633447
884,3118.6669046633447
885,3118.6669046633447
886,3118.6669046633447
887,3118.6669046633447
888,3118.6669046633447
889,3118.6669046633447
890,3118.6669046633447
891,3118.6669046633447
892,3118.6669046633447
893,3118.6669046633447
894,3118.6669046633447
895,3118.6669046633447
896,3118.6669046633447
897,3118.6669046633447
898,3118.6669046633447
899,3118.6669046633447
900,3118.6669046633447
901,3118.6669046633447
902,3118.6669046633447
903,3118.6669046633447
904,3118.6669046633447
905,3118.6669046633447
906,3118.6669046633447
907,3118.6669046633447
908,3118.6669046633447
909,3118.6669046633447
910,3118.6669046633447
911,3118.6669046633447
912,3118.6669046633447
913,3118.6669046633447
914,3118.6669046633447
915,3118.6669046633447
916,3118.6669046633447
917,3118.6669046633447
918,3118.6669046633447
919,3118.6669046633447
920,3118.6669046633447
921,3118.6669046633447
922,3118.6669046633447
923,3118.6669046633447
924,3118.6669046633447
925,3118.6669046633447
926,3118.6669046633447
927,3118.6669046633447
928,3118.6669046633447
929,3118.6669046633447
930,3118.6669046633447
931,3118.6669046633447
932,3118.6669046633447
933,3118.6669046633447
934,3118.6669046633447
935,3118.6669046633447
936,3118.6669046633447
937,3118.6669046633447
938,3118.6669046633447
939,3118.6669046633447
940,3118.6669046633447
941,3118.6669046633447
942,3118.6669046633447
943,3118.6669046633447
944,3118.6669046633447
945,3118.6669046633447
946,3118.6669046633447
947,3118.6669046633447
948,3100.385489450199
949,3100.385489450199
950,3100.385489450199
951,3099.603252691556
952,3058.8938576146434
953,3058.8938576146434
954,3058.8938576146434
955,3058.8938576146434
956,3058.8938576146434
957,3058.8938576146434
958,3058.8938576146434
959,3058.8938576146434
960,3058.8938576146434
961,3058.8938576146434
962,3058.8938576146434
963,3058.8938576146434
964,3058.8938576146434
965,3058.8938576146434
966,3058.8938576146434
967,3058.8938576146434
968,3058.8938576146434
969,3058.8938576146434
970,3058.8938576146434
971,3058.8938576146434
972,3058.8938576146434
973,3058.8938576146434
974,3058.8938576146434
975,3058.8938576146434
976,3058.8938576146434
977,3058.8938576146434
978,3058.8938576146434
979,3058.8938576146434
980,3058.8938576146434
981,3058.8938576146434
982,3058.8938576146434
983,3058.8938576146434
984,3058.8938576146434
985,3058.8938576146434
986,3058.8938576146434
987,3058.8938576146434
988,3058.8938576146434
989,3058.8938576146434
990,3058.8938576146434
991,3058.8938576146434
992,3058.8938576146434
993,3058.8938576146434
994,3058.8938576146434
995,3058.8938576146434
996,3058.8938576146434
997,3058.8938576146434
998,3058.8938576146434
999,3058.8938576146434
1000,3058.8938576146434
1001,3058.8938576146434
1002,3058.8938576146434
1003,3058.8938576146434
1004,3058.8938576146434
1005,3058.8938576146434
1006,3058.8938576146434
1007,3058.8938576146434
1008,3058.8938576146434
1009,3058.8938576146434
1010,3058.8938576146434
1011,3058.8938576146434
1012,3058.8938576146434
1013,3058.8938576146434
1014,3058.8938576146434
1015,3058.8938576146434
1016,3058.8938576146434
1017,3058.8938576146434
1018,3058.8938576146434
1019,3058.8938576146434
1020,3058.8938576146434
1021,3058.8938576146434
1022,3058.8938576146434
1023,3058.8938576146434
1024,3058.8938576146434
1025,3058.8938576146434
1026,3058.8938576146434
1027,3058.8938576146434
1028,3058.8938576146434
1029,3058.8938576146434
1030,3058.8938576146434
1031,3058.8938576146434
1032,3058.8938576146434
1033,3058.8938576146434
1034,3058.8938576146434
1035,3058.8938576146434
1036,3058.8938576146434
1037,3058.8938576146434
1038,3058.8938576146434
1039,3058.8938576146434
1040,3058.8938576146434
1041,3058.8938576146434
1042,3058.8938576146434
1043,3058.8938576146434
1044,3058.8938576146434
1045,3058.8938576146434
1046,3058.8938576146434
1047,3058.8938576146434
1048,3058.8938576146434
1049,3058.8938576146434
1050,3058.8938576146434
1051,3058.8938576146434
1052,3058.8938576146434
1053,3058.8938576146434
1054,3058.8938576146434
1055,3058.8938576146434
1056,3058.8938576146434
1057,3058.8938576146434
1058,3058.8938576146434
1059,3058.8938576146434
1060,3058.8938576146434
1061,3058.8938576146434
1062,3058.8938576146434
1063,3058.8938576146434
1064,3058.8938576146434
1065,3058.8938576146434
1066,3058.8938576146434
1067,3058.8938576146434
1068,3058.8938576146434
1069,3058.8938576146434
1070,3058.8938576146434
1071,3058.8938576146434
1072,3058.8938576146434
1073,3058.8938576146434
1074,3058.8938576146434
1075,3058.8938576146434
1076,3058.8938576146434
1077,3058.8938576146434
1078,3058.8938576146434
1079,3058.8938576146434
1080,3058.8938576146434
1081,3058.8938576146434
1082,3058.8938576146434
1083,3058.8938576146434
1084,3058.8938576146434
1085,3058.8938576146434
1086,3058.8938576146434
1087,3058.8938576146434
1088,3058.8938576146434
1089,3058.8938576146434
1090,3058.8938576146434
1091,3058.8938576146434
1092,3058.8938576146434
1093,3058.8938576146434
1094,3058.8938576146434
1095,3058.8938576146434
1096,3058.8938576146434
1097,3058.8938576146434
1098,3058.8938576146434
1099,3058.8938576146434
1100,3058.8938576146434
1101,3058.8938576146434
1102,3058.8938576146434
1103,3058.8938576146434
1104,3058.8938576146434
1105,3058.8938576146434
1106,3058.8938576146434
1107,3058.8938576146434
1108,3058.8938576146434
1109,3058.8938576146434
1110,3058.8938576146434
1111,3058.8938576146434
1112,3058.8938576146434
1113,3058.8938576146434
1114,3058.8938576146434
1115,3058.8938576146434
1116,3058.8938576146434
1117,3058.8938576146434
1118,3058.8938576146434
1119,3058.8938576146434
1120,3058.8938576146434
1121,3058.8938576146434
1122,3058.8938576146434
1123,3058.8938576146434
1124,3058.8938576146434
1125,3058.8938576146434
1126,3058.8938576146434
1127,3058.8938576146434
1128,3058.8938576146434
1129,3058.8938576146434
1130,3058.8938576146434
1131,3058.8938576146434
1132,3058.8938576146434
1133,3058.8938576146434
1134,3058.8938576146434
1135,3058.8938576146434
1136,3058.8938576146434
1137,3058.8938576146434
1138,3058.8938576146434
1139,3058.8938576146434
1140,3058.8938576146434
1141,3058.8938576146434
1142,3058.8938576146434
1143,3058.8938576146434
1144,3058.8938576146434
1145,3058.8938576146434
1146,3058.8938576146434
1147,3058.8938576146434
1148,3058.8938576146434
1149,3058.8938576146434
1150,3058.8938576146434
1151,3058.8938576146434
1152,3058.8938576146434
1153,3058.8938576146434
1154,3058.8938576146434
1155,3058.8938576146434
1156,3058.8938576146434
1157,3058.8938576146434
1158,3058.8938576146434
1159,3058.8938576146434
1160,3058.8938576146434
1161,3058.8938576146434
1162,3058.8938576146434
1163,3058.8938576146434
1164,3058.8938576146434
1165,3058.8938576146434
1166,3058.8938576146434
1167,3058.8938576146434
1168,3058.8938576146434
1169,3058.8938576146434
1170,3058.8938576146434
1171,3058.8938576146434
1172,3058.8938576146434
1173,3058.8938576146434
1174,3058.8938576146434
1175,3058.8938576146434
1176,3058.8938576146434
1177,3058.8938576146434
1178,3058.8938576146434
1179,3058.8938576146434
1180,3058.8938576146434
1181,3058.8938576146434
1182,3058.8938576146434
1183,3058.8938576146434
1184,3058.8938576146434
1185,3058.8938576146434
1186,3058.8938576146434
1187,3058.8938576146434
1188,3058.8938576146434
1189,3058.8938576146434
1190,3058.8938576146434
1191,3058.8938576146434
1192,3058.8938576146434
1193,3058.8938576146434
1194,3058.8938576146434
1195,3058.8938576146434
1196,3058.8938576146434
1197,3058.8938576146434
1198,3058.8938576146434
1199,3058.8938576146434
1200,3058.8938576146434
1201,3058.8938576146434
1202,3058.8938576146434
1203,3058.8938576146434
1204,3058.8938576146434
1205,3058.8938576146434
1206,3058.8938576146434
1207,3058.8938576146434
1208,3058.8938576146434
1209,3058.8938576146434
1210,3058.8938576146434
1211,3058.8938576146434
1212,3058.8938576146434
1213,3058.8938576146434
1214,3058.8938576146434
1215,3058.8938576146434
1216,3058.8938576146434
1217,3058.8938576146434
1218,3058.8938576146434
1219,3058.8938576146434
1220,3058.8938576146434
1221,3058.8938576146434
1222,3058.8938576146434
1223,3058.8938576146434
1224,3058.8938576146434
1225,3058.8938576146434
1226,3058.8938576146434
1227,3058.8938576146434
1228,3058.8938576146434
1229,3058.8938576146434
1230,3058.8938576146434
1231,3058.8938576146434
1232,3058.8938576146434
1233,3058.8938576146434
1234,3058.8938576146434
1235,3058.8938576146434
1236,3058.8938576146434
1237,3058.8938576146434
1238,3058.8938576146434
1239,3058.8938576146434
1240,3058.8938576146434
1241,3058.8938576146434
1242,3058.8938576146434
1243,3058.8938576146434
1244,3058.8938576146434
1245,3058.8938576146434
1246,3058.8938576146434
1247,3058.8938576146434
1248,3058.8938576146434
1249,3058.8938576146434
1250,3058.8938576146434
1251,3058.8938576146434
1252,3058.8938576146434
1253,3058.8938576146434
1254,3058.8938576146434
1255,3058.8938576146434
1256,3058.8938576146434
1257,3058.8938576146434
1258,3058.8938576146434
1259,3058.8938576146434
1260,3058.8938576146434
1261,3058.8938576146434
1262,3058.8938576146434
1263,3058.8938576146434
1264,3058.8938576146434
1265,3058.8938576146434
1266,3058.8938576146434
1267,3058.8938576146434
1268,3058.8938576146434
1269,3058.8938576146434
1270,3058.8938576146434
1271,3058.8938576146434
1272,3058.8938576146434
1273,3058.8938576146434
1274,3058.8938576146434
1275,3058.8938576146434
1276,3058.8938576146434
1277,3058.8938576146434
1278,3058.8938576146434
1279,3058.8938576146434
1280,3058.8938576146434
1281,3058.8938576146434
1282,3058.8938576146434
1283,3058.8938576146434
1284,3058.8938576146434
1285,3058.8938576146434
1286,3058.8938576146434
1287,3058.8938576146434
1288,3058.8938576146434
1289,3058.8938576146434
1290,3058.8938576146434
1291,3058.8938576146434
1292,3058.8938576146434
1293,3058.8938576146434
1294,3058.8938576146434
1295,3058.8938576146434
1296,3058.8938576146434
1297,3058.8938576146434
1298,3058.8938576146434
1299,3058.8938576146434
1300,3058.8938576146434
1301,3058.8938576146434
1302,3058.8938576146434
1303,3058.8938576146434
1304,3058.8938576146434
1305,3058.8938576146434
1306,3058.8938576146434
1307,3058.8938576146434
1308,3058.8938576146434
1309,3058.8938576146434
1310,3058.8938576146434
1311,3058.8938576146434
1312,3058.8938576146434
1313,3058.8938576146434
1314,3058.8938576146434
1315,3058.8938576146434
1316,3058.8938576146434
1317,3058.8938576146434
1318,3058.8938576146434
1319,3058.8938576146434
1320,3058.8938576146434
1321,3058.8938576146434
1322,3058.8938576146434
1323,3058.8938576146434
1324,3058.8938576146434
1325,3058.8938576146434
1326,3058.8938576146434
1327,3058.8938576146434
1328,3058.8938576146434
1329,3058.8938576146434
1330,3058.8938576146434
1331,3058.8938576146434
1332,3058.8938576146434
1333,3058.8938576146434
1334,3058.8938576146434
1335,3058.8938576146434
1336,3058.8938576146434
1337,3058.8938576146434
1338,3058.8938576146434
1339,3058.8938576146434
1340,3058.8938576146434
1341,3058.8938576146434
1342,3058.8938576146434
1343,3058.8938576146434
1344,3058.8938576146434
1345,3058.8938576146434
1346,3058.8938576146434
1347,3058.8938576146434
1348,3058.8938576146434
1349,3058.8938576146434
1350,3058.8938576146434
1351,3058.8938576146434
1352,3058.8938576146434
1353,3058.8938576146434
1354,3058.8938576146434
1355,3058.8938576146434
1356,3058.8938576146434
1357,3058.8938576146434
1358,3058.8938576146434
1359,3058.8938576146434
1360,3058.8938576146434
1361,3058.8938576146434
1362,3058.8938576146434
1363,3058.8938576146434
1364,3058.8938576146434
1365,3058.8938576146434
1366,3058.8938576146434
1367,3058.8938576146434
1368,3058.8938576146434
1369,3058.8938576146434
1370,3058.8938576146434
1371,3058.8938576146434
1372,3058.8938576146434
1373,3058.8938576146434
1374,3058.8938576146434
1375,3058.8938576146434
1376,3058.8938576146434
1377,3058.8938576146434
1378,3058.8938576146434
1379,3058.8938576146434
1380,3058.8938576146434
1381,3058.8938576146434
1382,3058.8938576146434
1383,3058.8938576146434
1384,3058.8938576146434
1385,3058.8938576146434
1386,3058.8938576146434
1387,3058.8938576146434
1388,3058.8938576146434
1389,3058.8938576146434
1390,3058.8938576146434
1391,3058.8938576146434
1392,3058.8938576146434
1393,3058.8938576146434
1394,3058.8938576146434
1395,3058.8938576146434
1396,3058.8938576146434
1397,3058.8938576146434
1398,3058.8938576146434
1399,3058.8938576146434
1400,3058.8938576146434
1401,3058.8938576146434
1402,3058.8938576146434
1403,3058.8938576146434
1404,3058.8938576146434
1405,3058.8938576146434
1406,3058.8938576146434
1407,3058.8938576146434
1408,3058.8938576146434
1409,3058.8938576146434
1410,3058.8938576146434
1411,3058.8938576146434
1412,3058.8938576146434
1413,3058.8938576146434
1414,3058.8938576146434
1415,3058.8938576146434
1416,3058.8938576146434
1417,3058.8938576146434
1418,3058.8938576146434
1419,3058.8938576146434
1420,3058.8938576146434
1421,3058.8938576146434
1422,3058.8938576146434
1423,3058.8938576146434
1424,3058.8938576146434
1425,3058.8938576146434
1426,3058.8938576146434
1427,3058.8938576146434
1428,3058.8938576146434
1429,3058.8938576146434
1430,3058.8938576146434
1431,3058.8938576146434
1432,3058.8938576146434
1433,3058.8938576146434
1434,3058.8938576146434
1435,3058.8938576146434
1436,3058.8938576146434
1437,3058.8938576146434
1438,3058.8938576146434
1439,3058.8938576146434
1440,3058.8938576146434
1441,3058.8938576146434
1442,3058.8938576146434
1443,3058.8938576146434
1444,3058.8938576146434
1445,3058.8938576146434
1446,3058.8938576146434
1447,3058.8938576146434
1448,3058.8938576146434
1449,3058.8938576146434
1450,3058.8938576146434
1451,3058.8938576146434
1452,3058.8938576146434
1453,3058.8938576146434
1454,3058.8938576146434
1455,3058.8938576146434
1456,3058.8938576146434
1457,3058.8938576146434
1458,3058.8938576146434
1459,3058.8938576146434
1460,3058.8938576146434
1461,3058.8938576146434
1462,3058.8938576146434
1463,3058.8938576146434
1464,3058.8938576146434
1465,3058.8938576146434
1466,3058.8938576146434
1467,3058.8938576146434
1468,3058.8938576146434
1469,3058.8938576146434
1470,3058.8938576146434
1471,3058.8938576146434
1472,3058.8938576146434
1473,3058.8938576146434
1474,3058.8938576146434
1475,3058.8938576146434
1476,3058.8938576146434
1477,3058.8938576146434
1478,3058.8938576146434
1479,3058.8938576146434
1480,3058.8938576146434
1481,3058.8938576146434
1482,3058.8938576146434
1483,3058.8938576146434
1484,3058.8938576146434
1485,3058.8938576146434
1486,3058.8938576146434
1487,3058.8938576146434
1488,3058.8938576146434
1489,3058.8938576146434
1490,3058.8938576146434
1491,3058.8938576146434
1492,3058.8938576146434
1493,3058.8938576146434
1494,3058.8938576146434
1495,3058.8938576146434
1496,3058.8938576146434
1497,3058.8938576146434
1498,3058.8938576146434
1499,3058.8938576146434
1500,3058.8938576146434
1501,3058.8938576146434
1502,3058.8938576146434
1503,3058.8938576146434
1504,3058.8938576146434
1505,3058.8938576146434
1506,3058.8938576146434
1507,3058.8938576146434
1508,3058.8938576146434
1509,3058.8938576146434
1510,3058.8938576146434
1511,3058.8938576146434
1512,3058.8938576146434
1513,3058.8938576146434
1514,3058.8938576146434
1515,3058.8938576146434
1516,3058.8938576146434
1517,3058.8938576146434
1518,3058.8938576146434
1519,3058.8938576146434
1520,3058.8938576146434
1521,3058.8938576146434
1522,3058.8938576146434
1523,3058.8938576146434
1524,3058.8938576146434
1525,3058.8938576146434
1526,3058.8938576146434
1527,3058.8938576146434
1528,3058.8938576146434
1529,3058.8938576146434
1530,3058.8938576146434
1531,3058.8938576146434
1532,3058.8938576146434
1533,3058.8938576146434
1534,3058.8938576146434
1535,3058.8938576146434
1536,3058.8938576146434
1537,3058.8938576146434
1538,3058.8938576146434
1539,3058.8938576146434
1540,3058.8938576146434
1541,3058.8938576146434
1542,3058.8938576146434
1543,3058.8938576146434
1544,3058.8938576146434
1545,3058.8938576146434
1546,3058.8938576146434
1547,3058.8938576146434
1548,3058.8938576146434
1549,3058.8938576146434
1550,3058.8938576146434
1551,3058.8938576146434
1552,3058.8938576146434
1553,3058.8938576146434
1554,3058.8938576146434
1555,3058.8938576146434
1556,3058.8938576146434
1557,3058.8938576146434
1558,3058.8938576146434
1559,3058.8938576146434
1560,3058.8938576146434
1561,3058.8938576146434
1562,3058.8938576146434
1563,3058.8938576146434
1564,3058.8938576146434
1565,3058.8938576146434
1566,3058.8938576146434
1567,3058.8938576146434
1568,3058.8938576146434
1569,3058.8938576146434
1570,3058.8938576146434
1571,3058.8938576146434
1572,3058.8938576146434
1573,3058.8938576146434
1574,3058.8938576146434
1575,3058.8938576146434
1576,3058.8938576146434
1577,3058.8938576146434
1578,3058.8938576146434
1579,3058.8938576146434
1580,3058.8938576146434
1581,3058.8938576146434
1582,3058.8938576146434
1583,3058.8938576146434
1584,3058.8938576146434
1585,3058.8938576146434
1586,3058.8938576146434
1587,3058.8938576146434
1588,3058.8938576146434
1589,3058.8938576146434
1590,3058.8938576146434
1591,3058.8938576146434
1592,3058.8938576146434
1593,3058.8938576146434
1594,3058.8938576146434
1595,3058.8938576146434
1596,3058.8938576146434
1597,3058.8938576146434
1598,3058.8938576146434
1599,3058.8938576146434
1600,3058.8938576146434
1601,3058.8938576146434
1602,3058.8938576146434
1603,3058.8938576146434
1604,3058.8938576146434
1605,3058.8938576146434
1606,3058.8938576146434
1607,3058.8938576146434
1608,3058.8938576146434
1609,3058.8938576146434
1610,3058.8938576146434
1611,3058.8938576146434
1612,3058.8938576146434
1613,3058.8938576146434
1614,3058.8938576146434
1615,3058.8938576146434
1616,3058.8938576146434
1617,3058.8938576146434
1618,3058.8938576146434
1619,3058.8938576146434
1620,3058.8938576146434
1621,3058.8938576146434
1622,3058.8938576146434
1623,3058.8938576146434
1624,3058.8938576146434
1625,3058.8938576146434
1626,3058.8938576146434
1627,3058.8938576146434
1628,3058.8938576146434
1629,3058.8938576146434
1630,3058.8938576146434
1631,3058.8938576146434
1632,3058.8938576146434
1633,3058.8938576146434
1634,3058.8938576146434
1635,3058.8938576146434
1636,3058.8938576146434
1637,3058.8938576146434
1638,3058.8938576146434
1639,3058.8938576146434
1640,3058.8938576146434
1641,3058.8938576146434
1642,3058.8938576146434
1643,3058.8938576146434
1644,3058.8938576146434
1645,3058.8938576146434
1646,3058.8938576146434
1647,3058.8938576146434
1648,3058.8938576146434
1649,3058.8938576146434
1650,3058.8938576146434
1651,3058.8938576146434
1652,3058.8938576146434
1653,3058.8938576146434
1654,3058.8938576146434
1655,3058.8938576146434
1656,3058.8938576146434
1657,3058.8938576146434
1658,3058.8938576146434
1659,3058.8938576146434
1660,3058.8938576146434
1661,3058.8938576146434
1662,3058.8938576146434
1663,3058.8938576146434
1664,3058.8938576146434
1665,3058.8938576146434
1666,3058.8938576146434
1667,3058.8938576146434
1668,3058.8938576146434
1669,3058.8938576146434
1670,3058.8938576146434
1671,3058.8938576146434
1672,3058.8938576146434
1673,3058.8938576146434
1674,3058.8938576146434
1675,3058.8938576146434
1676,3058.8938576146434
1677,3058.8938576146434
1678,3058.8938576146434
1679,3058.8938576146434
1680,3058.8938576146434
1681,3058.8938576146434
1682,3058.8938576146434
1683,3058.8938576146434
1684,3058.8938576146434
1685,3058.8938576146434
1686,3058.8938576146434
1687,3058.8938576146434
1688,3058.8938576146434
1689,3058.8938576146434
1690,3058.8938576146434
1691,3058.8938576146434
1692,3058.8938576146434
1693,3058.8938576146434
1694,3058.8938576146434
1695,3058.8938576146434
1696,3058.8938576146434
1697,3058.8938576146434
1698,3058.8938576146434
1699,3058.8938576146434
1700,3058.8938576146434
1701,3058.8938576146434
1702,3058.8938576146434
1703,3058.8938576146434
1704,3058.8938576146434
1705,3058.8938576146434
1706,3058.8938576146434
1707,3058.8938576146434
1708,3058.8938576146434
1709,3058.8938576146434
1710,3058.8938576146434
1711,3058.8938576146434
1712,3058.8938576146434
1713,3058.8938576146434
1714,3058.8938576146434
1715,3058.8938576146434
1716,3058.8938576146434
1717,3058.8938576146434
1718,3058.8938576146434
1719,3058.8938576146434
1720,3058.8938576146434
1721,3058.8938576146434
1722,3058.8938576146434
1723,3058.8938576146434
1724,3058.8938576146434
1725,3058.8938576146434
1726,3058.8938576146434
1727,3058.8938576146434
1728,3058.8938576146434
1729,3058.8938576146434
1730,3058.8938576146434
1731,3058.8938576146434
1732,3058.8938576146434
1733,3058.8938576146434
1734,3058.8938576146434
1735,3058.8938576146434
1736,3058.8938576146434
1737,3058.8938576146434
1738,3058.8938576146434
1739,3058.8938576146434
1740,3058.8938576146434
1741,3058.8938576146434
1742,3058.8938576146434
1743,3058.8938576146434
1744,3058.8938576146434
1745,3058.8938576146434
1746,3058.8938576146434
1747,3058.8938576146434
1748,3058.8938576146434
1749,3058.8938576146434
1750,3058.8938576146434
1751,3058.8938576146434
1752,3058.8938576146434
1753,3058.8938576146434
1754,3058.8938576146434
1755,3058.8938576146434
1756,3058.8938576146434
1757,3058.8938576146434
1758,3058.8938576146434
1759,3058.8938576146434
1760,3058.8938576146434
1761,3058.8938576146434
1762,3058.8938576146434
1763,3058.8938576146434
1764,3058.8938576146434
1765,3058.8938576146434
1766,3058.8938576146434
1767,3058.8938576146434
1768,3058.8938576146434
1769,3058.8938576146434
1770,3058.8938576146434
1771,3058.8938576146434
1772,3058.8938576146434
1773,3058.8938576146434
1774,3058.8938576146434
1775,3058.8938576146434
1776,3058.8938576146434
1777,3058.8938576146434
1778,3058.8938576146434
1779,3058.8938576146434
1780,3058.8938576146434
1781,3058.8938576146434
1782,3058.8938576146434
1783,3058.8938576146434
1784,3058.8938576146434
1785,3058.8938576146434
1786,3058.8938576146434
1787,3058.8938576146434
1788,3058.8938576146434
1789,3058.8938576146434
1790,3058.8938576146434
1791,3058.8938576146434
1792,3058.8938576146434
1793,3058.8938576146434
1794,3058.8938576146434
1795,3058.8938576146434
1796,3058.8938576146434
1797,3058.8938576146434
1798,3058.8938576146434
1799,3058.8938576146434
1800,3058.8938576146434
1801,3058.8938576146434
1802,3058.8938576146434
1803,3058.8938576146434
1804,3058.8938576146434
1805,3058.8938576146434
1806,3058.8938576146434
1807,3058.8938576146434
1808,3058.8938576146434
1809,3058.8938576146434
1810,3058.8938576146434
1811,3058.8938576146434
1812,3058.8938576146434
1813,3058.8938576146434
1814,3058.8938576146434
1815,3058.8938576146434
1816,3058.8938576146434
1817,3058.8938576146434
1818,3058.8938576146434
1819,3058.8938576146434
1820,3058.8938576146434
1821,3058.8938576146434
1822,3058.8938576146434
1823,3058.8938576146434
1824,3058.8938576146434
1825,3058.8938576146434
1826,3058.8938576146434
1827,3058.8938576146434
1828,3058.8938576146434
1829,3058.8938576146434
1830,3058.8938576146434
1831,3058.8938576146434
1832,3058.8938576146434
1833,3058.8938576146434
1834,3058.8938576146434
1835,3058.8938576146434
1836,3058.8938576146434
1837,3058.8938576146434
1838,3058.8938576146434
1839,3058.8938576146434
1840,3058.8938576146434
1841,3058.8938576146434
1842,3058.8938576146434
1843,3058.8938576146434
1844,3058.8938576146434
1845,3058.8938576146434
1846,3058.8938576146434
1847,3058.8938576146434
1848,3058.8938576146434
1849,3058.8938576146434
1850,3058.8938576146434
1851,3058.8938576146434
1852,3058.8938576146434
1853,3058.8938576146434
1854,3058.8938576146434
1855,3058.8938576146434
1856,3058.8938576146434
1857,3058.8938576146434
1858,3058.8938576146434
1859,3058.8938576146434
1860,3058.8938576146434
1861,3058.8938576146434
1862,3058.8938576146434
1863,3058.8938576146434
1864,3058.8938576146434
1865,3058.8938576146434
1866,3058.8938576146434
1867,3058.8938576146434
1868,3058.8938576146434
1869,3058.8938576146434
1870,3058.8938576146434
1871,3058.8938576146434
1872,3058.8938576146434
1873,3058.8938576146434
1874,3058.8938576146434
1875,3058.8938576146434
1876,3058.8938576146434
1877,3058.8938576146434
1878,3058.8938576146434
1879,3058.8938576146434
1880,3058.8938576146434
1881,3058.8938576146434
1882,3058.8938576146434
1883,3058.8938576146434
1884,3058.8938576146434
1885,3058.8938576146434
1886,3058.8938576146434
1887,3058.8938576146434
1888,3058.8938576146434
1889,3058.8938576146434
1890,3058.8938576146434
1891,3058.8938576146434
1892,3058.8938576146434
1893,3058.8938576146434
1894,3058.8938576146434
1895,3058.8938576146434
1896,3058.8938576146434
1897,3058.8938576146434
1898,3058.8938576146434
1899,3058.8938576146434
1900,3058.8938576146434
1901,3058.8938576146434
1902,3058.8938576146434
1903,3058.8938576146434
1904,3058.8938576146434
1905,3058.8938576146434
1906,3058.8938576146434
1907,3058.8938576146434
1908,3058.8938576146434
1909,3058.8938576146434
1910,3058.8938576146434
1911,3058.8938576146434
1912,3058.8938576146434
1913,3058.8938576146434
1914,3058.8938576146434
1915,3058.8938576146434
1916,3058.8938576146434
1917,3058.8938576146434
1918,3058.8938576146434
1919,3058.8938576146434
1920,3058.8938576146434
1921,3058.8938576146434
1922,3058.8938576146434
1923,3058.8938576146434
1924,3058.8938576146434
1925,3058.8938576146434
1926,3058.8938576146434
1927,3058.8938576146434
1928,3058.8938576146434
1929,3058.8938576146434
1930,3058.8938576146434
1931,3058.8938576146434
1932,3058.8938576146434
1933,3058.8938576146434
1934,3058.8938576146434
1935,3058.8938576146434
1936,3058.8938576146434
1937,3058.8938576146434
1938,3058.8938576146434
1939,3058.8938576146434
1940,3058.8938576146434
1941,3058.8938576146434
1942,3058.8938576146434
1943,3058.8938576146434
1944,3058.8938576146434
1945,3058.8938576146434
1946,3058.8938576146434
1947,3058.8938576146434
1948,3058.8938576146434
1949,3058.8938576146434
1950,3058.8938576146434
1951,3058.8938576146434
1952,3058.8938576146434
1953,3058.8938576146434
1954,3058.8938576146434
1955,3058.8938576146434
1956,3058.8938576146434
1957,3058.8938576146434
1958,3058.8938576146434
1959,3058.8938576146434
1960,3058.8938576146434
1961,3058.8938576146434
1962,3058.8938576146434
1963,3058.8938576146434
1964,3058.8938576146434
1965,3058.8938576146434
1966,3058.8938576146434
1967,3058.8938576146434
1968,3058.8938576146434
1969,3058.8938576146434
1970,3058.8938576146434
1971,3058.8938576146434
1972,3058.8938576146434
1973,3058.8938576146434
1974,3058.8938576146434
1975,3058.8938576146434
1976,3058.8938576146434
1977,3058.8938576146434
1978,3058.8938576146434
1979,3058.8938576146434
1980,3058.8938576146434
1981,3058.8938576146434
1982,3058.8938576146434
1983,3058.8938576146434
1984,3058.8938576146434
1985,3058.8938576146434
1986,3058.8938576146434
1987,3058.8938576146434
1988,3058.8938576146434
1989,3058.8938576146434
1990,3058.8938576146434
1991,3058.8938576146434
1992,3058.8938576146434
1993,3058.8938576146434
1994,3058.8938576146434
1995,3058.8938576146434
1996,3058.8938576146434
1997,3058.8938576146434
1998,3058.8938576146434
1999,3058.8938576146434
2000,3058.8938576146434
2001,3058.8938576146434
2002,3058.8938576146434
2003,3058.8938576146434
2004,3058.8938576146434
2005,3058.8938576146434
2006,3058.8938576146434
2007,3058.8938576146434
2008,3058.8938576146434
2009,3058.8938576146434
2010,3058.8938576146434
2011,3058.8938576146434
2012,3058.8938576146434
2013,3058.8938576146434
2014,3058.8938576146434
2015,3058.8938576146434
2016,3058.8938576146434
2017,3058.8938576146434
2018,3058.8938576146434
2019,3058.8938576146434
2020,3058.8938576146434
2021,3058.8938576146434
2022,3058.8938576146434
2023,3058.8938576146434
2024,3058.8938576146434
2025,3058.8938576146434
2026,3058.8938576146434
2027,3058.8938576146434
2028,3058.8938576146434
2029,3058.8938576146434
2030,3058.8938576146434
2031,3058.8938576146434
2032,3058.8938576146434
2033,3058.8938576146434
2034,3058.8938576146434
2035,3058.8938576146434
2036,3058.8938576146434
2037,3058.8938576146434
2038,3058.8938576146434
2039,3058.8938576146434
2040,3058.8938576146434
2041,3058.8938576146434
2042,3058.8938576146434
2043,3058.8938576146434
2044,3058.8938576146434
2045,3058.8938576146434
2046,3058.8938576146434
2047,3058.8938576146434
2048,3058.8938576146434
2049,3058.8938576146434
2050,3058.8938576146434
2051,3058.8938576146434
2052,3058.8938576146434
2053,3058.8938576146434
2054,3058.8938576146434
2055,3058.8938576146434
2056,3058.8938576146434
2057,3058.8938576146434
2058,3058.8938576146434
2059,3058.8938576146434
2060,3058.8938576146434
2061,3058.8938576146434
2062,3058.8938576146434
2063,3058.8938576146434
2064,3058.8938576146434
2065,3058.8938576146434
2066,3058.8938576146434
2067,3058.8938576146434
2068,3058.8938576146434
2069,3058.8938576146434
2070,3058.8938576146434
2071,3058.8938576146434
2072,3058.8938576146434
2073,3058.8938576146434
2074,3058.8938576146434
2075,3058.8938576146434
2076,3058.8938576146434
2077,3058.8938576146434
2078,3058.8938576146434
2079,3058.8938576146434
2080,3058.8938576146434
2081,3058.8938576146434
2082,3058.8938576146434
2083,3058.8938576146434
2084,3058.8938576146434
2085,3058.8938576146434
2086,3058.8938576146434
2087,3058.8938576146434
2088,3058.8938576146434
2089,3058.8938576146434
2090,3058.8938576146434
2091,3058.8938576146434
2092,3058.8938576146434
2093,3058.8938576146434
2094,3058.8938576146434
2095,3058.8938576146434
2096,3058.8938576146434
2097,3058.8938576146434
2098,3058.8938576146434
2099,3058.8938576146434
2100,3058.8938576146434
2101,3058.8938576146434
2102,3058.8938576146434
2103,3058.8938576146434
2104,3058.8938576146434
2105,3058.8938576146434
2106,3058.8938576146434
2107,3058.8938576146434
2108,3058.8938576146434
2109,3058.8938576146434
2110,3058.8938576146434
2111,3058.8938576146434
2112,3058.8938576146434
2113,3058.8938576146434
2114,3058.8938576146434
2115,3058.8938576146434
2116,3058.8938576146434
2117,3058.8938576146434
2118,3058.8938576146434
2119,3058.8938576146434
2120,3058.8938576146434
2121,3058.8938576146434
2122,3058.8938576146434
2123,3058.8938576146434
2124,3058.8938576146434
2125,3058.8938576146434
2126,3058.8938576146434
2127,3058.8938576146434
2128,3058.8938576146434
2129,3058.8938576146434
2130,3058.8938576146434
2131,3058.8938576146434
2132,3058.8938576146434
2133,3058.8938576146434
2134,3058.8938576146434
2135,3058.8938576146434
2136,3058.8938576146434
2137,3058.8938576146434
2138,3058.8938576146434
2139,3058.8938576146434
2140,3058.8938576146434
2141,3058.8938576146434
2142,3058.8938576146434
2143,3058.8938576146434
2144,3058.8938576146434
2145,3058.8938576146434
2146,3058.8938576146434
2147,3058.8938576146434
2148,3058.8938576146434
2149,3058.8938576146434
2150,3058.8938576146434
2151,3058.8938576146434
2152,3058.8938576146434
2153,3058.8938576146434
2154,3058.8938576146434
2155,3058.8938576146434
2156,3058.8938576146434
2157,3058.8938576146434
2158,3058.8938576146434
2159,3058.8938576146434
2160,3058.8938576146434
2161,3058.8938576146434
2162,3058.8938576146434
2163,3058.8938576146434
2164,3058.8938576146434
2165,3058.8938576146434
2166,3058.8938576146434
2167,3058.8938576146434
2168,3058.8938576146434
2169,3058.8938576146434
2170,3058.8938576146434
2171,3058.8938576146434
2172,3058.8938576146434
2173,3058.8938576146434
2174,3058.8938576146434
2175,3058.8938576146434
2176,3058.8938576146434
2177,3058.8938576146434
2178,3058.8938576146434
2179,3058.8938576146434
2180,3058.8938576146434
2181,3058.8938576146434
2182,3058.8938576146434
2183,3058.8938576146434
2184,3058.8938576146434
2185,3058.8938576146434
2186,3058.8938576146434
2187,3058.8938576146434
2188,3058.8938576146434
2189,3058.8938576146434
2190,3058.8938576146434
2191,3058.8938576146434
2192,3058.8938576146434
2193,3058.8938576146434
2194,3058.8938576146434
2195,3058.8938576146434
2196,3058.8938576146434
2197,3058.8938576146434
2198,3058.8938576146434
2199,3058.8938576146434
2200,3058.8938576146434
2201,3058.8938576146434
2202,3058.8938576146434
2203,3058.8938576146434
2204,3058.8938576146434
2205,3058.8938576146434
2206,3058.8938576146434
2207,3058.8938576146434
2208,3058.8938576146434
2209,3058.8938576146434
2210,3058.8938576146434
2211,3058.8938576146434
2212,3058.8938576146434
2213,3058.8938576146434
2214,3058.8938576146434
2215,3058.8938576146434
2216,3058.8938576146434
2217,3058.8938576146434
2218,3058.8938576146434
2219,3058.8938576146434
2220,3058.8938576146434
2221,3058.8938576146434
2222,3058.8938576146434
2223,3058.8938576146434
2224,3058.8938576146434
2225,3058.8938576146434
2226,3058.8938576146434
2227,3058.8938576146434
2228,3058.8938576146434
2229,3058.8938576146434
2230,3058.8938576146434
2231,3058.8938576146434
2232,3058.8938576146434
2233,3058.8938576146434
2234,3058.8938576146434
2235,3058.8938576146434
2236,3058.8938576146434
2237,3058.8938576146434
2238,3058.8938576146434
2239,3058.8938576146434
2240,3058.8938576146434
2241,3058.8938576146434
2242,3058.8938576146434
2243,3058.8938576146434
2244,3058.8938576146434
2245,3058.8938576146434
2246,3058.8938576146434
2247,3058.8938576146434
2248,3058.8938576146434
2249,3058.8938576146434
2250,3058.8938576146434
2251,3058.8938576146434
2252,3058.8938576146434
2253,3058.8938576146434
2254,3058.8938576146434
2255,3058.8938576146434
2256,3058.8938576146434
2257,3058.8938576146434
2258,3058.8938576146434
2259,3058.8938576146434
2260,3058.8938576146434
2261,3058.8938576146434
2262,3058.8938576146434
2263,3058.8938576146434
2264,3058.8938576146434
2265,3058.8938576146434
2266,3058.8938576146434
2267,3058.8938576146434
2268,3058.8938576146434
2269,3058.8938576146434
2270,3058.8938576146434
2271,3058.8938576146434
2272,3058.8938576146434
2273,3058.8938576146434
2274,3058.8938576146434
2275,3058.8938576146434
2276,3058.8938576146434
2277,3058.8938576146434
2278,3058.8938576146434
2279,3058.8938576146434
2280,3058.8938576146434
2281,3058.8938576146434
2282,3058.8938576146434
2283,3058.8938576146434
2284,3058.8938576146434
2285,3058.8938576146434
2286,3058.8938576146434
2287,3058.8938576146434
2288,3058.8938576146434
2289,3058.8938576146434
2290,3058.8938576146434
2291,3058.8938576146434
2292,3058.8938576146434
2293,3058.8938576146434
2294,3058.8938576146434
2295,3058.8938576146434
2296,3058.8938576146434
2297,3058.8938576146434
2298,3058.8938576146434
2299,3058.8938576146434
2300,3058.8938576146434
2301,3058.8938576146434
2302,3058.8938576146434
2303,3058.8938576146434
2304,3058.8938576146434
2305,3058.8938576146434
2306,3058.8938576146434
2307,3058.8938576146434
2308,3058.8938576146434
2309,3058.8938576146434
2310,3058.8938576146434
2311,3058.8938576146434
2312,3058.8938576146434
2313,3058.8938576146434
2314,3058.8938576146434
2315,3058.8938576146434
2316,3058.8938576146434
2317,3058.8938576146434
2318,3058.8938576146434
2319,3058.8938576146434
2320,3058.8938576146434
2321,3058.8938576146434
2322,3058.8938576146434
2323,3058.8938576146434
2324,3058.8938576146434
2325,3058.8938576146434
2326,3058.8938576146434
2327,3058.8938576146434
2328,3058.8938576146434
2329,3058.8938576146434
2330,3058.8938576146434
2331,3058.8938576146434
2332,3058.8938576146434
2333,3058.8938576146434
2334,3058.8938576146434
2335,3058.8938576146434
2336,3058.8938576146434
2337,3058.8938576146434
2338,3058.8938576146434
2339,3058.8938576146434
2340,3058.8938576146434
2341,3058.8938576146434
2342,3058.8938576146434
2343,3058.8938576146434
2344,3058.8938576146434
2345,3058.8938576146434
2346,3058.8938576146434
2347,3058.8938576146434
2348,3058.8938576146434
2349,3058.8938576146434
2350,3058.8938576146434
2351,3058.8938576146434
2352,3058.8938576146434
2353,3058.8938576146434
2354,3058.8938576146434
2355,3058.8938576146434
2356,3058.8938576146434
2357,3058.8938576146434
2358,3058.8938576146434
2359,3058.8938576146434
2360,3058.8938576146434
2361,3058.8938576146434
2362,3058.8938576146434
2363,3058.8938576146434
2364,3058.8938576146434
2365,3058.8938576146434
2366,3058.8938576146434
2367,3058.8938576146434
2368,3058.8938576146434
2369,3058.8938576146434
2370,3058.8938576146434
2371,3058.8938576146434
2372,3058.8938576146434
2373,3058.8938576146434
2374,3058.8938576146434
2375,3058.8938576146434
2376,3058.8938576146434
2377,3058.8938576146434
2378,3058.8938576146434
2379,3058.8938576146434
2380,3058.8938576146434
2381,3058.8938576146434
2382,3058.8938576146434
2383,3058.8938576146434
2384,3058.8938576146434
2385,3058.8938576146434
2386,3058.8938576146434
2387,3058.8938576146434
2388,3058.8938576146434
2389,3058.8938576146434
2390,3058.8938576146434
2391,3058.8938576146434
2392,3058.8938576146434
2393,3058.8938576146434
2394,3058.8938576146434
2395,3058.8938576146434
2396,3058.8938576146434
2397,3058.8938576146434
2398,3058.8938576146434
2399,3058.8938576146434
2400,3058.8938576146434
2401,3058.8938576146434
2402,3058.8938576146434
2403,3058.8938576146434
2404,3058.8938576146434
2405,3058.8938576146434
2406,3058.8938576146434
2407,3058.8938576146434
2408,3058.8938576146434
2409,3058.8938576146434
2410,3058.8938576146434
2411,3058.8938576146434
2412,3058.8938576146434
2413,3058.8938576146434
2414,3058.8938576146434
2415,3058.8938576146434
2416,3058.8938576146434
2417,3058.8938576146434
2418,3058.8938576146434
2419,3058.8938576146434
2420,3058.8938576146434
2421,3058.8938576146434
2422,3058.8938576146434
2423,3058.8938576146434
2424,3058.8938576146434
2425,3058.8938576146434
2426,3058.8938576146434
2427,3058.8938576146434
2428,3058.8938576146434
2429,3058.8938576146434
2430,3058.8938576146434
2431,3058.8938576146434
2432,3058.8938576146434
2433,3058.8938576146434
2434,3058.8938576146434
2435,3058.8938576146434
2436,3058.8938576146434
2437,3058.8938576146434
2438,3058.8938576146434
2439,3058.8938576146434
2440,3058.8938576146434
2441,3058.8938576146434
2442,3058.8938576146434
2443,3058.8938576146434
2444,3058.8938576146434
2445,3058.8938576146434
2446,3058.8938576146434
2447,3058.8938576146434
2448,3058.8938576146434
2449,3058.8938576146434
2450,3058.8938576146434
2451,3058.8938576146434
2452,3058.8938576146434
2453,3058.8938576146434
2454,3058.8938576146434
2455,3058.8938576146434
2456,3058.8938576146434
2457,3058.8938576146434
2458,3058.8938576146434
2459,3058.8938576146434
2460,3058.8938576146434
2461,3058.8938576146434
2462,3058.8938576146434
2463,3058.8938576146434
2464,3058.8938576146434
2465,3058.8938576146434
2466,3058.8938576146434
2467,3058.8938576146434
2468,3058.8938576146434
2469,3058.8938576146434
2470,3058.8938576146434
2471,3058.8938576146434
2472,3058.8938576146434
2473,3058.8938576146434
2474,3058.8938576146434
2475,3058.8938576146434
2476,3058.8938576146434
2477,3058.8938576146434
2478,3058.8938576146434
2479,3058.8938576146434
2480,3058.8938576146434
2481,3058.8938576146434
2482,3058.8938576146434
2483,3058.8938576146434
2484,3058.8938576146434
2485,3058.8938576146434
2486,3058.8938576146434
2487,3058.8938576146434
2488,3058.8938576146434
2489,3058.8938576146434
2490,3058.8938576146434
2491,3058.8938576146434
2492,3058.8938576146434
2493,3058.8938576146434
2494,3058.8938576146434
2495,3058.8938576146434
2496,3058.8938576146434
2497,3058.8938576146434
2498,3058.8938576146434
2499,3058.8938576146434
2500,3058.8938576146434
2501,3058.8938576146434
2502,3058.8938576146434
2503,3058.8938576146434
2504,3058.8938576146434
2505,3058.8938576146434
2506,3058.8938576146434
2507,3058.8938576146434
2508,3058.8938576146434
2509,3058.8938576146434
2510,3058.8938576146434
2511,3058.8938576146434
2512,3058.8938576146434
2513,3058.8938576146434
2514,3058.8938576146434
2515,3058.8938576146434
2516,3058.8938576146434
2517,3058.8938576146434
2518,3058.8938576146434
2519,3058.8938576146434
2520,3058.8938576146434
2521,3058.8938576146434
2522,3058.8938576146434
2523,3058.8938576146434
2524,3058.8938576146434
2525,3058.8938576146434
2526,3058.8938576146434
2527,3058.8938576146434
2528,3058.8938576146434
2529,3058.8938576146434
2530,3058.8938576146434
2531,3058.8938576146434
2532,3058.8938576146434
2533,3058.8938576146434
2534,3058.8938576146434
2535,3058.8938576146434
2536,3058.8938576146434
2537,3058.8938576146434
2538,3058.8938576146434
2539,3058.8938576146434
2540,3058.8938576146434
2541,3058.8938576146434
2542,3058.8938576146434
2543,3058.8938576146434
2544,3058.8938576146434
2545,3058.8938576146434
2546,3058.8938576146434
2547,3058.8938576146434
2548,3058.8938576146434
2549,3058.8938576146434
2550,3058.8938576146434
2551,3058.8938576146434
2552,3058.8938576146434
2553,3058.8938576146434
2554,3058.8938576146434
2555,3058.8938576146434
2556,3058.8938576146434
2557,3058.8938576146434
2558,3058.8938576146434
2559,3058.8938576146434
2560,3058.8938576146434
2561,3058.8938576146434
2562,3058.8938576146434
2563,3058.8938576146434
2564,3058.8938576146434
2565,3058.8938576146434
2566,3058.8938576146434
2567,3058.8938576146434
2568,3058.8938576146434
2569,3058.8938576146434
2570,3058.8938576146434
2571,3058.8938576146434
2572,3058.8938576146434
2573,3058.8938576146434
2574,3058.8938576146434
2575,3058.8938576146434
2576,3058.8938576146434
2577,3058.8938576146434
2578,3058.8938576146434
2579,3058.8938576146434
2580,3058.8938576146434
2581,3058.8938576146434
2582,3058.8938576146434
2583,3058.8938576146434
2584,3058.8938576146434
2585,3058.8938576146434
2586,3058.8938576146434
2587,3058.8938576146434
2588,3058.8938576146434
2589,3058.8938576146434
2590,3058.8938576146434
2591,3058.8938576146434
2592,3058.8938576146434
2593,3058.8938576146434
2594,3058.8938576146434
2595,3058.8938576146434
2596,3058.8938576146434
2597,3058.8938576146434
2598,3058.8938576146434
2599,3058.8938576146434
2600,3058.8938576146434
2601,3058.8938576146434
2602,3058.8938576146434
2603,3058.8938576146434
2604,3058.8938576146434
2605,3058.8938576146434
2606,3058.8938576146434
2607,3058.8938576146434
2608,3058.8938576146434
2609,3058.8938576146434
2610,3058.8938576146434
2611,3058.8938576146434
2612,3058.8938576146434
2613,3058.8938576146434
2614,3058.8938576146434
2615,3058.8938576146434
2616,3058.8938576146434
2617,3058.8938576146434
2618,3058.8938576146434
2619,3058.8938576146434
2620,3058.8938576146434
2621,3058.8938576146434
2622,3058.8938576146434
2623,3058.8938576146434
2624,3058.8938576146434
2625,3058.8938576146434
2626,3058.8938576146434
2627,3058.8938576146434
2628,3058.8938576146434
2629,3058.8938576146434
2630,3058.8938576146434
2631,3058.8938576146434
2632,3058.8938576146434
2633,3058.8938576146434
2634,3058.8938576146434
2635,3058.8938576146434
2636,3058.8938576146434
2637,3058.8938576146434
2638,3058.8938576146434
2639,3058.8938576146434
2640,3058.8938576146434
2641,3058.8938576146434
2642,3058.8938576146434
2643,3058.8938576146434
2644,3058.8938576146434
2645,3058.8938576146434
2646,3058.8938576146434
2647,3058.8938576146434
2648,3058.8938576146434
2649,3058.8938576146434
2650,3058.8938576146434
2651,3058.8938576146434
2652,3058.8938576146434
2653,3058.8938576146434
2654,3058.8938576146434
2655,3058.8938576146434
2656,3058.8938576146434
2657,3058.8938576146434
2658,3058.8938576146434
2659,3058.8938576146434
2660,3058.8938576146434
2661,3058.8938576146434
2662,3058.8938576146434
2663,3058.8938576146434
2664,3058.8938576146434
2665,3058.8938576146434
2666,3058.8938576146434
2667,3058.8938576146434
2668,3058.8938576146434
2669,3058.8938576146434
2670,3058.8938576146434
2671,3058.8938576146434
2672,3058.8938576146434
2673,3058.8938576146434
2674,3058.8938576146434
2675,3058.8938576146434
2676,3058.8938576146434
2677,3058.8938576146434
2678,3058.8938576146434
2679,3058.8938576146434
2680,3058.8938576146434
2681,3058.8938576146434
2682,3058.8938576146434
2683,3058.8938576146434
2684,3058.8938576146434
2685,3058.8938576146434
2686,3058.8938576146434
2687,3058.8938576146434
2688,3058.8938576146434
2689,3058.8938576146434
2690,3058.8938576146434
2691,3058.8938576146434
2692,3058.8938576146434
2693,3058.8938576146434
2694,3058.8938576146434
2695,3058.8938576146434
2696,3058.8938576146434
2697,3058.8938576146434
2698,3058.8938576146434
2699,3058.8938576146434
2700,3058.8938576146434
2701,3058.8938576146434
2702,3058.8938576146434
2703,3058.8938576146434
2704,3058.8938576146434
2705,3058.8938576146434
2706,3058.8938576146434
2707,3058.8938576146434
2708,3058.8938576146434
2709,3058.8938576146434
2710,3058.8938576146434
2711,3058.8938576146434
2712,3058.8938576146434
2713,3058.8938576146434
2714,3058.8938576146434
2715,3058.8938576146434
2716,3058.8938576146434
2717,3058.8938576146434
2718,3058.8938576146434
2719,3058.8938576146434
2720,3058.8938576146434
2721,3058.8938576146434
2722,3058.8938576146434
2723,3058.8938576146434
2724,3058.8938576146434
2725,3058.8938576146434
2726,3058.8938576146434
2727,3058.8938576146434
2728,3058.8938576146434
2729,3058.8938576146434
2730,3058.8938576146434
2731,3058.8938576146434
2732,3058.8938576146434
2733,3058.8938576146434
2734,3058.8938576146434
2735,3058.8938576146434
2736,3058.8938576146434
2737,3058.8938576146434
2738,3058.8938576146434
2739,3058.8938576146434
2740,3058.8938576146434
2741,3058.8938576146434
2742,3058.8938576146434
2743,3058.8938576146434
2744,3058.8938576146434
2745,3058.8938576146434
2746,3058.8938576146434
2747,3058.8938576146434
2748,3058.8938576146434
2749,3058.8938576146434
2750,3058.8938576146434
2751,3058.8938576146434
2752,3058.8938576146434
2753,3058.8938576146434
2754,3058.8938576146434
2755,3058.8938576146434
2756,3058.8938576146434
2757,3058.8938576146434
2758,3058.8938576146434
2759,3058.8938576146434
2760,3058.8938576146434
2761,3058.8938576146434
2762,3058.8938576146434
2763,3058.8938576146434
2764,3058.8938576146434
2765,3058.8938576146434
2766,3058.8938576146434
2767,3058.8938576146434
2768,3058.8938576146434
2769,3058.8938576146434
2770,3058.8938576146434
2771,3058.8938576146434
2772,3058.8938576146434
2773,3058.8938576146434
2774,3058.8938576146434
2775,3058.8938576146434
2776,3058.8938576146434
2777,3058.8938576146434
2778,3058.8938576146434
2779,3058.8938576146434
2780,3058.8938576146434
2781,3058.8938576146434
2782,3058.8938576146434
2783,3058.8938576146434
2784,3058.8938576146434
2785,3058.8938576146434
2786,3058.8938576146434
2787,3058.8938576146434
2788,3058.8938576146434
2789,3058.8938576146434
2790,3058.8938576146434
2791,3058.8938576146434
2792,3058.8938576146434
2793,3058.8938576146434
2794,3058.8938576146434
2795,3058.8938576146434
2796,3058.8938576146434
2797,3058.8938576146434
2798,3058.8938576146434
2799,3058.8938576146434
2800,3058.8938576146434
2801,3058.8938576146434
2802,3058.8938576146434
2803,3058.8938576146434
2804,3058.8938576146434
2805,3058.8938576146434
2806,3058.8938576146434
2807,3058.8938576146434
2808,3058.8938576146434
2809,3058.8938576146434
2810,3058.8938576146434
2811,3058.8938576146434
2812,3058.8938576146434
2813,3058.8938576146434
2814,3058.8938576146434
2815,3058.8938576146434
2816,3058.8938576146434
2817,3058.8938576146434
2818,3058.8938576146434
2819,3058.8938576146434
2820,3058.8938576146434
2821,3058.8938576146434
2822,3058.8938576146434
2823,3058.8938576146434
2824,3058.8938576146434
2825,3058.8938576146434
2826,3058.8938576146434
2827,3058.8938576146434
2828,3058.8938576146434
2829,3058.8938576146434
2830,3058.8938576146434
2831,3058.8938576146434
2832,3058.8938576146434
2833,3058.8938576146434
2834,3058.8938576146434
2835,3058.8938576146434
2836,3058.8938576146434
2837,3058.8938576146434
2838,3058.8938576146434
2839,3058.8938576146434
2840,3058.8938576146434
2841,3058.8938576146434
2842,3058.8938576146434
2843,3058.8938576146434
2844,3058.8938576146434
2845,3058.8938576146434
2846,3058.8938576146434
2847,3058.8938576146434
2848,3058.8938576146434
2849,3058.8938576146434
2850,3058.8938576146434
2851,3058.8938576146434
2852,3058.8938576146434
2853,3058.8938576146434
2854,3058.8938576146434
2855,3058.8938576146434
2856,3058.8938576146434
2857,3058.8938576146434
2858,3058.8938576146434
2859,3058.8938576146434
2860,3058.8938576146434
2861,3058.8938576146434
2862,3058.8938576146434
2863,3058.8938576146434
2864,3058.8938576146434
2865,3058.8938576146434
2866,3058.8938576146434
2867,3058.8938576146434
2868,3058.8938576146434
2869,3058.8938576146434
2870,3058.8938576146434
2871,3058.8938576146434
2872,3058.8938576146434
2873,3058.8938576146434
2874,3058.8938576146434
2875,3058.8938576146434
2876,3058.8938576146434
2877,3058.8938576146434
2878,3058.8938576146434
2879,3058.8938576146434
2880,3058.8938576146434
2881,3058.8938576146434
2882,3058.8938576146434
2883,3058.8938576146434
2884,3058.8938576146434
2885,3058.8938576146434
2886,3058.8938576146434
2887,3058.8938576146434
2888,3058.8938576146434
2889,3058.8938576146434
2890,3058.8938576146434
2891,3058.8938576146434
2892,3058.8938576146434
2893,3058.8938576146434
2894,3058.8938576146434
2895,3058.8938576146434
2896,3058.8938576146434
2897,3058.8938576146434
2898,3058.8938576146434
2899,3058.8938576146434
2900,3058.8938576146434
2901,3058.8938576146434
2902,3058.8938576146434
2903,3058.8938576146434
2904,3058.8938576146434
2905,3058.8938576146434
2906,3058.8938576146434
2907,3058.8938576146434
2908,3058.8938576146434
2909,3058.8938576146434
2910,3058.8938576146434
2911,3058.8938576146434
2912,3058.8938576146434
2913,3058.8938576146434
2914,3058.8938576146434
2915,3058.8938576146434
2916,3058.8938576146434
2917,3058.8938576146434
2918,3058.8938576146434
2919,3058.8938576146434
2920,3058.8938576146434
2921,3058.8938576146434
2922,3058.8938576146434
2923,3058.8938576146434
2924,3058.8938576146434
2925,3058.8938576146434
2926,3058.8938576146434
2927,3058.8938576146434
2928,3058.8938576146434
2929,3058.8938576146434
2930,3058.8938576146434
2931,3058.8938576146434
2932,3058.8938576146434
2933,3058.8938576146434
2934,3058.8938576146434
2935,3058.8938576146434
2936,3058.8938576146434
2937,3058.8938576146434
2938,3058.8938576146434
2939,3058.8938576146434
2940,3058.8938576146434
2941,3058.8938576146434
2942,3058.8938576146434
2943,3058.8938576146434
2944,3058.8938576146434
2945,3058.8938576146434
2946,3058.8938576146434
2947,3058.8938576146434
2948,3058.8938576146434
2949,3058.8938576146434
2950,3058.8938576146434
2951,3058.8938576146434
2952,3058.8938576146434
2953,3058.8938576146434
2954,3058.8938576146434
2955,3058.8938576146434
2956,3058.8938576146434
2957,3058.8938576146434
2958,3058.8938576146434
2959,3058.8938576146434
2960,3058.8938576146434
2961,3058.8938576146434
2962,3058.8938576146434
2963,3058.8938576146434
2964,3058.8938576146434
2965,3058.8938576146434
2966,3058.8938576146434
2967,3058.8938576146434
2968,3058.8938576146434
2969,3058.8938576146434
2970,3058.8938576146434
2971,3058.8938576146434
2972,3058.8938576146434
2973,3058.8938576146434
2974,3058.8938576146434
2975,3058.8938576146434
2976,3058.8938576146434
2977,3058.8938576146434
2978,3058.8938576146434
2979,3058.8938576146434
2980,3058.8938576146434
2981,3058.8938576146434
2982,3058.8938576146434
2983,3058.8938576146434
2984,3058.8938576146434
2985,3058.8938576146434
2986,3058.8938576146434
2987,3058.8938576146434
2988,3058.8938576146434
2989,3058.8938576146434
2990,3058.8938576146434
2991,3058.8938576146434
2992,3058.8938576146434
2993,3058.8938576146434
2994,3058.8938576146434
2995,3058.8938576146434
2996,3058.8938576146434
2997,3058.8938576146434
2998,3058.8938576146434
2999,3058.8938576146434
3000,3058.8938576146434
3001,3058.8938576146434
3002,3058.8938576146434
3003,3058.8938576146434
3004,3058.8938576146434
3005,3058.8938576146434
3006,3058.8938576146434
3007,3058.8938576146434
3008,3058.8938576146434
3009,3058.8938576146434
3010,3058.8938576146434
3011,3058.8938576146434
3012,3058.8938576146434
3013,3058.8938576146434
3014,3058.8938576146434
3015,3058.8938576146434
3016,3058.8938576146434
3017,3058.8938576146434
3018,3058.8938576146434
3019,3058.8938576146434
3020,3058.8938576146434
3021,3058.8938576146434
3022,3058.8938576146434
3023,3058.8938576146434
3024,3058.8938576146434
3025,3058.8938576146434
3026,3058.8938576146434
3027,3058.8938576146434
3028,3058.8938576146434
3029,3058.8938576146434
3030,3058.8938576146434
3031,3058.8938576146434
3032,3058.8938576146434
3033,3058.8938576146434
3034,3058.8938576146434
3035,3058.8938576146434
3036,3058.8938576146434
3037,3058.8938576146434
3038,3058.8938576146434
3039,3058.8938576146434
3040,3058.8938576146434
3041,3058.8938576146434
3042,3058.8938576146434
3043,3058.8938576146434
3044,3058.8938576146434
3045,3058.8938576146434
3046,3058.8938576146434
3047,3058.8938576146434
3048,3058.8938576146434
3049,3058.8938576146434
3050,3058.8938576146434
3051,3058.8938576146434
3052,3058.8938576146434
3053,3058.8938576146434
3054,3058.8938576146434
3055,3058.8938576146434
3056,3058.8938576146434
3057,3058.8938576146434
3058,3058.8938576146434
3059,3058.8938576146434
3060,3058.8938576146434
3061,3058.8938576146434
3062,3058.8938576146434
3063,3058.8938576146434
3064,3058.8938576146434
3065,3058.8938576146434
3066,3058.8938576146434
3067,3058.8938576146434
3068,3058.8938576146434
3069,3058.8938576146434
3070,3058.8938576146434
3071,3058.8938576146434
3072,3058.8938576146434
3073,3058.8938576146434
3074,3058.8938576146434
3075,3058.8938576146434
3076,3058.8938576146434
3077,3058.8938576146434
3078,3058.8938576146434
3079,3058.8938576146434
3080,3058.8938576146434
3081,3058.8938576146434
3082,3058.8938576146434
3083,3058.8938576146434
3084,3058.8938576146434
3085,3058.8938576146434
3086,3058.8938576146434
3087,3058.8938576146434
3088,3058.8938576146434
3089,3058.8938576146434
3090,3058.8938576146434
3091,3058.8938576146434
3092,3058.8938576146434
3093,3058.8938576146434
3094,3058.8938576146434
3095,3058.8938576146434
3096,3058.8938576146434
3097,3058.8938576146434
3098,3058.8938576146434
3099,3058.8938576146434
3100,3058.8938576146434
3101,3058.8938576146434
3102,3058.8938576146434
3103,3058.8938576146434
3104,3058.8938576146434
3105,3058.8938576146434
3106,3058.8938576146434
3107,3058.8938576146434
3108,3058.8938576146434
3109,3058.8938576146434
3110,3058.8938576146434
3111,3058.8938576146434
3112,3058.8938576146434
3113,3058.8938576146434
3114,3058.8938576146434
3115,3058.8938576146434
3116,3058.8938576146434
3117,3058.8938576146434
3118,3058.8938576146434
3119,3058.8938576146434
3120,3058.8938576146434
3121,3058.8938576146434
3122,3058.8938576146434
3123,3058.8938576146434
3124,3058.8938576146434
3125,3058.8938576146434
3126,3058.8938576146434
3127,3058.8938576146434
3128,3058.8938576146434
3129,3058.8938576146434
3130,3058.8938576146434
3131,3058.8938576146434
3132,3058.8938576146434
3133,3058.8938576146434
3134,3058.8938576146434
3135,3058.8938576146434
3136,3058.8938576146434
3137,3058.8938576146434
3138,3058.8938576146434
3139,3058.8938576146434
3140,3058.8938576146434
3141,3058.8938576146434
3142,3058.8938576146434
3143,3058.8938576146434
3144,3058.8938576146434
3145,3058.8938576146434
3146,3058.8938576146434
3147,3058.8938576146434
3148,3058.8938576146434
3149,3058.8938576146434
3150,3058.8938576146434
3151,3058.8938576146434
3152,3058.8938576146434
3153,3058.8938576146434
3154,3058.8938576146434
3155,3058.8938576146434
3156,3058.8938576146434
3157,3058.8938576146434
3158,3058.8938576146434
3159,3058.8938576146434
3160,3058.8938576146434
3161,3058.8938576146434
3162,3058.8938576146434
3163,3058.8938576146434
3164,3058.8938576146434
3165,3058.8938576146434
3166,3058.8938576146434
3167,3058.8938576146434
3168,3058.8938576146434
3169,3058.8938576146434
3170,3058.8938576146434
3171,3058.8938576146434
3172,3058.8938576146434
3173,3058.8938576146434
3174,3058.8938576146434
3175,3058.8938576146434
3176,3058.8938576146434
3177,3058.8938576146434
3178,3058.8938576146434
3179,3058.8938576146434
3180,3058.8938576146434
3181,3058.8938576146434
3182,3058.8938576146434
3183,3058.8938576146434
3184,3058.8938576146434
3185,3058.8938576146434
3186,3058.8938576146434
3187,3058.8938576146434
3188,3058.8938576146434
3189,3058.8938576146434
3190,3058.8938576146434
3191,3058.8938576146434
3192,3058.8938576146434
3193,3058.8938576146434
3194,3058.8938576146434
3195,3058.8938576146434
3196,3058.8938576146434
3197,3058.8938576146434
3198,3058.8938576146434
3199,3058.8938576146434
3200,3058.8938576146434
3201,3058.8938576146434
3202,3058.8938576146434
3203,3058.8938576146434
3204,3058.8938576146434
3205,3058.8938576146434
3206,3058.8938576146434
3207,3058.8938576146434
3208,3058.8938576146434
3209,3058.8938576146434
3210,3058.8938576146434
3211,3058.8938576146434
3212,3058.8938576146434
3213,3058.8938576146434
3214,3058.8938576146434
3215,3058.8938576146434
3216,3058.8938576146434
3217,3058.8938576146434
3218,3058.8938576146434
3219,3058.8938576146434
3220,3058.8938576146434
3221,3058.8938576146434
3222,3058.8938576146434
3223,3058.8938576146434
3224,3058.8938576146434
3225,3058.8938576146434
3226,3058.8938576146434
3227,3058.8938576146434
3228,3058.8938576146434
3229,3058.8938576146434
3230,3058.8938576146434
3231,3058.8938576146434
3232,3058.8938576146434
3233,3058.8938576146434
3234,3058.8938576146434
3235,3058.8938576146434
3236,3058.8938576146434
3237,3058.8938576146434
3238,3058.8938576146434
3239,3058.8938576146434
3240,3058.8938576146434
3241,3058.8938576146434
3242,3058.8938576146434
3243,3058.8938576146434
3244,3058.8938576146434
3245,3058.8938576146434
3246,3058.8938576146434
3247,3058.8938576146434
3248,3058.8938576146434
3249,3058.8938576146434
3250,3058.8938576146434
3251,3058.8938576146434
3252,3058.8938576146434
3253,3058.8938576146434
3254,3058.8938576146434
3255,3058.8938576146434
3256,3058.8938576146434
3257,3058.8938576146434
3258,3058.8938576146434
3259,3058.8938576146434
3260,3058.8938576146434
3261,3058.8938576146434
3262,3058.8938576146434
3263,3058.8938576146434
3264,3058.8938576146434
3265,3058.8938576146434
3266,3058.8938576146434
3267,3058.8938576146434
3268,3058.8938576146434
3269,3058.8938576146434
3270,3058.8938576146434
3271,3058.8938576146434
3272,3058.8938576146434
3273,3058.8938576146434
3274,3058.8938576146434
3275,3058.8938576146434
3276,3058.8938576146434
3277,3058.8938576146434
3278,3058.8938576146434
3279,3058.8938576146434
3280,3058.8938576146434
3281,3058.8938576146434
3282,3058.8938576146434
3283,3058.8938576146434
3284,3058.8938576146434
3285,3058.8938576146434
3286,3058.8938576146434
3287,3058.8938576146434
3288,3058.8938576146434
3289,3058.8938576146434
3290,3058.8938576146434
3291,3058.8938576146434
3292,3058.8938576146434
3293,3058.8938576146434
3294,3058.8938576146434
3295,3058.8938576146434
3296,3058.8938576146434
3297,3058.8938576146434
3298,3058.8938576146434
3299,3058.8938576146434
3300,3058.8938576146434
3301,3058.8938576146434
3302,3058.8938576146434
3303,3058.8938576146434
3304,3058.8938576146434
3305,3058.8938576146434
3306,3058.8938576146434
3307,3058.8938576146434
3308,3058.8938576146434
3309,3058.8938576146434
3310,3058.8938576146434
3311,3058.8938576146434
3312,3058.8938576146434
3313,3058.8938576146434
3314,3058.8938576146434
3315,3058.8938576146434
3316,3058.8938576146434
3317,3058.8938576146434
3318,3058.8938576146434
3319,3058.8938576146434
3320,3058.8938576146434
3321,3058.8938576146434
3322,3058.8938576146434
3323,3058.8938576146434
3324,3058.8938576146434
3325,3058.8938576146434
3326,3058.8938576146434
3327,3058.8938576146434
3328,3058.8938576146434
3329,3058.8938576146434
3330,3058.8938576146434
3331,3058.8938576146434
3332,3058.8938576146434
3333,3058.8938576146434
3334,3058.8938576146434
3335,3058.8938576146434
3336,3058.8938576146434
3337,3058.8938576146434
3338,3058.8938576146434
3339,3058.8938576146434
3340,3058.8938576146434
3341,3058.8938576146434
3342,3058.8938576146434
3343,3058.8938576146434
3344,3058.8938576146434
3345,3058.8938576146434
3346,3058.8938576146434
3347,3058.8938576146434
3348,3058.8938576146434
3349,3058.8938576146434
3350,3058.8938576146434
3351,3058.8938576146434
3352,3058.8938576146434
3353,3058.8938576146434
3354,3058.8938576146434
3355,3058.8938576146434
3356,3058.8938576146434
3357,3058.8938576146434
3358,3058.8938576146434
3359,3058.8938576146434
3360,3058.8938576146434
3361,3058.8938576146434
3362,3058.8938576146434
3363,3058.8938576146434
3364,3058.8938576146434
3365,3058.8938576146434
3366,3058.8938576146434
3367,3058.8938576146434
3368,3058.8938576146434
3369,3058.8938576146434
3370,3058.8938576146434
3371,3058.8938576146434
3372,3058.8938576146434
3373,3058.8938576146434
3374,3058.8938576146434
3375,3058.8938576146434
3376,3058.8938576146434
3377,3058.8938576146434
3378,3058.8938576146434
3379,3058.8938576146434
3380,3058.8938576146434
3381,3058.8938576146434
3382,3058.8938576146434
3383,3058.8938576146434
3384,3058.8938576146434
3385,3058.8938576146434
3386,3058.8938576146434
3387,3058.8938576146434
3388,3058.8938576146434
3389,3058.8938576146434
3390,3058.8938576146434
3391,3058.8938576146434
3392,3058.8938576146434
3393,3058.8938576146434
3394,3058.8938576146434
3395,3058.8938576146434
3396,3058.8938576146434
3397,3058.8938576146434
3398,3058.8938576146434
3399,3058.8938576146434
3400,3058.8938576146434
3401,3058.8938576146434
3402,3058.8938576146434
3403,3058.8938576146434
3404,3058.8938576146434
3405,3058.8938576146434
3406,3058.8938576146434
3407,3058.8938576146434
3408,3058.8938576146434
3409,3058.8938576146434
3410,3058.8938576146434
3411,3058.8938576146434
3412,3058.8938576146434
3413,3058.8938576146434
3414,3058.8938576146434
3415,3058.8938576146434
3416,3058.8938576146434
3417,3058.8938576146434
3418,3058.8938576146434
3419,3058.8938576146434
3420,3058.8938576146434
3421,3058.8938576146434
3422,3058.8938576146434
3423,3058.8938576146434
3424,3058.8938576146434
3425,3058.8938576146434
3426,3058.8938576146434
3427,3058.8938576146434
3428,3058.8938576146434
3429,3058.8938576146434
3430,3058.8938576146434
3431,3058.8938576146434
3432,3058.8938576146434
3433,3058.8938576146434
3434,3058.8938576146434
3435,3058.8938576146434
3436,3058.8938576146434
3437,3058.8938576146434
3438,3058.8938576146434
3439,3058.8938576146434
3440,3058.8938576146434
3441,3058.8938576146434
3442,3058.8938576146434
3443,3058.8938576146434
3444,3058.8938576146434
3445,3058.8938576146434
3446,3058.8938576146434
3447,3058.8938576146434
3448,3058.8938576146434
3449,3058.8938576146434
3450,3058.8938576146434
3451,3058.8938576146434
3452,3058.8938576146434
3453,3058.8938576146434
3454,3058.8938576146434
3455,3058.8938576146434
3456,3058.8938576146434
3457,3058.8938576146434
3458,3058.8938576146434
3459,3058.8938576146434
3460,3058.8938576146434
3461,3058.8938576146434
3462,3058.8938576146434
3463,3058.8938576146434
3464,3058.8938576146434
3465,3058.8938576146434
3466,3058.8938576146434
3467,3058.8938576146434
3468,3058.8938576146434
3469,3058.8938576146434
3470,3058.8938576146434
3471,3058.8938576146434
3472,3058.8938576146434
3473,3058.8938576146434
3474,3058.8938576146434
3475,3058.8938576146434
3476,3058.8938576146434
3477,3058.8938576146434
3478,3058.8938576146434
3479,3058.8938576146434
3480,3058.8938576146434
3481,3058.8938576146434
3482,3058.8938576146434
3483,3058.8938576146434
3484,3058.8938576146434
3485,3058.8938576146434
3486,3058.8938576146434
3487,3058.8938576146434
3488,3058.8938576146434
3489,3058.8938576146434
3490,3058.8938576146434
3491,3058.8938576146434
3492,3058.8938576146434
3493,3058.8938576146434
3494,3058.8938576146434
3495,3058.8938576146434
3496,3058.8938576146434
3497,3058.8938576146434
3498,3058.8938576146434
3499,3058.8938576146434
3500,3058.8938576146434
3501,3058.8938576146434
3502,3058.8938576146434
3503,3058.8938576146434
3504,3058.8938576146434
3505,3058.8938576146434
3506,3058.8938576146434
3507,3058.8938576146434
3508,3058.8938576146434
3509,3058.8938576146434
3510,3058.8938576146434
3511,3058.8938576146434
3512,3058.8938576146434
3513,3058.8938576146434
3514,3058.8938576146434
3515,3058.8938576146434
3516,3058.8938576146434
3517,3058.8938576146434
3518,3058.8938576146434
3519,3058.8938576146434
3520,3058.8938576146434
3521,3058.8938576146434
3522,3058.8938576146434
3523,3058.8938576146434
3524,3058.8938576146434
3525,3058.8938576146434
3526,3058.8938576146434
3527,3058.8938576146434
3528,3058.8938576146434
3529,3058.8938576146434
3530,3058.8938576146434
3531,3058.8938576146434
3532,3058.8938576146434
3533,3058.8938576146434
3534,3058.8938576146434
3535,3058.8938576146434
3536,3058.8938576146434
3537,3058.8938576146434
3538,3058.8938576146434
3539,3058.8938576146434
3540,3058.8938576146434
3541,3058.8938576146434
3542,3058.8938576146434
3543,3058.8938576146434
3544,3058.8938576146434
3545,3058.8938576146434
3546,3058.8938576146434
3547,3058.8938576146434
3548,3058.8938576146434
3549,3058.8938576146434
3550,3058.8938576146434
3551,3058.8938576146434
3552,3058.8938576146434
3553,3058.8938576146434
3554,3058.8938576146434
3555,3058.8938576146434
3556,3058.8938576146434
3557,3058.8938576146434
3558,3058.8938576146434
3559,3058.8938576146434
3560,3058.8938576146434
3561,3058.8938576146434
3562,3058.8938576146434
3563,3058.8938576146434
3564,3058.8938576146434
3565,3058.8938576146434
3566,3058.8938576146434
3567,3058.8938576146434
3568,3058.8938576146434
3569,3058.8938576146434
3570,3058.8938576146434
3571,3058.8938576146434
3572,3058.8938576146434
3573,3058.8938576146434
3574,3058.8938576146434
3575,3058.8938576146434
3576,3058.8938576146434
3577,3058.8938576146434
3578,3058.8938576146434
3579,3058.8938576146434
3580,3058.8938576146434
3581,3058.8938576146434
3582,3058.8938576146434
3583,3058.8938576146434
3584,3058.8938576146434
3585,3058.8938576146434
3586,3058.8938576146434
3587,3058.8938576146434
3588,3058.8938576146434
3589,3058.8938576146434
3590,3058.8938576146434
3591,3058.8938576146434
3592,3058.8938576146434
3593,3058.8938576146434
3594,3058.8938576146434
3595,3058.8938576146434
3596,3058.8938576146434
3597,3058.8938576146434
3598,3058.8938576146434
3599,3058.8938576146434
3600,3058.8938576146434
3601,3058.8938576146434
3602,3058.8938576146434
3603,3058.8938576146434
3604,3058.8938576146434
3605,3058.8938576146434
3606,3058.8938576146434
3607,3058.8938576146434
3608,3058.8938576146434
3609,3058.8938576146434
3610,3058.8938576146434
3611,3058.8938576146434
3612,3058.8938576146434
3613,3058.8938576146434
3614,3058.8938576146434
3615,3058.8938576146434
3616,3058.8938576146434
3617,3058.8938576146434
3618,3058.8938576146434
3619,3058.8938576146434
3620,3058.8938576146434
3621,3058.8938576146434
3622,3058.8938576146434
3623,3058.8938576146434
3624,3058.8938576146434
3625,3058.8938576146434
3626,3058.8938576146434
3627,3058.8938576146434
3628,3058.8938576146434
3629,3058.8938576146434
3630,3058.8938576146434
3631,3058.8938576146434
3632,3058.8938576146434
3633,3058.8938576146434
3634,3058.8938576146434
3635,3058.8938576146434
3636,3058.8938576146434
3637,3058.8938576146434
3638,3058.8938576146434
3639,3058.8938576146434
3640,3058.8938576146434
3641,3058.8938576146434
3642,3058.8938576146434
3643,3058.8938576146434
3644,3058.8938576146434
3645,3058.8938576146434
3646,3058.8938576146434
3647,3058.8938576146434
3648,3058.8938576146434
3649,3058.8938576146434
3650,3058.8938576146434
3651,3058.8938576146434
3652,3058.8938576146434
3653,3058.8938576146434
3654,3058.8938576146434
3655,3058.8938576146434
3656,3058.8938576146434
3657,3058.8938576146434
3658,3058.8938576146434
3659,3058.8938576146434
3660,3058.8938576146434
3661,3058.8938576146434
3662,3058.8938576146434
3663,3058.8938576146434
3664,3058.8938576146434
3665,3058.8938576146434
3666,3058.8938576146434
3667,3058.8938576146434
3668,3058.8938576146434
3669,3058.8938576146434
3670,3058.8938576146434
3671,3058.8938576146434
3672,3058.8938576146434
3673,3058.8938576146434
3674,3058.8938576146434
3675,3058.8938576146434
3676,3058.8938576146434
3677,3058.8938576146434
3678,3058.8938576146434
3679,3058.8938576146434
3680,3058.8938576146434
3681,3058.8938576146434
3682,3058.8938576146434
3683,3058.8938576146434
3684,3058.8938576146434
3685,3058.8938576146434
3686,3058.8938576146434
3687,3058.8938576146434
3688,3058.8938576146434
3689,3058.8938576146434
3690,3058.8938576146434
3691,3058.8938576146434
3692,3058.8938576146434
3693,3058.8938576146434
3694,3058.8938576146434
3695,3058.8938576146434
3696,3058.8938576146434
3697,3058.8938576146434
3698,3058.8938576146434
3699,3058.8938576146434
3700,3058.8938576146434
3701,3058.8938576146434
3702,3058.8938576146434
3703,3058.8938576146434
3704,3058.8938576146434
3705,3058.8938576146434
3706,3058.8938576146434
3707,3058.8938576146434
3708,3058.8938576146434
3709,3058.8938576146434
3710,3058.8938576146434
3711,3058.8938576146434
3712,3058.8938576146434
3713,3058.8938576146434
3714,3058.8938576146434
3715,3058.8938576146434
3716,3058.8938576146434
3717,3058.8938576146434
3718,3058.8938576146434
3719,3058.8938576146434
3720,3058.8938576146434
3721,3058.8938576146434
3722,3058.8938576146434
3723,3058.8938576146434
3724,3058.8938576146434
3725,3058.8938576146434
3726,3058.8938576146434
3727,3058.8938576146434
3728,3058.8938576146434
3729,3058.8938576146434
3730,3058.8938576146434
3731,3058.8938576146434
3732,3058.8938576146434
3733,3058.8938576146434
3734,3058.8938576146434
3735,3058.8938576146434
3736,3058.8938576146434
3737,3058.8938576146434
3738,3058.8938576146434
3739,3058.8938576146434
3740,3058.8938576146434
3741,3058.8938576146434
3742,3058.8938576146434
3743,3058.8938576146434
3744,3058.8938576146434
3745,3058.8938576146434
3746,3058.8938576146434
3747,3058.8938576146434
3748,3058.8938576146434
3749,3058.8938576146434
3750,3058.8938576146434
3751,3058.8938576146434
3752,3058.8938576146434
3753,3058.8938576146434
3754,3058.8938576146434
3755,3058.8938576146434
3756,3058.8938576146434
3757,3058.8938576146434
3758,3058.8938576146434
3759,3058.8938576146434
3760,3058.8938576146434
3761,3058.8938576146434
3762,3058.8938576146434
3763,3058.8938576146434
3764,3058.8938576146434
3765,3058.8938576146434
3766,3058.8938576146434
3767,3058.8938576146434
3768,3058.8938576146434
3769,3058.8938576146434
3770,3058.8938576146434
3771,3058.8938576146434
3772,3058.8938576146434
3773,3058.8938576146434
3774,3058.8938576146434
3775,3058.8938576146434
3776,3058.8938576146434
3777,3058.8938576146434
3778,3058.8938576146434
3779,3058.8938576146434
3780,3058.8938576146434
3781,3058.8938576146434
3782,3058.8938576146434
3783,3058.8938576146434
3784,3058.8938576146434
3785,3058.8938576146434
3786,3058.8938576146434
3787,3058.8938576146434
3788,3058.8938576146434
3789,3058.8938576146434
3790,3058.8938576146434
3791,3058.8938576146434
3792,3058.8938576146434
3793,3058.8938576146434
3794,3058.8938576146434
3795,3058.8938576146434
3796,3058.8938576146434
3797,3058.8938576146434
3798,3058.8938576146434
3799,3058.8938576146434
3800,3058.8938576146434
3801,3058.8938576146434
3802,3058.8938576146434
3803,3058.8938576146434
3804,3058.8938576146434
3805,3058.8938576146434
3806,3058.8938576146434
3807,3058.8938576146434
3808,3058.8938576146434
3809,3058.8938576146434
3810,3058.8938576146434
3811,3058.8938576146434
3812,3058.8938576146434
3813,3058.8938576146434
3814,3058.8938576146434
3815,3058.8938576146434
3816,3058.8938576146434
3817,3058.8938576146434
3818,3058.8938576146434
3819,3058.8938576146434
3820,3058.8938576146434
3821,3058.8938576146434
3822,3058.8938576146434
3823,3058.8938576146434
3824,3058.8938576146434
3825,3058.8938576146434
3826,3058.8938576146434
3827,3058.8938576146434
3828,3058.8938576146434
3829,3058.8938576146434
3830,3058.8938576146434
3831,3058.8938576146434
3832,3058.8938576146434
3833,3058.8938576146434
3834,3058.8938576146434
3835,3058.8938576146434
3836,3058.8938576146434
3837,3058.8938576146434
3838,3058.8938576146434
3839,3058.8938576146434
3840,3058.8938576146434
3841,3058.8938576146434
3842,3058.8938576146434
3843,3058.8938576146434
3844,3058.8938576146434
3845,3058.8938576146434
3846,3058.8938576146434
3847,3058.8938576146434
3848,3058.8938576146434
3849,3058.8938576146434
3850,3058.8938576146434
3851,3058.8938576146434
3852,3058.8938576146434
3853,3058.8938576146434
3854,3058.8938576146434
3855,3058.8938576146434
3856,3058.8938576146434
3857,3058.8938576146434
3858,3058.8938576146434
3859,3058.8938576146434
3860,3058.8938576146434
3861,3058.8938576146434
3862,3058.8938576146434
3863,3058.8938576146434
3864,3058.8938576146434
3865,3058.8938576146434
3866,3058.8938576146434
3867,3058.8938576146434
3868,3058.8938576146434
3869,3058.8938576146434
3870,3058.8938576146434
3871,3058.8938576146434
3872,3058.8938576146434
3873,3058.8938576146434
3874,3058.8938576146434
3875,3058.8938576146434
3876,3058.8938576146434
3877,3058.8938576146434
3878,3058.8938576146434
3879,3058.8938576146434
3880,3058.8938576146434
3881,3058.8938576146434
3882,3058.8938576146434
3883,3058.8938576146434
3884,3058.8938576146434
3885,3058.8938576146434
3886,3058.8938576146434
3887,3058.8938576146434
3888,3058.8938576146434
3889,3058.8938576146434
3890,3058.8938576146434
3891,3058.8938576146434
3892,3058.8938576146434
3893,3058.8938576146434
3894,3058.8938576146434
3895,3058.8938576146434
3896,3058.8938576146434
3897,3058.8938576146434
3898,3058.8938576146434
3899,3058.8938576146434
3900,3058.8938576146434
3901,3058.8938576146434
3902,3058.8938576146434
3903,3058.8938576146434
3904,3058.8938576146434
3905,3058.8938576146434
3906,3058.8938576146434
3907,3058.8938576146434
3908,3058.8938576146434
3909,3058.8938576146434
3910,3058.8938576146434
3911,3058.8938576146434
3912,3058.8938576146434
3913,3058.8938576146434
3914,3058.8938576146434
3915,3058.8938576146434
3916,3058.8938576146434
3917,3058.8938576146434
3918,3058.8938576146434
3919,3058.8938576146434
3920,3058.8938576146434
3921,3058.8938576146434
3922,3058.8938576146434
3923,3058.8938576146434
3924,3058.8938576146434
3925,3058.8938576146434
3926,3058.8938576146434
3927,3058.8938576146434
3928,3058.8938576146434
3929,3058.8938576146434
3930,3058.8938576146434
3931,3058.8938576146434
3932,3058.8938576146434
3933,3058.8938576146434
3934,3058.8938576146434
3935,3058.8938576146434
3936,3058.8938576146434
3937,3058.8938576146434
3938,3058.8938576146434
3939,3058.8938576146434
3940,3058.8938576146434
3941,3058.8938576146434
3942,3058.8938576146434
3943,3058.8938576146434
3944,3058.8938576146434
3945,3058.8938576146434
3946,3058.8938576146434
3947,3058.8938576146434
3948,3058.8938576146434
3949,3058.8938576146434
3950,3058.8938576146434
3951,3058.8938576146434
3952,3058.8938576146434
3953,3058.8938576146434
3954,3058.8938576146434
3955,3058.8938576146434
3956,3058.8938576146434
3957,3058.8938576146434
3958,3058.8938576146434
3959,3058.8938576146434
3960,3058.8938576146434
3961,3058.8938576146434
3962,3058.8938576146434
3963,3058.8938576146434
3964,3058.8938576146434
3965,3058.8938576146434
3966,3058.8938576146434
3967,3058.8938576146434
3968,3058.8938576146434
3969,3058.8938576146434
3970,3058.8938576146434
3971,3058.8938576146434
3972,3058.8938576146434
3973,3058.8938576146434
3974,3058.8938576146434
3975,3058.8938576146434
3976,3058.8938576146434
3977,3058.8938576146434
3978,3058.8938576146434
3979,3058.8938576146434
3980,3058.8938576146434
3981,3058.8938576146434
3982,3058.8938576146434
3983,3058.8938576146434
3984,3058.8938576146434
3985,3058.8938576146434
3986,3058.8938576146434
3987,3058.8938576146434
3988,3058.8938576146434
3989,3058.8938576146434
3990,3058.8938576146434
3991,3058.8938576146434
3992,3058.8938576146434
3993,3058.8938576146434
3994,3058.8938576146434
3995,3058.8938576146434
3996,3058.8938576146434
3997,3058.8938576146434
3998,3058.8938576146434
3999,3058.8938576146434
4000,3058.8938576146434
4001,3058.8938576146434
4002,3058.8938576146434
4003,3058.8938576146434
4004,3058.8938576146434
4005,3058.8938576146434
4006,3058.8938576146434
4007,3058.8938576146434
4008,3058.8938576146434
4009,3058.8938576146434
4010,3058.8938576146434
4011,3058.8938576146434
4012,3058.8938576146434
4013,3058.8938576146434
4014,3058.8938576146434
4015,3058.8938576146434
4016,3058.8938576146434
4017,3058.8938576146434
4018,3058.8938576146434
4019,3058.8938576146434
4020,3058.8938576146434
4021,3058.8938576146434
4022,3058.8938576146434
4023,3058.8938576146434
4024,3058.8938576146434
4025,3058.8938576146434
4026,3058.8938576146434
4027,3058.8938576146434
4028,3058.8938576146434
4029,3058.8938576146434
4030,3058.8938576146434
4031,3058.8938576146434
4032,3058.8938576146434
4033,3058.8938576146434
4034,3058.8938576146434
4035,3058.8938576146434
4036,3058.8938576146434
4037,3058.8938576146434
4038,3058.8938576146434
4039,3058.8938576146434
4040,3058.8938576146434
4041,3058.8938576146434
4042,3058.8938576146434
4043,3058.8938576146434
4044,3058.8938576146434
4045,3058.8938576146434
4046,3058.8938576146434
4047,3058.8938576146434
4048,3058.8938576146434
4049,3058.8938576146434
4050,3058.8938576146434
4051,3058.8938576146434
4052,3058.8938576146434
4053,3058.8938576146434
4054,3058.8938576146434
4055,3058.8938576146434
4056,3058.8938576146434
4057,3058.8938576146434
4058,3058.8938576146434
4059,3058.8938576146434
4060,3058.8938576146434
4061,3058.8938576146434
4062,3058.8938576146434
4063,3058.8938576146434
4064,3058.8938576146434
4065,3058.8938576146434
4066,3058.8938576146434
4067,3058.8938576146434
4068,3058.8938576146434
4069,3058.8938576146434
4070,3058.8938576146434
4071,3058.8938576146434
4072,3058.8938576146434
4073,3058.8938576146434
4074,3058.8938576146434
4075,3058.8938576146434
4076,3058.8938576146434
4077,3058.8938576146434
4078,3058.8938576146434
4079,3058.8938576146434
4080,3058.8938576146434
4081,3058.8938576146434
4082,3058.8938576146434
4083,3058.8938576146434
4084,3058.8938576146434
4085,3058.8938576146434
4086,3058.8938576146434
4087,3058.8938576146434
4088,3058.8938576146434
4089,3058.8938576146434
4090,3058.8938576146434
4091,3058.8938576146434
4092,3058.8938576146434
4093,3058.8938576146434
4094,3058.8938576146434
4095,3058.8938576146434
4096,3058.8938576146434
4097,3058.8938576146434
4098,3046.878537871725
4099,3015.2259340746587
4100,3015.2259340746587
4101,3015.2259340746587
4102,3015.2259340746587
4103,3015.2259340746587
4104,3015.2259340746587
4105,3015.2259340746587
4106,3015.2259340746587
4107,3015.2259340746587
4108,3015.2259340746587
4109,3015.2259340746587
4110,3015.2259340746587
4111,3015.2259340746587
4112,3015.2259340746587
4113,3015.2259340746587
4114,3015.2259340746587
4115,3015.2259340746587
4116,3015.2259340746587
4117,3015.2259340746587
4118,3015.2259340746587
4119,3015.2259340746587
4120,3015.2259340746587
4121,3015.2259340746587
4122,3015.2259340746587
4123,3015.2259340746587
4124,3015.2259340746587
4125,3015.2259340746587
4126,3015.2259340746587
4127,3015.2259340746587
4128,3015.2259340746587
4129,3015.2259340746587
4130,3015.2259340746587
4131,3015.2259340746587
4132,3015.2259340746587
4133,3015.2259340746587
4134,3015.2259340746587
4135,3015.2259340746587
4136,3015.2259340746587
4137,3015.2259340746587
4138,3015.2259340746587
4139,3015.2259340746587
4140,3015.2259340746587
4141,3015.2259340746587
4142,3015.2259340746587
4143,3015.2259340746587
4144,3015.2259340746587
4145,3015.2259340746587
4146,3015.2259340746587
4147,3015.2259340746587
4148,3015.2259340746587
4149,3015.2259340746587
4150,3015.2259340746587
4151,3015.2259340746587
4152,3015.2259340746587
4153,3015.2259340746587
4154,3015.2259340746587
4155,3015.2259340746587
4156,3015.2259340746587
4157,3015.2259340746587
4158,3015.2259340746587
4159,3015.2259340746587
4160,3015.2259340746587
4161,3015.2259340746587
4162,3015.2259340746587
4163,3015.2259340746587
4164,3015.2259340746587
4165,3015.2259340746587
4166,3015.2259340746587
4167,3015.2259340746587
4168,3015.2259340746587
4169,3015.2259340746587
4170,3015.2259340746587
4171,3015.2259340746587
4172,3015.2259340746587
4173,3015.2259340746587
4174,3015.2259340746587
4175,3015.2259340746587
4176,3015.2259340746587
4177,3015.2259340746587
4178,3015.2259340746587
4179,3015.2259340746587
4180,3015.2259340746587
4181,3015.2259340746587
4182,3015.2259340746587
4183,3015.2259340746587
4184,3015.2259340746587
4185,3015.2259340746587
4186,3015.2259340746587
4187,3015.2259340746587
4188,3015.2259340746587
4189,3015.2259340746587
4190,3015.2259340746587
4191,3015.2259340746587
4192,3015.2259340746587
4193,3015.2259340746587
4194,3015.2259340746587
4195,3015.2259340746587
4196,3015.2259340746587
4197,3015.2259340746587
4198,3015.2259340746587
4199,3015.2259340746587
4200,3015.2259340746587
4201,3015.2259340746587
4202,3015.2259340746587
4203,3015.2259340746587
4204,3015.2259340746587
4205,3015.2259340746587
4206,3015.2259340746587
4207,3015.2259340746587
4208,3015.2259340746587
4209,3015.2259340746587
4210,3015.2259340746587
4211,3015.2259340746587
4212,3015.2259340746587
4213,3015.2259340746587
4214,3015.2259340746587
4215,3015.2259340746587
4216,3015.2259340746587
4217,3015.2259340746587
4218,3015.2259340746587
4219,3015.2259340746587
4220,3015.2259340746587
4221,3015.2259340746587
4222,3015.2259340746587
4223,3015.2259340746587
4224,3015.2259340746587
4225,3015.2259340746587
4226,3015.2259340746587
4227,3015.2259340746587
4228,3015.2259340746587
4229,3015.2259340746587
4230,3015.2259340746587
4231,3015.2259340746587
4232,3015.2259340746587
4233,3015.2259340746587
4234,3015.2259340746587
4235,3015.2259340746587
4236,3015.2259340746587
4237,3015.2259340746587
4238,3015.2259340746587
4239,3015.2259340746587
4240,3015.2259340746587
4241,3015.2259340746587
4242,3015.2259340746587
4243,3015.2259340746587
4244,3015.2259340746587
4245,3015.2259340746587
4246,3015.2259340746587
4247,3015.2259340746587
4248,3015.2259340746587
4249,3015.2259340746587
4250,3015.2259340746587
4251,3015.2259340746587
4252,3015.2259340746587
4253,3015.2259340746587
4254,3015.2259340746587
4255,3015.2259340746587
4256,3015.2259340746587
4257,3015.2259340746587
4258,3015.2259340746587
4259,3015.2259340746587
4260,3015.2259340746587
4261,3015.2259340746587
4262,3015.2259340746587
4263,3015.2259340746587
4264,3015.2259340746587
4265,3015.2259340746587
4266,3015.2259340746587
4267,3015.2259340746587
4268,3015.2259340746587
4269,3015.2259340746587
4270,3015.2259340746587
4271,3015.2259340746587
4272,3015.2259340746587
4273,3015.2259340746587
4274,3015.2259340746587
4275,3015.2259340746587
4276,3015.2259340746587
4277,3015.2259340746587
4278,3015.2259340746587
4279,3015.2259340746587
4280,3015.2259340746587
4281,3015.2259340746587
4282,3015.2259340746587
4283,3015.2259340746587
4284,3015.2259340746587
4285,3015.2259340746587
4286,3015.2259340746587
4287,3015.2259340746587
4288,3015.2259340746587
4289,3015.2259340746587
4290,3015.2259340746587
4291,3015.2259340746587
4292,3015.2259340746587
4293,3015.2259340746587
4294,3015.2259340746587
4295,3015.2259340746587
4296,3015.2259340746587
4297,3015.2259340746587
4298,3015.2259340746587
4299,3015.2259340746587
4300,3015.2259340746587
4301,3015.2259340746587
4302,3015.2259340746587
4303,3015.2259340746587
4304,3015.2259340746587
4305,3015.2259340746587
4306,3015.2259340746587
4307,3015.2259340746587
4308,3015.2259340746587
4309,3015.2259340746587
4310,3015.2259340746587
4311,3015.2259340746587
4312,3015.2259340746587
4313,3015.2259340746587
4314,3015.2259340746587
4315,3015.2259340746587
4316,3015.2259340746587
4317,3015.2259340746587
4318,3015.2259340746587
4319,3015.2259340746587
4320,3015.2259340746587
4321,3015.2259340746587
4322,3015.2259340746587
4323,3015.2259340746587
4324,3015.2259340746587
4325,3015.2259340746587
4326,3015.2259340746587
4327,3015.2259340746587
4328,3015.2259340746587
4329,3015.2259340746587
4330,3015.2259340746587
4331,3015.2259340746587
4332,3015.2259340746587
4333,3015.2259340746587
4334,3015.2259340746587
4335,3015.2259340746587
4336,3015.2259340746587
4337,3015.2259340746587
4338,3015.2259340746587
4339,3015.2259340746587
4340,3015.2259340746587
4341,3015.2259340746587
4342,3015.2259340746587
4343,3015.2259340746587
4344,3015.2259340746587
4345,3015.2259340746587
4346,3015.2259340746587
4347,3015.2259340746587
4348,3015.2259340746587
4349,3015.2259340746587
4350,3015.2259340746587
4351,3015.2259340746587
4352,3015.2259340746587
4353,3015.2259340746587
4354,3015.2259340746587
4355,3015.2259340746587
4356,3015.2259340746587
4357,3015.2259340746587
4358,3015.2259340746587
4359,3015.2259340746587
4360,3015.2259340746587
4361,3015.2259340746587
4362,3015.2259340746587
4363,3015.2259340746587
4364,3015.2259340746587
4365,3015.2259340746587
4366,3015.2259340746587
4367,3015.2259340746587
4368,3015.2259340746587
4369,3015.2259340746587
4370,3015.2259340746587
4371,3015.2259340746587
4372,3015.2259340746587
4373,3015.2259340746587
4374,3015.2259340746587
4375,3015.2259340746587
4376,3015.2259340746587
4377,3015.2259340746587
4378,3015.2259340746587
4379,3015.2259340746587
4380,3015.2259340746587
4381,3015.2259340746587
4382,3015.2259340746587
4383,3015.2259340746587
4384,3015.2259340746587
4385,3015.2259340746587
4386,3015.2259340746587
4387,3015.2259340746587
4388,3015.2259340746587
4389,3015.2259340746587
4390,3015.2259340746587
4391,3015.2259340746587
4392,3015.2259340746587
4393,3015.2259340746587
4394,3015.2259340746587
4395,3015.2259340746587
4396,3015.2259340746587
4397,3015.2259340746587
4398,3015.2259340746587
4399,3015.2259340746587
4400,3015.2259340746587
4401,3015.2259340746587
4402,3015.2259340746587
4403,3015.2259340746587
4404,3015.2259340746587
4405,3015.2259340746587
4406,3015.2259340746587
4407,3015.2259340746587
4408,3015.2259340746587
4409,3015.2259340746587
4410,3015.2259340746587
4411,3015.2259340746587
4412,3015.2259340746587
4413,3015.2259340746587
4414,3015.2259340746587
4415,3015.2259340746587
4416,3015.2259340746587
4417,3015.2259340746587
4418,3015.2259340746587
4419,3015.2259340746587
4420,3015.2259340746587
4421,3015.2259340746587
4422,3015.2259340746587
4423,3015.2259340746587
4424,3015.2259340746587
4425,3015.2259340746587
4426,3015.2259340746587
4427,3015.2259340746587
4428,3015.2259340746587
4429,3015.2259340746587
4430,3015.2259340746587
4431,3015.2259340746587
4432,3015.2259340746587
4433,3015.2259340746587
4434,3015.2259340746587
4435,3015.2259340746587
4436,3015.2259340746587
4437,3015.2259340746587
4438,3015.2259340746587
4439,3015.2259340746587
4440,3015.2259340746587
4441,3015.2259340746587
4442,3015.2259340746587
4443,3015.2259340746587
4444,3015.2259340746587
4445,3015.2259340746587
4446,3015.2259340746587
4447,3015.2259340746587
4448,3015.2259340746587
4449,3015.2259340746587
4450,3015.2259340746587
4451,3015.2259340746587
4452,3015.2259340746587
4453,3015.2259340746587
4454,3015.2259340746587
4455,3015.2259340746587
4456,3015.2259340746587
4457,3015.2259340746587
4458,3015.2259340746587
4459,3015.2259340746587
4460,3015.2259340746587
4461,3015.2259340746587
4462,3015.2259340746587
4463,3015.2259340746587
4464,3015.2259340746587
4465,3015.2259340746587
4466,3015.2259340746587
4467,3015.2259340746587
4468,3015.2259340746587
4469,3015.2259340746587
4470,3015.2259340746587
4471,3015.2259340746587
4472,3015.2259340746587
4473,3015.2259340746587
4474,3015.2259340746587
4475,3015.2259340746587
4476,3015.2259340746587
4477,3015.2259340746587
4478,3015.2259340746587
4479,3015.2259340746587
4480,3015.2259340746587
4481,3015.2259340746587
4482,3015.2259340746587
4483,3015.2259340746587
4484,3015.2259340746587
4485,3015.2259340746587
4486,3015.2259340746587
4487,3015.2259340746587
4488,3015.2259340746587
4489,3015.2259340746587
4490,3015.2259340746587
4491,3015.2259340746587
4492,3015.2259340746587
4493,3015.2259340746587
4494,3015.2259340746587
4495,3015.2259340746587
4496,3015.2259340746587
4497,3015.2259340746587
4498,3015.2259340746587
4499,3015.2259340746587
4500,3015.2259340746587
4501,3015.2259340746587
4502,3015.2259340746587
4503,3015.2259340746587
4504,3015.2259340746587
4505,3015.2259340746587
4506,3015.2259340746587
4507,3015.2259340746587
4508,3015.2259340746587
4509,3015.2259340746587
4510,3015.2259340746587
4511,3015.2259340746587
4512,3015.2259340746587
4513,3015.2259340746587
4514,3015.2259340746587
4515,3015.2259340746587
4516,3015.2259340746587
4517,3015.2259340746587
4518,3015.2259340746587
4519,3015.2259340746587
4520,3015.2259340746587
4521,3015.2259340746587
4522,3015.2259340746587
4523,3015.2259340746587
4524,3015.2259340746587
4525,3015.2259340746587
4526,3015.2259340746587
4527,3015.2259340746587
4528,3015.2259340746587
4529,3015.2259340746587
4530,3015.2259340746587
4531,3015.2259340746587
4532,3015.2259340746587
4533,3015.2259340746587
4534,3015.2259340746587
4535,3015.2259340746587
4536,3015.2259340746587
4537,3015.2259340746587
4538,3015.2259340746587
4539,3015.2259340746587
4540,3015.2259340746587
4541,3015.2259340746587
4542,3015.2259340746587
4543,3015.2259340746587
4544,3015.2259340746587
4545,3015.2259340746587
4546,3015.2259340746587
4547,3015.2259340746587
4548,3015.2259340746587
4549,3015.2259340746587
4550,3015.2259340746587
4551,3015.2259340746587
4552,3015.2259340746587
4553,3015.2259340746587
4554,3015.2259340746587
4555,3015.2259340746587
4556,3015.2259340746587
4557,3015.2259340746587
4558,3015.2259340746587
4559,3015.2259340746587
4560,3015.2259340746587
4561,3015.2259340746587
4562,3015.2259340746587
4563,3015.2259340746587
4564,3015.2259340746587
4565,3015.2259340746587
4566,3015.2259340746587
4567,3015.2259340746587
4568,3015.2259340746587
4569,3015.2259340746587
4570,3015.2259340746587
4571,3015.2259340746587
4572,3015.2259340746587
4573,3015.2259340746587
4574,3015.2259340746587
4575,3015.2259340746587
4576,3015.2259340746587
4577,3015.2259340746587
4578,3015.2259340746587
4579,3015.2259340746587
4580,3015.2259340746587
4581,3015.2259340746587
4582,3015.2259340746587
4583,3015.2259340746587
4584,3015.2259340746587
4585,3015.2259340746587
4586,3015.2259340746587
4587,3015.2259340746587
4588,3015.2259340746587
4589,3015.2259340746587
4590,3015.2259340746587
4591,3015.2259340746587
4592,3015.2259340746587
4593,3015.2259340746587
4594,3015.2259340746587
4595,3015.2259340746587
4596,3015.2259340746587
4597,3015.2259340746587
4598,3015.2259340746587
4599,3015.2259340746587
4600,3015.2259340746587
4601,3015.2259340746587
4602,3015.2259340746587
4603,3015.2259340746587
4604,3015.2259340746587
4605,3015.2259340746587
4606,3015.2259340746587
4607,3015.2259340746587
4608,3015.2259340746587
4609,3015.2259340746587
4610,3015.2259340746587
4611,3015.2259340746587
4612,3015.2259340746587
4613,3015.2259340746587
4614,3015.2259340746587
4615,3015.2259340746587
4616,3015.2259340746587
4617,3015.2259340746587
4618,3015.2259340746587
4619,3015.2259340746587
4620,3015.2259340746587
4621,3015.2259340746587
4622,3015.2259340746587
4623,3015.2259340746587
4624,3015.2259340746587
4625,3015.2259340746587
4626,3015.2259340746587
4627,3015.2259340746587
4628,3015.2259340746587
4629,3015.2259340746587
4630,3015.2259340746587
4631,3015.2259340746587
4632,3015.2259340746587
4633,3015.2259340746587
4634,3015.2259340746587
4635,3015.2259340746587
4636,3015.2259340746587
4637,3015.2259340746587
4638,3015.2259340746587
4639,3015.2259340746587
4640,3015.2259340746587
4641,3015.2259340746587
4642,3015.2259340746587
4643,3015.2259340746587
4644,3015.2259340746587
4645,3015.2259340746587
4646,3015.2259340746587
4647,3015.2259340746587
4648,3015.2259340746587
4649,3015.2259340746587
4650,3015.2259340746587
4651,3015.2259340746587
4652,3015.2259340746587
4653,3015.2259340746587
4654,3015.2259340746587
4655,3015.2259340746587
4656,3015.2259340746587
4657,3015.2259340746587
4658,3015.2259340746587
4659,3015.2259340746587
4660,3015.2259340746587
4661,3015.2259340746587
4662,3015.2259340746587
4663,3015.2259340746587
4664,3015.2259340746587
4665,3015.2259340746587
4666,3015.2259340746587
4667,3015.2259340746587
4668,3015.2259340746587
4669,3015.2259340746587
4670,3015.2259340746587
4671,3015.2259340746587
4672,3015.2259340746587
4673,3015.2259340746587
4674,3015.2259340746587
4675,3015.2259340746587
4676,3015.2259340746587
4677,3015.2259340746587
4678,3015.2259340746587
4679,3015.2259340746587
4680,3015.2259340746587
4681,3015.2259340746587
4682,3015.2259340746587
4683,3015.2259340746587
4684,3015.2259340746587
4685,3015.2259340746587
4686,3015.2259340746587
4687,3015.2259340746587
4688,3015.2259340746587
4689,3015.2259340746587
4690,3015.2259340746587
4691,3015.2259340746587
4692,3015.2259340746587
4693,3015.2259340746587
4694,3015.2259340746587
4695,3015.2259340746587
4696,3015.2259340746587
4697,3015.2259340746587
4698,3015.2259340746587
4699,3015.2259340746587
4700,3015.2259340746587
4701,3015.2259340746587
4702,3015.2259340746587
4703,3015.2259340746587
4704,3015.2259340746587
4705,3015.2259340746587
4706,3015.2259340746587
4707,3015.2259340746587
4708,3015.2259340746587
4709,3015.2259340746587
4710,3015.2259340746587
4711,3015.2259340746587
4712,3015.2259340746587
4713,3015.2259340746587
4714,3015.2259340746587
4715,3015.2259340746587
4716,3015.2259340746587
4717,3015.2259340746587
4718,3015.2259340746587
4719,3015.2259340746587
4720,3015.2259340746587
4721,3015.2259340746587
4722,3015.2259340746587
4723,3015.2259340746587
4724,3015.2259340746587
4725,3015.2259340746587
4726,3015.2259340746587
4727,3015.2259340746587
4728,3015.2259340746587
4729,3015.2259340746587
4730,3015.2259340746587
4731,3015.2259340746587
4732,3015.2259340746587
4733,3015.2259340746587
4734,3015.2259340746587
4735,3015.2259340746587
4736,3015.2259340746587
4737,3015.2259340746587
4738,3015.2259340746587
4739,3015.2259340746587
4740,3015.2259340746587
4741,3015.2259340746587
4742,3015.2259340746587
4743,3015.2259340746587
4744,3015.2259340746587
4745,3015.2259340746587
4746,3015.2259340746587
4747,3015.2259340746587
4748,3015.2259340746587
4749,3015.2259340746587
4750,3015.2259340746587
4751,3015.2259340746587
4752,3015.2259340746587
4753,3015.2259340746587
4754,3015.2259340746587
4755,3015.2259340746587
4756,3015.2259340746587
4757,3015.2259340746587
4758,3015.2259340746587
4759,3015.2259340746587
4760,3015.2259340746587
4761,3015.2259340746587
4762,3015.2259340746587
4763,3015.2259340746587
4764,3015.2259340746587
4765,3015.2259340746587
4766,3015.2259340746587
4767,3015.2259340746587
4768,3015.2259340746587
4769,3015.2259340746587
4770,3015.2259340746587
4771,3015.2259340746587
4772,3015.2259340746587
4773,3015.2259340746587
4774,3015.2259340746587
4775,3015.2259340746587
4776,3015.2259340746587
4777,3015.2259340746587
4778,3015.2259340746587
4779,3015.2259340746587
4780,3015.2259340746587
4781,3015.2259340746587
4782,3015.2259340746587
4783,3015.2259340746587
4784,3015.2259340746587
4785,3015.2259340746587
4786,3015.2259340746587
4787,3015.2259340746587
4788,3015.2259340746587
4789,3015.2259340746587
4790,3015.2259340746587
4791,3015.2259340746587
4792,3015.2259340746587
4793,3015.2259340746587
4794,3015.2259340746587
4795,3015.2259340746587
4796,3015.2259340746587
4797,3015.2259340746587
4798,3015.2259340746587
4799,3015.2259340746587
4800,3015.2259340746587
4801,3015.2259340746587
4802,3015.2259340746587
4803,3015.2259340746587
4804,3015.2259340746587
4805,3015.2259340746587
4806,3015.2259340746587
4807,3015.2259340746587
4808,3015.2259340746587
4809,3015.2259340746587
4810,3015.2259340746587
4811,3015.2259340746587
4812,3015.2259340746587
4813,3015.2259340746587
4814,3015.2259340746587
4815,3015.2259340746587
4816,3015.2259340746587
4817,3015.2259340746587
4818,3015.2259340746587
4819,3015.2259340746587
4820,3015.2259340746587
4821,3015.2259340746587
4822,3015.2259340746587
4823,3015.2259340746587
4824,3015.2259340746587
4825,3015.2259340746587
4826,3015.2259340746587
4827,3015.2259340746587
4828,3015.2259340746587
4829,3015.2259340746587
4830,3015.2259340746587
4831,3015.2259340746587
4832,3015.2259340746587
4833,3015.2259340746587
4834,3015.2259340746587
4835,3015.2259340746587
4836,3015.2259340746587
4837,3015.2259340746587
4838,3015.2259340746587
4839,3015.2259340746587
4840,3015.2259340746587
4841,3015.2259340746587
4842,3015.2259340746587
4843,3015.2259340746587
4844,3015.2259340746587
4845,3015.2259340746587
4846,3015.2259340746587
4847,3015.2259340746587
4848,3015.2259340746587
4849,3015.2259340746587
4850,3015.2259340746587
4851,3015.2259340746587
4852,3015.2259340746587
4853,3015.2259340746587
4854,3015.2259340746587
4855,3015.2259340746587
4856,3015.2259340746587
4857,3015.2259340746587
4858,3015.2259340746587
4859,3015.2259340746587
4860,3015.2259340746587
4861,3015.2259340746587
4862,3015.2259340746587
4863,3015.2259340746587
4864,3015.2259340746587
4865,3015.2259340746587
4866,3015.2259340746587
4867,3015.2259340746587
4868,3015.2259340746587
4869,3015.2259340746587
4870,3015.2259340746587
4871,3015.2259340746587
4872,3015.2259340746587
4873,3015.2259340746587
4874,3015.2259340746587
4875,3015.2259340746587
4876,3015.2259340746587
4877,3015.2259340746587
4878,3015.2259340746587
4879,3015.2259340746587
4880,3015.2259340746587
4881,3015.2259340746587
4882,3015.2259340746587
4883,3015.2259340746587
4884,3015.2259340746587
4885,3015.2259340746587
4886,3015.2259340746587
4887,3015.2259340746587
4888,3015.2259340746587
4889,3015.2259340746587
4890,3015.2259340746587
4891,3015.2259340746587
4892,3015.2259340746587
4893,3015.2259340746587
4894,3015.2259340746587
4895,3015.2259340746587
4896,3015.2259340746587
4897,3015.2259340746587
4898,3015.2259340746587
4899,3015.2259340746587
4900,3015.2259340746587
4901,3015.2259340746587
4902,3015.2259340746587
4903,3015.2259340746587
4904,3015.2259340746587
4905,3015.2259340746587
4906,3015.2259340746587
4907,3015.2259340746587
4908,3015.2259340746587
4909,3015.2259340746587
4910,3015.2259340746587
4911,3015.2259340746587
4912,3015.2259340746587
4913,3015.2259340746587
4914,3015.2259340746587
4915,3015.2259340746587
4916,3015.2259340746587
4917,3015.2259340746587
4918,3015.2259340746587
4919,3015.2259340746587
4920,3015.2259340746587
4921,3015.2259340746587
4922,3015.2259340746587
4923,3015.2259340746587
4924,3015.2259340746587
4925,3015.2259340746587
4926,3015.2259340746587
4927,3015.2259340746587
4928,3015.2259340746587
4929,3015.2259340746587
4930,3015.2259340746587
4931,3015.2259340746587
4932,3015.2259340746587
4933,3015.2259340746587
4934,3015.2259340746587
4935,3015.2259340746587
4936,3015.2259340746587
4937,3015.2259340746587
4938,3015.2259340746587
4939,3015.2259340746587
4940,3015.2259340746587
4941,3015.2259340746587
4942,3015.2259340746587
4943,3015.2259340746587
4944,3015.2259340746587
4945,3015.2259340746587
4946,3015.2259340746587
4947,3015.2259340746587
4948,3015.2259340746587
4949,3015.2259340746587
4950,3015.2259340746587
4951,3015.2259340746587
4952,3015.2259340746587
4953,3015.2259340746587
4954,3015.2259340746587
4955,3015.2259340746587
4956,3015.2259340746587
4957,3015.2259340746587
4958,3015.2259340746587
4959,3015.2259340746587
4960,3015.2259340746587
4961,3015.2259340746587
4962,3015.2259340746587
4963,3015.2259340746587
4964,3015.2259340746587
4965,3015.2259340746587
4966,3015.2259340746587
4967,3015.2259340746587
4968,3015.2259340746587
4969,3015.2259340746587
4970,3015.2259340746587
4971,3015.2259340746587
4972,3015.2259340746587
4973,3015.2259340746587
4974,3015.2259340746587
4975,3015.2259340746587
4976,3015.2259340746587
4977,3015.2259340746587
4978,3015.2259340746587
4979,3015.2259340746587
4980,3015.2259340746587
4981,3015.2259340746587
4982,3015.2259340746587
4983,3015.2259340746587
4984,3015.2259340746587
4985,3015.2259340746587
4986,3015.2259340746587
4987,3015.2259340746587
4988,3015.2259340746587
4989,3015.2259340746587
4990,3015.2259340746587
4991,3015.2259340746587
4992,3015.2259340746587
4993,3015.2259340746587
4994,3015.2259340746587
4995,3015.2259340746587
4996,3015.2259340746587
4997,3015.2259340746587
4998,3015.2259340746587
4999,3015.2259340746587
5000,3015.2259340746587
5001,3015.2259340746587
5002,3015.2259340746587
5003,3015.2259340746587
5004,3015.2259340746587
5005,3015.2259340746587
5006,3015.2259340746587
5007,3015.2259340746587
5008,3015.2259340746587
5009,3015.2259340746587
5010,3015.2259340746587
5011,3015.2259340746587
5012,3015.2259340746587
5013,3015.2259340746587
5014,3015.2259340746587
5015,3015.2259340746587
5016,3015.2259340746587
5017,3015.2259340746587
5018,3015.2259340746587
5019,3015.2259340746587
5020,3015.2259340746587
5021,3015.2259340746587
5022,3015.2259340746587
5023,3015.2259340746587
5024,3015.2259340746587
5025,3015.2259340746587
5026,3015.2259340746587
5027,3015.2259340746587
5028,3015.2259340746587
5029,3015.2259340746587
5030,3015.2259340746587
5031,3015.2259340746587
5032,3015.2259340746587
5033,3015.2259340746587
5034,3015.2259340746587
5035,3015.2259340746587
5036,3015.2259340746587
5037,3015.2259340746587
5038,3015.2259340746587
5039,3015.2259340746587
5040,3015.2259340746587
5041,3015.2259340746587
5042,3015.2259340746587
5043,3015.2259340746587
5044,3015.2259340746587
5045,3015.2259340746587
5046,3015.2259340746587
5047,3015.2259340746587
5048,3015.2259340746587
5049,3015.2259340746587
5050,3015.2259340746587
5051,3015.2259340746587
5052,3015.2259340746587
5053,3015.2259340746587
5054,3015.2259340746587
5055,3015.2259340746587
5056,3015.2259340746587
5057,3015.2259340746587
5058,3015.2259340746587
5059,3015.2259340746587
5060,3015.2259340746587
5061,3015.2259340746587
5062,3015.2259340746587
5063,3015.2259340746587
5064,3015.2259340746587
5065,3015.2259340746587
5066,3015.2259340746587
5067,3015.2259340746587
5068,3015.2259340746587
5069,3015.2259340746587
5070,3015.2259340746587
5071,3015.2259340746587
5072,3015.2259340746587
5073,3015.2259340746587
5074,3015.2259340746587
5075,3015.2259340746587
5076,3015.2259340746587
5077,3015.2259340746587
5078,3015.2259340746587
5079,3015.2259340746587
5080,3015.2259340746587
5081,3015.2259340746587
5082,3015.2259340746587
5083,3015.2259340746587
5084,3015.2259340746587
5085,3015.2259340746587
5086,3015.2259340746587
5087,3015.2259340746587
5088,3015.2259340746587
5089,3015.2259340746587
5090,3015.2259340746587
5091,3015.2259340746587
5092,3015.2259340746587
5093,3015.2259340746587
5094,3015.2259340746587
5095,3015.2259340746587
5096,3015.2259340746587
5097,3015.2259340746587
5098,3015.2259340746587
5099,3015.2259340746587
5100,3015.2259340746587
5101,3015.2259340746587
5102,3015.2259340746587
5103,3015.2259340746587
5104,3015.2259340746587
5105,3015.2259340746587
5106,3015.2259340746587
5107,3015.2259340746587
5108,3015.2259340746587
5109,3015.2259340746587
5110,3015.2259340746587
5111,3015.2259340746587
5112,3015.2259340746587
5113,3015.2259340746587
5114,3015.2259340746587
5115,3015.2259340746587
5116,3015.2259340746587
5117,3015.2259340746587
5118,3015.2259340746587
5119,3015.2259340746587
5120,3015.2259340746587
5121,3015.2259340746587
5122,3015.2259340746587
5123,3015.2259340746587
5124,3015.2259340746587
5125,3015.2259340746587
5126,3015.2259340746587
5127,3015.2259340746587
5128,3015.2259340746587
5129,3015.2259340746587
5130,3015.2259340746587
5131,3015.2259340746587
5132,3015.2259340746587
5133,3015.2259340746587
5134,3015.2259340746587
5135,3015.2259340746587
5136,3015.2259340746587
5137,3015.2259340746587
5138,3015.2259340746587
5139,3015.2259340746587
5140,3015.2259340746587
5141,3015.2259340746587
5142,3015.2259340746587
5143,3015.2259340746587
5144,3015.2259340746587
5145,3015.2259340746587
5146,3015.2259340746587
5147,3015.2259340746587
5148,3015.2259340746587
5149,3015.2259340746587
5150,3015.2259340746587
5151,3015.2259340746587
5152,3015.2259340746587
5153,3015.2259340746587
5154,3015.2259340746587
5155,3015.2259340746587
5156,3015.2259340746587
5157,3015.2259340746587
5158,3015.2259340746587
5159,3015.2259340746587
5160,3015.2259340746587
5161,3015.2259340746587
5162,3015.2259340746587
5163,3015.2259340746587
5164,3015.2259340746587
5165,3015.2259340746587
5166,3015.2259340746587
5167,3015.2259340746587
5168,3015.2259340746587
5169,3015.2259340746587
5170,3015.2259340746587
5171,3015.2259340746587
5172,3015.2259340746587
5173,3015.2259340746587
5174,3015.2259340746587
5175,3015.2259340746587
5176,3015.2259340746587
5177,3015.2259340746587
5178,3015.2259340746587
5179,3015.2259340746587
5180,3015.2259340746587
5181,3015.2259340746587
5182,3015.2259340746587
5183,3015.2259340746587
5184,3015.2259340746587
5185,3015.2259340746587
5186,3015.2259340746587
5187,3015.2259340746587
5188,3015.2259340746587
5189,3015.2259340746587
5190,3015.2259340746587
5191,3015.2259340746587
5192,3015.2259340746587
5193,3015.2259340746587
5194,3015.2259340746587
5195,3015.2259340746587
5196,3015.2259340746587
5197,3015.2259340746587
5198,3015.2259340746587
5199,3015.2259340746587
5200,3015.2259340746587
5201,3015.2259340746587
5202,3015.2259340746587
5203,3015.2259340746587
5204,3015.2259340746587
5205,3015.2259340746587
5206,3015.2259340746587
5207,3015.2259340746587
5208,3015.2259340746587
5209,3015.2259340746587
5210,3015.2259340746587
5211,3015.2259340746587
5212,3015.2259340746587
5213,3015.2259340746587
5214,3015.2259340746587
5215,3015.2259340746587
5216,3015.2259340746587
5217,3015.2259340746587
5218,3015.2259340746587
5219,3015.2259340746587
5220,3015.2259340746587
5221,3015.2259340746587
5222,3015.2259340746587
5223,3015.2259340746587
5224,3015.2259340746587
5225,3015.2259340746587
5226,3015.2259340746587
5227,3015.2259340746587
5228,3015.2259340746587
5229,3015.2259340746587
5230,3015.2259340746587
5231,3015.2259340746587
5232,3015.2259340746587
5233,3015.2259340746587
5234,3015.2259340746587
5235,3015.2259340746587
5236,3015.2259340746587
5237,3015.2259340746587
5238,3015.2259340746587
5239,3015.2259340746587
5240,3015.2259340746587
5241,3015.2259340746587
5242,3015.2259340746587
5243,3015.2259340746587
5244,3015.2259340746587
5245,3015.2259340746587
5246,3015.2259340746587
5247,3015.2259340746587
5248,3015.2259340746587
5249,3015.2259340746587
5250,3015.2259340746587
5251,3015.2259340746587
5252,3015.2259340746587
5253,3015.2259340746587
5254,3015.2259340746587
5255,3015.2259340746587
5256,3015.2259340746587
5257,3015.2259340746587
5258,3015.2259340746587
5259,3015.2259340746587
5260,3015.2259340746587
5261,3015.2259340746587
5262,3015.2259340746587
5263,3015.2259340746587
5264,3015.2259340746587
5265,3015.2259340746587
5266,3015.2259340746587
5267,3015.2259340746587
5268,3015.2259340746587
5269,3015.2259340746587
5270,3015.2259340746587
5271,3015.2259340746587
5272,3015.2259340746587
5273,3015.2259340746587
5274,3015.2259340746587
5275,3015.2259340746587
5276,3015.2259340746587
5277,3015.2259340746587
5278,3015.2259340746587
5279,3015.2259340746587
5280,3015.2259340746587
5281,3015.2259340746587
5282,3015.2259340746587
5283,3015.2259340746587
5284,3015.2259340746587
5285,3015.2259340746587
5286,3015.2259340746587
5287,3015.2259340746587
5288,3015.2259340746587
5289,3015.2259340746587
5290,3015.2259340746587
5291,3015.2259340746587
5292,3015.2259340746587
5293,3015.2259340746587
5294,3015.2259340746587
5295,3015.2259340746587
5296,3015.2259340746587
5297,3015.2259340746587
5298,3015.2259340746587
5299,3015.2259340746587
5300,3015.2259340746587
5301,3015.2259340746587
5302,3015.2259340746587
5303,3015.2259340746587
5304,3015.2259340746587
5305,3015.2259340746587
5306,3015.2259340746587
5307,3015.2259340746587
5308,3015.2259340746587
5309,3015.2259340746587
5310,3015.2259340746587
5311,3015.2259340746587
5312,3015.2259340746587
5313,3015.2259340746587
5314,3015.2259340746587
5315,3015.2259340746587
5316,3015.2259340746587
5317,3015.2259340746587
5318,3015.2259340746587
5319,3015.2259340746587
5320,3015.2259340746587
5321,3015.2259340746587
5322,3015.2259340746587
5323,3015.2259340746587
5324,3015.2259340746587
5325,3015.2259340746587
5326,3015.2259340746587
5327,3015.2259340746587
5328,3015.2259340746587
5329,3015.2259340746587
5330,3015.2259340746587
5331,3015.2259340746587
5332,3015.2259340746587
5333,3015.2259340746587
5334,3015.2259340746587
5335,3015.2259340746587
5336,3015.2259340746587
5337,3015.2259340746587
5338,3015.2259340746587
5339,3015.2259340746587
5340,3015.2259340746587
5341,3015.2259340746587
5342,3015.2259340746587
5343,3015.2259340746587
5344,3015.2259340746587
5345,3015.2259340746587
5346,3015.2259340746587
5347,3015.2259340746587
5348,3015.2259340746587
5349,3015.2259340746587
5350,3015.2259340746587
5351,3015.2259340746587
5352,3015.2259340746587
5353,3015.2259340746587
5354,3015.2259340746587
5355,3015.2259340746587
5356,3015.2259340746587
5357,3015.2259340746587
5358,3015.2259340746587
5359,3015.2259340746587
5360,3015.2259340746587
5361,3015.2259340746587
5362,3015.2259340746587
5363,3015.2259340746587
5364,3015.2259340746587
5365,3015.2259340746587
5366,3015.2259340746587
5367,3015.2259340746587
5368,3015.2259340746587
5369,3015.2259340746587
5370,3015.2259340746587
5371,3015.2259340746587
5372,3015.2259340746587
5373,3015.2259340746587
5374,3015.2259340746587
5375,3015.2259340746587
5376,3015.2259340746587
5377,3015.2259340746587
5378,3015.2259340746587
5379,3015.2259340746587
5380,3015.2259340746587
5381,3015.2259340746587
5382,3015.2259340746587
5383,3015.2259340746587
5384,3015.2259340746587
5385,3015.2259340746587
5386,3015.2259340746587
5387,3015.2259340746587
5388,3015.2259340746587
5389,3015.2259340746587
5390,3015.2259340746587
5391,3015.2259340746587
5392,3015.2259340746587
5393,3015.2259340746587
5394,3015.2259340746587
5395,3015.2259340746587
5396,3015.2259340746587
5397,3015.2259340746587
5398,3015.2259340746587
5399,3015.2259340746587
5400,3015.2259340746587
5401,3015.2259340746587
5402,3015.2259340746587
5403,3015.2259340746587
5404,3015.2259340746587
5405,3015.2259340746587
5406,3015.2259340746587
5407,3015.2259340746587
5408,3015.2259340746587
5409,3015.2259340746587
5410,3015.2259340746587
5411,3015.2259340746587
5412,3015.2259340746587
5413,3015.2259340746587
5414,3015.2259340746587
5415,3015.2259340746587
5416,3015.2259340746587
5417,3015.2259340746587
5418,3015.2259340746587
5419,3015.2259340746587
5420,3015.2259340746587
5421,3015.2259340746587
5422,3015.2259340746587
5423,3015.2259340746587
5424,3015.2259340746587
5425,3015.2259340746587
5426,3015.2259340746587
5427,3015.2259340746587
5428,3015.2259340746587
5429,3015.2259340746587
5430,3015.2259340746587
5431,3015.2259340746587
5432,3015.2259340746587
5433,3015.2259340746587
5434,3015.2259340746587
5435,3015.2259340746587
5436,3015.2259340746587
5437,3015.2259340746587
5438,3015.2259340746587
5439,3015.2259340746587
5440,3015.2259340746587
5441,3015.2259340746587
5442,3015.2259340746587
5443,3015.2259340746587
5444,3015.2259340746587
5445,3015.2259340746587
5446,3015.2259340746587
5447,3015.2259340746587
5448,3015.2259340746587
5449,3015.2259340746587
5450,3015.2259340746587
5451,3015.2259340746587
5452,3015.2259340746587
5453,3015.2259340746587
5454,3015.2259340746587
5455,3015.2259340746587
5456,3015.2259340746587
5457,3015.2259340746587
5458,3015.2259340746587
5459,3015.2259340746587
5460,3015.2259340746587
5461,3015.2259340746587
5462,3015.2259340746587
5463,3015.2259340746587
5464,3015.2259340746587
5465,3015.2259340746587
5466,3015.2259340746587
5467,3015.2259340746587
5468,3015.2259340746587
5469,3015.2259340746587
5470,3015.2259340746587
5471,3015.2259340746587
5472,3015.2259340746587
5473,3015.2259340746587
5474,3015.2259340746587
5475,3015.2259340746587
5476,3015.2259340746587
5477,3015.2259340746587
5478,3015.2259340746587
5479,3015.2259340746587
5480,3015.2259340746587
5481,3015.2259340746587
5482,3015.2259340746587
5483,3015.2259340746587
5484,3015.2259340746587
5485,3015.2259340746587
5486,3015.2259340746587
5487,3015.2259340746587
5488,3015.2259340746587
5489,3015.2259340746587
5490,3015.2259340746587
5491,3015.2259340746587
5492,3015.2259340746587
5493,3015.2259340746587
5494,3015.2259340746587
5495,3015.2259340746587
5496,3015.2259340746587
5497,3015.2259340746587
5498,3015.2259340746587
5499,3015.2259340746587
5500,3015.2259340746587
5501,3015.2259340746587
5502,3015.2259340746587
5503,3015.2259340746587
5504,3015.2259340746587
5505,3015.2259340746587
5506,3015.2259340746587
5507,3015.2259340746587
5508,3015.2259340746587
5509,3015.2259340746587
5510,3015.2259340746587
5511,3015.2259340746587
5512,3015.2259340746587
5513,3015.2259340746587
5514,3015.2259340746587
5515,3015.2259340746587
5516,3015.2259340746587
5517,3015.2259340746587
5518,3015.2259340746587
5519,3015.2259340746587
5520,3015.2259340746587
5521,3015.2259340746587
5522,3015.2259340746587
5523,3015.2259340746587
5524,3015.2259340746587
5525,3015.2259340746587
5526,3015.2259340746587
5527,3015.2259340746587
5528,3015.2259340746587
5529,3015.2259340746587
5530,3015.2259340746587
5531,3015.2259340746587
5532,3015.2259340746587
5533,3015.2259340746587
5534,3015.2259340746587
5535,3015.2259340746587
5536,3015.2259340746587
5537,3015.2259340746587
5538,3015.2259340746587
5539,3015.2259340746587
5540,3015.2259340746587
5541,3015.2259340746587
5542,3015.2259340746587
5543,3015.2259340746587
5544,3015.2259340746587
5545,3015.2259340746587
5546,3015.2259340746587
5547,3015.2259340746587
5548,3015.2259340746587
5549,3015.2259340746587
5550,3015.2259340746587
5551,3015.2259340746587
5552,3015.2259340746587
5553,3015.2259340746587
5554,3015.2259340746587
5555,3015.2259340746587
5556,3015.2259340746587
5557,3015.2259340746587
5558,3015.2259340746587
5559,3015.2259340746587
5560,3015.2259340746587
5561,3015.2259340746587
5562,3015.2259340746587
5563,3015.2259340746587
5564,3015.2259340746587
5565,3015.2259340746587
5566,3015.2259340746587
5567,3015.2259340746587
5568,3015.2259340746587
5569,3015.2259340746587
5570,3015.2259340746587
5571,3015.2259340746587
5572,3015.2259340746587
5573,3015.2259340746587
5574,3015.2259340746587
5575,3015.2259340746587
5576,3015.2259340746587
5577,3015.2259340746587
5578,3015.2259340746587
5579,3015.2259340746587
5580,3015.2259340746587
5581,3015.2259340746587
5582,3015.2259340746587
5583,3015.2259340746587
5584,3015.2259340746587
5585,3015.2259340746587
5586,3015.2259340746587
5587,3015.2259340746587
5588,3015.2259340746587
5589,3015.2259340746587
5590,3015.2259340746587
5591,3015.2259340746587
5592,3015.2259340746587
5593,3015.2259340746587
5594,3015.2259340746587
5595,3015.2259340746587
5596,3015.2259340746587
5597,3015.2259340746587
5598,3015.2259340746587
5599,3015.2259340746587
5600,3015.2259340746587
5601,3015.2259340746587
5602,3015.2259340746587
5603,3015.2259340746587
5604,3015.2259340746587
5605,3015.2259340746587
5606,3015.2259340746587
5607,3015.2259340746587
5608,3015.2259340746587
5609,3015.2259340746587
5610,3015.2259340746587
5611,3015.2259340746587
5612,3015.2259340746587
5613,3015.2259340746587
5614,3015.2259340746587
5615,3015.2259340746587
5616,3015.2259340746587
5617,3015.2259340746587
5618,3015.2259340746587
5619,3015.2259340746587
5620,3015.2259340746587
5621,3015.2259340746587
5622,3015.2259340746587
5623,3015.2259340746587
5624,3015.2259340746587
5625,3015.2259340746587
5626,3015.2259340746587
5627,3015.2259340746587
5628,3015.2259340746587
5629,3015.2259340746587
5630,3015.2259340746587
5631,3015.2259340746587
5632,3015.2259340746587
5633,3015.2259340746587
5634,3015.2259340746587
5635,3015.2259340746587
5636,3015.2259340746587
5637,3015.2259340746587
5638,3015.2259340746587
5639,3015.2259340746587
5640,3015.2259340746587
5641,3015.2259340746587
5642,3015.2259340746587
5643,3015.2259340746587
5644,3015.2259340746587
5645,3015.2259340746587
5646,3015.2259340746587
5647,3015.2259340746587
5648,3015.2259340746587
5649,3015.2259340746587
5650,3015.2259340746587
5651,3015.2259340746587
5652,3015.2259340746587
5653,3015.2259340746587
5654,3015.2259340746587
5655,3015.2259340746587
5656,3015.2259340746587
5657,3015.2259340746587
5658,3015.2259340746587
5659,3015.2259340746587
5660,3015.2259340746587
5661,3015.2259340746587
5662,3015.2259340746587
5663,3015.2259340746587
5664,3015.2259340746587
5665,3015.2259340746587
5666,3015.2259340746587
5667,3015.2259340746587
5668,3015.2259340746587
5669,3015.2259340746587
5670,3015.2259340746587
5671,3015.2259340746587
5672,3015.2259340746587
5673,3015.2259340746587
5674,3015.2259340746587
5675,3015.2259340746587
5676,3015.2259340746587
5677,3015.2259340746587
5678,3015.2259340746587
5679,3015.2259340746587
5680,3015.2259340746587
5681,3015.2259340746587
5682,3015.2259340746587
5683,3015.2259340746587
5684,3015.2259340746587
5685,3015.2259340746587
5686,3015.2259340746587
5687,3015.2259340746587
5688,3015.2259340746587
5689,3015.2259340746587
5690,3015.2259340746587
5691,3015.2259340746587
5692,3015.2259340746587
5693,3015.2259340746587
5694,3015.2259340746587
5695,3015.2259340746587
5696,3015.2259340746587
5697,3015.2259340746587
5698,3015.2259340746587
5699,3015.2259340746587
5700,3015.2259340746587
5701,3015.2259340746587
5702,3015.2259340746587
5703,3015.2259340746587
5704,3015.2259340746587
5705,3015.2259340746587
5706,3015.2259340746587
5707,3015.2259340746587
5708,3015.2259340746587
5709,3015.2259340746587
5710,3015.2259340746587
5711,3015.2259340746587
5712,3015.2259340746587
5713,3015.2259340746587
5714,3015.2259340746587
5715,3015.2259340746587
5716,3015.2259340746587
5717,3015.2259340746587
5718,3015.2259340746587
5719,3015.2259340746587
5720,3015.2259340746587
5721,3015.2259340746587
5722,3015.2259340746587
5723,3015.2259340746587
5724,3015.2259340746587
5725,3015.2259340746587
5726,3015.2259340746587
5727,3015.2259340746587
5728,3015.2259340746587
5729,3015.2259340746587
5730,3015.2259340746587
5731,3015.2259340746587
5732,3015.2259340746587
5733,3015.2259340746587
5734,3015.2259340746587
5735,3015.2259340746587
5736,3015.2259340746587
5737,3015.2259340746587
5738,3015.2259340746587
5739,3015.2259340746587
5740,3015.2259340746587
5741,3015.2259340746587
5742,3015.2259340746587
5743,3015.2259340746587
5744,3015.2259340746587
5745,3015.2259340746587
5746,3015.2259340746587
5747,3015.2259340746587
5748,3015.2259340746587
5749,3015.2259340746587
5750,3015.2259340746587
5751,3015.2259340746587
5752,3015.2259340746587
5753,3015.2259340746587
5754,3015.2259340746587
5755,3015.2259340746587
5756,3015.2259340746587
5757,3015.2259340746587
5758,3015.2259340746587
5759,3015.2259340746587
5760,3015.2259340746587
5761,3015.2259340746587
5762,3015.2259340746587
5763,3015.2259340746587
5764,3015.2259340746587
5765,3015.2259340746587
5766,3015.2259340746587
5767,3015.2259340746587
5768,3015.2259340746587
5769,3015.2259340746587
5770,3015.2259340746587
5771,3015.2259340746587
5772,3015.2259340746587
5773,3015.2259340746587
5774,3015.2259340746587
5775,3015.2259340746587
5776,3015.2259340746587
5777,3015.2259340746587
5778,3015.2259340746587
5779,3015.2259340746587
5780,3015.2259340746587
5781,3015.2259340746587
5782,3015.2259340746587
5783,3015.2259340746587
5784,3015.2259340746587
5785,3015.2259340746587
5786,3015.2259340746587
5787,3015.2259340746587
5788,3015.2259340746587
5789,3015.2259340746587
5790,3015.2259340746587
5791,3015.2259340746587
5792,3015.2259340746587
5793,3015.2259340746587
5794,3015.2259340746587
5795,3015.2259340746587
5796,3015.2259340746587
5797,3015.2259340746587
5798,3015.2259340746587
5799,3015.2259340746587
5800,3015.2259340746587
5801,3015.2259340746587
5802,3015.2259340746587
5803,3015.2259340746587
5804,3015.2259340746587
5805,3015.2259340746587
5806,3015.2259340746587
5807,3015.2259340746587
5808,3015.2259340746587
5809,3015.2259340746587
5810,3015.2259340746587
5811,3015.2259340746587
5812,3015.2259340746587
5813,3015.2259340746587
5814,3015.2259340746587
5815,3015.2259340746587
5816,3015.2259340746587
5817,3015.2259340746587
5818,3015.2259340746587
5819,3015.2259340746587
5820,3015.2259340746587
5821,3015.2259340746587
5822,2995.6157317409406
5823,2995.6157317409406
5824,2995.6157317409406
5825,2927.5503029085103
5826,2927.5503029085103
5827,2927.5503029085103
5828,2927.5503029085103
5829,2927.5503029085103
5830,2927.5503029085103
5831,2927.5503029085103
5832,2927.5503029085103
5833,2927.5503029085103
5834,2927.5503029085103
5835,2927.5503029085103
5836,2927.5503029085103
5837,2927.5503029085103
5838,2927.5503029085103
5839,2927.5503029085103
5840,2927.5503029085103
5841,2927.5503029085103
5842,2888.931714431709
5843,2848.640746197891
5844,2833.5492957197857
5845,2833.5492957197857
5846,2833.5492957197857
5847,2833.5492957197857
5848,2833.5492957197857
5849,2833.5492957197857
5850,2833.5492957197857
5851,2833.5492957197857
5852,2833.5492957197857
5853,2833.5492957197857
5854,2833.5492957197857
5855,2833.5492957197857
5856,2833.5492957197857
5857,2833.5492957197857
5858,2833.5492957197857
5859,2833.5492957197857
5860,2833.5492957197857
5861,2833.5492957197857
5862,2833.5492957197857
5863,2833.5492957197857
5864,2833.5492957197857
5865,2833.5492957197857
5866,2833.5492957197857
5867,2833.5492957197857
5868,2833.5492957197857
5869,2833.5492957197857
5870,2833.5492957197857
5871,2833.5492957197857
5872,2833.5492957197857
5873,2833.5492957197857
5874,2833.5492957197857
5875,2833.5492957197857
5876,2833.5492957197857
5877,2833.5492957197857
5878,2833.5492957197857
5879,2833.5492957197857
5880,2833.5492957197857
5881,2833.5492957197857
5882,2833.5492957197857
5883,2833.5492957197857
5884,2833.5492957197857
5885,2833.5492957197857
5886,2833.5492957197857
5887,2833.5492957197857
5888,2833.5492957197857
5889,2833.5492957197857
5890,2833.5492957197857
5891,2833.5492957197857
5892,2833.5492957197857
5893,2833.5492957197857
5894,2833.5492957197857
5895,2833.5492957197857
5896,2833.5492957197857
5897,2833.5492957197857
5898,2833.5492957197857
5899,2833.5492957197857
5900,2833.5492957197857
5901,2833.5492957197857
5902,2833.5492957197857
5903,2833.5492957197857
5904,2833.5492957197857
5905,2833.5492957197857
5906,2833.5492957197857
5907,2833.5492957197857
5908,2833.5492957197857
5909,2833.5492957197857
5910,2833.5492957197857
5911,2833.5492957197857
5912,2833.5492957197857
5913,2833.5492957197857
5914,2833.5492957197857
5915,2833.5492957197857
5916,2833.5492957197857
5917,2833.5492957197857
5918,2833.5492957197857
5919,2833.5492957197857
5920,2833.5492957197857
5921,2833.5492957197857
5922,2833.5492957197857
5923,2833.5492957197857
5924,2833.5492957197857
5925,2833.5492957197857
5926,2833.5492957197857
5927,2833.5492957197857
5928,2833.5492957197857
5929,2833.5492957197857
5930,2833.5492957197857
5931,2833.5492957197857
5932,2833.5492957197857
5933,2833.5492957197857
5934,2833.5492957197857
5935,2833.5492957197857
5936,2833.5492957197857
5937,2833.5492957197857
5938,2833.5492957197857
5939,2833.5492957197857
5940,2833.5492957197857
5941,2833.5492957197857
5942,2833.5492957197857
5943,2833.5492957197857
5944,2833.5492957197857
5945,2833.5492957197857
5946,2833.5492957197857
5947,2833.5492957197857
5948,2833.5492957197857
5949,2833.5492957197857
5950,2833.5492957197857
5951,2833.5492957197857
5952,2833.5492957197857
5953,2833.5492957197857
5954,2833.5492957197857
5955,2833.5492957197857
5956,2833.5492957197857
5957,2833.5492957197857
5958,2833.5492957197857
5959,2833.5492957197857
5960,2833.5492957197857
5961,2833.5492957197857
5962,2833.5492957197857
5963,2833.5492957197857
5964,2833.5492957197857
5965,2833.5492957197857
5966,2833.5492957197857
5967,2833.5492957197857
5968,2833.5492957197857
5969,2833.5492957197857
5970,2833.5492957197857
5971,2833.5492957197857
5972,2833.5492957197857
5973,2833.5492957197857
5974,2833.5492957197857
5975,2833.5492957197857
5976,2833.5492957197857
5977,2833.5492957197857
5978,2833.5492957197857
5979,2833.5492957197857
5980,2833.5492957197857
5981,2833.5492957197857
5982,2833.5492957197857
5983,2833.5492957197857
5984,2833.5492957197857
5985,2833.5492957197857
5986,2833.5492957197857
5987,2833.5492957197857
5988,2833.5492957197857
5989,2833.5492957197857
5990,2833.5492957197857
5991,2833.5492957197857
5992,2833.5492957197857
5993,2833.5492957197857
5994,2833.5492957197857
5995,2833.5492957197857
5996,2833.5492957197857
5997,2833.5492957197857
5998,2833.5492957197857
5999,2833.5492957197857
6000,2833.5492957197857
6001,2833.5492957197857
6002,2833.5492957197857
6003,2833.5492957197857
6004,2833.5492957197857
6005,2833.5492957197857
6006,2833.5492957197857
6007,2833.5492957197857
6008,2833.5492957197857
6009,2833.5492957197857
6010,2833.5492957197857
6011,2833.5492957197857
6012,2833.5492957197857
6013,2833.5492957197857
6014,2833.5492957197857
6015,2833.5492957197857
6016,2833.5492957197857
6017,2833.5492957197857
6018,2833.5492957197857
6019,2833.5492957197857
6020,2833.5492957197857
6021,2833.5492957197857
6022,2833.5492957197857
6023,2833.5492957197857
6024,2833.5492957197857
6025,2833.5492957197857
6026,2833.5492957197857
6027,2833.5492957197857
6028,2833.5492957197857
6029,2833.5492957197857
6030,2833.5492957197857
6031,2833.5492957197857
6032,2833.5492957197857
6033,2833.5492957197857
6034,2833.5492957197857
6035,2833.5492957197857
6036,2833.5492957197857
6037,2833.5492957197857
6038,2833.5492957197857
6039,2833.5492957197857
6040,2833.5492957197857
6041,2833.5492957197857
6042,2833.5492957197857
6043,2833.5492957197857
6044,2833.5492957197857
6045,2833.5492957197857
6046,2833.5492957197857
6047,2833.5492957197857
6048,2833.5492957197857
6049,2833.5492957197857
6050,2833.5492957197857
6051,2833.5492957197857
6052,2833.5492957197857
6053,2833.5492957197857
6054,2833.5492957197857
6055,2833.5492957197857
6056,2833.5492957197857
6057,2833.5492957197857
6058,2833.5492957197857
6059,2833.5492957197857
6060,2833.5492957197857
6061,2833.5492957197857
6062,2833.5492957197857
6063,2833.5492957197857
6064,2833.5492957197857
6065,2833.5492957197857
6066,2833.5492957197857
6067,2833.5492957197857
6068,2833.5492957197857
6069,2833.5492957197857
6070,2833.5492957197857
6071,2833.5492957197857
6072,2833.5492957197857
6073,2833.5492957197857
6074,2833.5492957197857
6075,2833.5492957197857
6076,2833.5492957197857
6077,2833.5492957197857
6078,2833.5492957197857
6079,2833.5492957197857
6080,2833.5492957197857
6081,2833.5492957197857
6082,2833.5492957197857
6083,2833.5492957197857
6084,2833.5492957197857
6085,2833.5492957197857
6086,2833.5492957197857
6087,2833.5492957197857
6088,2833.5492957197857
6089,2833.5492957197857
6090,2833.5492957197857
6091,2833.5492957197857
6092,2833.5492957197857
6093,2833.5492957197857
6094,2833.5492957197857
6095,2833.5492957197857
6096,2833.5492957197857
6097,2833.5492957197857
6098,2833.5492957197857
6099,2833.5492957197857
6100,2833.5492957197857
6101,2833.5492957197857
6102,2833.5492957197857
6103,2833.5492957197857
6104,2833.5492957197857
6105,2833.5492957197857
6106,2833.5492957197857
6107,2833.5492957197857
6108,2833.5492957197857
6109,2833.5492957197857
6110,2833.5492957197857
6111,2833.5492957197857
6112,2833.5492957197857
6113,2833.5492957197857
6114,2833.5492957197857
6115,2833.5492957197857
6116,2833.5492957197857
6117,2833.5492957197857
6118,2833.5492957197857
6119,2833.5492957197857
6120,2833.5492957197857
6121,2833.5492957197857
6122,2833.5492957197857
6123,2833.5492957197857
6124,2833.5492957197857
6125,2833.5492957197857
6126,2833.5492957197857
6127,2833.5492957197857
6128,2833.5492957197857
6129,2833.5492957197857
6130,2833.5492957197857
6131,2833.5492957197857
6132,2833.5492957197857
6133,2833.5492957197857
6134,2833.5492957197857
6135,2833.5492957197857
6136,2833.5492957197857
6137,2833.5492957197857
6138,2833.5492957197857
6139,2833.5492957197857
6140,2833.5492957197857
6141,2833.5492957197857
6142,2833.5492957197857
6143,2833.5492957197857
6144,2833.5492957197857
6145,2833.5492957197857
6146,2833.5492957197857
6147,2833.5492957197857
6148,2833.5492957197857
6149,2833.5492957197857
6150,2833.5492957197857
6151,2833.5492957197857
6152,2833.5492957197857
6153,2833.5492957197857
6154,2833.5492957197857
6155,2833.5492957197857
6156,2833.5492957197857
6157,2833.5492957197857
6158,2833.5492957197857
6159,2833.5492957197857
6160,2833.5492957197857
6161,2833.5492957197857
6162,2833.5492957197857
6163,2833.5492957197857
6164,2833.5492957197857
6165,2833.5492957197857
6166,2833.5492957197857
6167,2833.5492957197857
6168,2833.5492957197857
6169,2833.5492957197857
6170,2833.5492957197857
6171,2833.5492957197857
6172,2833.5492957197857
6173,2833.5492957197857
6174,2833.5492957197857
6175,2833.5492957197857
6176,2833.5492957197857
6177,2833.5492957197857
6178,2833.5492957197857
6179,2833.5492957197857
6180,2833.5492957197857
6181,2833.5492957197857
6182,2833.5492957197857
6183,2833.5492957197857
6184,2833.5492957197857
6185,2833.5492957197857
6186,2833.5492957197857
6187,2833.5492957197857
6188,2833.5492957197857
6189,2833.5492957197857
6190,2833.5492957197857
6191,2833.5492957197857
6192,2833.5492957197857
6193,2833.5492957197857
6194,2833.5492957197857
6195,2833.5492957197857
6196,2833.5492957197857
6197,2833.5492957197857
6198,2833.5492957197857
6199,2833.5492957197857
6200,2833.5492957197857
6201,2833.5492957197857
6202,2833.5492957197857
6203,2833.5492957197857
6204,2833.5492957197857
6205,2833.5492957197857
6206,2833.5492957197857
6207,2833.5492957197857
6208,2833.5492957197857
6209,2833.5492957197857
6210,2833.5492957197857
6211,2833.5492957197857
6212,2833.5492957197857
6213,2833.5492957197857
6214,2833.5492957197857
6215,2833.5492957197857
6216,2833.5492957197857
6217,2833.5492957197857
6218,2833.5492957197857
6219,2833.5492957197857
6220,2833.5492957197857
6221,2833.5492957197857
6222,2833.5492957197857
6223,2833.5492957197857
6224,2833.5492957197857
6225,2833.5492957197857
6226,2833.5492957197857
6227,2833.5492957197857
6228,2833.5492957197857
6229,2833.5492957197857
6230,2833.5492957197857
6231,2833.5492957197857
6232,2833.5492957197857
6233,2833.5492957197857
6234,2833.5492957197857
6235,2833.5492957197857
6236,2833.5492957197857
6237,2833.5492957197857
6238,2833.5492957197857
6239,2833.5492957197857
6240,2833.5492957197857
6241,2833.5492957197857
6242,2833.5492957197857
6243,2833.5492957197857
6244,2833.5492957197857
6245,2833.5492957197857
6246,2833.5492957197857
6247,2833.5492957197857
6248,2833.5492957197857
6249,2833.5492957197857
6250,2833.5492957197857
6251,2833.5492957197857
6252,2833.5492957197857
6253,2833.5492957197857
6254,2833.5492957197857
6255,2833.5492957197857
6256,2833.5492957197857
6257,2833.5492957197857
6258,2833.5492957197857
6259,2833.5492957197857
6260,2833.5492957197857
6261,2833.5492957197857
6262,2833.5492957197857
6263,2833.5492957197857
6264,2833.5492957197857
6265,2833.5492957197857
6266,2833.5492957197857
6267,2833.5492957197857
6268,2833.5492957197857
6269,2833.5492957197857
6270,2833.5492957197857
6271,2833.5492957197857
6272,2833.5492957197857
6273,2833.5492957197857
6274,2833.5492957197857
6275,2833.5492957197857
6276,2833.5492957197857
6277,2833.5492957197857
6278,2833.5492957197857
6279,2833.5492957197857
6280,2833.5492957197857
6281,2833.5492957197857
6282,2833.5492957197857
6283,2833.5492957197857
6284,2833.5492957197857
6285,2833.5492957197857
6286,2833.5492957197857
6287,2833.5492957197857
6288,2833.5492957197857
6289,2833.5492957197857
6290,2833.5492957197857
6291,2833.5492957197857
6292,2833.5492957197857
6293,2833.5492957197857
6294,2833.5492957197857
6295,2833.5492957197857
6296,2833.5492957197857
6297,2833.5492957197857
6298,2833.5492957197857
6299,2833.5492957197857
6300,2833.5492957197857
6301,2833.5492957197857
6302,2833.5492957197857
6303,2833.5492957197857
6304,2833.5492957197857
6305,2833.5492957197857
6306,2833.5492957197857
6307,2833.5492957197857
6308,2833.5492957197857
6309,2833.5492957197857
6310,2833.5492957197857
6311,2833.5492957197857
6312,2833.5492957197857
6313,2833.5492957197857
6314,2833.5492957197857
6315,2833.5492957197857
6316,2833.5492957197857
6317,2833.5492957197857
6318,2833.5492957197857
6319,2833.5492957197857
6320,2833.5492957197857
6321,2833.5492957197857
6322,2833.5492957197857
6323,2833.5492957197857
6324,2833.5492957197857
6325,2833.5492957197857
6326,2833.5492957197857
6327,2833.5492957197857
6328,2833.5492957197857
6329,2833.5492957197857
6330,2833.5492957197857
6331,2833.5492957197857
6332,2833.5492957197857
6333,2833.5492957197857
6334,2833.5492957197857
6335,2833.5492957197857
6336,2833.5492957197857
6337,2833.5492957197857
6338,2833.5492957197857
6339,2833.5492957197857
6340,2833.5492957197857
6341,2833.5492957197857
6342,2833.5492957197857
6343,2833.5492957197857
6344,2833.5492957197857
6345,2833.5492957197857
6346,2833.5492957197857
6347,2833.5492957197857
6348,2833.5492957197857
6349,2833.5492957197857
6350,2833.5492957197857
6351,2833.5492957197857
6352,2833.5492957197857
6353,2833.5492957197857
6354,2833.5492957197857
6355,2833.5492957197857
6356,2833.5492957197857
6357,2833.5492957197857
6358,2833.5492957197857
6359,2833.5492957197857
6360,2833.5492957197857
6361,2833.5492957197857
6362,2833.5492957197857
6363,2833.5492957197857
6364,2833.5492957197857
6365,2833.5492957197857
6366,2833.5492957197857
6367,2833.5492957197857
6368,2833.5492957197857
6369,2833.5492957197857
6370,2833.5492957197857
6371,2833.5492957197857
6372,2833.5492957197857
6373,2833.5492957197857
6374,2833.5492957197857
6375,2833.5492957197857
6376,2833.5492957197857
6377,2833.5492957197857
6378,2833.5492957197857
6379,2833.5492957197857
6380,2833.5492957197857
6381,2833.5492957197857
6382,2833.5492957197857
6383,2833.5492957197857
6384,2833.5492957197857
6385,2833.5492957197857
6386,2833.5492957197857
6387,2833.5492957197857
6388,2833.5492957197857
6389,2833.5492957197857
6390,2833.5492957197857
6391,2833.5492957197857
6392,2833.5492957197857
6393,2833.5492957197857
6394,2833.5492957197857
6395,2833.5492957197857
6396,2833.5492957197857
6397,2833.5492957197857
6398,2833.5492957197857
6399,2833.5492957197857
6400,2833.5492957197857
6401,2833.5492957197857
6402,2833.5492957197857
6403,2833.5492957197857
6404,2833.5492957197857
6405,2833.5492957197857
6406,2833.5492957197857
6407,2833.5492957197857
6408,2833.5492957197857
6409,2833.5492957197857
6410,2833.5492957197857
6411,2833.5492957197857
6412,2833.5492957197857
6413,2833.5492957197857
6414,2833.5492957197857
6415,2833.5492957197857
6416,2833.5492957197857
6417,2833.5492957197857
6418,2833.5492957197857
6419,2833.5492957197857
6420,2833.5492957197857
6421,2833.5492957197857
6422,2833.5492957197857
6423,2833.5492957197857
6424,2833.5492957197857
6425,2833.5492957197857
6426,2833.5492957197857
6427,2833.5492957197857
6428,2833.5492957197857
6429,2833.5492957197857
6430,2833.5492957197857
6431,2833.5492957197857
6432,2833.5492957197857
6433,2833.5492957197857
6434,2833.5492957197857
6435,2833.5492957197857
6436,2833.5492957197857
6437,2833.5492957197857
6438,2833.5492957197857
6439,2833.5492957197857
6440,2833.5492957197857
6441,2833.5492957197857
6442,2833.5492957197857
6443,2833.5492957197857
6444,2833.5492957197857
6445,2833.5492957197857
6446,2833.5492957197857
6447,2833.5492957197857
6448,2833.5492957197857
6449,2833.5492957197857
6450,2833.5492957197857
6451,2833.5492957197857
6452,2833.5492957197857
6453,2833.5492957197857
6454,2833.5492957197857
6455,2833.5492957197857
6456,2833.5492957197857
6457,2833.5492957197857
6458,2833.5492957197857
6459,2833.5492957197857
6460,2833.5492957197857
6461,2833.5492957197857
6462,2833.5492957197857
6463,2833.5492957197857
6464,2833.5492957197857
6465,2833.5492957197857
6466,2833.5492957197857
6467,2833.5492957197857
6468,2833.5492957197857
6469,2833.5492957197857
6470,2833.5492957197857
6471,2833.5492957197857
6472,2833.5492957197857
6473,2833.5492957197857
6474,2833.5492957197857
6475,2833.5492957197857
6476,2833.5492957197857
6477,2833.5492957197857
6478,2833.5492957197857
6479,2833.5492957197857
6480,2833.5492957197857
6481,2833.5492957197857
6482,2833.5492957197857
6483,2833.5492957197857
6484,2833.5492957197857
6485,2833.5492957197857
6486,2833.5492957197857
6487,2833.5492957197857
6488,2833.5492957197857
6489,2833.5492957197857
6490,2833.5492957197857
6491,2833.5492957197857
6492,2833.5492957197857
6493,2833.5492957197857
6494,2833.5492957197857
6495,2833.5492957197857
6496,2833.5492957197857
6497,2833.5492957197857
6498,2833.5492957197857
6499,2833.5492957197857
6500,2833.5492957197857
6501,2833.5492957197857
6502,2833.5492957197857
6503,2833.5492957197857
6504,2833.5492957197857
6505,2833.5492957197857
6506,2833.5492957197857
6507,2833.5492957197857
6508,2833.5492957197857
6509,2833.5492957197857
6510,2833.5492957197857
6511,2833.5492957197857
6512,2833.5492957197857
6513,2833.5492957197857
6514,2833.5492957197857
6515,2833.5492957197857
6516,2833.5492957197857
6517,2833.5492957197857
6518,2833.5492957197857
6519,2833.5492957197857
6520,2833.5492957197857
6521,2833.5492957197857
6522,2833.5492957197857
6523,2833.5492957197857
6524,2833.5492957197857
6525,2833.5492957197857
6526,2833.5492957197857
6527,2833.5492957197857
6528,2833.5492957197857
6529,2833.5492957197857
6530,2833.5492957197857
6531,2833.5492957197857
6532,2833.5492957197857
6533,2833.5492957197857
6534,2833.5492957197857
6535,2833.5492957197857
6536,2833.5492957197857
6537,2833.5492957197857
6538,2833.5492957197857
6539,2833.5492957197857
6540,2833.5492957197857
6541,2833.5492957197857
6542,2833.5492957197857
6543,2833.5492957197857
6544,2833.5492957197857
6545,2833.5492957197857
6546,2833.5492957197857
6547,2833.5492957197857
6548,2833.5492957197857
6549,2833.5492957197857
6550,2833.5492957197857
6551,2833.5492957197857
6552,2833.5492957197857
6553,2833.5492957197857
6554,2833.5492957197857
6555,2833.5492957197857
6556,2833.5492957197857
6557,2833.5492957197857
6558,2833.5492957197857
6559,2833.5492957197857
6560,2833.5492957197857
6561,2833.5492957197857
6562,2833.5492957197857
6563,2833.5492957197857
6564,2833.5492957197857
6565,2833.5492957197857
6566,2833.5492957197857
6567,2833.5492957197857
6568,2833.5492957197857
6569,2833.5492957197857
6570,2833.5492957197857
6571,2833.5492957197857
6572,2833.5492957197857
6573,2833.5492957197857
6574,2833.5492957197857
6575,2833.5492957197857
6576,2833.5492957197857
6577,2833.5492957197857
6578,2833.5492957197857
6579,2833.5492957197857
6580,2833.5492957197857
6581,2833.5492957197857
6582,2833.5492957197857
6583,2833.5492957197857
6584,2833.5492957197857
6585,2833.5492957197857
6586,2833.5492957197857
6587,2833.5492957197857
6588,2833.5492957197857
6589,2833.5492957197857
6590,2833.5492957197857
6591,2833.5492957197857
6592,2833.5492957197857
6593,2833.5492957197857
6594,2833.5492957197857
6595,2833.5492957197857
6596,2833.5492957197857
6597,2833.5492957197857
6598,2833.5492957197857
6599,2833.5492957197857
6600,2833.5492957197857
6601,2833.5492957197857
6602,2833.5492957197857
6603,2833.5492957197857
6604,2833.5492957197857
6605,2833.5492957197857
6606,2833.5492957197857
6607,2833.5492957197857
6608,2833.5492957197857
6609,2833.5492957197857
6610,2833.5492957197857
6611,2833.5492957197857
6612,2833.5492957197857
6613,2833.5492957197857
6614,2833.5492957197857
6615,2833.5492957197857
6616,2833.5492957197857
6617,2833.5492957197857
6618,2833.5492957197857
6619,2833.5492957197857
6620,2833.5492957197857
6621,2833.5492957197857
6622,2833.5492957197857
6623,2833.5492957197857
6624,2833.5492957197857
6625,2833.5492957197857
6626,2833.5492957197857
6627,2833.5492957197857
6628,2833.5492957197857
6629,2833.5492957197857
6630,2833.5492957197857
6631,2833.5492957197857
6632,2833.5492957197857
6633,2833.5492957197857
6634,2833.5492957197857
6635,2833.5492957197857
6636,2833.5492957197857
6637,2833.5492957197857
6638,2833.5492957197857
6639,2833.5492957197857
6640,2833.5492957197857
6641,2833.5492957197857
6642,2833.5492957197857
6643,2833.5492957197857
6644,2833.5492957197857
6645,2833.5492957197857
6646,2833.5492957197857
6647,2833.5492957197857
6648,2833.5492957197857
6649,2833.5492957197857
6650,2833.5492957197857
6651,2833.5492957197857
6652,2833.5492957197857
6653,2833.5492957197857
6654,2833.5492957197857
6655,2833.5492957197857
6656,2833.5492957197857
6657,2833.5492957197857
6658,2833.5492957197857
6659,2833.5492957197857
6660,2833.5492957197857
6661,2833.5492957197857
6662,2833.5492957197857
6663,2833.5492957197857
6664,2833.5492957197857
6665,2833.5492957197857
6666,2833.5492957197857
6667,2833.5492957197857
6668,2833.5492957197857
6669,2833.5492957197857
6670,2833.5492957197857
6671,2833.5492957197857
6672,2833.5492957197857
6673,2833.5492957197857
6674,2833.5492957197857
6675,2833.5492957197857
6676,2833.5492957197857
6677,2833.5492957197857
6678,2833.5492957197857
6679,2833.5492957197857
6680,2833.5492957197857
6681,2833.5492957197857
6682,2833.5492957197857
6683,2833.5492957197857
6684,2833.5492957197857
6685,2833.5492957197857
6686,2833.5492957197857
6687,2833.5492957197857
6688,2833.5492957197857
6689,2833.5492957197857
6690,2833.5492957197857
6691,2833.5492957197857
6692,2833.5492957197857
6693,2833.5492957197857
6694,2833.5492957197857
6695,2833.5492957197857
6696,2833.5492957197857
6697,2833.5492957197857
6698,2833.5492957197857
6699,2833.5492957197857
6700,2833.5492957197857
6701,2833.5492957197857
6702,2833.5492957197857
6703,2833.5492957197857
6704,2833.5492957197857
6705,2833.5492957197857
6706,2833.5492957197857
6707,2833.5492957197857
6708,2833.5492957197857
6709,2833.5492957197857
6710,2833.5492957197857
6711,2833.5492957197857
6712,2833.5492957197857
6713,2833.5492957197857
6714,2833.5492957197857
6715,2833.5492957197857
6716,2833.5492957197857
6717,2833.5492957197857
6718,2833.5492957197857
6719,2833.5492957197857
6720,2833.5492957197857
6721,2833.5492957197857
6722,2833.5492957197857
6723,2833.5492957197857
6724,2833.5492957197857
6725,2833.5492957197857
6726,2833.5492957197857
6727,2833.5492957197857
6728,2833.5492957197857
6729,2833.5492957197857
6730,2833.5492957197857
6731,2833.5492957197857
6732,2833.5492957197857
6733,2833.5492957197857
6734,2833.5492957197857
6735,2833.5492957197857
6736,2833.5492957197857
6737,2833.5492957197857
6738,2833.5492957197857
6739,2833.5492957197857
6740,2833.5492957197857
6741,2833.5492957197857
6742,2833.5492957197857
6743,2833.5492957197857
6744,2833.5492957197857
6745,2833.5492957197857
6746,2833.5492957197857
6747,2833.5492957197857
6748,2833.5492957197857
6749,2833.5492957197857
6750,2833.5492957197857
6751,2833.5492957197857
6752,2833.5492957197857
6753,2833.5492957197857
6754,2833.5492957197857
6755,2833.5492957197857
6756,2833.5492957197857
6757,2833.5492957197857
6758,2833.5492957197857
6759,2833.5492957197857
6760,2833.5492957197857
6761,2833.5492957197857
6762,2833.5492957197857
6763,2833.5492957197857
6764,2833.5492957197857
6765,2833.5492957197857
6766,2833.5492957197857
6767,2833.5492957197857
6768,2833.5492957197857
6769,2833.5492957197857
6770,2833.5492957197857
6771,2833.5492957197857
6772,2833.5492957197857
6773,2833.5492957197857
6774,2833.5492957197857
6775,2833.5492957197857
6776,2833.5492957197857
6777,2833.5492957197857
6778,2833.5492957197857
6779,2833.5492957197857
6780,2833.5492957197857
6781,2833.5492957197857
6782,2833.5492957197857
6783,2833.5492957197857
6784,2833.5492957197857
6785,2833.5492957197857
6786,2833.5492957197857
6787,2833.5492957197857
6788,2833.5492957197857
6789,2833.5492957197857
6790,2833.5492957197857
6791,2833.5492957197857
6792,2833.5492957197857
6793,2833.5492957197857
6794,2833.5492957197857
6795,2833.5492957197857
6796,2833.5492957197857
6797,2833.5492957197857
6798,2833.5492957197857
6799,2833.5492957197857
6800,2833.5492957197857
6801,2833.5492957197857
6802,2833.5492957197857
6803,2833.5492957197857
6804,2833.5492957197857
6805,2833.5492957197857
6806,2833.5492957197857
6807,2833.5492957197857
6808,2833.5492957197857
6809,2833.5492957197857
6810,2833.5492957197857
6811,2833.5492957197857
6812,2833.5492957197857
6813,2833.5492957197857
6814,2833.5492957197857
6815,2833.5492957197857
6816,2833.5492957197857
6817,2833.5492957197857
6818,2833.5492957197857
6819,2833.5492957197857
6820,2833.5492957197857
6821,2833.5492957197857
6822,2833.5492957197857
6823,2833.5492957197857
6824,2833.5492957197857
6825,2833.5492957197857
6826,2833.5492957197857
6827,2833.5492957197857
6828,2833.5492957197857
6829,2833.5492957197857
6830,2833.5492957197857
6831,2833.5492957197857
6832,2833.5492957197857
6833,2833.5492957197857
6834,2833.5492957197857
6835,2833.5492957197857
6836,2833.5492957197857
6837,2833.5492957197857
6838,2833.5492957197857
6839,2833.5492957197857
6840,2833.5492957197857
6841,2833.5492957197857
6842,2833.5492957197857
6843,2833.5492957197857
6844,2833.5492957197857
6845,2833.5492957197857
6846,2833.5492957197857
6847,2833.5492957197857
6848,2833.5492957197857
6849,2833.5492957197857
6850,2833.5492957197857
6851,2833.5492957197857
6852,2833.5492957197857
6853,2833.5492957197857
6854,2833.5492957197857
6855,2833.5492957197857
6856,2833.5492957197857
6857,2833.5492957197857
6858,2833.5492957197857
6859,2833.5492957197857
6860,2833.5492957197857
6861,2833.5492957197857
6862,2833.5492957197857
6863,2833.5492957197857
6864,2833.5492957197857
6865,2833.5492957197857
6866,2833.5492957197857
6867,2833.5492957197857
6868,2833.5492957197857
6869,2833.5492957197857
6870,2833.5492957197857
6871,2833.5492957197857
6872,2833.5492957197857
6873,2833.5492957197857
6874,2833.5492957197857
6875,2833.5492957197857
6876,2833.5492957197857
6877,2833.5492957197857
6878,2833.5492957197857
6879,2833.5492957197857
6880,2833.5492957197857
6881,2833.5492957197857
6882,2833.5492957197857
6883,2833.5492957197857
6884,2833.5492957197857
6885,2833.5492957197857
6886,2833.5492957197857
6887,2833.5492957197857
6888,2833.5492957197857
6889,2833.5492957197857
6890,2833.5492957197857
6891,2833.5492957197857
6892,2833.5492957197857
6893,2833.5492957197857
6894,2833.5492957197857
6895,2833.5492957197857
6896,2833.5492957197857
6897,2833.5492957197857
6898,2833.5492957197857
6899,2833.5492957197857
6900,2833.5492957197857
6901,2833.5492957197857
6902,2833.5492957197857
6903,2833.5492957197857
6904,2833.5492957197857
6905,2833.5492957197857
6906,2833.5492957197857
6907,2833.5492957197857
6908,2833.5492957197857
6909,2833.5492957197857
6910,2833.5492957197857
6911,2833.5492957197857
6912,2833.5492957197857
6913,2833.5492957197857
6914,2833.5492957197857
6915,2833.5492957197857
6916,2833.5492957197857
6917,2833.5492957197857
6918,2833.5492957197857
6919,2833.5492957197857
6920,2833.5492957197857
6921,2833.5492957197857
6922,2833.5492957197857
6923,2833.5492957197857
6924,2833.5492957197857
6925,2833.5492957197857
6926,2818.4769712839843
6927,2818.4769712839843
6928,2814.4196720891805
6929,2814.4196720891805
6930,2814.4196720891805
6931,2814.4196720891805
6932,2814.4196720891805
6933,2814.4196720891805
6934,2814.4196720891805
6935,2814.4196720891805
6936,2814.4196720891805
6937,2814.4196720891805
6938,2814.4196720891805
6939,2814.4196720891805
6940,2814.4196720891805
6941,2814.4196720891805
6942,2814.4196720891805
6943,2814.4196720891805
6944,2814.4196720891805
6945,2814.4196720891805
6946,2814.4196720891805
6947,2773.5267302371326
6948,2728.4825095023457
6949,2728.4825095023457
6950,2728.4825095023457
6951,2728.4825095023457
6952,2728.4825095023457
6953,2728.4825095023457
6954,2728.4825095023457
6955,2728.4825095023457
6956,2728.4825095023457
6957,2728.4825095023457
6958,2728.4825095023457
6959,2728.4825095023457
6960,2728.4825095023457
6961,2728.4825095023457
6962,2728.4825095023457
6963,2728.4825095023457
6964,2718.2141259546556
6965,2718.2141259546556
6966,2718.2141259546556
6967,2718.2141259546556
6968,2718.2141259546556
6969,2718.2141259546556
6970,2718.2141259546556
6971,2698.062477811115
6972,2698.062477811115
6973,2698.062477811115
6974,2698.062477811115
6975,2698.062477811115
6976,2698.062477811115
6977,2698.062477811115
6978,2698.062477811115
6979,2698.062477811115
6980,2698.062477811115
6981,2698.062477811115
6982,2698.062477811115
6983,2698.062477811115
6984,2698.062477811115
6985,2698.062477811115
6986,2698.062477811115
6987,2698.062477811115
6988,2698.062477811115
6989,2698.062477811115
6990,2698.062477811115
6991,2698.062477811115
6992,2698.062477811115
6993,2698.062477811115
6994,2698.062477811115
6995,2698.062477811115
6996,2698.062477811115
6997,2698.062477811115
6998,2698.062477811115
6999,2698.062477811115
7000,2698.062477811115
7001,2698.062477811115
7002,2698.062477811115
7003,2698.062477811115
7004,2698.062477811115
7005,2698.062477811115
7006,2698.062477811115
7007,2698.062477811115
7008,2698.062477811115
7009,2698.062477811115
7010,2698.062477811115
7011,2698.062477811115
7012,2698.062477811115
7013,2698.062477811115
7014,2698.062477811115
7015,2698.062477811115
7016,2698.062477811115
7017,2698.062477811115
7018,2698.062477811115
7019,2698.062477811115
7020,2698.062477811115
7021,2698.062477811115
7022,2698.062477811115
7023,2698.062477811115
7024,2698.062477811115
7025,2698.062477811115
7026,2698.062477811115
7027,2698.062477811115
7028,2698.062477811115
7029,2698.062477811115
7030,2698.062477811115
7031,2698.062477811115
7032,2698.062477811115
7033,2698.062477811115
7034,2698.062477811115
7035,2698.062477811115
7036,2698.062477811115
7037,2698.062477811115
7038,2698.062477811115
7039,2698.062477811115
7040,2698.062477811115
7041,2698.062477811115
7042,2698.062477811115
7043,2698.062477811115
7044,2698.062477811115
7045,2698.062477811115
7046,2698.062477811115
7047,2698.062477811115
7048,2698.062477811115
7049,2698.062477811115
7050,2698.062477811115
7051,2698.062477811115
7052,2698.062477811115
7053,2698.062477811115
7054,2698.062477811115
7055,2698.062477811115
7056,2698.062477811115
7057,2698.062477811115
7058,2698.062477811115
7059,2698.062477811115
7060,2698.062477811115
7061,2698.062477811115
7062,2698.062477811115
7063,2698.062477811115
7064,2698.062477811115
7065,2698.062477811115
7066,2698.062477811115
7067,2698.062477811115
7068,2698.062477811115
7069,2698.062477811115
7070,2698.062477811115
7071,2698.062477811115
7072,2698.062477811115
7073,2698.062477811115
7074,2698.062477811115
7075,2698.062477811115
7076,2698.062477811115
7077,2698.062477811115
7078,2698.062477811115
7079,2698.062477811115
7080,2698.062477811115
7081,2698.062477811115
7082,2698.062477811115
7083,2698.062477811115
7084,2698.062477811115
7085,2698.062477811115
7086,2698.062477811115
7087,2698.062477811115
7088,2698.062477811115
7089,2698.062477811115
7090,2698.062477811115
7091,2698.062477811115
7092,2698.062477811115
7093,2698.062477811115
7094,2698.062477811115
7095,2698.062477811115
7096,2698.062477811115
7097,2698.062477811115
7098,2698.062477811115
7099,2698.062477811115
7100,2698.062477811115
7101,2698.062477811115
7102,2698.062477811115
7103,2698.062477811115
7104,2698.062477811115
7105,2698.062477811115
7106,2698.062477811115
7107,2698.062477811115
7108,2698.062477811115
7109,2698.062477811115
7110,2698.062477811115
7111,2698.062477811115
7112,2698.062477811115
7113,2698.062477811115
7114,2698.062477811115
7115,2698.062477811115
7116,2698.062477811115
7117,2698.062477811115
7118,2698.062477811115
7119,2698.062477811115
7120,2698.062477811115
7121,2698.062477811115
7122,2698.062477811115
7123,2698.062477811115
7124,2698.062477811115
7125,2698.062477811115
7126,2698.062477811115
7127,2698.062477811115
7128,2698.062477811115
7129,2698.062477811115
7130,2698.062477811115
7131,2698.062477811115
7132,2698.062477811115
7133,2698.062477811115
7134,2698.062477811115
7135,2698.062477811115
7136,2698.062477811115
7137,2654.645519379612
7138,2654.645519379612
7139,2654.645519379612
7140,2654.645519379612
7141,2654.645519379612
7142,2654.645519379612
7143,2654.645519379612
7144,2654.645519379612
7145,2654.645519379612
7146,2654.645519379612
7147,2654.645519379612
7148,2654.645519379612
7149,2654.645519379612
7150,2654.645519379612
7151,2654.645519379612
7152,2654.645519379612
7153,2654.645519379612
7154,2654.645519379612
7155,2654.645519379612
7156,2654.645519379612
7157,2654.645519379612
7158,2654.645519379612
7159,2654.645519379612
7160,2654.645519379612
7161,2654.645519379612
7162,2654.645519379612
7163,2654.645519379612
7164,2654.645519379612
7165,2654.645519379612
7166,2654.645519379612
7167,2654.645519379612
7168,2654.645519379612
7169,2654.645519379612
7170,2654.645519379612
7171,2654.645519379612
7172,2654.645519379612
7173,2654.645519379612
7174,2654.645519379612
7175,2654.645519379612
7176,2654.645519379612
7177,2654.645519379612
7178,2654.645519379612
7179,2654.645519379612
7180,2654.645519379612
7181,2654.645519379612
7182,2654.645519379612
7183,2654.645519379612
7184,2654.645519379612
7185,2654.645519379612
7186,2654.645519379612
7187,2654.645519379612
7188,2654.645519379612
7189,2654.645519379612
7190,2654.645519379612
7191,2654.645519379612
7192,2654.645519379612
7193,2654.645519379612
7194,2654.645519379612
7195,2654.645519379612
7196,2654.645519379612
7197,2654.645519379612
7198,2654.645519379612
7199,2654.645519379612
7200,2654.645519379612
7201,2654.645519379612
7202,2654.645519379612
7203,2654.645519379612
7204,2654.645519379612
7205,2654.645519379612
7206,2654.645519379612
7207,2654.645519379612
7208,2654.645519379612
7209,2654.645519379612
7210,2654.645519379612
7211,2654.645519379612
7212,2654.645519379612
7213,2654.645519379612
7214,2654.645519379612
7215,2654.645519379612
7216,2654.645519379612
7217,2654.645519379612
7218,2654.645519379612
7219,2654.645519379612
7220,2654.645519379612
7221,2654.645519379612
7222,2654.645519379612
7223,2654.645519379612
7224,2654.645519379612
7225,2654.645519379612
7226,2654.645519379612
7227,2654.645519379612
7228,2654.645519379612
7229,2654.645519379612
7230,2654.645519379612
7231,2654.645519379612
7232,2654.645519379612
7233,2654.645519379612
7234,2654.645519379612
7235,2654.645519379612
7236,2654.645519379612
7237,2654.645519379612
7238,2654.645519379612
7239,2654.645519379612
7240,2654.645519379612
7241,2654.645519379612
7242,2654.645519379612
7243,2654.645519379612
7244,2654.645519379612
7245,2654.645519379612
7246,2654.645519379612
7247,2654.645519379612
7248,2654.645519379612
7249,2654.645519379612
7250,2654.645519379612
7251,2654.645519379612
7252,2654.645519379612
7253,2654.645519379612
7254,2654.645519379612
7255,2654.645519379612
7256,2654.645519379612
7257,2654.645519379612
7258,2654.645519379612
7259,2654.645519379612
7260,2654.645519379612
7261,2654.645519379612
7262,2654.645519379612
7263,2654.645519379612
7264,2654.645519379612
7265,2654.645519379612
7266,2654.645519379612
7267,2654.645519379612
7268,2654.645519379612
7269,2654.645519379612
7270,2654.645519379612
7271,2654.645519379612
7272,2654.645519379612
7273,2654.645519379612
7274,2654.645519379612
7275,2654.645519379612
7276,2654.645519379612
7277,2654.645519379612
7278,2654.645519379612
7279,2654.645519379612
7280,2654.645519379612
7281,2654.645519379612
7282,2654.645519379612
7283,2654.645519379612
7284,2654.645519379612
7285,2654.645519379612
7286,2654.645519379612
7287,2654.645519379612
7288,2654.645519379612
7289,2654.645519379612
7290,2654.645519379612
7291,2654.645519379612
7292,2654.645519379612
7293,2654.645519379612
7294,2654.645519379612
7295,2654.645519379612
7296,2654.645519379612
7297,2654.645519379612
7298,2654.645519379612
7299,2654.645519379612
7300,2654.645519379612
7301,2654.645519379612
7302,2654.645519379612
7303,2654.645519379612
7304,2654.645519379612
7305,2654.645519379612
7306,2654.645519379612
7307,2654.645519379612
7308,2654.645519379612
7309,2654.645519379612
7310,2654.645519379612
7311,2654.645519379612
7312,2654.645519379612
7313,2654.645519379612
7314,2654.645519379612
7315,2654.645519379612
7316,2654.645519379612
7317,2654.645519379612
7318,2654.645519379612
7319,2654.645519379612
7320,2654.645519379612
7321,2654.645519379612
7322,2654.645519379612
7323,2654.645519379612
7324,2654.645519379612
7325,2654.645519379612
7326,2654.645519379612
7327,2654.645519379612
7328,2654.645519379612
7329,2654.645519379612
7330,2654.645519379612
7331,2654.645519379612
7332,2654.645519379612
7333,2654.645519379612
7334,2654.645519379612
7335,2654.645519379612
7336,2654.645519379612
7337,2654.645519379612
7338,2654.645519379612
7339,2654.645519379612
7340,2654.645519379612
7341,2654.645519379612
7342,2654.645519379612
7343,2654.645519379612
7344,2654.645519379612
7345,2654.645519379612
7346,2654.645519379612
7347,2654.645519379612
7348,2654.645519379612
7349,2654.645519379612
7350,2654.645519379612
7351,2654.645519379612
7352,2654.645519379612
7353,2654.645519379612
7354,2654.645519379612
7355,2654.645519379612
7356,2654.645519379612
7357,2654.645519379612
7358,2654.645519379612
7359,2654.645519379612
7360,2654.645519379612
7361,2654.645519379612
7362,2654.645519379612
7363,2654.645519379612
7364,2654.645519379612
7365,2654.645519379612
7366,2654.645519379612
7367,2654.645519379612
7368,2654.645519379612
7369,2654.645519379612
7370,2654.645519379612
7371,2654.645519379612
7372,2654.645519379612
7373,2654.645519379612
7374,2654.645519379612
7375,2654.645519379612
7376,2654.645519379612
7377,2654.645519379612
7378,2654.645519379612
7379,2654.645519379612
7380,2654.645519379612
7381,2654.645519379612
7382,2654.645519379612
7383,2654.645519379612
7384,2654.645519379612
7385,2654.645519379612
7386,2654.645519379612
7387,2654.645519379612
7388,2654.645519379612
7389,2654.645519379612
7390,2654.645519379612
7391,2654.645519379612
7392,2654.645519379612
7393,2654.645519379612
7394,2654.645519379612
7395,2654.645519379612
7396,2654.645519379612
7397,2654.645519379612
7398,2654.645519379612
7399,2654.645519379612
7400,2654.645519379612
7401,2654.645519379612
7402,2654.645519379612
7403,2654.645519379612
7404,2654.645519379612
7405,2654.645519379612
7406,2654.645519379612
7407,2654.645519379612
7408,2654.645519379612
7409,2654.645519379612
7410,2654.645519379612
7411,2654.645519379612
7412,2654.645519379612
7413,2654.645519379612
7414,2654.645519379612
7415,2654.645519379612
7416,2654.645519379612
7417,2654.645519379612
7418,2654.645519379612
7419,2654.645519379612
7420,2654.645519379612
7421,2654.645519379612
7422,2654.645519379612
7423,2654.645519379612
7424,2654.645519379612
7425,2654.645519379612
7426,2654.645519379612
7427,2654.645519379612
7428,2654.645519379612
7429,2654.645519379612
7430,2654.645519379612
7431,2654.645519379612
7432,2654.645519379612
7433,2654.645519379612
7434,2654.645519379612
7435,2654.645519379612
7436,2654.645519379612
7437,2654.645519379612
7438,2654.645519379612
7439,2654.645519379612
7440,2654.645519379612
7441,2654.645519379612
7442,2654.645519379612
7443,2654.645519379612
7444,2654.645519379612
7445,2654.645519379612
7446,2654.645519379612
7447,2654.645519379612
7448,2654.645519379612
7449,2654.645519379612
7450,2654.645519379612
7451,2654.645519379612
7452,2654.645519379612
7453,2654.645519379612
7454,2654.645519379612
7455,2654.645519379612
7456,2654.645519379612
7457,2654.645519379612
7458,2654.645519379612
7459,2654.645519379612
7460,2654.645519379612
7461,2654.645519379612
7462,2654.645519379612
7463,2654.645519379612
7464,2654.645519379612
7465,2654.645519379612
7466,2654.645519379612
7467,2654.645519379612
7468,2654.645519379612
7469,2654.645519379612
7470,2654.645519379612
7471,2654.645519379612
7472,2654.645519379612
7473,2654.645519379612
7474,2654.645519379612
7475,2654.645519379612
7476,2654.645519379612
7477,2654.645519379612
7478,2654.645519379612
7479,2654.645519379612
7480,2654.645519379612
7481,2654.645519379612
7482,2654.645519379612
7483,2654.645519379612
7484,2654.645519379612
7485,2654.645519379612
7486,2654.645519379612
7487,2654.645519379612
7488,2654.645519379612
7489,2654.645519379612
7490,2654.645519379612
7491,2654.645519379612
7492,2654.645519379612
7493,2654.645519379612
7494,2654.645519379612
7495,2654.645519379612
7496,2654.645519379612
7497,2654.645519379612
7498,2654.645519379612
7499,2654.645519379612
7500,2654.645519379612
7501,2654.645519379612
7502,2654.645519379612
7503,2654.645519379612
7504,2654.645519379612
7505,2654.645519379612
7506,2654.645519379612
7507,2654.645519379612
7508,2654.645519379612
7509,2654.645519379612
7510,2654.645519379612
7511,2654.645519379612
7512,2654.645519379612
7513,2654.645519379612
7514,2654.645519379612
7515,2654.645519379612
7516,2654.645519379612
7517,2654.645519379612
7518,2654.645519379612
7519,2654.645519379612
7520,2654.645519379612
7521,2654.645519379612
7522,2654.645519379612
7523,2654.645519379612
7524,2654.645519379612
7525,2654.645519379612
7526,2654.645519379612
7527,2654.645519379612
7528,2654.645519379612
7529,2654.645519379612
7530,2654.645519379612
7531,2654.645519379612
7532,2654.645519379612
7533,2654.645519379612
7534,2654.645519379612
7535,2654.645519379612
7536,2654.645519379612
7537,2654.645519379612
7538,2654.645519379612
7539,2654.645519379612
7540,2654.645519379612
7541,2654.645519379612
7542,2654.645519379612
7543,2654.645519379612
7544,2654.645519379612
7545,2654.645519379612
7546,2654.645519379612
7547,2654.645519379612
7548,2654.645519379612
7549,2654.645519379612
7550,2654.645519379612
7551,2654.645519379612
7552,2654.645519379612
7553,2654.645519379612
7554,2654.645519379612
7555,2654.645519379612
7556,2654.645519379612
7557,2654.645519379612
7558,2654.645519379612
7559,2654.645519379612
7560,2654.645519379612
7561,2654.645519379612
7562,2654.645519379612
7563,2654.645519379612
7564,2654.645519379612
7565,2654.645519379612
7566,2654.645519379612
7567,2654.645519379612
7568,2654.645519379612
7569,2654.645519379612
7570,2654.645519379612
7571,2654.645519379612
7572,2654.645519379612
7573,2654.645519379612
7574,2654.645519379612
7575,2654.645519379612
7576,2654.645519379612
7577,2654.645519379612
7578,2654.645519379612
7579,2654.645519379612
7580,2654.645519379612
7581,2654.645519379612
7582,2654.645519379612
7583,2654.645519379612
7584,2654.645519379612
7585,2654.645519379612
7586,2654.645519379612
7587,2654.645519379612
7588,2654.645519379612
7589,2654.645519379612
7590,2654.645519379612
7591,2654.645519379612
7592,2654.645519379612
7593,2654.645519379612
7594,2654.645519379612
7595,2654.645519379612
7596,2654.645519379612
7597,2654.645519379612
7598,2654.645519379612
7599,2654.645519379612
7600,2654.645519379612
7601,2654.645519379612
7602,2654.645519379612
7603,2654.645519379612
7604,2654.645519379612
7605,2654.645519379612
7606,2654.645519379612
7607,2654.645519379612
7608,2654.645519379612
7609,2654.645519379612
7610,2654.645519379612
7611,2654.645519379612
7612,2654.645519379612
7613,2654.645519379612
7614,2654.645519379612
7615,2654.645519379612
7616,2654.645519379612
7617,2654.645519379612
7618,2654.645519379612
7619,2654.645519379612
7620,2654.645519379612
7621,2654.645519379612
7622,2654.645519379612
7623,2654.645519379612
7624,2654.645519379612
7625,2654.645519379612
7626,2654.645519379612
7627,2654.645519379612
7628,2654.645519379612
7629,2654.645519379612
7630,2654.645519379612
7631,2654.645519379612
7632,2654.645519379612
7633,2654.645519379612
7634,2654.645519379612
7635,2654.645519379612
7636,2654.645519379612
7637,2654.645519379612
7638,2654.645519379612
7639,2654.645519379612
7640,2654.645519379612
7641,2654.645519379612
7642,2654.645519379612
7643,2654.645519379612
7644,2654.645519379612
7645,2654.645519379612
7646,2654.645519379612
7647,2654.645519379612
7648,2654.645519379612
7649,2654.645519379612
7650,2654.645519379612
7651,2654.645519379612
7652,2654.645519379612
7653,2654.645519379612
7654,2654.645519379612
7655,2654.645519379612
7656,2654.645519379612
7657,2654.645519379612
7658,2654.645519379612
7659,2654.645519379612
7660,2654.645519379612
7661,2654.645519379612
7662,2654.645519379612
7663,2654.645519379612
7664,2654.645519379612
7665,2654.645519379612
7666,2654.645519379612
7667,2654.645519379612
7668,2654.645519379612
7669,2654.645519379612
7670,2654.645519379612
7671,2654.645519379612
7672,2654.645519379612
7673,2654.645519379612
7674,2654.645519379612
7675,2654.645519379612
7676,2654.645519379612
7677,2654.645519379612
7678,2654.645519379612
7679,2654.645519379612
7680,2654.645519379612
7681,2654.645519379612
7682,2654.645519379612
7683,2654.645519379612
7684,2654.645519379612
7685,2654.645519379612
7686,2654.645519379612
7687,2654.645519379612
7688,2654.645519379612
7689,2654.645519379612
7690,2654.645519379612
7691,2654.645519379612
7692,2654.645519379612
7693,2654.645519379612
7694,2654.645519379612
7695,2654.645519379612
7696,2654.645519379612
7697,2654.645519379612
7698,2654.645519379612
7699,2654.645519379612
7700,2654.645519379612
7701,2654.645519379612
7702,2654.645519379612
7703,2654.645519379612
7704,2654.645519379612
7705,2654.645519379612
7706,2654.645519379612
7707,2654.645519379612
7708,2654.645519379612
7709,2654.645519379612
7710,2654.645519379612
7711,2654.645519379612
7712,2654.645519379612
7713,2654.645519379612
7714,2654.645519379612
7715,2654.645519379612
7716,2654.645519379612
7717,2654.645519379612
7718,2654.645519379612
7719,2654.645519379612
7720,2654.645519379612
7721,2654.645519379612
7722,2654.645519379612
7723,2654.645519379612
7724,2654.645519379612
7725,2654.645519379612
7726,2654.645519379612
7727,2654.645519379612
7728,2654.645519379612
7729,2654.645519379612
7730,2654.645519379612
7731,2654.645519379612
7732,2654.645519379612
7733,2654.645519379612
7734,2654.645519379612
7735,2654.645519379612
7736,2654.645519379612
7737,2654.645519379612
7738,2654.645519379612
7739,2654.645519379612
7740,2654.645519379612
7741,2654.645519379612
7742,2654.645519379612
7743,2654.645519379612
7744,2654.645519379612
7745,2654.645519379612
7746,2654.645519379612
7747,2654.645519379612
7748,2654.645519379612
7749,2654.645519379612
7750,2654.645519379612
7751,2654.645519379612
7752,2654.645519379612
7753,2654.645519379612
7754,2654.645519379612
7755,2654.645519379612
7756,2654.645519379612
7757,2654.645519379612
7758,2654.645519379612
7759,2654.645519379612
7760,2654.645519379612
7761,2654.645519379612
7762,2654.645519379612
7763,2654.645519379612
7764,2654.645519379612
7765,2654.645519379612
7766,2654.645519379612
7767,2654.645519379612
7768,2654.645519379612
7769,2654.645519379612
7770,2654.645519379612
7771,2654.645519379612
7772,2654.645519379612
7773,2654.645519379612
7774,2654.645519379612
7775,2654.645519379612
7776,2654.645519379612
7777,2654.645519379612
7778,2654.645519379612
7779,2654.645519379612
7780,2654.645519379612
7781,2654.645519379612
7782,2654.645519379612
7783,2654.645519379612
7784,2654.645519379612
7785,2654.645519379612
7786,2654.645519379612
7787,2654.645519379612
7788,2654.645519379612
7789,2654.645519379612
7790,2654.645519379612
7791,2654.645519379612
7792,2654.645519379612
7793,2654.645519379612
7794,2654.645519379612
7795,2654.645519379612
7796,2654.645519379612
7797,2654.645519379612
7798,2654.645519379612
7799,2654.645519379612
7800,2654.645519379612
7801,2654.645519379612
7802,2654.645519379612
7803,2654.645519379612
7804,2654.645519379612
7805,2654.645519379612
7806,2654.645519379612
7807,2654.645519379612
7808,2654.645519379612
7809,2654.645519379612
7810,2654.645519379612
7811,2654.645519379612
7812,2654.645519379612
7813,2654.645519379612
7814,2654.645519379612
7815,2654.645519379612
7816,2654.645519379612
7817,2654.645519379612
7818,2654.645519379612
7819,2654.645519379612
7820,2654.645519379612
7821,2654.645519379612
7822,2654.645519379612
7823,2654.645519379612
7824,2654.645519379612
7825,2654.645519379612
7826,2654.645519379612
7827,2654.645519379612
7828,2654.645519379612
7829,2654.645519379612
7830,2654.645519379612
7831,2654.645519379612
7832,2654.645519379612
7833,2654.645519379612
7834,2654.645519379612
7835,2654.645519379612
7836,2654.645519379612
7837,2654.645519379612
7838,2654.645519379612
7839,2654.645519379612
7840,2654.645519379612
7841,2654.645519379612
7842,2654.645519379612
7843,2654.645519379612
7844,2654.645519379612
7845,2654.645519379612
7846,2654.645519379612
7847,2654.645519379612
7848,2654.645519379612
7849,2654.645519379612
7850,2654.645519379612
7851,2654.645519379612
7852,2654.645519379612
7853,2654.645519379612
7854,2654.645519379612
7855,2654.645519379612
7856,2654.645519379612
7857,2654.645519379612
7858,2654.645519379612
7859,2654.645519379612
7860,2654.645519379612
7861,2654.645519379612
7862,2654.645519379612
7863,2654.645519379612
7864,2654.645519379612
7865,2654.645519379612
7866,2654.645519379612
7867,2654.645519379612
7868,2654.645519379612
7869,2654.645519379612
7870,2654.645519379612
7871,2654.645519379612
7872,2654.645519379612
7873,2654.645519379612
7874,2654.645519379612
7875,2654.645519379612
7876,2654.645519379612
7877,2654.645519379612
7878,2654.645519379612
7879,2654.645519379612
7880,2654.645519379612
7881,2654.645519379612
7882,2654.645519379612
7883,2654.645519379612
7884,2654.645519379612
7885,2654.645519379612
7886,2654.645519379612
7887,2654.645519379612
7888,2654.645519379612
7889,2654.645519379612
7890,2654.645519379612
7891,2654.645519379612
7892,2654.645519379612
7893,2654.645519379612
7894,2654.645519379612
7895,2654.645519379612
7896,2654.645519379612
7897,2654.645519379612
7898,2654.645519379612
7899,2654.645519379612
7900,2654.645519379612
7901,2654.645519379612
7902,2654.645519379612
7903,2654.645519379612
7904,2654.645519379612
7905,2654.645519379612
7906,2654.645519379612
7907,2654.645519379612
7908,2654.645519379612
7909,2654.645519379612
7910,2654.645519379612
7911,2654.645519379612
7912,2654.645519379612
7913,2654.645519379612
7914,2654.645519379612
7915,2654.645519379612
7916,2654.645519379612
7917,2654.645519379612
7918,2654.645519379612
7919,2654.645519379612
7920,2654.645519379612
7921,2654.645519379612
7922,2654.645519379612
7923,2654.645519379612
7924,2654.645519379612
7925,2654.645519379612
7926,2654.645519379612
7927,2654.645519379612
7928,2654.645519379612
7929,2654.645519379612
7930,2654.645519379612
7931,2654.645519379612
7932,2654.645519379612
7933,2654.645519379612
7934,2654.645519379612
7935,2654.645519379612
7936,2654.645519379612
7937,2654.645519379612
7938,2654.645519379612
7939,2654.645519379612
7940,2654.645519379612
7941,2654.645519379612
7942,2654.645519379612
7943,2654.645519379612
7944,2654.645519379612
7945,2654.645519379612
7946,2654.645519379612
7947,2654.645519379612
7948,2654.645519379612
7949,2654.645519379612
7950,2654.645519379612
7951,2654.645519379612
7952,2654.645519379612
7953,2654.645519379612
7954,2654.645519379612
7955,2654.645519379612
7956,2654.645519379612
7957,2654.645519379612
7958,2654.645519379612
7959,2654.645519379612
7960,2654.645519379612
7961,2654.645519379612
7962,2654.645519379612
7963,2654.645519379612
7964,2654.645519379612
7965,2654.645519379612
7966,2654.645519379612
7967,2654.645519379612
7968,2654.645519379612
7969,2654.645519379612
7970,2654.645519379612
7971,2654.645519379612
7972,2654.645519379612
7973,2654.645519379612
7974,2654.645519379612
7975,2654.645519379612
7976,2654.645519379612
7977,2654.645519379612
7978,2654.645519379612
7979,2654.645519379612
7980,2654.645519379612
7981,2654.645519379612
7982,2654.645519379612
7983,2654.645519379612
7984,2654.645519379612
7985,2654.645519379612
7986,2654.645519379612
7987,2654.645519379612
7988,2654.645519379612
7989,2654.645519379612
7990,2654.645519379612
7991,2654.645519379612
7992,2654.645519379612
7993,2654.645519379612
7994,2654.645519379612
7995,2654.645519379612
7996,2654.645519379612
7997,2654.645519379612
7998,2654.645519379612
7999,2654.645519379612
8000,2654.645519379612
8001,2654.645519379612
8002,2654.645519379612
8003,2654.645519379612
8004,2654.645519379612
8005,2654.645519379612
8006,2654.645519379612
8007,2654.645519379612
8008,2654.645519379612
8009,2654.645519379612
8010,2654.645519379612
8011,2654.645519379612
8012,2654.645519379612
8013,2654.645519379612
8014,2654.645519379612
8015,2654.645519379612
8016,2654.645519379612
8017,2654.645519379612
8018,2654.645519379612
8019,2654.645519379612
8020,2654.645519379612
8021,2654.645519379612
8022,2654.645519379612
8023,2654.645519379612
8024,2654.645519379612
8025,2654.645519379612
8026,2654.645519379612
8027,2654.645519379612
8028,2654.645519379612
8029,2654.645519379612
8030,2654.645519379612
8031,2654.645519379612
8032,2654.645519379612
8033,2654.645519379612
8034,2654.645519379612
8035,2654.645519379612
8036,2654.645519379612
8037,2654.645519379612
8038,2654.645519379612
8039,2654.645519379612
8040,2654.645519379612
8041,2654.645519379612
8042,2654.645519379612
8043,2654.645519379612
8044,2654.645519379612
8045,2654.645519379612
8046,2654.645519379612
8047,2654.645519379612
8048,2654.645519379612
8049,2654.645519379612
8050,2654.645519379612
8051,2654.645519379612
8052,2654.645519379612
8053,2654.645519379612
8054,2654.645519379612
8055,2654.645519379612
8056,2654.645519379612
8057,2654.645519379612
8058,2654.645519379612
8059,2654.645519379612
8060,2654.645519379612
8061,2654.645519379612
8062,2654.645519379612
8063,2654.645519379612
8064,2654.645519379612
8065,2654.645519379612
8066,2654.645519379612
8067,2654.645519379612
8068,2654.645519379612
8069,2654.645519379612
8070,2654.645519379612
8071,2654.645519379612
8072,2654.645519379612
8073,2654.645519379612
8074,2654.645519379612
8075,2654.645519379612
8076,2654.645519379612
8077,2654.645519379612
8078,2654.645519379612
8079,2654.645519379612
8080,2654.645519379612
8081,2654.645519379612
8082,2654.645519379612
8083,2654.645519379612
8084,2654.645519379612
8085,2654.645519379612
8086,2654.645519379612
8087,2654.645519379612
8088,2654.645519379612
8089,2654.645519379612
8090,2654.645519379612
8091,2654.645519379612
8092,2654.645519379612
8093,2654.645519379612
8094,2654.645519379612
8095,2654.645519379612
8096,2654.645519379612
8097,2654.645519379612
8098,2654.645519379612
8099,2654.645519379612
8100,2654.645519379612
8101,2654.645519379612
8102,2654.645519379612
8103,2654.645519379612
8104,2654.645519379612
8105,2654.645519379612
8106,2654.645519379612
8107,2654.645519379612
8108,2654.645519379612
8109,2654.645519379612
8110,2654.645519379612
8111,2654.645519379612
8112,2654.645519379612
8113,2654.645519379612
8114,2654.645519379612
8115,2654.645519379612
8116,2654.645519379612
8117,2654.645519379612
8118,2654.645519379612
8119,2654.645519379612
8120,2654.645519379612
8121,2654.645519379612
8122,2654.645519379612
8123,2654.645519379612
8124,2654.645519379612
8125,2654.645519379612
8126,2654.645519379612
8127,2654.645519379612
8128,2654.645519379612
8129,2654.645519379612
8130,2654.645519379612
8131,2654.645519379612
8132,2654.645519379612
8133,2654.645519379612
8134,2654.645519379612
8135,2654.645519379612
8136,2654.645519379612
8137,2654.645519379612
8138,2654.645519379612
8139,2654.645519379612
8140,2654.645519379612
8141,2654.645519379612
8142,2654.645519379612
8143,2654.645519379612
8144,2654.645519379612
8145,2654.645519379612
8146,2654.645519379612
8147,2654.645519379612
8148,2654.645519379612
8149,2654.645519379612
8150,2654.645519379612
8151,2654.645519379612
8152,2654.645519379612
8153,2654.645519379612
8154,2654.645519379612
8155,2654.645519379612
8156,2654.645519379612
8157,2654.645519379612
8158,2654.645519379612
8159,2654.645519379612
8160,2654.645519379612
8161,2654.645519379612
8162,2654.645519379612
8163,2654.645519379612
8164,2654.645519379612
8165,2654.645519379612
8166,2654.645519379612
8167,2654.645519379612
8168,2654.645519379612
8169,2654.645519379612
8170,2654.645519379612
8171,2654.645519379612
8172,2654.645519379612
8173,2654.645519379612
8174,2654.645519379612
8175,2654.645519379612
8176,2654.645519379612
8177,2654.645519379612
8178,2654.645519379612
8179,2654.645519379612
8180,2654.645519379612
8181,2654.645519379612
8182,2654.645519379612
8183,2654.645519379612
8184,2654.645519379612
8185,2654.645519379612
8186,2654.645519379612
8187,2654.645519379612
8188,2654.645519379612
8189,2654.645519379612
8190,2654.645519379612
8191,2654.645519379612
8192,2654.645519379612
8193,2654.645519379612
8194,2654.645519379612
8195,2654.645519379612
8196,2654.645519379612
8197,2654.645519379612
8198,2654.645519379612
8199,2654.645519379612
8200,2654.645519379612
8201,2654.645519379612
8202,2654.645519379612
8203,2654.645519379612
8204,2654.645519379612
8205,2654.645519379612
8206,2654.645519379612
8207,2654.645519379612
8208,2654.645519379612
8209,2654.645519379612
8210,2654.645519379612
8211,2654.645519379612
8212,2654.645519379612
8213,2654.645519379612
8214,2654.645519379612
8215,2654.645519379612
8216,2654.645519379612
8217,2654.645519379612
8218,2654.645519379612
8219,2654.645519379612
8220,2654.645519379612
8221,2654.645519379612
8222,2654.645519379612
8223,2654.645519379612
8224,2654.645519379612
8225,2654.645519379612
8226,2654.645519379612
8227,2654.645519379612
8228,2654.645519379612
8229,2654.645519379612
8230,2654.645519379612
8231,2654.645519379612
8232,2654.645519379612
8233,2654.645519379612
8234,2654.645519379612
8235,2654.645519379612
8236,2654.645519379612
8237,2654.645519379612
8238,2654.645519379612
8239,2654.645519379612
8240,2654.645519379612
8241,2654.645519379612
8242,2654.645519379612
8243,2654.645519379612
8244,2654.645519379612
8245,2654.645519379612
8246,2654.645519379612
8247,2654.645519379612
8248,2654.645519379612
8249,2654.645519379612
8250,2654.645519379612
8251,2654.645519379612
8252,2654.645519379612
8253,2654.645519379612
8254,2654.645519379612
8255,2654.645519379612
8256,2654.645519379612
8257,2654.645519379612
8258,2654.645519379612
8259,2654.645519379612
8260,2654.645519379612
8261,2654.645519379612
8262,2654.645519379612
8263,2654.645519379612
8264,2654.645519379612
8265,2654.645519379612
8266,2654.645519379612
8267,2654.645519379612
8268,2654.645519379612
8269,2654.645519379612
8270,2654.645519379612
8271,2654.645519379612
8272,2654.645519379612
8273,2654.645519379612
8274,2654.645519379612
8275,2654.645519379612
8276,2654.645519379612
8277,2654.645519379612
8278,2654.645519379612
8279,2654.645519379612
8280,2654.645519379612
8281,2654.645519379612
8282,2654.645519379612
8283,2654.645519379612
8284,2654.645519379612
8285,2654.645519379612
8286,2654.645519379612
8287,2654.645519379612
8288,2654.645519379612
8289,2654.645519379612
8290,2654.645519379612
8291,2654.645519379612
8292,2654.645519379612
8293,2654.645519379612
8294,2654.645519379612
8295,2654.645519379612
8296,2654.645519379612
8297,2654.645519379612
8298,2654.645519379612
8299,2654.645519379612
8300,2654.645519379612
8301,2654.645519379612
8302,2639.531361298006
8303,2639.531361298006
8304,2639.531361298006
8305,2639.531361298006
8306,2613.1442501836273
8307,2613.1442501836273
8308,2613.1442501836273
8309,2613.1442501836273
8310,2613.1442501836273
8311,2613.1442501836273
8312,2613.1442501836273
8313,2613.1442501836273
8314,2613.1442501836273
8315,2613.1442501836273
8316,2613.1442501836273
8317,2613.1442501836273
8318,2613.1442501836273
8319,2613.1442501836273
8320,2613.1442501836273
8321,2613.1442501836273
8322,2613.1442501836273
8323,2613.1442501836273
8324,2613.1442501836273
8325,2613.1442501836273
8326,2613.1442501836273
8327,2613.1442501836273
8328,2613.1442501836273
8329,2583.6934366211253
8330,2583.6934366211253
8331,2583.6934366211253
8332,2583.6934366211253
8333,2583.6934366211253
8334,2583.6934366211253
8335,2583.6934366211253
8336,2583.6934366211253
8337,2583.6934366211253
8338,2583.6934366211253
8339,2583.6934366211253
8340,2583.6934366211253
8341,2583.6934366211253
8342,2583.6934366211253
8343,2583.6934366211253
8344,2583.6934366211253
8345,2583.6934366211253
8346,2583.6934366211253
8347,2581.7951220704067
8348,2581.7951220704067
8349,2581.7951220704067
8350,2581.7951220704067
8351,2574.691465694858
8352,2574.691465694858
8353,2574.691465694858
8354,2574.691465694858
8355,2574.691465694858
8356,2574.691465694858
8357,2574.691465694858
8358,2574.691465694858
8359,2574.691465694858
8360,2574.691465694858
8361,2574.691465694858
8362,2574.691465694858
8363,2574.691465694858
8364,2574.691465694858
8365,2574.691465694858
8366,2574.691465694858
8367,2574.691465694858
8368,2574.691465694858
8369,2574.691465694858
8370,2574.691465694858
8371,2542.0806412066995
8372,2542.0806412066995
8373,2542.0806412066995
8374,2542.0806412066995
8375,2542.0806412066995
8376,2542.0806412066995
8377,2542.0806412066995
8378,2542.0806412066995
8379,2542.0806412066995
8380,2542.0806412066995
8381,2542.0806412066995
8382,2542.0806412066995
8383,2542.0806412066995
8384,2542.0806412066995
8385,2540.762420163367
8386,2540.762420163367
8387,2540.762420163367
8388,2540.762420163367
8389,2540.762420163367
8390,2540.762420163367
8391,2540.762420163367
8392,2540.762420163367
8393,2540.762420163367
8394,2540.762420163367
8395,2540.762420163367
8396,2540.762420163367
8397,2540.762420163367
8398,2533.9345116825816
8399,2533.9345116825816
8400,2533.9345116825816
8401,2533.9345116825816
8402,2533.9345116825816
8403,2533.9345116825816
8404,2533.9345116825816
8405,2533.9345116825816
8406,2533.9345116825816
8407,2533.9345116825816
8408,2533.9345116825816
8409,2533.9345116825816
8410,2533.9345116825816
8411,2533.9345116825816
8412,2533.9345116825816
8413,2533.9345116825816
8414,2533.9345116825816
8415,2533.9345116825816
8416,2533.9345116825816
8417,2533.9345116825816
8418,2533.9345116825816
8419,2533.9345116825816
8420,2533.9345116825816
8421,2533.9345116825816
8422,2533.9345116825816
8423,2533.9345116825816
8424,2533.9345116825816
8425,2533.9345116825816
8426,2533.9345116825816
8427,2533.9345116825816
8428,2533.9345116825816
8429,2533.9345116825816
8430,2533.9345116825816
8431,2533.9345116825816
8432,2533.9345116825816
8433,2533.9345116825816
8434,2533.9345116825816
8435,2533.9324577679563
8436,2533.9324577679563
8437,2533.9324577679563
8438,2533.9324577679563
8439,2533.9324577679563
8440,2533.9324577679563
8441,2516.59079370383
8442,2516.59079370383
8443,2516.59079370383
8444,2516.59079370383
8445,2516.59079370383
8446,2516.59079370383
8447,2516.59079370383
8448,2480.122642459209
8449,2480.122642459209
8450,2480.122642459209
8451,2480.122642459209
8452,2480.122642459209
8453,2480.122642459209
8454,2480.122642459209
8455,2480.122642459209
8456,2480.122642459209
8457,2480.122642459209
8458,2480.122642459209
8459,2480.122642459209
8460,2480.122642459209
8461,2480.122642459209
8462,2480.122642459209
8463,2480.122642459209
8464,2480.122642459209
8465,2480.122642459209
8466,2480.122642459209
8467,2469.21584689858
8468,2469.21584689858
8469,2469.21584689858
8470,2469.21584689858
8471,2469.21584689858
8472,2469.21584689858
8473,2469.21584689858
8474,2469.21584689858
8475,2469.21584689858
8476,2469.21584689858
8477,2469.21584689858
8478,2469.21584689858
8479,2469.21584689858
8480,2469.21584689858
8481,2469.21584689858
8482,2469.21584689858
8483,2469.21584689858
8484,2469.21584689858
8485,2469.21584689858
8486,2469.21584689858
8487,2469.21584689858
8488,2469.21584689858
8489,2469.21584689858
8490,2469.21584689858
8491,2469.21584689858
8492,2469.21584689858
8493,2469.21584689858
8494,2469.21584689858
8495,2469.21584689858
8496,2469.21584689858
8497,2469.21584689858
8498,2469.21584689858
8499,2469.21584689858
8500,2469.21584689858
8501,2469.21584689858
8502,2469.21584689858
8503,2469.21584689858
8504,2469.21584689858
8505,2469.21584689858
8506,2469.21584689858
8507,2469.21584689858
8508,2469.21584689858
8509,2469.21584689858
8510,2469.21584689858
8511,2469.21584689858
8512,2469.21584689858
8513,2469.21584689858
8514,2469.21584689858
8515,2469.21584689858
8516,2469.21584689858
8517,2469.21584689858
8518,2469.21584689858
8519,2469.21584689858
8520,2469.21584689858
8521,2469.21584689858
8522,2469.21584689858
8523,2469.21584689858
8524,2469.21584689858
8525,2469.21584689858
8526,2469.21584689858
8527,2469.21584689858
8528,2469.21584689858
8529,2469.21584689858
8530,2469.21584689858
8531,2469.21584689858
8532,2469.21584689858
8533,2469.21584689858
8534,2469.21584689858
8535,2469.21584689858
8536,2469.21584689858
8537,2469.21584689858
8538,2469.21584689858
8539,2469.21584689858
8540,2469.21584689858
8541,2469.21584689858
8542,2469.21584689858
8543,2469.21584689858
8544,2469.21584689858
8545,2469.21584689858
8546,2469.21584689858
8547,2465.5277737760016
8548,2456.7800669297353
8549,2456.7800669297353
8550,2456.7800669297353
8551,2456.7800669297353
8552,2456.7800669297353
8553,2456.7800669297353
8554,2456.7800669297353
8555,2456.7800669297353
8556,2456.7800669297353
8557,2456.7800669297353
8558,2456.7800669297353
8559,2456.7800669297353
8560,2456.7800669297353
8561,2456.7800669297353
8562,2456.7800669297353
8563,2456.7800669297353
8564,2456.7800669297353
8565,2456.7800669297353
8566,2456.7800669297353
8567,2456.7800669297353
8568,2456.7800669297353
8569,2456.7800669297353
8570,2456.7800669297353
8571,2456.7800669297353
8572,2456.7800669297353
8573,2456.7800669297353
8574,2456.7800669297353
8575,2456.7800669297353
8576,2456.7800669297353
8577,2456.7800669297353
8578,2456.7800669297353
8579,2456.7800669297353
8580,2456.7800669297353
8581,2456.7800669297353
8582,2456.7800669297353
8583,2456.7800669297353
8584,2456.7800669297353
8585,2456.7800669297353
8586,2456.7800669297353
8587,2456.7800669297353
8588,2456.7800669297353
8589,2456.7800669297353
8590,2456.7800669297353
8591,2456.7800669297353
8592,2456.7800669297353
8593,2456.7800669297353
8594,2456.7800669297353
8595,2456.7800669297353
8596,2456.7800669297353
8597,2456.7800669297353
8598,2456.7800669297353
8599,2456.7800669297353
8600,2456.7800669297353
8601,2456.7800669297353
8602,2456.7800669297353
8603,2456.7800669297353
8604,2456.7800669297353
8605,2456.7800669297353
8606,2456.7800669297353
8607,2456.7800669297353
8608,2456.7800669297353
8609,2445.5486906058786
8610,2445.5486906058786
8611,2445.5486906058786
8612,2445.5486906058786
8613,2445.5486906058786
8614,2445.5486906058786
8615,2445.5486906058786
8616,2445.5486906058786
8617,2445.5486906058786
8618,2445.5486906058786
8619,2445.5486906058786
8620,2445.5486906058786
8621,2445.5486906058786
8622,2445.5486906058786
8623,2445.5486906058786
8624,2445.5486906058786
8625,2445.5486906058786
8626,2445.5486906058786
8627,2445.5486906058786
8628,2445.5486906058786
8629,2445.5486906058786
8630,2445.5486906058786
8631,2445.5486906058786
8632,2445.5486906058786
8633,2445.5486906058786
8634,2445.5486906058786
8635,2445.5486906058786
8636,2445.5486906058786
8637,2420.075988713538
8638,2420.075988713538
8639,2420.075988713538
8640,2420.075988713538
8641,2420.075988713538
8642,2420.075988713538
8643,2420.075988713538
8644,2420.075988713538
8645,2419.390623151361
8646,2419.390623151361
8647,2419.390623151361
8648,2419.390623151361
8649,2419.390623151361
8650,2419.390623151361
8651,2419.390623151361
8652,2419.390623151361
8653,2419.390623151361
8654,2419.390623151361
8655,2419.390623151361
8656,2419.390623151361
8657,2419.390623151361
8658,2419.390623151361
8659,2419.390623151361
8660,2419.390623151361
8661,2419.390623151361
8662,2419.390623151361
8663,2419.390623151361
8664,2419.390623151361
8665,2419.390623151361
8666,2419.390623151361
8667,2419.390623151361
8668,2419.390623151361
8669,2419.390623151361
8670,2419.390623151361
8671,2419.390623151361
8672,2419.390623151361
8673,2419.390623151361
8674,2419.390623151361
8675,2419.390623151361
8676,2419.390623151361
8677,2419.390623151361
8678,2419.390623151361
8679,2419.390623151361
8680,2419.390623151361
8681,2419.390623151361
8682,2419.390623151361
8683,2419.390623151361
8684,2419.390623151361
8685,2419.390623151361
8686,2419.390623151361
8687,2419.390623151361
8688,2419.390623151361
8689,2419.390623151361
8690,2419.390623151361
8691,2419.390623151361
8692,2419.390623151361
8693,2419.390623151361
8694,2419.390623151361
8695,2419.390623151361
8696,2419.390623151361
8697,2419.390623151361
8698,2419.390623151361
8699,2419.390623151361
8700,2419.390623151361
8701,2419.390623151361
8702,2419.390623151361
8703,2419.390623151361
8704,2419.390623151361
8705,2419.390623151361
8706,2419.390623151361
8707,2419.390623151361
8708,2419.390623151361
8709,2419.390623151361
8710,2419.390623151361
8711,2419.390623151361
8712,2419.390623151361
8713,2419.390623151361
8714,2419.390623151361
8715,2419.390623151361
8716,2419.390623151361
8717,2419.390623151361
8718,2419.390623151361
8719,2419.390623151361
8720,2419.390623151361
8721,2419.390623151361
8722,2419.390623151361
8723,2419.390623151361
8724,2419.390623151361
8725,2419.390623151361
8726,2419.390623151361
8727,2419.390623151361
8728,2419.390623151361
8729,2419.390623151361
8730,2419.390623151361
8731,2419.390623151361
8732,2419.390623151361
8733,2419.390623151361
8734,2419.390623151361
8735,2419.390623151361
8736,2419.390623151361
8737,2419.390623151361
8738,2419.390623151361
8739,2419.390623151361
8740,2419.390623151361
8741,2419.390623151361
8742,2419.390623151361
8743,2419.390623151361
8744,2419.390623151361
8745,2419.390623151361
8746,2419.390623151361
8747,2419.390623151361
8748,2419.390623151361
8749,2419.390623151361
8750,2419.390623151361
8751,2419.390623151361
8752,2419.390623151361
8753,2419.390623151361
8754,2419.390623151361
8755,2419.390623151361
8756,2419.390623151361
8757,2419.390623151361
8758,2419.390623151361
8759,2419.390623151361
8760,2419.390623151361
8761,2419.390623151361
8762,2419.390623151361
8763,2419.390623151361
8764,2419.390623151361
8765,2419.390623151361
8766,2419.390623151361
8767,2419.390623151361
8768,2419.390623151361
8769,2419.390623151361
8770,2419.390623151361
8771,2419.390623151361
8772,2419.390623151361
8773,2419.390623151361
8774,2419.390623151361
8775,2419.390623151361
8776,2419.390623151361
8777,2419.390623151361
8778,2419.390623151361
8779,2419.390623151361
8780,2419.390623151361
8781,2419.390623151361
8782,2419.390623151361
8783,2419.390623151361
8784,2419.390623151361
8785,2419.390623151361
8786,2419.390623151361
8787,2419.390623151361
8788,2419.390623151361
8789,2419.390623151361
8790,2419.390623151361
8791,2419.390623151361
8792,2419.390623151361
8793,2419.390623151361
8794,2419.390623151361
8795,2419.390623151361
8796,2419.390623151361
8797,2419.390623151361
8798,2419.390623151361
8799,2419.390623151361
8800,2419.390623151361
8801,2419.390623151361
8802,2419.390623151361
8803,2419.390623151361
8804,2419.390623151361
8805,2419.390623151361
8806,2419.390623151361
8807,2419.390623151361
8808,2419.390623151361
8809,2419.390623151361
8810,2419.390623151361
8811,2419.390623151361
8812,2419.390623151361
8813,2419.390623151361
8814,2419.390623151361
8815,2419.390623151361
8816,2419.390623151361
8817,2419.390623151361
8818,2419.390623151361
8819,2419.390623151361
8820,2419.390623151361
8821,2419.390623151361
8822,2419.390623151361
8823,2419.390623151361
8824,2419.390623151361
8825,2419.390623151361
8826,2419.390623151361
8827,2419.390623151361
8828,2419.390623151361
8829,2419.390623151361
8830,2419.390623151361
8831,2419.390623151361
8832,2419.390623151361
8833,2419.390623151361
8834,2419.390623151361
8835,2419.390623151361
8836,2419.390623151361
8837,2419.390623151361
8838,2419.390623151361
8839,2419.390623151361
8840,2419.390623151361
8841,2419.390623151361
8842,2419.390623151361
8843,2419.390623151361
8844,2419.390623151361
8845,2419.390623151361
8846,2419.390623151361
8847,2419.390623151361
8848,2419.390623151361
8849,2419.390623151361
8850,2419.390623151361
8851,2419.390623151361
8852,2419.390623151361
8853,2419.390623151361
8854,2419.390623151361
8855,2419.390623151361
8856,2419.390623151361
8857,2419.390623151361
8858,2419.390623151361
8859,2419.390623151361
8860,2419.390623151361
8861,2419.390623151361
8862,2419.390623151361
8863,2419.390623151361
8864,2419.390623151361
8865,2419.390623151361
8866,2419.390623151361
8867,2419.390623151361
8868,2419.390623151361
8869,2419.390623151361
8870,2419.390623151361
8871,2419.390623151361
8872,2419.390623151361
8873,2419.390623151361
8874,2419.390623151361
8875,2419.390623151361
8876,2419.390623151361
8877,2419.390623151361
8878,2419.390623151361
8879,2419.390623151361
8880,2419.390623151361
8881,2419.390623151361
8882,2419.390623151361
8883,2419.390623151361
8884,2419.390623151361
8885,2419.390623151361
8886,2419.390623151361
8887,2419.390623151361
8888,2419.390623151361
8889,2419.390623151361
8890,2419.390623151361
8891,2419.390623151361
8892,2419.390623151361
8893,2419.390623151361
8894,2419.390623151361
8895,2419.390623151361
8896,2419.390623151361
8897,2419.390623151361
8898,2419.390623151361
8899,2419.390623151361
8900,2419.390623151361
8901,2419.390623151361
8902,2419.390623151361
8903,2419.390623151361
8904,2419.390623151361
8905,2419.390623151361
8906,2419.390623151361
8907,2419.390623151361
8908,2419.390623151361
8909,2419.390623151361
8910,2419.390623151361
8911,2412.1126627245962
8912,2412.1126627245962
8913,2412.1126627245962
8914,2412.1126627245962
8915,2412.1126627245962
8916,2412.1126627245962
8917,2412.1126627245962
8918,2412.1126627245962
8919,2412.1126627245962
8920,2412.1126627245962
8921,2412.1126627245962
8922,2412.1126627245962
8923,2412.1126627245962
8924,2412.1126627245962
8925,2412.1126627245962
8926,2412.1126627245962
8927,2388.3303316033075
8928,2388.3303316033075
8929,2388.3303316033075
8930,2388.3303316033075
8931,2388.3303316033075
8932,2388.3303316033075
8933,2388.3303316033075
8934,2388.3303316033075
8935,2388.3303316033075
8936,2388.3303316033075
8937,2388.3303316033075
8938,2388.3303316033075
8939,2388.3303316033075
8940,2388.3303316033075
8941,2388.3303316033075
8942,2388.3303316033075
8943,2388.3303316033075
8944,2388.3303316033075
8945,2388.3303316033075
8946,2388.3303316033075
8947,2388.3303316033075
8948,2388.3303316033075
8949,2388.3303316033075
8950,2388.3303316033075
8951,2388.3303316033075
8952,2388.3303316033075
8953,2388.3303316033075
8954,2388.3303316033075
8955,2388.3303316033075
8956,2384.5516672526674
8957,2384.5516672526674
8958,2384.5516672526674
8959,2384.5516672526674
8960,2369.84474124576
8961,2369.84474124576
8962,2369.84474124576
8963,2369.84474124576
8964,2343.7903172391752
8965,2343.7903172391752
8966,2343.7903172391752
8967,2343.7903172391752
8968,2343.7903172391752
8969,2343.7903172391752
8970,2343.7903172391752
8971,2343.7903172391752
8972,2343.7903172391752
8973,2343.7903172391752
8974,2343.7903172391752
8975,2343.7903172391752
8976,2343.7903172391752
8977,2343.7903172391752
8978,2343.7903172391752
8979,2343.7903172391752
8980,2343.7903172391752
8981,2343.7903172391752
8982,2343.7903172391752
8983,2343.7903172391752
8984,2343.7903172391752
8985,2343.7903172391752
8986,2343.7903172391752
8987,2343.7903172391752
8988,2343.7903172391752
8989,2343.7903172391752
8990,2343.7903172391752
8991,2343.7903172391752
8992,2343.7903172391752
8993,2343.7903172391752
8994,2339.1850128134984
8995,2339.1850128134984
8996,2339.1850128134984
8997,2339.1850128134984
8998,2339.1850128134984
8999,2339.1850128134984
9000,2339.1850128134984
9001,2339.1850128134984
9002,2335.195886383388
9003,2335.195886383388
9004,2318.2519985329454
9005,2296.629352833108
9006,2228.1096791057585
9007,2228.1096791057585
9008,2228.1096791057585
9009,2228.1096791057585
9010,2228.1096791057585
9011,2228.1096791057585
9012,2228.1096791057585
9013,2228.1096791057585
9014,2228.1096791057585
9015,2228.1096791057585
9016,2228.1096791057585
9017,2215.5535315761035
9018,2215.5535315761035
9019,2215.5535315761035
9020,2207.3351279999843
9021,2207.3351279999843
9022,2207.3351279999843
9023,2207.3351279999843
9024,2207.3351279999843
9025,2207.3351279999843
9026,2207.3351279999843
9027,2207.3351279999843
9028,2207.3351279999843
9029,2207.3351279999843
9030,2207.3351279999843
9031,2207.3351279999843
9032,2207.3351279999843
9033,2207.3351279999843
9034,2207.3351279999843
9035,2207.3351279999843
9036,2207.3351279999843
9037,2207.3351279999843
9038,2205.835107050152
9039,2205.835107050152
9040,2205.835107050152
9041,2205.835107050152
9042,2205.835107050152
9043,2205.835107050152
9044,2205.835107050152
9045,2205.835107050152
9046,2205.835107050152
9047,2205.835107050152
9048,2205.835107050152
9049,2205.835107050152
9050,2205.835107050152
9051,2205.835107050152
9052,2197.9402378871605
9053,2197.9402378871605
9054,2197.9402378871605
9055,2197.9402378871605
9056,2197.9402378871605
9057,2197.9402378871605
9058,2197.9402378871605
9059,2197.9402378871605
9060,2197.9402378871605
9061,2197.9402378871605
9062,2197.9402378871605
9063,2197.9402378871605
9064,2197.9402378871605
9065,2197.9402378871605
9066,2197.9402378871605
9067,2197.9402378871605
9068,2197.9402378871605
9069,2197.9402378871605
9070,2197.9402378871605
9071,2197.9402378871605
9072,2197.9402378871605
9073,2197.9402378871605
9074,2197.9402378871605
9075,2197.9402378871605
9076,2197.9402378871605
9077,2197.9402378871605
9078,2197.9402378871605
9079,2197.9402378871605
9080,2197.9402378871605
9081,2197.9402378871605
9082,2197.9402378871605
9083,2197.9402378871605
9084,2197.9402378871605
9085,2197.9402378871605
9086,2197.9402378871605
9087,2197.9402378871605
9088,2197.9402378871605
9089,2197.9402378871605
9090,2197.9402378871605
9091,2197.9402378871605
9092,2197.9402378871605
9093,2197.9402378871605
9094,2197.9402378871605
9095,2197.9402378871605
9096,2197.9402378871605
9097,2197.9402378871605
9098,2197.9402378871605
9099,2197.9402378871605
9100,2197.9402378871605
9101,2197.9402378871605
9102,2197.9402378871605
9103,2197.9402378871605
9104,2197.9402378871605
9105,2197.9402378871605
9106,2197.9402378871605
9107,2197.9402378871605
9108,2197.9402378871605
9109,2197.9402378871605
9110,2197.9402378871605
9111,2197.9402378871605
9112,2197.9402378871605
9113,2197.9402378871605
9114,2197.9402378871605
9115,2197.9402378871605
9116,2197.9402378871605
9117,2197.9402378871605
9118,2197.9402378871605
9119,2197.9402378871605
9120,2197.9402378871605
9121,2197.9402378871605
9122,2197.9402378871605
9123,2197.9402378871605
9124,2197.9402378871605
9125,2197.9402378871605
9126,2197.9402378871605
9127,2197.9402378871605
9128,2197.9402378871605
9129,2197.9402378871605
9130,2197.9402378871605
9131,2197.9402378871605
9132,2197.9402378871605
9133,2197.9402378871605
9134,2197.9402378871605
9135,2197.9402378871605
9136,2197.9402378871605
9137,2197.9402378871605
9138,2197.9402378871605
9139,2197.9402378871605
9140,2197.9402378871605
9141,2197.9402378871605
9142,2197.9402378871605
9143,2197.9402378871605
9144,2197.9402378871605
9145,2197.9402378871605
9146,2197.9402378871605
9147,2197.9402378871605
9148,2197.9402378871605
9149,2197.9402378871605
9150,2197.9402378871605
9151,2197.9402378871605
9152,2197.9402378871605
9153,2197.9402378871605
9154,2197.9402378871605
9155,2197.9402378871605
9156,2197.9402378871605
9157,2197.9402378871605
9158,2197.9402378871605
9159,2197.9402378871605
9160,2197.9402378871605
9161,2197.9402378871605
9162,2197.9402378871605
9163,2197.9402378871605
9164,2197.9402378871605
9165,2197.9402378871605
9166,2197.9402378871605
9167,2197.9402378871605
9168,2197.9402378871605
9169,2197.9402378871605
9170,2192.310697973692
9171,2192.310697973692
9172,2192.310697973692
9173,2192.310697973692
9174,2192.310697973692
9175,2192.310697973692
9176,2192.310697973692
9177,2192.310697973692
9178,2192.310697973692
9179,2192.310697973692
9180,2192.310697973692
9181,2192.310697973692
9182,2192.310697973692
9183,2192.310697973692
9184,2192.310697973692
9185,2192.310697973692
9186,2192.310697973692
9187,2192.310697973692
9188,2192.310697973692
9189,2192.310697973692
9190,2192.310697973692
9191,2192.310697973692
9192,2192.310697973692
9193,2192.310697973692
9194,2192.310697973692
9195,2192.310697973692
9196,2192.310697973692
9197,2192.310697973692
9198,2192.310697973692
9199,2192.310697973692
9200,2192.310697973692
9201,2192.310697973692
9202,2192.310697973692
9203,2192.310697973692
9204,2192.310697973692
9205,2192.310697973692
9206,2192.310697973692
9207,2192.310697973692
9208,2192.310697973692
9209,2192.310697973692
9210,2192.310697973692
9211,2192.310697973692
9212,2192.310697973692
9213,2192.310697973692
9214,2192.310697973692
9215,2192.310697973692
9216,2192.310697973692
9217,2192.310697973692
9218,2192.310697973692
9219,2192.310697973692
9220,2192.310697973692
9221,2192.310697973692
9222,2192.310697973692
9223,2192.310697973692
9224,2192.310697973692
9225,2192.310697973692
9226,2192.310697973692
9227,2192.310697973692
9228,2192.310697973692
9229,2192.310697973692
9230,2192.310697973692
9231,2192.310697973692
9232,2192.310697973692
9233,2192.310697973692
9234,2192.310697973692
9235,2192.310697973692
9236,2192.310697973692
9237,2192.310697973692
9238,2192.310697973692
9239,2192.310697973692
9240,2192.310697973692
9241,2192.310697973692
9242,2192.310697973692
9243,2192.310697973692
9244,2192.310697973692
9245,2192.310697973692
9246,2192.310697973692
9247,2192.310697973692
9248,2192.310697973692
9249,2192.310697973692
9250,2192.310697973692
9251,2192.310697973692
9252,2192.310697973692
9253,2192.310697973692
9254,2192.310697973692
9255,2192.310697973692
9256,2192.310697973692
9257,2192.310697973692
9258,2192.310697973692
9259,2192.310697973692
9260,2192.310697973692
9261,2192.310697973692
9262,2192.310697973692
9263,2192.310697973692
9264,2192.310697973692
9265,2192.310697973692
9266,2192.310697973692
9267,2192.310697973692
9268,2192.310697973692
9269,2192.310697973692
9270,2192.310697973692
9271,2192.310697973692
9272,2192.310697973692
9273,2192.310697973692
9274,2192.310697973692
9275,2192.310697973692
9276,2192.310697973692
9277,2192.310697973692
9278,2192.310697973692
9279,2192.310697973692
9280,2192.310697973692
9281,2192.310697973692
9282,2192.310697973692
9283,2192.310697973692
9284,2192.310697973692
9285,2192.310697973692
9286,2192.310697973692
9287,2192.310697973692
9288,2192.310697973692
9289,2192.310697973692
9290,2192.310697973692
9291,2192.310697973692
9292,2192.310697973692
9293,2192.310697973692
9294,2192.310697973692
9295,2192.310697973692
9296,2192.310697973692
9297,2192.310697973692
9298,2192.310697973692
9299,2192.310697973692
9300,2192.310697973692
9301,2192.310697973692
9302,2192.310697973692
9303,2192.310697973692
9304,2192.310697973692
9305,2192.310697973692
9306,2192.310697973692
9307,2192.310697973692
9308,2192.310697973692
9309,2192.310697973692
9310,2192.310697973692
9311,2192.310697973692
9312,2192.310697973692
9313,2192.310697973692
9314,2192.310697973692
9315,2192.310697973692
9316,2192.310697973692
9317,2192.310697973692
9318,2192.310697973692
9319,2192.310697973692
9320,2192.310697973692
9321,2192.310697973692
9322,2192.310697973692
9323,2192.310697973692
9324,2192.310697973692
9325,2192.310697973692
9326,2192.310697973692
9327,2192.310697973692
9328,2192.310697973692
9329,2192.310697973692
9330,2192.310697973692
9331,2192.310697973692
9332,2192.310697973692
9333,2192.310697973692
9334,2192.310697973692
9335,2192.310697973692
9336,2192.310697973692
9337,2192.310697973692
9338,2192.310697973692
9339,2192.310697973692
9340,2192.310697973692
9341,2192.310697973692
9342,2192.310697973692
9343,2192.310697973692
9344,2192.310697973692
9345,2192.310697973692
9346,2192.310697973692
9347,2192.310697973692
9348,2192.310697973692
9349,2192.310697973692
9350,2192.310697973692
9351,2192.310697973692
9352,2192.310697973692
9353,2192.310697973692
9354,2192.310697973692
9355,2192.310697973692
9356,2192.310697973692
9357,2192.310697973692
9358,2192.310697973692
9359,2192.310697973692
9360,2192.310697973692
9361,2192.310697973692
9362,2192.310697973692
9363,2192.310697973692
9364,2192.310697973692
9365,2192.310697973692
9366,2192.310697973692
9367,2192.310697973692
9368,2192.310697973692
9369,2192.310697973692
9370,2192.310697973692
9371,2192.310697973692
9372,2192.310697973692
9373,2192.310697973692
9374,2192.310697973692
9375,2192.310697973692
9376,2192.310697973692
9377,2192.310697973692
9378,2192.310697973692
9379,2192.310697973692
9380,2192.310697973692
9381,2192.310697973692
9382,2192.310697973692
9383,2192.310697973692
9384,2192.310697973692
9385,2192.310697973692
9386,2192.310697973692
9387,2192.310697973692
9388,2192.310697973692
9389,2192.310697973692
9390,2192.310697973692
9391,2192.310697973692
9392,2192.310697973692
9393,2192.310697973692
9394,2192.310697973692
9395,2192.310697973692
9396,2192.310697973692
9397,2192.310697973692
9398,2192.310697973692
9399,2192.310697973692
9400,2192.310697973692
9401,2192.310697973692
9402,2192.310697973692
9403,2192.310697973692
9404,2192.310697973692
9405,2192.310697973692
9406,2192.310697973692
9407,2192.310697973692
9408,2192.310697973692
9409,2192.310697973692
9410,2192.310697973692
9411,2192.310697973692
9412,2192.310697973692
9413,2192.310697973692
9414,2192.310697973692
9415,2192.310697973692
9416,2192.310697973692
9417,2188.6948230826006
9418,2188.6948230826006
9419,2188.6948230826006
9420,2188.6948230826006
9421,2188.6948230826006
9422,2188.6948230826006
9423,2184.4911507448683
9424,2177.0469900659286
9425,2177.0469900659286
9426,2177.0469900659286
9427,2177.0469900659286
9428,2177.0469900659286
9429,2177.0469900659286
9430,2177.0469900659286
9431,2177.0469900659286
9432,2177.0469900659286
9433,2177.0469900659286
9434,2177.0469900659286
9435,2177.0469900659286
9436,2177.0469900659286
9437,2177.0469900659286
9438,2177.0469900659286
9439,2177.0469900659286
9440,2177.0469900659286
9441,2177.0469900659286
9442,2177.0469900659286
9443,2177.0469900659286
9444,2177.0469900659286
9445,2177.0469900659286
9446,2177.0469900659286
9447,2177.0469900659286
9448,2177.0469900659286
9449,2177.0469900659286
9450,2177.0469900659286
9451,2177.0469900659286
9452,2174.1856311926626
9453,2174.1856311926626
9454,2174.1856311926626
9455,2174.1856311926626
9456,2174.1856311926626
9457,2174.1856311926626
9458,2174.1856311926626
9459,2156.706742169838
9460,2156.706742169838
9461,2156.706742169838
9462,2156.706742169838
9463,2140.306306767679
9464,2140.306306767679
9465,2140.306306767679
9466,2140.306306767679
9467,2140.306306767679
9468,2140.306306767679
9469,2140.306306767679
9470,2140.306306767679
9471,2140.306306767679
9472,2140.306306767679
9473,2140.306306767679
9474,2140.306306767679
9475,2140.306306767679
9476,2140.306306767679
9477,2140.306306767679
9478,2140.306306767679
9479,2140.306306767679
9480,2140.306306767679
9481,2140.306306767679
9482,2140.306306767679
9483,2140.306306767679
9484,2140.306306767679
9485,2140.306306767679
9486,2140.306306767679
9487,2140.306306767679
9488,2140.306306767679
9489,2140.306306767679
9490,2140.306306767679
9491,2140.306306767679
9492,2140.306306767679
9493,2140.306306767679
9494,2140.306306767679
9495,2140.306306767679
9496,2140.306306767679
9497,2140.306306767679
9498,2140.306306767679
9499,2140.306306767679
9500,2140.306306767679
9501,2140.306306767679
9502,2140.306306767679
9503,2140.306306767679
9504,2140.306306767679
9505,2140.306306767679
9506,2140.306306767679
9507,2140.306306767679
9508,2140.306306767679
9509,2140.306306767679
9510,2140.306306767679
9511,2140.306306767679
9512,2140.306306767679
9513,2140.306306767679
9514,2140.306306767679
9515,2140.306306767679
9516,2140.306306767679
9517,2140.306306767679
9518,2140.306306767679
9519,2140.306306767679
9520,2140.306306767679
9521,2140.306306767679
9522,2140.306306767679
9523,2140.306306767679
9524,2140.306306767679
9525,2140.306306767679
9526,2140.306306767679
9527,2140.306306767679
9528,2140.306306767679
9529,2140.306306767679
9530,2140.306306767679
9531,2140.306306767679
9532,2140.306306767679
9533,2140.306306767679
9534,2140.306306767679
9535,2140.306306767679
9536,2140.306306767679
9537,2140.306306767679
9538,2140.306306767679
9539,2140.306306767679
9540,2140.306306767679
9541,2140.306306767679
9542,2140.306306767679
9543,2140.306306767679
9544,2140.306306767679
9545,2140.306306767679
9546,2140.306306767679
9547,2140.306306767679
9548,2140.306306767679
9549,2140.306306767679
9550,2140.306306767679
9551,2140.306306767679
9552,2140.306306767679
9553,2140.306306767679
9554,2140.306306767679
9555,2140.306306767679
9556,2140.306306767679
9557,2140.306306767679
9558,2140.306306767679
9559,2140.306306767679
9560,2140.306306767679
9561,2140.306306767679
9562,2140.306306767679
9563,2140.306306767679
9564,2140.306306767679
9565,2140.306306767679
9566,2140.306306767679
9567,2140.306306767679
9568,2140.306306767679
9569,2140.306306767679
9570,2140.306306767679
9571,2140.306306767679
9572,2140.306306767679
9573,2140.306306767679
9574,2140.306306767679
9575,2140.306306767679
9576,2140.306306767679
9577,2140.306306767679
9578,2140.306306767679
9579,2140.306306767679
9580,2140.306306767679
9581,2140.306306767679
9582,2140.306306767679
9583,2140.306306767679
9584,2140.306306767679
9585,2140.306306767679
9586,2140.306306767679
9587,2140.306306767679
9588,2140.306306767679
9589,2140.306306767679
9590,2140.306306767679
9591,2140.306306767679
9592,2140.306306767679
9593,2140.306306767679
9594,2140.306306767679
9595,2140.306306767679
9596,2140.306306767679
9597,2140.306306767679
9598,2140.306306767679
9599,2140.306306767679
9600,2140.306306767679
9601,2140.306306767679
9602,2140.306306767679
9603,2140.306306767679
9604,2140.306306767679
9605,2140.306306767679
9606,2140.306306767679
9607,2140.306306767679
9608,2140.306306767679
9609,2140.306306767679
9610,2140.306306767679
9611,2140.306306767679
9612,2140.306306767679
9613,2140.306306767679
9614,2140.306306767679
9615,2140.306306767679
9616,2140.306306767679
9617,2140.306306767679
9618,2139.5694181878607
9619,2133.6907733061284
9620,2133.6907733061284
9621,2133.6907733061284
9622,2133.6907733061284
9623,2133.6907733061284
9624,2116.0658943785984
9625,2116.0658943785984
9626,2116.0658943785984
9627,2116.0658943785984
9628,2116.0658943785984
9629,2116.0658943785984
9630,2113.4896786417094
9631,2110.061841850673
9632,2110.061841850673
9633,2110.061841850673
9634,2110.061841850673
9635,2110.061841850673
9636,2110.061841850673
9637,2110.061841850673
9638,2110.061841850673
9639,2110.061841850673
9640,2110.061841850673
9641,2110.061841850673
9642,2110.061841850673
9643,2110.061841850673
9644,2110.061841850673
9645,2110.061841850673
9646,2110.061841850673
9647,2110.061841850673
9648,2110.061841850673
9649,2110.061841850673
9650,2110.061841850673
9651,2110.061841850673
9652,2110.061841850673
9653,2110.061841850673
9654,2110.061841850673
9655,2110.061841850673
9656,2110.061841850673
9657,2110.061841850673
9658,2110.061841850673
9659,2110.061841850673
9660,2110.061841850673
9661,2110.061841850673
9662,2110.061841850673
9663,2101.5980839979734
9664,2101.5980839979734
9665,2101.5980839979734
9666,2101.5980839979734
9667,2101.5980839979734
9668,2101.5980839979734
9669,2081.593266473147
9670,2081.593266473147
9671,2081.593266473147
9672,2081.593266473147
9673,2078.4613642123695
9674,2078.4613642123695
9675,2078.4613642123695
9676,2078.4613642123695
9677,2078.4613642123695
9678,2078.4613642123695
9679,2078.4613642123695
9680,2078.4613642123695
9681,2078.4613642123695
9682,2078.4613642123695
9683,2078.4613642123695
9684,2078.4613642123695
9685,2078.4613642123695
9686,2078.4613642123695
9687,2078.4613642123695
9688,2078.4613642123695
9689,2078.4613642123695
9690,2078.4613642123695
9691,2078.4613642123695
9692,2078.4613642123695
9693,2078.4613642123695
9694,2078.4613642123695
9695,2078.4613642123695
9696,2078.4613642123695
9697,2078.4613642123695
9698,2078.4613642123695
9699,2078.4613642123695
9700,2078.4613642123695
9701,2078.4613642123695
9702,2078.4613642123695
9703,2078.4613642123695
9704,2078.4613642123695
9705,2078.4613642123695
9706,2078.4613642123695
9707,2078.4613642123695
9708,2078.4613642123695
9709,2078.4613642123695
9710,2078.4613642123695
9711,2078.4613642123695
9712,2078.4613642123695
9713,2078.4613642123695
9714,2078.4613642123695
9715,2078.4613642123695
9716,2078.4613642123695
9717,2078.4613642123695
9718,2078.4613642123695
9719,2078.4613642123695
9720,2078.4613642123695
9721,2078.4613642123695
9722,2078.4613642123695
9723,2078.4613642123695
9724,2078.4613642123695
9725,2078.4613642123695
9726,2078.4613642123695
9727,2078.4613642123695
9728,2078.4613642123695
9729,2078.4613642123695
9730,2078.4613642123695
9731,2078.4613642123695
9732,2078.4613642123695
9733,2078.4613642123695
9734,2078.4613642123695
9735,2078.4613642123695
9736,2078.4613642123695
9737,2078.4613642123695
9738,2078.4613642123695
9739,2078.4613642123695
9740,2078.4613642123695
9741,2078.4613642123695
9742,2078.4613642123695
9743,2078.4613642123695
9744,2078.4613642123695
9745,2078.4613642123695
9746,2078.4613642123695
9747,2078.4613642123695
9748,2078.4613642123695
9749,2078.4613642123695
9750,2078.4613642123695
9751,2078.4613642123695
9752,2078.4613642123695
9753,2078.4613642123695
9754,2078.4613642123695
9755,2078.4613642123695
9756,2078.4613642123695
9757,2076.4842350630342
9758,2076.4842350630342
9759,2052.2122283534904
9760,2052.2122283534904
9761,2052.2122283534904
9762,2052.2122283534904
9763,2052.2122283534904
9764,2052.2122283534904
9765,2052.2122283534904
9766,2052.2122283534904
9767,2052.2122283534904
9768,2052.2122283534904
9769,2052.2122283534904
9770,2052.2122283534904
9771,2052.2122283534904
9772,2052.2122283534904
9773,2052.2122283534904
9774,2052.2122283534904
9775,2052.2122283534904
9776,2052.2122283534904
9777,2052.2122283534904
9778,2052.2122283534904
9779,2052.2122283534904
9780,2052.2122283534904
9781,2052.2122283534904
9782,2052.2122283534904
9783,2052.2122283534904
9784,2052.2122283534904
9785,2052.2122283534904
9786,2052.2122283534904
9787,2052.2122283534904
9788,2052.2122283534904
9789,2052.2122283534904
9790,2052.2122283534904
9791,2052.2122283534904
9792,2052.2122283534904
9793,2052.2122283534904
9794,2052.2122283534904
9795,2052.2122283534904
9796,2052.2122283534904
9797,2052.2122283534904
9798,2052.2122283534904
9799,2052.2122283534904
9800,2052.2122283534904
9801,2052.2122283534904
9802,2052.2122283534904
9803,2052.2122283534904
9804,2052.2122283534904
9805,2052.2122283534904
9806,2052.2122283534904
9807,2052.2122283534904
9808,2052.2122283534904
9809,2052.2122283534904
9810,2052.2122283534904
9811,2052.2122283534904
9812,2052.2122283534904
9813,2052.2122283534904
9814,2052.2122283534904
9815,2052.2122283534904
9816,2052.2122283534904
9817,2052.2122283534904
9818,2052.2122283534904
9819,2052.2122283534904
9820,2052.2122283534904
9821,2052.2122283534904
9822,2052.2122283534904
9823,2052.2122283534904
9824,2052.2122283534904
9825,2052.2122283534904
9826,2052.2122283534904
9827,2052.2122283534904
9828,2052.2122283534904
9829,2052.2122283534904
9830,2052.2122283534904
9831,2052.2122283534904
9832,2052.2122283534904
9833,2052.2122283534904
9834,2052.2122283534904
9835,2052.2122283534904
9836,2052.2122283534904
9837,2052.2122283534904
9838,2052.2122283534904
9839,2052.2122283534904
9840,2052.2122283534904
9841,2052.2122283534904
9842,2052.2122283534904
9843,2052.2122283534904
9844,2052.2122283534904
9845,2052.2122283534904
9846,2052.2122283534904
9847,2052.2122283534904
9848,2052.2122283534904
9849,2052.2122283534904
9850,2052.2122283534904
9851,2052.2122283534904
9852,2052.2122283534904
9853,2052.2122283534904
9854,2052.2122283534904
9855,2052.2122283534904
9856,2052.2122283534904
9857,2052.2122283534904
9858,2052.2122283534904
9859,2052.2122283534904
9860,2052.2122283534904
9861,2052.2122283534904
9862,2052.2122283534904
9863,2052.2122283534904
9864,2052.2122283534904
9865,2052.2122283534904
9866,2052.2122283534904
9867,2052.2122283534904
9868,2052.2122283534904
9869,2052.2122283534904
9870,2052.2122283534904
9871,2052.2122283534904
9872,2052.2122283534904
9873,2052.2122283534904
9874,2052.2122283534904
9875,2052.2122283534904
9876,2052.2122283534904
9877,2052.2122283534904
9878,2052.2122283534904
9879,2052.2122283534904
9880,2052.2122283534904
9881,2052.2122283534904
9882,2052.2122283534904
9883,2052.2122283534904
9884,2052.2122283534904
9885,2052.2122283534904
9886,2052.2122283534904
9887,2052.2122283534904
9888,2052.2122283534904
9889,2052.2122283534904
9890,2052.2122283534904
9891,2052.2122283534904
9892,2052.2122283534904
9893,2052.2122283534904
9894,2052.2122283534904
9895,2052.2122283534904
9896,2052.2122283534904
9897,2052.2122283534904
9898,2052.2122283534904
9899,2052.2122283534904
9900,2052.2122283534904
9901,2052.2122283534904
9902,2052.2122283534904
9903,2052.2122283534904
9904,2052.2122283534904
9905,2052.2122283534904
9906,2052.2122283534904
9907,2052.2122283534904
9908,2052.2122283534904
9909,2052.2122283534904
9910,2052.2122283534904
9911,2052.2122283534904
9912,2052.2122283534904
9913,2052.2122283534904
9914,2052.2122283534904
9915,2052.2122283534904
9916,2052.2122283534904
9917,2052.2122283534904
9918,2052.2122283534904
9919,2052.2122283534904
9920,2036.8793516108076
9921,2036.8793516108076
9922,2036.8793516108076
9923,2036.8793516108076
9924,2036.8793516108076
9925,2036.8793516108076
9926,2036.8793516108076
9927,2036.8793516108076
9928,2036.8793516108076
9929,2036.8793516108076
9930,2036.8793516108076
9931,2021.9967157308936
9932,2021.9967157308936
9933,2021.9967157308936
9934,2021.9967157308936
9935,2021.9967157308936
9936,2021.5622069471158
9937,2021.5622069471158
9938,2021.5622069471158
9939,2021.5622069471158
9940,2021.5622069471158
9941,2021.5622069471158
9942,2017.149369505622
9943,2017.149369505622
9944,2017.149369505622
9945,2017.149369505622
9946,2017.149369505622
9947,2017.149369505622
9948,2017.149369505622
9949,2017.149369505622
9950,2017.149369505622
9951,2017.149369505622
9952,2017.149369505622
9953,2017.149369505622
9954,2017.149369505622
9955,2017.149369505622
9956,2017.149369505622
9957,2017.149369505622
9958,2017.149369505622
9959,2017.149369505622
9960,2017.149369505622
9961,2017.149369505622
9962,2017.149369505622
9963,2017.149369505622
9964,2017.149369505622
9965,2017.149369505622
9966,2017.149369505622
9967,2017.149369505622
9968,2017.149369505622
9969,2017.149369505622
9970,2017.149369505622
9971,2017.149369505622
9972,2017.149369505622
9973,2017.149369505622
9974,2017.149369505622
9975,2017.149369505622
9976,2017.149369505622
9977,2017.149369505622
9978,2017.149369505622
9979,2002.7994215013616
9980,2002.7994215013616
9981,2002.7994215013616
9982,2002.7994215013616
9983,2002.7994215013616
9984,2002.7994215013616
9985,2002.7994215013616
9986,2002.7994215013616
9987,2002.7994215013616
9988,2002.7994215013616
9989,2002.7994215013616
9990,2002.7994215013616
9991,2002.7994215013616
9992,2002.7994215013616
9993,2002.7994215013616
9994,2002.7994215013616
9995,2002.7994215013616
9996,1998.65979109387
9997,1998.65979109387
9998,1994.2934552792444
9999,1994.2934552792444
10000,1994.2934552792444
10001,1994.2934552792444
10002,1994.2934552792444
10003,1994.2934552792444
10004,1994.2934552792444
10005,1994.2934552792444
10006,1994.2934552792444
10007,1994.2934552792444
10008,1994.2934552792444
10009,1994.2934552792444
10010,1994.2934552792444
10011,1994.2934552792444
10012,1994.2934552792444
10013,1994.2934552792444
10014,1975.5268836437706
10015,1975.5268836437706
10016,1975.5268836437706
10017,1975.5268836437706
10018,1975.5268836437706
10019,1975.5268836437706
10020,1975.5268836437706
10021,1975.5268836437706
10022,1975.5268836437706
10023,1975.5268836437706
10024,1975.5268836437706
10025,1971.0866633902601
10026,1971.0866633902601
10027,1971.0866633902601
10028,1971.0866633902601
10029,1971.0866633902601
10030,1971.0866633902601
10031,1971.0866633902601
10032,1971.0866633902601
10033,1971.0866633902601
10034,1971.0866633902601
10035,1971.0866633902601
10036,1971.0866633902601
10037,1971.0866633902601
10038,1971.0866633902601
10039,1971.0866633902601
10040,1971.0866633902601
10041,1971.0866633902601
10042,1971.0866633902601
10043,1971.0866633902601
10044,1971.0866633902601
10045,1971.0866633902601
10046,1971.0866633902601
10047,1971.0866633902601
10048,1971.0866633902601
10049,1971.0866633902601
10050,1971.0866633902601
10051,1971.0866633902601
10052,1971.0866633902601
10053,1971.0866633902601
10054,1971.0866633902601
10055,1971.0866633902601
10056,1971.0866633902601
10057,1971.0866633902601
10058,1971.0866633902601
10059,1971.0866633902601
10060,1971.0866633902601
10061,1971.0866633902601
10062,1971.0866633902601
10063,1971.0866633902601
10064,1971.0866633902601
10065,1971.0866633902601
10066,1971.0866633902601
10067,1971.0866633902601
10068,1971.0866633902601
10069,1971.0866633902601
10070,1971.0866633902601
10071,1971.0866633902601
10072,1971.0866633902601
10073,1971.0866633902601
10074,1971.0866633902601
10075,1971.0866633902601
10076,1971.0866633902601
10077,1971.0866633902601
10078,1971.0866633902601
10079,1971.0866633902601
10080,1971.0866633902601
10081,1971.0866633902601
10082,1971.0866633902601
10083,1971.0866633902601
10084,1971.0866633902601
10085,1971.0866633902601
10086,1971.0866633902601
10087,1971.0866633902601
10088,1971.0866633902601
10089,1971.0866633902601
10090,1971.0866633902601
10091,1971.0866633902601
10092,1971.0866633902601
10093,1971.0866633902601
10094,1971.0866633902601
10095,1971.0866633902601
10096,1971.0866633902601
10097,1971.0866633902601
10098,1971.0866633902601
10099,1971.0866633902601
10100,1971.0866633902601
10101,1971.0866633902601
10102,1971.0866633902601
10103,1971.0866633902601
10104,1971.0866633902601
10105,1971.0866633902601
10106,1965.2572857949986
10107,1965.2572857949986
10108,1965.2572857949986
10109,1965.2572857949986
10110,1965.2572857949986
10111,1965.2572857949986
10112,1965.2572857949986
10113,1965.2572857949986
10114,1965.2572857949986
10115,1965.2572857949986
10116,1965.2572857949986
10117,1965.2572857949986
10118,1965.2572857949986
10119,1965.2572857949986
10120,1965.2572857949986
10121,1965.2572857949986
10122,1965.2572857949986
10123,1964.7956040465865
10124,1964.7956040465865
10125,1964.7956040465865
10126,1964.7956040465865
10127,1964.7956040465865
10128,1964.7956040465865
10129,1964.7956040465865
10130,1964.7956040465865
10131,1964.7956040465865
10132,1964.7956040465865
10133,1964.7956040465865
10134,1964.7956040465865
10135,1964.7956040465865
10136,1964.7956040465865
10137,1964.7956040465865
10138,1964.7956040465865
10139,1964.7956040465865
10140,1964.7956040465865
10141,1964.7956040465865
10142,1964.7956040465865
10143,1964.7956040465865
10144,1964.7956040465865
10145,1964.7956040465865
10146,1964.7956040465865
10147,1964.7956040465865
10148,1964.7956040465865
10149,1964.7956040465865
10150,1964.7956040465865
10151,1964.7956040465865
10152,1964.7956040465865
10153,1964.7956040465865
10154,1964.7956040465865
10155,1964.7956040465865
10156,1964.7956040465865
10157,1964.7956040465865
10158,1964.7956040465865
10159,1964.7956040465865
10160,1964.7956040465865
10161,1964.7956040465865
10162,1964.7956040465865
10163,1964.7956040465865
10164,1964.7956040465865
10165,1964.7956040465865
10166,1964.7956040465865
10167,1964.7956040465865
10168,1964.7956040465865
10169,1964.7956040465865
10170,1964.7956040465865
10171,1964.7956040465865
10172,1964.7956040465865
10173,1964.7956040465865
10174,1964.7956040465865
10175,1964.7956040465865
10176,1964.7956040465865
10177,1964.7956040465865
10178,1964.7956040465865
10179,1964.7956040465865
10180,1964.7956040465865
10181,1964.7956040465865
10182,1964.7956040465865
10183,1964.7956040465865
10184,1964.7956040465865
10185,1964.7956040465865
10186,1964.7956040465865
10187,1964.7956040465865
10188,1964.7956040465865
10189,1964.7956040465865
10190,1964.7956040465865
10191,1964.7956040465865
10192,1964.7956040465865
10193,1964.7956040465865
10194,1964.7956040465865
10195,1964.7956040465865
10196,1964.7956040465865
10197,1964.7956040465865
10198,1964.7956040465865
10199,1964.7956040465865
10200,1964.7956040465865
10201,1964.7956040465865
10202,1964.7956040465865
10203,1964.7956040465865
10204,1964.7956040465865
10205,1964.7956040465865
10206,1964.7956040465865
10207,1964.7956040465865
10208,1964.7956040465865
10209,1964.7956040465865
10210,1964.7956040465865
10211,1964.7956040465865
10212,1964.7956040465865
10213,1964.7956040465865
10214,1964.7956040465865
10215,1964.7956040465865
10216,1964.7956040465865
10217,1964.7956040465865
10218,1964.7956040465865
10219,1964.7956040465865
10220,1964.7956040465865
10221,1964.7956040465865
10222,1964.7956040465865
10223,1964.7956040465865
10224,1964.7956040465865
10225,1964.7956040465865
10226,1964.7956040465865
10227,1964.7956040465865
10228,1964.7956040465865
10229,1964.7956040465865
10230,1964.7956040465865
10231,1964.7956040465865
10232,1964.7956040465865
10233,1964.7956040465865
10234,1964.7956040465865
10235,1964.7956040465865
10236,1964.7956040465865
10237,1964.7956040465865
10238,1964.7956040465865
10239,1964.7956040465865
10240,1964.7956040465865
10241,1964.7956040465865
10242,1964.7956040465865
10243,1964.7956040465865
10244,1964.7956040465865
10245,1964.7956040465865
10246,1964.7956040465865
10247,1964.7956040465865
10248,1964.7956040465865
10249,1964.7956040465865
10250,1964.7956040465865
10251,1964.7956040465865
10252,1964.7956040465865
10253,1964.7956040465865
10254,1964.7956040465865
10255,1964.7956040465865
10256,1964.7956040465865
10257,1964.7956040465865
10258,1964.7956040465865
10259,1964.7956040465865
10260,1963.6375405972938
10261,1963.6375405972938
10262,1963.6375405972938
10263,1963.6375405972938
10264,1963.6375405972938
10265,1963.6375405972938
10266,1963.6375405972938
10267,1963.6375405972938
10268,1963.6375405972938
10269,1963.6375405972938
10270,1963.6375405972938
10271,1963.6375405972938
10272,1963.6375405972938
10273,1963.6375405972938
10274,1963.6375405972938
10275,1963.6375405972938
10276,1963.6375405972938
10277,1963.6375405972938
10278,1963.6375405972938
10279,1963.6375405972938
10280,1963.6375405972938
10281,1963.6375405972938
10282,1963.6375405972938
10283,1963.6375405972938
10284,1963.6375405972938
10285,1963.6375405972938
10286,1963.6375405972938
10287,1963.6375405972938
10288,1963.6375405972938
10289,1963.6375405972938
10290,1963.6375405972938
10291,1963.6375405972938
10292,1963.6375405972938
10293,1963.6375405972938
10294,1963.6375405972938
10295,1963.6375405972938
10296,1963.6375405972938
10297,1963.6375405972938
10298,1963.6375405972938
10299,1963.6375405972938
10300,1963.6375405972938
10301,1963.6375405972938
10302,1963.6375405972938
10303,1963.6375405972938
10304,1963.6375405972938
10305,1963.6375405972938
10306,1963.6375405972938
10307,1963.6375405972938
10308,1963.6375405972938
10309,1963.6375405972938
10310,1963.6375405972938
10311,1963.6375405972938
10312,1963.6375405972938
10313,1963.6375405972938
10314,1963.6375405972938
10315,1963.6375405972938
10316,1963.6375405972938
10317,1963.6375405972938
10318,1963.6375405972938
10319,1963.6375405972938
10320,1963.6375405972938
10321,1963.6375405972938
10322,1963.6375405972938
10323,1963.6375405972938
10324,1963.6375405972938
10325,1963.6375405972938
10326,1963.6375405972938
10327,1963.6375405972938
10328,1963.6375405972938
10329,1963.6375405972938
10330,1963.6375405972938
10331,1963.6375405972938
10332,1963.6375405972938
10333,1963.6375405972938
10334,1963.6375405972938
10335,1963.6375405972938
10336,1963.6375405972938
10337,1963.6375405972938
10338,1963.6375405972938
10339,1963.6375405972938
10340,1963.6375405972938
10341,1963.6375405972938
10342,1963.6375405972938
10343,1963.6375405972938
10344,1963.6375405972938
10345,1963.6375405972938
10346,1963.6375405972938
10347,1963.6375405972938
10348,1963.6375405972938
10349,1963.6375405972938
10350,1963.6375405972938
10351,1963.6375405972938
10352,1963.6375405972938
10353,1963.6375405972938
10354,1963.6375405972938
10355,1963.6375405972938
10356,1963.6375405972938
10357,1946.2236474287267
10358,1946.2236474287267
10359,1946.2236474287267
10360,1946.2236474287267
10361,1946.2236474287267
10362,1946.2236474287267
10363,1946.2236474287267
10364,1946.2236474287267
10365,1946.2236474287267
10366,1946.2236474287267
10367,1946.2236474287267
10368,1946.2236474287267
10369,1946.2236474287267
10370,1946.2236474287267
10371,1946.2236474287267
10372,1946.2236474287267
10373,1946.2236474287267
10374,1940.861735844199
10375,1929.0424407235948
10376,1929.0424407235948
10377,1929.0424407235948
10378,1929.0424407235948
10379,1929.0424407235948
10380,1929.0424407235948
10381,1929.0424407235948
10382,1929.0424407235948
10383,1929.0424407235948
10384,1929.0424407235948
10385,1929.0424407235948
10386,1929.0424407235948
10387,1929.0424407235948
10388,1929.0424407235948
10389,1929.0424407235948
10390,1929.0424407235948
10391,1929.0424407235948
10392,1929.0424407235948
10393,1929.0424407235948
10394,1929.0424407235948
10395,1929.0424407235948
10396,1929.0424407235948
10397,1929.0424407235948
10398,1929.0424407235948
10399,1929.0424407235948
10400,1929.0424407235948
10401,1929.0424407235948
10402,1929.0424407235948
10403,1929.0424407235948
10404,1929.0424407235948
10405,1929.0424407235948
10406,1928.177858310896
10407,1928.177858310896
10408,1928.177858310896
10409,1928.177858310896
10410,1928.177858310896
10411,1928.177858310896
10412,1928.177858310896
10413,1928.177858310896
10414,1928.177858310896
10415,1928.177858310896
10416,1928.177858310896
10417,1926.6766327158368
10418,1926.6766327158368
10419,1926.6766327158368
10420,1912.2015309064225
10421,1906.255407606244
10422,1906.255407606244
10423,1906.255407606244
10424,1906.255407606244
10425,1906.255407606244
10426,1906.255407606244
10427,1898.5760143875416
10428,1898.5760143875416
10429,1898.5760143875416
10430,1898.5760143875416
10431,1898.5760143875416
10432,1898.5760143875416
10433,1898.5760143875416
10434,1898.5760143875416
10435,1898.5760143875416
10436,1898.5760143875416
10437,1898.5760143875416
10438,1898.5760143875416
10439,1883.6440156015328
10440,1883.6440156015328
10441,1883.6440156015328
10442,1883.6440156015328
10443,1883.6440156015328
10444,1883.6440156015328
10445,1883.6440156015328
10446,1883.6440156015328
10447,1883.6440156015328
10448,1883.6440156015328
10449,1883.6440156015328
10450,1883.6440156015328
10451,1883.6440156015328
10452,1883.6440156015328
10453,1883.6440156015328
10454,1883.6440156015328
10455,1883.6440156015328
10456,1883.6440156015328
10457,1883.6440156015328
10458,1883.6440156015328
10459,1883.6440156015328
10460,1883.6440156015328
10461,1883.6440156015328
10462,1879.2731863878694
10463,1879.2731863878694
10464,1879.2731863878694
10465,1879.2731863878694
10466,1879.2731863878694
10467,1879.2731863878694
10468,1879.2731863878694
10469,1879.2731863878694
10470,1879.2731863878694
10471,1879.2731863878694
10472,1879.2731863878694
10473,1879.2731863878694
10474,1879.2731863878694
10475,1879.2731863878694
10476,1879.2731863878694
10477,1879.2731863878694
10478,1879.2731863878694
10479,1879.2731863878694
10480,1879.2731863878694
10481,1879.2731863878694
10482,1879.2731863878694
10483,1879.2731863878694
10484,1879.2731863878694
10485,1879.2731863878694
10486,1879.2731863878694
10487,1879.2731863878694
10488,1879.2731863878694
10489,1879.2731863878694
10490,1879.2731863878694
10491,1879.2731863878694
10492,1879.2731863878694
10493,1879.2731863878694
10494,1879.2731863878694
10495,1879.2731863878694
10496,1879.2731863878694
10497,1879.2731863878694
10498,1879.2731863878694
10499,1879.2731863878694
10500,1879.2731863878694
10501,1879.2731863878694
10502,1879.2731863878694
10503,1879.2731863878694
10504,1879.2731863878694
10505,1879.2731863878694
10506,1879.2731863878694
10507,1879.2731863878694
10508,1879.2731863878694
10509,1879.2731863878694
10510,1879.2731863878694
10511,1879.2731863878694
10512,1879.2731863878694
10513,1879.2731863878694
10514,1879.2731863878694
10515,1879.2731863878694
10516,1879.2731863878694
10517,1879.2731863878694
10518,1879.2731863878694
10519,1879.2731863878694
10520,1879.2731863878694
10521,1879.2731863878694
10522,1879.2731863878694
10523,1879.2731863878694
10524,1879.2731863878694
10525,1879.2731863878694
10526,1879.2731863878694
10527,1879.2731863878694
10528,1879.2731863878694
10529,1879.2731863878694
10530,1879.2731863878694
10531,1879.2731863878694
10532,1879.2731863878694
10533,1879.2731863878694
10534,1879.2731863878694
10535,1876.124853444529
10536,1876.124853444529
10537,1876.124853444529
10538,1876.124853444529
10539,1876.124853444529
10540,1876.124853444529
10541,1876.124853444529
10542,1876.124853444529
10543,1876.124853444529
10544,1876.124853444529
10545,1876.124853444529
10546,1876.124853444529
10547,1876.124853444529
10548,1876.124853444529
10549,1876.124853444529
10550,1876.124853444529
10551,1876.124853444529
10552,1876.124853444529
10553,1876.124853444529
10554,1876.124853444529
10555,1876.124853444529
10556,1876.124853444529
10557,1876.124853444529
10558,1876.124853444529
10559,1876.124853444529
10560,1876.124853444529
10561,1876.124853444529
10562,1876.124853444529
10563,1876.124853444529
10564,1876.124853444529
10565,1876.124853444529
10566,1876.124853444529
10567,1876.124853444529
10568,1876.124853444529
10569,1876.124853444529
10570,1876.124853444529
10571,1876.124853444529
10572,1857.086635294289
10573,1857.086635294289
10574,1857.086635294289
10575,1857.086635294289
10576,1857.086635294289
10577,1857.086635294289
10578,1857.086635294289
10579,1857.086635294289
10580,1857.086635294289
10581,1857.086635294289
10582,1857.086635294289
10583,1857.086635294289
10584,1857.086635294289
10585,1857.086635294289
10586,1857.086635294289
10587,1857.086635294289
10588,1857.086635294289
10589,1857.086635294289
10590,1857.086635294289
10591,1857.086635294289
10592,1857.086635294289
10593,1857.086635294289
10594,1857.086635294289
10595,1857.086635294289
10596,1857.086635294289
10597,1857.086635294289
10598,1857.086635294289
10599,1857.086635294289
10600,1857.086635294289
10601,1857.086635294289
10602,1857.086635294289
10603,1857.086635294289
10604,1857.086635294289
10605,1851.302128335975
10606,1851.302128335975
10607,1851.302128335975
10608,1851.302128335975
10609,1851.302128335975
10610,1851.302128335975
10611,1851.302128335975
10612,1851.302128335975
10613,1851.302128335975
10614,1851.302128335975
10615,1851.302128335975
10616,1851.302128335975
10617,1851.302128335975
10618,1851.302128335975
10619,1851.302128335975
10620,1851.302128335975
10621,1851.302128335975
10622,1851.302128335975
10623,1851.302128335975
10624,1851.302128335975
10625,1851.302128335975
10626,1851.302128335975
10627,1851.302128335975
10628,1851.302128335975
10629,1851.302128335975
10630,1851.302128335975
10631,1851.302128335975
10632,1851.302128335975
10633,1851.302128335975
10634,1851.302128335975
10635,1851.302128335975
10636,1851.302128335975
10637,1851.302128335975
10638,1851.302128335975
10639,1851.302128335975
10640,1851.302128335975
10641,1851.302128335975
10642,1851.302128335975
10643,1849.409602142929
10644,1849.409602142929
10645,1849.409602142929
10646,1849.409602142929
10647,1849.409602142929
10648,1849.409602142929
10649,1849.409602142929
10650,1849.409602142929
10651,1819.701841512602
10652,1819.701841512602
10653,1819.701841512602
10654,1819.701841512602
10655,1819.701841512602
10656,1819.701841512602
10657,1819.701841512602
10658,1819.701841512602
10659,1819.701841512602
10660,1819.701841512602
10661,1819.701841512602
10662,1819.701841512602
10663,1806.3751768063191
10664,1806.3751768063191
10665,1806.3751768063191
10666,1806.3751768063191
10667,1806.3751768063191
10668,1806.3751768063191
10669,1806.3751768063191
10670,1806.3751768063191
10671,1806.3751768063191
10672,1806.3751768063191
10673,1806.3751768063191
10674,1806.3751768063191
10675,1806.3751768063191
10676,1806.3751768063191
10677,1806.3751768063191
10678,1806.3751768063191
10679,1806.3751768063191
10680,1806.3751768063191
10681,1806.3751768063191
10682,1806.3751768063191
10683,1806.3751768063191
10684,1806.3751768063191
10685,1806.3751768063191
10686,1806.3751768063191
10687,1806.3751768063191
10688,1806.3751768063191
10689,1806.3751768063191
10690,1806.3751768063191
10691,1806.3751768063191
10692,1801.253811678918
10693,1801.253811678918
10694,1801.253811678918
10695,1801.253811678918
10696,1801.253811678918
10697,1801.253811678918
10698,1801.253811678918
10699,1801.253811678918
10700,1801.253811678918
10701,1801.253811678918
10702,1801.253811678918
10703,1801.253811678918
10704,1801.253811678918
10705,1801.253811678918
10706,1801.253811678918
10707,1801.253811678918
10708,1801.253811678918
10709,1801.253811678918
10710,1801.253811678918
10711,1801.253811678918
10712,1801.253811678918
10713,1801.253811678918
10714,1801.253811678918
10715,1801.253811678918
10716,1801.253811678918
10717,1801.253811678918
10718,1801.253811678918
10719,1801.253811678918
10720,1797.6408331779905
10721,1797.6408331779905
10722,1797.6408331779905
10723,1797.6408331779905
10724,1797.6408331779905
10725,1797.6408331779905
10726,1797.6408331779905
10727,1797.6408331779905
10728,1797.6408331779905
10729,1797.6408331779905
10730,1797.6408331779905
10731,1797.6408331779905
10732,1797.6408331779905
10733,1797.6408331779905
10734,1797.6408331779905
10735,1797.6408331779905
10736,1797.6408331779905
10737,1797.6408331779905
10738,1797.6408331779905
10739,1797.6408331779905
10740,1797.6408331779905
10741,1797.6408331779905
10742,1797.6408331779905
10743,1797.6408331779905
10744,1797.6408331779905
10745,1797.6408331779905
10746,1797.6408331779905
10747,1797.6408331779905
10748,1797.6408331779905
10749,1797.6408331779905
10750,1797.6408331779905
10751,1797.6408331779905
10752,1797.6408331779905
10753,1797.6408331779905
10754,1797.6408331779905
10755,1797.6408331779905
10756,1797.6408331779905
10757,1797.6408331779905
10758,1797.6408331779905
10759,1797.6408331779905
10760,1797.6408331779905
10761,1797.6408331779905
10762,1797.6408331779905
10763,1797.6408331779905
10764,1797.6408331779905
10765,1797.6408331779905
10766,1797.6408331779905
10767,1797.6408331779905
10768,1797.6408331779905
10769,1797.6408331779905
10770,1797.6408331779905
10771,1797.6408331779905
10772,1797.6408331779905
10773,1795.2244959090779
10774,1795.2244959090779
10775,1795.2244959090779
10776,1795.2244959090779
10777,1795.2244959090779
10778,1795.2244959090779
10779,1795.2244959090779
10780,1795.2244959090779
10781,1795.2244959090779
10782,1795.2244959090779
10783,1795.2244959090779
10784,1795.2244959090779
10785,1795.2244959090779
10786,1795.2244959090779
10787,1795.2244959090779
10788,1795.2244959090779
10789,1795.2244959090779
10790,1795.2244959090779
10791,1795.2244959090779
10792,1795.2244959090779
10793,1795.2244959090779
10794,1795.2244959090779
10795,1795.2244959090779
10796,1795.2244959090779
10797,1795.2244959090779
10798,1795.2244959090779
10799,1795.2244959090779
10800,1795.2244959090779
10801,1795.2244959090779
10802,1795.2244959090779
10803,1789.0751341651467
10804,1789.0751341651467
10805,1789.0751341651467
10806,1789.0751341651467
10807,1789.0751341651467
10808,1789.0751341651467
10809,1789.0751341651467
10810,1789.0751341651467
10811,1776.774389592686
10812,1776.774389592686
10813,1776.774389592686
10814,1776.774389592686
10815,1776.774389592686
10816,1776.774389592686
10817,1776.774389592686
10818,1776.774389592686
10819,1776.774389592686
10820,1776.774389592686
10821,1776.774389592686
10822,1776.774389592686
10823,1776.774389592686
10824,1776.774389592686
10825,1775.7145383512925
10826,1775.7145383512925
10827,1775.7145383512925
10828,1768.6124867138071
10829,1768.6124867138071
10830,1768.6124867138071
10831,1768.6124867138071
10832,1768.6124867138071
10833,1768.6124867138071
10834,1768.6124867138071
10835,1768.6124867138071
10836,1768.6124867138071
10837,1768.6124867138071
10838,1768.6124867138071
10839,1768.6124867138071
10840,1768.6124867138071
10841,1768.6124867138071
10842,1768.6124867138071
10843,1768.6124867138071
10844,1768.6124867138071
10845,1768.6124867138071
10846,1768.6124867138071
10847,1768.6124867138071
10848,1768.6124867138071
10849,1768.6124867138071
10850,1768.6124867138071
10851,1768.6124867138071
10852,1768.6124867138071
10853,1768.6124867138071
10854,1768.6124867138071
10855,1768.6124867138071
10856,1768.33001945033
10857,1763.3644986787262
10858,1763.3644986787262
10859,1763.3644986787262
10860,1763.3644986787262
10861,1763.3644986787262
10862,1763.3644986787262
10863,1763.3644986787262
10864,1763.3644986787262
10865,1763.3644986787262
10866,1763.3644986787262
10867,1763.3644986787262
10868,1763.3644986787262
10869,1763.3644986787262
10870,1763.3644986787262
10871,1763.3644986787262
10872,1763.3644986787262
10873,1763.3644986787262
10874,1763.3644986787262
10875,1763.3644986787262
10876,1763.3644986787262
10877,1763.3644986787262
10878,1763.3644986787262
10879,1763.3644986787262
10880,1763.3644986787262
10881,1763.3644986787262
10882,1763.3644986787262
10883,1763.3644986787262
10884,1763.3644986787262
10885,1763.3644986787262
10886,1763.3644986787262
10887,1763.3644986787262
10888,1763.3644986787262
10889,1763.3644986787262
10890,1763.3644986787262
10891,1763.3644986787262
10892,1763.3644986787262
10893,1763.3644986787262
10894,1763.3644986787262
10895,1763.3644986787262
10896,1763.3644986787262
10897,1762.4540066904306
10898,1762.4540066904306
10899,1762.4540066904306
10900,1762.4540066904306
10901,1762.4540066904306
10902,1762.4540066904306
10903,1762.4540066904306
10904,1762.4540066904306
10905,1762.4540066904306
10906,1762.4540066904306
10907,1762.4540066904306
10908,1762.4540066904306
10909,1762.4540066904306
10910,1762.4540066904306
10911,1762.4540066904306
10912,1762.4540066904306
10913,1762.4540066904306
10914,1762.4540066904306
10915,1762.4540066904306
10916,1762.4540066904306
10917,1762.4540066904306
10918,1762.4540066904306
10919,1762.4540066904306
10920,1762.4540066904306
10921,1753.8365724771409
10922,1753.8365724771409
10923,1753.8365724771409
10924,1753.8365724771409
10925,1753.8365724771409
10926,1753.8365724771409
10927,1753.8365724771409
10928,1753.8365724771409
10929,1753.8365724771409
10930,1753.8365724771409
10931,1753.8365724771409
10932,1753.8365724771409
10933,1753.8365724771409
10934,1753.8365724771409
10935,1753.8365724771409
10936,1753.8365724771409
10937,1753.8365724771409
10938,1753.8365724771409
10939,1753.8365724771409
10940,1753.8365724771409
10941,1753.8365724771409
10942,1753.8365724771409
10943,1753.8365724771409
10944,1753.8365724771409
10945,1753.8365724771409
10946,1753.8365724771409
10947,1753.8365724771409
10948,1753.8365724771409
10949,1753.8365724771409
10950,1753.8365724771409
10951,1753.8365724771409
10952,1753.8365724771409
10953,1753.8365724771409
10954,1753.8365724771409
10955,1753.8365724771409
10956,1753.8365724771409
10957,1753.8365724771409
10958,1753.8365724771409
10959,1753.8365724771409
10960,1753.8365724771409
10961,1753.8365724771409
10962,1753.8365724771409
10963,1753.8365724771409
10964,1753.8365724771409
10965,1753.8365724771409
10966,1753.8365724771409
10967,1753.8365724771409
10968,1753.8365724771409
10969,1753.8365724771409
10970,1753.8365724771409
10971,1753.8365724771409
10972,1753.8365724771409
10973,1753.8365724771409
10974,1753.8365724771409
10975,1753.8365724771409
10976,1753.8365724771409
10977,1753.8365724771409
10978,1753.8365724771409
10979,1753.8365724771409
10980,1753.8365724771409
10981,1753.8365724771409
10982,1753.8365724771409
10983,1753.8365724771409
10984,1753.8365724771409
10985,1753.8365724771409
10986,1753.8365724771409
10987,1753.8365724771409
10988,1753.8365724771409
10989,1753.8365724771409
10990,1753.8365724771409
10991,1753.8365724771409
10992,1753.8365724771409
10993,1753.8365724771409
10994,1753.8365724771409
10995,1753.8365724771409
10996,1753.8365724771409
10997,1753.8365724771409
10998,1753.8365724771409
10999,1753.8365724771409
11000,1753.8365724771409
11001,1753.8365724771409
11002,1753.8365724771409
11003,1753.8365724771409
11004,1753.8365724771409
11005,1751.783044104983
11006,1751.783044104983
11007,1751.783044104983
11008,1751.783044104983
11009,1751.783044104983
11010,1751.783044104983
11011,1751.783044104983
11012,1751.783044104983
11013,1748.0491955612547
11014,1748.0491955612547
11015,1748.0491955612547
11016,1748.0491955612547
11017,1748.0491955612547
11018,1748.0491955612547
11019,1748.0491955612547
11020,1748.0491955612547
11021,1748.0491955612547
11022,1748.0491955612547
11023,1748.0491955612547
11024,1748.0491955612547
11025,1748.0491955612547
11026,1748.0491955612547
11027,1748.0491955612547
11028,1748.0491955612547
11029,1748.0491955612547
11030,1748.0491955612547
11031,1748.0491955612547
11032,1748.0491955612547
11033,1748.0491955612547
11034,1748.0491955612547
11035,1748.0491955612547
11036,1748.0491955612547
11037,1748.0491955612547
11038,1748.0491955612547
11039,1748.0491955612547
11040,1748.0491955612547
11041,1748.0491955612547
11042,1748.0491955612547
11043,1748.0491955612547
11044,1748.0491955612547
11045,1748.0491955612547
11046,1748.0491955612547
11047,1748.0491955612547
11048,1748.0491955612547
11049,1748.0491955612547
11050,1748.0491955612547
11051,1748.0491955612547
11052,1748.0491955612547
11053,1748.0491955612547
11054,1748.0491955612547
11055,1748.0491955612547
11056,1748.0491955612547
11057,1748.0491955612547
11058,1748.0491955612547
11059,1748.0491955612547
11060,1748.0491955612547
11061,1748.0491955612547
11062,1748.0491955612547
11063,1748.0491955612547
11064,1748.0491955612547
11065,1748.0491955612547
11066,1748.0491955612547
11067,1748.0491955612547
11068,1748.0491955612547
11069,1748.0491955612547
11070,1748.0491955612547
11071,1748.0491955612547
11072,1748.0491955612547
11073,1748.0491955612547
11074,1748.0491955612547
11075,1748.0491955612547
11076,1748.0491955612547
11077,1748.0491955612547
11078,1748.0491955612547
11079,1748.0491955612547
11080,1748.0491955612547
11081,1748.0491955612547
11082,1748.0491955612547
11083,1748.0491955612547
11084,1748.0491955612547
11085,1748.0491955612547
11086,1748.0491955612547
11087,1748.0491955612547
11088,1748.0491955612547
11089,1748.0491955612547
11090,1748.0491955612547
11091,1748.0491955612547
11092,1748.0491955612547
11093,1748.0491955612547
11094,1748.0491955612547
11095,1748.0491955612547
11096,1748.0491955612547
11097,1748.0491955612547
11098,1748.0491955612547
11099,1748.0491955612547
11100,1748.0491955612547
11101,1748.0491955612547
11102,1748.0491955612547
11103,1748.0491955612547
11104,1748.0491955612547
11105,1748.0491955612547
11106,1748.0491955612547
11107,1748.0491955612547
11108,1748.0491955612547
11109,1748.0491955612547
11110,1748.0491955612547
11111,1748.0491955612547
11112,1748.0491955612547
11113,1748.0491955612547
11114,1748.0491955612547
11115,1748.0491955612547
11116,1744.8103315156914
11117,1744.8103315156914
11118,1742.8118190603298
11119,1742.8118190603298
11120,1742.8118190603298
11121,1742.8118190603298
11122,1742.8118190603298
11123,1742.8118190603298
11124,1742.8118190603298
11125,1742.8118190603298
11126,1742.8118190603298
11127,1742.8118190603298
11128,1742.8118190603298
11129,1741.9652206421679
11130,1741.9652206421679
11131,1741.9652206421679
11132,1741.9652206421679
11133,1741.9652206421679
11134,1741.9652206421679
11135,1741.9652206421679
11136,1741.9652206421679
11137,1741.9652206421679
11138,1741.9652206421679
11139,1741.9652206421679
11140,1719.982463003101
11141,1719.982463003101
11142,1719.982463003101
11143,1719.982463003101
11144,1719.982463003101
11145,1719.982463003101
11146,1719.982463003101
11147,1719.982463003101
11148,1719.982463003101
11149,1719.982463003101
11150,1719.982463003101
11151,1719.982463003101
11152,1719.982463003101
11153,1719.982463003101
11154,1719.982463003101
11155,1719.982463003101
11156,1719.982463003101
11157,1719.982463003101
11158,1719.982463003101
11159,1719.982463003101
11160,1716.684437177844
11161,1716.684437177844
11162,1716.684437177844
11163,1716.684437177844
11164,1716.684437177844
11165,1716.684437177844
11166,1716.684437177844
11167,1716.684437177844
11168,1716.684437177844
11169,1716.684437177844
11170,1716.684437177844
11171,1716.684437177844
11172,1716.684437177844
11173,1716.684437177844
11174,1716.684437177844
11175,1716.684437177844
11176,1716.684437177844
11177,1716.684437177844
11178,1716.684437177844
11179,1716.684437177844
11180,1716.684437177844
11181,1716.684437177844
11182,1716.684437177844
11183,1716.684437177844
11184,1716.684437177844
11185,1716.684437177844
11186,1716.684437177844
11187,1716.684437177844
11188,1716.684437177844
11189,1716.684437177844
11190,1716.684437177844
11191,1716.684437177844
11192,1716.684437177844
11193,1716.684437177844
11194,1716.684437177844
11195,1716.684437177844
11196,1716.684437177844
11197,1716.684437177844
11198,1716.684437177844
11199,1716.684437177844
11200,1716.684437177844
11201,1715.2731005195324
11202,1715.2731005195324
11203,1715.2731005195324
11204,1715.2731005195324
11205,1715.2731005195324
11206,1715.2731005195324
11207,1715.2731005195324
11208,1715.2731005195324
11209,1715.2731005195324
11210,1715.2731005195324
11211,1715.2731005195324
11212,1715.2731005195324
11213,1715.2731005195324
11214,1715.2731005195324
11215,1715.2731005195324
11216,1715.2731005195324
11217,1715.2731005195324
11218,1715.2731005195324
11219,1715.2731005195324
11220,1715.2731005195324
11221,1715.2731005195324
11222,1715.2731005195324
11223,1715.2731005195324
11224,1715.2731005195324
11225,1715.2731005195324
11226,1715.2731005195324
11227,1715.2731005195324
11228,1715.2731005195324
11229,1715.2731005195324
11230,1715.2731005195324
11231,1715.2731005195324
11232,1715.2731005195324
11233,1715.2731005195324
11234,1715.2731005195324
11235,1715.2731005195324
11236,1715.2731005195324
11237,1715.2731005195324
11238,1715.2731005195324
11239,1715.2731005195324
11240,1715.2731005195324
11241,1715.2731005195324
11242,1715.2731005195324
11243,1715.2731005195324
11244,1715.2731005195324
11245,1715.2731005195324
11246,1715.2731005195324
11247,1715.2731005195324
11248,1715.2731005195324
11249,1715.2731005195324
11250,1715.2731005195324
11251,1715.2731005195324
11252,1715.2731005195324
11253,1715.2731005195324
11254,1715.2731005195324
11255,1715.2731005195324
11256,1715.2731005195324
11257,1715.2731005195324
11258,1715.2731005195324
11259,1715.2731005195324
11260,1715.2731005195324
11261,1715.2731005195324
11262,1715.2731005195324
11263,1715.2731005195324
11264,1715.2731005195324
11265,1715.2731005195324
11266,1715.2731005195324
11267,1715.2731005195324
11268,1715.2731005195324
11269,1715.2731005195324
11270,1715.2731005195324
11271,1715.2731005195324
11272,1715.2731005195324
11273,1715.2731005195324
11274,1715.2731005195324
11275,1715.2731005195324
11276,1715.2731005195324
11277,1715.2731005195324
11278,1715.2731005195324
11279,1715.2731005195324
11280,1715.2731005195324
11281,1715.2731005195324
11282,1715.2731005195324
11283,1715.2731005195324
11284,1715.2731005195324
11285,1715.2731005195324
11286,1715.2731005195324
11287,1715.2731005195324
11288,1715.2731005195324
11289,1715.2731005195324
11290,1715.2731005195324
11291,1715.2731005195324
11292,1715.2731005195324
11293,1715.2731005195324
11294,1715.2731005195324
11295,1715.2731005195324
11296,1715.2731005195324
11297,1715.2731005195324
11298,1715.2731005195324
11299,1715.2731005195324
11300,1715.2731005195324
11301,1715.2731005195324
11302,1715.2731005195324
11303,1715.2731005195324
11304,1715.2731005195324
11305,1715.2731005195324
11306,1715.2731005195324
11307,1715.2731005195324
11308,1715.2731005195324
11309,1715.2731005195324
11310,1715.2731005195324
11311,1715.2731005195324
11312,1715.2731005195324
11313,1715.2731005195324
11314,1715.2731005195324
11315,1715.2731005195324
11316,1715.2731005195324
11317,1715.2731005195324
11318,1715.2731005195324
11319,1715.2731005195324
11320,1715.2731005195324
11321,1715.2731005195324
11322,1715.2731005195324
11323,1715.2731005195324
11324,1715.2731005195324
11325,1715.2731005195324
11326,1715.2731005195324
11327,1715.2731005195324
11328,1715.2731005195324
11329,1715.2731005195324
11330,1715.2731005195324
11331,1715.2731005195324
11332,1715.2731005195324
11333,1715.2731005195324
11334,1715.2731005195324
11335,1715.2731005195324
11336,1715.2731005195324
11337,1715.2731005195324
11338,1715.2731005195324
11339,1715.2731005195324
11340,1715.2731005195324
11341,1715.2731005195324
11342,1715.2731005195324
11343,1715.2731005195324
11344,1715.2731005195324
11345,1715.2731005195324
11346,1715.2731005195324
11347,1715.2731005195324
11348,1715.2731005195324
11349,1715.2731005195324
11350,1715.2731005195324
11351,1715.2731005195324
11352,1715.2731005195324
11353,1715.2731005195324
11354,1715.2731005195324
11355,1715.2731005195324
11356,1715.2731005195324
11357,1715.2731005195324
11358,1715.2731005195324
11359,1715.2731005195324
11360,1715.2731005195324
11361,1715.2731005195324
11362,1715.2731005195324
11363,1715.2731005195324
11364,1715.2731005195324
11365,1715.2731005195324
11366,1715.2731005195324
11367,1715.2731005195324
11368,1715.2731005195324
11369,1715.2731005195324
11370,1715.2731005195324
11371,1715.2731005195324
11372,1715.2731005195324
11373,1715.2731005195324
11374,1708.0562614544926
11375,1708.0562614544926
11376,1708.0562614544926
11377,1708.0562614544926
11378,1708.0562614544926
11379,1708.0562614544926
11380,1708.0562614544926
11381,1708.0562614544926
11382,1708.0562614544926
11383,1708.0562614544926
11384,1708.0562614544926
11385,1708.0562614544926
11386,1708.0562614544926
11387,1708.0562614544926
11388,1701.93787696651
11389,1701.93787696651
11390,1701.93787696651
11391,1701.93787696651
11392,1701.93787696651
11393,1701.93787696651
11394,1701.93787696651
11395,1701.93787696651
11396,1698.155433827857
11397,1698.155433827857
11398,1698.155433827857
11399,1698.155433827857
11400,1698.155433827857
11401,1698.155433827857
11402,1698.155433827857
11403,1698.155433827857
11404,1698.155433827857
11405,1698.155433827857
11406,1698.155433827857
11407,1698.155433827857
11408,1698.155433827857
11409,1698.155433827857
11410,1698.155433827857
11411,1698.155433827857
11412,1698.155433827857
11413,1692.6431145365755
11414,1692.6431145365755
11415,1692.6431145365755
11416,1692.6431145365755
11417,1692.6431145365755
11418,1692.6431145365755
11419,1692.6431145365755
11420,1692.6431145365755
11421,1692.6431145365755
11422,1692.6431145365755
11423,1692.6431145365755
11424,1692.6431145365755
11425,1692.6431145365755
11426,1692.6431145365755
11427,1692.6431145365755
11428,1692.6431145365755
11429,1692.6431145365755
11430,1692.6431145365755
11431,1692.293062338934
11432,1692.293062338934
11433,1692.293062338934
11434,1692.293062338934
11435,1692.293062338934
11436,1692.293062338934
11437,1692.293062338934
11438,1692.293062338934
11439,1692.293062338934
11440,1692.293062338934
11441,1692.293062338934
11442,1692.293062338934
11443,1692.293062338934
11444,1692.293062338934
11445,1692.293062338934
11446,1692.293062338934
11447,1692.293062338934
11448,1692.293062338934
11449,1692.293062338934
11450,1692.293062338934
11451,1692.293062338934
11452,1692.293062338934
11453,1692.293062338934
11454,1692.293062338934
11455,1692.293062338934
11456,1692.293062338934
11457,1692.293062338934
11458,1692.293062338934
11459,1692.293062338934
11460,1692.293062338934
11461,1692.293062338934
11462,1692.293062338934
11463,1687.17587137849
11464,1687.17587137849
11465,1687.17587137849
11466,1687.17587137849
11467,1687.17587137849
11468,1687.17587137849
11469,1684.6281037620356
11470,1684.6281037620356
11471,1684.6281037620356
11472,1684.6281037620356
11473,1684.6281037620356
11474,1684.6281037620356
11475,1684.6281037620356
11476,1684.6281037620356
11477,1684.6281037620356
11478,1684.6281037620356
11479,1684.6281037620356
11480,1684.6281037620356
11481,1684.6281037620356
11482,1684.6281037620356
11483,1684.6281037620356
11484,1684.6281037620356
11485,1684.6281037620356
11486,1684.6281037620356
11487,1684.6281037620356
11488,1684.6281037620356
11489,1684.6281037620356
11490,1684.6281037620356
11491,1684.6281037620356
11492,1684.6281037620356
11493,1684.6281037620356
11494,1684.6281037620356
11495,1684.6281037620356
11496,1684.6281037620356
11497,1684.6281037620356
11498,1684.6281037620356
11499,1684.6281037620356
11500,1684.6281037620356
11501,1684.6281037620356
11502,1684.6281037620356
11503,1684.6281037620356
11504,1684.6281037620356
11505,1684.6281037620356
11506,1684.6281037620356
11507,1684.6281037620356
11508,1684.6281037620356
11509,1684.6281037620356
11510,1684.6281037620356
11511,1670.7682372131246
11512,1653.7905982236368
11513,1653.7905982236368
11514,1653.7905982236368
11515,1653.7905982236368
11516,1653.7905982236368
11517,1653.7905982236368
11518,1653.7905982236368
11519,1653.7905982236368
11520,1653.7905982236368
11521,1653.7905982236368
11522,1653.7905982236368
11523,1653.7905982236368
11524,1653.7905982236368
11525,1653.7905982236368
11526,1653.7905982236368
11527,1653.7905982236368
11528,1653.7905982236368
11529,1653.7905982236368
11530,1653.7905982236368
11531,1653.7905982236368
11532,1653.7905982236368
11533,1653.7905982236368
11534,1653.7905982236368
11535,1653.7905982236368
11536,1653.7905982236368
11537,1653.7905982236368
11538,1653.7905982236368
11539,1653.7905982236368
11540,1653.7905982236368
11541,1653.7905982236368
11542,1653.7905982236368
11543,1653.7905982236368
11544,1653.7905982236368
11545,1653.7905982236368
11546,1653.7905982236368
11547,1653.7905982236368
11548,1653.7905982236368
11549,1653.7905982236368
11550,1653.7905982236368
11551,1653.7905982236368
11552,1653.7905982236368
11553,1653.7905982236368
11554,1653.7905982236368
11555,1653.7905982236368
11556,1653.7905982236368
11557,1653.7905982236368
11558,1653.7905982236368
11559,1653.7905982236368
11560,1653.7905982236368
11561,1653.7905982236368
11562,1653.7905982236368
11563,1653.7905982236368
11564,1653.7905982236368
11565,1653.7905982236368
11566,1653.7905982236368
11567,1653.7905982236368
11568,1653.7905982236368
11569,1653.7905982236368
11570,1653.7905982236368
11571,1653.7905982236368
11572,1653.7905982236368
11573,1653.7905982236368
11574,1653.7905982236368
11575,1653.7905982236368
11576,1653.7905982236368
11577,1653.7905982236368
11578,1653.7905982236368
11579,1653.7905982236368
11580,1653.7905982236368
11581,1653.7905982236368
11582,1653.7905982236368
11583,1653.7905982236368
11584,1653.7905982236368
11585,1653.7905982236368
11586,1653.7905982236368
11587,1653.7905982236368
11588,1653.7905982236368
11589,1653.7905982236368
11590,1653.7905982236368
11591,1653.7905982236368
11592,1653.7905982236368
11593,1653.7905982236368
11594,1653.7905982236368
11595,1653.7905982236368
11596,1653.7905982236368
11597,1653.7905982236368
11598,1653.7905982236368
11599,1653.7905982236368
11600,1653.7905982236368
11601,1653.7905982236368
11602,1653.7905982236368
11603,1653.7905982236368
11604,1653.7905982236368
11605,1653.7905982236368
11606,1653.7905982236368
11607,1653.7905982236368
11608,1653.7905982236368
11609,1653.7905982236368
11610,1653.7905982236368
11611,1653.7905982236368
11612,1653.7905982236368
11613,1653.7905982236368
11614,1653.7905982236368
11615,1653.7905982236368
11616,1653.7905982236368
11617,1653.7905982236368
11618,1653.7905982236368
11619,1653.7905982236368
11620,1653.7905982236368
11621,1653.7905982236368
11622,1653.7905982236368
11623,1653.7905982236368
11624,1653.7905982236368
11625,1653.7905982236368
11626,1653.7905982236368
11627,1653.7905982236368
11628,1653.7905982236368
11629,1653.7905982236368
11630,1653.7905982236368
11631,1653.7905982236368
11632,1653.7905982236368
11633,1653.7905982236368
11634,1653.7905982236368
11635,1653.7905982236368
11636,1653.7905982236368
11637,1653.7905982236368
11638,1653.7905982236368
11639,1653.7905982236368
11640,1653.7905982236368
11641,1653.7905982236368
11642,1653.7905982236368
11643,1653.7905982236368
11644,1653.7905982236368
11645,1653.7905982236368
11646,1653.7905982236368
11647,1653.7905982236368
11648,1653.7905982236368
11649,1653.7905982236368
11650,1653.7905982236368
11651,1653.7905982236368
11652,1653.7905982236368
11653,1653.7905982236368
11654,1653.7905982236368
11655,1653.7905982236368
11656,1653.7905982236368
11657,1653.7905982236368
11658,1653.7905982236368
11659,1653.7905982236368
11660,1653.7905982236368
11661,1653.7905982236368
11662,1653.7905982236368
11663,1653.7905982236368
11664,1653.7905982236368
11665,1653.7905982236368
11666,1653.7905982236368
11667,1653.7905982236368
11668,1653.7905982236368
11669,1653.7905982236368
11670,1653.7905982236368
11671,1653.7905982236368
11672,1653.7905982236368
11673,1653.7905982236368
11674,1653.7905982236368
11675,1653.7905982236368
11676,1653.7905982236368
11677,1653.7905982236368
11678,1653.7905982236368
11679,1653.7905982236368
11680,1653.7905982236368
11681,1653.7905982236368
11682,1653.7905982236368
11683,1653.7905982236368
11684,1653.7905982236368
11685,1653.7905982236368
11686,1653.7905982236368
11687,1653.7905982236368
11688,1653.7905982236368
11689,1653.7905982236368
11690,1653.7905982236368
11691,1653.7905982236368
11692,1653.7905982236368
11693,1653.7905982236368
11694,1653.7905982236368
11695,1653.7905982236368
11696,1653.7905982236368
11697,1653.7905982236368
11698,1653.7905982236368
11699,1653.7905982236368
11700,1653.7905982236368
11701,1653.7905982236368
11702,1653.7905982236368
11703,1653.7905982236368
11704,1653.7905982236368
11705,1653.7905982236368
11706,1653.7905982236368
11707,1653.7905982236368
11708,1653.7905982236368
11709,1653.7905982236368
11710,1653.7905982236368
11711,1653.7905982236368
11712,1653.7905982236368
11713,1653.7905982236368
11714,1653.7905982236368
11715,1653.7905982236368
11716,1653.7905982236368
11717,1653.7905982236368
11718,1653.7905982236368
11719,1653.7905982236368
11720,1653.7905982236368
11721,1653.7905982236368
11722,1653.7905982236368
11723,1653.7905982236368
11724,1653.7905982236368
11725,1653.7905982236368
11726,1653.7905982236368
11727,1653.7905982236368
11728,1653.7905982236368
11729,1653.7905982236368
11730,1653.7905982236368
11731,1653.7905982236368
11732,1653.7905982236368
11733,1653.7905982236368
11734,1653.7905982236368
11735,1653.7905982236368
11736,1653.7905982236368
11737,1653.7905982236368
11738,1653.7905982236368
11739,1653.7905982236368
11740,1653.7905982236368
11741,1653.7905982236368
11742,1653.7905982236368
11743,1653.7905982236368
11744,1653.7905982236368
11745,1653.7905982236368
11746,1653.7905982236368
11747,1653.7905982236368
11748,1653.7905982236368
11749,1653.7905982236368
11750,1653.7905982236368
11751,1653.7905982236368
11752,1653.7905982236368
11753,1653.7905982236368
11754,1653.7905982236368
11755,1653.7905982236368
11756,1653.7905982236368
11757,1653.7905982236368
11758,1653.7905982236368
11759,1653.7905982236368
11760,1653.7905982236368
11761,1653.7905982236368
11762,1653.7905982236368
11763,1653.7905982236368
11764,1653.7905982236368
11765,1645.626292179354
11766,1645.626292179354
11767,1645.626292179354
11768,1645.626292179354
11769,1645.626292179354
11770,1645.626292179354
11771,1645.626292179354
11772,1645.626292179354
11773,1645.626292179354
11774,1645.626292179354
11775,1645.626292179354
11776,1631.4902347413524
11777,1631.4902347413524
11778,1631.4902347413524
11779,1631.4902347413524
11780,1631.4902347413524
11781,1631.4902347413524
11782,1631.4902347413524
11783,1631.4902347413524
11784,1631.4902347413524
11785,1631.4902347413524
11786,1631.4902347413524
11787,1631.4902347413524
11788,1631.4902347413524
11789,1631.4902347413524
11790,1631.4902347413524
11791,1631.4902347413524
11792,1631.4902347413524
11793,1631.4902347413524
11794,1631.4902347413524
11795,1631.4902347413524
11796,1631.4902347413524
11797,1631.4902347413524
11798,1631.4902347413524
11799,1631.4902347413524
11800,1631.4902347413524
11801,1631.4902347413524
11802,1631.4902347413524
11803,1631.4902347413524
11804,1631.4902347413524
11805,1631.4902347413524
11806,1631.4902347413524
11807,1631.4902347413524
11808,1631.4902347413524
11809,1631.4902347413524
11810,1631.4902347413524
11811,1631.4902347413524
11812,1631.4902347413524
11813,1631.4902347413524
11814,1631.4902347413524
11815,1631.4902347413524
11816,1631.4902347413524
11817,1631.4902347413524
11818,1631.4902347413524
11819,1631.4902347413524
11820,1631.4902347413524
11821,1631.4902347413524
11822,1631.4902347413524
11823,1631.4902347413524
11824,1631.4902347413524
11825,1631.4902347413524
11826,1631.4902347413524
11827,1631.4902347413524
11828,1631.4902347413524
11829,1631.4902347413524
11830,1631.4902347413524
11831,1631.4902347413524
11832,1631.4902347413524
11833,1631.4902347413524
11834,1631.4902347413524
11835,1631.4902347413524
11836,1631.4902347413524
11837,1631.4902347413524
11838,1631.4902347413524
11839,1631.4902347413524
11840,1631.4902347413524
11841,1631.4902347413524
11842,1631.4902347413524
11843,1631.4902347413524
11844,1631.4902347413524
11845,1631.4902347413524
11846,1631.4902347413524
11847,1631.4902347413524
11848,1631.4902347413524
11849,1631.4902347413524
11850,1631.4902347413524
11851,1631.4902347413524
11852,1631.4902347413524
11853,1631.4902347413524
11854,1631.4902347413524
11855,1631.4902347413524
11856,1631.4902347413524
11857,1631.4902347413524
11858,1631.4902347413524
11859,1631.4902347413524
11860,1631.4902347413524
11861,1631.4902347413524
11862,1631.4902347413524
11863,1631.4902347413524
11864,1631.4902347413524
11865,1631.4902347413524
11866,1631.4902347413524
11867,1631.4902347413524
11868,1631.4902347413524
11869,1631.4902347413524
11870,1631.4902347413524
11871,1631.4902347413524
11872,1631.4902347413524
11873,1631.4902347413524
11874,1631.4902347413524
11875,1631.4902347413524
11876,1631.4902347413524
11877,1631.4902347413524
11878,1631.4902347413524
11879,1631.4902347413524
11880,1631.4902347413524
11881,1631.4902347413524
11882,1631.4902347413524
11883,1631.4902347413524
11884,1631.4902347413524
11885,1631.4902347413524
11886,1631.4902347413524
11887,1631.4902347413524
11888,1631.4902347413524
11889,1631.4902347413524
11890,1631.4902347413524
11891,1631.4902347413524
11892,1631.4902347413524
11893,1631.4902347413524
11894,1631.4902347413524
11895,1631.4902347413524
11896,1631.4902347413524
11897,1631.4902347413524
11898,1631.4902347413524
11899,1631.4902347413524
11900,1631.4902347413524
11901,1631.4902347413524
11902,1631.4902347413524
11903,1631.4902347413524
11904,1631.4902347413524
11905,1631.4902347413524
11906,1631.4902347413524
11907,1631.4902347413524
11908,1631.4902347413524
11909,1631.4902347413524
11910,1631.4902347413524
11911,1631.4902347413524
11912,1631.4902347413524
11913,1631.4902347413524
11914,1631.4902347413524
11915,1631.4902347413524
11916,1631.4902347413524
11917,1631.4902347413524
11918,1631.4902347413524
11919,1631.4902347413524
11920,1631.4902347413524
11921,1631.4902347413524
11922,1631.4902347413524
11923,1631.4902347413524
11924,1631.4902347413524
11925,1631.4902347413524
11926,1631.4902347413524
11927,1631.4902347413524
11928,1631.4902347413524
11929,1631.4902347413524
11930,1631.4902347413524
11931,1631.4902347413524
11932,1631.4902347413524
11933,1631.4902347413524
11934,1631.4902347413524
11935,1631.4902347413524
11936,1631.4902347413524
11937,1631.4902347413524
11938,1631.4902347413524
11939,1631.4902347413524
11940,1631.4902347413524
11941,1631.4902347413524
11942,1631.4902347413524
11943,1631.4902347413524
11944,1631.4902347413524
11945,1631.4902347413524
11946,1631.4902347413524
11947,1631.4902347413524
11948,1631.4902347413524
11949,1631.4902347413524
11950,1631.4902347413524
11951,1631.4902347413524
11952,1631.4902347413524
11953,1631.4902347413524
11954,1631.4902347413524
11955,1631.4902347413524
11956,1631.4902347413524
11957,1631.4902347413524
11958,1631.4902347413524
11959,1631.4902347413524
11960,1631.4902347413524
11961,1631.4902347413524
11962,1631.4902347413524
11963,1631.4902347413524
11964,1631.4902347413524
11965,1631.4902347413524
11966,1631.4902347413524
11967,1631.4902347413524
11968,1631.4902347413524
11969,1631.4902347413524
11970,1631.4902347413524
11971,1631.4902347413524
11972,1631.4902347413524
11973,1631.4902347413524
11974,1631.4902347413524
11975,1631.4902347413524
11976,1631.4902347413524
11977,1631.4902347413524
11978,1631.4902347413524
11979,1631.4902347413524
11980,1631.4902347413524
11981,1631.4902347413524
11982,1631.4902347413524
11983,1631.4902347413524
11984,1631.4902347413524
11985,1631.4902347413524
11986,1631.4902347413524
11987,1631.4902347413524
11988,1631.4902347413524
11989,1631.4902347413524
11990,1631.4902347413524
11991,1631.4902347413524
11992,1631.4902347413524
11993,1631.4902347413524
11994,1631.4902347413524
11995,1631.4902347413524
11996,1631.4902347413524
11997,1631.4902347413524
11998,1631.4902347413524
11999,1631.4902347413524
12000,1631.4902347413524
12001,1631.4902347413524
12002,1631.4902347413524
12003,1631.4902347413524
12004,1631.4902347413524
12005,1631.4902347413524
12006,1631.4902347413524
12007,1631.4902347413524
12008,1631.4902347413524
12009,1631.4902347413524
12010,1631.4902347413524
12011,1631.4902347413524
12012,1631.4902347413524
12013,1631.4902347413524
12014,1631.4902347413524
12015,1631.4902347413524
12016,1631.4902347413524
12017,1631.4902347413524
12018,1631.4902347413524
12019,1631.4902347413524
12020,1631.4902347413524
12021,1631.4902347413524
12022,1631.4902347413524
12023,1631.4902347413524
12024,1631.4902347413524
12025,1631.4902347413524
12026,1631.4902347413524
12027,1631.4902347413524
12028,1631.4902347413524
12029,1631.4902347413524
12030,1631.4902347413524
12031,1631.4902347413524
12032,1631.4902347413524
12033,1631.4902347413524
12034,1631.4902347413524
12035,1631.4902347413524
12036,1631.4902347413524
12037,1631.4902347413524
12038,1631.4902347413524
12039,1631.4902347413524
12040,1631.4902347413524
12041,1631.4902347413524
12042,1631.4902347413524
12043,1631.4902347413524
12044,1631.4902347413524
12045,1631.4902347413524
12046,1631.4902347413524
12047,1631.4902347413524
12048,1631.4902347413524
12049,1631.4902347413524
12050,1631.4902347413524
12051,1631.4902347413524
12052,1631.4902347413524
12053,1631.4902347413524
12054,1631.4902347413524
12055,1631.4902347413524
12056,1631.4902347413524
12057,1631.4902347413524
12058,1631.4902347413524
12059,1631.4902347413524
12060,1631.4902347413524
12061,1631.4902347413524
12062,1631.4902347413524
12063,1631.4902347413524
12064,1631.4902347413524
12065,1631.4902347413524
12066,1631.4902347413524
12067,1631.4902347413524
12068,1631.4902347413524
12069,1631.4902347413524
12070,1631.4902347413524
12071,1631.4902347413524
12072,1631.4902347413524
12073,1631.4902347413524
12074,1631.4902347413524
12075,1631.4902347413524
12076,1631.4902347413524
12077,1631.4902347413524
12078,1631.4902347413524
12079,1631.4902347413524
12080,1631.4902347413524
12081,1631.4902347413524
12082,1631.4902347413524
12083,1631.4902347413524
12084,1631.4902347413524
12085,1631.4902347413524
12086,1631.4902347413524
12087,1631.4902347413524
12088,1631.4902347413524
12089,1631.4902347413524
12090,1631.4902347413524
12091,1631.4902347413524
12092,1631.4902347413524
12093,1631.4902347413524
12094,1631.4902347413524
12095,1631.4902347413524
12096,1631.4902347413524
12097,1631.4902347413524
12098,1631.4902347413524
12099,1631.4902347413524
12100,1631.4902347413524
12101,1631.4902347413524
12102,1631.4902347413524
12103,1631.4902347413524
12104,1631.4902347413524
12105,1631.4902347413524
12106,1631.4902347413524
12107,1631.4902347413524
12108,1631.4902347413524
12109,1631.4902347413524
12110,1626.443459140972
12111,1626.443459140972
12112,1626.443459140972
12113,1626.443459140972
12114,1626.443459140972
12115,1626.443459140972
12116,1626.443459140972
12117,1626.443459140972
12118,1626.443459140972
12119,1626.443459140972
12120,1626.443459140972
12121,1626.443459140972
12122,1626.443459140972
12123,1626.443459140972
12124,1626.443459140972
12125,1626.443459140972
12126,1626.443459140972
12127,1626.443459140972
12128,1626.443459140972
12129,1626.443459140972
12130,1626.443459140972
12131,1626.443459140972
12132,1626.443459140972
12133,1626.443459140972
12134,1626.443459140972
12135,1626.443459140972
12136,1626.443459140972
12137,1626.443459140972
12138,1626.443459140972
12139,1626.443459140972
12140,1626.443459140972
12141,1626.443459140972
12142,1626.443459140972
12143,1626.443459140972
12144,1626.443459140972
12145,1626.443459140972
12146,1626.443459140972
12147,1626.443459140972
12148,1626.443459140972
12149,1626.443459140972
12150,1626.443459140972
12151,1626.443459140972
12152,1626.443459140972
12153,1626.443459140972
12154,1626.443459140972
12155,1626.443459140972
12156,1626.443459140972
12157,1626.443459140972
12158,1626.443459140972
12159,1626.443459140972
12160,1626.443459140972
12161,1626.443459140972
12162,1626.443459140972
12163,1626.443459140972
12164,1626.443459140972
12165,1626.443459140972
12166,1626.443459140972
12167,1626.443459140972
12168,1623.7257173967014
12169,1623.7257173967014
12170,1623.7257173967014
12171,1623.7257173967014
12172,1623.7257173967014
12173,1623.7257173967014
12174,1623.7257173967014
12175,1623.7257173967014
12176,1623.7257173967014
12177,1623.7257173967014
12178,1623.7257173967014
12179,1623.7257173967014
12180,1623.7257173967014
12181,1623.7257173967014
12182,1623.7257173967014
12183,1623.7257173967014
12184,1623.7257173967014
12185,1623.7257173967014
12186,1623.7257173967014
12187,1623.7257173967014
12188,1623.7257173967014
12189,1623.7257173967014
12190,1623.7257173967014
12191,1616.3012930094835
12192,1616.3012930094835
12193,1616.3012930094835
12194,1616.3012930094835
12195,1616.3012930094835
12196,1616.3012930094835
12197,1616.3012930094835
12198,1616.3012930094835
12199,1616.3012930094835
12200,1616.3012930094835
12201,1616.3012930094835
12202,1616.3012930094835
12203,1616.3012930094835
12204,1616.3012930094835
12205,1616.3012930094835
12206,1616.3012930094835
12207,1616.3012930094835
12208,1616.3012930094835
12209,1616.3012930094835
12210,1616.3012930094835
12211,1616.3012930094835
12212,1616.3012930094835
12213,1616.3012930094835
12214,1616.3012930094835
12215,1616.3012930094835
12216,1616.3012930094835
12217,1616.3012930094835
12218,1616.3012930094835
12219,1616.3012930094835
12220,1616.3012930094835
12221,1616.3012930094835
12222,1616.3012930094835
12223,1616.3012930094835
12224,1616.3012930094835
12225,1616.3012930094835
12226,1616.3012930094835
12227,1616.3012930094835
12228,1616.3012930094835
12229,1616.3012930094835
12230,1616.3012930094835
12231,1616.3012930094835
12232,1616.3012930094835
12233,1616.3012930094835
12234,1616.3012930094835
12235,1616.3012930094835
12236,1616.3012930094835
12237,1616.3012930094835
12238,1616.3012930094835
12239,1616.3012930094835
12240,1616.3012930094835
12241,1616.3012930094835
12242,1616.3012930094835
12243,1616.3012930094835
12244,1616.3012930094835
12245,1616.3012930094835
12246,1616.3012930094835
12247,1616.3012930094835
12248,1616.3012930094835
12249,1616.3012930094835
12250,1616.3012930094835
12251,1616.3012930094835
12252,1616.3012930094835
12253,1616.3012930094835
12254,1616.3012930094835
12255,1616.3012930094835
12256,1616.3012930094835
12257,1616.3012930094835
12258,1616.3012930094835
12259,1616.3012930094835
12260,1616.3012930094835
12261,1616.3012930094835
12262,1616.3012930094835
12263,1616.3012930094835
12264,1616.3012930094835
12265,1616.3012930094835
12266,1616.3012930094835
12267,1616.3012930094835
12268,1616.3012930094835
12269,1616.3012930094835
12270,1616.3012930094835
12271,1616.3012930094835
12272,1616.3012930094835
12273,1616.3012930094835
12274,1616.3012930094835
12275,1616.3012930094835
12276,1616.3012930094835
12277,1616.3012930094835
12278,1616.3012930094835
12279,1616.3012930094835
12280,1616.3012930094835
12281,1616.3012930094835
12282,1616.3012930094835
12283,1616.3012930094835
12284,1616.3012930094835
12285,1616.3012930094835
12286,1616.3012930094835
12287,1616.3012930094835
12288,1616.3012930094835
12289,1616.3012930094835
12290,1616.3012930094835
12291,1616.3012930094835
12292,1616.3012930094835
12293,1616.3012930094835
12294,1616.3012930094835
12295,1616.3012930094835
12296,1616.3012930094835
12297,1616.3012930094835
12298,1616.3012930094835
12299,1616.3012930094835
12300,1616.3012930094835
12301,1616.3012930094835
12302,1616.3012930094835
12303,1616.3012930094835
12304,1616.3012930094835
12305,1616.3012930094835
12306,1616.3012930094835
12307,1616.3012930094835
12308,1616.3012930094835
12309,1616.3012930094835
12310,1616.3012930094835
12311,1616.3012930094835
12312,1616.3012930094835
12313,1616.3012930094835
12314,1616.3012930094835
12315,1616.3012930094835
12316,1616.3012930094835
12317,1616.3012930094835
12318,1616.3012930094835
12319,1616.3012930094835
12320,1616.3012930094835
12321,1616.3012930094835
12322,1616.3012930094835
12323,1616.3012930094835
12324,1616.3012930094835
12325,1616.3012930094835
12326,1616.3012930094835
12327,1616.3012930094835
12328,1616.3012930094835
12329,1616.3012930094835
12330,1616.3012930094835
12331,1616.3012930094835
12332,1616.3012930094835
12333,1616.3012930094835
12334,1616.3012930094835
12335,1616.3012930094835
12336,1616.3012930094835
12337,1616.3012930094835
12338,1616.3012930094835
12339,1616.3012930094835
12340,1616.3012930094835
12341,1616.3012930094835
12342,1616.3012930094835
12343,1616.3012930094835
12344,1616.3012930094835
12345,1616.3012930094835
12346,1616.3012930094835
12347,1616.3012930094835
12348,1616.3012930094835
12349,1616.3012930094835
12350,1616.3012930094835
12351,1616.3012930094835
12352,1616.3012930094835
12353,1616.3012930094835
12354,1616.3012930094835
12355,1616.3012930094835
12356,1616.3012930094835
12357,1616.3012930094835
12358,1616.3012930094835
12359,1616.3012930094835
12360,1616.3012930094835
12361,1616.3012930094835
12362,1616.3012930094835
12363,1616.3012930094835
12364,1616.3012930094835
12365,1616.3012930094835
12366,1616.3012930094835
12367,1616.3012930094835
12368,1616.3012930094835
12369,1616.3012930094835
12370,1616.3012930094835
12371,1616.3012930094835
12372,1616.3012930094835
12373,1616.3012930094835
12374,1616.3012930094835
12375,1616.3012930094835
12376,1616.3012930094835
12377,1616.3012930094835
12378,1616.3012930094835
12379,1616.3012930094835
12380,1616.3012930094835
12381,1616.3012930094835
12382,1616.3012930094835
12383,1616.3012930094835
12384,1616.3012930094835
12385,1616.3012930094835
12386,1616.3012930094835
12387,1616.3012930094835
12388,1616.3012930094835
12389,1616.3012930094835
12390,1616.3012930094835
12391,1616.3012930094835
12392,1616.3012930094835
12393,1616.3012930094835
12394,1616.3012930094835
12395,1616.3012930094835
12396,1616.3012930094835
12397,1616.3012930094835
12398,1616.3012930094835
12399,1616.3012930094835
12400,1616.3012930094835
12401,1616.3012930094835
12402,1616.3012930094835
12403,1616.3012930094835
12404,1616.3012930094835
12405,1616.3012930094835
12406,1616.3012930094835
12407,1616.3012930094835
12408,1616.3012930094835
12409,1616.3012930094835
12410,1616.3012930094835
12411,1616.3012930094835
12412,1616.3012930094835
12413,1616.3012930094835
12414,1616.3012930094835
12415,1616.3012930094835
12416,1616.3012930094835
12417,1616.3012930094835
12418,1616.3012930094835
12419,1616.3012930094835
12420,1616.3012930094835
12421,1616.3012930094835
12422,1616.3012930094835
12423,1616.3012930094835
12424,1616.3012930094835
12425,1616.3012930094835
12426,1616.3012930094835
12427,1616.3012930094835
12428,1616.3012930094835
12429,1616.3012930094835
12430,1616.3012930094835
12431,1616.3012930094835
12432,1616.3012930094835
12433,1616.3012930094835
12434,1616.3012930094835
12435,1616.3012930094835
12436,1616.3012930094835
12437,1616.3012930094835
12438,1616.3012930094835
12439,1616.3012930094835
12440,1616.3012930094835
12441,1603.0153791317566
12442,1603.0153791317566
12443,1603.0153791317566
12444,1603.0153791317566
12445,1603.0153791317566
12446,1603.0153791317566
12447,1603.0153791317566
12448,1603.0153791317566
12449,1603.0153791317566
12450,1603.0153791317566
12451,1603.0153791317566
12452,1603.0153791317566
12453,1603.0153791317566
12454,1603.0153791317566
12455,1603.0153791317566
12456,1603.0153791317566
12457,1603.0153791317566
12458,1603.0153791317566
12459,1603.0153791317566
12460,1603.0153791317566
12461,1603.0153791317566
12462,1603.0153791317566
12463,1603.0153791317566
12464,1603.0153791317566
12465,1603.0153791317566
12466,1603.0153791317566
12467,1603.0153791317566
12468,1603.0153791317566
12469,1603.0153791317566
12470,1603.0153791317566
12471,1603.0153791317566
12472,1603.0153791317566
12473,1603.0153791317566
12474,1603.0153791317566
12475,1603.0153791317566
12476,1603.0153791317566
12477,1603.0153791317566
12478,1603.0153791317566
12479,1603.0153791317566
12480,1603.0153791317566
12481,1603.0153791317566
12482,1603.0153791317566
12483,1603.0153791317566
12484,1603.0153791317566
12485,1603.0153791317566
12486,1603.0153791317566
12487,1603.0153791317566
12488,1603.0153791317566
12489,1603.0153791317566
12490,1603.0153791317566
12491,1603.0153791317566
12492,1603.0153791317566
12493,1603.0153791317566
12494,1603.0153791317566
12495,1603.0153791317566
12496,1603.0153791317566
12497,1603.0153791317566
12498,1603.0153791317566
12499,1603.0153791317566
12500,1603.0153791317566
12501,1603.0153791317566
12502,1603.0153791317566
12503,1603.0153791317566
12504,1603.0153791317566
12505,1603.0153791317566
12506,1603.0153791317566
12507,1603.0153791317566
12508,1600.4359160614615
12509,1600.4359160614615
12510,1572.7144347285423
12511,1572.7144347285423
12512,1572.7144347285423
12513,1572.7144347285423
12514,1572.7144347285423
12515,1572.7144347285423
12516,1572.7144347285423
12517,1572.7144347285423
12518,1572.7144347285423
12519,1572.7144347285423
12520,1572.7144347285423
12521,1572.7144347285423
12522,1572.7144347285423
12523,1572.7144347285423
12524,1572.7144347285423
12525,1572.7144347285423
12526,1572.7144347285423
12527,1572.7144347285423
12528,1572.7144347285423
12529,1572.7144347285423
12530,1572.7144347285423
12531,1572.5188759219968
12532,1572.5188759219968
12533,1572.5188759219968
12534,1572.5188759219968
12535,1572.5188759219968
12536,1572.5188759219968
12537,1572.5188759219968
12538,1572.5188759219968
12539,1572.5188759219968
12540,1572.5188759219968
12541,1572.5188759219968
12542,1572.5188759219968
12543,1572.5188759219968
12544,1572.5188759219968
12545,1572.5188759219968
12546,1572.5188759219968
12547,1572.5188759219968
12548,1572.5188759219968
12549,1572.5188759219968
12550,1572.5188759219968
12551,1572.5188759219968
12552,1572.5188759219968
12553,1572.5188759219968
12554,1572.5188759219968
12555,1572.5188759219968
12556,1572.5188759219968
12557,1572.5188759219968
12558,1572.5188759219968
12559,1572.5188759219968
12560,1572.5188759219968
12561,1572.5188759219968
12562,1572.5188759219968
12563,1572.5188759219968
12564,1572.5188759219968
12565,1572.5188759219968
12566,1572.5188759219968
12567,1572.5188759219968
12568,1572.5188759219968
12569,1572.5188759219968
12570,1572.5188759219968
12571,1572.5188759219968
12572,1572.5188759219968
12573,1567.3087244093404
12574,1567.3087244093404
12575,1567.3087244093404
12576,1567.3087244093404
12577,1567.3087244093404
12578,1567.3087244093404
12579,1567.3087244093404
12580,1567.3087244093404
12581,1567.3087244093404
12582,1567.3087244093404
12583,1567.3087244093404
12584,1567.3087244093404
12585,1567.3087244093404
12586,1567.3087244093404
12587,1567.3087244093404
12588,1567.3087244093404
12589,1567.3087244093404
12590,1567.3087244093404
12591,1567.3087244093404
12592,1567.3087244093404
12593,1567.3087244093404
12594,1567.3087244093404
12595,1567.3087244093404
12596,1567.3087244093404
12597,1567.3087244093404
12598,1567.3087244093404
12599,1567.3087244093404
12600,1567.3087244093404
12601,1567.3087244093404
12602,1567.3087244093404
12603,1567.3087244093404
12604,1567.3087244093404
12605,1567.3087244093404
12606,1567.3087244093404
12607,1567.3087244093404
12608,1567.3087244093404
12609,1567.3087244093404
12610,1567.3087244093404
12611,1567.3087244093404
12612,1567.3087244093404
12613,1567.3087244093404
12614,1567.3087244093404
12615,1567.3087244093404
12616,1567.3087244093404
12617,1567.3087244093404
12618,1567.3087244093404
12619,1567.3087244093404
12620,1567.3087244093404
12621,1567.3087244093404
12622,1567.3087244093404
12623,1567.3087244093404
12624,1567.3087244093404
12625,1567.3087244093404
12626,1567.3087244093404
12627,1567.3087244093404
12628,1567.3087244093404
12629,1567.3087244093404
12630,1567.3087244093404
12631,1567.3087244093404
12632,1567.3087244093404
12633,1567.3087244093404
12634,1567.3087244093404
12635,1567.3087244093404
12636,1567.3087244093404
12637,1567.3087244093404
12638,1567.3087244093404
12639,1567.3087244093404
12640,1567.3087244093404
12641,1567.3087244093404
12642,1567.3087244093404
12643,1567.3087244093404
12644,1567.3087244093404
12645,1567.3087244093404
12646,1567.3087244093404
12647,1567.3087244093404
12648,1567.3087244093404
12649,1567.3087244093404
12650,1567.3087244093404
12651,1567.3087244093404
12652,1567.3087244093404
12653,1567.3087244093404
12654,1567.3087244093404
12655,1567.3087244093404
12656,1567.3087244093404
12657,1567.3087244093404
12658,1567.3087244093404
12659,1567.3087244093404
12660,1567.3087244093404
12661,1567.3087244093404
12662,1567.3087244093404
12663,1567.3087244093404
12664,1567.3087244093404
12665,1567.3087244093404
12666,1567.3087244093404
12667,1567.3087244093404
12668,1567.3087244093404
12669,1567.3087244093404
12670,1567.3087244093404
12671,1567.3087244093404
12672,1567.3087244093404
12673,1567.3087244093404
12674,1567.3087244093404
12675,1567.3087244093404
12676,1567.3087244093404
12677,1567.3087244093404
12678,1567.3087244093404
12679,1567.3087244093404
12680,1567.3087244093404
12681,1567.3087244093404
12682,1567.3087244093404
12683,1567.3087244093404
12684,1567.3087244093404
12685,1567.3087244093404
12686,1567.3087244093404
12687,1567.3087244093404
12688,1567.3087244093404
12689,1567.3087244093404
12690,1567.3087244093404
12691,1567.3087244093404
12692,1567.3087244093404
12693,1567.3087244093404
12694,1567.3087244093404
12695,1567.3087244093404
12696,1567.3087244093404
12697,1567.3087244093404
12698,1567.3087244093404
12699,1567.3087244093404
12700,1567.3087244093404
12701,1567.3087244093404
12702,1567.3087244093404
12703,1563.9813218600377
12704,1563.9813218600377
12705,1563.9813218600377
12706,1563.9813218600377
12707,1563.9813218600377
12708,1563.9813218600377
12709,1563.9813218600377
12710,1563.9813218600377
12711,1563.9813218600377
12712,1563.9813218600377
12713,1563.9813218600377
12714,1563.9813218600377
12715,1563.9813218600377
12716,1563.9813218600377
12717,1563.9813218600377
12718,1563.9813218600377
12719,1563.9813218600377
12720,1563.9813218600377
12721,1563.9813218600377
12722,1563.9813218600377
12723,1563.9813218600377
12724,1563.9813218600377
12725,1563.9813218600377
12726,1563.9813218600377
12727,1563.9813218600377
12728,1563.9813218600377
12729,1563.9813218600377
12730,1563.9813218600377
12731,1563.9813218600377
12732,1563.9813218600377
12733,1563.9813218600377
12734,1563.9813218600377
12735,1563.9813218600377
12736,1563.9813218600377
12737,1563.9813218600377
12738,1563.9813218600377
12739,1563.9813218600377
12740,1563.9813218600377
12741,1563.9813218600377
12742,1563.9813218600377
12743,1563.9813218600377
12744,1563.9813218600377
12745,1563.9813218600377
12746,1563.9813218600377
12747,1563.9813218600377
12748,1563.9813218600377
12749,1563.9813218600377
12750,1563.9813218600377
12751,1563.9813218600377
12752,1563.9813218600377
12753,1563.9813218600377
12754,1563.9813218600377
12755,1563.9813218600377
12756,1563.9813218600377
12757,1563.9813218600377
12758,1563.9813218600377
12759,1563.9813218600377
12760,1563.9813218600377
12761,1563.9813218600377
12762,1563.9813218600377
12763,1563.9813218600377
12764,1563.9813218600377
12765,1563.9813218600377
12766,1563.9813218600377
12767,1563.9813218600377
12768,1563.9813218600377
12769,1563.9813218600377
12770,1563.9813218600377
12771,1563.9813218600377
12772,1563.9813218600377
12773,1563.9813218600377
12774,1563.9813218600377
12775,1563.9813218600377
12776,1563.9813218600377
12777,1563.9813218600377
12778,1563.9813218600377
12779,1563.9813218600377
12780,1563.9813218600377
12781,1563.9813218600377
12782,1563.9813218600377
12783,1563.9813218600377
12784,1563.9813218600377
12785,1563.9813218600377
12786,1563.9813218600377
12787,1563.9813218600377
12788,1563.9813218600377
12789,1563.9813218600377
12790,1563.9813218600377
12791,1563.9813218600377
12792,1563.9813218600377
12793,1563.9813218600377
12794,1563.9813218600377
12795,1563.9813218600377
12796,1563.9813218600377
12797,1563.9813218600377
12798,1563.9813218600377
12799,1563.9813218600377
12800,1563.9813218600377
12801,1563.9813218600377
12802,1563.9813218600377
12803,1563.9813218600377
12804,1563.9813218600377
12805,1563.9813218600377
12806,1563.9813218600377
12807,1563.9813218600377
12808,1563.9813218600377
12809,1563.9813218600377
12810,1563.9813218600377
12811,1563.9813218600377
12812,1563.9813218600377
12813,1563.9813218600377
12814,1563.9813218600377
12815,1563.9813218600377
12816,1563.9813218600377
12817,1563.9813218600377
12818,1563.9813218600377
12819,1563.9813218600377
12820,1563.9813218600377
12821,1563.9813218600377
12822,1563.9813218600377
12823,1563.9813218600377
12824,1563.9813218600377
12825,1563.9813218600377
12826,1563.9813218600377
12827,1563.3714003871544
12828,1563.3714003871544
12829,1563.3714003871544
12830,1563.3714003871544
12831,1563.3714003871544
12832,1563.3714003871544
12833,1563.3714003871544
12834,1563.3714003871544
12835,1563.3714003871544
12836,1563.3714003871544
12837,1563.3714003871544
12838,1563.3714003871544
12839,1563.3714003871544
12840,1563.3714003871544
12841,1563.3714003871544
12842,1563.3714003871544
12843,1563.3714003871544
12844,1563.3714003871544
12845,1563.3714003871544
12846,1563.3714003871544
12847,1563.3714003871544
12848,1563.3714003871544
12849,1563.3714003871544
12850,1563.3714003871544
12851,1563.3714003871544
12852,1563.3714003871544
12853,1563.3714003871544
12854,1563.3714003871544
12855,1563.3714003871544
12856,1563.3714003871544
12857,1563.3714003871544
12858,1563.3714003871544
12859,1563.3714003871544
12860,1563.3714003871544
12861,1563.3714003871544
12862,1563.3714003871544
12863,1563.3714003871544
12864,1563.3714003871544
12865,1563.3714003871544
12866,1563.3714003871544
12867,1563.3714003871544
12868,1563.3714003871544
12869,1563.3714003871544
12870,1563.3714003871544
12871,1563.3714003871544
12872,1563.3714003871544
12873,1563.3714003871544
12874,1563.3714003871544
12875,1563.3714003871544
12876,1563.3714003871544
12877,1563.3714003871544
12878,1563.3714003871544
12879,1563.3714003871544
12880,1563.3714003871544
12881,1563.3714003871544
12882,1563.3714003871544
12883,1563.3714003871544
12884,1563.3714003871544
12885,1563.3714003871544
12886,1563.3714003871544
12887,1563.3714003871544
12888,1563.3714003871544
12889,1563.3714003871544
12890,1563.3714003871544
12891,1563.3714003871544
12892,1563.3714003871544
12893,1563.3714003871544
12894,1563.3714003871544
12895,1563.3714003871544
12896,1563.3714003871544
12897,1563.3714003871544
12898,1563.3714003871544
12899,1562.7993589522414
12900,1562.7993589522414
12901,1562.7993589522414
12902,1562.7993589522414
12903,1560.853750032744
12904,1560.853750032744
12905,1560.853750032744
12906,1560.853750032744
12907,1556.840604613505
12908,1556.840604613505
12909,1556.840604613505
12910,1556.840604613505
12911,1556.840604613505
12912,1556.840604613505
12913,1556.840604613505
12914,1556.840604613505
12915,1556.840604613505
12916,1556.840604613505
12917,1556.840604613505
12918,1556.840604613505
12919,1556.840604613505
12920,1556.840604613505
12921,1556.840604613505
12922,1556.840604613505
12923,1556.840604613505
12924,1556.840604613505
12925,1556.840604613505
12926,1556.840604613505
12927,1556.840604613505
12928,1556.840604613505
12929,1556.840604613505
12930,1556.840604613505
12931,1556.840604613505
12932,1556.840604613505
12933,1556.840604613505
12934,1556.840604613505
12935,1556.840604613505
12936,1548.4534080168305
12937,1548.4534080168305
12938,1548.4534080168305
12939,1548.4534080168305
12940,1548.4534080168305
12941,1548.4534080168305
12942,1548.4534080168305
12943,1548.4534080168305
12944,1548.4534080168305
12945,1548.4534080168305
12946,1548.4534080168305
12947,1548.4534080168305
12948,1548.4534080168305
12949,1548.4534080168305
12950,1548.4534080168305
12951,1548.4534080168305
12952,1548.4534080168305
12953,1548.4534080168305
12954,1548.4534080168305
12955,1548.4534080168305
12956,1548.4534080168305
12957,1548.4534080168305
12958,1548.4534080168305
12959,1548.4534080168305
12960,1548.4534080168305
12961,1548.4534080168305
12962,1548.4534080168305
12963,1548.4534080168305
12964,1548.4534080168305
12965,1548.4534080168305
12966,1548.4534080168305
12967,1548.4534080168305
12968,1548.4534080168305
12969,1548.4534080168305
12970,1548.4534080168305
12971,1548.4534080168305
12972,1548.4534080168305
12973,1548.4534080168305
12974,1548.4534080168305
12975,1548.4534080168305
12976,1548.4534080168305
12977,1548.4534080168305
12978,1548.4534080168305
12979,1548.4534080168305
12980,1548.4534080168305
12981,1548.4534080168305
12982,1548.4534080168305
12983,1548.4534080168305
12984,1548.4534080168305
12985,1548.4534080168305
12986,1548.4534080168305
12987,1548.4534080168305
12988,1548.4534080168305
12989,1548.4534080168305
12990,1548.4534080168305
12991,1548.4534080168305
12992,1548.4534080168305
12993,1548.4534080168305
12994,1548.4534080168305
12995,1548.4534080168305
12996,1548.4534080168305
12997,1548.4534080168305
12998,1548.4534080168305
12999,1548.4534080168305
13000,1548.4534080168305
13001,1548.4534080168305
13002,1548.4534080168305
13003,1548.4534080168305
13004,1548.4534080168305
13005,1548.4534080168305
13006,1543.2307758365614
13007,1543.2307758365614
13008,1543.2307758365614
13009,1543.2307758365614
13010,1543.2307758365614
13011,1543.2307758365614
13012,1543.2307758365614
13013,1543.2307758365614
13014,1543.2307758365614
13015,1543.2307758365614
13016,1543.2307758365614
13017,1543.2307758365614
13018,1543.2307758365614
13019,1543.2307758365614
13020,1543.2307758365614
13021,1543.2307758365614
13022,1543.2307758365614
13023,1543.2307758365614
13024,1543.2307758365614
13025,1543.2307758365614
13026,1543.2307758365614
13027,1543.2307758365614
13028,1543.2307758365614
13029,1543.2307758365614
13030,1543.2307758365614
13031,1543.2307758365614
13032,1543.2307758365614
13033,1543.2307758365614
13034,1543.2307758365614
13035,1543.2307758365614
13036,1543.2307758365614
13037,1543.2307758365614
13038,1543.2307758365614
13039,1543.2307758365614
13040,1543.2307758365614
13041,1543.2307758365614
13042,1543.2307758365614
13043,1543.2307758365614
13044,1543.2307758365614
13045,1543.2307758365614
13046,1543.2307758365614
13047,1543.2307758365614
13048,1543.2307758365614
13049,1543.2307758365614
13050,1543.2307758365614
13051,1543.2307758365614
13052,1543.2307758365614
13053,1543.2307758365614
13054,1543.2307758365614
13055,1543.2307758365614
13056,1543.2307758365614
13057,1543.2307758365614
13058,1543.2307758365614
13059,1543.2307758365614
13060,1543.2307758365614
13061,1543.2307758365614
13062,1543.2307758365614
13063,1543.2307758365614
13064,1543.2307758365614
13065,1543.2307758365614
13066,1543.2307758365614
13067,1543.2307758365614
13068,1543.2307758365614
13069,1543.2307758365614
13070,1543.2307758365614
13071,1543.2307758365614
13072,1543.2307758365614
13073,1543.2307758365614
13074,1543.2307758365614
13075,1543.2307758365614
13076,1543.2307758365614
13077,1543.2307758365614
13078,1543.2307758365614
13079,1543.2307758365614
13080,1543.2307758365614
13081,1543.2307758365614
13082,1543.2307758365614
13083,1543.2307758365614
13084,1543.2307758365614
13085,1543.2307758365614
13086,1543.2307758365614
13087,1543.2307758365614
13088,1543.2307758365614
13089,1543.2307758365614
13090,1543.2307758365614
13091,1543.2307758365614
13092,1543.2307758365614
13093,1543.2307758365614
13094,1543.2307758365614
13095,1543.2307758365614
13096,1543.2307758365614
13097,1543.2307758365614
13098,1543.2307758365614
13099,1543.2307758365614
13100,1543.2307758365614
13101,1543.2307758365614
13102,1543.2307758365614
13103,1543.2307758365614
13104,1543.2307758365614
13105,1543.2307758365614
13106,1543.2307758365614
13107,1543.2307758365614
13108,1543.2307758365614
13109,1543.2307758365614
13110,1543.2307758365614
13111,1543.2307758365614
13112,1543.2307758365614
13113,1543.2307758365614
13114,1541.107052685666
13115,1541.107052685666
13116,1541.107052685666
13117,1541.107052685666
13118,1541.107052685666
13119,1541.107052685666
13120,1541.107052685666
13121,1541.107052685666
13122,1541.107052685666
13123,1541.107052685666
13124,1541.107052685666
13125,1541.107052685666
13126,1541.107052685666
13127,1541.107052685666
13128,1541.107052685666
13129,1541.107052685666
13130,1541.107052685666
13131,1541.107052685666
13132,1541.107052685666
13133,1541.107052685666
13134,1541.107052685666
13135,1541.107052685666
13136,1541.107052685666
13137,1541.107052685666
13138,1541.107052685666
13139,1541.107052685666
13140,1541.107052685666
13141,1541.107052685666
13142,1541.107052685666
13143,1541.107052685666
13144,1541.107052685666
13145,1541.107052685666
13146,1541.107052685666
13147,1541.107052685666
13148,1541.107052685666
13149,1541.107052685666
13150,1541.107052685666
13151,1541.107052685666
13152,1541.107052685666
13153,1541.107052685666
13154,1541.107052685666
13155,1541.107052685666
13156,1541.107052685666
13157,1541.107052685666
13158,1541.107052685666
13159,1541.107052685666
13160,1541.107052685666
13161,1541.107052685666
13162,1541.107052685666
13163,1541.107052685666
13164,1541.107052685666
13165,1541.107052685666
13166,1541.107052685666
13167,1541.107052685666
13168,1541.107052685666
13169,1541.107052685666
13170,1541.107052685666
13171,1541.107052685666
13172,1541.107052685666
13173,1541.107052685666
13174,1541.107052685666
13175,1541.107052685666
13176,1541.107052685666
13177,1541.107052685666
13178,1541.107052685666
13179,1541.107052685666
13180,1541.107052685666
13181,1541.107052685666
13182,1541.107052685666
13183,1541.107052685666
13184,1541.107052685666
13185,1541.107052685666
13186,1541.107052685666
13187,1541.107052685666
13188,1541.107052685666
13189,1541.107052685666
13190,1541.107052685666
13191,1541.107052685666
13192,1541.107052685666
13193,1541.107052685666
13194,1541.107052685666
13195,1541.107052685666
13196,1541.107052685666
13197,1541.107052685666
13198,1541.107052685666
13199,1541.107052685666
13200,1541.107052685666
13201,1541.107052685666
13202,1541.107052685666
13203,1541.107052685666
13204,1541.107052685666
13205,1541.107052685666
13206,1541.107052685666
13207,1534.2989312646557
13208,1534.2989312646557
13209,1534.2989312646557
13210,1534.2989312646557
13211,1534.2989312646557
13212,1534.2989312646557
13213,1534.2989312646557
13214,1534.2989312646557
13215,1533.21012310611
13216,1533.21012310611
13217,1533.21012310611
13218,1533.21012310611
13219,1533.21012310611
13220,1533.21012310611
13221,1533.21012310611
13222,1533.21012310611
13223,1533.21012310611
13224,1533.21012310611
13225,1533.21012310611
13226,1533.21012310611
13227,1533.21012310611
13228,1533.21012310611
13229,1533.21012310611
13230,1533.21012310611
13231,1533.21012310611
13232,1533.21012310611
13233,1533.21012310611
13234,1533.21012310611
13235,1533.21012310611
13236,1533.21012310611
13237,1533.21012310611
13238,1533.21012310611
13239,1533.21012310611
13240,1533.21012310611
13241,1533.21012310611
13242,1533.21012310611
13243,1533.21012310611
13244,1533.21012310611
13245,1533.21012310611
13246,1533.21012310611
13247,1533.21012310611
13248,1533.21012310611
13249,1533.21012310611
13250,1533.21012310611
13251,1533.21012310611
13252,1533.21012310611
13253,1533.21012310611
13254,1533.21012310611
13255,1533.21012310611
13256,1533.21012310611
13257,1533.21012310611
13258,1533.21012310611
13259,1533.21012310611
13260,1533.21012310611
13261,1533.21012310611
13262,1533.21012310611
13263,1533.21012310611
13264,1533.21012310611
13265,1533.21012310611
13266,1533.21012310611
13267,1529.9408192909414
13268,1529.9408192909414
13269,1529.9408192909414
13270,1529.9408192909414
13271,1529.9408192909414
13272,1529.9408192909414
13273,1529.9408192909414
13274,1529.9408192909414
13275,1526.1363844067862
13276,1525.6273257689834
13277,1525.6273257689834
13278,1525.6273257689834
13279,1525.6273257689834
13280,1525.6273257689834
13281,1525.6273257689834
13282,1525.6273257689834
13283,1525.6273257689834
13284,1525.6273257689834
13285,1525.6273257689834
13286,1525.6273257689834
13287,1525.6273257689834
13288,1525.6273257689834
13289,1525.6273257689834
13290,1525.6273257689834
13291,1525.6273257689834
13292,1525.6273257689834
13293,1525.0055293702142
13294,1525.0055293702142
13295,1525.0055293702142
13296,1525.0055293702142
13297,1525.0055293702142
13298,1525.0055293702142
13299,1525.0055293702142
13300,1525.0055293702142
13301,1525.0055293702142
13302,1525.0055293702142
13303,1525.0055293702142
13304,1525.0055293702142
13305,1525.0055293702142
13306,1525.0055293702142
13307,1525.0055293702142
13308,1525.0055293702142
13309,1525.0055293702142
13310,1525.0055293702142
13311,1525.0055293702142
13312,1525.0055293702142
13313,1525.0055293702142
13314,1525.0055293702142
13315,1525.0055293702142
13316,1525.0055293702142
13317,1525.0055293702142
13318,1525.0055293702142
13319,1525.0055293702142
13320,1525.0055293702142
13321,1525.0055293702142
13322,1525.0055293702142
13323,1525.0055293702142
13324,1525.0055293702142
13325,1525.0055293702142
13326,1525.0055293702142
13327,1525.0055293702142
13328,1525.0055293702142
13329,1525.0055293702142
13330,1525.0055293702142
13331,1525.0055293702142
13332,1525.0055293702142
13333,1525.0055293702142
13334,1525.0055293702142
13335,1525.0055293702142
13336,1525.0055293702142
13337,1525.0055293702142
13338,1525.0055293702142
13339,1525.0055293702142
13340,1519.4214898124221
13341,1519.4214898124221
13342,1519.4214898124221
13343,1519.4214898124221
13344,1519.4214898124221
13345,1519.4214898124221
13346,1519.4214898124221
13347,1519.4214898124221
13348,1519.4214898124221
13349,1519.4214898124221
13350,1519.4214898124221
13351,1519.4214898124221
13352,1519.4214898124221
13353,1519.4214898124221
13354,1519.4214898124221
13355,1519.4214898124221
13356,1519.4214898124221
13357,1519.4214898124221
13358,1519.4214898124221
13359,1519.4214898124221
13360,1519.4214898124221
13361,1519.4214898124221
13362,1519.4214898124221
13363,1519.4214898124221
13364,1519.4214898124221
13365,1519.4214898124221
13366,1519.4214898124221
13367,1519.4214898124221
13368,1519.4214898124221
13369,1519.4214898124221
13370,1519.4214898124221
13371,1519.4214898124221
13372,1519.4214898124221
13373,1519.4214898124221
13374,1519.4214898124221
13375,1519.4214898124221
13376,1519.4214898124221
13377,1519.4214898124221
13378,1519.4214898124221
13379,1519.4214898124221
13380,1519.4214898124221
13381,1519.4214898124221
13382,1519.4214898124221
13383,1519.4214898124221
13384,1519.4214898124221
13385,1519.4214898124221
13386,1519.4214898124221
13387,1519.4214898124221
13388,1519.4214898124221
13389,1519.4214898124221
13390,1519.4214898124221
13391,1519.4214898124221
13392,1519.4214898124221
13393,1519.4214898124221
13394,1519.4214898124221
13395,1519.4214898124221
13396,1519.4214898124221
13397,1519.4214898124221
13398,1519.4214898124221
13399,1519.4214898124221
13400,1519.4214898124221
13401,1519.4214898124221
13402,1519.4214898124221
13403,1519.4214898124221
13404,1519.4214898124221
13405,1519.4214898124221
13406,1519.4214898124221
13407,1519.4214898124221
13408,1519.4214898124221
13409,1519.4214898124221
13410,1519.4214898124221
13411,1519.4214898124221
13412,1519.4214898124221
13413,1519.4214898124221
13414,1519.4214898124221
13415,1519.4214898124221
13416,1519.4214898124221
13417,1519.4214898124221
13418,1519.4214898124221
13419,1519.4214898124221
13420,1519.4214898124221
13421,1519.4214898124221
13422,1519.4214898124221
13423,1519.4214898124221
13424,1519.4214898124221
13425,1519.4214898124221
13426,1519.4214898124221
13427,1519.4214898124221
13428,1519.4214898124221
13429,1519.4214898124221
13430,1519.4214898124221
13431,1519.4214898124221
13432,1519.4214898124221
13433,1519.4214898124221
13434,1519.4214898124221
13435,1519.4214898124221
13436,1519.4214898124221
13437,1519.4214898124221
13438,1519.4214898124221
13439,1519.4214898124221
13440,1519.4214898124221
13441,1519.4214898124221
13442,1519.4214898124221
13443,1519.4214898124221
13444,1519.4214898124221
13445,1519.4214898124221
13446,1513.620272642664
13447,1513.620272642664
13448,1513.620272642664
13449,1513.620272642664
13450,1513.620272642664
13451,1513.620272642664
13452,1513.620272642664
13453,1513.620272642664
13454,1513.620272642664
13455,1513.620272642664
13456,1513.620272642664
13457,1513.620272642664
13458,1513.620272642664
13459,1513.620272642664
13460,1513.620272642664
13461,1513.620272642664
13462,1513.620272642664
13463,1513.620272642664
13464,1513.620272642664
13465,1513.620272642664
13466,1513.620272642664
13467,1513.620272642664
13468,1513.620272642664
13469,1513.620272642664
13470,1513.620272642664
13471,1513.620272642664
13472,1513.620272642664
13473,1513.620272642664
13474,1513.620272642664
13475,1513.620272642664
13476,1513.620272642664
13477,1513.620272642664
13478,1513.620272642664
13479,1513.620272642664
13480,1513.620272642664
13481,1513.620272642664
13482,1513.620272642664
13483,1513.620272642664
13484,1513.620272642664
13485,1513.620272642664
13486,1513.620272642664
13487,1513.620272642664
13488,1513.620272642664
13489,1513.620272642664
13490,1513.620272642664
13491,1513.620272642664
13492,1513.620272642664
13493,1513.620272642664
13494,1513.620272642664
13495,1513.620272642664
13496,1513.620272642664
13497,1513.620272642664
13498,1513.620272642664
13499,1513.620272642664
13500,1513.620272642664
13501,1513.620272642664
13502,1513.620272642664
13503,1513.620272642664
13504,1513.620272642664
13505,1513.620272642664
13506,1513.620272642664
13507,1513.620272642664
13508,1513.620272642664
13509,1513.620272642664
13510,1513.620272642664
13511,1513.620272642664
13512,1513.620272642664
13513,1513.620272642664
13514,1513.620272642664
13515,1513.620272642664
13516,1513.620272642664
13517,1513.620272642664
13518,1513.620272642664
13519,1513.620272642664
13520,1513.620272642664
13521,1513.620272642664
13522,1513.620272642664
13523,1513.620272642664
13524,1513.620272642664
13525,1513.620272642664
13526,1513.620272642664
13527,1513.620272642664
13528,1513.620272642664
13529,1513.620272642664
13530,1513.620272642664
13531,1513.620272642664
13532,1513.620272642664
13533,1513.620272642664
13534,1513.620272642664
13535,1513.620272642664
13536,1513.620272642664
13537,1513.620272642664
13538,1513.620272642664
13539,1513.620272642664
13540,1513.620272642664
13541,1513.620272642664
13542,1513.620272642664
13543,1513.620272642664
13544,1513.620272642664
13545,1513.620272642664
13546,1513.620272642664
13547,1513.620272642664
13548,1513.620272642664
13549,1513.620272642664
13550,1513.620272642664
13551,1513.620272642664
13552,1513.620272642664
13553,1513.620272642664
13554,1513.620272642664
13555,1513.620272642664
13556,1513.620272642664
13557,1513.620272642664
13558,1513.620272642664
13559,1513.620272642664
13560,1513.620272642664
13561,1513.620272642664
13562,1513.620272642664
13563,1513.620272642664
13564,1513.620272642664
13565,1513.620272642664
13566,1513.620272642664
13567,1513.620272642664
13568,1513.620272642664
13569,1513.620272642664
13570,1513.620272642664
13571,1502.6610960432408
13572,1502.6610960432408
13573,1502.6610960432408
13574,1502.6610960432408
13575,1502.6610960432408
13576,1502.6610960432408
13577,1502.6610960432408
13578,1502.6610960432408
13579,1502.6610960432408
13580,1502.6610960432408
13581,1502.6610960432408
13582,1502.6610960432408
13583,1502.6610960432408
13584,1502.6610960432408
13585,1502.6610960432408
13586,1502.6610960432408
13587,1502.6610960432408
13588,1502.6610960432408
13589,1502.6610960432408
13590,1502.6610960432408
13591,1502.6610960432408
13592,1502.6610960432408
13593,1502.6610960432408
13594,1502.6610960432408
13595,1502.6610960432408
13596,1502.6610960432408
13597,1502.6610960432408
13598,1502.6610960432408
13599,1502.6610960432408
13600,1502.6610960432408
13601,1502.6610960432408
13602,1502.6610960432408
13603,1502.6610960432408
13604,1502.6610960432408
13605,1502.6610960432408
13606,1502.6610960432408
13607,1502.6610960432408
13608,1502.6610960432408
13609,1502.6610960432408
13610,1502.6610960432408
13611,1502.6610960432408
13612,1502.6610960432408
13613,1502.6610960432408
13614,1502.6610960432408
13615,1502.6610960432408
13616,1502.6610960432408
13617,1502.6610960432408
13618,1502.6610960432408
13619,1502.6610960432408
13620,1502.6610960432408
13621,1502.6610960432408
13622,1502.6610960432408
13623,1502.6610960432408
13624,1502.6610960432408
13625,1502.6610960432408
13626,1502.6610960432408
13627,1502.6610960432408
13628,1502.6610960432408
13629,1501.2441878342506
13630,1501.2441878342506
13631,1501.2441878342506
13632,1501.2441878342506
13633,1501.2441878342506
13634,1501.2441878342506
13635,1501.2441878342506
13636,1501.2441878342506
13637,1501.2441878342506
13638,1501.2441878342506
13639,1501.2441878342506
13640,1501.2441878342506
13641,1501.2441878342506
13642,1501.2441878342506
13643,1501.2441878342506
13644,1501.2441878342506
13645,1501.2441878342506
13646,1501.2441878342506
13647,1501.2441878342506
13648,1501.2441878342506
13649,1501.2441878342506
13650,1501.2441878342506
13651,1501.2441878342506
13652,1501.2441878342506
13653,1501.2441878342506
13654,1501.2441878342506
13655,1501.2441878342506
13656,1501.2441878342506
13657,1501.2441878342506
13658,1501.2441878342506
13659,1501.2441878342506
13660,1501.2441878342506
13661,1501.2441878342506
13662,1501.2441878342506
13663,1501.2441878342506
13664,1501.2441878342506
13665,1501.2441878342506
13666,1501.2441878342506
13667,1501.2441878342506
13668,1501.2441878342506
13669,1501.2441878342506
13670,1501.2441878342506
13671,1501.2441878342506
13672,1501.2441878342506
13673,1501.2441878342506
13674,1501.2441878342506
13675,1501.2441878342506
13676,1501.2441878342506
13677,1501.2441878342506
13678,1501.2441878342506
13679,1501.2441878342506
13680,1501.2441878342506
13681,1501.2441878342506
13682,1501.2441878342506
13683,1501.2441878342506
13684,1501.2441878342506
13685,1501.2441878342506
13686,1501.2441878342506
13687,1501.2441878342506
13688,1501.2441878342506
13689,1501.2441878342506
13690,1501.2441878342506
13691,1501.2441878342506
13692,1501.2441878342506
13693,1501.2441878342506
13694,1501.2441878342506
13695,1501.2441878342506
13696,1501.2441878342506
13697,1501.2441878342506
13698,1501.2441878342506
13699,1501.2441878342506
13700,1501.2441878342506
13701,1501.2441878342506
13702,1501.2441878342506
13703,1501.2441878342506
13704,1501.2441878342506
13705,1501.2441878342506
13706,1501.2441878342506
13707,1501.2441878342506
13708,1501.2441878342506
13709,1501.2441878342506
13710,1501.2441878342506
13711,1501.2441878342506
13712,1501.2441878342506
13713,1501.2441878342506
13714,1501.2441878342506
13715,1501.2441878342506
13716,1501.2441878342506
13717,1501.2441878342506
13718,1501.2441878342506
13719,1501.2441878342506
13720,1501.2441878342506
13721,1501.2441878342506
13722,1501.2441878342506
13723,1501.2441878342506
13724,1501.2441878342506
13725,1501.2441878342506
13726,1501.2441878342506
13727,1501.2441878342506
13728,1501.2441878342506
13729,1501.2441878342506
13730,1501.2441878342506
13731,1501.2441878342506
13732,1501.2441878342506
13733,1501.2441878342506
13734,1501.2441878342506
13735,1501.2441878342506
13736,1501.2441878342506
13737,1501.2441878342506
13738,1501.2441878342506
13739,1501.2441878342506
13740,1501.2441878342506
13741,1501.2441878342506
13742,1501.2441878342506
13743,1501.2441878342506
13744,1501.2441878342506
13745,1501.2441878342506
13746,1501.2441878342506
13747,1501.2441878342506
13748,1501.2441878342506
13749,1501.2441878342506
13750,1501.2441878342506
13751,1501.2441878342506
13752,1501.2441878342506
13753,1501.2441878342506
13754,1501.2441878342506
13755,1501.2441878342506
13756,1501.2441878342506
13757,1501.2441878342506
13758,1501.2441878342506
13759,1501.2441878342506
13760,1501.2441878342506
13761,1501.2441878342506
13762,1501.2441878342506
13763,1501.2441878342506
13764,1501.2441878342506
13765,1501.2441878342506
13766,1501.2441878342506
13767,1500.0779612530441
13768,1500.0779612530441
13769,1500.0779612530441
13770,1500.0779612530441
13771,1500.0779612530441
13772,1500.0779612530441
13773,1500.0779612530441
13774,1500.0779612530441
13775,1500.0779612530441
13776,1500.0779612530441
13777,1500.0779612530441
13778,1500.0779612530441
13779,1500.0779612530441
13780,1500.0779612530441
13781,1500.0779612530441
13782,1500.0779612530441
13783,1500.0779612530441
13784,1500.0779612530441
13785,1500.0779612530441
13786,1500.0779612530441
13787,1500.0779612530441
13788,1500.0779612530441
13789,1500.0779612530441
13790,1500.0779612530441
13791,1500.0779612530441
13792,1500.0779612530441
13793,1500.0779612530441
13794,1500.0779612530441
13795,1500.0779612530441
13796,1500.0779612530441
13797,1500.0779612530441
13798,1500.0779612530441
13799,1500.0779612530441
13800,1500.0779612530441
13801,1500.0779612530441
13802,1500.0779612530441
13803,1500.0779612530441
13804,1500.0779612530441
13805,1500.0779612530441
13806,1500.0779612530441
13807,1500.0779612530441
13808,1500.0779612530441
13809,1500.0779612530441
13810,1500.0779612530441
13811,1500.0779612530441
13812,1500.0779612530441
13813,1500.0779612530441
13814,1500.0779612530441
13815,1500.0779612530441
13816,1500.0779612530441
13817,1500.0779612530441
13818,1500.0779612530441
13819,1500.0779612530441
13820,1500.0779612530441
13821,1500.0779612530441
13822,1500.0779612530441
13823,1500.0779612530441
13824,1500.0779612530441
13825,1500.0779612530441
13826,1500.0779612530441
13827,1500.0779612530441
13828,1500.0779612530441
13829,1500.0779612530441
13830,1500.0779612530441
13831,1500.0779612530441
13832,1500.0779612530441
13833,1500.0779612530441
13834,1500.0779612530441
13835,1500.0779612530441
13836,1500.0779612530441
13837,1500.0779612530441
13838,1500.0779612530441
13839,1500.0779612530441
13840,1500.0779612530441
13841,1500.0779612530441
13842,1500.0779612530441
13843,1500.0779612530441
13844,1500.0779612530441
13845,1500.0779612530441
13846,1500.0779612530441
13847,1500.0779612530441
13848,1500.0779612530441
13849,1500.0779612530441
13850,1500.0779612530441
13851,1497.0005192045714
13852,1497.0005192045714
13853,1497.0005192045714
13854,1497.0005192045714
13855,1497.0005192045714
13856,1497.0005192045714
13857,1497.0005192045714
13858,1497.0005192045714
13859,1497.0005192045714
13860,1497.0005192045714
13861,1497.0005192045714
13862,1497.0005192045714
13863,1497.0005192045714
13864,1497.0005192045714
13865,1497.0005192045714
13866,1497.0005192045714
13867,1497.0005192045714
13868,1497.0005192045714
13869,1497.0005192045714
13870,1497.0005192045714
13871,1497.0005192045714
13872,1497.0005192045714
13873,1497.0005192045714
13874,1497.0005192045714
13875,1497.0005192045714
13876,1497.0005192045714
13877,1497.0005192045714
13878,1497.0005192045714
13879,1497.0005192045714
13880,1497.0005192045714
13881,1493.6971406650534
13882,1493.6971406650534
13883,1493.6971406650534
13884,1493.6971406650534
13885,1493.6971406650534
13886,1493.6971406650534
13887,1493.6971406650534
13888,1493.6971406650534
13889,1493.6971406650534
13890,1493.6971406650534
13891,1493.6971406650534
13892,1493.6971406650534
13893,1493.6971406650534
13894,1493.6971406650534
13895,1493.6971406650534
13896,1493.6971406650534
13897,1493.6971406650534
13898,1493.6971406650534
13899,1493.6971406650534
13900,1493.6971406650534
13901,1493.6971406650534
13902,1493.6971406650534
13903,1493.6971406650534
13904,1493.6971406650534
13905,1493.6971406650534
13906,1493.6971406650534
13907,1493.6971406650534
13908,1493.6971406650534
13909,1493.6971406650534
13910,1493.6971406650534
13911,1493.6971406650534
13912,1493.6971406650534
13913,1493.6971406650534
13914,1493.6971406650534
13915,1493.6971406650534
13916,1493.6971406650534
13917,1493.6971406650534
13918,1493.6971406650534
13919,1493.6971406650534
13920,1493.6971406650534
13921,1493.6971406650534
13922,1493.6971406650534
13923,1493.6971406650534
13924,1493.6971406650534
13925,1493.6971406650534
13926,1493.6971406650534
13927,1493.6971406650534
13928,1493.6971406650534
13929,1493.6971406650534
13930,1493.6971406650534
13931,1493.6971406650534
13932,1493.6971406650534
13933,1493.6971406650534
13934,1493.6971406650534
13935,1493.6971406650534
13936,1493.6971406650534
13937,1493.6971406650534
13938,1493.6971406650534
13939,1493.6971406650534
13940,1493.6971406650534
13941,1493.6971406650534
13942,1493.6971406650534
13943,1493.6971406650534
13944,1493.6971406650534
13945,1493.6971406650534
13946,1493.6971406650534
13947,1493.6971406650534
13948,1493.6971406650534
13949,1493.6971406650534
13950,1493.6971406650534
13951,1493.6971406650534
13952,1493.6971406650534
13953,1493.6971406650534
13954,1493.6971406650534
13955,1493.6971406650534
13956,1493.6971406650534
13957,1493.6971406650534
13958,1493.6971406650534
13959,1493.6971406650534
13960,1493.6971406650534
13961,1493.6971406650534
13962,1493.6971406650534
13963,1493.6971406650534
13964,1493.6971406650534
13965,1493.6971406650534
13966,1493.6971406650534
13967,1493.6971406650534
13968,1493.6971406650534
13969,1493.6971406650534
13970,1493.6971406650534
13971,1493.6971406650534
13972,1493.6971406650534
13973,1493.6971406650534
13974,1493.6971406650534
13975,1493.6971406650534
13976,1493.6971406650534
13977,1493.6971406650534
13978,1493.6971406650534
13979,1493.6971406650534
13980,1493.6971406650534
13981,1493.6971406650534
13982,1493.6971406650534
13983,1493.6971406650534
13984,1493.6971406650534
13985,1493.6971406650534
13986,1493.6971406650534
13987,1493.6971406650534
13988,1493.6971406650534
13989,1493.6971406650534
13990,1493.6971406650534
13991,1493.6971406650534
13992,1493.6971406650534
13993,1493.6971406650534
13994,1493.6971406650534
13995,1493.6971406650534
13996,1493.6971406650534
13997,1493.6971406650534
13998,1493.6971406650534
13999,1493.6971406650534
14000,1493.6971406650534
14001,1493.6971406650534
14002,1493.6971406650534
14003,1493.6971406650534
14004,1493.6971406650534
14005,1493.6971406650534
14006,1493.6971406650534
14007,1493.6971406650534
14008,1493.6971406650534
14009,1493.6971406650534
14010,1493.6971406650534
14011,1493.6971406650534
14012,1493.6971406650534
14013,1493.6971406650534
14014,1493.6971406650534
14015,1493.6971406650534
14016,1493.6971406650534
14017,1493.6971406650534
14018,1493.6971406650534
14019,1493.6971406650534
14020,1493.6971406650534
14021,1493.6971406650534
14022,1493.6971406650534
14023,1493.6971406650534
14024,1493.6971406650534
14025,1493.6971406650534
14026,1493.6971406650534
14027,1493.6971406650534
14028,1493.6971406650534
14029,1493.6971406650534
14030,1493.6971406650534
14031,1493.6971406650534
14032,1493.6971406650534
14033,1493.6971406650534
14034,1493.6971406650534
14035,1493.6971406650534
14036,1493.6971406650534
14037,1493.6971406650534
14038,1493.6971406650534
14039,1493.6971406650534
14040,1493.6971406650534
14041,1493.6971406650534
14042,1493.6971406650534
14043,1493.6971406650534
14044,1493.6971406650534
14045,1493.6971406650534
14046,1493.6971406650534
14047,1493.6971406650534
14048,1493.6971406650534
14049,1493.6971406650534
14050,1493.6971406650534
14051,1493.6971406650534
14052,1493.6971406650534
14053,1493.6971406650534
14054,1493.6971406650534
14055,1493.6971406650534
14056,1493.6971406650534
14057,1493.6971406650534
14058,1493.6971406650534
14059,1493.6971406650534
14060,1493.6971406650534
14061,1493.6971406650534
14062,1493.6971406650534
14063,1493.6971406650534
14064,1493.6971406650534
14065,1493.6971406650534
14066,1493.6971406650534
14067,1493.6971406650534
14068,1493.6971406650534
14069,1493.6971406650534
14070,1493.6971406650534
14071,1493.6971406650534
14072,1493.6971406650534
14073,1493.6971406650534
14074,1493.6971406650534
14075,1493.6971406650534
14076,1493.6971406650534
14077,1493.6971406650534
14078,1493.6971406650534
14079,1493.6971406650534
14080,1493.6971406650534
14081,1493.6971406650534
14082,1493.6971406650534
14083,1493.6971406650534
14084,1493.6971406650534
14085,1493.6971406650534
14086,1493.6971406650534
14087,1493.6971406650534
14088,1493.6971406650534
14089,1493.6971406650534
14090,1493.6971406650534
14091,1493.6971406650534
14092,1493.6971406650534
14093,1493.6971406650534
14094,1493.6971406650534
14095,1493.6971406650534
14096,1493.6971406650534
14097,1493.6971406650534
14098,1493.6971406650534
14099,1493.6971406650534
14100,1493.6971406650534
14101,1493.6971406650534
14102,1493.6971406650534
14103,1493.6971406650534
14104,1493.6971406650534
14105,1493.6971406650534
14106,1493.6971406650534
14107,1493.6971406650534
14108,1493.6971406650534
14109,1493.6971406650534
14110,1493.6971406650534
14111,1493.6971406650534
14112,1493.6971406650534
14113,1493.6971406650534
14114,1493.6971406650534
14115,1493.6971406650534
14116,1493.6971406650534
14117,1493.6971406650534
14118,1493.6971406650534
14119,1493.6971406650534
14120,1493.6971406650534
14121,1493.6971406650534
14122,1493.6971406650534
14123,1493.6971406650534
14124,1493.6971406650534
14125,1493.6971406650534
14126,1493.6971406650534
14127,1493.6971406650534
14128,1493.6971406650534
14129,1493.6971406650534
14130,1493.6971406650534
14131,1493.6971406650534
14132,1493.6971406650534
14133,1493.6971406650534
14134,1493.6971406650534
14135,1493.6971406650534
14136,1493.6971406650534
14137,1493.6971406650534
14138,1493.6971406650534
14139,1493.6971406650534
14140,1493.6971406650534
14141,1493.6971406650534
14142,1493.6971406650534
14143,1493.6971406650534
14144,1493.6971406650534
14145,1493.6971406650534
14146,1493.6971406650534
14147,1493.6971406650534
14148,1493.6971406650534
14149,1493.6971406650534
14150,1493.6971406650534
14151,1493.6971406650534
14152,1493.6971406650534
14153,1493.6971406650534
14154,1493.6971406650534
14155,1493.6971406650534
14156,1493.6971406650534
14157,1493.6971406650534
14158,1493.6971406650534
14159,1493.6971406650534
14160,1493.6971406650534
14161,1493.6971406650534
14162,1493.6971406650534
14163,1493.6971406650534
14164,1493.6971406650534
14165,1493.6971406650534
14166,1493.6971406650534
14167,1493.6971406650534
14168,1493.6971406650534
14169,1493.6971406650534
14170,1493.6971406650534
14171,1493.6971406650534
14172,1493.6971406650534
14173,1493.6971406650534
14174,1493.6971406650534
14175,1493.6971406650534
14176,1493.6971406650534
14177,1493.6971406650534
14178,1493.6971406650534
14179,1493.6971406650534
14180,1493.6971406650534
14181,1493.6971406650534
14182,1493.6971406650534
14183,1493.6971406650534
14184,1493.6971406650534
14185,1493.6971406650534
14186,1493.6971406650534
14187,1493.6971406650534
14188,1493.6971406650534
14189,1493.6971406650534
14190,1493.6971406650534
14191,1493.6971406650534
14192,1493.6971406650534
14193,1493.6971406650534
14194,1493.6971406650534
14195,1493.6971406650534
14196,1493.6971406650534
14197,1493.6971406650534
14198,1493.6971406650534
14199,1493.6971406650534
14200,1493.6971406650534
14201,1493.6971406650534
14202,1493.6971406650534
14203,1493.6971406650534
14204,1493.6971406650534
14205,1493.6971406650534
14206,1493.6971406650534
14207,1493.6971406650534
14208,1493.6971406650534
14209,1493.6971406650534
14210,1493.6971406650534
14211,1493.6971406650534
14212,1493.6971406650534
14213,1493.6971406650534
14214,1493.6971406650534
14215,1493.6971406650534
14216,1493.6971406650534
14217,1493.6971406650534
14218,1493.6971406650534
14219,1493.6971406650534
14220,1493.6971406650534
14221,1493.6971406650534
14222,1493.6971406650534
14223,1493.6971406650534
14224,1493.6971406650534
14225,1493.6971406650534
14226,1493.6971406650534
14227,1493.6971406650534
14228,1493.6971406650534
14229,1493.6971406650534
14230,1493.6971406650534
14231,1493.6971406650534
14232,1493.6971406650534
14233,1493.6971406650534
14234,1493.6971406650534
14235,1493.6971406650534
14236,1493.6971406650534
14237,1493.6971406650534
14238,1493.6971406650534
14239,1493.6971406650534
14240,1493.6971406650534
14241,1493.6971406650534
14242,1493.6971406650534
14243,1493.6971406650534
14244,1493.6971406650534
14245,1493.6971406650534
14246,1493.6971406650534
14247,1493.6971406650534
14248,1493.6971406650534
14249,1493.6971406650534
14250,1493.6971406650534
14251,1493.6971406650534
14252,1493.6971406650534
14253,1493.6971406650534
14254,1493.6971406650534
14255,1493.6971406650534
14256,1493.6971406650534
14257,1493.6971406650534
14258,1493.6971406650534
14259,1493.6971406650534
14260,1493.6971406650534
14261,1493.6971406650534
14262,1493.6971406650534
14263,1493.6971406650534
14264,1493.6971406650534
14265,1493.6971406650534
14266,1493.6971406650534
14267,1493.6971406650534
14268,1493.6971406650534
14269,1493.6971406650534
14270,1493.6971406650534
14271,1493.6971406650534
14272,1493.6971406650534
14273,1493.6971406650534
14274,1493.6971406650534
14275,1493.6971406650534
14276,1492.1736458853566
14277,1492.1736458853566
14278,1492.1736458853566
14279,1492.1736458853566
14280,1492.1736458853566
14281,1492.1736458853566
14282,1492.1736458853566
14283,1492.1736458853566
14284,1492.1736458853566
14285,1492.1736458853566
14286,1492.1736458853566
14287,1492.1736458853566
14288,1492.1736458853566
14289,1492.1736458853566
14290,1492.1736458853566
14291,1492.1736458853566
14292,1492.1736458853566
14293,1492.1736458853566
14294,1492.1736458853566
14295,1492.1736458853566
14296,1492.1736458853566
14297,1492.1736458853566
14298,1492.1736458853566
14299,1492.1736458853566
14300,1492.1736458853566
14301,1492.1736458853566
14302,1492.1736458853566
14303,1492.1736458853566
14304,1492.1736458853566
14305,1492.1736458853566
14306,1492.1736458853566
14307,1492.1736458853566
14308,1492.1736458853566
14309,1492.1736458853566
14310,1492.1736458853566
14311,1492.1736458853566
14312,1492.1736458853566
14313,1492.1736458853566
14314,1492.1736458853566
14315,1492.1736458853566
14316,1492.1736458853566
14317,1487.8972342326547
14318,1487.8972342326547
14319,1487.8972342326547
14320,1487.8972342326547
14321,1487.8972342326547
14322,1487.8972342326547
14323,1487.8972342326547
14324,1487.8972342326547
14325,1487.8972342326547
14326,1487.8972342326547
14327,1487.8972342326547
14328,1487.8972342326547
14329,1487.8972342326547
14330,1487.8972342326547
14331,1487.8972342326547
14332,1487.8972342326547
14333,1487.8972342326547
14334,1487.8972342326547
14335,1487.8972342326547
14336,1487.8972342326547
14337,1487.8972342326547
14338,1487.8972342326547
14339,1487.8972342326547
14340,1487.8972342326547
14341,1487.8972342326547
14342,1487.8972342326547
14343,1487.8972342326547
14344,1487.8972342326547
14345,1487.8972342326547
14346,1487.8972342326547
14347,1487.8972342326547
14348,1487.8972342326547
14349,1487.8972342326547
14350,1487.8972342326547
14351,1487.8972342326547
14352,1487.8972342326547
14353,1487.8972342326547
14354,1487.8972342326547
14355,1487.8972342326547
14356,1487.8972342326547
14357,1487.8972342326547
14358,1487.8972342326547
14359,1487.8972342326547
14360,1487.8972342326547
14361,1487.8972342326547
14362,1487.8972342326547
14363,1487.8972342326547
14364,1487.8972342326547
14365,1487.8972342326547
14366,1487.8972342326547
14367,1487.8972342326547
14368,1487.8972342326547
14369,1487.8972342326547
14370,1487.8972342326547
14371,1487.8972342326547
14372,1487.8972342326547
14373,1487.8972342326547
14374,1487.8972342326547
14375,1487.8972342326547
14376,1487.8972342326547
14377,1487.8972342326547
14378,1487.8972342326547
14379,1487.8972342326547
14380,1487.8972342326547
14381,1487.8972342326547
14382,1487.8972342326547
14383,1487.8972342326547
14384,1487.8972342326547
14385,1487.8972342326547
14386,1487.8972342326547
14387,1487.8972342326547
14388,1487.8972342326547
14389,1487.8972342326547
14390,1487.8972342326547
14391,1487.8972342326547
14392,1487.8972342326547
14393,1487.8972342326547
14394,1487.8972342326547
14395,1487.8972342326547
14396,1487.8972342326547
14397,1487.8972342326547
14398,1487.8972342326547
14399,1487.8972342326547
14400,1487.8972342326547
14401,1487.8972342326547
14402,1487.8972342326547
14403,1487.8972342326547
14404,1487.8972342326547
14405,1487.8972342326547
14406,1487.8972342326547
14407,1487.8972342326547
14408,1487.8972342326547
14409,1487.8972342326547
14410,1487.8972342326547
14411,1487.8972342326547
14412,1487.8972342326547
14413,1487.8972342326547
14414,1487.8972342326547
14415,1487.1242601495287
14416,1487.1242601495287
14417,1487.1242601495287
14418,1487.1242601495287
14419,1487.1242601495287
14420,1487.1242601495287
14421,1487.1242601495287
14422,1487.1242601495287
14423,1487.1242601495287
14424,1487.1242601495287
14425,1487.1242601495287
14426,1487.1242601495287
14427,1487.1242601495287
14428,1487.1242601495287
14429,1487.1242601495287
14430,1487.1242601495287
14431,1487.1242601495287
14432,1487.1242601495287
14433,1487.1242601495287
14434,1487.1242601495287
14435,1487.1242601495287
14436,1487.1242601495287
14437,1487.1242601495287
14438,1487.1242601495287
14439,1487.1242601495287
14440,1487.1242601495287
14441,1487.1242601495287
14442,1487.1242601495287
14443,1487.1242601495287
14444,1487.1242601495287
14445,1487.1242601495287
14446,1487.1242601495287
14447,1487.1242601495287
14448,1487.1242601495287
14449,1487.1242601495287
14450,1487.1242601495287
14451,1487.1242601495287
14452,1487.1242601495287
14453,1487.1242601495287
14454,1487.1242601495287
14455,1487.1242601495287
14456,1487.1242601495287
14457,1487.1242601495287
14458,1487.1242601495287
14459,1487.1242601495287
14460,1487.1242601495287
14461,1487.1242601495287
14462,1487.1242601495287
14463,1487.1242601495287
14464,1487.1242601495287
14465,1487.1242601495287
14466,1487.1242601495287
14467,1487.1242601495287
14468,1487.1242601495287
14469,1487.1242601495287
14470,1487.1242601495287
14471,1487.1242601495287
14472,1487.1242601495287
14473,1487.1242601495287
14474,1487.1242601495287
14475,1487.1242601495287
14476,1487.1242601495287
14477,1487.1242601495287
14478,1487.1242601495287
14479,1487.1242601495287
14480,1487.1242601495287
14481,1487.1242601495287
14482,1487.1242601495287
14483,1487.1242601495287
14484,1487.1242601495287
14485,1487.1242601495287
14486,1487.1242601495287
14487,1487.1242601495287
14488,1487.1242601495287
14489,1487.1242601495287
14490,1487.1242601495287
14491,1487.1242601495287
14492,1487.1242601495287
14493,1487.1242601495287
14494,1487.1242601495287
14495,1487.1242601495287
14496,1487.1242601495287
14497,1487.1242601495287
14498,1487.1242601495287
14499,1487.1242601495287
14500,1487.1242601495287
14501,1487.1242601495287
14502,1487.1242601495287
14503,1487.1242601495287
14504,1487.1242601495287
14505,1487.1242601495287
14506,1487.1242601495287
14507,1487.1242601495287
14508,1487.1242601495287
14509,1487.1242601495287
14510,1487.1242601495287
14511,1487.1242601495287
14512,1487.1242601495287
14513,1487.1242601495287
14514,1487.1242601495287
14515,1487.1242601495287
14516,1487.1242601495287
14517,1487.1242601495287
14518,1487.1242601495287
14519,1487.1242601495287
14520,1487.1242601495287
14521,1487.1242601495287
14522,1487.1242601495287
14523,1487.1242601495287
14524,1487.1242601495287
14525,1487.1242601495287
14526,1487.1242601495287
14527,1487.1242601495287
14528,1487.1242601495287
14529,1487.1242601495287
14530,1487.1242601495287
14531,1487.1242601495287
14532,1487.1242601495287
14533,1487.1242601495287
14534,1487.1242601495287
14535,1487.1242601495287
14536,1487.1242601495287
14537,1487.1242601495287
14538,1487.1242601495287
14539,1487.1242601495287
14540,1487.1242601495287
14541,1487.1242601495287
14542,1487.1242601495287
14543,1487.1242601495287
14544,1487.1242601495287
14545,1487.1242601495287
14546,1487.1242601495287
14547,1487.1242601495287
14548,1487.1242601495287
14549,1487.1242601495287
14550,1487.1242601495287
14551,1487.1242601495287
14552,1487.1242601495287
14553,1487.1242601495287
14554,1487.1242601495287
14555,1487.1242601495287
14556,1487.1242601495287
14557,1483.5542494902381
14558,1483.5542494902381
14559,1483.5542494902381
14560,1483.5542494902381
14561,1483.5542494902381
14562,1483.5542494902381
14563,1483.5542494902381
14564,1483.5542494902381
14565,1483.5542494902381
14566,1483.5542494902381
14567,1483.5542494902381
14568,1483.5542494902381
14569,1483.5542494902381
14570,1483.5542494902381
14571,1483.5542494902381
14572,1483.5542494902381
14573,1483.5542494902381
14574,1483.5542494902381
14575,1483.5542494902381
14576,1483.5542494902381
14577,1483.5542494902381
14578,1483.5542494902381
14579,1483.5542494902381
14580,1483.5542494902381
14581,1483.5542494902381
14582,1483.5542494902381
14583,1483.5542494902381
14584,1483.5542494902381
14585,1483.5542494902381
14586,1483.5542494902381
14587,1483.5542494902381
14588,1483.5542494902381
14589,1483.5542494902381
14590,1483.5542494902381
14591,1483.5542494902381
14592,1483.5542494902381
14593,1483.5542494902381
14594,1483.5542494902381
14595,1483.5542494902381
14596,1483.5542494902381
14597,1483.5542494902381
14598,1483.5542494902381
14599,1483.5542494902381
14600,1483.5542494902381
14601,1483.5542494902381
14602,1483.5542494902381
14603,1483.5542494902381
14604,1483.5542494902381
14605,1483.5542494902381
14606,1483.5542494902381
14607,1483.5542494902381
14608,1483.5542494902381
14609,1483.5542494902381
14610,1483.5542494902381
14611,1483.5542494902381
14612,1483.5542494902381
14613,1483.5542494902381
14614,1483.5542494902381
14615,1483.5542494902381
14616,1483.5542494902381
14617,1483.5542494902381
14618,1483.5542494902381
14619,1483.5542494902381
14620,1483.5542494902381
14621,1483.5542494902381
14622,1483.5542494902381
14623,1483.5542494902381
14624,1483.5542494902381
14625,1483.5542494902381
14626,1483.5542494902381
14627,1483.5542494902381
14628,1483.5542494902381
14629,1483.5542494902381
14630,1483.5542494902381
14631,1483.5542494902381
14632,1483.5542494902381
14633,1483.5542494902381
14634,1483.5542494902381
14635,1483.5542494902381
14636,1483.5542494902381
14637,1483.5542494902381
14638,1483.5542494902381
14639,1483.5542494902381
14640,1483.5542494902381
14641,1483.5542494902381
14642,1483.5542494902381
14643,1483.5542494902381
14644,1483.5542494902381
14645,1483.5542494902381
14646,1483.5542494902381
14647,1483.5542494902381
14648,1483.5542494902381
14649,1483.5542494902381
14650,1483.5542494902381
14651,1483.5542494902381
14652,1483.5542494902381
14653,1483.5542494902381
14654,1483.5542494902381
14655,1483.5542494902381
14656,1483.5542494902381
14657,1483.5542494902381
14658,1483.5542494902381
14659,1483.5542494902381
14660,1483.5542494902381
14661,1483.5542494902381
14662,1483.5542494902381
14663,1483.5542494902381
14664,1483.5542494902381
14665,1483.5542494902381
14666,1483.5542494902381
14667,1483.5542494902381
14668,1483.5542494902381
14669,1483.5542494902381
14670,1483.5542494902381
14671,1483.5542494902381
14672,1483.5542494902381
14673,1483.5542494902381
14674,1483.5542494902381
14675,1483.5542494902381
14676,1483.5542494902381
14677,1483.5542494902381
14678,1483.5542494902381
14679,1483.5542494902381
14680,1483.5542494902381
14681,1483.5542494902381
14682,1483.5542494902381
14683,1483.5542494902381
14684,1483.5542494902381
14685,1483.5542494902381
14686,1483.5542494902381
14687,1483.5542494902381
14688,1483.5542494902381
14689,1483.5542494902381
14690,1483.5542494902381
14691,1483.5542494902381
14692,1483.5542494902381
14693,1483.5542494902381
14694,1483.5542494902381
14695,1483.5542494902381
14696,1483.5542494902381
14697,1483.5542494902381
14698,1483.5542494902381
14699,1483.5542494902381
14700,1483.5542494902381
14701,1483.5542494902381
14702,1483.5542494902381
14703,1483.5542494902381
14704,1483.5542494902381
14705,1483.5542494902381
14706,1483.5542494902381
14707,1483.5542494902381
14708,1483.5542494902381
14709,1483.5542494902381
14710,1483.5542494902381
14711,1483.5542494902381
14712,1483.5542494902381
14713,1483.5542494902381
14714,1483.5542494902381
14715,1483.5542494902381
14716,1483.5542494902381
14717,1483.5542494902381
14718,1483.5542494902381
14719,1483.5542494902381
14720,1483.5542494902381
14721,1483.5542494902381
14722,1483.5542494902381
14723,1483.5542494902381
14724,1483.5542494902381
14725,1483.5542494902381
14726,1483.5542494902381
14727,1483.5542494902381
14728,1483.5542494902381
14729,1483.5542494902381
14730,1483.5542494902381
14731,1483.5542494902381
14732,1483.5542494902381
14733,1483.5542494902381
14734,1483.5542494902381
14735,1483.5542494902381
14736,1483.5542494902381
14737,1483.5542494902381
14738,1483.5542494902381
14739,1483.5542494902381
14740,1483.5542494902381
14741,1483.5542494902381
14742,1483.5542494902381
14743,1483.5542494902381
14744,1483.5542494902381
14745,1483.5542494902381
14746,1483.5542494902381
14747,1483.5542494902381
14748,1483.5542494902381
14749,1483.5542494902381
14750,1483.5542494902381
14751,1483.5542494902381
14752,1483.5542494902381
14753,1483.5542494902381
14754,1483.5542494902381
14755,1483.5542494902381
14756,1483.5542494902381
14757,1483.5542494902381
14758,1483.5542494902381
14759,1483.5542494902381
14760,1483.5542494902381
14761,1483.5542494902381
14762,1483.5542494902381
14763,1483.5542494902381
14764,1483.5542494902381
14765,1483.5542494902381
14766,1483.5542494902381
14767,1483.5542494902381
14768,1483.5542494902381
14769,1483.5542494902381
14770,1483.5542494902381
14771,1483.5542494902381
14772,1483.5542494902381
14773,1483.5542494902381
14774,1483.5542494902381
14775,1483.5542494902381
14776,1483.5542494902381
14777,1483.5542494902381
14778,1483.5542494902381
14779,1483.5542494902381
14780,1483.5542494902381
14781,1483.5542494902381
14782,1483.5542494902381
14783,1483.5542494902381
14784,1483.5542494902381
14785,1483.5542494902381
14786,1483.5542494902381
14787,1483.5542494902381
14788,1483.5542494902381
14789,1483.5542494902381
14790,1483.5542494902381
14791,1483.5542494902381
14792,1483.5542494902381
14793,1483.5542494902381
14794,1483.5542494902381
14795,1474.770893853436
14796,1474.770893853436
14797,1474.770893853436
14798,1474.770893853436
14799,1474.770893853436
14800,1474.770893853436
14801,1474.770893853436
14802,1474.770893853436
14803,1474.770893853436
14804,1474.770893853436
14805,1474.770893853436
14806,1474.770893853436
14807,1474.770893853436
14808,1474.770893853436
14809,1474.770893853436
14810,1474.770893853436
14811,1474.770893853436
14812,1474.770893853436
14813,1474.770893853436
14814,1474.770893853436
14815,1474.770893853436
14816,1474.770893853436
14817,1474.770893853436
14818,1474.770893853436
14819,1474.770893853436
14820,1474.770893853436
14821,1474.770893853436
14822,1474.770893853436
14823,1474.770893853436
14824,1474.770893853436
14825,1474.770893853436
14826,1474.770893853436
14827,1474.770893853436
14828,1474.770893853436
14829,1474.770893853436
14830,1474.770893853436
14831,1474.770893853436
14832,1474.770893853436
14833,1474.770893853436
14834,1474.770893853436
14835,1474.770893853436
14836,1474.770893853436
14837,1474.770893853436
14838,1474.770893853436
14839,1474.770893853436
14840,1474.770893853436
14841,1474.770893853436
14842,1474.770893853436
14843,1474.770893853436
14844,1474.770893853436
14845,1474.770893853436
14846,1474.770893853436
14847,1470.8253551004984
14848,1470.8253551004984
14849,1470.8253551004984
14850,1470.8253551004984
14851,1470.8253551004984
14852,1470.8253551004984
14853,1470.8253551004984
14854,1470.8253551004984
14855,1470.8253551004984
14856,1470.8253551004984
14857,1470.8253551004984
14858,1470.8253551004984
14859,1470.8253551004984
14860,1470.8253551004984
14861,1470.8253551004984
14862,1470.8253551004984
14863,1470.8253551004984
14864,1470.8253551004984
14865,1470.8253551004984
14866,1470.8253551004984
14867,1470.8253551004984
14868,1470.8253551004984
14869,1470.8253551004984
14870,1470.8253551004984
14871,1470.8253551004984
14872,1470.8253551004984
14873,1470.8253551004984
14874,1470.8253551004984
14875,1470.8253551004984
14876,1470.8253551004984
14877,1470.8253551004984
14878,1470.8253551004984
14879,1470.8253551004984
14880,1470.8253551004984
14881,1470.8253551004984
14882,1470.8253551004984
14883,1470.8253551004984
14884,1470.8253551004984
14885,1470.8253551004984
14886,1470.8253551004984
14887,1470.8253551004984
14888,1470.8253551004984
14889,1470.8253551004984
14890,1470.8253551004984
14891,1470.8253551004984
14892,1470.8253551004984
14893,1470.8253551004984
14894,1470.8253551004984
14895,1470.8253551004984
14896,1470.8253551004984
14897,1470.8253551004984
14898,1470.8253551004984
14899,1470.8253551004984
14900,1470.8253551004984
14901,1470.8253551004984
14902,1470.8253551004984
14903,1470.8253551004984
14904,1470.8253551004984
14905,1470.8253551004984
14906,1470.8253551004984
14907,1470.8253551004984
14908,1470.8253551004984
14909,1470.8253551004984
14910,1470.8253551004984
14911,1470.8253551004984
14912,1470.8253551004984
14913,1470.8253551004984
14914,1470.8253551004984
14915,1470.8253551004984
14916,1470.8253551004984
14917,1470.8253551004984
14918,1470.8253551004984
14919,1470.8253551004984
14920,1470.8253551004984
14921,1470.8253551004984
14922,1470.8253551004984
14923,1470.8253551004984
14924,1470.8253551004984
14925,1470.8253551004984
14926,1470.8253551004984
14927,1470.8253551004984
14928,1470.8253551004984
14929,1470.8253551004984
14930,1470.8253551004984
14931,1467.8521680756046
14932,1467.8521680756046
14933,1467.8521680756046
14934,1467.8521680756046
14935,1467.8521680756046
14936,1467.6596873072842
14937,1467.6596873072842
14938,1467.6596873072842
14939,1467.6596873072842
14940,1467.6596873072842
14941,1467.6596873072842
14942,1467.6596873072842
14943,1467.6596873072842
14944,1467.6596873072842
14945,1467.6596873072842
14946,1467.6596873072842
14947,1467.6596873072842
14948,1467.6596873072842
14949,1467.6596873072842
14950,1467.6596873072842
14951,1467.6596873072842
14952,1467.6596873072842
14953,1467.6596873072842
14954,1467.6596873072842
14955,1467.6596873072842
14956,1467.6596873072842
14957,1467.6596873072842
14958,1467.6596873072842
14959,1467.6596873072842
14960,1467.6596873072842
14961,1467.6596873072842
14962,1467.6596873072842
14963,1467.6596873072842
14964,1467.6596873072842
14965,1467.6596873072842
14966,1467.6596873072842
14967,1467.6596873072842
14968,1467.6596873072842
14969,1467.6596873072842
14970,1467.6596873072842
14971,1467.6596873072842
14972,1467.6596873072842
14973,1467.6596873072842
14974,1467.6596873072842
14975,1467.6596873072842
14976,1467.6596873072842
14977,1467.6596873072842
14978,1467.6596873072842
14979,1467.6596873072842
14980,1467.6596873072842
14981,1467.6596873072842
14982,1467.6596873072842
14983,1467.6596873072842
14984,1467.6596873072842
14985,1467.6596873072842
14986,1467.6596873072842
14987,1456.2620330919324
14988,1456.2620330919324
14989,1456.2620330919324
14990,1456.2620330919324
14991,1456.2620330919324
14992,1456.2620330919324
14993,1456.2620330919324
14994,1456.2620330919324
14995,1456.2620330919324
14996,1456.2620330919324
14997,1456.2620330919324
14998,1456.2620330919324
14999,1456.2620330919324
15000,1456.2620330919324
15001,1456.2620330919324
15002,1456.2620330919324
15003,1456.2620330919324
15004,1456.2620330919324
15005,1456.2620330919324
15006,1456.2620330919324
15007,1456.2620330919324
15008,1456.2620330919324
15009,1456.2620330919324
15010,1456.2620330919324
15011,1456.2620330919324
15012,1456.2620330919324
15013,1456.2620330919324
15014,1456.2620330919324
15015,1456.2620330919324
15016,1456.2620330919324
15017,1456.2620330919324
15018,1456.2620330919324
15019,1456.2620330919324
15020,1456.2620330919324
15021,1456.2620330919324
15022,1456.2620330919324
15023,1456.2620330919324
15024,1456.2620330919324
15025,1456.2620330919324
15026,1456.2620330919324
15027,1456.2620330919324
15028,1456.2620330919324
15029,1456.2620330919324
15030,1456.2620330919324
15031,1456.2620330919324
15032,1456.2620330919324
15033,1456.2620330919324
15034,1456.2620330919324
15035,1456.2620330919324
15036,1456.2620330919324
15037,1456.2620330919324
15038,1456.2620330919324
15039,1456.2620330919324
15040,1456.2620330919324
15041,1456.2620330919324
15042,1456.2620330919324
15043,1456.2620330919324
15044,1456.2620330919324
15045,1456.2620330919324
15046,1456.2620330919324
15047,1456.2620330919324
15048,1456.2620330919324
15049,1456.2620330919324
15050,1456.2620330919324
15051,1456.2620330919324
15052,1456.2620330919324
15053,1456.2620330919324
15054,1456.2620330919324
15055,1456.2620330919324
15056,1456.2620330919324
15057,1456.2620330919324
15058,1456.2620330919324
15059,1456.2620330919324
15060,1456.2620330919324
15061,1456.2620330919324
15062,1456.2620330919324
15063,1456.2620330919324
15064,1456.2620330919324
15065,1456.2620330919324
15066,1456.2620330919324
15067,1456.2620330919324
15068,1456.2620330919324
15069,1456.2620330919324
15070,1456.2620330919324
15071,1456.2620330919324
15072,1456.2620330919324
15073,1456.2620330919324
15074,1456.2620330919324
15075,1456.2620330919324
15076,1456.2620330919324
15077,1456.2620330919324
15078,1456.2620330919324
15079,1456.2620330919324
15080,1456.2620330919324
15081,1456.2620330919324
15082,1456.2620330919324
15083,1456.2620330919324
15084,1456.2620330919324
15085,1456.2620330919324
15086,1456.2620330919324
15087,1456.2620330919324
15088,1456.2620330919324
15089,1456.2620330919324
15090,1456.2620330919324
15091,1456.2620330919324
15092,1456.2620330919324
15093,1456.2620330919324
15094,1456.2620330919324
15095,1456.2620330919324
15096,1456.2620330919324
15097,1456.2620330919324
15098,1456.2620330919324
15099,1456.2620330919324
15100,1456.2620330919324
15101,1456.2620330919324
15102,1456.2620330919324
15103,1456.2620330919324
15104,1456.2620330919324
15105,1456.2620330919324
15106,1456.2620330919324
15107,1456.2620330919324
15108,1456.2620330919324
15109,1456.2620330919324
15110,1456.2620330919324
15111,1456.2620330919324
15112,1456.2620330919324
15113,1456.2620330919324
15114,1456.2620330919324
15115,1456.2620330919324
15116,1456.2620330919324
15117,1453.2057663701087
15118,1453.2057663701087
15119,1453.2057663701087
15120,1453.2057663701087
15121,1453.2057663701087
15122,1453.2057663701087
15123,1453.2057663701087
15124,1453.2057663701087
15125,1453.2057663701087
15126,1453.2057663701087
15127,1453.2057663701087
15128,1453.2057663701087
15129,1453.2057663701087
15130,1453.2057663701087
15131,1453.2057663701087
15132,1453.2057663701087
15133,1453.2057663701087
15134,1453.2057663701087
15135,1453.2057663701087
15136,1453.2057663701087
15137,1453.2057663701087
15138,1453.2057663701087
15139,1453.2057663701087
15140,1453.2057663701087
15141,1453.2057663701087
15142,1453.2057663701087
15143,1453.2057663701087
15144,1453.2057663701087
15145,1453.2057663701087
15146,1453.2057663701087
15147,1453.2057663701087
15148,1453.2057663701087
15149,1453.2057663701087
15150,1453.2057663701087
15151,1453.2057663701087
15152,1453.2057663701087
15153,1453.2057663701087
15154,1453.2057663701087
15155,1453.2057663701087
15156,1453.2057663701087
15157,1453.2057663701087
15158,1453.2057663701087
15159,1453.2057663701087
15160,1453.2057663701087
15161,1453.2057663701087
15162,1453.2057663701087
15163,1453.2057663701087
15164,1453.2057663701087
15165,1453.2057663701087
15166,1453.2057663701087
15167,1453.2057663701087
15168,1452.3023662354308
15169,1452.3023662354308
15170,1452.3023662354308
15171,1452.3023662354308
15172,1452.3023662354308
15173,1452.3023662354308
15174,1452.3023662354308
15175,1452.3023662354308
15176,1452.3023662354308
15177,1452.3023662354308
15178,1452.3023662354308
15179,1452.3023662354308
15180,1452.3023662354308
15181,1452.3023662354308
15182,1452.3023662354308
15183,1452.3023662354308
15184,1452.3023662354308
15185,1452.3023662354308
15186,1452.3023662354308
15187,1452.3023662354308
15188,1452.3023662354308
15189,1452.3023662354308
15190,1452.3023662354308
15191,1452.3023662354308
15192,1452.3023662354308
15193,1452.3023662354308
15194,1452.3023662354308
15195,1452.3023662354308
15196,1452.3023662354308
15197,1452.3023662354308
15198,1452.3023662354308
15199,1452.3023662354308
15200,1452.3023662354308
15201,1452.3023662354308
15202,1452.3023662354308
15203,1452.3023662354308
15204,1452.3023662354308
15205,1452.3023662354308
15206,1452.3023662354308
15207,1452.3023662354308
15208,1452.3023662354308
15209,1452.3023662354308
15210,1452.3023662354308
15211,1452.3023662354308
15212,1452.3023662354308
15213,1452.3023662354308
15214,1452.3023662354308
15215,1452.3023662354308
15216,1452.3023662354308
15217,1452.3023662354308
15218,1452.3023662354308
15219,1452.3023662354308
15220,1452.3023662354308
15221,1452.3023662354308
15222,1452.3023662354308
15223,1452.3023662354308
15224,1452.3023662354308
15225,1452.3023662354308
15226,1452.3023662354308
15227,1452.3023662354308
15228,1452.3023662354308
15229,1452.3023662354308
15230,1452.3023662354308
15231,1452.3023662354308
15232,1452.3023662354308
15233,1452.3023662354308
15234,1452.3023662354308
15235,1452.3023662354308
15236,1452.3023662354308
15237,1452.3023662354308
15238,1452.3023662354308
15239,1452.3023662354308
15240,1452.3023662354308
15241,1452.3023662354308
15242,1452.3023662354308
15243,1452.3023662354308
15244,1452.3023662354308
15245,1452.3023662354308
15246,1452.3023662354308
15247,1452.3023662354308
15248,1452.3023662354308
15249,1452.3023662354308
15250,1452.3023662354308
15251,1452.3023662354308
15252,1452.3023662354308
15253,1452.3023662354308
15254,1452.3023662354308
15255,1452.3023662354308
15256,1452.3023662354308
15257,1452.3023662354308
15258,1452.3023662354308
15259,1450.3227440357996
15260,1450.3227440357996
15261,1450.3227440357996
15262,1450.3227440357996
15263,1450.3227440357996
15264,1450.3227440357996
15265,1450.3227440357996
15266,1450.3227440357996
15267,1450.3227440357996
15268,1450.3227440357996
15269,1450.3227440357996
15270,1450.3227440357996
15271,1450.3227440357996
15272,1450.3227440357996
15273,1450.3227440357996
15274,1450.3227440357996
15275,1450.3227440357996
15276,1450.3227440357996
15277,1450.3227440357996
15278,1450.3227440357996
15279,1450.3227440357996
15280,1450.3227440357996
15281,1450.3227440357996
15282,1450.3227440357996
15283,1450.3227440357996
15284,1450.3227440357996
15285,1450.3227440357996
15286,1450.3227440357996
15287,1450.3227440357996
15288,1450.3227440357996
15289,1450.3227440357996
15290,1450.3227440357996
15291,1450.3227440357996
15292,1450.3227440357996
15293,1450.3227440357996
15294,1450.3227440357996
15295,1450.3227440357996
15296,1450.3227440357996
15297,1450.3227440357996
15298,1450.3227440357996
15299,1450.3227440357996
15300,1450.3227440357996
15301,1450.3227440357996
15302,1450.3227440357996
15303,1450.3227440357996
15304,1450.3227440357996
15305,1450.3227440357996
15306,1450.3227440357996
15307,1450.3227440357996
15308,1450.3227440357996
15309,1450.3227440357996
15310,1450.3227440357996
15311,1450.3227440357996
15312,1450.3227440357996
15313,1450.3227440357996
15314,1450.3227440357996
15315,1450.3227440357996
15316,1450.3227440357996
15317,1450.3227440357996
15318,1450.3227440357996
15319,1450.3227440357996
15320,1450.3227440357996
15321,1450.3227440357996
15322,1450.3227440357996
15323,1450.3227440357996
15324,1450.3227440357996
15325,1450.3227440357996
15326,1450.3227440357996
15327,1450.3227440357996
15328,1450.3227440357996
15329,1450.3227440357996
15330,1450.3227440357996
15331,1450.3227440357996
15332,1450.3227440357996
15333,1445.469999596891
15334,1445.469999596891
15335,1445.469999596891
15336,1445.469999596891
15337,1445.469999596891
15338,1445.469999596891
15339,1445.469999596891
15340,1445.469999596891
15341,1445.469999596891
15342,1445.469999596891
15343,1444.4772327198214
15344,1444.4772327198214
15345,1444.4772327198214
15346,1444.4772327198214
15347,1444.4772327198214
15348,1444.4772327198214
15349,1444.4772327198214
15350,1444.4772327198214
15351,1444.4772327198214
15352,1444.4772327198214
15353,1444.4772327198214
15354,1444.4772327198214
15355,1444.4772327198214
15356,1444.4772327198214
15357,1444.4772327198214
15358,1444.4772327198214
15359,1444.4772327198214
15360,1444.4772327198214
15361,1444.4772327198214
15362,1444.4772327198214
15363,1444.4772327198214
15364,1444.4772327198214
15365,1444.4772327198214
15366,1444.4772327198214
15367,1444.4772327198214
15368,1444.4772327198214
15369,1444.4772327198214
15370,1444.4772327198214
15371,1444.4772327198214
15372,1443.581616907385
15373,1443.581616907385
15374,1443.581616907385
15375,1443.581616907385
15376,1443.581616907385
15377,1443.581616907385
15378,1443.581616907385
15379,1443.581616907385
15380,1443.581616907385
15381,1443.581616907385
15382,1443.581616907385
15383,1443.581616907385
15384,1443.581616907385
15385,1443.581616907385
15386,1443.581616907385
15387,1443.581616907385
15388,1443.581616907385
15389,1443.581616907385
15390,1443.581616907385
15391,1443.581616907385
15392,1443.581616907385
15393,1443.581616907385
15394,1443.581616907385
15395,1443.581616907385
15396,1443.581616907385
15397,1443.581616907385
15398,1443.581616907385
15399,1443.581616907385
15400,1443.581616907385
15401,1443.581616907385
15402,1443.581616907385
15403,1443.581616907385
15404,1443.581616907385
15405,1443.581616907385
15406,1443.581616907385
15407,1443.581616907385
15408,1443.581616907385
15409,1443.581616907385
15410,1443.581616907385
15411,1443.581616907385
15412,1443.581616907385
15413,1443.581616907385
15414,1443.581616907385
15415,1443.581616907385
15416,1443.581616907385
15417,1443.581616907385
15418,1443.581616907385
15419,1443.581616907385
15420,1443.581616907385
15421,1443.581616907385
15422,1443.581616907385
15423,1443.581616907385
15424,1443.581616907385
15425,1443.581616907385
15426,1443.581616907385
15427,1443.581616907385
15428,1443.581616907385
15429,1443.581616907385
15430,1437.758922539386
15431,1437.758922539386
15432,1437.758922539386
15433,1437.758922539386
15434,1437.758922539386
15435,1437.758922539386
15436,1437.758922539386
15437,1437.758922539386
15438,1437.758922539386
15439,1437.758922539386
15440,1437.758922539386
15441,1437.758922539386
15442,1437.758922539386
15443,1437.758922539386
15444,1437.758922539386
15445,1437.758922539386
15446,1437.758922539386
15447,1437.758922539386
15448,1437.758922539386
15449,1437.758922539386
15450,1437.758922539386
15451,1437.758922539386
15452,1437.758922539386
15453,1437.758922539386
15454,1437.758922539386
15455,1437.758922539386
15456,1437.758922539386
15457,1437.758922539386
15458,1437.758922539386
15459,1437.758922539386
15460,1437.758922539386
15461,1437.758922539386
15462,1437.758922539386
15463,1437.758922539386
15464,1437.758922539386
15465,1437.758922539386
15466,1437.758922539386
15467,1437.758922539386
15468,1437.758922539386
15469,1437.758922539386
15470,1437.758922539386
15471,1437.758922539386
15472,1437.758922539386
15473,1437.758922539386
15474,1437.758922539386
15475,1437.758922539386
15476,1437.758922539386
15477,1437.758922539386
15478,1437.758922539386
15479,1437.758922539386
15480,1437.758922539386
15481,1437.758922539386
15482,1437.758922539386
15483,1437.758922539386
15484,1437.758922539386
15485,1437.758922539386
15486,1437.758922539386
15487,1437.758922539386
15488,1437.758922539386
15489,1437.758922539386
15490,1437.758922539386
15491,1437.758922539386
15492,1437.758922539386
15493,1437.758922539386
15494,1437.758922539386
15495,1437.758922539386
15496,1437.758922539386
15497,1437.758922539386
15498,1437.758922539386
15499,1437.758922539386
15500,1437.758922539386
15501,1437.758922539386
15502,1437.758922539386
15503,1437.758922539386
15504,1437.758922539386
15505,1437.758922539386
15506,1437.758922539386
15507,1437.758922539386
15508,1437.758922539386
15509,1437.758922539386
15510,1437.758922539386
15511,1437.758922539386
15512,1437.758922539386
15513,1437.758922539386
15514,1437.758922539386
15515,1437.758922539386
15516,1437.758922539386
15517,1413.2180682040605
15518,1413.2180682040605
15519,1413.2180682040605
15520,1413.2180682040605
15521,1413.2180682040605
15522,1413.2180682040605
15523,1413.2180682040605
15524,1413.2180682040605
15525,1413.2180682040605
15526,1413.2180682040605
15527,1387.5808915476646
15528,1387.5808915476646
15529,1387.5808915476646
15530,1387.5808915476646
15531,1387.5808915476646
15532,1387.5808915476646
15533,1387.5808915476646
15534,1387.5808915476646
15535,1387.5808915476646
15536,1387.5808915476646
15537,1387.5808915476646
15538,1387.5808915476646
15539,1387.5808915476646
15540,1387.5808915476646
15541,1387.5808915476646
15542,1387.5808915476646
15543,1387.5808915476646
15544,1387.5808915476646
15545,1387.5808915476646
15546,1387.5808915476646
15547,1387.5808915476646
15548,1387.5808915476646
15549,1387.5808915476646
15550,1387.5808915476646
15551,1387.5808915476646
15552,1387.5808915476646
15553,1387.5808915476646
15554,1387.5808915476646
15555,1387.5808915476646
15556,1387.5808915476646
15557,1387.5808915476646
15558,1387.5808915476646
15559,1387.5808915476646
15560,1387.5808915476646
15561,1387.5808915476646
15562,1387.5808915476646
15563,1387.5808915476646
15564,1387.5808915476646
15565,1387.5808915476646
15566,1387.5808915476646
15567,1387.5808915476646
15568,1387.5808915476646
15569,1387.5808915476646
15570,1387.5808915476646
15571,1387.5808915476646
15572,1387.5808915476646
15573,1387.5808915476646
15574,1380.5536186168006
15575,1380.5536186168006
15576,1380.5536186168006
15577,1380.5536186168006
15578,1379.818776348718
15579,1379.818776348718
15580,1379.818776348718
15581,1379.818776348718
15582,1379.818776348718
15583,1379.818776348718
15584,1379.818776348718
15585,1379.818776348718
15586,1379.818776348718
15587,1379.818776348718
15588,1379.818776348718
15589,1379.818776348718
15590,1379.818776348718
15591,1376.300992381623
15592,1376.300992381623
15593,1376.300992381623
15594,1376.300992381623
15595,1376.300992381623
15596,1376.300992381623
15597,1376.300992381623
15598,1376.300992381623
15599,1376.300992381623
15600,1376.300992381623
15601,1376.300992381623
15602,1376.300992381623
15603,1376.300992381623
15604,1376.300992381623
15605,1376.300992381623
15606,1376.300992381623
15607,1376.300992381623
15608,1376.300992381623
15609,1376.300992381623
15610,1376.300992381623
15611,1376.300992381623
15612,1376.300992381623
15613,1376.300992381623
15614,1376.300992381623
15615,1376.300992381623
15616,1376.300992381623
15617,1376.300992381623
15618,1376.300992381623
15619,1376.300992381623
15620,1376.300992381623
15621,1376.300992381623
15622,1376.300992381623
15623,1376.300992381623
15624,1376.300992381623
15625,1376.300992381623
15626,1376.300992381623
15627,1376.300992381623
15628,1376.300992381623
15629,1376.300992381623
15630,1376.300992381623
15631,1376.300992381623
15632,1376.300992381623
15633,1376.300992381623
15634,1376.300992381623
15635,1376.300992381623
15636,1376.300992381623
15637,1376.300992381623
15638,1376.300992381623
15639,1376.300992381623
15640,1376.2832299507609
15641,1376.2832299507609
15642,1376.2832299507609
15643,1376.2832299507609
15644,1376.2832299507609
15645,1376.2832299507609
15646,1376.2832299507609
15647,1376.2832299507609
15648,1376.2832299507609
15649,1376.2832299507609
15650,1376.2832299507609
15651,1376.2832299507609
15652,1376.2832299507609
15653,1376.2832299507609
15654,1376.2832299507609
15655,1376.2832299507609
15656,1376.2832299507609
15657,1376.2832299507609
15658,1376.2832299507609
15659,1376.2832299507609
15660,1376.2832299507609
15661,1376.2832299507609
15662,1376.2832299507609
15663,1376.2832299507609
15664,1376.2832299507609
15665,1376.2832299507609
15666,1376.2832299507609
15667,1376.2832299507609
15668,1376.2832299507609
15669,1376.2832299507609
15670,1376.2832299507609
15671,1376.2832299507609
15672,1376.2832299507609
15673,1376.2832299507609
15674,1376.2832299507609
15675,1376.2832299507609
15676,1376.2832299507609
15677,1376.2832299507609
15678,1376.2832299507609
15679,1376.2832299507609
15680,1376.2832299507609
15681,1376.2832299507609
15682,1376.2832299507609
15683,1376.2832299507609
15684,1376.2832299507609
15685,1376.2832299507609
15686,1376.2832299507609
15687,1376.2832299507609
15688,1376.2832299507609
15689,1376.2832299507609
15690,1376.2832299507609
15691,1376.2832299507609
15692,1376.2832299507609
15693,1376.2832299507609
15694,1376.2832299507609
15695,1376.2832299507609
15696,1376.2832299507609
15697,1376.2832299507609
15698,1376.2832299507609
15699,1376.2832299507609
15700,1376.2832299507609
15701,1376.2832299507609
15702,1376.2832299507609
15703,1376.2832299507609
15704,1374.7357791230747
15705,1374.7357791230747
15706,1374.7357791230747
15707,1374.7357791230747
15708,1374.7357791230747
15709,1374.7357791230747
15710,1374.7357791230747
15711,1374.7357791230747
15712,1374.7357791230747
15713,1374.7357791230747
15714,1374.7357791230747
15715,1374.7357791230747
15716,1374.7357791230747
15717,1374.7357791230747
15718,1374.7357791230747
15719,1374.7357791230747
15720,1374.7357791230747
15721,1374.7357791230747
15722,1374.7357791230747
15723,1374.7357791230747
15724,1374.7357791230747
15725,1374.7357791230747
15726,1374.7357791230747
15727,1374.7357791230747
15728,1374.7357791230747
15729,1374.7357791230747
15730,1374.7357791230747
15731,1374.7357791230747
15732,1374.7357791230747
15733,1374.7357791230747
15734,1374.7357791230747
15735,1374.7357791230747
15736,1374.7357791230747
15737,1374.7357791230747
15738,1374.7357791230747
15739,1374.7357791230747
15740,1374.7357791230747
15741,1374.7357791230747
15742,1374.7357791230747
15743,1374.7357791230747
15744,1374.7357791230747
15745,1374.7357791230747
15746,1374.7357791230747
15747,1374.7357791230747
15748,1374.207691359412
15749,1374.207691359412
15750,1374.207691359412
15751,1374.207691359412
15752,1374.207691359412
15753,1374.207691359412
15754,1374.207691359412
15755,1374.207691359412
15756,1374.207691359412
15757,1374.207691359412
15758,1374.207691359412
15759,1374.207691359412
15760,1374.207691359412
15761,1374.207691359412
15762,1374.207691359412
15763,1374.207691359412
15764,1374.207691359412
15765,1374.207691359412
15766,1374.207691359412
15767,1374.207691359412
15768,1374.207691359412
15769,1374.207691359412
15770,1374.207691359412
15771,1374.207691359412
15772,1374.207691359412
15773,1374.207691359412
15774,1374.207691359412
15775,1374.207691359412
15776,1374.207691359412
15777,1374.207691359412
15778,1374.207691359412
15779,1374.207691359412
15780,1374.207691359412
15781,1374.207691359412
15782,1374.207691359412
15783,1374.207691359412
15784,1374.207691359412
15785,1374.207691359412
15786,1374.207691359412
15787,1374.207691359412
15788,1374.207691359412
15789,1374.207691359412
15790,1374.207691359412
15791,1374.207691359412
15792,1374.207691359412
15793,1374.207691359412
15794,1374.207691359412
15795,1374.207691359412
15796,1374.207691359412
15797,1374.0417912931293
15798,1374.0417912931293
15799,1374.0417912931293
15800,1374.0417912931293
15801,1374.0417912931293
15802,1374.0417912931293
15803,1374.0417912931293
15804,1374.0417912931293
15805,1374.0417912931293
15806,1374.0417912931293
15807,1374.0417912931293
15808,1374.0417912931293
15809,1374.0417912931293
15810,1374.0417912931293
15811,1374.0417912931293
15812,1374.0417912931293
15813,1374.0417912931293
15814,1374.0417912931293
15815,1374.0417912931293
15816,1374.0417912931293
15817,1374.0417912931293
15818,1374.0417912931293
15819,1374.0417912931293
15820,1374.0417912931293
15821,1374.0417912931293
15822,1374.0417912931293
15823,1374.0417912931293
15824,1374.0417912931293
15825,1374.0417912931293
15826,1374.0417912931293
15827,1374.0417912931293
15828,1374.0417912931293
15829,1374.0417912931293
15830,1374.0417912931293
15831,1374.0417912931293
15832,1374.0417912931293
15833,1374.0417912931293
15834,1374.0417912931293
15835,1374.0417912931293
15836,1374.0417912931293
15837,1374.0417912931293
15838,1374.0417912931293
15839,1374.0417912931293
15840,1374.0417912931293
15841,1374.0417912931293
15842,1374.0417912931293
15843,1374.0417912931293
15844,1374.0417912931293
15845,1374.0417912931293
15846,1374.0417912931293
15847,1374.0417912931293
15848,1374.0417912931293
15849,1374.0417912931293
15850,1374.0417912931293
15851,1374.0417912931293
15852,1374.0417912931293
15853,1374.0417912931293
15854,1374.0417912931293
15855,1374.0417912931293
15856,1374.0417912931293
15857,1374.0417912931293
15858,1374.0417912931293
15859,1374.0417912931293
15860,1374.0417912931293
15861,1374.0417912931293
15862,1374.0417912931293
15863,1374.0417912931293
15864,1374.0417912931293
15865,1374.0417912931293
15866,1374.0417912931293
15867,1374.0417912931293
15868,1374.0417912931293
15869,1374.0417912931293
15870,1374.0417912931293
15871,1374.0417912931293
15872,1367.024674611021
15873,1367.024674611021
15874,1367.024674611021
15875,1367.024674611021
15876,1367.024674611021
15877,1367.024674611021
15878,1367.024674611021
15879,1367.024674611021
15880,1367.024674611021
15881,1367.024674611021
15882,1367.024674611021
15883,1367.024674611021
15884,1367.024674611021
15885,1367.024674611021
15886,1367.024674611021
15887,1367.024674611021
15888,1367.024674611021
15889,1367.024674611021
15890,1364.7000847197069
15891,1364.7000847197069
15892,1364.7000847197069
15893,1364.7000847197069
15894,1364.7000847197069
15895,1364.7000847197069
15896,1364.7000847197069
15897,1364.7000847197069
15898,1364.7000847197069
15899,1364.7000847197069
15900,1364.7000847197069
15901,1364.7000847197069
15902,1364.7000847197069
15903,1364.7000847197069
15904,1364.7000847197069
15905,1364.7000847197069
15906,1364.7000847197069
15907,1364.7000847197069
15908,1364.7000847197069
15909,1364.7000847197069
15910,1364.7000847197069
15911,1364.7000847197069
15912,1364.7000847197069
15913,1364.7000847197069
15914,1364.7000847197069
15915,1364.7000847197069
15916,1364.7000847197069
15917,1364.7000847197069
15918,1364.7000847197069
15919,1364.7000847197069
15920,1364.7000847197069
15921,1364.7000847197069
15922,1364.7000847197069
15923,1364.7000847197069
15924,1364.7000847197069
15925,1364.7000847197069
15926,1364.7000847197069
15927,1364.7000847197069
15928,1364.7000847197069
15929,1364.7000847197069
15930,1364.7000847197069
15931,1364.7000847197069
15932,1364.7000847197069
15933,1364.7000847197069
15934,1364.7000847197069
15935,1364.7000847197069
15936,1364.7000847197069
15937,1364.7000847197069
15938,1364.7000847197069
15939,1364.7000847197069
15940,1364.7000847197069
15941,1364.7000847197069
15942,1364.7000847197069
15943,1364.7000847197069
15944,1364.7000847197069
15945,1364.7000847197069
15946,1364.7000847197069
15947,1364.7000847197069
15948,1364.7000847197069
15949,1364.7000847197069
15950,1364.7000847197069
15951,1364.7000847197069
15952,1364.7000847197069
15953,1364.7000847197069
15954,1364.7000847197069
15955,1364.7000847197069
15956,1364.7000847197069
15957,1364.7000847197069
15958,1364.7000847197069
15959,1364.7000847197069
15960,1364.7000847197069
15961,1364.7000847197069
15962,1364.7000847197069
15963,1364.7000847197069
15964,1364.7000847197069
15965,1364.7000847197069
15966,1364.7000847197069
15967,1364.7000847197069
15968,1364.7000847197069
15969,1364.7000847197069
15970,1364.7000847197069
15971,1364.7000847197069
15972,1364.7000847197069
15973,1364.7000847197069
15974,1364.7000847197069
15975,1364.7000847197069
15976,1364.7000847197069
15977,1364.7000847197069
15978,1364.7000847197069
15979,1364.7000847197069
15980,1364.7000847197069
15981,1364.7000847197069
15982,1364.7000847197069
15983,1364.7000847197069
15984,1364.7000847197069
15985,1364.7000847197069
15986,1364.7000847197069
15987,1364.7000847197069
15988,1364.7000847197069
15989,1364.7000847197069
15990,1364.7000847197069
15991,1364.7000847197069
15992,1364.7000847197069
15993,1364.7000847197069
15994,1364.7000847197069
15995,1364.7000847197069
15996,1364.7000847197069
15997,1364.7000847197069
15998,1364.7000847197069
15999,1364.7000847197069
16000,1364.7000847197069
16001,1364.7000847197069
16002,1364.7000847197069
16003,1364.7000847197069
16004,1364.7000847197069
16005,1364.7000847197069
16006,1364.7000847197069
16007,1364.7000847197069
16008,1364.7000847197069
16009,1364.7000847197069
16010,1364.7000847197069
16011,1364.7000847197069
16012,1364.7000847197069
16013,1364.7000847197069
16014,1364.7000847197069
16015,1364.7000847197069
16016,1364.7000847197069
16017,1364.7000847197069
16018,1364.7000847197069
16019,1364.7000847197069
16020,1364.7000847197069
16021,1364.7000847197069
16022,1364.7000847197069
16023,1364.7000847197069
16024,1364.7000847197069
16025,1364.7000847197069
16026,1364.7000847197069
16027,1364.7000847197069
16028,1364.7000847197069
16029,1364.7000847197069
16030,1364.7000847197069
16031,1364.7000847197069
16032,1364.7000847197069
16033,1364.7000847197069
16034,1364.7000847197069
16035,1364.7000847197069
16036,1364.7000847197069
16037,1364.7000847197069
16038,1364.7000847197069
16039,1364.7000847197069
16040,1364.7000847197069
16041,1364.7000847197069
16042,1364.7000847197069
16043,1364.7000847197069
16044,1364.7000847197069
16045,1364.7000847197069
16046,1364.7000847197069
16047,1364.7000847197069
16048,1364.7000847197069
16049,1364.7000847197069
16050,1364.7000847197069
16051,1364.7000847197069
16052,1364.7000847197069
16053,1364.7000847197069
16054,1364.7000847197069
16055,1364.7000847197069
16056,1364.7000847197069
16057,1364.7000847197069
16058,1364.7000847197069
16059,1364.7000847197069
16060,1364.7000847197069
16061,1364.7000847197069
16062,1364.7000847197069
16063,1364.7000847197069
16064,1364.7000847197069
16065,1364.7000847197069
16066,1364.7000847197069
16067,1364.7000847197069
16068,1364.7000847197069
16069,1364.7000847197069
16070,1364.7000847197069
16071,1364.7000847197069
16072,1364.7000847197069
16073,1362.330648130721
16074,1362.330648130721
16075,1357.3152539735372
16076,1357.3152539735372
16077,1357.3152539735372
16078,1357.3152539735372
16079,1357.3152539735372
16080,1357.3152539735372
16081,1357.3152539735372
16082,1351.0635727698009
16083,1351.0635727698009
16084,1351.0635727698009
16085,1351.0635727698009
16086,1351.0635727698009
16087,1351.0635727698009
16088,1351.0635727698009
16089,1351.0635727698009
16090,1351.0635727698009
16091,1351.0635727698009
16092,1351.0635727698009
16093,1351.0635727698009
16094,1351.0635727698009
16095,1351.0635727698009
16096,1351.0635727698009
16097,1351.0635727698009
16098,1351.0635727698009
16099,1351.0635727698009
16100,1351.0635727698009
16101,1351.0635727698009
16102,1351.0635727698009
16103,1351.0635727698009
16104,1351.0635727698009
16105,1351.0635727698009
16106,1351.0635727698009
16107,1351.0635727698009
16108,1351.0635727698009
16109,1351.0635727698009
16110,1351.0635727698009
16111,1351.0635727698009
16112,1351.0635727698009
16113,1351.0635727698009
16114,1351.0635727698009
16115,1351.0635727698009
16116,1351.0635727698009
16117,1351.0635727698009
16118,1351.0635727698009
16119,1351.0635727698009
16120,1351.0635727698009
16121,1351.0635727698009
16122,1351.0635727698009
16123,1351.0635727698009
16124,1351.0635727698009
16125,1351.0635727698009
16126,1351.0635727698009
16127,1351.0635727698009
16128,1351.0635727698009
16129,1351.0635727698009
16130,1351.0635727698009
16131,1351.0635727698009
16132,1351.0635727698009
16133,1351.0635727698009
16134,1351.0635727698009
16135,1351.0635727698009
16136,1351.0635727698009
16137,1351.0635727698009
16138,1351.0635727698009
16139,1351.0635727698009
16140,1351.0635727698009
16141,1351.0635727698009
16142,1351.0635727698009
16143,1351.0635727698009
16144,1351.0635727698009
16145,1351.0635727698009
16146,1345.1319037823203
16147,1339.0823854313594
16148,1339.0823854313594
16149,1339.0823854313594
16150,1339.0823854313594
16151,1339.0823854313594
16152,1339.0823854313594
16153,1339.0823854313594
16154,1339.0823854313594
16155,1339.0823854313594
16156,1339.0823854313594
16157,1339.0823854313594
16158,1339.0823854313594
16159,1339.0823854313594
16160,1339.0823854313594
16161,1339.0823854313594
16162,1339.0823854313594
16163,1339.0823854313594
16164,1339.0823854313594
16165,1339.0823854313594
16166,1339.0823854313594
16167,1339.0823854313594
16168,1339.0823854313594
16169,1339.0823854313594
16170,1339.0823854313594
16171,1339.0823854313594
16172,1339.0823854313594
16173,1339.0823854313594
16174,1339.0823854313594
16175,1339.0823854313594
16176,1339.0823854313594
16177,1339.0823854313594
16178,1339.0823854313594
16179,1339.0823854313594
16180,1339.0823854313594
16181,1339.0823854313594
16182,1339.0823854313594
16183,1339.0823854313594
16184,1339.0823854313594
16185,1339.0823854313594
16186,1339.0823854313594
16187,1339.0823854313594
16188,1339.0823854313594
16189,1339.0823854313594
16190,1339.0823854313594
16191,1339.0823854313594
16192,1339.0823854313594
16193,1339.0823854313594
16194,1339.0823854313594
16195,1339.0823854313594
16196,1339.0823854313594
16197,1339.0823854313594
16198,1339.0823854313594
16199,1339.0823854313594
16200,1339.0823854313594
16201,1339.0823854313594
16202,1339.0823854313594
16203,1339.0823854313594
16204,1339.0823854313594
16205,1339.0823854313594
16206,1327.3010192150573
16207,1327.3010192150573
16208,1327.3010192150573
16209,1327.3010192150573
16210,1327.3010192150573
16211,1327.3010192150573
16212,1327.3010192150573
16213,1327.3010192150573
16214,1327.3010192150573
16215,1327.3010192150573
16216,1327.3010192150573
16217,1327.3010192150573
16218,1327.3010192150573
16219,1327.3010192150573
16220,1327.3010192150573
16221,1327.3010192150573
16222,1321.616472610375
16223,1321.616472610375
16224,1321.616472610375
16225,1321.616472610375
16226,1321.616472610375
16227,1321.616472610375
16228,1321.616472610375
16229,1321.616472610375
16230,1321.616472610375
16231,1321.616472610375
16232,1321.616472610375
16233,1321.616472610375
16234,1321.616472610375
16235,1321.616472610375
16236,1321.616472610375
16237,1321.616472610375
16238,1321.616472610375
16239,1321.616472610375
16240,1321.616472610375
16241,1321.616472610375
16242,1321.616472610375
16243,1321.616472610375
16244,1321.616472610375
16245,1321.616472610375
16246,1321.616472610375
16247,1321.616472610375
16248,1321.616472610375
16249,1321.616472610375
16250,1321.616472610375
16251,1321.616472610375
16252,1321.616472610375
16253,1321.616472610375
16254,1307.9814540436967
16255,1307.9814540436967
16256,1307.9814540436967
16257,1307.9814540436967
16258,1307.9814540436967
16259,1307.9814540436967
16260,1307.9814540436967
16261,1307.9814540436967
16262,1307.9814540436967
16263,1307.9814540436967
16264,1307.9814540436967
16265,1307.9814540436967
16266,1307.9814540436967
16267,1307.9814540436967
16268,1307.9814540436967
16269,1307.9814540436967
16270,1307.9814540436967
16271,1307.9814540436967
16272,1307.9814540436967
16273,1307.9814540436967
16274,1307.9814540436967
16275,1307.9814540436967
16276,1307.9814540436967
16277,1307.9814540436967
16278,1307.9814540436967
16279,1307.9814540436967
16280,1307.9814540436967
16281,1307.9814540436967
16282,1307.9814540436967
16283,1307.9814540436967
16284,1307.9814540436967
16285,1307.9814540436967
16286,1307.9814540436967
16287,1307.9814540436967
16288,1307.9814540436967
16289,1307.9814540436967
16290,1307.9814540436967
16291,1307.9814540436967
16292,1307.9814540436967
16293,1307.9814540436967
16294,1307.9814540436967
16295,1307.9814540436967
16296,1307.9814540436967
16297,1307.9814540436967
16298,1307.9814540436967
16299,1307.9814540436967
16300,1307.9814540436967
16301,1307.9814540436967
16302,1307.9814540436967
16303,1307.9814540436967
16304,1307.9814540436967
16305,1307.9814540436967
16306,1307.9814540436967
16307,1307.9814540436967
16308,1307.9814540436967
16309,1307.9814540436967
16310,1307.9814540436967
16311,1307.9814540436967
16312,1307.9814540436967
16313,1307.9814540436967
16314,1307.9814540436967
16315,1307.9814540436967
16316,1307.9814540436967
16317,1307.2701508915893
16318,1307.2701508915893
16319,1307.2701508915893
16320,1307.2701508915893
16321,1307.2701508915893
16322,1307.2701508915893
16323,1307.2701508915893
16324,1307.2701508915893
16325,1307.2701508915893
16326,1307.2701508915893
16327,1307.2701508915893
16328,1307.2701508915893
16329,1307.2701508915893
16330,1306.4122363221406
16331,1306.4122363221406
16332,1306.4122363221406
16333,1306.4122363221406
16334,1306.4122363221406
16335,1306.4122363221406
16336,1306.4122363221406
16337,1306.4122363221406
16338,1306.4122363221406
16339,1306.4122363221406
16340,1306.4122363221406
16341,1306.4122363221406
16342,1306.4122363221406
16343,1306.4122363221406
16344,1306.4122363221406
16345,1306.4122363221406
16346,1306.4122363221406
16347,1306.4122363221406
16348,1306.4122363221406
16349,1306.4122363221406
16350,1306.4122363221406
16351,1306.4122363221406
16352,1306.4122363221406
16353,1306.4122363221406
16354,1306.4122363221406
16355,1306.4122363221406
16356,1306.4122363221406
16357,1306.4122363221406
16358,1306.4122363221406
16359,1306.4122363221406
16360,1306.4122363221406
16361,1306.4122363221406
16362,1306.4122363221406
16363,1306.4122363221406
16364,1306.4122363221406
16365,1306.4122363221406
16366,1306.4122363221406
16367,1306.4122363221406
16368,1306.4122363221406
16369,1306.4122363221406
16370,1306.4122363221406
16371,1306.4122363221406
16372,1306.4122363221406
16373,1306.4122363221406
16374,1306.4122363221406
16375,1306.4122363221406
16376,1306.4122363221406
16377,1306.4122363221406
16378,1306.4122363221406
16379,1306.4122363221406
16380,1306.4122363221406
16381,1306.4122363221406
16382,1306.4122363221406
16383,1306.4122363221406
16384,1306.4122363221406
16385,1306.4122363221406
16386,1306.4122363221406
16387,1306.4122363221406
16388,1306.4122363221406
16389,1306.4122363221406
16390,1306.4122363221406
16391,1306.4122363221406
16392,1306.4122363221406
16393,1306.4122363221406
16394,1306.4122363221406
16395,1306.4122363221406
16396,1306.4122363221406
16397,1306.4122363221406
16398,1306.4122363221406
16399,1306.4122363221406
16400,1306.4122363221406
16401,1306.4122363221406
16402,1306.4122363221406
16403,1306.4122363221406
16404,1306.4122363221406
16405,1306.4122363221406
16406,1306.4122363221406
16407,1306.4122363221406
16408,1306.4122363221406
16409,1306.4122363221406
16410,1306.4122363221406
16411,1306.4122363221406
16412,1306.4122363221406
16413,1306.4122363221406
16414,1306.4122363221406
16415,1306.4122363221406
16416,1306.4122363221406
16417,1306.4122363221406
16418,1306.4122363221406
16419,1306.4122363221406
16420,1306.4122363221406
16421,1306.4122363221406
16422,1306.4122363221406
16423,1306.4122363221406
16424,1306.4122363221406
16425,1306.4122363221406
16426,1306.4122363221406
16427,1306.4122363221406
16428,1306.4122363221406
16429,1306.4122363221406
16430,1306.4122363221406
16431,1306.4122363221406
16432,1306.4122363221406
16433,1306.4122363221406
16434,1306.4122363221406
16435,1306.4122363221406
16436,1306.4122363221406
16437,1306.4122363221406
16438,1306.4122363221406
16439,1306.4122363221406
16440,1306.4122363221406
16441,1306.4122363221406
16442,1306.4122363221406
16443,1306.4122363221406
16444,1306.4122363221406
16445,1306.4122363221406
16446,1306.4122363221406
16447,1306.4122363221406
16448,1306.4122363221406
16449,1306.4122363221406
16450,1306.4122363221406
16451,1306.4122363221406
16452,1306.4122363221406
16453,1306.4122363221406
16454,1306.4122363221406
16455,1306.4122363221406
16456,1306.4122363221406
16457,1306.4122363221406
16458,1306.4122363221406
16459,1306.4122363221406
16460,1306.4122363221406
16461,1306.4122363221406
16462,1306.4122363221406
16463,1306.4122363221406
16464,1306.4122363221406
16465,1306.4122363221406
16466,1306.4122363221406
16467,1306.4122363221406
16468,1306.4122363221406
16469,1306.4122363221406
16470,1306.4122363221406
16471,1306.4122363221406
16472,1306.4122363221406
16473,1306.4122363221406
16474,1306.4122363221406
16475,1306.4122363221406
16476,1306.4122363221406
16477,1306.4122363221406
16478,1306.4122363221406
16479,1306.4122363221406
16480,1306.4122363221406
16481,1306.4122363221406
16482,1306.4122363221406
16483,1306.4122363221406
16484,1306.4122363221406
16485,1306.4122363221406
16486,1306.4122363221406
16487,1306.4122363221406
16488,1306.4122363221406
16489,1306.4122363221406
16490,1306.4122363221406
16491,1306.4122363221406
16492,1306.4122363221406
16493,1306.4122363221406
16494,1306.4122363221406
16495,1306.4122363221406
16496,1306.4122363221406
16497,1306.4122363221406
16498,1306.4122363221406
16499,1306.4122363221406
16500,1306.4122363221406
16501,1306.4122363221406
16502,1306.4122363221406
16503,1306.4122363221406
16504,1306.4122363221406
16505,1306.4122363221406
16506,1306.4122363221406
16507,1306.4122363221406
16508,1306.4122363221406
16509,1306.4122363221406
16510,1306.4122363221406
16511,1306.4122363221406
16512,1306.4122363221406
16513,1306.4122363221406
16514,1306.4122363221406
16515,1306.4122363221406
16516,1306.4122363221406
16517,1306.4122363221406
16518,1306.4122363221406
16519,1306.4122363221406
16520,1306.4122363221406
16521,1306.4122363221406
16522,1306.4122363221406
16523,1306.4122363221406
16524,1306.4122363221406
16525,1306.4122363221406
16526,1306.4122363221406
16527,1306.4122363221406
16528,1306.4122363221406
16529,1306.4122363221406
16530,1306.4122363221406
16531,1306.4122363221406
16532,1306.4122363221406
16533,1306.4122363221406
16534,1306.4122363221406
16535,1306.4122363221406
16536,1306.4122363221406
16537,1306.4122363221406
16538,1306.4122363221406
16539,1306.4122363221406
16540,1306.4122363221406
16541,1306.4122363221406
16542,1306.4122363221406
16543,1306.4122363221406
16544,1306.4122363221406
16545,1306.4122363221406
16546,1306.4122363221406
16547,1306.4122363221406
16548,1306.4122363221406
16549,1306.4122363221406
16550,1306.4122363221406
16551,1306.4122363221406
16552,1306.4122363221406
16553,1306.4122363221406
16554,1306.4122363221406
16555,1306.4122363221406
16556,1306.4122363221406
16557,1306.4122363221406
16558,1306.4122363221406
16559,1306.4122363221406
16560,1306.4122363221406
16561,1306.4122363221406
16562,1306.4122363221406
16563,1306.4122363221406
16564,1306.4122363221406
16565,1306.4122363221406
16566,1306.4122363221406
16567,1306.4122363221406
16568,1306.4122363221406
16569,1306.4122363221406
16570,1306.4122363221406
16571,1305.3745013602256
16572,1305.3745013602256
16573,1305.3745013602256
16574,1305.3745013602256
16575,1305.3745013602256
16576,1305.3745013602256
16577,1305.3745013602256
16578,1305.3745013602256
16579,1305.3745013602256
16580,1305.3745013602256
16581,1305.3745013602256
16582,1305.3745013602256
16583,1305.3745013602256
16584,1305.3745013602256
16585,1305.3745013602256
16586,1305.3745013602256
16587,1305.3745013602256
16588,1305.3745013602256
16589,1305.3745013602256
16590,1305.3745013602256
16591,1305.3745013602256
16592,1305.3745013602256
16593,1305.3745013602256
16594,1305.3745013602256
16595,1305.3745013602256
16596,1305.3745013602256
16597,1305.3745013602256
16598,1305.3745013602256
16599,1305.3745013602256
16600,1305.3745013602256
16601,1305.3745013602256
16602,1305.3745013602256
16603,1305.3745013602256
16604,1305.3745013602256
16605,1300.9120595552154
16606,1300.9120595552154
16607,1300.9120595552154
16608,1300.9120595552154
16609,1300.9120595552154
16610,1300.9120595552154
16611,1300.9120595552154
16612,1300.9120595552154
16613,1300.9120595552154
16614,1300.9120595552154
16615,1300.9120595552154
16616,1300.9120595552154
16617,1300.9120595552154
16618,1300.9120595552154
16619,1300.9120595552154
16620,1300.9120595552154
16621,1300.9120595552154
16622,1300.9120595552154
16623,1300.9120595552154
16624,1300.9120595552154
16625,1300.9120595552154
16626,1300.9120595552154
16627,1300.9120595552154
16628,1300.9120595552154
16629,1300.9120595552154
16630,1300.9120595552154
16631,1300.9120595552154
16632,1300.9120595552154
16633,1300.9120595552154
16634,1300.9120595552154
16635,1300.9120595552154
16636,1300.9120595552154
16637,1300.9120595552154
16638,1300.9120595552154
16639,1300.9120595552154
16640,1300.9120595552154
16641,1300.9120595552154
16642,1300.9120595552154
16643,1300.9120595552154
16644,1300.9120595552154
16645,1300.9120595552154
16646,1300.9120595552154
16647,1300.9120595552154
16648,1300.9120595552154
16649,1300.9120595552154
16650,1300.9120595552154
16651,1300.9120595552154
16652,1300.9120595552154
16653,1300.9120595552154
16654,1300.9120595552154
16655,1300.9120595552154
16656,1300.9120595552154
16657,1300.9120595552154
16658,1300.9120595552154
16659,1300.9120595552154
16660,1300.9120595552154
16661,1300.9120595552154
16662,1300.9120595552154
16663,1300.9120595552154
16664,1300.9120595552154
16665,1300.9120595552154
16666,1300.9120595552154
16667,1300.9120595552154
16668,1300.9120595552154
16669,1300.9120595552154
16670,1300.9120595552154
16671,1300.9120595552154
16672,1300.9120595552154
16673,1300.9120595552154
16674,1300.9120595552154
16675,1300.9120595552154
16676,1300.9120595552154
16677,1300.9120595552154
16678,1300.9120595552154
16679,1300.9120595552154
16680,1300.9120595552154
16681,1300.9120595552154
16682,1300.9120595552154
16683,1300.9120595552154
16684,1300.9120595552154
16685,1300.9120595552154
16686,1300.9120595552154
16687,1300.9120595552154
16688,1300.9120595552154
16689,1300.9120595552154
16690,1300.9120595552154
16691,1300.9120595552154
16692,1300.9120595552154
16693,1300.9120595552154
16694,1300.9120595552154
16695,1300.9120595552154
16696,1300.9120595552154
16697,1300.9120595552154
16698,1300.9120595552154
16699,1300.9120595552154
16700,1300.9120595552154
16701,1300.9120595552154
16702,1300.9120595552154
16703,1300.9120595552154
16704,1300.9120595552154
16705,1300.9120595552154
16706,1300.9120595552154
16707,1300.9120595552154
16708,1300.9120595552154
16709,1300.9120595552154
16710,1300.9120595552154
16711,1300.9120595552154
16712,1300.9120595552154
16713,1300.9120595552154
16714,1300.9120595552154
16715,1300.9120595552154
16716,1300.9120595552154
16717,1300.9120595552154
16718,1300.9120595552154
16719,1300.9120595552154
16720,1300.9120595552154
16721,1300.9120595552154
16722,1300.9120595552154
16723,1300.9120595552154
16724,1300.9120595552154
16725,1300.9120595552154
16726,1300.9120595552154
16727,1300.9120595552154
16728,1300.9120595552154
16729,1300.9120595552154
16730,1300.9120595552154
16731,1300.9120595552154
16732,1300.9120595552154
16733,1300.9120595552154
16734,1300.9120595552154
16735,1300.9120595552154
16736,1300.9120595552154
16737,1300.9120595552154
16738,1300.9120595552154
16739,1300.9120595552154
16740,1300.9120595552154
16741,1300.9120595552154
16742,1300.9120595552154
16743,1300.9120595552154
16744,1300.9120595552154
16745,1300.9120595552154
16746,1300.9120595552154
16747,1300.9120595552154
16748,1300.9120595552154
16749,1300.9120595552154
16750,1300.9120595552154
16751,1300.9120595552154
16752,1300.9120595552154
16753,1300.9120595552154
16754,1300.9120595552154
16755,1300.9120595552154
16756,1300.9120595552154
16757,1300.9120595552154
16758,1300.9120595552154
16759,1300.9120595552154
16760,1300.9120595552154
16761,1300.9120595552154
16762,1300.9120595552154
16763,1300.9120595552154
16764,1300.9120595552154
16765,1300.9120595552154
16766,1300.9120595552154
16767,1300.9120595552154
16768,1300.9120595552154
16769,1300.9120595552154
16770,1300.9120595552154
16771,1300.9120595552154
16772,1300.9120595552154
16773,1300.9120595552154
16774,1300.9120595552154
16775,1300.9120595552154
16776,1300.9120595552154
16777,1300.9120595552154
16778,1300.9120595552154
16779,1300.9120595552154
16780,1300.9120595552154
16781,1300.9120595552154
16782,1300.9120595552154
16783,1300.9120595552154
16784,1300.9120595552154
16785,1300.9120595552154
16786,1300.9120595552154
16787,1300.9120595552154
16788,1300.9120595552154
16789,1300.9120595552154
16790,1300.9120595552154
16791,1300.9120595552154
16792,1300.9120595552154
16793,1300.9120595552154
16794,1300.9120595552154
16795,1300.9120595552154
16796,1300.9120595552154
16797,1300.9120595552154
16798,1300.9120595552154
16799,1300.9120595552154
16800,1300.9120595552154
16801,1300.9120595552154
16802,1300.9120595552154
16803,1300.9120595552154
16804,1300.9120595552154
16805,1296.880580291362
16806,1296.880580291362
16807,1296.880580291362
16808,1296.880580291362
16809,1296.880580291362
16810,1296.880580291362
16811,1296.880580291362
16812,1296.880580291362
16813,1296.880580291362
16814,1296.880580291362
16815,1296.880580291362
16816,1296.880580291362
16817,1296.880580291362
16818,1296.880580291362
16819,1296.880580291362
16820,1296.880580291362
16821,1296.880580291362
16822,1296.880580291362
16823,1296.880580291362
16824,1296.880580291362
16825,1296.880580291362
16826,1296.880580291362
16827,1296.880580291362
16828,1296.880580291362
16829,1296.880580291362
16830,1296.880580291362
16831,1296.880580291362
16832,1296.880580291362
16833,1296.880580291362
16834,1296.880580291362
16835,1296.880580291362
16836,1296.880580291362
16837,1296.880580291362
16838,1296.880580291362
16839,1296.880580291362
16840,1296.880580291362
16841,1296.880580291362
16842,1296.880580291362
16843,1296.880580291362
16844,1296.880580291362
16845,1296.880580291362
16846,1296.880580291362
16847,1296.880580291362
16848,1296.880580291362
16849,1296.880580291362
16850,1296.880580291362
16851,1296.880580291362
16852,1296.880580291362
16853,1296.880580291362
16854,1296.880580291362
16855,1296.880580291362
16856,1296.880580291362
16857,1296.880580291362
16858,1296.880580291362
16859,1296.880580291362
16860,1296.880580291362
16861,1296.880580291362
16862,1296.880580291362
16863,1296.880580291362
16864,1296.880580291362
16865,1296.880580291362
16866,1296.880580291362
16867,1296.880580291362
16868,1296.880580291362
16869,1296.880580291362
16870,1296.880580291362
16871,1296.880580291362
16872,1296.880580291362
16873,1296.880580291362
16874,1296.880580291362
16875,1296.880580291362
16876,1296.880580291362
16877,1296.880580291362
16878,1296.880580291362
16879,1296.880580291362
16880,1296.880580291362
16881,1296.880580291362
16882,1296.880580291362
16883,1296.880580291362
16884,1296.880580291362
16885,1296.880580291362
16886,1296.880580291362
16887,1296.880580291362
16888,1296.880580291362
16889,1296.880580291362
16890,1296.880580291362
16891,1296.880580291362
16892,1296.880580291362
16893,1296.880580291362
16894,1296.880580291362
16895,1296.880580291362
16896,1296.880580291362
16897,1296.880580291362
16898,1296.880580291362
16899,1296.880580291362
16900,1296.880580291362
16901,1296.880580291362
16902,1296.880580291362
16903,1296.880580291362
16904,1296.880580291362
16905,1296.880580291362
16906,1296.880580291362
16907,1296.880580291362
16908,1296.880580291362
16909,1296.880580291362
16910,1296.880580291362
16911,1296.880580291362
16912,1296.880580291362
16913,1296.880580291362
16914,1296.880580291362
16915,1296.880580291362
16916,1296.880580291362
16917,1296.880580291362
16918,1296.880580291362
16919,1296.880580291362
16920,1296.880580291362
16921,1296.880580291362
16922,1296.880580291362
16923,1296.880580291362
16924,1296.880580291362
16925,1296.880580291362
16926,1296.880580291362
16927,1296.880580291362
16928,1296.880580291362
16929,1296.880580291362
16930,1296.880580291362
16931,1293.9869780171139
16932,1293.9869780171139
16933,1293.9869780171139
16934,1293.9869780171139
16935,1293.9869780171139
16936,1293.9869780171139
16937,1293.9869780171139
16938,1293.9869780171139
16939,1293.9869780171139
16940,1293.9869780171139
16941,1293.9869780171139
16942,1293.9869780171139
16943,1293.9869780171139
16944,1293.9869780171139
16945,1293.9869780171139
16946,1293.9869780171139
16947,1293.9869780171139
16948,1293.9869780171139
16949,1293.9869780171139
16950,1293.9869780171139
16951,1293.9420419310504
16952,1293.9420419310504
16953,1293.9420419310504
16954,1293.9420419310504
16955,1293.9420419310504
16956,1293.9420419310504
16957,1293.9420419310504
16958,1293.9420419310504
16959,1293.9420419310504
16960,1293.9420419310504
16961,1293.9420419310504
16962,1293.9420419310504
16963,1293.9420419310504
16964,1293.9420419310504
16965,1293.9420419310504
16966,1293.9420419310504
16967,1293.9420419310504
16968,1293.9420419310504
16969,1293.9420419310504
16970,1293.9420419310504
16971,1293.9420419310504
16972,1293.9420419310504
16973,1293.9420419310504
16974,1293.9420419310504
16975,1293.9420419310504
16976,1293.9420419310504
16977,1293.9420419310504
16978,1293.9420419310504
16979,1293.9420419310504
16980,1293.9420419310504
16981,1293.9420419310504
16982,1293.9420419310504
16983,1293.9420419310504
16984,1293.9420419310504
16985,1293.9420419310504
16986,1293.9420419310504
16987,1293.9420419310504
16988,1293.9420419310504
16989,1293.9420419310504
16990,1293.9420419310504
16991,1293.9420419310504
16992,1293.9420419310504
16993,1293.9420419310504
16994,1293.9420419310504
16995,1293.9420419310504
16996,1293.9420419310504
16997,1293.9420419310504
16998,1293.8821311768256
16999,1293.8821311768256
17000,1293.8821311768256
17001,1293.8821311768256
17002,1293.8821311768256
17003,1293.8821311768256
17004,1293.8821311768256
17005,1293.8821311768256
17006,1293.8821311768256
17007,1293.8821311768256
17008,1293.8821311768256
17009,1293.8821311768256
17010,1293.8821311768256
17011,1293.8821311768256
17012,1289.7823068004864
17013,1289.7823068004864
17014,1289.7823068004864
17015,1289.7823068004864
17016,1289.7823068004864
17017,1289.7823068004864
17018,1289.7823068004864
17019,1289.7823068004864
17020,1289.7823068004864
17021,1289.7823068004864
17022,1289.7823068004864
17023,1289.7823068004864
17024,1289.7823068004864
17025,1289.7823068004864
17026,1289.7823068004864
17027,1289.7823068004864
17028,1289.7823068004864
17029,1289.7823068004864
17030,1289.7823068004864
17031,1289.7823068004864
17032,1289.7823068004864
17033,1289.7823068004864
17034,1289.7823068004864
17035,1289.7823068004864
17036,1289.7823068004864
17037,1289.7823068004864
17038,1289.7823068004864
17039,1289.7823068004864
17040,1289.7823068004864
17041,1289.7823068004864
17042,1289.7823068004864
17043,1289.7823068004864
17044,1289.7823068004864
17045,1289.7823068004864
17046,1289.7823068004864
17047,1289.7823068004864
17048,1289.7823068004864
17049,1289.7823068004864
17050,1289.7823068004864
17051,1283.259968280779
17052,1283.259968280779
17053,1283.259968280779
17054,1283.259968280779
17055,1283.259968280779
17056,1283.259968280779
17057,1283.259968280779
17058,1283.259968280779
17059,1283.259968280779
17060,1283.259968280779
17061,1283.259968280779
17062,1283.259968280779
17063,1283.259968280779
17064,1283.259968280779
17065,1283.259968280779
17066,1283.259968280779
17067,1283.259968280779
17068,1283.259968280779
17069,1283.259968280779
17070,1283.259968280779
17071,1283.259968280779
17072,1283.259968280779
17073,1283.259968280779
17074,1283.259968280779
17075,1283.259968280779
17076,1283.259968280779
17077,1283.259968280779
17078,1283.259968280779
17079,1283.259968280779
17080,1283.259968280779
17081,1283.259968280779
17082,1283.259968280779
17083,1283.259968280779
17084,1283.259968280779
17085,1283.259968280779
17086,1283.259968280779
17087,1283.259968280779
17088,1283.259968280779
17089,1283.259968280779
17090,1283.259968280779
17091,1283.259968280779
17092,1283.259968280779
17093,1283.259968280779
17094,1283.259968280779
17095,1283.259968280779
17096,1283.259968280779
17097,1283.259968280779
17098,1283.259968280779
17099,1283.259968280779
17100,1283.259968280779
17101,1283.259968280779
17102,1283.259968280779
17103,1283.259968280779
17104,1283.259968280779
17105,1283.259968280779
17106,1283.259968280779
17107,1283.259968280779
17108,1283.259968280779
17109,1283.259968280779
17110,1283.259968280779
17111,1283.259968280779
17112,1283.259968280779
17113,1283.259968280779
17114,1283.259968280779
17115,1283.259968280779
17116,1283.259968280779
17117,1283.259968280779
17118,1283.259968280779
17119,1283.259968280779
17120,1283.259968280779
17121,1283.259968280779
17122,1283.259968280779
17123,1283.259968280779
17124,1283.259968280779
17125,1283.259968280779
17126,1283.259968280779
17127,1283.259968280779
17128,1282.0574282739067
17129,1282.0574282739067
17130,1282.0574282739067
17131,1282.0574282739067
17132,1282.0574282739067
17133,1282.0574282739067
17134,1282.0574282739067
17135,1282.0574282739067
17136,1282.0574282739067
17137,1282.0574282739067
17138,1282.0574282739067
17139,1282.0574282739067
17140,1282.0574282739067
17141,1282.0574282739067
17142,1282.0574282739067
17143,1282.0574282739067
17144,1282.0574282739067
17145,1282.0574282739067
17146,1282.0574282739067
17147,1282.0574282739067
17148,1282.0574282739067
17149,1282.0574282739067
17150,1282.0574282739067
17151,1282.0574282739067
17152,1282.0574282739067
17153,1282.0574282739067
17154,1282.0574282739067
17155,1282.0574282739067
17156,1282.0574282739067
17157,1282.0574282739067
17158,1282.0574282739067
17159,1282.0574282739067
17160,1282.0574282739067
17161,1282.0574282739067
17162,1282.0574282739067
17163,1282.0574282739067
17164,1282.0574282739067
17165,1282.0574282739067
17166,1282.0574282739067
17167,1282.0574282739067
17168,1282.0574282739067
17169,1282.0574282739067
17170,1282.0574282739067
17171,1282.0574282739067
17172,1282.0574282739067
17173,1282.0574282739067
17174,1282.0574282739067
17175,1282.0574282739067
17176,1282.0574282739067
17177,1282.0574282739067
17178,1282.0574282739067
17179,1282.0574282739067
17180,1282.0574282739067
17181,1282.0574282739067
17182,1282.0574282739067
17183,1282.0574282739067
17184,1282.0574282739067
17185,1282.0574282739067
17186,1282.0574282739067
17187,1282.0574282739067
17188,1282.0574282739067
17189,1282.0574282739067
17190,1282.0574282739067
17191,1282.0574282739067
17192,1282.0574282739067
17193,1282.0574282739067
17194,1282.0574282739067
17195,1282.0574282739067
17196,1282.0574282739067
17197,1282.0574282739067
17198,1282.0574282739067
17199,1282.0574282739067
17200,1282.0574282739067
17201,1282.0574282739067
17202,1282.0574282739067
17203,1282.0574282739067
17204,1282.0574282739067
17205,1282.0574282739067
17206,1282.0574282739067
17207,1282.0574282739067
17208,1282.0574282739067
17209,1282.0574282739067
17210,1282.0574282739067
17211,1282.0574282739067
17212,1282.0574282739067
17213,1282.0574282739067
17214,1282.0574282739067
17215,1282.0574282739067
17216,1282.0574282739067
17217,1282.0574282739067
17218,1282.0574282739067
17219,1282.0574282739067
17220,1282.0574282739067
17221,1282.0574282739067
17222,1282.0574282739067
17223,1282.0574282739067
17224,1282.0574282739067
17225,1282.0574282739067
17226,1282.0574282739067
17227,1282.0574282739067
17228,1282.0574282739067
17229,1282.0574282739067
17230,1282.0574282739067
17231,1282.0574282739067
17232,1282.0574282739067
17233,1282.0574282739067
17234,1282.0574282739067
17235,1282.0574282739067
17236,1282.0574282739067
17237,1282.0574282739067
17238,1282.0574282739067
17239,1282.0574282739067
17240,1282.0574282739067
17241,1282.0574282739067
17242,1282.0574282739067
17243,1282.0574282739067
17244,1282.0574282739067
17245,1282.0574282739067
17246,1282.0574282739067
17247,1282.0574282739067
17248,1282.0574282739067
17249,1282.0574282739067
17250,1282.0574282739067
17251,1282.0574282739067
17252,1282.0574282739067
17253,1282.0574282739067
17254,1282.0574282739067
17255,1282.0574282739067
17256,1282.0574282739067
17257,1282.0574282739067
17258,1282.0574282739067
17259,1282.0574282739067
17260,1282.0574282739067
17261,1282.0574282739067
17262,1282.0574282739067
17263,1282.0574282739067
17264,1282.0574282739067
17265,1282.0574282739067
17266,1282.0574282739067
17267,1282.0574282739067
17268,1282.0574282739067
17269,1282.0574282739067
17270,1282.0574282739067
17271,1282.0574282739067
17272,1282.0574282739067
17273,1282.0574282739067
17274,1282.0574282739067
17275,1282.0574282739067
17276,1282.0574282739067
17277,1282.0574282739067
17278,1282.0574282739067
17279,1282.0574282739067
17280,1282.0574282739067
17281,1282.0574282739067
17282,1282.0574282739067
17283,1282.0574282739067
17284,1282.0574282739067
17285,1282.0574282739067
17286,1282.0574282739067
17287,1282.0574282739067
17288,1282.0574282739067
17289,1282.0574282739067
17290,1282.0574282739067
17291,1282.0574282739067
17292,1282.0574282739067
17293,1282.0574282739067
17294,1282.0574282739067
17295,1282.0574282739067
17296,1282.0574282739067
17297,1282.0574282739067
17298,1282.0574282739067
17299,1282.0574282739067
17300,1282.0574282739067
17301,1282.0574282739067
17302,1282.0574282739067
17303,1282.0574282739067
17304,1282.0574282739067
17305,1282.0574282739067
17306,1282.0574282739067
17307,1282.0574282739067
17308,1282.0574282739067
17309,1282.0574282739067
17310,1282.0574282739067
17311,1282.0574282739067
17312,1282.0574282739067
17313,1282.0574282739067
17314,1282.0574282739067
17315,1282.0574282739067
17316,1282.0574282739067
17317,1282.0574282739067
17318,1282.0574282739067
17319,1282.0574282739067
17320,1282.0574282739067
17321,1282.0574282739067
17322,1282.0574282739067
17323,1282.0574282739067
17324,1282.0574282739067
17325,1282.0574282739067
17326,1282.0574282739067
17327,1282.0574282739067
17328,1282.0574282739067
17329,1282.0574282739067
17330,1282.0574282739067
17331,1282.0574282739067
17332,1282.0574282739067
17333,1282.0574282739067
17334,1282.0574282739067
17335,1282.0574282739067
17336,1282.0574282739067
17337,1282.0574282739067
17338,1282.0574282739067
17339,1282.0574282739067
17340,1282.0574282739067
17341,1282.0574282739067
17342,1282.0574282739067
17343,1282.0574282739067
17344,1282.0574282739067
17345,1282.0574282739067
17346,1282.0574282739067
17347,1282.0574282739067
17348,1282.0574282739067
17349,1282.0574282739067
17350,1282.0574282739067
17351,1282.0574282739067
17352,1282.0574282739067
17353,1282.0574282739067
17354,1282.0574282739067
17355,1282.0574282739067
17356,1282.0574282739067
17357,1282.0574282739067
17358,1282.0574282739067
17359,1282.0574282739067
17360,1282.0574282739067
17361,1282.0574282739067
17362,1282.0574282739067
17363,1282.0574282739067
17364,1282.0574282739067
17365,1282.0574282739067
17366,1282.0574282739067
17367,1282.0574282739067
17368,1282.0574282739067
17369,1282.0574282739067
17370,1280.4228775252695
17371,1280.4228775252695
17372,1280.4228775252695
17373,1280.4228775252695
17374,1280.4228775252695
17375,1280.4228775252695
17376,1280.4228775252695
17377,1280.4228775252695
17378,1280.4228775252695
17379,1280.4228775252695
17380,1280.4228775252695
17381,1280.4228775252695
17382,1280.4228775252695
17383,1280.4228775252695
17384,1280.4228775252695
17385,1280.4228775252695
17386,1280.4228775252695
17387,1280.4228775252695
17388,1280.4228775252695
17389,1280.4228775252695
17390,1280.4228775252695
17391,1280.4228775252695
17392,1280.4228775252695
17393,1280.4228775252695
17394,1280.4228775252695
17395,1280.4228775252695
17396,1280.4228775252695
17397,1280.4228775252695
17398,1280.4228775252695
17399,1280.4228775252695
17400,1280.4228775252695
17401,1280.4228775252695
17402,1280.4228775252695
17403,1280.4228775252695
17404,1280.4228775252695
17405,1280.4228775252695
17406,1280.4228775252695
17407,1280.4228775252695
17408,1280.4228775252695
17409,1280.4228775252695
17410,1280.4228775252695
17411,1280.4228775252695
17412,1280.4228775252695
17413,1280.4228775252695
17414,1280.4228775252695
17415,1280.4228775252695
17416,1280.4228775252695
17417,1280.4228775252695
17418,1280.4228775252695
17419,1280.4228775252695
17420,1280.4228775252695
17421,1280.4228775252695
17422,1280.4228775252695
17423,1280.4228775252695
17424,1280.4228775252695
17425,1280.4228775252695
17426,1280.4228775252695
17427,1280.4228775252695
17428,1280.4228775252695
17429,1280.4228775252695
17430,1280.4228775252695
17431,1280.4228775252695
17432,1280.4228775252695
17433,1280.4228775252695
17434,1280.4228775252695
17435,1280.4228775252695
17436,1280.4228775252695
17437,1280.4228775252695
17438,1280.4228775252695
17439,1280.4228775252695
17440,1280.4228775252695
17441,1280.4228775252695
17442,1280.4228775252695
17443,1280.4228775252695
17444,1280.4228775252695
17445,1280.4228775252695
17446,1280.4228775252695
17447,1280.4228775252695
17448,1280.4228775252695
17449,1280.4228775252695
17450,1280.4228775252695
17451,1280.4228775252695
17452,1280.4228775252695
17453,1280.4228775252695
17454,1280.4228775252695
17455,1280.4228775252695
17456,1280.4228775252695
17457,1280.4228775252695
17458,1280.4228775252695
17459,1280.4228775252695
17460,1280.4228775252695
17461,1280.4228775252695
17462,1280.4228775252695
17463,1280.4228775252695
17464,1280.4228775252695
17465,1280.4228775252695
17466,1280.4228775252695
17467,1280.4228775252695
17468,1280.4228775252695
17469,1280.4228775252695
17470,1280.4228775252695
17471,1280.4228775252695
17472,1280.4228775252695
17473,1280.4228775252695
17474,1280.4228775252695
17475,1280.4228775252695
17476,1280.4228775252695
17477,1280.4228775252695
17478,1280.4228775252695
17479,1280.4228775252695
17480,1280.4228775252695
17481,1280.4228775252695
17482,1280.4228775252695
17483,1280.4228775252695
17484,1280.4228775252695
17485,1280.4228775252695
17486,1280.4228775252695
17487,1280.4228775252695
17488,1280.4228775252695
17489,1280.4228775252695
17490,1280.4228775252695
17491,1280.4228775252695
17492,1280.4228775252695
17493,1280.4228775252695
17494,1280.4228775252695
17495,1280.4228775252695
17496,1280.4228775252695
17497,1280.4228775252695
17498,1280.4228775252695
17499,1280.4228775252695
17500,1280.4228775252695
17501,1280.4228775252695
17502,1280.4228775252695
17503,1280.4228775252695
17504,1280.4228775252695
17505,1280.4228775252695
17506,1280.4228775252695
17507,1280.4228775252695
17508,1280.4228775252695
17509,1280.4228775252695
17510,1280.4228775252695
17511,1280.4228775252695
17512,1280.4228775252695
17513,1280.4228775252695
17514,1280.4228775252695
17515,1280.4228775252695
17516,1280.4228775252695
17517,1280.4228775252695
17518,1280.4228775252695
17519,1280.4228775252695
17520,1280.4228775252695
17521,1280.4228775252695
17522,1280.4228775252695
17523,1280.4228775252695
17524,1280.4228775252695
17525,1280.4228775252695
17526,1280.4228775252695
17527,1280.4228775252695
17528,1280.4228775252695
17529,1280.4228775252695
17530,1280.4228775252695
17531,1280.4228775252695
17532,1280.4228775252695
17533,1280.4228775252695
17534,1280.4228775252695
17535,1280.4228775252695
17536,1280.4228775252695
17537,1280.4228775252695
17538,1280.4228775252695
17539,1280.4228775252695
17540,1280.4228775252695
17541,1280.4228775252695
17542,1280.4228775252695
17543,1280.4228775252695
17544,1280.4228775252695
17545,1280.4228775252695
17546,1280.4228775252695
17547,1280.4228775252695
17548,1280.4228775252695
17549,1280.4228775252695
17550,1280.4228775252695
17551,1280.4228775252695
17552,1280.4228775252695
17553,1280.4228775252695
17554,1280.4228775252695
17555,1280.4228775252695
17556,1280.4228775252695
17557,1280.4228775252695
17558,1280.4228775252695
17559,1280.4228775252695
17560,1280.4228775252695
17561,1280.4228775252695
17562,1280.4228775252695
17563,1280.4228775252695
17564,1280.4228775252695
17565,1280.4228775252695
17566,1280.4228775252695
17567,1280.4228775252695
17568,1280.4228775252695
17569,1280.4228775252695
17570,1280.4228775252695
17571,1280.4228775252695
17572,1280.4228775252695
17573,1280.4228775252695
17574,1280.4228775252695
17575,1280.4228775252695
17576,1280.4228775252695
17577,1280.4228775252695
17578,1280.4228775252695
17579,1280.4228775252695
17580,1278.5531283618661
17581,1278.5531283618661
17582,1278.5531283618661
17583,1278.5531283618661
17584,1278.5531283618661
17585,1278.5531283618661
17586,1278.5531283618661
17587,1278.5531283618661
17588,1278.5531283618661
17589,1278.5531283618661
17590,1278.5531283618661
17591,1278.5531283618661
17592,1278.5531283618661
17593,1278.5531283618661
17594,1278.5531283618661
17595,1278.5531283618661
17596,1278.5531283618661
17597,1278.5531283618661
17598,1278.5531283618661
17599,1266.9683637201128
17600,1266.9683637201128
17601,1266.9683637201128
17602,1266.9683637201128
17603,1266.9683637201128
17604,1266.9683637201128
17605,1266.9683637201128
17606,1266.9683637201128
17607,1266.9683637201128
17608,1266.9683637201128
17609,1266.9683637201128
17610,1266.9683637201128
17611,1266.9683637201128
17612,1266.9683637201128
17613,1266.9683637201128
17614,1266.9683637201128
17615,1266.9683637201128
17616,1266.9683637201128
17617,1266.9683637201128
17618,1266.9683637201128
17619,1266.9683637201128
17620,1266.9683637201128
17621,1266.9683637201128
17622,1266.9683637201128
17623,1266.9683637201128
17624,1266.9683637201128
17625,1266.9683637201128
17626,1266.9683637201128
17627,1266.9683637201128
17628,1266.9683637201128
17629,1266.9683637201128
17630,1266.9683637201128
17631,1266.9683637201128
17632,1266.9683637201128
17633,1266.9683637201128
17634,1266.9683637201128
17635,1266.9683637201128
17636,1266.9683637201128
17637,1266.9683637201128
17638,1266.9683637201128
17639,1266.9683637201128
17640,1266.9683637201128
17641,1266.9683637201128
17642,1266.9683637201128
17643,1266.9683637201128
17644,1266.9683637201128
17645,1266.9683637201128
17646,1266.9683637201128
17647,1266.9683637201128
17648,1266.9683637201128
17649,1266.9683637201128
17650,1266.9683637201128
17651,1266.9683637201128
17652,1266.9683637201128
17653,1266.9683637201128
17654,1266.9683637201128
17655,1266.9683637201128
17656,1266.9683637201128
17657,1266.9683637201128
17658,1266.9683637201128
17659,1266.9683637201128
17660,1266.9683637201128
17661,1266.9683637201128
17662,1266.9683637201128
17663,1266.9683637201128
17664,1266.9683637201128
17665,1266.9683637201128
17666,1266.9683637201128
17667,1266.9683637201128
17668,1266.9683637201128
17669,1266.9683637201128
17670,1266.9683637201128
17671,1266.9683637201128
17672,1266.9683637201128
17673,1266.9683637201128
17674,1266.9683637201128
17675,1266.9683637201128
17676,1266.9683637201128
17677,1266.9683637201128
17678,1266.9683637201128
17679,1266.9683637201128
17680,1266.9683637201128
17681,1266.9683637201128
17682,1266.9683637201128
17683,1266.9683637201128
17684,1266.9683637201128
17685,1266.9683637201128
17686,1266.9683637201128
17687,1266.9683637201128
17688,1266.9683637201128
17689,1266.9683637201128
17690,1266.9683637201128
17691,1266.9683637201128
17692,1266.9683637201128
17693,1266.9683637201128
17694,1266.9683637201128
17695,1266.9683637201128
17696,1266.9683637201128
17697,1266.9683637201128
17698,1266.9683637201128
17699,1266.9683637201128
17700,1266.9683637201128
17701,1266.9683637201128
17702,1266.9683637201128
17703,1266.9683637201128
17704,1266.9683637201128
17705,1266.9683637201128
17706,1266.9683637201128
17707,1266.9683637201128
17708,1266.9683637201128
17709,1266.9683637201128
17710,1266.9683637201128
17711,1266.9683637201128
17712,1266.9683637201128
17713,1266.9683637201128
17714,1266.9683637201128
17715,1266.9683637201128
17716,1266.9683637201128
17717,1266.9683637201128
17718,1266.9683637201128
17719,1266.9683637201128
17720,1266.9683637201128
17721,1266.9683637201128
17722,1266.9683637201128
17723,1266.9683637201128
17724,1266.9683637201128
17725,1266.9683637201128
17726,1266.9683637201128
17727,1266.9683637201128
17728,1266.9683637201128
17729,1266.9683637201128
17730,1266.9683637201128
17731,1266.9683637201128
17732,1266.9683637201128
17733,1266.9683637201128
17734,1266.9683637201128
17735,1266.9683637201128
17736,1266.9683637201128
17737,1266.9683637201128
17738,1266.9683637201128
17739,1266.9683637201128
17740,1266.9683637201128
17741,1266.9683637201128
17742,1266.9683637201128
17743,1266.9683637201128
17744,1266.9683637201128
17745,1266.9683637201128
17746,1266.9683637201128
17747,1266.9683637201128
17748,1266.9683637201128
17749,1266.9683637201128
17750,1266.9683637201128
17751,1266.9683637201128
17752,1266.9683637201128
17753,1266.9683637201128
17754,1266.9683637201128
17755,1266.9683637201128
17756,1266.9683637201128
17757,1266.9683637201128
17758,1266.9683637201128
17759,1266.9683637201128
17760,1266.9683637201128
17761,1266.9683637201128
17762,1266.9683637201128
17763,1266.9683637201128
17764,1266.9683637201128
17765,1266.9683637201128
17766,1266.9683637201128
17767,1266.9683637201128
17768,1266.9683637201128
17769,1266.9683637201128
17770,1266.9683637201128
17771,1266.9683637201128
17772,1266.9683637201128
17773,1266.9683637201128
17774,1266.9683637201128
17775,1266.9683637201128
17776,1266.9683637201128
17777,1266.9683637201128
17778,1266.9683637201128
17779,1266.9683637201128
17780,1266.9683637201128
17781,1266.9683637201128
17782,1266.9683637201128
17783,1266.9683637201128
17784,1266.9683637201128
17785,1266.9683637201128
17786,1266.9683637201128
17787,1266.9683637201128
17788,1266.9683637201128
17789,1266.9683637201128
17790,1266.9683637201128
17791,1266.9683637201128
17792,1266.9683637201128
17793,1266.9683637201128
17794,1266.9683637201128
17795,1266.9683637201128
17796,1266.9683637201128
17797,1266.9683637201128
17798,1266.9683637201128
17799,1266.9683637201128
17800,1266.9683637201128
17801,1266.9683637201128
17802,1266.9683637201128
17803,1266.9683637201128
17804,1266.9683637201128
17805,1266.9683637201128
17806,1266.9683637201128
17807,1266.9683637201128
17808,1266.9683637201128
17809,1266.9683637201128
17810,1266.9683637201128
17811,1266.9683637201128
17812,1266.9683637201128
17813,1266.9683637201128
17814,1266.9683637201128
17815,1266.9683637201128
17816,1266.9683637201128
17817,1266.9683637201128
17818,1266.9683637201128
17819,1266.9683637201128
17820,1266.9683637201128
17821,1266.9683637201128
17822,1266.9683637201128
17823,1266.9683637201128
17824,1266.9683637201128
17825,1266.9683637201128
17826,1266.9683637201128
17827,1266.9683637201128
17828,1266.9683637201128
17829,1266.9683637201128
17830,1266.9683637201128
17831,1266.9683637201128
17832,1266.9683637201128
17833,1266.9683637201128
17834,1266.9683637201128
17835,1266.9683637201128
17836,1266.9683637201128
17837,1266.9683637201128
17838,1266.9683637201128
17839,1266.9683637201128
17840,1266.9683637201128
17841,1266.9683637201128
17842,1266.9683637201128
17843,1266.9683637201128
17844,1266.9683637201128
17845,1266.9683637201128
17846,1266.9683637201128
17847,1266.9683637201128
17848,1266.9683637201128
17849,1266.9683637201128
17850,1266.9683637201128
17851,1266.9683637201128
17852,1266.9683637201128
17853,1266.9683637201128
17854,1266.9683637201128
17855,1266.9683637201128
17856,1266.9683637201128
17857,1266.9683637201128
17858,1266.9683637201128
17859,1266.9683637201128
17860,1266.9683637201128
17861,1266.9683637201128
17862,1266.9683637201128
17863,1266.9683637201128
17864,1266.9683637201128
17865,1266.9683637201128
17866,1266.9683637201128
17867,1266.9683637201128
17868,1266.9683637201128
17869,1266.9683637201128
17870,1266.9683637201128
17871,1266.9683637201128
17872,1266.9683637201128
17873,1266.9683637201128
17874,1266.9683637201128
17875,1266.9683637201128
17876,1266.9683637201128
17877,1266.9683637201128
17878,1266.9683637201128
17879,1266.9683637201128
17880,1266.9683637201128
17881,1266.9683637201128
17882,1266.9683637201128
17883,1266.9683637201128
17884,1266.9683637201128
17885,1266.9683637201128
17886,1266.9683637201128
17887,1266.9683637201128
17888,1266.9683637201128
17889,1266.9683637201128
17890,1266.9683637201128
17891,1266.9683637201128
17892,1266.9683637201128
17893,1266.9683637201128
17894,1266.9683637201128
17895,1266.9683637201128
17896,1266.9683637201128
17897,1266.9683637201128
17898,1266.9683637201128
17899,1266.9683637201128
17900,1266.9683637201128
17901,1266.9683637201128
17902,1266.9683637201128
17903,1266.9683637201128
17904,1266.9683637201128
17905,1266.9683637201128
17906,1266.9683637201128
17907,1266.9683637201128
17908,1266.9683637201128
17909,1266.9683637201128
17910,1266.9683637201128
17911,1266.9683637201128
17912,1266.9683637201128
17913,1266.9683637201128
17914,1266.9683637201128
17915,1266.9683637201128
17916,1266.9683637201128
17917,1266.9683637201128
17918,1266.9683637201128
17919,1266.9683637201128
17920,1266.9683637201128
17921,1266.9683637201128
17922,1266.9683637201128
17923,1266.9683637201128
17924,1266.9683637201128
17925,1266.9683637201128
17926,1266.9683637201128
17927,1266.9683637201128
17928,1266.9683637201128
17929,1266.9683637201128
17930,1266.9683637201128
17931,1266.9683637201128
17932,1266.9683637201128
17933,1266.9683637201128
17934,1266.9683637201128
17935,1266.9683637201128
17936,1266.9683637201128
17937,1266.9683637201128
17938,1266.9683637201128
17939,1266.9683637201128
17940,1266.9683637201128
17941,1266.9683637201128
17942,1266.9683637201128
17943,1266.9683637201128
17944,1266.9683637201128
17945,1266.9683637201128
17946,1266.9683637201128
17947,1266.9683637201128
17948,1266.9683637201128
17949,1266.9683637201128
17950,1266.9683637201128
17951,1266.9683637201128
17952,1266.9683637201128
17953,1266.9683637201128
17954,1266.9683637201128
17955,1266.9683637201128
17956,1266.9683637201128
17957,1266.9683637201128
17958,1266.9683637201128
17959,1266.9683637201128
17960,1266.9683637201128
17961,1266.9683637201128
17962,1266.9683637201128
17963,1266.9683637201128
17964,1266.9683637201128
17965,1266.9683637201128
17966,1266.9683637201128
17967,1266.9683637201128
17968,1266.9683637201128
17969,1266.9683637201128
17970,1266.9683637201128
17971,1266.9683637201128
17972,1266.9683637201128
17973,1266.9683637201128
17974,1266.9683637201128
17975,1266.9683637201128
17976,1266.9683637201128
17977,1266.9683637201128
17978,1266.9683637201128
17979,1266.9683637201128
17980,1266.9683637201128
17981,1266.9683637201128
17982,1266.9683637201128
17983,1266.9683637201128
17984,1266.9683637201128
17985,1266.9683637201128
17986,1266.9683637201128
17987,1266.9683637201128
17988,1266.9683637201128
17989,1266.9683637201128
17990,1266.9683637201128
17991,1266.9683637201128
17992,1266.9683637201128
17993,1266.9683637201128
17994,1266.9683637201128
17995,1266.9683637201128
17996,1266.9683637201128
17997,1266.9683637201128
17998,1266.9683637201128
17999,1266.9683637201128
18000,1266.9683637201128
18001,1266.9683637201128
18002,1266.9683637201128
18003,1266.9683637201128
18004,1266.9683637201128
18005,1266.9683637201128
18006,1266.9683637201128
18007,1266.9683637201128
18008,1266.9683637201128
18009,1266.9683637201128
18010,1266.9683637201128
18011,1266.9683637201128
18012,1266.9683637201128
18013,1266.9683637201128
18014,1266.9683637201128
18015,1266.9683637201128
18016,1266.9683637201128
18017,1266.9683637201128
18018,1266.9683637201128
18019,1266.9683637201128
18020,1266.9683637201128
18021,1266.9683637201128
18022,1266.9683637201128
18023,1266.9683637201128
18024,1266.9683637201128
18025,1266.9683637201128
18026,1266.9683637201128
18027,1266.9683637201128
18028,1266.9683637201128
18029,1266.9683637201128
18030,1266.9683637201128
18031,1266.9683637201128
18032,1266.9683637201128
18033,1266.9683637201128
18034,1266.9683637201128
18035,1266.9683637201128
18036,1266.9683637201128
18037,1266.9683637201128
18038,1266.9683637201128
18039,1266.9683637201128
18040,1266.9683637201128
18041,1266.9683637201128
18042,1266.9683637201128
18043,1266.9683637201128
18044,1266.9683637201128
18045,1266.9683637201128
18046,1266.9683637201128
18047,1266.9683637201128
18048,1266.9683637201128
18049,1266.9683637201128
18050,1266.9683637201128
18051,1266.9683637201128
18052,1266.9683637201128
18053,1266.9683637201128
18054,1266.9683637201128
18055,1266.9683637201128
18056,1266.9683637201128
18057,1266.9683637201128
18058,1266.9683637201128
18059,1266.9683637201128
18060,1266.9683637201128
18061,1266.9683637201128
18062,1266.9683637201128
18063,1266.9683637201128
18064,1266.9683637201128
18065,1266.9683637201128
18066,1266.9683637201128
18067,1266.9683637201128
18068,1266.9683637201128
18069,1266.9683637201128
18070,1266.9683637201128
18071,1266.9683637201128
18072,1266.9683637201128
18073,1266.9683637201128
18074,1266.9683637201128
18075,1266.9683637201128
18076,1266.9683637201128
18077,1266.9683637201128
18078,1266.9683637201128
18079,1266.9683637201128
18080,1266.9683637201128
18081,1266.9683637201128
18082,1266.9683637201128
18083,1266.9683637201128
18084,1266.9683637201128
18085,1266.9683637201128
18086,1266.9683637201128
18087,1266.9683637201128
18088,1266.9683637201128
18089,1266.9683637201128
18090,1266.9683637201128
18091,1266.9683637201128
18092,1266.9683637201128
18093,1266.9683637201128
18094,1266.9683637201128
18095,1266.9683637201128
18096,1266.9683637201128
18097,1266.9683637201128
18098,1266.9683637201128
18099,1266.9683637201128
18100,1266.9683637201128
18101,1266.9683637201128
18102,1266.9683637201128
18103,1266.9683637201128
18104,1266.9683637201128
18105,1266.9683637201128
18106,1266.9683637201128
18107,1266.9683637201128
18108,1266.9683637201128
18109,1266.9683637201128
18110,1266.9683637201128
18111,1266.9683637201128
18112,1266.9683637201128
18113,1266.9683637201128
18114,1266.9683637201128
18115,1266.9683637201128
18116,1266.9683637201128
18117,1266.9683637201128
18118,1266.9683637201128
18119,1266.9683637201128
18120,1266.9683637201128
18121,1266.9683637201128
18122,1266.9683637201128
18123,1266.9683637201128
18124,1266.9683637201128
18125,1266.9683637201128
18126,1266.9683637201128
18127,1266.9683637201128
18128,1266.9683637201128
18129,1266.9683637201128
18130,1266.9683637201128
18131,1266.9683637201128
18132,1266.9683637201128
18133,1266.9683637201128
18134,1266.9683637201128
18135,1266.9683637201128
18136,1266.9683637201128
18137,1266.9683637201128
18138,1266.9683637201128
18139,1266.9683637201128
18140,1266.9683637201128
18141,1266.9683637201128
18142,1266.9683637201128
18143,1266.9683637201128
18144,1266.9683637201128
18145,1266.9683637201128
18146,1266.9683637201128
18147,1266.9683637201128
18148,1266.9683637201128
18149,1266.9683637201128
18150,1266.9683637201128
18151,1266.9683637201128
18152,1266.9683637201128
18153,1266.9683637201128
18154,1266.9683637201128
18155,1266.9683637201128
18156,1266.9683637201128
18157,1266.9683637201128
18158,1266.9683637201128
18159,1266.9683637201128
18160,1266.9683637201128
18161,1266.9683637201128
18162,1266.9683637201128
18163,1266.9683637201128
18164,1266.9683637201128
18165,1266.9683637201128
18166,1266.9683637201128
18167,1266.9683637201128
18168,1266.9683637201128
18169,1266.9683637201128
18170,1266.9683637201128
18171,1266.9683637201128
18172,1266.9683637201128
18173,1266.9683637201128
18174,1266.9683637201128
18175,1266.9683637201128
18176,1266.9683637201128
18177,1266.9683637201128
18178,1266.9683637201128
18179,1266.9683637201128
18180,1266.9683637201128
18181,1266.9683637201128
18182,1266.9683637201128
18183,1266.9683637201128
18184,1266.9683637201128
18185,1266.9683637201128
18186,1266.9683637201128
18187,1266.9683637201128
18188,1266.9683637201128
18189,1266.9683637201128
18190,1266.9683637201128
18191,1266.9683637201128
18192,1266.9683637201128
18193,1266.9683637201128
18194,1266.9683637201128
18195,1266.9683637201128
18196,1266.9683637201128
18197,1266.9683637201128
18198,1266.9683637201128
18199,1266.9683637201128
18200,1266.9683637201128
18201,1266.9683637201128
18202,1266.9683637201128
18203,1266.9683637201128
18204,1266.9683637201128
18205,1266.9683637201128
18206,1266.9683637201128
18207,1266.9683637201128
18208,1266.9683637201128
18209,1266.9683637201128
18210,1266.9683637201128
18211,1266.9683637201128
18212,1266.9683637201128
18213,1266.9683637201128
18214,1266.9683637201128
18215,1266.9683637201128
18216,1266.9683637201128
18217,1266.9683637201128
18218,1266.9683637201128
18219,1266.9683637201128
18220,1266.9683637201128
18221,1266.9683637201128
18222,1266.9683637201128
18223,1266.9683637201128
18224,1266.9683637201128
18225,1266.9683637201128
18226,1266.9683637201128
18227,1266.9683637201128
18228,1266.9683637201128
18229,1266.9683637201128
18230,1266.9683637201128
18231,1266.9683637201128
18232,1266.9683637201128
18233,1266.9683637201128
18234,1266.9683637201128
18235,1266.9683637201128
18236,1266.9683637201128
18237,1266.9683637201128
18238,1266.9683637201128
18239,1266.9683637201128
18240,1266.9683637201128
18241,1266.9683637201128
18242,1266.9683637201128
18243,1266.9683637201128
18244,1266.9683637201128
18245,1266.9683637201128
18246,1266.9683637201128
18247,1266.9683637201128
18248,1266.9683637201128
18249,1266.9683637201128
18250,1266.9683637201128
18251,1266.9683637201128
18252,1266.9683637201128
18253,1266.9683637201128
18254,1266.9683637201128
18255,1266.9683637201128
18256,1262.4552211981772
18257,1262.4552211981772
18258,1262.4552211981772
18259,1262.4552211981772
18260,1262.4552211981772
18261,1262.4552211981772
18262,1262.4552211981772
18263,1262.4552211981772
18264,1262.4552211981772
18265,1262.4552211981772
18266,1262.4552211981772
18267,1262.4552211981772
18268,1262.4552211981772
18269,1262.4552211981772
18270,1262.4552211981772
18271,1262.4552211981772
18272,1262.4552211981772
18273,1262.4552211981772
18274,1262.4552211981772
18275,1262.4552211981772
18276,1262.4552211981772
18277,1262.4552211981772
18278,1262.4552211981772
18279,1262.4552211981772
18280,1262.4552211981772
18281,1262.4552211981772
18282,1262.4552211981772
18283,1262.4552211981772
18284,1262.4552211981772
18285,1262.4552211981772
18286,1262.4552211981772
18287,1262.4552211981772
18288,1262.4552211981772
18289,1262.4552211981772
18290,1262.4552211981772
18291,1262.4552211981772
18292,1262.4552211981772
18293,1262.4552211981772
18294,1262.4552211981772
18295,1262.4552211981772
18296,1262.4552211981772
18297,1262.4552211981772
18298,1262.4552211981772
18299,1262.4552211981772
18300,1262.4552211981772
18301,1262.4552211981772
18302,1262.4552211981772
18303,1262.2816272064879
18304,1262.2816272064879
18305,1262.2816272064879
18306,1262.2816272064879
18307,1262.2816272064879
18308,1262.2816272064879
18309,1262.2816272064879
18310,1262.2816272064879
18311,1262.2816272064879
18312,1262.2816272064879
18313,1262.2816272064879
18314,1262.2816272064879
18315,1262.2816272064879
18316,1262.2816272064879
18317,1262.2816272064879
18318,1262.2816272064879
18319,1262.2816272064879
18320,1262.2816272064879
18321,1262.2816272064879
18322,1262.2816272064879
18323,1262.2816272064879
18324,1262.2816272064879
18325,1262.2816272064879
18326,1262.2816272064879
18327,1262.2816272064879
18328,1262.2816272064879
18329,1262.2816272064879
18330,1262.2816272064879
18331,1262.2816272064879
18332,1262.2816272064879
18333,1262.2816272064879
18334,1262.2816272064879
18335,1262.2816272064879
18336,1262.2816272064879
18337,1262.2816272064879
18338,1262.2816272064879
18339,1262.2816272064879
18340,1262.2816272064879
18341,1262.2816272064879
18342,1262.2816272064879
18343,1262.2816272064879
18344,1262.2816272064879
18345,1262.2816272064879
18346,1262.2816272064879
18347,1262.2816272064879
18348,1262.2816272064879
18349,1262.2816272064879
18350,1262.2816272064879
18351,1262.2816272064879
18352,1262.2816272064879
18353,1262.2816272064879
18354,1262.2816272064879
18355,1262.2816272064879
18356,1262.2816272064879
18357,1262.2816272064879
18358,1262.2816272064879
18359,1262.2816272064879
18360,1262.2816272064879
18361,1262.2816272064879
18362,1262.2816272064879
18363,1262.2816272064879
18364,1262.2816272064879
18365,1262.2816272064879
18366,1262.2816272064879
18367,1262.2816272064879
18368,1262.2816272064879
18369,1262.2816272064879
18370,1262.2816272064879
18371,1262.2816272064879
18372,1262.2816272064879
18373,1262.2816272064879
18374,1262.2816272064879
18375,1262.2816272064879
18376,1262.2816272064879
18377,1262.2816272064879
18378,1262.2816272064879
18379,1262.2816272064879
18380,1262.2816272064879
18381,1262.2816272064879
18382,1262.2816272064879
18383,1262.2816272064879
18384,1262.2816272064879
18385,1262.2816272064879
18386,1262.2816272064879
18387,1262.2816272064879
18388,1262.2816272064879
18389,1262.2816272064879
18390,1262.2816272064879
18391,1262.2816272064879
18392,1262.2816272064879
18393,1262.2816272064879
18394,1262.2816272064879
18395,1262.2816272064879
18396,1262.2816272064879
18397,1262.2816272064879
18398,1262.2816272064879
18399,1262.2816272064879
18400,1262.2816272064879
18401,1262.2816272064879
18402,1262.2816272064879
18403,1262.2816272064879
18404,1262.2816272064879
18405,1262.2816272064879
18406,1262.2816272064879
18407,1262.2816272064879
18408,1262.2816272064879
18409,1262.2816272064879
18410,1262.2816272064879
18411,1262.2816272064879
18412,1262.2816272064879
18413,1262.2816272064879
18414,1262.2816272064879
18415,1262.2816272064879
18416,1262.2816272064879
18417,1262.2816272064879
18418,1262.2816272064879
18419,1262.2816272064879
18420,1262.2816272064879
18421,1262.2816272064879
18422,1262.2816272064879
18423,1262.2816272064879
18424,1262.2816272064879
18425,1262.2816272064879
18426,1262.2816272064879
18427,1262.2816272064879
18428,1262.2816272064879
18429,1262.2816272064879
18430,1262.2816272064879
18431,1262.2816272064879
18432,1262.2816272064879
18433,1262.2816272064879
18434,1262.2816272064879
18435,1262.2816272064879
18436,1262.2816272064879
18437,1262.2816272064879
18438,1262.2816272064879
18439,1262.2816272064879
18440,1262.2816272064879
18441,1262.2816272064879
18442,1262.2816272064879
18443,1262.2816272064879
18444,1262.2816272064879
18445,1262.2816272064879
18446,1262.2816272064879
18447,1262.2816272064879
18448,1262.2816272064879
18449,1262.2816272064879
18450,1262.2816272064879
18451,1262.2816272064879
18452,1262.2816272064879
18453,1262.2816272064879
18454,1262.2816272064879
18455,1262.2816272064879
18456,1262.2816272064879
18457,1262.2816272064879
18458,1262.2816272064879
18459,1262.2816272064879
18460,1262.2816272064879
18461,1262.2816272064879
18462,1262.2816272064879
18463,1262.2816272064879
18464,1262.2816272064879
18465,1262.2816272064879
18466,1262.2816272064879
18467,1262.2816272064879
18468,1262.2816272064879
18469,1262.2816272064879
18470,1262.2816272064879
18471,1262.2816272064879
18472,1262.2816272064879
18473,1262.2816272064879
18474,1262.2816272064879
18475,1262.2816272064879
18476,1262.2816272064879
18477,1262.2816272064879
18478,1262.2816272064879
18479,1262.2816272064879
18480,1262.2816272064879
18481,1262.2816272064879
18482,1262.2816272064879
18483,1262.2816272064879
18484,1262.2816272064879
18485,1262.2816272064879
18486,1262.2816272064879
18487,1262.2816272064879
18488,1262.2816272064879
18489,1262.2816272064879
18490,1262.2816272064879
18491,1262.2816272064879
18492,1262.2816272064879
18493,1262.2816272064879
18494,1262.2816272064879
18495,1262.2816272064879
18496,1262.2816272064879
18497,1262.2816272064879
18498,1262.2816272064879
18499,1262.2816272064879
18500,1262.2816272064879
18501,1262.2816272064879
18502,1262.2816272064879
18503,1262.2816272064879
18504,1262.2816272064879
18505,1262.2816272064879
18506,1262.2816272064879
18507,1262.2816272064879
18508,1262.2816272064879
18509,1262.2816272064879
18510,1262.2816272064879
18511,1262.2816272064879
18512,1262.2816272064879
18513,1262.2816272064879
18514,1262.2816272064879
18515,1262.2816272064879
18516,1262.2816272064879
18517,1262.2816272064879
18518,1262.2816272064879
18519,1262.2816272064879
18520,1262.2816272064879
18521,1262.2816272064879
18522,1262.2816272064879
18523,1262.2816272064879
18524,1262.2816272064879
18525,1262.2816272064879
18526,1262.2816272064879
18527,1262.2816272064879
18528,1262.2816272064879
18529,1262.2816272064879
18530,1262.2816272064879
18531,1262.2816272064879
18532,1262.2816272064879
18533,1262.2816272064879
18534,1262.2816272064879
18535,1262.2816272064879
18536,1262.2816272064879
18537,1262.2816272064879
18538,1262.2816272064879
18539,1262.2816272064879
18540,1262.2816272064879
18541,1262.2816272064879
18542,1262.2816272064879
18543,1262.2816272064879
18544,1262.2816272064879
18545,1262.2816272064879
18546,1262.2816272064879
18547,1262.2816272064879
18548,1262.2816272064879
18549,1262.2816272064879
18550,1262.2816272064879
18551,1262.2816272064879
18552,1262.2816272064879
18553,1262.2816272064879
18554,1262.2816272064879
18555,1262.2816272064879
18556,1262.2816272064879
18557,1262.2816272064879
18558,1262.2816272064879
18559,1262.2816272064879
18560,1262.2816272064879
18561,1262.2816272064879
18562,1262.2816272064879
18563,1262.2816272064879
18564,1262.2816272064879
18565,1262.2816272064879
18566,1262.2816272064879
18567,1262.2816272064879
18568,1262.2816272064879
18569,1262.2816272064879
18570,1262.2816272064879
18571,1262.2816272064879
18572,1262.2816272064879
18573,1262.2816272064879
18574,1262.2816272064879
18575,1262.2816272064879
18576,1262.2816272064879
18577,1262.2816272064879
18578,1262.2816272064879
18579,1262.2816272064879
18580,1262.2816272064879
18581,1262.2816272064879
18582,1262.2816272064879
18583,1262.2816272064879
18584,1262.2816272064879
18585,1262.2816272064879
18586,1262.2816272064879
18587,1262.2816272064879
18588,1262.2816272064879
18589,1260.1888754473462
18590,1260.1888754473462
18591,1260.1888754473462
18592,1260.1888754473462
18593,1260.1888754473462
18594,1260.1888754473462
18595,1260.1888754473462
18596,1260.1888754473462
18597,1260.1888754473462
18598,1260.1888754473462
18599,1260.1888754473462
18600,1260.1888754473462
18601,1260.1888754473462
18602,1260.1888754473462
18603,1260.1888754473462
18604,1260.1888754473462
18605,1260.1888754473462
18606,1260.1888754473462
18607,1260.1888754473462
18608,1260.1888754473462
18609,1260.1888754473462
18610,1260.1888754473462
18611,1260.1888754473462
18612,1260.1888754473462
18613,1260.1888754473462
18614,1260.1888754473462
18615,1260.1888754473462
18616,1260.1888754473462
18617,1260.1888754473462
18618,1260.1888754473462
18619,1260.1888754473462
18620,1260.1888754473462
18621,1260.1888754473462
18622,1260.1888754473462
18623,1260.1888754473462
18624,1260.1888754473462
18625,1260.1888754473462
18626,1260.1888754473462
18627,1260.1888754473462
18628,1260.1888754473462
18629,1260.1888754473462
18630,1260.1888754473462
18631,1260.1888754473462
18632,1260.1888754473462
18633,1260.1888754473462
18634,1260.1888754473462
18635,1260.1888754473462
18636,1260.1888754473462
18637,1260.1888754473462
18638,1260.1888754473462
18639,1260.1888754473462
18640,1260.1888754473462
18641,1260.1888754473462
18642,1260.1888754473462
18643,1260.1888754473462
18644,1260.1888754473462
18645,1260.1888754473462
18646,1260.1888754473462
18647,1260.1888754473462
18648,1260.1888754473462
18649,1260.1888754473462
18650,1260.1888754473462
18651,1260.1888754473462
18652,1260.1888754473462
18653,1260.1888754473462
18654,1260.1888754473462
18655,1260.1888754473462
18656,1260.1888754473462
18657,1260.1888754473462
18658,1260.1888754473462
18659,1260.1888754473462
18660,1260.1888754473462
18661,1260.1888754473462
18662,1260.1888754473462
18663,1260.1888754473462
18664,1260.1888754473462
18665,1260.1888754473462
18666,1260.1888754473462
18667,1260.1888754473462
18668,1260.1888754473462
18669,1260.1888754473462
18670,1260.1888754473462
18671,1260.1888754473462
18672,1260.1888754473462
18673,1260.1888754473462
18674,1260.1888754473462
18675,1260.1888754473462
18676,1260.1888754473462
18677,1260.1888754473462
18678,1260.1888754473462
18679,1260.1888754473462
18680,1260.1888754473462
18681,1260.1888754473462
18682,1260.1888754473462
18683,1260.1888754473462
18684,1260.1888754473462
18685,1260.1888754473462
18686,1260.1888754473462
18687,1260.1888754473462
18688,1260.1888754473462
18689,1260.1888754473462
18690,1260.1888754473462
18691,1260.1888754473462
18692,1260.1888754473462
18693,1260.1888754473462
18694,1260.1888754473462
18695,1260.1888754473462
18696,1260.1888754473462
18697,1260.1888754473462
18698,1260.1888754473462
18699,1260.1888754473462
18700,1260.1888754473462
18701,1260.1888754473462
18702,1260.1888754473462
18703,1260.1888754473462
18704,1260.1888754473462
18705,1260.1888754473462
18706,1260.1888754473462
18707,1260.1888754473462
18708,1260.1888754473462
18709,1260.1888754473462
18710,1260.1888754473462
18711,1260.1888754473462
18712,1260.1888754473462
18713,1260.1888754473462
18714,1260.1888754473462
18715,1260.1888754473462
18716,1260.1888754473462
18717,1260.1888754473462
18718,1260.1888754473462
18719,1260.1888754473462
18720,1260.1888754473462
18721,1260.1888754473462
18722,1260.1888754473462
18723,1260.1888754473462
18724,1260.1888754473462
18725,1260.1888754473462
18726,1260.1888754473462
18727,1260.1888754473462
18728,1260.1888754473462
18729,1260.1888754473462
18730,1260.1888754473462
18731,1260.1888754473462
18732,1260.1888754473462
18733,1260.1888754473462
18734,1260.1888754473462
18735,1260.1888754473462
18736,1260.1888754473462
18737,1260.1888754473462
18738,1260.1888754473462
18739,1260.1888754473462
18740,1260.1888754473462
18741,1260.1888754473462
18742,1260.1888754473462
18743,1260.1888754473462
18744,1260.1888754473462
18745,1260.1888754473462
18746,1260.1888754473462
18747,1260.1888754473462
18748,1260.1888754473462
18749,1260.1888754473462
18750,1260.1888754473462
18751,1260.1888754473462
18752,1260.1888754473462
18753,1260.1888754473462
18754,1260.1888754473462
18755,1260.1888754473462
18756,1260.1888754473462
18757,1260.1888754473462
18758,1260.1888754473462
18759,1260.1888754473462
18760,1260.1888754473462
18761,1260.1888754473462
18762,1260.1888754473462
18763,1260.1888754473462
18764,1260.1888754473462
18765,1260.1888754473462
18766,1260.1888754473462
18767,1260.1888754473462
18768,1260.1888754473462
18769,1260.1888754473462
18770,1260.1888754473462
18771,1260.1888754473462
18772,1260.1888754473462
18773,1260.1888754473462
18774,1260.1888754473462
18775,1260.1888754473462
18776,1260.1888754473462
18777,1260.1888754473462
18778,1260.1888754473462
18779,1260.1888754473462
18780,1260.1888754473462
18781,1260.1888754473462
18782,1260.1888754473462
18783,1260.1888754473462
18784,1260.1888754473462
18785,1260.1888754473462
18786,1260.1888754473462
18787,1260.1888754473462
18788,1260.1888754473462
18789,1260.1888754473462
18790,1260.1888754473462
18791,1260.1888754473462
18792,1260.1888754473462
18793,1260.1888754473462
18794,1260.1888754473462
18795,1260.1888754473462
18796,1260.1888754473462
18797,1260.1888754473462
18798,1260.1888754473462
18799,1260.1888754473462
18800,1260.1888754473462
18801,1260.1888754473462
18802,1260.1888754473462
18803,1260.1888754473462
18804,1260.1888754473462
18805,1260.1888754473462
18806,1260.1888754473462
18807,1260.1888754473462
18808,1260.1888754473462
18809,1260.1888754473462
18810,1260.1888754473462
18811,1260.1888754473462
18812,1260.1888754473462
18813,1260.1888754473462
18814,1260.1888754473462
18815,1260.1888754473462
18816,1260.1888754473462
18817,1260.1888754473462
18818,1260.1888754473462
18819,1260.1888754473462
18820,1260.1888754473462
18821,1260.1888754473462
18822,1260.1888754473462
18823,1260.1888754473462
18824,1260.1888754473462
18825,1260.1888754473462
18826,1260.1888754473462
18827,1260.1888754473462
18828,1260.1888754473462
18829,1260.1888754473462
18830,1260.1888754473462
18831,1260.1888754473462
18832,1260.1888754473462
18833,1260.1888754473462
18834,1260.1888754473462
18835,1260.1888754473462
18836,1260.1888754473462
18837,1260.1888754473462
18838,1260.1888754473462
18839,1260.1888754473462
18840,1260.1888754473462
18841,1260.1888754473462
18842,1260.1888754473462
18843,1260.1888754473462
18844,1260.1888754473462
18845,1260.1888754473462
18846,1260.1888754473462
18847,1260.1888754473462
18848,1260.1888754473462
18849,1260.1888754473462
18850,1260.1888754473462
18851,1260.1888754473462
18852,1260.1888754473462
18853,1260.1888754473462
18854,1260.1888754473462
18855,1260.1888754473462
18856,1260.1888754473462
18857,1260.1888754473462
18858,1260.1888754473462
18859,1260.1888754473462
18860,1260.1888754473462
18861,1260.1888754473462
18862,1260.1888754473462
18863,1260.1888754473462
18864,1260.1888754473462
18865,1260.1888754473462
18866,1260.1888754473462
18867,1260.1888754473462
18868,1260.1888754473462
18869,1260.1888754473462
18870,1260.1888754473462
18871,1260.1888754473462
18872,1260.1888754473462
18873,1260.1888754473462
18874,1260.1888754473462
18875,1260.1888754473462
18876,1260.1888754473462
18877,1260.1888754473462
18878,1260.1888754473462
18879,1260.1888754473462
18880,1260.1888754473462
18881,1260.1888754473462
18882,1260.1888754473462
18883,1260.1888754473462
18884,1260.1888754473462
18885,1260.1888754473462
18886,1260.1888754473462
18887,1260.1888754473462
18888,1260.1888754473462
18889,1260.1888754473462
18890,1260.1888754473462
18891,1260.1888754473462
18892,1260.1888754473462
18893,1260.1888754473462
18894,1260.1888754473462
18895,1260.1888754473462
18896,1260.1888754473462
18897,1260.1888754473462
18898,1260.1888754473462
18899,1260.1888754473462
18900,1260.1888754473462
18901,1260.1888754473462
18902,1260.1888754473462
18903,1260.1888754473462
18904,1260.1888754473462
18905,1260.1888754473462
18906,1260.1888754473462
18907,1260.1888754473462
18908,1260.1888754473462
18909,1260.1888754473462
18910,1260.1888754473462
18911,1260.1888754473462
18912,1260.1888754473462
18913,1260.1888754473462
18914,1260.1888754473462
18915,1260.1888754473462
18916,1260.1888754473462
18917,1260.1888754473462
18918,1260.1888754473462
18919,1260.1888754473462
18920,1260.1888754473462
18921,1260.1888754473462
18922,1260.1888754473462
18923,1260.1888754473462
18924,1260.1888754473462
18925,1260.1888754473462
18926,1260.1888754473462
18927,1260.1888754473462
18928,1260.1888754473462
18929,1260.1888754473462
18930,1257.7703263217365
18931,1257.7703263217365
18932,1257.7703263217365
18933,1257.7703263217365
18934,1257.7703263217365
18935,1257.7703263217365
18936,1257.7703263217365
18937,1257.7703263217365
18938,1257.7703263217365
18939,1257.7703263217365
18940,1257.7703263217365
18941,1257.7703263217365
18942,1257.7703263217365
18943,1257.7703263217365
18944,1257.7703263217365
18945,1257.7703263217365
18946,1257.7703263217365
18947,1257.7703263217365
18948,1257.7703263217365
18949,1257.7703263217365
18950,1257.7703263217365
18951,1257.7703263217365
18952,1257.7703263217365
18953,1257.7703263217365
18954,1257.7703263217365
18955,1257.7703263217365
18956,1257.7703263217365
18957,1257.7703263217365
18958,1257.7703263217365
18959,1257.7703263217365
18960,1257.7703263217365
18961,1257.7703263217365
18962,1257.7703263217365
18963,1257.7703263217365
18964,1257.7703263217365
18965,1257.7703263217365
18966,1257.7703263217365
18967,1257.7703263217365
18968,1257.7703263217365
18969,1257.7703263217365
18970,1257.7703263217365
18971,1257.7703263217365
18972,1257.7703263217365
18973,1257.7703263217365
18974,1257.7703263217365
18975,1257.7703263217365
18976,1257.7703263217365
18977,1257.7703263217365
18978,1257.7703263217365
18979,1257.7703263217365
18980,1257.7703263217365
18981,1257.7703263217365
18982,1257.7703263217365
18983,1257.7703263217365
18984,1257.7703263217365
18985,1257.7703263217365
18986,1257.7703263217365
18987,1257.7703263217365
18988,1257.7703263217365
18989,1257.7703263217365
18990,1257.7703263217365
18991,1257.7703263217365
18992,1257.7703263217365
18993,1257.7703263217365
18994,1257.7703263217365
18995,1257.7703263217365
18996,1257.7703263217365
18997,1257.7703263217365
18998,1257.7703263217365
18999,1257.7703263217365
19000,1257.7703263217365
19001,1257.7703263217365
19002,1257.7703263217365
19003,1257.7703263217365
19004,1257.7703263217365
19005,1257.7703263217365
19006,1257.7703263217365
19007,1257.7703263217365
19008,1257.7703263217365
19009,1257.7703263217365
19010,1257.7703263217365
19011,1257.7703263217365
19012,1257.7703263217365
19013,1257.7703263217365
19014,1257.7703263217365
19015,1257.7703263217365
19016,1257.7703263217365
19017,1257.7703263217365
19018,1257.7703263217365
19019,1257.7703263217365
19020,1257.7703263217365
19021,1257.7703263217365
19022,1257.7703263217365
19023,1257.7703263217365
19024,1257.7703263217365
19025,1257.7703263217365
19026,1257.7703263217365
19027,1257.7703263217365
19028,1257.7703263217365
19029,1257.7703263217365
19030,1257.7703263217365
19031,1257.7703263217365
19032,1257.7703263217365
19033,1257.7703263217365
19034,1257.7703263217365
19035,1257.7703263217365
19036,1257.7703263217365
19037,1257.7703263217365
19038,1257.7703263217365
19039,1257.7703263217365
19040,1257.7703263217365
19041,1257.7703263217365
19042,1257.7703263217365
19043,1257.7703263217365
19044,1257.7703263217365
19045,1257.7703263217365
19046,1257.7703263217365
19047,1257.7703263217365
19048,1257.7703263217365
19049,1257.7703263217365
19050,1257.7703263217365
19051,1257.7703263217365
19052,1257.7703263217365
19053,1257.7703263217365
19054,1257.7703263217365
19055,1257.7703263217365
19056,1257.7703263217365
19057,1257.7703263217365
19058,1257.7703263217365
19059,1257.7703263217365
19060,1257.7703263217365
19061,1257.7703263217365
19062,1257.7703263217365
19063,1257.7703263217365
19064,1257.7703263217365
19065,1257.7703263217365
19066,1257.7703263217365
19067,1257.7703263217365
19068,1254.4473487688354
19069,1254.4473487688354
19070,1254.4473487688354
19071,1254.4473487688354
19072,1254.4473487688354
19073,1254.4473487688354
19074,1254.4473487688354
19075,1254.4473487688354
19076,1254.4473487688354
19077,1254.4473487688354
19078,1254.4473487688354
19079,1254.4473487688354
19080,1254.4473487688354
19081,1254.4473487688354
19082,1254.4473487688354
19083,1254.4473487688354
19084,1254.4473487688354
19085,1254.4473487688354
19086,1254.4473487688354
19087,1254.4473487688354
19088,1254.4473487688354
19089,1254.4473487688354
19090,1254.4473487688354
19091,1254.4473487688354
19092,1254.4473487688354
19093,1254.4473487688354
19094,1254.4473487688354
19095,1254.4473487688354
19096,1254.4473487688354
19097,1254.4473487688354
19098,1254.4473487688354
19099,1254.4473487688354
19100,1254.4473487688354
19101,1254.4473487688354
19102,1254.4473487688354
19103,1248.1145092024467
19104,1248.1145092024467
19105,1248.1145092024467
19106,1248.1145092024467
19107,1248.1145092024467
19108,1248.1145092024467
19109,1248.1145092024467
19110,1248.1145092024467
19111,1248.1145092024467
19112,1248.1145092024467
19113,1248.1145092024467
19114,1248.1145092024467
19115,1248.1145092024467
19116,1248.1145092024467
19117,1248.1145092024467
19118,1248.1145092024467
19119,1248.1145092024467
19120,1248.1145092024467
19121,1248.1145092024467
19122,1248.1145092024467
19123,1248.1145092024467
19124,1248.1145092024467
19125,1248.1145092024467
19126,1248.1145092024467
19127,1248.1145092024467
19128,1248.1145092024467
19129,1248.1145092024467
19130,1248.1145092024467
19131,1248.1145092024467
19132,1248.1145092024467
19133,1248.1145092024467
19134,1248.1145092024467
19135,1248.1145092024467
19136,1248.1145092024467
19137,1248.1145092024467
19138,1248.1145092024467
19139,1248.1145092024467
19140,1248.1145092024467
19141,1248.1145092024467
19142,1248.1145092024467
19143,1248.1145092024467
19144,1248.1145092024467
19145,1248.1145092024467
19146,1248.1145092024467
19147,1248.1145092024467
19148,1248.1145092024467
19149,1248.1145092024467
19150,1248.1145092024467
19151,1248.1145092024467
19152,1248.1145092024467
19153,1248.1145092024467
19154,1248.1145092024467
19155,1248.1145092024467
19156,1248.1145092024467
19157,1248.1145092024467
19158,1248.1145092024467
19159,1248.1145092024467
19160,1248.1145092024467
19161,1248.1145092024467
19162,1248.1145092024467
19163,1248.1145092024467
19164,1248.1145092024467
19165,1248.1145092024467
19166,1248.1145092024467
19167,1248.1145092024467
19168,1248.1145092024467
19169,1248.1145092024467
19170,1248.1145092024467
19171,1248.1145092024467
19172,1248.1145092024467
19173,1248.1145092024467
19174,1248.1145092024467
19175,1248.1145092024467
19176,1248.1145092024467
19177,1248.1145092024467
19178,1248.1145092024467
19179,1248.1145092024467
19180,1248.1145092024467
19181,1248.1145092024467
19182,1248.1145092024467
19183,1248.1145092024467
19184,1248.1145092024467
19185,1248.1145092024467
19186,1239.5028036930948
19187,1239.5028036930948
19188,1239.5028036930948
19189,1239.5028036930948
19190,1239.5028036930948
19191,1239.5028036930948
19192,1239.5028036930948
19193,1239.5028036930948
19194,1239.5028036930948
19195,1239.5028036930948
19196,1239.5028036930948
19197,1239.5028036930948
19198,1239.5028036930948
19199,1239.5028036930948
19200,1239.5028036930948
19201,1239.5028036930948
19202,1239.5028036930948
19203,1239.5028036930948
19204,1239.5028036930948
19205,1239.5028036930948
19206,1239.5028036930948
19207,1239.5028036930948
19208,1239.5028036930948
19209,1239.5028036930948
19210,1239.5028036930948
19211,1239.5028036930948
19212,1239.5028036930948
19213,1239.5028036930948
19214,1239.5028036930948
19215,1239.5028036930948
19216,1239.5028036930948
19217,1239.5028036930948
19218,1239.5028036930948
19219,1239.5028036930948
19220,1239.5028036930948
19221,1239.5028036930948
19222,1239.5028036930948
19223,1239.5028036930948
19224,1239.5028036930948
19225,1239.5028036930948
19226,1239.5028036930948
19227,1239.5028036930948
19228,1239.5028036930948
19229,1239.5028036930948
19230,1239.5028036930948
19231,1239.5028036930948
19232,1239.5028036930948
19233,1239.5028036930948
19234,1239.5028036930948
19235,1239.5028036930948
19236,1239.5028036930948
19237,1239.5028036930948
19238,1239.5028036930948
19239,1239.5028036930948
19240,1239.5028036930948
19241,1239.5028036930948
19242,1239.5028036930948
19243,1239.5028036930948
19244,1239.5028036930948
19245,1239.5028036930948
19246,1239.5028036930948
19247,1239.5028036930948
19248,1239.5028036930948
19249,1239.5028036930948
19250,1239.5028036930948
19251,1239.5028036930948
19252,1239.5028036930948
19253,1239.5028036930948
19254,1239.5028036930948
19255,1239.5028036930948
19256,1239.5028036930948
19257,1239.5028036930948
19258,1239.5028036930948
19259,1239.5028036930948
19260,1239.5028036930948
19261,1239.5028036930948
19262,1239.5028036930948
19263,1239.5028036930948
19264,1239.5028036930948
19265,1239.5028036930948
19266,1239.5028036930948
19267,1239.5028036930948
19268,1239.5028036930948
19269,1239.5028036930948
19270,1229.6496686089392
19271,1229.6496686089392
19272,1229.6496686089392
19273,1229.6496686089392
19274,1229.6496686089392
19275,1229.6496686089392
19276,1229.6496686089392
19277,1229.6496686089392
19278,1229.6496686089392
19279,1229.6496686089392
19280,1229.6496686089392
19281,1229.6496686089392
19282,1229.6496686089392
19283,1229.6496686089392
19284,1229.6496686089392
19285,1229.6496686089392
19286,1229.6496686089392
19287,1229.6496686089392
19288,1229.6496686089392
19289,1229.6496686089392
19290,1229.6496686089392
19291,1229.6496686089392
19292,1229.6496686089392
19293,1229.6496686089392
19294,1229.6496686089392
19295,1229.6496686089392
19296,1229.6496686089392
19297,1229.6496686089392
19298,1229.6496686089392
19299,1229.6496686089392
19300,1229.6496686089392
19301,1229.6496686089392
19302,1229.6496686089392
19303,1229.6496686089392
19304,1229.6496686089392
19305,1229.6496686089392
19306,1229.6496686089392
19307,1229.6496686089392
19308,1229.6496686089392
19309,1229.6496686089392
19310,1229.6496686089392
19311,1229.6496686089392
19312,1229.6496686089392
19313,1229.6496686089392
19314,1229.6496686089392
19315,1229.6496686089392
19316,1229.6496686089392
19317,1229.6496686089392
19318,1229.6496686089392
19319,1229.6496686089392
19320,1229.6496686089392
19321,1229.6496686089392
19322,1229.6496686089392
19323,1229.6496686089392
19324,1229.6496686089392
19325,1229.6496686089392
19326,1229.6496686089392
19327,1229.6496686089392
19328,1229.6496686089392
19329,1229.6496686089392
19330,1229.6496686089392
19331,1229.6496686089392
19332,1229.6496686089392
19333,1229.6496686089392
19334,1229.6496686089392
19335,1209.5899819243123
19336,1209.5899819243123
19337,1209.5899819243123
19338,1209.5899819243123
19339,1209.5899819243123
19340,1209.5899819243123
19341,1209.5899819243123
19342,1209.5899819243123
19343,1209.5899819243123
19344,1209.5899819243123
19345,1209.5899819243123
19346,1209.5899819243123
19347,1209.5899819243123
19348,1209.5899819243123
19349,1209.5899819243123
19350,1209.5899819243123
19351,1209.5899819243123
19352,1209.5899819243123
19353,1209.5899819243123
19354,1209.5899819243123
19355,1209.5899819243123
19356,1209.5899819243123
19357,1209.5899819243123
19358,1209.5899819243123
19359,1209.5899819243123
19360,1209.5899819243123
19361,1209.5899819243123
19362,1209.5899819243123
19363,1209.5899819243123
19364,1209.5899819243123
19365,1209.5899819243123
19366,1209.5899819243123
19367,1209.5899819243123
19368,1209.5899819243123
19369,1209.5899819243123
19370,1209.5899819243123
19371,1209.5899819243123
19372,1209.5899819243123
19373,1209.5899819243123
19374,1209.5899819243123
19375,1209.5899819243123
19376,1209.5899819243123
19377,1209.5899819243123
19378,1209.5899819243123
19379,1209.5899819243123
19380,1209.5899819243123
19381,1209.5899819243123
19382,1209.5899819243123
19383,1209.5899819243123
19384,1209.5899819243123
19385,1209.5899819243123
19386,1209.5899819243123
19387,1209.5899819243123
19388,1209.5899819243123
19389,1209.5899819243123
19390,1209.5899819243123
19391,1209.5899819243123
19392,1209.5899819243123
19393,1209.5899819243123
19394,1209.5899819243123
19395,1209.5899819243123
19396,1209.5899819243123
19397,1209.5899819243123
19398,1209.5899819243123
19399,1209.5899819243123
19400,1209.5899819243123
19401,1209.5899819243123
19402,1209.5899819243123
19403,1209.5899819243123
19404,1209.5899819243123
19405,1209.5899819243123
19406,1209.5899819243123
19407,1209.5899819243123
19408,1209.5899819243123
19409,1209.5899819243123
19410,1209.5899819243123
19411,1209.5899819243123
19412,1209.5899819243123
19413,1209.5899819243123
19414,1209.5899819243123
19415,1209.5899819243123
19416,1209.5899819243123
19417,1209.5899819243123
19418,1209.5899819243123
19419,1209.5899819243123
19420,1209.5899819243123
19421,1209.5899819243123
19422,1209.5899819243123
19423,1209.5899819243123
19424,1209.5899819243123
19425,1209.5899819243123
19426,1209.5899819243123
19427,1209.5899819243123
19428,1209.5899819243123
19429,1209.5899819243123
19430,1209.5899819243123
19431,1209.5899819243123
19432,1209.5899819243123
19433,1209.5899819243123
19434,1209.5899819243123
19435,1209.5899819243123
19436,1209.5899819243123
19437,1209.5899819243123
19438,1209.5899819243123
19439,1209.5899819243123
19440,1209.5899819243123
19441,1209.5899819243123
19442,1209.5899819243123
19443,1209.5899819243123
19444,1209.5899819243123
19445,1209.5899819243123
19446,1209.5899819243123
19447,1209.5899819243123
19448,1209.5899819243123
19449,1209.5899819243123
19450,1209.5899819243123
19451,1209.5899819243123
19452,1209.5899819243123
19453,1209.5899819243123
19454,1209.5899819243123
19455,1209.5899819243123
19456,1209.5899819243123
19457,1209.5899819243123
19458,1209.5899819243123
19459,1209.5899819243123
19460,1209.5899819243123
19461,1209.5899819243123
19462,1209.5899819243123
19463,1209.5899819243123
19464,1209.5899819243123
19465,1209.5899819243123
19466,1209.5899819243123
19467,1209.5899819243123
19468,1209.5899819243123
19469,1209.5899819243123
19470,1209.5899819243123
19471,1209.5899819243123
19472,1209.5899819243123
19473,1209.5899819243123
19474,1209.5899819243123
19475,1209.5899819243123
19476,1209.5899819243123
19477,1209.5899819243123
19478,1209.5899819243123
19479,1209.5899819243123
19480,1209.5899819243123
19481,1209.5899819243123
19482,1209.5899819243123
19483,1209.5899819243123
19484,1209.5899819243123
19485,1209.5899819243123
19486,1209.5899819243123
19487,1209.5899819243123
19488,1209.5899819243123
19489,1209.5899819243123
19490,1209.5899819243123
19491,1209.5899819243123
19492,1209.5899819243123
19493,1209.5899819243123
19494,1209.5899819243123
19495,1209.5899819243123
19496,1209.5899819243123
19497,1209.5899819243123
19498,1209.5899819243123
19499,1209.5899819243123
19500,1209.5899819243123
19501,1209.5899819243123
19502,1209.5899819243123
19503,1209.5899819243123
19504,1209.5899819243123
19505,1209.5899819243123
19506,1209.5899819243123
19507,1209.5899819243123
19508,1209.5899819243123
19509,1209.5899819243123
19510,1209.5899819243123
19511,1209.5899819243123
19512,1209.5899819243123
19513,1209.5899819243123
19514,1209.5899819243123
19515,1209.5899819243123
19516,1209.5899819243123
19517,1209.5899819243123
19518,1209.5899819243123
19519,1209.5899819243123
19520,1209.5899819243123
19521,1209.5899819243123
19522,1209.5899819243123
19523,1209.5899819243123
19524,1209.5899819243123
19525,1209.5899819243123
19526,1209.5899819243123
19527,1209.5899819243123
19528,1209.5899819243123
19529,1209.5899819243123
19530,1209.5899819243123
19531,1209.5899819243123
19532,1209.5899819243123
19533,1209.5899819243123
19534,1209.5899819243123
19535,1209.5899819243123
19536,1209.5899819243123
19537,1209.5899819243123
19538,1209.5899819243123
19539,1209.5899819243123
19540,1209.5899819243123
19541,1209.5899819243123
19542,1209.5899819243123
19543,1209.5899819243123
19544,1209.5899819243123
19545,1209.5899819243123
19546,1209.5899819243123
19547,1209.5899819243123
19548,1209.5899819243123
19549,1209.5899819243123
19550,1209.5899819243123
19551,1209.5899819243123
19552,1209.5899819243123
19553,1209.5899819243123
19554,1209.5899819243123
19555,1209.5899819243123
19556,1209.5899819243123
19557,1209.5899819243123
19558,1209.5899819243123
19559,1209.5899819243123
19560,1209.5899819243123
19561,1209.5899819243123
19562,1209.5899819243123
19563,1209.5899819243123
19564,1209.5899819243123
19565,1209.5899819243123
19566,1209.5899819243123
19567,1209.5899819243123
19568,1209.5899819243123
19569,1209.5899819243123
19570,1209.5899819243123
19571,1209.5899819243123
19572,1209.5899819243123
19573,1209.5899819243123
19574,1209.5899819243123
19575,1209.5899819243123
19576,1209.5899819243123
19577,1209.5899819243123
19578,1209.5899819243123
19579,1209.5899819243123
19580,1209.5899819243123
19581,1209.5899819243123
19582,1209.5899819243123
19583,1209.5899819243123
19584,1209.5899819243123
19585,1209.5899819243123
19586,1209.5899819243123
19587,1209.5899819243123
19588,1209.5899819243123
19589,1209.5899819243123
19590,1209.5899819243123
19591,1209.5899819243123
19592,1209.5899819243123
19593,1209.5899819243123
19594,1209.5899819243123
19595,1209.5899819243123
19596,1209.5899819243123
19597,1209.5899819243123
19598,1209.5899819243123
19599,1209.5899819243123
19600,1209.5899819243123
19601,1209.5899819243123
19602,1209.5899819243123
19603,1209.5899819243123
19604,1209.5899819243123
19605,1209.5899819243123
19606,1209.5899819243123
19607,1209.5899819243123
19608,1209.5899819243123
19609,1209.5899819243123
19610,1209.5899819243123
19611,1209.5899819243123
19612,1209.5899819243123
19613,1209.5899819243123
19614,1209.5899819243123
19615,1209.5899819243123
19616,1209.5899819243123
19617,1209.5899819243123
19618,1209.5899819243123
19619,1209.5899819243123
19620,1209.5899819243123
19621,1209.5899819243123
19622,1209.5899819243123
19623,1209.5899819243123
19624,1209.5899819243123
19625,1209.5899819243123
19626,1209.5899819243123
19627,1209.5899819243123
19628,1209.5899819243123
19629,1209.5899819243123
19630,1209.5899819243123
19631,1209.5899819243123
19632,1209.5899819243123
19633,1209.5899819243123
19634,1209.5899819243123
19635,1209.5899819243123
19636,1209.5899819243123
19637,1209.5899819243123
19638,1209.5899819243123
19639,1209.5899819243123
19640,1209.5899819243123
19641,1209.5899819243123
19642,1209.5899819243123
19643,1209.5899819243123
19644,1209.5899819243123
19645,1209.5899819243123
19646,1209.5899819243123
19647,1209.5899819243123
19648,1209.5899819243123
19649,1209.5899819243123
19650,1209.5899819243123
19651,1209.5899819243123
19652,1209.5899819243123
19653,1209.5899819243123
19654,1209.5899819243123
19655,1209.5899819243123
19656,1209.5899819243123
19657,1209.5899819243123
19658,1209.5899819243123
19659,1209.5899819243123
19660,1209.5899819243123
19661,1209.5899819243123
19662,1209.5899819243123
19663,1209.5899819243123
19664,1209.5899819243123
19665,1209.5899819243123
19666,1209.5899819243123
19667,1209.5899819243123
19668,1209.5899819243123
19669,1209.5899819243123
19670,1209.5899819243123
19671,1209.5899819243123
19672,1209.5899819243123
19673,1209.5899819243123
19674,1209.5899819243123
19675,1209.5899819243123
19676,1209.5899819243123
19677,1209.5899819243123
19678,1209.5899819243123
19679,1209.5899819243123
19680,1209.5899819243123
19681,1209.5899819243123
19682,1209.5899819243123
19683,1209.5899819243123
19684,1209.5899819243123
19685,1209.5899819243123
19686,1209.5899819243123
19687,1209.5899819243123
19688,1209.5899819243123
19689,1209.5899819243123
19690,1209.5899819243123
19691,1209.5899819243123
19692,1209.5899819243123
19693,1209.5899819243123
19694,1209.5899819243123
19695,1209.5899819243123
19696,1209.5899819243123
19697,1209.5899819243123
19698,1209.5899819243123
19699,1209.5899819243123
19700,1209.5899819243123
19701,1209.5899819243123
19702,1209.5899819243123
19703,1209.5899819243123
19704,1209.5899819243123
19705,1209.5899819243123
19706,1209.5899819243123
19707,1209.5899819243123
19708,1209.5899819243123
19709,1209.5899819243123
19710,1209.5899819243123
19711,1209.5899819243123
19712,1209.5899819243123
19713,1209.5899819243123
19714,1209.5899819243123
19715,1209.5899819243123
19716,1209.5899819243123
19717,1209.5899819243123
19718,1209.5899819243123
19719,1209.5899819243123
19720,1209.5899819243123
19721,1209.5899819243123
19722,1209.5899819243123
19723,1209.5899819243123
19724,1209.5899819243123
19725,1209.5899819243123
19726,1209.5899819243123
19727,1209.5899819243123
19728,1197.1860683476848
19729,1197.1860683476848
19730,1197.1860683476848
19731,1197.1860683476848
19732,1197.1860683476848
19733,1197.1860683476848
19734,1197.1860683476848
19735,1197.1860683476848
19736,1197.1860683476848
19737,1197.1860683476848
19738,1197.1860683476848
19739,1197.1860683476848
19740,1197.1860683476848
19741,1197.1860683476848
19742,1197.1860683476848
19743,1197.1860683476848
19744,1197.1860683476848
19745,1197.1860683476848
19746,1197.1860683476848
19747,1197.1860683476848
19748,1197.1860683476848
19749,1197.1860683476848
19750,1197.1860683476848
19751,1197.1860683476848
19752,1197.1860683476848
19753,1197.1860683476848
19754,1197.1860683476848
19755,1197.1860683476848
19756,1197.1860683476848
19757,1197.1860683476848
19758,1197.1860683476848
19759,1197.1860683476848
19760,1197.1860683476848
19761,1197.1860683476848
19762,1197.1860683476848
19763,1197.1860683476848
19764,1197.1860683476848
19765,1197.1860683476848
19766,1197.1860683476848
19767,1197.1860683476848
19768,1197.1860683476848
19769,1197.1860683476848
19770,1197.1860683476848
19771,1197.1860683476848
19772,1197.1860683476848
19773,1197.1860683476848
19774,1197.1860683476848
19775,1197.1860683476848
19776,1197.1860683476848
19777,1197.1860683476848
19778,1197.1860683476848
19779,1197.1860683476848
19780,1197.1860683476848
19781,1197.1860683476848
19782,1197.1860683476848
19783,1197.1860683476848
19784,1197.1860683476848
19785,1197.1860683476848
19786,1197.1860683476848
19787,1197.1860683476848
19788,1197.1860683476848
19789,1197.1860683476848
19790,1197.1860683476848
19791,1197.1860683476848
19792,1197.1860683476848
19793,1197.1860683476848
19794,1197.1860683476848
19795,1194.508897180062
19796,1194.508897180062
19797,1194.508897180062
19798,1194.508897180062
19799,1194.508897180062
19800,1194.508897180062
19801,1194.508897180062
19802,1194.508897180062
19803,1194.508897180062
19804,1194.508897180062
19805,1194.508897180062
19806,1194.508897180062
19807,1194.508897180062
19808,1194.508897180062
19809,1194.508897180062
19810,1194.508897180062
19811,1194.508897180062
19812,1194.508897180062
19813,1194.508897180062
19814,1194.508897180062
19815,1194.508897180062
19816,1194.508897180062
19817,1194.508897180062
19818,1194.508897180062
19819,1194.508897180062
19820,1194.508897180062
19821,1194.508897180062
19822,1194.508897180062
19823,1194.508897180062
19824,1194.508897180062
19825,1194.508897180062
19826,1194.508897180062
19827,1194.508897180062
19828,1194.508897180062
19829,1194.508897180062
19830,1194.508897180062
19831,1194.508897180062
19832,1194.508897180062
19833,1194.508897180062
19834,1194.508897180062
19835,1194.508897180062
19836,1194.508897180062
19837,1194.508897180062
19838,1194.508897180062
19839,1194.508897180062
19840,1194.508897180062
19841,1194.508897180062
19842,1194.508897180062
19843,1194.508897180062
19844,1194.508897180062
19845,1194.508897180062
19846,1194.508897180062
19847,1194.508897180062
19848,1194.508897180062
19849,1194.508897180062
19850,1194.508897180062
19851,1194.508897180062
19852,1194.508897180062
19853,1194.508897180062
19854,1194.508897180062
19855,1194.508897180062
19856,1194.508897180062
19857,1194.508897180062
19858,1194.508897180062
19859,1194.508897180062
19860,1194.508897180062
19861,1194.508897180062
19862,1194.508897180062
19863,1194.508897180062
19864,1194.508897180062
19865,1193.653238202897
19866,1193.653238202897
19867,1193.653238202897
19868,1193.653238202897
19869,1193.653238202897
19870,1193.653238202897
19871,1193.653238202897
19872,1193.653238202897
19873,1193.653238202897
19874,1193.653238202897
19875,1193.653238202897
19876,1193.653238202897
19877,1193.653238202897
19878,1193.653238202897
19879,1193.653238202897
19880,1193.653238202897
19881,1193.653238202897
19882,1193.653238202897
19883,1193.653238202897
19884,1193.653238202897
19885,1193.653238202897
19886,1193.653238202897
19887,1193.653238202897
19888,1193.653238202897
19889,1193.653238202897
19890,1193.653238202897
19891,1193.653238202897
19892,1193.653238202897
19893,1193.653238202897
19894,1193.653238202897
19895,1193.653238202897
19896,1193.653238202897
19897,1193.653238202897
19898,1193.653238202897
19899,1193.653238202897
19900,1193.653238202897
19901,1193.653238202897
19902,1193.653238202897
19903,1193.653238202897
19904,1193.653238202897
19905,1193.653238202897
19906,1193.653238202897
19907,1193.653238202897
19908,1193.653238202897
19909,1193.653238202897
19910,1193.653238202897
19911,1193.653238202897
19912,1193.653238202897
19913,1193.653238202897
19914,1193.653238202897
19915,1193.653238202897
19916,1193.653238202897
19917,1193.653238202897
19918,1193.653238202897
19919,1193.653238202897
19920,1193.653238202897
19921,1193.653238202897
19922,1193.653238202897
19923,1193.653238202897
19924,1193.653238202897
19925,1193.653238202897
19926,1193.653238202897
19927,1193.653238202897
19928,1193.653238202897
19929,1193.653238202897
19930,1193.653238202897
19931,1193.653238202897
19932,1193.653238202897
19933,1193.653238202897
19934,1193.653238202897
19935,1193.653238202897
19936,1193.653238202897
19937,1193.653238202897
19938,1193.653238202897
19939,1193.653238202897
19940,1193.653238202897
19941,1193.653238202897
19942,1193.653238202897
19943,1193.653238202897
19944,1193.653238202897
19945,1193.653238202897
19946,1193.653238202897
19947,1193.653238202897
19948,1193.653238202897
19949,1193.653238202897
19950,1193.653238202897
19951,1193.653238202897
19952,1193.653238202897
19953,1193.653238202897
19954,1193.653238202897
19955,1193.653238202897
19956,1193.653238202897
19957,1193.653238202897
19958,1193.653238202897
19959,1193.653238202897
19960,1193.653238202897
19961,1193.653238202897
19962,1193.653238202897
19963,1193.653238202897
19964,1193.653238202897
19965,1193.653238202897
19966,1193.653238202897
19967,1193.653238202897
19968,1193.653238202897
19969,1193.653238202897
19970,1193.653238202897
19971,1193.653238202897
19972,1193.653238202897
19973,1193.653238202897
19974,1193.653238202897
19975,1193.653238202897
19976,1193.653238202897
19977,1193.653238202897
19978,1193.653238202897
19979,1193.653238202897
19980,1193.653238202897
19981,1193.653238202897
19982,1193.653238202897
19983,1193.653238202897
19984,1193.653238202897
19985,1193.653238202897
19986,1193.653238202897
19987,1193.653238202897
19988,1193.653238202897
19989,1193.653238202897
19990,1193.653238202897
19991,1193.653238202897
19992,1193.653238202897
19993,1193.653238202897
19994,1193.653238202897
19995,1193.653238202897
19996,1193.653238202897
19997,1193.653238202897
19998,1193.653238202897
19999,1193.653238202897
20000,1193.653238202897
20001,1193.653238202897
20002,1193.653238202897
20003,1193.653238202897
20004,1193.653238202897
20005,1193.653238202897
20006,1193.653238202897
20007,1193.653238202897
20008,1193.653238202897
20009,1193.653238202897
20010,1193.653238202897
20011,1193.653238202897
20012,1193.653238202897
20013,1193.653238202897
20014,1193.653238202897
20015,1193.653238202897
20016,1193.653238202897
20017,1193.653238202897
20018,1193.653238202897
20019,1193.653238202897
20020,1193.653238202897
20021,1193.653238202897
20022,1193.653238202897
20023,1193.653238202897
20024,1193.653238202897
20025,1193.653238202897
20026,1193.653238202897
20027,1193.653238202897
20028,1193.653238202897
20029,1193.653238202897
20030,1193.653238202897
20031,1193.653238202897
20032,1193.653238202897
20033,1193.653238202897
20034,1193.653238202897
20035,1193.653238202897
20036,1193.653238202897
20037,1193.653238202897
20038,1193.653238202897
20039,1193.653238202897
20040,1193.653238202897
20041,1193.653238202897
20042,1193.653238202897
20043,1193.653238202897
20044,1193.653238202897
20045,1193.653238202897
20046,1193.653238202897
20047,1193.653238202897
20048,1193.653238202897
20049,1193.653238202897
20050,1193.653238202897
20051,1193.653238202897
20052,1193.653238202897
20053,1193.653238202897
20054,1193.653238202897
20055,1193.653238202897
20056,1193.653238202897
20057,1189.1619335685348
20058,1189.1619335685348
20059,1189.1619335685348
20060,1189.1619335685348
20061,1189.1619335685348
20062,1189.1619335685348
20063,1189.1619335685348
20064,1189.1619335685348
20065,1189.1619335685348
20066,1189.1619335685348
20067,1189.1619335685348
20068,1189.1619335685348
20069,1189.1619335685348
20070,1189.1619335685348
20071,1189.1619335685348
20072,1189.1619335685348
20073,1189.1619335685348
20074,1189.1619335685348
20075,1189.1619335685348
20076,1189.1619335685348
20077,1189.1619335685348
20078,1189.1619335685348
20079,1189.1619335685348
20080,1189.1619335685348
20081,1189.1619335685348
20082,1189.1619335685348
20083,1189.1619335685348
20084,1189.1619335685348
20085,1189.1619335685348
20086,1189.1619335685348
20087,1189.1619335685348
20088,1189.1619335685348
20089,1189.1619335685348
20090,1189.1619335685348
20091,1189.1619335685348
20092,1189.1619335685348
20093,1189.1619335685348
20094,1189.1619335685348
20095,1189.1619335685348
20096,1189.1619335685348
20097,1189.1619335685348
20098,1189.1619335685348
20099,1189.1619335685348
20100,1189.1619335685348
20101,1189.1619335685348
20102,1189.1619335685348
20103,1189.1619335685348
20104,1189.1619335685348
20105,1189.1619335685348
20106,1189.1619335685348
20107,1189.1619335685348
20108,1189.1619335685348
20109,1189.1619335685348
20110,1189.1619335685348
20111,1189.1619335685348
20112,1189.1619335685348
20113,1189.1619335685348
20114,1189.1619335685348
20115,1189.1619335685348
20116,1189.1619335685348
20117,1189.1619335685348
20118,1189.1619335685348
20119,1189.1619335685348
20120,1189.1619335685348
20121,1189.1619335685348
20122,1189.1619335685348
20123,1189.1619335685348
20124,1189.1619335685348
20125,1189.1619335685348
20126,1189.1619335685348
20127,1189.1619335685348
20128,1189.1619335685348
20129,1189.1619335685348
20130,1189.1619335685348
20131,1189.1619335685348
20132,1189.1619335685348
20133,1189.1619335685348
20134,1189.1619335685348
20135,1189.1619335685348
20136,1189.1619335685348
20137,1189.1619335685348
20138,1189.1619335685348
20139,1189.1619335685348
20140,1189.1619335685348
20141,1189.1619335685348
20142,1189.1619335685348
20143,1189.1619335685348
20144,1189.1619335685348
20145,1189.1619335685348
20146,1189.1619335685348
20147,1189.1619335685348
20148,1189.1619335685348
20149,1189.1619335685348
20150,1189.1619335685348
20151,1189.1619335685348
20152,1189.1619335685348
20153,1189.1619335685348
20154,1189.1619335685348
20155,1189.1619335685348
20156,1189.1619335685348
20157,1189.1619335685348
20158,1189.1619335685348
20159,1189.1619335685348
20160,1189.1619335685348
20161,1189.1619335685348
20162,1189.1619335685348
20163,1189.1619335685348
20164,1189.1619335685348
20165,1189.1619335685348
20166,1189.1619335685348
20167,1189.1619335685348
20168,1189.1619335685348
20169,1189.1619335685348
20170,1189.1619335685348
20171,1189.1619335685348
20172,1189.1619335685348
20173,1189.1619335685348
20174,1189.1619335685348
20175,1189.1619335685348
20176,1189.1619335685348
20177,1189.1619335685348
20178,1189.1619335685348
20179,1189.1619335685348
20180,1189.1619335685348
20181,1189.1619335685348
20182,1189.1619335685348
20183,1189.1619335685348
20184,1189.1619335685348
20185,1189.1619335685348
20186,1189.1619335685348
20187,1189.1619335685348
20188,1189.1619335685348
20189,1189.1619335685348
20190,1189.1619335685348
20191,1189.1619335685348
20192,1189.1619335685348
20193,1189.1619335685348
20194,1189.1619335685348
20195,1189.1619335685348
20196,1189.1619335685348
20197,1189.1619335685348
20198,1189.1619335685348
20199,1189.1619335685348
20200,1189.1619335685348
20201,1189.1619335685348
20202,1189.1619335685348
20203,1189.1619335685348
20204,1189.1619335685348
20205,1179.6378912221785
20206,1179.6378912221785
20207,1179.6378912221785
20208,1179.6378912221785
20209,1179.6378912221785
20210,1179.6378912221785
20211,1179.6378912221785
20212,1179.6378912221785
20213,1179.6378912221785
20214,1179.6378912221785
20215,1179.6378912221785
20216,1179.6378912221785
20217,1179.6378912221785
20218,1173.664518225393
20219,1173.664518225393
20220,1173.664518225393
20221,1173.664518225393
20222,1173.664518225393
20223,1173.664518225393
20224,1173.664518225393
20225,1173.664518225393
20226,1173.664518225393
20227,1173.664518225393
20228,1173.664518225393
20229,1173.664518225393
20230,1173.664518225393
20231,1173.664518225393
20232,1173.664518225393
20233,1173.664518225393
20234,1173.664518225393
20235,1173.664518225393
20236,1173.664518225393
20237,1173.664518225393
20238,1173.664518225393
20239,1173.664518225393
20240,1173.664518225393
20241,1173.664518225393
20242,1173.664518225393
20243,1173.664518225393
20244,1173.664518225393
20245,1173.664518225393
20246,1173.664518225393
20247,1173.664518225393
20248,1173.664518225393
20249,1173.664518225393
20250,1173.664518225393
20251,1173.664518225393
20252,1173.664518225393
20253,1173.664518225393
20254,1173.664518225393
20255,1173.664518225393
20256,1173.664518225393
20257,1173.664518225393
20258,1173.664518225393
20259,1173.664518225393
20260,1173.664518225393
20261,1173.664518225393
20262,1173.664518225393
20263,1173.664518225393
20264,1173.664518225393
20265,1173.664518225393
20266,1173.664518225393
20267,1173.664518225393
20268,1173.664518225393
20269,1173.664518225393
20270,1173.664518225393
20271,1173.664518225393
20272,1173.664518225393
20273,1173.664518225393
20274,1173.664518225393
20275,1173.664518225393
20276,1173.664518225393
20277,1173.664518225393
20278,1173.664518225393
20279,1173.664518225393
20280,1173.664518225393
20281,1173.664518225393
20282,1173.664518225393
20283,1173.664518225393
20284,1172.2703465365385
20285,1172.2703465365385
20286,1172.2703465365385
20287,1172.2703465365385
20288,1172.2703465365385
20289,1172.2703465365385
20290,1172.2703465365385
20291,1172.2703465365385
20292,1172.2703465365385
20293,1172.2703465365385
20294,1172.2703465365385
20295,1172.2703465365385
20296,1172.2703465365385
20297,1172.2703465365385
20298,1172.2703465365385
20299,1172.2703465365385
20300,1172.2703465365385
20301,1172.2703465365385
20302,1172.2703465365385
20303,1172.2703465365385
20304,1172.2703465365385
20305,1172.2703465365385
20306,1172.2703465365385
20307,1172.2703465365385
20308,1172.2703465365385
20309,1172.2703465365385
20310,1172.2703465365385
20311,1172.2703465365385
20312,1172.2703465365385
20313,1172.2703465365385
20314,1172.2703465365385
20315,1172.2703465365385
20316,1172.2703465365385
20317,1172.2703465365385
20318,1172.2703465365385
20319,1172.2703465365385
20320,1172.2703465365385
20321,1172.2703465365385
20322,1172.2703465365385
20323,1172.2703465365385
20324,1172.2703465365385
20325,1172.2703465365385
20326,1172.2703465365385
20327,1172.2703465365385
20328,1172.2703465365385
20329,1172.2703465365385
20330,1172.2703465365385
20331,1172.2703465365385
20332,1172.2703465365385
20333,1172.2703465365385
20334,1172.2703465365385
20335,1172.2703465365385
20336,1172.2703465365385
20337,1172.2703465365385
20338,1172.2703465365385
20339,1172.2703465365385
20340,1172.2703465365385
20341,1172.2703465365385
20342,1172.2703465365385
20343,1172.2703465365385
20344,1172.2703465365385
20345,1172.2703465365385
20346,1172.2703465365385
20347,1172.2703465365385
20348,1172.2703465365385
20349,1172.2703465365385
20350,1172.2703465365385
20351,1172.2703465365385
20352,1172.2703465365385
20353,1172.2703465365385
20354,1172.2703465365385
20355,1172.2703465365385
20356,1172.2703465365385
20357,1172.2703465365385
20358,1172.2703465365385
20359,1172.2703465365385
20360,1172.2703465365385
20361,1172.2703465365385
20362,1172.2703465365385
20363,1172.2703465365385
20364,1172.2703465365385
20365,1172.2703465365385
20366,1172.2703465365385
20367,1172.2703465365385
20368,1172.2703465365385
20369,1172.2703465365385
20370,1172.2703465365385
20371,1172.2703465365385
20372,1172.2703465365385
20373,1172.2703465365385
20374,1172.2703465365385
20375,1172.2703465365385
20376,1172.2703465365385
20377,1172.2703465365385
20378,1172.2703465365385
20379,1172.2703465365385
20380,1172.2703465365385
20381,1172.2703465365385
20382,1172.2703465365385
20383,1172.2703465365385
20384,1172.2703465365385
20385,1172.2703465365385
20386,1172.2703465365385
20387,1172.2703465365385
20388,1172.2703465365385
20389,1172.2703465365385
20390,1172.2703465365385
20391,1172.2703465365385
20392,1172.2703465365385
20393,1172.2703465365385
20394,1172.2703465365385
20395,1172.2703465365385
20396,1172.2703465365385
20397,1172.2703465365385
20398,1172.2703465365385
20399,1172.2703465365385
20400,1172.2703465365385
20401,1172.2703465365385
20402,1172.2703465365385
20403,1172.2703465365385
20404,1172.2703465365385
20405,1172.2703465365385
20406,1172.2703465365385
20407,1172.2703465365385
20408,1172.2703465365385
20409,1172.2703465365385
20410,1172.2703465365385
20411,1172.2703465365385
20412,1172.2703465365385
20413,1172.2703465365385
20414,1172.2703465365385
20415,1172.2703465365385
20416,1172.2703465365385
20417,1172.2703465365385
20418,1172.2703465365385
20419,1172.2703465365385
20420,1172.2703465365385
20421,1172.2703465365385
20422,1172.2703465365385
20423,1172.2703465365385
20424,1172.2703465365385
20425,1172.2703465365385
20426,1172.2703465365385
20427,1172.2703465365385
20428,1172.2703465365385
20429,1172.2703465365385
20430,1172.2703465365385
20431,1172.2703465365385
20432,1172.2703465365385
20433,1172.2703465365385
20434,1172.2703465365385
20435,1172.2703465365385
20436,1172.2703465365385
20437,1172.2703465365385
20438,1172.2703465365385
20439,1172.2703465365385
20440,1172.2703465365385
20441,1172.2703465365385
20442,1172.2703465365385
20443,1172.2703465365385
20444,1172.2703465365385
20445,1172.2703465365385
20446,1172.2703465365385
20447,1172.2703465365385
20448,1172.2703465365385
20449,1172.2703465365385
20450,1172.2703465365385
20451,1172.2703465365385
20452,1172.2703465365385
20453,1172.2703465365385
20454,1172.2703465365385
20455,1172.2703465365385
20456,1172.2703465365385
20457,1172.2703465365385
20458,1172.2703465365385
20459,1172.2703465365385
20460,1172.2703465365385
20461,1172.2703465365385
20462,1172.2703465365385
20463,1172.2703465365385
20464,1172.2703465365385
20465,1172.2703465365385
20466,1172.2703465365385
20467,1172.2703465365385
20468,1172.2703465365385
20469,1172.2703465365385
20470,1172.2703465365385
20471,1172.2703465365385
20472,1172.2703465365385
20473,1172.2703465365385
20474,1172.2703465365385
20475,1172.2703465365385
20476,1171.8518690779445
20477,1171.8518690779445
20478,1171.8518690779445
20479,1171.8518690779445
20480,1171.8518690779445
20481,1171.8518690779445
20482,1171.8518690779445
20483,1171.8518690779445
20484,1171.8518690779445
20485,1171.8518690779445
20486,1171.8518690779445
20487,1171.8518690779445
20488,1171.8518690779445
20489,1171.8518690779445
20490,1171.8518690779445
20491,1171.8518690779445
20492,1171.8518690779445
20493,1171.8518690779445
20494,1171.8518690779445
20495,1171.8518690779445
20496,1171.8518690779445
20497,1171.8518690779445
20498,1171.8518690779445
20499,1171.8518690779445
20500,1171.8518690779445
20501,1171.8518690779445
20502,1171.8518690779445
20503,1171.8518690779445
20504,1171.8518690779445
20505,1171.8518690779445
20506,1171.8518690779445
20507,1171.8518690779445
20508,1171.8518690779445
20509,1171.8518690779445
20510,1171.8518690779445
20511,1171.8518690779445
20512,1171.8518690779445
20513,1171.8518690779445
20514,1171.8518690779445
20515,1171.8518690779445
20516,1171.8518690779445
20517,1171.8518690779445
20518,1171.8518690779445
20519,1171.8518690779445
20520,1171.8518690779445
20521,1171.8518690779445
20522,1171.8518690779445
20523,1171.8518690779445
20524,1171.8518690779445
20525,1171.8518690779445
20526,1171.8518690779445
20527,1171.8518690779445
20528,1171.8518690779445
20529,1171.8518690779445
20530,1171.8518690779445
20531,1171.8518690779445
20532,1171.8518690779445
20533,1171.8518690779445
20534,1171.8518690779445
20535,1171.8518690779445
20536,1171.8518690779445
20537,1171.8518690779445
20538,1171.8518690779445
20539,1171.8518690779445
20540,1171.8518690779445
20541,1171.8518690779445
20542,1171.8518690779445
20543,1171.8518690779445
20544,1171.8518690779445
20545,1171.8518690779445
20546,1171.8518690779445
20547,1171.8518690779445
20548,1171.8518690779445
20549,1171.8518690779445
20550,1171.8518690779445
20551,1171.8518690779445
20552,1171.8518690779445
20553,1171.8518690779445
20554,1171.8518690779445
20555,1171.8518690779445
20556,1171.8518690779445
20557,1171.8518690779445
20558,1171.8518690779445
20559,1171.8518690779445
20560,1171.8518690779445
20561,1171.8518690779445
20562,1171.8518690779445
20563,1171.8518690779445
20564,1171.8518690779445
20565,1171.8518690779445
20566,1171.8518690779445
20567,1171.8518690779445
20568,1171.8518690779445
20569,1171.8518690779445
20570,1171.8518690779445
20571,1171.8518690779445
20572,1171.8518690779445
20573,1171.8518690779445
20574,1171.8518690779445
20575,1171.8518690779445
20576,1171.8518690779445
20577,1171.8518690779445
20578,1171.8518690779445
20579,1171.8518690779445
20580,1171.8518690779445
20581,1171.8518690779445
20582,1171.8518690779445
20583,1171.8518690779445
20584,1171.8518690779445
20585,1171.8518690779445
20586,1171.8518690779445
20587,1171.8518690779445
20588,1171.8518690779445
20589,1171.8518690779445
20590,1171.8518690779445
20591,1171.8518690779445
20592,1171.8518690779445
20593,1171.8518690779445
20594,1171.8518690779445
20595,1171.8518690779445
20596,1171.8518690779445
20597,1171.8518690779445
20598,1171.8518690779445
20599,1171.8518690779445
20600,1171.8518690779445
20601,1171.8518690779445
20602,1171.8518690779445
20603,1171.8518690779445
20604,1171.8518690779445
20605,1171.8518690779445
20606,1171.8518690779445
20607,1171.8518690779445
20608,1171.8518690779445
20609,1171.8518690779445
20610,1171.8518690779445
20611,1171.8518690779445
20612,1171.8518690779445
20613,1171.8518690779445
20614,1171.8518690779445
20615,1171.8518690779445
20616,1171.8518690779445
20617,1171.8518690779445
20618,1171.8518690779445
20619,1171.8518690779445
20620,1171.8518690779445
20621,1171.8518690779445
20622,1171.8518690779445
20623,1171.8518690779445
20624,1171.8518690779445
20625,1171.8518690779445
20626,1171.8518690779445
20627,1171.8518690779445
20628,1171.8518690779445
20629,1171.8518690779445
20630,1171.8518690779445
20631,1171.8518690779445
20632,1171.8518690779445
20633,1171.8518690779445
20634,1171.8518690779445
20635,1171.8518690779445
20636,1171.8518690779445
20637,1171.8518690779445
20638,1171.8518690779445
20639,1171.8518690779445
20640,1171.8518690779445
20641,1171.8518690779445
20642,1171.8518690779445
20643,1171.8518690779445
20644,1171.8518690779445
20645,1171.8518690779445
20646,1171.8518690779445
20647,1171.8518690779445
20648,1171.8518690779445
20649,1171.8518690779445
20650,1171.8518690779445
20651,1171.8518690779445
20652,1171.8518690779445
20653,1171.8518690779445
20654,1171.8518690779445
20655,1171.8518690779445
20656,1171.8518690779445
20657,1171.8518690779445
20658,1171.8518690779445
20659,1171.8518690779445
20660,1171.8518690779445
20661,1171.8518690779445
20662,1171.8518690779445
20663,1171.8518690779445
20664,1171.8518690779445
20665,1171.8518690779445
20666,1171.8518690779445
20667,1171.8518690779445
20668,1171.8518690779445
20669,1171.8518690779445
20670,1171.8518690779445
20671,1171.8518690779445
20672,1171.8518690779445
20673,1171.8518690779445
20674,1171.8518690779445
20675,1171.8518690779445
20676,1171.8518690779445
20677,1171.8518690779445
20678,1171.8518690779445
20679,1171.8518690779445
20680,1171.8518690779445
20681,1171.8518690779445
20682,1171.8518690779445
20683,1171.8518690779445
20684,1171.8518690779445
20685,1171.8518690779445
20686,1171.8518690779445
20687,1171.8518690779445
20688,1171.8518690779445
20689,1171.8518690779445
20690,1171.8518690779445
20691,1171.8518690779445
20692,1171.8518690779445
20693,1171.8518690779445
20694,1171.8518690779445
20695,1171.8518690779445
20696,1171.8518690779445
20697,1171.8518690779445
20698,1171.8518690779445
20699,1170.3111834449928
20700,1170.3111834449928
20701,1170.3111834449928
20702,1170.3111834449928
20703,1170.3111834449928
20704,1170.3111834449928
20705,1170.3111834449928
20706,1170.3111834449928
20707,1170.3111834449928
20708,1170.3111834449928
20709,1170.3111834449928
20710,1170.3111834449928
20711,1170.3111834449928
20712,1170.3111834449928
20713,1170.3111834449928
20714,1170.3111834449928
20715,1170.3111834449928
20716,1170.3111834449928
20717,1170.3111834449928
20718,1170.3111834449928
20719,1170.3111834449928
20720,1170.3111834449928
20721,1170.3111834449928
20722,1170.3111834449928
20723,1170.3111834449928
20724,1170.3111834449928
20725,1170.3111834449928
20726,1170.3111834449928
20727,1170.3111834449928
20728,1170.3111834449928
20729,1170.3111834449928
20730,1170.3111834449928
20731,1170.3111834449928
20732,1170.3111834449928
20733,1170.3111834449928
20734,1170.3111834449928
20735,1170.3111834449928
20736,1170.3111834449928
20737,1170.3111834449928
20738,1170.3111834449928
20739,1170.3111834449928
20740,1170.3111834449928
20741,1170.3111834449928
20742,1170.3111834449928
20743,1170.3111834449928
20744,1170.3111834449928
20745,1170.3111834449928
20746,1170.3111834449928
20747,1170.3111834449928
20748,1170.3111834449928
20749,1170.3111834449928
20750,1170.3111834449928
20751,1170.3111834449928
20752,1170.0244210994433
20753,1170.0244210994433
20754,1170.0244210994433
20755,1170.0244210994433
20756,1170.0244210994433
20757,1170.0244210994433
20758,1170.0244210994433
20759,1170.0244210994433
20760,1170.0244210994433
20761,1170.0244210994433
20762,1170.0244210994433
20763,1170.0244210994433
20764,1170.0244210994433
20765,1170.0244210994433
20766,1170.0244210994433
20767,1170.0244210994433
20768,1170.0244210994433
20769,1170.0244210994433
20770,1170.0244210994433
20771,1170.0244210994433
20772,1170.0244210994433
20773,1170.0244210994433
20774,1170.0244210994433
20775,1170.0244210994433
20776,1170.0244210994433
20777,1170.0244210994433
20778,1170.0244210994433
20779,1170.0244210994433
20780,1170.0244210994433
20781,1170.0244210994433
20782,1170.0244210994433
20783,1170.0244210994433
20784,1170.0244210994433
20785,1170.0244210994433
20786,1170.0244210994433
20787,1170.0244210994433
20788,1170.0244210994433
20789,1170.0244210994433
20790,1170.0244210994433
20791,1170.0244210994433
20792,1170.0244210994433
20793,1170.0244210994433
20794,1170.0244210994433
20795,1170.0244210994433
20796,1170.0244210994433
20797,1170.0244210994433
20798,1170.0244210994433
20799,1170.0244210994433
20800,1170.0244210994433
20801,1170.0244210994433
20802,1170.0244210994433
20803,1170.0244210994433
20804,1170.0244210994433
20805,1170.0244210994433
20806,1170.0244210994433
20807,1170.0244210994433
20808,1170.0244210994433
20809,1170.0244210994433
20810,1170.0244210994433
20811,1170.0244210994433
20812,1170.0244210994433
20813,1170.0244210994433
20814,1170.0244210994433
20815,1170.0244210994433
20816,1170.0244210994433
20817,1170.0244210994433
20818,1170.0244210994433
20819,1170.0244210994433
20820,1170.0244210994433
20821,1170.0244210994433
20822,1170.0244210994433
20823,1170.0244210994433
20824,1170.0244210994433
20825,1170.0244210994433
20826,1170.0244210994433
20827,1170.0244210994433
20828,1170.0244210994433
20829,1170.0244210994433
20830,1170.0244210994433
20831,1170.0244210994433
20832,1170.0244210994433
20833,1170.0244210994433
20834,1170.0244210994433
20835,1170.0244210994433
20836,1170.0244210994433
20837,1170.0244210994433
20838,1170.0244210994433
20839,1170.0244210994433
20840,1170.0244210994433
20841,1170.0244210994433
20842,1170.0244210994433
20843,1170.0244210994433
20844,1170.0244210994433
20845,1170.0244210994433
20846,1170.0244210994433
20847,1170.0244210994433
20848,1170.0244210994433
20849,1170.0244210994433
20850,1170.0244210994433
20851,1170.0244210994433
20852,1170.0244210994433
20853,1170.0244210994433
20854,1170.0244210994433
20855,1170.0244210994433
20856,1170.0244210994433
20857,1170.0244210994433
20858,1170.0244210994433
20859,1170.0244210994433
20860,1170.0244210994433
20861,1170.0244210994433
20862,1170.0244210994433
20863,1170.0244210994433
20864,1170.0244210994433
20865,1170.0244210994433
20866,1170.0244210994433
20867,1170.0244210994433
20868,1170.0244210994433
20869,1170.0244210994433
20870,1170.0244210994433
20871,1170.0244210994433
20872,1170.0244210994433
20873,1170.0244210994433
20874,1170.0244210994433
20875,1170.0244210994433
20876,1170.0244210994433
20877,1170.0244210994433
20878,1170.0244210994433
20879,1170.0244210994433
20880,1170.0244210994433
20881,1170.0244210994433
20882,1170.0244210994433
20883,1170.0244210994433
20884,1170.0244210994433
20885,1170.0244210994433
20886,1170.0244210994433
20887,1170.0244210994433
20888,1170.0244210994433
20889,1170.0244210994433
20890,1170.0244210994433
20891,1170.0244210994433
20892,1170.0244210994433
20893,1170.0244210994433
20894,1170.0244210994433
20895,1170.0244210994433
20896,1170.0244210994433
20897,1170.0244210994433
20898,1170.0244210994433
20899,1170.0244210994433
20900,1170.0244210994433
20901,1170.0244210994433
20902,1170.0244210994433
20903,1170.0244210994433
20904,1170.0244210994433
20905,1170.0244210994433
20906,1170.0244210994433
20907,1170.0244210994433
20908,1170.0244210994433
20909,1170.0244210994433
20910,1170.0244210994433
20911,1170.0244210994433
20912,1170.0244210994433
20913,1170.0244210994433
20914,1170.0244210994433
20915,1170.0244210994433
20916,1170.0244210994433
20917,1170.0244210994433
20918,1170.0244210994433
20919,1170.0244210994433
20920,1170.0244210994433
20921,1170.0244210994433
20922,1170.0244210994433
20923,1170.0244210994433
20924,1170.0244210994433
20925,1170.0244210994433
20926,1170.0244210994433
20927,1170.0244210994433
20928,1170.0244210994433
20929,1170.0244210994433
20930,1170.0244210994433
20931,1170.0244210994433
20932,1170.0244210994433
20933,1170.0244210994433
20934,1170.0244210994433
20935,1170.0244210994433
20936,1170.0244210994433
20937,1170.0244210994433
20938,1170.0244210994433
20939,1170.0244210994433
20940,1170.0244210994433
20941,1170.0244210994433
20942,1170.0244210994433
20943,1170.0244210994433
20944,1170.0244210994433
20945,1170.0244210994433
20946,1170.0244210994433
20947,1170.0244210994433
20948,1170.0244210994433
20949,1170.0244210994433
20950,1170.0244210994433
20951,1170.0244210994433
20952,1170.0244210994433
20953,1170.0244210994433
20954,1170.0244210994433
20955,1170.0244210994433
20956,1170.0244210994433
20957,1170.0244210994433
20958,1170.0244210994433
20959,1170.0244210994433
20960,1170.0244210994433
20961,1170.0244210994433
20962,1170.0244210994433
20963,1170.0244210994433
20964,1170.0244210994433
20965,1170.0244210994433
20966,1170.0244210994433
20967,1170.0244210994433
20968,1170.0244210994433
20969,1170.0244210994433
20970,1170.0244210994433
20971,1170.0244210994433
20972,1170.0244210994433
20973,1170.0244210994433
20974,1170.0244210994433
20975,1170.0244210994433
20976,1170.0244210994433
20977,1170.0244210994433
20978,1170.0244210994433
20979,1170.0244210994433
20980,1170.0244210994433
20981,1170.0244210994433
20982,1170.0244210994433
20983,1170.0244210994433
20984,1170.0244210994433
20985,1170.0244210994433
20986,1170.0244210994433
20987,1170.0244210994433
20988,1170.0244210994433
20989,1170.0244210994433
20990,1170.0244210994433
20991,1170.0244210994433
20992,1170.0244210994433
20993,1170.0244210994433
20994,1170.0244210994433
20995,1170.0244210994433
20996,1170.0244210994433
20997,1170.0244210994433
20998,1170.0244210994433
20999,1170.0244210994433
21000,1170.0244210994433
21001,1170.0244210994433
21002,1170.0244210994433
21003,1170.0244210994433
21004,1170.0244210994433
21005,1170.0244210994433
21006,1170.0244210994433
21007,1170.0244210994433
21008,1170.0244210994433
21009,1170.0244210994433
21010,1170.0244210994433
21011,1170.0244210994433
21012,1170.0244210994433
21013,1170.0244210994433
21014,1170.0244210994433
21015,1170.0244210994433
21016,1170.0244210994433
21017,1170.0244210994433
21018,1170.0244210994433
21019,1170.0244210994433
21020,1170.0244210994433
21021,1170.0244210994433
21022,1170.0244210994433
21023,1170.0244210994433
21024,1170.0244210994433
21025,1170.0244210994433
21026,1170.0244210994433
21027,1170.0244210994433
21028,1170.0244210994433
21029,1170.0244210994433
21030,1170.0244210994433
21031,1170.0244210994433
21032,1170.0244210994433
21033,1170.0244210994433
21034,1170.0244210994433
21035,1170.0244210994433
21036,1170.0244210994433
21037,1170.0244210994433
21038,1170.0244210994433
21039,1170.0244210994433
21040,1170.0244210994433
21041,1170.0244210994433
21042,1170.0244210994433
21043,1170.0244210994433
21044,1170.0244210994433
21045,1170.0244210994433
21046,1170.0244210994433
21047,1170.0244210994433
21048,1170.0244210994433
21049,1170.0244210994433
21050,1170.0244210994433
21051,1170.0244210994433
21052,1170.0244210994433
21053,1170.0244210994433
21054,1170.0244210994433
21055,1170.0244210994433
21056,1170.0244210994433
21057,1170.0244210994433
21058,1170.0244210994433
21059,1170.0244210994433
21060,1170.0244210994433
21061,1170.0244210994433
21062,1170.0244210994433
21063,1170.0244210994433
21064,1170.0244210994433
21065,1170.0244210994433
21066,1170.0244210994433
21067,1170.0244210994433
21068,1170.0244210994433
21069,1170.0244210994433
21070,1170.0244210994433
21071,1170.0244210994433
21072,1170.0244210994433
21073,1170.0244210994433
21074,1170.0244210994433
21075,1170.0244210994433
21076,1170.0244210994433
21077,1170.0244210994433
21078,1170.0244210994433
21079,1170.0244210994433
21080,1170.0244210994433
21081,1170.0244210994433
21082,1170.0244210994433
21083,1170.0244210994433
21084,1170.0244210994433
21085,1170.0244210994433
21086,1170.0244210994433
21087,1170.0244210994433
21088,1170.0244210994433
21089,1170.0244210994433
21090,1170.0244210994433
21091,1170.0244210994433
21092,1170.0244210994433
21093,1170.0244210994433
21094,1170.0244210994433
21095,1170.0244210994433
21096,1170.0244210994433
21097,1170.0244210994433
21098,1170.0244210994433
21099,1170.0244210994433
21100,1170.0244210994433
21101,1170.0244210994433
21102,1170.0244210994433
21103,1170.0244210994433
21104,1170.0244210994433
21105,1170.0244210994433
21106,1170.0244210994433
21107,1170.0244210994433
21108,1170.0244210994433
21109,1170.0244210994433
21110,1170.0244210994433
21111,1170.0244210994433
21112,1170.0244210994433
21113,1170.0244210994433
21114,1170.0244210994433
21115,1170.0244210994433
21116,1170.0244210994433
21117,1170.0244210994433
21118,1170.0244210994433
21119,1170.0244210994433
21120,1170.0244210994433
21121,1170.0244210994433
21122,1170.0244210994433
21123,1170.0244210994433
21124,1170.0244210994433
21125,1170.0244210994433
21126,1170.0244210994433
21127,1170.0244210994433
21128,1170.0244210994433
21129,1170.0244210994433
21130,1170.0244210994433
21131,1170.0244210994433
21132,1170.0244210994433
21133,1170.0244210994433
21134,1170.0244210994433
21135,1170.0244210994433
21136,1170.0244210994433
21137,1170.0244210994433
21138,1170.0244210994433
21139,1170.0244210994433
21140,1170.0244210994433
21141,1170.0244210994433
21142,1170.0244210994433
21143,1170.0244210994433
21144,1170.0244210994433
21145,1170.0244210994433
21146,1170.0244210994433
21147,1170.0244210994433
21148,1170.0244210994433
21149,1170.0244210994433
21150,1170.0244210994433
21151,1170.0244210994433
21152,1170.0244210994433
21153,1170.0244210994433
21154,1170.0244210994433
21155,1170.0244210994433
21156,1170.0244210994433
21157,1170.0244210994433
21158,1170.0244210994433
21159,1170.0244210994433
21160,1170.0244210994433
21161,1170.0244210994433
21162,1170.0244210994433
21163,1170.0244210994433
21164,1170.0244210994433
21165,1170.0244210994433
21166,1170.0244210994433
21167,1170.0244210994433
21168,1170.0244210994433
21169,1170.0244210994433
21170,1170.0244210994433
21171,1170.0244210994433
21172,1170.0244210994433
21173,1170.0244210994433
21174,1170.0244210994433
21175,1170.0244210994433
21176,1170.0244210994433
21177,1170.0244210994433
21178,1170.0244210994433
21179,1170.0244210994433
21180,1170.0244210994433
21181,1170.0244210994433
21182,1170.0244210994433
21183,1170.0244210994433
21184,1170.0244210994433
21185,1170.0244210994433
21186,1170.0244210994433
21187,1170.0244210994433
21188,1170.0244210994433
21189,1170.0244210994433
21190,1170.0244210994433
21191,1170.0244210994433
21192,1170.0244210994433
21193,1170.0244210994433
21194,1170.0244210994433
21195,1170.0244210994433
21196,1170.0244210994433
21197,1170.0244210994433
21198,1170.0244210994433
21199,1170.0244210994433
21200,1170.0244210994433
21201,1170.0244210994433
21202,1170.0244210994433
21203,1167.080991488701
21204,1167.080991488701
21205,1167.080991488701
21206,1167.080991488701
21207,1167.080991488701
21208,1167.080991488701
21209,1167.080991488701
21210,1167.080991488701
21211,1167.080991488701
21212,1167.080991488701
21213,1167.080991488701
21214,1167.080991488701
21215,1167.080991488701
21216,1167.080991488701
21217,1167.080991488701
21218,1167.080991488701
21219,1167.080991488701
21220,1167.080991488701
21221,1167.080991488701
21222,1167.080991488701
21223,1167.080991488701
21224,1167.080991488701
21225,1167.080991488701
21226,1167.080991488701
21227,1167.080991488701
21228,1167.080991488701
21229,1167.080991488701
21230,1167.080991488701
21231,1167.080991488701
21232,1167.080991488701
21233,1167.080991488701
21234,1167.080991488701
21235,1167.080991488701
21236,1167.080991488701
21237,1167.080991488701
21238,1167.080991488701
21239,1167.080991488701
21240,1167.080991488701
21241,1167.080991488701
21242,1167.080991488701
21243,1167.080991488701
21244,1167.080991488701
21245,1167.080991488701
21246,1167.080991488701
21247,1167.080991488701
21248,1167.080991488701
21249,1167.080991488701
21250,1167.080991488701
21251,1167.080991488701
21252,1167.080991488701
21253,1166.6894404660814
21254,1166.6894404660814
21255,1166.6894404660814
21256,1166.6894404660814
21257,1166.6894404660814
21258,1166.6894404660814
21259,1166.6894404660814
21260,1166.6894404660814
21261,1166.6894404660814
21262,1166.6894404660814
21263,1166.6894404660814
21264,1166.6894404660814
21265,1166.6894404660814
21266,1166.6894404660814
21267,1166.6894404660814
21268,1166.6894404660814
21269,1166.6894404660814
21270,1166.6894404660814
21271,1166.6894404660814
21272,1166.6894404660814
21273,1166.6894404660814
21274,1166.6894404660814
21275,1166.6894404660814
21276,1166.6894404660814
21277,1166.6894404660814
21278,1166.6894404660814
21279,1166.6894404660814
21280,1166.6894404660814
21281,1166.6894404660814
21282,1166.6894404660814
21283,1166.6894404660814
21284,1166.6894404660814
21285,1166.6894404660814
21286,1166.6894404660814
21287,1166.6894404660814
21288,1166.6894404660814
21289,1166.6894404660814
21290,1166.6894404660814
21291,1166.6894404660814
21292,1166.6894404660814
21293,1166.6894404660814
21294,1166.6894404660814
21295,1166.6894404660814
21296,1166.6894404660814
21297,1166.6894404660814
21298,1166.6894404660814
21299,1166.6894404660814
21300,1166.6894404660814
21301,1166.6894404660814
21302,1166.6894404660814
21303,1166.6894404660814
21304,1166.6894404660814
21305,1166.6894404660814
21306,1166.6894404660814
21307,1166.6894404660814
21308,1166.6894404660814
21309,1166.6894404660814
21310,1166.6894404660814
21311,1166.6894404660814
21312,1166.6894404660814
21313,1166.6894404660814
21314,1166.6894404660814
21315,1166.6894404660814
21316,1166.6894404660814
21317,1166.6894404660814
21318,1166.6894404660814
21319,1166.6894404660814
21320,1166.6894404660814
21321,1166.6894404660814
21322,1166.6894404660814
21323,1166.6894404660814
21324,1166.6894404660814
21325,1166.6894404660814
21326,1166.6894404660814
21327,1166.6894404660814
21328,1166.6894404660814
21329,1166.6894404660814
21330,1166.6894404660814
21331,1166.6894404660814
21332,1166.6894404660814
21333,1166.6894404660814
21334,1166.6894404660814
21335,1166.6894404660814
21336,1166.6894404660814
21337,1166.6894404660814
21338,1166.6894404660814
21339,1166.6894404660814
21340,1166.6894404660814
21341,1166.6894404660814
21342,1166.6894404660814
21343,1166.6894404660814
21344,1166.6894404660814
21345,1166.6894404660814
21346,1166.6894404660814
21347,1166.6894404660814
21348,1166.6894404660814
21349,1166.6894404660814
21350,1166.6894404660814
21351,1166.6894404660814
21352,1166.6894404660814
21353,1166.6894404660814
21354,1166.6894404660814
21355,1166.6894404660814
21356,1166.6894404660814
21357,1166.6894404660814
21358,1166.6894404660814
21359,1166.6894404660814
21360,1166.6894404660814
21361,1166.6894404660814
21362,1166.6894404660814
21363,1166.6894404660814
21364,1166.6894404660814
21365,1166.6894404660814
21366,1166.6894404660814
21367,1166.6894404660814
21368,1166.6894404660814
21369,1166.6894404660814
21370,1166.6894404660814
21371,1166.6894404660814
21372,1166.6894404660814
21373,1166.6894404660814
21374,1166.6894404660814
21375,1166.6894404660814
21376,1166.6894404660814
21377,1166.6894404660814
21378,1166.6894404660814
21379,1166.6894404660814
21380,1166.6894404660814
21381,1166.6894404660814
21382,1166.6894404660814
21383,1166.6894404660814
21384,1166.6894404660814
21385,1166.6894404660814
21386,1166.6894404660814
21387,1166.6894404660814
21388,1166.6894404660814
21389,1166.6894404660814
21390,1166.6894404660814
21391,1166.6894404660814
21392,1166.6894404660814
21393,1166.6894404660814
21394,1166.6894404660814
21395,1166.6894404660814
21396,1166.6894404660814
21397,1166.6894404660814
21398,1166.6894404660814
21399,1166.6894404660814
21400,1166.6894404660814
21401,1166.6894404660814
21402,1166.6894404660814
21403,1166.6894404660814
21404,1166.6894404660814
21405,1166.6894404660814
21406,1166.6894404660814
21407,1166.6894404660814
21408,1166.6894404660814
21409,1166.6894404660814
21410,1166.6894404660814
21411,1166.6894404660814
21412,1166.6894404660814
21413,1166.6894404660814
21414,1166.6894404660814
21415,1166.6894404660814
21416,1166.6894404660814
21417,1166.6894404660814
21418,1166.6894404660814
21419,1166.6894404660814
21420,1166.6894404660814
21421,1166.6894404660814
21422,1166.6894404660814
21423,1166.6894404660814
21424,1166.6894404660814
21425,1166.6894404660814
21426,1166.6894404660814
21427,1166.6894404660814
21428,1166.6894404660814
21429,1166.6894404660814
21430,1166.6894404660814
21431,1166.6894404660814
21432,1166.6894404660814
21433,1166.6894404660814
21434,1166.6894404660814
21435,1166.6894404660814
21436,1166.6894404660814
21437,1166.6894404660814
21438,1166.6894404660814
21439,1166.6894404660814
21440,1166.6894404660814
21441,1166.6894404660814
21442,1166.6894404660814
21443,1166.6894404660814
21444,1166.6894404660814
21445,1166.6894404660814
21446,1166.6894404660814
21447,1166.6894404660814
21448,1166.6894404660814
21449,1166.6894404660814
21450,1166.6894404660814
21451,1166.6894404660814
21452,1166.6894404660814
21453,1166.6894404660814
21454,1166.6894404660814
21455,1166.6894404660814
21456,1166.6894404660814
21457,1166.6894404660814
21458,1166.6894404660814
21459,1166.6894404660814
21460,1166.6894404660814
21461,1166.6894404660814
21462,1166.6894404660814
21463,1166.6894404660814
21464,1166.6894404660814
21465,1166.6894404660814
21466,1166.6894404660814
21467,1166.6894404660814
21468,1166.6894404660814
21469,1166.6894404660814
21470,1166.6894404660814
21471,1166.6894404660814
21472,1166.6894404660814
21473,1166.6894404660814
21474,1166.6894404660814
21475,1166.6894404660814
21476,1166.6894404660814
21477,1166.6894404660814
21478,1166.6894404660814
21479,1166.6894404660814
21480,1166.6894404660814
21481,1166.6894404660814
21482,1166.6894404660814
21483,1166.6894404660814
21484,1166.6894404660814
21485,1166.6894404660814
21486,1166.6894404660814
21487,1166.6894404660814
21488,1166.6894404660814
21489,1166.6894404660814
21490,1166.6894404660814
21491,1166.6894404660814
21492,1166.6894404660814
21493,1166.6894404660814
21494,1166.6894404660814
21495,1166.6894404660814
21496,1166.6894404660814
21497,1166.6894404660814
21498,1166.6894404660814
21499,1166.6894404660814
21500,1166.6894404660814
21501,1166.6894404660814
21502,1166.6894404660814
21503,1166.6894404660814
21504,1166.6894404660814
21505,1166.6894404660814
21506,1166.6894404660814
21507,1166.6894404660814
21508,1166.6894404660814
21509,1166.6894404660814
21510,1166.6894404660814
21511,1166.6894404660814
21512,1166.6894404660814
21513,1166.6894404660814
21514,1166.6894404660814
21515,1166.6894404660814
21516,1166.6894404660814
21517,1166.6894404660814
21518,1166.6894404660814
21519,1166.6894404660814
21520,1166.6894404660814
21521,1166.6894404660814
21522,1166.6894404660814
21523,1166.6894404660814
21524,1166.6894404660814
21525,1166.6894404660814
21526,1166.6894404660814
21527,1166.6894404660814
21528,1166.6894404660814
21529,1166.6894404660814
21530,1166.6894404660814
21531,1166.6894404660814
21532,1166.6894404660814
21533,1166.6894404660814
21534,1166.6894404660814
21535,1166.6894404660814
21536,1166.6894404660814
21537,1166.6894404660814
21538,1166.6894404660814
21539,1166.6894404660814
21540,1166.6894404660814
21541,1166.6894404660814
21542,1166.6894404660814
21543,1166.6894404660814
21544,1166.6894404660814
21545,1166.6894404660814
21546,1166.6894404660814
21547,1166.6894404660814
21548,1166.6894404660814
21549,1166.6894404660814
21550,1166.6894404660814
21551,1166.6894404660814
21552,1166.6894404660814
21553,1166.6894404660814
21554,1166.6894404660814
21555,1166.6894404660814
21556,1166.6894404660814
21557,1166.6894404660814
21558,1166.6894404660814
21559,1166.6894404660814
21560,1166.6894404660814
21561,1166.6894404660814
21562,1166.6894404660814
21563,1166.6894404660814
21564,1166.6894404660814
21565,1166.6894404660814
21566,1166.6894404660814
21567,1166.6894404660814
21568,1166.6894404660814
21569,1166.6894404660814
21570,1166.6894404660814
21571,1166.6894404660814
21572,1166.6894404660814
21573,1166.6894404660814
21574,1166.6894404660814
21575,1166.6894404660814
21576,1166.6894404660814
21577,1166.6894404660814
21578,1166.6894404660814
21579,1166.6894404660814
21580,1166.6894404660814
21581,1166.6894404660814
21582,1166.6894404660814
21583,1166.6894404660814
21584,1166.6894404660814
21585,1166.6894404660814
21586,1166.6894404660814
21587,1166.6894404660814
21588,1166.6894404660814
21589,1166.6894404660814
21590,1166.6894404660814
21591,1166.6894404660814
21592,1166.6894404660814
21593,1166.6894404660814
21594,1166.6894404660814
21595,1166.6894404660814
21596,1166.6894404660814
21597,1166.6894404660814
21598,1166.6894404660814
21599,1166.6894404660814
21600,1166.6894404660814
21601,1166.6894404660814
21602,1166.6894404660814
21603,1166.6894404660814
21604,1166.6894404660814
21605,1166.6894404660814
21606,1166.6894404660814
21607,1166.6894404660814
21608,1166.6894404660814
21609,1166.6894404660814
21610,1166.6894404660814
21611,1166.6894404660814
21612,1166.6894404660814
21613,1166.6894404660814
21614,1166.6894404660814
21615,1166.6894404660814
21616,1166.6894404660814
21617,1166.6894404660814
21618,1166.6894404660814
21619,1166.6894404660814
21620,1166.6894404660814
21621,1166.6894404660814
21622,1166.6894404660814
21623,1166.6894404660814
21624,1166.6894404660814
21625,1166.6894404660814
21626,1166.6894404660814
21627,1166.6894404660814
21628,1166.6894404660814
21629,1166.6894404660814
21630,1166.6894404660814
21631,1166.6894404660814
21632,1166.6894404660814
21633,1166.6894404660814
21634,1166.6894404660814
21635,1166.6894404660814
21636,1166.6894404660814
21637,1166.6894404660814
21638,1166.6894404660814
21639,1166.6894404660814
21640,1166.6894404660814
21641,1166.6894404660814
21642,1166.6894404660814
21643,1166.6894404660814
21644,1166.6894404660814
21645,1166.6894404660814
21646,1166.6894404660814
21647,1166.6894404660814
21648,1166.6894404660814
21649,1166.6894404660814
21650,1166.6894404660814
21651,1166.6894404660814
21652,1166.6894404660814
21653,1166.6894404660814
21654,1166.6894404660814
21655,1166.6894404660814
21656,1166.6894404660814
21657,1166.6894404660814
21658,1166.6894404660814
21659,1166.6894404660814
21660,1166.6894404660814
21661,1166.6894404660814
21662,1166.6894404660814
21663,1166.6894404660814
21664,1166.6894404660814
21665,1166.6894404660814
21666,1166.6894404660814
21667,1166.6894404660814
21668,1166.6894404660814
21669,1166.6894404660814
21670,1166.6894404660814
21671,1166.6894404660814
21672,1166.6894404660814
21673,1166.6894404660814
21674,1166.6894404660814
21675,1166.6894404660814
21676,1166.6894404660814
21677,1166.6894404660814
21678,1166.6894404660814
21679,1166.6894404660814
21680,1166.6894404660814
21681,1166.6894404660814
21682,1166.6894404660814
21683,1166.6894404660814
21684,1166.6894404660814
21685,1166.6894404660814
21686,1166.6894404660814
21687,1166.6894404660814
21688,1166.6894404660814
21689,1166.6894404660814
21690,1166.6894404660814
21691,1166.6894404660814
21692,1166.6894404660814
21693,1166.6894404660814
21694,1166.6894404660814
21695,1166.6894404660814
21696,1166.6894404660814
21697,1166.6894404660814
21698,1166.6894404660814
21699,1166.6894404660814
21700,1166.6894404660814
21701,1166.6894404660814
21702,1166.6894404660814
21703,1166.6894404660814
21704,1166.6894404660814
21705,1166.6894404660814
21706,1166.6894404660814
21707,1166.6894404660814
21708,1166.6894404660814
21709,1166.6894404660814
21710,1166.6894404660814
21711,1166.6894404660814
21712,1166.6894404660814
21713,1166.6894404660814
21714,1166.6894404660814
21715,1166.6894404660814
21716,1166.6894404660814
21717,1166.6894404660814
21718,1166.6894404660814
21719,1166.6894404660814
21720,1166.6894404660814
21721,1166.6894404660814
21722,1166.6894404660814
21723,1166.6894404660814
21724,1166.6894404660814
21725,1166.6894404660814
21726,1166.6894404660814
21727,1166.6894404660814
21728,1166.6894404660814
21729,1166.6894404660814
21730,1166.6894404660814
21731,1166.6894404660814
21732,1166.6894404660814
21733,1166.6894404660814
21734,1166.6894404660814
21735,1166.6894404660814
21736,1166.6894404660814
21737,1166.6894404660814
21738,1166.6894404660814
21739,1166.6894404660814
21740,1166.6894404660814
21741,1166.6894404660814
21742,1166.6894404660814
21743,1166.6894404660814
21744,1166.6894404660814
21745,1166.6894404660814
21746,1166.6894404660814
21747,1166.6894404660814
21748,1166.6894404660814
21749,1166.6894404660814
21750,1166.6894404660814
21751,1166.6894404660814
21752,1166.6894404660814
21753,1166.6894404660814
21754,1166.6894404660814
21755,1166.6894404660814
21756,1166.6894404660814
21757,1166.6894404660814
21758,1166.6894404660814
21759,1166.6894404660814
21760,1166.6894404660814
21761,1166.6894404660814
21762,1166.6894404660814
21763,1166.6894404660814
21764,1166.6894404660814
21765,1166.6894404660814
21766,1166.6894404660814
21767,1166.6894404660814
21768,1166.6894404660814
21769,1166.6894404660814
21770,1166.6894404660814
21771,1166.6894404660814
21772,1166.6894404660814
21773,1166.6894404660814
21774,1166.6894404660814
21775,1166.6894404660814
21776,1166.6894404660814
21777,1166.6894404660814
21778,1166.6894404660814
21779,1166.6894404660814
21780,1166.6894404660814
21781,1166.6894404660814
21782,1166.6894404660814
21783,1166.6894404660814
21784,1166.6894404660814
21785,1166.6894404660814
21786,1166.6894404660814
21787,1166.6894404660814
21788,1166.6894404660814
21789,1166.6894404660814
21790,1166.6894404660814
21791,1166.6894404660814
21792,1166.6894404660814
21793,1166.6894404660814
21794,1166.6894404660814
21795,1166.6894404660814
21796,1166.6894404660814
21797,1162.6494400737809
21798,1162.6494400737809
21799,1162.6494400737809
21800,1162.6494400737809
21801,1162.6494400737809
21802,1162.6494400737809
21803,1162.6494400737809
21804,1162.6494400737809
21805,1162.6494400737809
21806,1162.6494400737809
21807,1162.6494400737809
21808,1162.6494400737809
21809,1162.6494400737809
21810,1162.6494400737809
21811,1162.6494400737809
21812,1162.6494400737809
21813,1162.6494400737809
21814,1162.6494400737809
21815,1162.6494400737809
21816,1162.6494400737809
21817,1162.6494400737809
21818,1162.6494400737809
21819,1162.6494400737809
21820,1162.6494400737809
21821,1162.6494400737809
21822,1162.6494400737809
21823,1162.6494400737809
21824,1162.6494400737809
21825,1162.6494400737809
21826,1162.6494400737809
21827,1162.6494400737809
21828,1162.6494400737809
21829,1162.6494400737809
21830,1162.6494400737809
21831,1162.6494400737809
21832,1162.6494400737809
21833,1162.6494400737809
21834,1162.6494400737809
21835,1162.6494400737809
21836,1162.6494400737809
21837,1162.6494400737809
21838,1162.6494400737809
21839,1162.6494400737809
21840,1162.6494400737809
21841,1162.6494400737809
21842,1162.6494400737809
21843,1162.6494400737809
21844,1162.6494400737809
21845,1162.6494400737809
21846,1162.6494400737809
21847,1162.6494400737809
21848,1162.6494400737809
21849,1162.6494400737809
21850,1162.6494400737809
21851,1162.6494400737809
21852,1162.6494400737809
21853,1162.6494400737809
21854,1162.6494400737809
21855,1162.6494400737809
21856,1162.6494400737809
21857,1162.6494400737809
21858,1162.6494400737809
21859,1162.6494400737809
21860,1162.6494400737809
21861,1162.6494400737809
21862,1162.6494400737809
21863,1162.6494400737809
21864,1162.6494400737809
21865,1162.6494400737809
21866,1162.6494400737809
21867,1162.6494400737809
21868,1162.6494400737809
21869,1162.6494400737809
21870,1162.6494400737809
21871,1162.6494400737809
21872,1162.6494400737809
21873,1162.6494400737809
21874,1162.6494400737809
21875,1162.6494400737809
21876,1162.6494400737809
21877,1162.6494400737809
21878,1162.6494400737809
21879,1162.6494400737809
21880,1162.6494400737809
21881,1162.6494400737809
21882,1162.6494400737809
21883,1162.6494400737809
21884,1162.6494400737809
21885,1162.6494400737809
21886,1162.6494400737809
21887,1162.6494400737809
21888,1162.6494400737809
21889,1162.6494400737809
21890,1162.6494400737809
21891,1162.6494400737809
21892,1162.6494400737809
21893,1162.6494400737809
21894,1162.6494400737809
21895,1162.6494400737809
21896,1162.6494400737809
21897,1162.6494400737809
21898,1162.6494400737809
21899,1162.6494400737809
21900,1162.6494400737809
21901,1162.6494400737809
21902,1162.6494400737809
21903,1162.6494400737809
21904,1162.6494400737809
21905,1162.6494400737809
21906,1162.6494400737809
21907,1162.6494400737809
21908,1162.6494400737809
21909,1162.6494400737809
21910,1162.6494400737809
21911,1162.6494400737809
21912,1160.9651514738705
21913,1158.991269931622
21914,1158.991269931622
21915,1158.991269931622
21916,1158.991269931622
21917,1158.991269931622
21918,1158.991269931622
21919,1158.991269931622
21920,1158.991269931622
21921,1158.991269931622
21922,1158.991269931622
21923,1158.991269931622
21924,1158.991269931622
21925,1158.991269931622
21926,1158.991269931622
21927,1158.991269931622
21928,1158.991269931622
21929,1158.991269931622
21930,1158.991269931622
21931,1158.991269931622
21932,1158.991269931622
21933,1158.991269931622
21934,1158.991269931622
21935,1158.991269931622
21936,1158.991269931622
21937,1158.991269931622
21938,1158.991269931622
21939,1158.991269931622
21940,1158.991269931622
21941,1158.991269931622
21942,1158.991269931622
21943,1158.991269931622
21944,1158.991269931622
21945,1158.991269931622
21946,1158.991269931622
21947,1158.991269931622
21948,1158.991269931622
21949,1158.991269931622
21950,1158.991269931622
21951,1158.991269931622
21952,1158.991269931622
21953,1158.991269931622
21954,1158.991269931622
21955,1158.991269931622
21956,1158.991269931622
21957,1158.991269931622
21958,1158.991269931622
21959,1158.991269931622
21960,1158.991269931622
21961,1158.991269931622
21962,1158.991269931622
21963,1158.991269931622
21964,1158.991269931622
21965,1158.991269931622
21966,1158.991269931622
21967,1158.991269931622
21968,1158.991269931622
21969,1158.991269931622
21970,1158.991269931622
21971,1158.991269931622
21972,1158.991269931622
21973,1158.991269931622
21974,1158.991269931622
21975,1158.991269931622
21976,1158.991269931622
21977,1158.991269931622
21978,1158.991269931622
21979,1158.991269931622
21980,1158.991269931622
21981,1158.991269931622
21982,1158.991269931622
21983,1158.991269931622
21984,1158.991269931622
21985,1158.991269931622
21986,1158.991269931622
21987,1158.991269931622
21988,1158.991269931622
21989,1158.991269931622
21990,1158.991269931622
21991,1158.991269931622
21992,1158.991269931622
21993,1158.991269931622
21994,1158.991269931622
21995,1158.991269931622
21996,1158.991269931622
21997,1158.991269931622
21998,1158.991269931622
21999,1158.991269931622
22000,1158.991269931622
22001,1158.991269931622
22002,1158.991269931622
22003,1158.991269931622
22004,1158.991269931622
22005,1158.991269931622
22006,1158.991269931622
22007,1158.991269931622
22008,1158.991269931622
22009,1158.991269931622
22010,1158.991269931622
22011,1158.991269931622
22012,1158.991269931622
22013,1158.991269931622
22014,1158.991269931622
22015,1158.991269931622
22016,1158.991269931622
22017,1158.991269931622
22018,1158.991269931622
22019,1158.991269931622
22020,1158.991269931622
22021,1158.991269931622
22022,1158.991269931622
22023,1158.991269931622
22024,1158.991269931622
22025,1158.991269931622
22026,1158.991269931622
22027,1158.991269931622
22028,1158.991269931622
22029,1158.991269931622
22030,1158.991269931622
22031,1158.991269931622
22032,1158.991269931622
22033,1158.991269931622
22034,1158.991269931622
22035,1158.991269931622
22036,1158.991269931622
22037,1158.991269931622
22038,1158.991269931622
22039,1158.991269931622
22040,1158.991269931622
22041,1158.991269931622
22042,1158.991269931622
22043,1158.991269931622
22044,1158.991269931622
22045,1158.991269931622
22046,1158.991269931622
22047,1158.991269931622
22048,1158.991269931622
22049,1158.991269931622
22050,1158.991269931622
22051,1158.991269931622
22052,1158.991269931622
22053,1158.991269931622
22054,1158.991269931622
22055,1158.991269931622
22056,1158.991269931622
22057,1158.991269931622
22058,1158.991269931622
22059,1158.991269931622
22060,1158.991269931622
22061,1158.991269931622
22062,1158.991269931622
22063,1158.991269931622
22064,1158.991269931622
22065,1158.991269931622
22066,1158.991269931622
22067,1158.991269931622
22068,1158.991269931622
22069,1158.991269931622
22070,1158.991269931622
22071,1158.991269931622
22072,1158.991269931622
22073,1158.991269931622
22074,1158.991269931622
22075,1158.991269931622
22076,1158.991269931622
22077,1158.991269931622
22078,1158.991269931622
22079,1158.991269931622
22080,1158.991269931622
22081,1158.991269931622
22082,1158.991269931622
22083,1158.991269931622
22084,1158.991269931622
22085,1158.991269931622
22086,1158.991269931622
22087,1158.991269931622
22088,1158.991269931622
22089,1158.991269931622
22090,1158.991269931622
22091,1158.991269931622
22092,1158.991269931622
22093,1158.991269931622
22094,1158.991269931622
22095,1158.991269931622
22096,1158.991269931622
22097,1158.991269931622
22098,1158.991269931622
22099,1158.991269931622
22100,1158.991269931622
22101,1158.991269931622
22102,1158.991269931622
22103,1158.991269931622
22104,1158.991269931622
22105,1158.991269931622
22106,1158.991269931622
22107,1158.991269931622
22108,1158.991269931622
22109,1158.991269931622
22110,1158.991269931622
22111,1158.991269931622
22112,1158.991269931622
22113,1158.991269931622
22114,1158.991269931622
22115,1158.991269931622
22116,1158.991269931622
22117,1158.991269931622
22118,1158.991269931622
22119,1158.991269931622
22120,1158.991269931622
22121,1158.991269931622
22122,1158.991269931622
22123,1158.991269931622
22124,1158.991269931622
22125,1158.991269931622
22126,1158.991269931622
22127,1158.991269931622
22128,1158.991269931622
22129,1158.991269931622
22130,1158.991269931622
22131,1158.991269931622
22132,1158.991269931622
22133,1158.991269931622
22134,1158.991269931622
22135,1158.991269931622
22136,1158.374240260067
22137,1158.374240260067
22138,1158.374240260067
22139,1158.374240260067
22140,1158.374240260067
22141,1158.374240260067
22142,1158.374240260067
22143,1158.374240260067
22144,1158.374240260067
22145,1158.374240260067
22146,1158.374240260067
22147,1158.374240260067
22148,1158.374240260067
22149,1158.374240260067
22150,1158.374240260067
22151,1151.8877500102058
22152,1151.8877500102058
22153,1151.8877500102058
22154,1151.8877500102058
22155,1151.8877500102058
22156,1151.8877500102058
22157,1151.8877500102058
22158,1151.8877500102058
22159,1151.8877500102058
22160,1151.8877500102058
22161,1151.8877500102058
22162,1151.8877500102058
22163,1151.8877500102058
22164,1151.8877500102058
22165,1151.8877500102058
22166,1151.8877500102058
22167,1151.8877500102058
22168,1151.8877500102058
22169,1151.8877500102058
22170,1151.8877500102058
22171,1151.8877500102058
22172,1151.8877500102058
22173,1151.8877500102058
22174,1151.8877500102058
22175,1151.8877500102058
22176,1151.8877500102058
22177,1151.8877500102058
22178,1151.8877500102058
22179,1151.8877500102058
22180,1151.8877500102058
22181,1151.8877500102058
22182,1151.8877500102058
22183,1151.8877500102058
22184,1151.8877500102058
22185,1151.8877500102058
22186,1151.8877500102058
22187,1151.8877500102058
22188,1151.8877500102058
22189,1151.8877500102058
22190,1151.8877500102058
22191,1151.8877500102058
22192,1151.8877500102058
22193,1151.8877500102058
22194,1151.8877500102058
22195,1151.8877500102058
22196,1151.8877500102058
22197,1151.8877500102058
22198,1151.8877500102058
22199,1151.8877500102058
22200,1151.8877500102058
22201,1151.8877500102058
22202,1151.8877500102058
22203,1151.8877500102058
22204,1151.8877500102058
22205,1151.8877500102058
22206,1151.8877500102058
22207,1151.8877500102058
22208,1151.8877500102058
22209,1151.8877500102058
22210,1151.8877500102058
22211,1151.8877500102058
22212,1151.8877500102058
22213,1151.8877500102058
22214,1151.8877500102058
22215,1151.8877500102058
22216,1151.8877500102058
22217,1151.8877500102058
22218,1151.8877500102058
22219,1151.8877500102058
22220,1151.8877500102058
22221,1151.8877500102058
22222,1151.8877500102058
22223,1151.8877500102058
22224,1151.8877500102058
22225,1151.8877500102058
22226,1151.8877500102058
22227,1151.8877500102058
22228,1151.8877500102058
22229,1151.8877500102058
22230,1151.8877500102058
22231,1151.8877500102058
22232,1151.8877500102058
22233,1151.8877500102058
22234,1151.8877500102058
22235,1151.8877500102058
22236,1151.8877500102058
22237,1151.8877500102058
22238,1151.8877500102058
22239,1151.8877500102058
22240,1151.8877500102058
22241,1151.8877500102058
22242,1151.8877500102058
22243,1151.8877500102058
22244,1151.8877500102058
22245,1151.8877500102058
22246,1151.8877500102058
22247,1151.8877500102058
22248,1151.8877500102058
22249,1151.8877500102058
22250,1151.8877500102058
22251,1151.8877500102058
22252,1151.8877500102058
22253,1151.8877500102058
22254,1151.8877500102058
22255,1151.8877500102058
22256,1151.8877500102058
22257,1151.8877500102058
22258,1151.8877500102058
22259,1151.8877500102058
22260,1151.8877500102058
22261,1151.8877500102058
22262,1151.8877500102058
22263,1151.8877500102058
22264,1151.8877500102058
22265,1151.8877500102058
22266,1151.8877500102058
22267,1151.8877500102058
22268,1151.8877500102058
22269,1151.8877500102058
22270,1151.8877500102058
22271,1151.8877500102058
22272,1151.8877500102058
22273,1151.8877500102058
22274,1151.8877500102058
22275,1151.8877500102058
22276,1151.8877500102058
22277,1151.8877500102058
22278,1151.8877500102058
22279,1151.8877500102058
22280,1151.8877500102058
22281,1151.8877500102058
22282,1151.8877500102058
22283,1151.8877500102058
22284,1151.8877500102058
22285,1151.8877500102058
22286,1151.8877500102058
22287,1151.8877500102058
22288,1151.8877500102058
22289,1151.8877500102058
22290,1151.8877500102058
22291,1151.8877500102058
22292,1151.8877500102058
22293,1151.8877500102058
22294,1151.8877500102058
22295,1151.8877500102058
22296,1151.8877500102058
22297,1151.8877500102058
22298,1151.8877500102058
22299,1151.8877500102058
22300,1151.8877500102058
22301,1151.8877500102058
22302,1151.8877500102058
22303,1151.8877500102058
22304,1151.8877500102058
22305,1151.8877500102058
22306,1151.8877500102058
22307,1151.8877500102058
22308,1151.8877500102058
22309,1151.8877500102058
22310,1151.8877500102058
22311,1151.8877500102058
22312,1151.8877500102058
22313,1151.8877500102058
22314,1151.8877500102058
22315,1151.8877500102058
22316,1151.8877500102058
22317,1151.8877500102058
22318,1151.8877500102058
22319,1151.8877500102058
22320,1151.8877500102058
22321,1151.8877500102058
22322,1151.8877500102058
22323,1151.8877500102058
22324,1151.8877500102058
22325,1151.8877500102058
22326,1151.8877500102058
22327,1151.8877500102058
22328,1151.8877500102058
22329,1151.8877500102058
22330,1151.8877500102058
22331,1151.8877500102058
22332,1151.8877500102058
22333,1151.8877500102058
22334,1151.8877500102058
22335,1151.8877500102058
22336,1151.8877500102058
22337,1151.8877500102058
22338,1151.8877500102058
22339,1151.8877500102058
22340,1151.8877500102058
22341,1151.8877500102058
22342,1151.8877500102058
22343,1151.8877500102058
22344,1151.8877500102058
22345,1151.8877500102058
22346,1151.8877500102058
22347,1151.8877500102058
22348,1151.8877500102058
22349,1151.8877500102058
22350,1151.8877500102058
22351,1151.8877500102058
22352,1151.8877500102058
22353,1151.8877500102058
22354,1151.8877500102058
22355,1151.8877500102058
22356,1151.8877500102058
22357,1151.8877500102058
22358,1151.8877500102058
22359,1151.8877500102058
22360,1151.8877500102058
22361,1151.8877500102058
22362,1151.8877500102058
22363,1151.8877500102058
22364,1151.8877500102058
22365,1151.8877500102058
22366,1151.8877500102058
22367,1151.8877500102058
22368,1151.8877500102058
22369,1151.8877500102058
22370,1151.8877500102058
22371,1151.8877500102058
22372,1151.8877500102058
22373,1151.8877500102058
22374,1151.8877500102058
22375,1151.8877500102058
22376,1151.8877500102058
22377,1151.8877500102058
22378,1151.8877500102058
22379,1151.8877500102058
22380,1151.8877500102058
22381,1151.8877500102058
22382,1151.8877500102058
22383,1151.8877500102058
22384,1151.8877500102058
22385,1151.8877500102058
22386,1151.8877500102058
22387,1151.8877500102058
22388,1151.8877500102058
22389,1151.8877500102058
22390,1151.8877500102058
22391,1151.8877500102058
22392,1151.8877500102058
22393,1151.8877500102058
22394,1151.8877500102058
22395,1151.8877500102058
22396,1151.8877500102058
22397,1151.8877500102058
22398,1151.8877500102058
22399,1151.8877500102058
22400,1151.8877500102058
22401,1151.8877500102058
22402,1151.8877500102058
22403,1151.8877500102058
22404,1151.8877500102058
22405,1151.8877500102058
22406,1151.8877500102058
22407,1151.8877500102058
22408,1151.8877500102058
22409,1151.8877500102058
22410,1151.8877500102058
22411,1151.8877500102058
22412,1151.8877500102058
22413,1151.8877500102058
22414,1151.8877500102058
22415,1151.8877500102058
22416,1151.8877500102058
22417,1151.8877500102058
22418,1151.8877500102058
22419,1151.8877500102058
22420,1151.8877500102058
22421,1151.8877500102058
22422,1151.8877500102058
22423,1151.8877500102058
22424,1151.8877500102058
22425,1151.8877500102058
22426,1151.8877500102058
22427,1151.8877500102058
22428,1151.8877500102058
22429,1151.8877500102058
22430,1151.8877500102058
22431,1151.8877500102058
22432,1151.8877500102058
22433,1151.8877500102058
22434,1151.8877500102058
22435,1151.8877500102058
22436,1151.8877500102058
22437,1151.8877500102058
22438,1151.8877500102058
22439,1151.8877500102058
22440,1151.8877500102058
22441,1151.8877500102058
22442,1151.8877500102058
22443,1151.8877500102058
22444,1151.8877500102058
22445,1151.8877500102058
22446,1151.8877500102058
22447,1151.8877500102058
22448,1151.8877500102058
22449,1151.8877500102058
22450,1151.8877500102058
22451,1151.8877500102058
22452,1151.8877500102058
22453,1151.8877500102058
22454,1151.8877500102058
22455,1151.8877500102058
22456,1151.8877500102058
22457,1151.8877500102058
22458,1151.8877500102058
22459,1151.8877500102058
22460,1151.8877500102058
22461,1151.8877500102058
22462,1151.8877500102058
22463,1151.8877500102058
22464,1151.8877500102058
22465,1151.8877500102058
22466,1151.8877500102058
22467,1151.8877500102058
22468,1151.8877500102058
22469,1151.8877500102058
22470,1151.8877500102058
22471,1151.8877500102058
22472,1151.8877500102058
22473,1151.8877500102058
22474,1151.8877500102058
22475,1151.8877500102058
22476,1151.8877500102058
22477,1151.8877500102058
22478,1151.8877500102058
22479,1151.8877500102058
22480,1151.8877500102058
22481,1151.8877500102058
22482,1151.8877500102058
22483,1151.8877500102058
22484,1151.8877500102058
22485,1151.8877500102058
22486,1151.8877500102058
22487,1151.8877500102058
22488,1151.8877500102058
22489,1151.8877500102058
22490,1151.8877500102058
22491,1151.8877500102058
22492,1151.8877500102058
22493,1151.8877500102058
22494,1151.8877500102058
22495,1151.8877500102058
22496,1151.8877500102058
22497,1151.8877500102058
22498,1151.8877500102058
22499,1151.8877500102058
22500,1151.8877500102058
22501,1151.8877500102058
22502,1151.8877500102058
22503,1151.8877500102058
22504,1151.8877500102058
22505,1151.8877500102058
22506,1151.8877500102058
22507,1151.8877500102058
22508,1151.8877500102058
22509,1151.8877500102058
22510,1151.8877500102058
22511,1151.8877500102058
22512,1151.8877500102058
22513,1151.8877500102058
22514,1151.8877500102058
22515,1151.8877500102058
22516,1151.8877500102058
22517,1151.8877500102058
22518,1151.8877500102058
22519,1151.8877500102058
22520,1151.8877500102058
22521,1151.8877500102058
22522,1151.8877500102058
22523,1151.8877500102058
22524,1151.8877500102058
22525,1151.8877500102058
22526,1151.8877500102058
22527,1151.8877500102058
22528,1151.8877500102058
22529,1151.8877500102058
22530,1151.8877500102058
22531,1151.8877500102058
22532,1151.8877500102058
22533,1151.8877500102058
22534,1151.8877500102058
22535,1151.8877500102058
22536,1151.8877500102058
22537,1151.8877500102058
22538,1151.8877500102058
22539,1151.8877500102058
22540,1151.8877500102058
22541,1151.8877500102058
22542,1151.8877500102058
22543,1151.8877500102058
22544,1151.8877500102058
22545,1151.8877500102058
22546,1151.8877500102058
22547,1151.8877500102058
22548,1151.8877500102058
22549,1151.8877500102058
22550,1151.8877500102058
22551,1151.8877500102058
22552,1151.8877500102058
22553,1151.8877500102058
22554,1151.8877500102058
22555,1151.8877500102058
22556,1151.8877500102058
22557,1151.8877500102058
22558,1151.8877500102058
22559,1151.8877500102058
22560,1151.8877500102058
22561,1151.8877500102058
22562,1151.8877500102058
22563,1151.8877500102058
22564,1151.8877500102058
22565,1151.8877500102058
22566,1151.8877500102058
22567,1151.8877500102058
22568,1151.8877500102058
22569,1151.8877500102058
22570,1151.8877500102058
22571,1151.8877500102058
22572,1151.8877500102058
22573,1151.8877500102058
22574,1151.8877500102058
22575,1151.8877500102058
22576,1151.8877500102058
22577,1151.8877500102058
22578,1151.8877500102058
22579,1151.8877500102058
22580,1151.8877500102058
22581,1151.8877500102058
22582,1151.8877500102058
22583,1151.8877500102058
22584,1150.142395808246
22585,1150.142395808246
22586,1150.142395808246
22587,1150.142395808246
22588,1150.142395808246
22589,1150.142395808246
22590,1150.142395808246
22591,1150.142395808246
22592,1150.142395808246
22593,1150.142395808246
22594,1150.142395808246
22595,1150.142395808246
22596,1150.142395808246
22597,1150.142395808246
22598,1150.142395808246
22599,1150.142395808246
22600,1150.142395808246
22601,1150.142395808246
22602,1150.142395808246
22603,1150.142395808246
22604,1150.142395808246
22605,1150.142395808246
22606,1150.142395808246
22607,1150.142395808246
22608,1150.142395808246
22609,1150.142395808246
22610,1150.142395808246
22611,1150.142395808246
22612,1150.142395808246
22613,1150.142395808246
22614,1150.142395808246
22615,1150.142395808246
22616,1150.142395808246
22617,1150.142395808246
22618,1150.142395808246
22619,1150.142395808246
22620,1150.142395808246
22621,1150.142395808246
22622,1150.142395808246
22623,1150.142395808246
22624,1150.142395808246
22625,1150.142395808246
22626,1150.142395808246
22627,1150.142395808246
22628,1150.142395808246
22629,1150.142395808246
22630,1150.142395808246
22631,1150.142395808246
22632,1150.142395808246
22633,1150.142395808246
22634,1150.142395808246
22635,1150.142395808246
22636,1150.142395808246
22637,1150.142395808246
22638,1150.142395808246
22639,1150.142395808246
22640,1150.142395808246
22641,1150.142395808246
22642,1150.142395808246
22643,1150.142395808246
22644,1150.142395808246
22645,1150.142395808246
22646,1150.142395808246
22647,1150.142395808246
22648,1150.142395808246
22649,1150.142395808246
22650,1150.142395808246
22651,1150.142395808246
22652,1150.142395808246
22653,1150.142395808246
22654,1150.142395808246
22655,1150.142395808246
22656,1150.142395808246
22657,1150.142395808246
22658,1150.142395808246
22659,1150.142395808246
22660,1150.142395808246
22661,1150.142395808246
22662,1150.142395808246
22663,1150.142395808246
22664,1150.142395808246
22665,1150.142395808246
22666,1150.142395808246
22667,1150.142395808246
22668,1150.142395808246
22669,1150.142395808246
22670,1150.142395808246
22671,1150.142395808246
22672,1150.142395808246
22673,1150.142395808246
22674,1150.142395808246
22675,1150.142395808246
22676,1150.142395808246
22677,1150.142395808246
22678,1150.142395808246
22679,1150.142395808246
22680,1150.142395808246
22681,1150.142395808246
22682,1150.142395808246
22683,1150.142395808246
22684,1150.142395808246
22685,1150.142395808246
22686,1150.142395808246
22687,1150.142395808246
22688,1150.142395808246
22689,1150.142395808246
22690,1150.142395808246
22691,1150.142395808246
22692,1150.142395808246
22693,1150.142395808246
22694,1150.142395808246
22695,1150.142395808246
22696,1150.142395808246
22697,1150.142395808246
22698,1150.142395808246
22699,1150.142395808246
22700,1150.142395808246
22701,1150.142395808246
22702,1150.142395808246
22703,1150.142395808246
22704,1150.142395808246
22705,1150.142395808246
22706,1150.142395808246
22707,1150.142395808246
22708,1150.142395808246
22709,1150.142395808246
22710,1150.142395808246
22711,1150.142395808246
22712,1150.142395808246
22713,1150.142395808246
22714,1150.142395808246
22715,1150.142395808246
22716,1150.142395808246
22717,1150.142395808246
22718,1150.142395808246
22719,1150.142395808246
22720,1150.142395808246
22721,1150.142395808246
22722,1150.142395808246
22723,1150.142395808246
22724,1150.142395808246
22725,1150.142395808246
22726,1150.142395808246
22727,1150.142395808246
22728,1150.142395808246
22729,1150.142395808246
22730,1150.142395808246
22731,1150.142395808246
22732,1150.142395808246
22733,1150.142395808246
22734,1150.142395808246
22735,1150.142395808246
22736,1149.7596313764311
22737,1149.7596313764311
22738,1149.7596313764311
22739,1149.7596313764311
22740,1149.7596313764311
22741,1149.7596313764311
22742,1149.7596313764311
22743,1149.7596313764311
22744,1149.7596313764311
22745,1149.7596313764311
22746,1149.7596313764311
22747,1149.7596313764311
22748,1149.7596313764311
22749,1149.7596313764311
22750,1149.7596313764311
22751,1149.7596313764311
22752,1149.7596313764311
22753,1149.7596313764311
22754,1149.7596313764311
22755,1149.7596313764311
22756,1149.7596313764311
22757,1149.7596313764311
22758,1149.7596313764311
22759,1149.7596313764311
22760,1149.7596313764311
22761,1149.7596313764311
22762,1149.7596313764311
22763,1149.7596313764311
22764,1149.7596313764311
22765,1149.7596313764311
22766,1149.7596313764311
22767,1149.7596313764311
22768,1149.7596313764311
22769,1149.7596313764311
22770,1149.7596313764311
22771,1149.7596313764311
22772,1149.7596313764311
22773,1149.7596313764311
22774,1149.7596313764311
22775,1149.7596313764311
22776,1149.7596313764311
22777,1149.7596313764311
22778,1149.7596313764311
22779,1149.7596313764311
22780,1149.7596313764311
22781,1149.7596313764311
22782,1149.7596313764311
22783,1149.7596313764311
22784,1149.7596313764311
22785,1149.7596313764311
22786,1149.7596313764311
22787,1149.7596313764311
22788,1149.7596313764311
22789,1149.7596313764311
22790,1149.7596313764311
22791,1149.7596313764311
22792,1149.7596313764311
22793,1149.7596313764311
22794,1149.7596313764311
22795,1149.7596313764311
22796,1149.7596313764311
22797,1149.7596313764311
22798,1149.7596313764311
22799,1149.7596313764311
22800,1149.7596313764311
22801,1149.7596313764311
22802,1149.7596313764311
22803,1149.7596313764311
22804,1149.7596313764311
22805,1149.7596313764311
22806,1149.7596313764311
22807,1149.7596313764311
22808,1149.7596313764311
22809,1149.7596313764311
22810,1149.7596313764311
22811,1149.7596313764311
22812,1149.7596313764311
22813,1149.7596313764311
22814,1149.7596313764311
22815,1149.7596313764311
22816,1149.7596313764311
22817,1149.7596313764311
22818,1149.7596313764311
22819,1149.7596313764311
22820,1149.7596313764311
22821,1149.7596313764311
22822,1149.7596313764311
22823,1149.7596313764311
22824,1149.7596313764311
22825,1149.7596313764311
22826,1149.7596313764311
22827,1149.7596313764311
22828,1149.7596313764311
22829,1149.7596313764311
22830,1149.7596313764311
22831,1149.7596313764311
22832,1149.7596313764311
22833,1149.7596313764311
22834,1149.7596313764311
22835,1149.7596313764311
22836,1149.7596313764311
22837,1149.7596313764311
22838,1149.7596313764311
22839,1149.7596313764311
22840,1149.7596313764311
22841,1149.7596313764311
22842,1149.7596313764311
22843,1149.7596313764311
22844,1149.7596313764311
22845,1149.7596313764311
22846,1149.7596313764311
22847,1149.7596313764311
22848,1149.7596313764311
22849,1149.7596313764311
22850,1149.7596313764311
22851,1149.7596313764311
22852,1149.7596313764311
22853,1149.7596313764311
22854,1149.7596313764311
22855,1149.7596313764311
22856,1149.7596313764311
22857,1149.7596313764311
22858,1149.7596313764311
22859,1149.7596313764311
22860,1149.7596313764311
22861,1149.7596313764311
22862,1149.7596313764311
22863,1149.7596313764311
22864,1149.7596313764311
22865,1149.7596313764311
22866,1149.7596313764311
22867,1149.7596313764311
22868,1149.7596313764311
22869,1149.7596313764311
22870,1149.7596313764311
22871,1149.7596313764311
22872,1149.7596313764311
22873,1149.7596313764311
22874,1149.7596313764311
22875,1149.7596313764311
22876,1149.7596313764311
22877,1149.7596313764311
22878,1149.7596313764311
22879,1149.7596313764311
22880,1149.7596313764311
22881,1149.7596313764311
22882,1149.7596313764311
22883,1149.7596313764311
22884,1149.7596313764311
22885,1149.7596313764311
22886,1149.7596313764311
22887,1149.7596313764311
22888,1149.7596313764311
22889,1149.7596313764311
22890,1149.7596313764311
22891,1149.7596313764311
22892,1149.7596313764311
22893,1149.7596313764311
22894,1149.7596313764311
22895,1149.7596313764311
22896,1149.7596313764311
22897,1149.7596313764311
22898,1149.7596313764311
22899,1149.7596313764311
22900,1149.7596313764311
22901,1149.7596313764311
22902,1149.7596313764311
22903,1149.7596313764311
22904,1149.7596313764311
22905,1149.7596313764311
22906,1149.7596313764311
22907,1149.7596313764311
22908,1149.7596313764311
22909,1149.7596313764311
22910,1149.7596313764311
22911,1149.7596313764311
22912,1149.7596313764311
22913,1149.7596313764311
22914,1149.7596313764311
22915,1149.7596313764311
22916,1149.7596313764311
22917,1149.7596313764311
22918,1149.7596313764311
22919,1149.7596313764311
22920,1149.7596313764311
22921,1149.7596313764311
22922,1149.7596313764311
22923,1149.7596313764311
22924,1149.7596313764311
22925,1149.7596313764311
22926,1149.7596313764311
22927,1149.7596313764311
22928,1149.7596313764311
22929,1149.7596313764311
22930,1149.7596313764311
22931,1149.7596313764311
22932,1149.7596313764311
22933,1149.7596313764311
22934,1149.7596313764311
22935,1149.7596313764311
22936,1149.7596313764311
22937,1149.7596313764311
22938,1149.7596313764311
22939,1149.7596313764311
22940,1149.7596313764311
22941,1149.7596313764311
22942,1149.7596313764311
22943,1149.7596313764311
22944,1149.7596313764311
22945,1149.7596313764311
22946,1149.7596313764311
22947,1149.7596313764311
22948,1149.7596313764311
22949,1149.7596313764311
22950,1149.7596313764311
22951,1149.7596313764311
22952,1149.7596313764311
22953,1149.7596313764311
22954,1149.7596313764311
22955,1149.7596313764311
22956,1149.7596313764311
22957,1149.7596313764311
22958,1149.7596313764311
22959,1149.7596313764311
22960,1149.7596313764311
22961,1149.7596313764311
22962,1149.7596313764311
22963,1149.7596313764311
22964,1149.7596313764311
22965,1149.7596313764311
22966,1149.7596313764311
22967,1149.7596313764311
22968,1149.7596313764311
22969,1149.7596313764311
22970,1149.7596313764311
22971,1149.7596313764311
22972,1149.7596313764311
22973,1149.7596313764311
22974,1149.7596313764311
22975,1149.7596313764311
22976,1149.7596313764311
22977,1149.7596313764311
22978,1149.7596313764311
22979,1149.7596313764311
22980,1149.7596313764311
22981,1149.7596313764311
22982,1149.7596313764311
22983,1149.7596313764311
22984,1149.7596313764311
22985,1149.7596313764311
22986,1149.7596313764311
22987,1149.7596313764311
22988,1149.7596313764311
22989,1149.7596313764311
22990,1149.7596313764311
22991,1149.7596313764311
22992,1149.7596313764311
22993,1149.7596313764311
22994,1149.7596313764311
22995,1149.7596313764311
22996,1149.7596313764311
22997,1149.7596313764311
22998,1149.7596313764311
22999,1149.7596313764311
23000,1149.7596313764311
23001,1149.7596313764311
23002,1149.7596313764311
23003,1149.7596313764311
23004,1149.7596313764311
23005,1149.7596313764311
23006,1149.7596313764311
23007,1149.7596313764311
23008,1149.7596313764311
23009,1149.7596313764311
23010,1149.7596313764311
23011,1149.7596313764311
23012,1149.7596313764311
23013,1149.7596313764311
23014,1149.7596313764311
23015,1149.7596313764311
23016,1149.7596313764311
23017,1149.7596313764311
23018,1149.7596313764311
23019,1149.7596313764311
23020,1149.7596313764311
23021,1149.7596313764311
23022,1149.7596313764311
23023,1149.7596313764311
23024,1149.7596313764311
23025,1149.7596313764311
23026,1149.7596313764311
23027,1149.7596313764311
23028,1149.7596313764311
23029,1149.7596313764311
23030,1149.7596313764311
23031,1149.7596313764311
23032,1149.7596313764311
23033,1149.7596313764311
23034,1149.7596313764311
23035,1149.7596313764311
23036,1149.7596313764311
23037,1149.7596313764311
23038,1149.7596313764311
23039,1149.7596313764311
23040,1149.7596313764311
23041,1149.7596313764311
23042,1149.7596313764311
23043,1149.7596313764311
23044,1149.7596313764311
23045,1149.7596313764311
23046,1149.7596313764311
23047,1149.7596313764311
23048,1149.7596313764311
23049,1149.7596313764311
23050,1149.7596313764311
23051,1149.7596313764311
23052,1149.7596313764311
23053,1149.7596313764311
23054,1149.7596313764311
23055,1149.7596313764311
23056,1149.7596313764311
23057,1149.7596313764311
23058,1149.7596313764311
23059,1149.7596313764311
23060,1149.7596313764311
23061,1149.7596313764311
23062,1149.7596313764311
23063,1149.7596313764311
23064,1149.7596313764311
23065,1149.7596313764311
23066,1149.7596313764311
23067,1149.7596313764311
23068,1149.7596313764311
23069,1149.7596313764311
23070,1149.7596313764311
23071,1149.7596313764311
23072,1149.7596313764311
23073,1149.7596313764311
23074,1149.7596313764311
23075,1149.7596313764311
23076,1149.7596313764311
23077,1149.7596313764311
23078,1149.7596313764311
23079,1149.7596313764311
23080,1149.7596313764311
23081,1149.7596313764311
23082,1149.7596313764311
23083,1149.7596313764311
23084,1149.7596313764311
23085,1149.7596313764311
23086,1149.7596313764311
23087,1149.7596313764311
23088,1149.7596313764311
23089,1149.7596313764311
23090,1149.7596313764311
23091,1149.7596313764311
23092,1144.3428102637922
23093,1144.3428102637922
23094,1144.3428102637922
23095,1144.3428102637922
23096,1144.3428102637922
23097,1144.3428102637922
23098,1144.3428102637922
23099,1144.3428102637922
23100,1144.3428102637922
23101,1144.3428102637922
23102,1144.3428102637922
23103,1144.3428102637922
23104,1144.3428102637922
23105,1144.3428102637922
23106,1144.3428102637922
23107,1144.3428102637922
23108,1144.3428102637922
23109,1144.3428102637922
23110,1144.3428102637922
23111,1144.3428102637922
23112,1144.3428102637922
23113,1144.3428102637922
23114,1144.3428102637922
23115,1144.3428102637922
23116,1144.3428102637922
23117,1144.3428102637922
23118,1144.3428102637922
23119,1144.3428102637922
23120,1144.3428102637922
23121,1144.3428102637922
23122,1144.3428102637922
23123,1144.3428102637922
23124,1144.3428102637922
23125,1144.3428102637922
23126,1144.3428102637922
23127,1144.3428102637922
23128,1144.3428102637922
23129,1144.3428102637922
23130,1144.3428102637922
23131,1144.3428102637922
23132,1144.3428102637922
23133,1144.3428102637922
23134,1144.3428102637922
23135,1144.3428102637922
23136,1144.3428102637922
23137,1144.3428102637922
23138,1144.3428102637922
23139,1144.3428102637922
23140,1144.3428102637922
23141,1144.3428102637922
23142,1144.3428102637922
23143,1144.3428102637922
23144,1144.3428102637922
23145,1144.3428102637922
23146,1144.3428102637922
23147,1144.3428102637922
23148,1144.3428102637922
23149,1144.3428102637922
23150,1144.3428102637922
23151,1144.3428102637922
23152,1144.3428102637922
23153,1144.3428102637922
23154,1144.3428102637922
23155,1144.3428102637922
23156,1144.3428102637922
23157,1144.3428102637922
23158,1144.3428102637922
23159,1144.3428102637922
23160,1144.3428102637922
23161,1144.3428102637922
23162,1144.3428102637922
23163,1144.3428102637922
23164,1144.3428102637922
23165,1144.3428102637922
23166,1144.3428102637922
23167,1144.3428102637922
23168,1144.3428102637922
23169,1144.3428102637922
23170,1144.3428102637922
23171,1144.3428102637922
23172,1144.3428102637922
23173,1144.3428102637922
23174,1144.3428102637922
23175,1144.3428102637922
23176,1144.3428102637922
23177,1144.3428102637922
23178,1144.3428102637922
23179,1144.3428102637922
23180,1144.3428102637922
23181,1144.3428102637922
23182,1144.3428102637922
23183,1144.3428102637922
23184,1144.3428102637922
23185,1144.3428102637922
23186,1144.3428102637922
23187,1144.3428102637922
23188,1144.3428102637922
23189,1144.3428102637922
23190,1144.3428102637922
23191,1144.3428102637922
23192,1144.3428102637922
23193,1144.3428102637922
23194,1144.3428102637922
23195,1144.3428102637922
23196,1144.3428102637922
23197,1144.3428102637922
23198,1144.3428102637922
23199,1144.3428102637922
23200,1144.3428102637922
23201,1144.3428102637922
23202,1144.3428102637922
23203,1144.3428102637922
23204,1144.3428102637922
23205,1144.3428102637922
23206,1144.3428102637922
23207,1144.3428102637922
23208,1144.3428102637922
23209,1144.3428102637922
23210,1144.3428102637922
23211,1144.3428102637922
23212,1144.3428102637922
23213,1144.3428102637922
23214,1144.3428102637922
23215,1144.3428102637922
23216,1144.3428102637922
23217,1144.3428102637922
23218,1144.3428102637922
23219,1144.3428102637922
23220,1144.3428102637922
23221,1144.3428102637922
23222,1144.3428102637922
23223,1144.3428102637922
23224,1144.3428102637922
23225,1144.3428102637922
23226,1144.3428102637922
23227,1144.3428102637922
23228,1144.3428102637922
23229,1144.3428102637922
23230,1144.3428102637922
23231,1144.3428102637922
23232,1144.3428102637922
23233,1144.3428102637922
23234,1144.3428102637922
23235,1144.3428102637922
23236,1144.3428102637922
23237,1144.3428102637922
23238,1144.3428102637922
23239,1144.3428102637922
23240,1144.3428102637922
23241,1144.3428102637922
23242,1144.3428102637922
23243,1144.3428102637922
23244,1144.3428102637922
23245,1144.3428102637922
23246,1144.3428102637922
23247,1144.3428102637922
23248,1144.3428102637922
23249,1144.3428102637922
23250,1144.3428102637922
23251,1144.3428102637922
23252,1144.3428102637922
23253,1144.3428102637922
23254,1144.3428102637922
23255,1144.3428102637922
23256,1144.3428102637922
23257,1144.3428102637922
23258,1144.3428102637922
23259,1144.3428102637922
23260,1144.3428102637922
23261,1144.3428102637922
23262,1144.3428102637922
23263,1144.3428102637922
23264,1144.3428102637922
23265,1144.3428102637922
23266,1144.3428102637922
23267,1144.3428102637922
23268,1144.3428102637922
23269,1144.3428102637922
23270,1144.3428102637922
23271,1144.3428102637922
23272,1144.3428102637922
23273,1144.3428102637922
23274,1144.3428102637922
23275,1144.3428102637922
23276,1144.3428102637922
23277,1144.3428102637922
23278,1144.3428102637922
23279,1144.3428102637922
23280,1144.3428102637922
23281,1144.3428102637922
23282,1144.3428102637922
23283,1144.3428102637922
23284,1144.3428102637922
23285,1144.3428102637922
23286,1144.3428102637922
23287,1144.3428102637922
23288,1144.3428102637922
23289,1144.3428102637922
23290,1144.3428102637922
23291,1144.3428102637922
23292,1144.3428102637922
23293,1144.3428102637922
23294,1144.3428102637922
23295,1144.3428102637922
23296,1144.3428102637922
23297,1144.3428102637922
23298,1144.3428102637922
23299,1144.3428102637922
23300,1144.3428102637922
23301,1144.3428102637922
23302,1144.3428102637922
23303,1144.3428102637922
23304,1144.3428102637922
23305,1144.3428102637922
23306,1144.3428102637922
23307,1144.3428102637922
23308,1144.3428102637922
23309,1144.3428102637922
23310,1144.3428102637922
23311,1144.3428102637922
23312,1144.3428102637922
23313,1144.3428102637922
23314,1144.3428102637922
23315,1144.3428102637922
23316,1144.3428102637922
23317,1144.3428102637922
23318,1144.3428102637922
23319,1144.3428102637922
23320,1144.3428102637922
23321,1144.3428102637922
23322,1144.3428102637922
23323,1144.3428102637922
23324,1144.3428102637922
23325,1144.3428102637922
23326,1144.3428102637922
23327,1144.3428102637922
23328,1144.3428102637922
23329,1144.3428102637922
23330,1144.3428102637922
23331,1144.3428102637922
23332,1144.3428102637922
23333,1144.3428102637922
23334,1144.3428102637922
23335,1144.3428102637922
23336,1144.3428102637922
23337,1144.3428102637922
23338,1144.3428102637922
23339,1144.3428102637922
23340,1144.3428102637922
23341,1144.3428102637922
23342,1144.3428102637922
23343,1144.3428102637922
23344,1144.3428102637922
23345,1144.3428102637922
23346,1144.3428102637922
23347,1144.3428102637922
23348,1144.3428102637922
23349,1144.3428102637922
23350,1144.3428102637922
23351,1144.3428102637922
23352,1144.3428102637922
23353,1144.3428102637922
23354,1144.3428102637922
23355,1144.3428102637922
23356,1144.3428102637922
23357,1144.3428102637922
23358,1144.3428102637922
23359,1144.3428102637922
23360,1144.3428102637922
23361,1144.3428102637922
23362,1144.3428102637922
23363,1144.3428102637922
23364,1144.3428102637922
23365,1144.3428102637922
23366,1144.3428102637922
23367,1144.3428102637922
23368,1144.3428102637922
23369,1144.3428102637922
23370,1144.3428102637922
23371,1144.3428102637922
23372,1144.3428102637922
23373,1144.3428102637922
23374,1140.458910349732
23375,1140.458910349732
23376,1140.458910349732
23377,1140.458910349732
23378,1140.458910349732
23379,1140.458910349732
23380,1140.458910349732
23381,1140.458910349732
23382,1140.458910349732
23383,1140.458910349732
23384,1140.458910349732
23385,1140.458910349732
23386,1140.458910349732
23387,1140.458910349732
23388,1140.458910349732
23389,1140.458910349732
23390,1140.458910349732
23391,1140.458910349732
23392,1140.458910349732
23393,1140.458910349732
23394,1140.458910349732
23395,1140.458910349732
23396,1140.458910349732
23397,1140.458910349732
23398,1140.458910349732
23399,1140.458910349732
23400,1140.458910349732
23401,1140.458910349732
23402,1140.458910349732
23403,1140.458910349732
23404,1140.458910349732
23405,1140.458910349732
23406,1140.458910349732
23407,1140.458910349732
23408,1140.458910349732
23409,1140.458910349732
23410,1140.458910349732
23411,1140.458910349732
23412,1140.458910349732
23413,1140.458910349732
23414,1140.458910349732
23415,1140.458910349732
23416,1140.458910349732
23417,1140.458910349732
23418,1140.458910349732
23419,1140.458910349732
23420,1140.458910349732
23421,1140.458910349732
23422,1140.458910349732
23423,1140.458910349732
23424,1140.458910349732
23425,1140.458910349732
23426,1140.458910349732
23427,1140.458910349732
23428,1140.458910349732
23429,1140.458910349732
23430,1140.458910349732
23431,1140.458910349732
23432,1140.458910349732
23433,1140.458910349732
23434,1140.458910349732
23435,1140.458910349732
23436,1140.458910349732
23437,1140.458910349732
23438,1140.458910349732
23439,1140.458910349732
23440,1140.458910349732
23441,1140.458910349732
23442,1140.458910349732
23443,1140.458910349732
23444,1140.458910349732
23445,1140.458910349732
23446,1140.458910349732
23447,1140.458910349732
23448,1140.458910349732
23449,1140.458910349732
23450,1140.458910349732
23451,1140.458910349732
23452,1140.458910349732
23453,1140.458910349732
23454,1140.458910349732
23455,1140.458910349732
23456,1140.458910349732
23457,1140.458910349732
23458,1140.458910349732
23459,1140.458910349732
23460,1140.458910349732
23461,1140.458910349732
23462,1140.458910349732
23463,1140.458910349732
23464,1140.458910349732
23465,1140.458910349732
23466,1140.458910349732
23467,1140.458910349732
23468,1140.458910349732
23469,1140.458910349732
23470,1140.458910349732
23471,1140.458910349732
23472,1140.458910349732
23473,1140.458910349732
23474,1140.458910349732
23475,1140.458910349732
23476,1140.458910349732
23477,1140.458910349732
23478,1140.458910349732
23479,1140.458910349732
23480,1140.458910349732
23481,1140.458910349732
23482,1140.458910349732
23483,1140.458910349732
23484,1140.458910349732
23485,1140.458910349732
23486,1140.458910349732
23487,1140.458910349732
23488,1140.458910349732
23489,1140.458910349732
23490,1140.458910349732
23491,1140.458910349732
23492,1140.458910349732
23493,1140.458910349732
23494,1140.458910349732
23495,1140.458910349732
23496,1140.458910349732
23497,1140.458910349732
23498,1140.458910349732
23499,1140.458910349732
23500,1140.458910349732
23501,1140.458910349732
23502,1140.458910349732
23503,1140.458910349732
23504,1140.458910349732
23505,1140.458910349732
23506,1140.458910349732
23507,1140.458910349732
23508,1140.458910349732
23509,1140.458910349732
23510,1140.458910349732
23511,1140.458910349732
23512,1140.458910349732
23513,1140.458910349732
23514,1140.458910349732
23515,1140.458910349732
23516,1140.458910349732
23517,1140.458910349732
23518,1140.458910349732
23519,1140.458910349732
23520,1140.458910349732
23521,1140.458910349732
23522,1140.458910349732
23523,1140.458910349732
23524,1140.458910349732
23525,1140.458910349732
23526,1140.458910349732
23527,1140.458910349732
23528,1140.458910349732
23529,1140.458910349732
23530,1140.458910349732
23531,1140.458910349732
23532,1140.458910349732
23533,1140.458910349732
23534,1140.458910349732
23535,1140.458910349732
23536,1140.458910349732
23537,1140.458910349732
23538,1140.458910349732
23539,1140.458910349732
23540,1140.458910349732
23541,1140.458910349732
23542,1140.458910349732
23543,1140.458910349732
23544,1140.458910349732
23545,1140.458910349732
23546,1140.458910349732
23547,1140.458910349732
23548,1140.458910349732
23549,1140.458910349732
23550,1140.458910349732
23551,1140.458910349732
23552,1140.458910349732
23553,1140.458910349732
23554,1140.458910349732
23555,1140.458910349732
23556,1140.458910349732
23557,1140.458910349732
23558,1140.458910349732
23559,1140.458910349732
23560,1140.458910349732
23561,1140.458910349732
23562,1140.458910349732
23563,1140.458910349732
23564,1140.458910349732
23565,1140.458910349732
23566,1140.458910349732
23567,1140.458910349732
23568,1140.458910349732
23569,1140.458910349732
23570,1140.458910349732
23571,1140.458910349732
23572,1140.458910349732
23573,1140.458910349732
23574,1140.458910349732
23575,1140.458910349732
23576,1140.458910349732
23577,1140.458910349732
23578,1140.458910349732
23579,1140.458910349732
23580,1140.458910349732
23581,1140.458910349732
23582,1140.458910349732
23583,1140.458910349732
23584,1140.458910349732
23585,1140.458910349732
23586,1140.458910349732
23587,1140.458910349732
23588,1140.458910349732
23589,1140.458910349732
23590,1140.458910349732
23591,1140.458910349732
23592,1140.458910349732
23593,1140.458910349732
23594,1140.458910349732
23595,1140.458910349732
23596,1140.458910349732
23597,1140.458910349732
23598,1140.458910349732
23599,1140.458910349732
23600,1140.458910349732
23601,1140.458910349732
23602,1140.458910349732
23603,1140.458910349732
23604,1140.458910349732
23605,1140.458910349732
23606,1140.458910349732
23607,1140.458910349732
23608,1140.458910349732
23609,1140.458910349732
23610,1140.458910349732
23611,1140.458910349732
23612,1140.458910349732
23613,1140.458910349732
23614,1140.458910349732
23615,1140.458910349732
23616,1140.458910349732
23617,1140.458910349732
23618,1140.458910349732
23619,1140.458910349732
23620,1140.458910349732
23621,1140.458910349732
23622,1140.458910349732
23623,1140.458910349732
23624,1140.458910349732
23625,1140.458910349732
23626,1140.458910349732
23627,1140.458910349732
23628,1140.458910349732
23629,1140.458910349732
23630,1140.458910349732
23631,1140.458910349732
23632,1140.458910349732
23633,1140.458910349732
23634,1140.458910349732
23635,1140.458910349732
23636,1140.458910349732
23637,1140.458910349732
23638,1140.458910349732
23639,1140.458910349732
23640,1140.458910349732
23641,1140.458910349732
23642,1140.458910349732
23643,1140.458910349732
23644,1140.458910349732
23645,1140.458910349732
23646,1140.458910349732
23647,1140.458910349732
23648,1140.458910349732
23649,1140.458910349732
23650,1140.458910349732
23651,1140.458910349732
23652,1140.458910349732
23653,1140.458910349732
23654,1140.458910349732
23655,1140.458910349732
23656,1140.458910349732
23657,1140.458910349732
23658,1140.458910349732
23659,1140.458910349732
23660,1140.458910349732
23661,1140.458910349732
23662,1140.458910349732
23663,1140.458910349732
23664,1140.458910349732
23665,1140.458910349732
23666,1140.458910349732
23667,1140.458910349732
23668,1140.458910349732
23669,1140.458910349732
23670,1140.458910349732
23671,1140.458910349732
23672,1140.458910349732
23673,1140.458910349732
23674,1140.458910349732
23675,1140.458910349732
23676,1140.458910349732
23677,1140.458910349732
23678,1140.458910349732
23679,1140.458910349732
23680,1140.458910349732
23681,1140.458910349732
23682,1140.458910349732
23683,1140.458910349732
23684,1140.458910349732
23685,1140.458910349732
23686,1140.458910349732
23687,1140.458910349732
23688,1140.458910349732
23689,1140.458910349732
23690,1140.458910349732
23691,1140.458910349732
23692,1140.458910349732
23693,1140.458910349732
23694,1140.458910349732
23695,1140.458910349732
23696,1140.458910349732
23697,1140.458910349732
23698,1140.458910349732
23699,1140.458910349732
23700,1140.458910349732
23701,1140.458910349732
23702,1140.458910349732
23703,1140.458910349732
23704,1140.458910349732
23705,1140.458910349732
23706,1140.458910349732
23707,1140.458910349732
23708,1140.458910349732
23709,1140.458910349732
23710,1140.458910349732
23711,1140.458910349732
23712,1140.458910349732
23713,1140.458910349732
23714,1140.458910349732
23715,1140.458910349732
23716,1140.458910349732
23717,1140.458910349732
23718,1140.458910349732
23719,1140.458910349732
23720,1140.458910349732
23721,1140.458910349732
23722,1140.458910349732
23723,1140.458910349732
23724,1140.458910349732
23725,1140.458910349732
23726,1140.458910349732
23727,1140.458910349732
23728,1140.458910349732
23729,1140.458910349732
23730,1140.458910349732
23731,1140.458910349732
23732,1140.458910349732
23733,1140.458910349732
23734,1140.458910349732
23735,1140.458910349732
23736,1140.458910349732
23737,1140.458910349732
23738,1140.458910349732
23739,1140.458910349732
23740,1140.458910349732
23741,1140.458910349732
23742,1140.458910349732
23743,1140.458910349732
23744,1140.458910349732
23745,1140.458910349732
23746,1140.458910349732
23747,1140.458910349732
23748,1140.458910349732
23749,1140.458910349732
23750,1140.458910349732
23751,1140.458910349732
23752,1140.458910349732
23753,1140.458910349732
23754,1140.458910349732
23755,1140.458910349732
23756,1140.458910349732
23757,1140.458910349732
23758,1140.458910349732
23759,1140.458910349732
23760,1140.458910349732
23761,1140.458910349732
23762,1140.458910349732
23763,1140.458910349732
23764,1140.458910349732
23765,1140.458910349732
23766,1140.458910349732
23767,1140.458910349732
23768,1140.458910349732
23769,1140.458910349732
23770,1140.458910349732
23771,1140.458910349732
23772,1140.458910349732
23773,1140.458910349732
23774,1140.458910349732
23775,1140.458910349732
23776,1140.458910349732
23777,1140.458910349732
23778,1140.458910349732
23779,1140.458910349732
23780,1140.458910349732
23781,1140.458910349732
23782,1140.458910349732
23783,1140.458910349732
23784,1140.458910349732
23785,1140.458910349732
23786,1140.458910349732
23787,1140.458910349732
23788,1140.458910349732
23789,1140.458910349732
23790,1140.458910349732
23791,1140.458910349732
23792,1140.458910349732
23793,1140.458910349732
23794,1140.458910349732
23795,1140.458910349732
23796,1140.458910349732
23797,1140.458910349732
23798,1140.458910349732
23799,1140.458910349732
23800,1140.458910349732
23801,1140.458910349732
23802,1140.458910349732
23803,1140.458910349732
23804,1140.458910349732
23805,1140.458910349732
23806,1140.458910349732
23807,1140.458910349732
23808,1140.458910349732
23809,1140.458910349732
23810,1140.458910349732
23811,1140.458910349732
23812,1140.458910349732
23813,1140.458910349732
23814,1140.458910349732
23815,1140.458910349732
23816,1140.458910349732
23817,1140.458910349732
23818,1140.458910349732
23819,1140.458910349732
23820,1140.458910349732
23821,1140.458910349732
23822,1140.458910349732
23823,1140.458910349732
23824,1140.458910349732
23825,1140.458910349732
23826,1140.458910349732
23827,1140.458910349732
23828,1140.458910349732
23829,1140.458910349732
23830,1140.458910349732
23831,1140.458910349732
23832,1140.458910349732
23833,1140.458910349732
23834,1140.458910349732
23835,1140.458910349732
23836,1140.458910349732
23837,1140.458910349732
23838,1140.458910349732
23839,1140.458910349732
23840,1140.458910349732
23841,1140.458910349732
23842,1140.458910349732
23843,1140.458910349732
23844,1140.458910349732
23845,1140.458910349732
23846,1140.458910349732
23847,1140.458910349732
23848,1140.458910349732
23849,1140.458910349732
23850,1140.458910349732
23851,1140.458910349732
23852,1140.458910349732
23853,1140.458910349732
23854,1140.458910349732
23855,1140.458910349732
23856,1140.458910349732
23857,1140.458910349732
23858,1140.458910349732
23859,1140.458910349732
23860,1140.458910349732
23861,1140.458910349732
23862,1140.458910349732
23863,1140.458910349732
23864,1140.458910349732
23865,1140.458910349732
23866,1140.458910349732
23867,1140.458910349732
23868,1140.458910349732
23869,1140.458910349732
23870,1140.458910349732
23871,1140.458910349732
23872,1140.458910349732
23873,1140.458910349732
23874,1140.458910349732
23875,1140.458910349732
23876,1140.458910349732
23877,1140.458910349732
23878,1140.458910349732
23879,1140.458910349732
23880,1140.458910349732
23881,1140.458910349732
23882,1140.458910349732
23883,1140.458910349732
23884,1140.458910349732
23885,1140.458910349732
23886,1140.458910349732
23887,1140.458910349732
23888,1140.458910349732
23889,1140.458910349732
23890,1140.458910349732
23891,1140.458910349732
23892,1140.458910349732
23893,1140.458910349732
23894,1140.458910349732
23895,1140.458910349732
23896,1140.458910349732
23897,1140.458910349732
23898,1140.458910349732
23899,1140.458910349732
23900,1140.458910349732
23901,1140.458910349732
23902,1140.458910349732
23903,1140.458910349732
23904,1140.458910349732
23905,1140.458910349732
23906,1140.458910349732
23907,1140.458910349732
23908,1140.458910349732
23909,1140.458910349732
23910,1140.458910349732
23911,1140.458910349732
23912,1140.458910349732
23913,1140.458910349732
23914,1140.458910349732
23915,1140.458910349732
23916,1140.458910349732
23917,1140.458910349732
23918,1140.458910349732
23919,1140.458910349732
23920,1140.458910349732
23921,1140.458910349732
23922,1140.458910349732
23923,1140.458910349732
23924,1140.458910349732
23925,1140.458910349732
23926,1140.458910349732
23927,1140.458910349732
23928,1140.458910349732
23929,1140.458910349732
23930,1140.458910349732
23931,1140.458910349732
23932,1140.458910349732
23933,1140.458910349732
23934,1140.458910349732
23935,1140.458910349732
23936,1140.458910349732
23937,1140.458910349732
23938,1140.458910349732
23939,1140.458910349732
23940,1140.458910349732
23941,1140.458910349732
23942,1140.458910349732
23943,1140.458910349732
23944,1140.458910349732
23945,1140.458910349732
23946,1140.458910349732
23947,1140.458910349732
23948,1140.458910349732
23949,1140.458910349732
23950,1140.458910349732
23951,1140.458910349732
23952,1140.458910349732
23953,1140.458910349732
23954,1140.458910349732
23955,1140.458910349732
23956,1140.458910349732
23957,1140.458910349732
23958,1140.458910349732
23959,1140.458910349732
23960,1140.458910349732
23961,1140.458910349732
23962,1140.458910349732
23963,1140.458910349732
23964,1140.458910349732
23965,1140.458910349732
23966,1140.458910349732
23967,1140.458910349732
23968,1140.458910349732
23969,1140.458910349732
23970,1140.458910349732
23971,1140.458910349732
23972,1140.458910349732
23973,1140.458910349732
23974,1140.458910349732
23975,1140.458910349732
23976,1140.458910349732
23977,1140.458910349732
23978,1140.458910349732
23979,1140.458910349732
23980,1140.458910349732
23981,1140.458910349732
23982,1140.458910349732
23983,1140.458910349732
23984,1140.458910349732
23985,1140.458910349732
23986,1140.458910349732
23987,1140.458910349732
23988,1140.458910349732
23989,1140.458910349732
23990,1140.458910349732
23991,1140.458910349732
23992,1140.458910349732
23993,1140.458910349732
23994,1140.458910349732
23995,1140.458910349732
23996,1140.458910349732
23997,1140.458910349732
23998,1140.458910349732
23999,1140.458910349732
24000,1140.458910349732
24001,1140.458910349732
24002,1140.458910349732
24003,1140.458910349732
24004,1140.458910349732
24005,1140.458910349732
24006,1140.458910349732
24007,1140.458910349732
24008,1140.458910349732
24009,1140.458910349732
24010,1140.458910349732
24011,1140.458910349732
24012,1140.458910349732
24013,1140.458910349732
24014,1140.458910349732
24015,1140.458910349732
24016,1140.458910349732
24017,1140.458910349732
24018,1140.458910349732
24019,1140.458910349732
24020,1140.458910349732
24021,1140.458910349732
24022,1140.458910349732
24023,1140.458910349732
24024,1140.458910349732
24025,1140.458910349732
24026,1140.458910349732
24027,1140.458910349732
24028,1140.458910349732
24029,1140.458910349732
24030,1140.458910349732
24031,1140.458910349732
24032,1140.458910349732
24033,1140.458910349732
24034,1140.458910349732
24035,1140.458910349732
24036,1140.458910349732
24037,1140.458910349732
24038,1140.458910349732
24039,1140.458910349732
24040,1140.458910349732
24041,1140.458910349732
24042,1140.458910349732
24043,1140.458910349732
24044,1140.458910349732
24045,1140.458910349732
24046,1140.458910349732
24047,1140.458910349732
24048,1140.458910349732
24049,1140.458910349732
24050,1140.458910349732
24051,1140.458910349732
24052,1140.458910349732
24053,1140.458910349732
24054,1140.458910349732
24055,1140.458910349732
24056,1140.458910349732
24057,1140.458910349732
24058,1140.458910349732
24059,1140.458910349732
24060,1140.458910349732
24061,1140.458910349732
24062,1140.458910349732
24063,1140.458910349732
24064,1140.458910349732
24065,1140.458910349732
24066,1140.458910349732
24067,1140.458910349732
24068,1140.458910349732
24069,1140.458910349732
24070,1140.458910349732
24071,1140.458910349732
24072,1140.458910349732
24073,1140.458910349732
24074,1140.458910349732
24075,1140.458910349732
24076,1140.458910349732
24077,1140.458910349732
24078,1140.458910349732
24079,1140.458910349732
24080,1140.458910349732
24081,1140.458910349732
24082,1140.458910349732
24083,1140.458910349732
24084,1140.458910349732
24085,1140.458910349732
24086,1140.458910349732
24087,1140.458910349732
24088,1140.458910349732
24089,1140.458910349732
24090,1140.458910349732
24091,1140.458910349732
24092,1140.458910349732
24093,1140.458910349732
24094,1140.458910349732
24095,1140.458910349732
24096,1140.458910349732
24097,1140.458910349732
24098,1140.458910349732
24099,1140.458910349732
24100,1140.458910349732
24101,1140.458910349732
24102,1140.458910349732
24103,1140.458910349732
24104,1140.458910349732
24105,1136.158519203628
24106,1136.158519203628
24107,1136.158519203628
24108,1136.158519203628
24109,1136.158519203628
24110,1136.158519203628
24111,1136.158519203628
24112,1136.158519203628
24113,1136.158519203628
24114,1136.158519203628
24115,1136.158519203628
24116,1136.158519203628
24117,1136.158519203628
24118,1136.158519203628
24119,1136.158519203628
24120,1136.158519203628
24121,1136.158519203628
24122,1136.158519203628
24123,1136.158519203628
24124,1136.158519203628
24125,1136.158519203628
24126,1136.158519203628
24127,1136.158519203628
24128,1136.158519203628
24129,1136.158519203628
24130,1136.158519203628
24131,1136.158519203628
24132,1136.158519203628
24133,1136.158519203628
24134,1136.158519203628
24135,1136.158519203628
24136,1136.158519203628
24137,1136.158519203628
24138,1136.158519203628
24139,1136.158519203628
24140,1136.158519203628
24141,1136.158519203628
24142,1136.158519203628
24143,1136.158519203628
24144,1136.158519203628
24145,1136.158519203628
24146,1136.158519203628
24147,1136.158519203628
24148,1136.158519203628
24149,1136.158519203628
24150,1136.158519203628
24151,1136.158519203628
24152,1136.158519203628
24153,1136.158519203628
24154,1136.158519203628
24155,1136.158519203628
24156,1136.158519203628
24157,1136.158519203628
24158,1136.158519203628
24159,1136.158519203628
24160,1136.158519203628
24161,1136.158519203628
24162,1136.158519203628
24163,1136.158519203628
24164,1136.158519203628
24165,1136.158519203628
24166,1136.158519203628
24167,1136.158519203628
24168,1136.158519203628
24169,1136.158519203628
24170,1136.158519203628
24171,1136.158519203628
24172,1136.158519203628
24173,1136.158519203628
24174,1136.158519203628
24175,1136.158519203628
24176,1136.158519203628
24177,1136.158519203628
24178,1136.158519203628
24179,1136.158519203628
24180,1136.158519203628
24181,1135.074637134294
24182,1135.074637134294
24183,1135.074637134294
24184,1135.074637134294
24185,1135.074637134294
24186,1135.074637134294
24187,1135.074637134294
24188,1135.074637134294
24189,1135.074637134294
24190,1135.074637134294
24191,1135.074637134294
24192,1135.074637134294
24193,1135.074637134294
24194,1135.074637134294
24195,1135.074637134294
24196,1135.074637134294
24197,1135.074637134294
24198,1135.074637134294
24199,1135.074637134294
24200,1135.074637134294
24201,1129.2983695962093
24202,1129.2983695962093
24203,1129.2983695962093
24204,1129.2983695962093
24205,1129.2983695962093
24206,1129.2983695962093
24207,1129.2983695962093
24208,1129.2983695962093
24209,1129.2983695962093
24210,1129.2983695962093
24211,1129.2983695962093
24212,1129.2983695962093
24213,1129.2983695962093
24214,1129.2983695962093
24215,1129.2983695962093
24216,1129.2983695962093
24217,1129.2983695962093
24218,1129.2983695962093
24219,1129.2983695962093
24220,1129.2983695962093
24221,1129.2983695962093
24222,1129.2983695962093
24223,1129.2983695962093
24224,1129.2983695962093
24225,1129.2983695962093
24226,1129.2983695962093
24227,1129.2983695962093
24228,1129.2983695962093
24229,1129.2983695962093
24230,1129.2983695962093
24231,1129.2983695962093
24232,1129.2983695962093
24233,1129.2983695962093
24234,1129.2983695962093
24235,1129.2983695962093
24236,1129.2983695962093
24237,1129.2983695962093
24238,1129.2983695962093
24239,1129.2983695962093
24240,1129.2983695962093
24241,1129.2983695962093
24242,1129.2983695962093
24243,1129.2983695962093
24244,1129.2983695962093
24245,1129.2983695962093
24246,1129.2983695962093
24247,1129.2983695962093
24248,1129.2983695962093
24249,1129.2983695962093
24250,1129.2983695962093
24251,1129.2983695962093
24252,1129.2983695962093
24253,1129.2983695962093
24254,1129.2983695962093
24255,1129.2983695962093
24256,1129.2983695962093
24257,1129.2983695962093
24258,1129.2983695962093
24259,1129.2983695962093
24260,1129.2983695962093
24261,1129.2983695962093
24262,1129.2983695962093
24263,1129.2983695962093
24264,1129.2983695962093
24265,1129.2983695962093
24266,1129.2983695962093
24267,1129.2983695962093
24268,1129.2983695962093
24269,1129.2983695962093
24270,1129.2983695962093
24271,1129.2983695962093
24272,1129.2983695962093
24273,1129.2983695962093
24274,1129.2983695962093
24275,1129.2983695962093
24276,1129.2983695962093
24277,1129.2983695962093
24278,1129.2983695962093
24279,1129.2983695962093
24280,1129.2983695962093
24281,1129.2983695962093
24282,1129.2983695962093
24283,1129.2983695962093
24284,1129.2983695962093
24285,1129.2983695962093
24286,1129.2983695962093
24287,1129.2983695962093
24288,1129.2983695962093
24289,1129.2983695962093
24290,1129.2983695962093
24291,1129.2983695962093
24292,1129.2983695962093
24293,1129.2983695962093
24294,1129.2983695962093
24295,1129.2983695962093
24296,1129.2983695962093
24297,1129.2983695962093
24298,1129.2983695962093
24299,1129.2983695962093
24300,1129.2983695962093
24301,1129.2983695962093
24302,1129.2983695962093
24303,1129.2983695962093
24304,1129.2983695962093
24305,1129.2983695962093
24306,1129.2983695962093
24307,1129.2983695962093
24308,1129.2983695962093
24309,1129.2983695962093
24310,1129.2983695962093
24311,1129.2983695962093
24312,1129.2983695962093
24313,1129.2983695962093
24314,1129.2983695962093
24315,1129.2983695962093
24316,1129.2983695962093
24317,1129.2983695962093
24318,1129.2983695962093
24319,1129.2983695962093
24320,1129.2983695962093
24321,1129.2983695962093
24322,1129.2983695962093
24323,1129.2983695962093
24324,1129.2983695962093
24325,1129.2983695962093
24326,1129.2983695962093
24327,1129.2983695962093
24328,1129.2983695962093
24329,1129.2983695962093
24330,1129.2983695962093
24331,1129.2983695962093
24332,1129.2983695962093
24333,1129.2983695962093
24334,1129.2983695962093
24335,1129.2983695962093
24336,1129.2983695962093
24337,1129.2983695962093
24338,1129.2983695962093
24339,1129.2983695962093
24340,1129.2983695962093
24341,1129.2983695962093
24342,1129.2983695962093
24343,1129.2983695962093
24344,1129.2983695962093
24345,1129.2983695962093
24346,1129.2983695962093
24347,1129.2983695962093
24348,1129.2983695962093
24349,1129.2983695962093
24350,1129.2983695962093
24351,1129.2983695962093
24352,1129.2983695962093
24353,1129.2983695962093
24354,1129.2983695962093
24355,1129.2983695962093
24356,1129.2983695962093
24357,1129.2983695962093
24358,1129.2983695962093
24359,1129.1888938666534
24360,1129.1888938666534
24361,1129.1888938666534
24362,1129.1888938666534
24363,1129.1888938666534
24364,1129.1888938666534
24365,1129.1888938666534
24366,1129.1888938666534
24367,1129.1888938666534
24368,1129.1888938666534
24369,1129.1888938666534
24370,1129.1888938666534
24371,1129.1888938666534
24372,1129.1888938666534
24373,1129.1888938666534
24374,1129.1888938666534
24375,1129.1888938666534
24376,1129.1888938666534
24377,1129.1888938666534
24378,1129.1888938666534
24379,1129.1888938666534
24380,1129.1888938666534
24381,1129.1888938666534
24382,1129.1888938666534
24383,1129.1888938666534
24384,1129.1888938666534
24385,1129.1888938666534
24386,1129.1888938666534
24387,1129.1888938666534
24388,1129.1888938666534
24389,1129.1888938666534
24390,1129.1888938666534
24391,1129.1888938666534
24392,1129.1888938666534
24393,1129.1888938666534
24394,1129.1888938666534
24395,1129.1888938666534
24396,1129.1888938666534
24397,1129.1888938666534
24398,1129.1888938666534
24399,1129.1888938666534
24400,1129.1888938666534
24401,1129.1888938666534
24402,1129.1888938666534
24403,1129.1888938666534
24404,1129.1888938666534
24405,1129.1888938666534
24406,1129.1888938666534
24407,1129.1888938666534
24408,1129.1888938666534
24409,1129.1888938666534
24410,1129.1888938666534
24411,1129.1888938666534
24412,1129.1888938666534
24413,1129.1888938666534
24414,1129.1888938666534
24415,1129.1888938666534
24416,1129.1888938666534
24417,1129.1888938666534
24418,1129.1888938666534
24419,1129.1888938666534
24420,1129.1888938666534
24421,1129.1888938666534
24422,1129.1888938666534
24423,1129.1888938666534
24424,1129.1888938666534
24425,1129.1888938666534
24426,1129.1888938666534
24427,1129.1888938666534
24428,1129.1888938666534
24429,1129.1888938666534
24430,1129.1888938666534
24431,1129.1888938666534
24432,1129.1888938666534
24433,1129.1888938666534
24434,1129.1888938666534
24435,1129.1888938666534
24436,1129.1888938666534
24437,1129.1888938666534
24438,1129.1888938666534
24439,1129.1888938666534
24440,1129.1888938666534
24441,1129.1888938666534
24442,1129.1888938666534
24443,1129.1888938666534
24444,1129.1888938666534
24445,1129.1888938666534
24446,1129.1888938666534
24447,1129.1888938666534
24448,1129.1888938666534
24449,1129.1888938666534
24450,1129.1888938666534
24451,1129.1888938666534
24452,1129.1888938666534
24453,1129.1888938666534
24454,1129.1888938666534
24455,1129.1888938666534
24456,1129.1888938666534
24457,1129.1888938666534
24458,1129.1888938666534
24459,1129.1888938666534
24460,1129.1888938666534
24461,1129.1888938666534
24462,1129.1888938666534
24463,1129.1888938666534
24464,1129.1888938666534
24465,1129.1888938666534
24466,1129.1888938666534
24467,1129.1888938666534
24468,1129.1888938666534
24469,1129.1888938666534
24470,1129.1888938666534
24471,1129.1888938666534
24472,1129.1888938666534
24473,1129.1888938666534
24474,1129.1888938666534
24475,1129.1888938666534
24476,1129.1888938666534
24477,1129.1888938666534
24478,1129.1888938666534
24479,1129.1888938666534
24480,1129.1888938666534
24481,1129.1888938666534
24482,1129.1888938666534
24483,1129.1888938666534
24484,1129.1888938666534
24485,1129.1888938666534
24486,1129.1888938666534
24487,1129.1888938666534
24488,1129.1888938666534
24489,1129.1888938666534
24490,1129.1888938666534
24491,1129.1888938666534
24492,1129.1888938666534
24493,1129.1888938666534
24494,1129.1888938666534
24495,1129.1888938666534
24496,1129.1888938666534
24497,1129.1888938666534
24498,1129.1888938666534
24499,1129.1888938666534
24500,1129.1888938666534
24501,1129.1888938666534
24502,1129.1888938666534
24503,1129.1888938666534
24504,1129.1888938666534
24505,1129.1888938666534
24506,1129.1888938666534
24507,1129.1888938666534
24508,1129.1888938666534
24509,1129.1888938666534
24510,1129.1888938666534
24511,1129.1888938666534
24512,1129.1888938666534
24513,1129.1888938666534
24514,1129.1888938666534
24515,1129.1888938666534
24516,1129.1888938666534
24517,1129.1888938666534
24518,1129.1888938666534
24519,1129.1888938666534
24520,1129.1888938666534
24521,1129.1888938666534
24522,1129.1888938666534
24523,1129.1888938666534
24524,1129.1888938666534
24525,1129.1888938666534
24526,1129.1888938666534
24527,1129.1888938666534
24528,1129.1888938666534
24529,1129.1888938666534
24530,1129.1888938666534
24531,1129.1888938666534
24532,1129.1888938666534
24533,1129.1888938666534
24534,1129.1888938666534
24535,1129.1888938666534
24536,1129.1888938666534
24537,1129.1888938666534
24538,1129.1888938666534
24539,1129.1888938666534
24540,1129.1888938666534
24541,1129.1888938666534
24542,1129.1888938666534
24543,1129.1888938666534
24544,1129.1888938666534
24545,1129.1888938666534
24546,1129.1888938666534
24547,1129.1888938666534
24548,1129.1888938666534
24549,1129.1888938666534
24550,1129.1888938666534
24551,1129.1888938666534
24552,1129.1888938666534
24553,1129.1888938666534
24554,1129.1888938666534
24555,1129.1888938666534
24556,1129.1888938666534
24557,1129.1888938666534
24558,1129.1888938666534
24559,1129.1888938666534
24560,1129.1888938666534
24561,1129.1888938666534
24562,1129.1888938666534
24563,1129.1888938666534
24564,1129.1888938666534
24565,1129.1888938666534
24566,1129.1888938666534
24567,1129.1888938666534
24568,1129.1888938666534
24569,1129.1888938666534
24570,1129.1888938666534
24571,1129.1888938666534
24572,1129.1888938666534
24573,1129.1888938666534
24574,1129.1888938666534
24575,1129.1888938666534
24576,1129.1888938666534
24577,1129.1888938666534
24578,1129.1888938666534
24579,1129.1888938666534
24580,1129.1888938666534
24581,1129.1888938666534
24582,1129.1888938666534
24583,1129.1888938666534
24584,1129.1888938666534
24585,1129.1888938666534
24586,1129.1888938666534
24587,1129.1888938666534
24588,1129.1888938666534
24589,1129.1888938666534
24590,1129.1888938666534
24591,1129.1888938666534
24592,1129.1888938666534
24593,1129.1888938666534
24594,1129.1888938666534
24595,1129.1888938666534
24596,1129.1888938666534
24597,1129.1888938666534
24598,1129.1888938666534
24599,1129.1888938666534
24600,1129.1888938666534
24601,1129.1888938666534
24602,1129.1888938666534
24603,1129.1888938666534
24604,1129.1888938666534
24605,1129.1888938666534
24606,1129.1888938666534
24607,1129.1888938666534
24608,1129.1888938666534
24609,1129.1888938666534
24610,1129.1888938666534
24611,1129.1888938666534
24612,1129.1888938666534
24613,1129.1888938666534
24614,1129.1888938666534
24615,1129.1888938666534
24616,1129.1888938666534
24617,1129.1888938666534
24618,1129.1888938666534
24619,1129.1888938666534
24620,1129.1888938666534
24621,1129.1888938666534
24622,1129.1888938666534
24623,1129.1888938666534
24624,1129.1888938666534
24625,1129.1888938666534
24626,1129.1888938666534
24627,1129.1888938666534
24628,1129.1888938666534
24629,1129.1888938666534
24630,1129.1888938666534
24631,1129.1888938666534
24632,1129.1888938666534
24633,1129.1888938666534
24634,1129.1888938666534
24635,1129.1888938666534
24636,1129.1888938666534
24637,1129.1888938666534
24638,1129.1888938666534
24639,1129.1888938666534
24640,1129.1888938666534
24641,1129.1888938666534
24642,1129.1888938666534
24643,1129.1888938666534
24644,1129.1888938666534
24645,1129.1888938666534
24646,1129.1888938666534
24647,1129.1888938666534
24648,1129.1888938666534
24649,1129.1888938666534
24650,1129.1888938666534
24651,1129.1888938666534
24652,1129.1888938666534
24653,1129.1888938666534
24654,1129.1888938666534
24655,1129.1888938666534
24656,1129.1888938666534
24657,1129.1888938666534
24658,1129.1888938666534
24659,1129.1888938666534
24660,1129.1888938666534
24661,1129.1888938666534
24662,1129.1888938666534
24663,1129.1888938666534
24664,1129.1888938666534
24665,1129.1888938666534
24666,1129.1888938666534
24667,1129.1888938666534
24668,1129.1888938666534
24669,1129.1888938666534
24670,1129.1888938666534
24671,1129.1888938666534
24672,1129.1888938666534
24673,1129.1888938666534
24674,1129.1888938666534
24675,1129.1888938666534
24676,1129.1888938666534
24677,1129.1888938666534
24678,1129.1888938666534
24679,1129.1888938666534
24680,1129.1888938666534
24681,1129.1888938666534
24682,1129.1888938666534
24683,1129.1888938666534
24684,1129.1888938666534
24685,1129.1888938666534
24686,1129.1888938666534
24687,1129.1888938666534
24688,1129.1888938666534
24689,1129.1888938666534
24690,1129.1888938666534
24691,1129.1888938666534
24692,1129.1888938666534
24693,1129.1888938666534
24694,1129.1888938666534
24695,1129.1888938666534
24696,1129.1888938666534
24697,1129.1888938666534
24698,1129.1888938666534
24699,1129.1888938666534
24700,1129.1888938666534
24701,1129.1888938666534
24702,1129.1888938666534
24703,1129.1888938666534
24704,1129.1888938666534
24705,1129.1888938666534
24706,1129.1888938666534
24707,1129.1888938666534
24708,1129.1888938666534
24709,1129.1888938666534
24710,1129.1888938666534
24711,1129.1888938666534
24712,1129.1888938666534
24713,1129.1888938666534
24714,1129.1888938666534
24715,1129.1888938666534
24716,1129.1888938666534
24717,1129.1888938666534
24718,1129.1888938666534
24719,1129.1888938666534
24720,1129.1888938666534
24721,1129.1888938666534
24722,1129.1888938666534
24723,1129.1888938666534
24724,1129.1888938666534
24725,1129.1888938666534
24726,1129.1888938666534
24727,1129.1888938666534
24728,1129.1888938666534
24729,1129.1888938666534
24730,1129.1888938666534
24731,1129.1888938666534
24732,1129.1888938666534
24733,1129.1888938666534
24734,1129.1888938666534
24735,1129.1888938666534
24736,1129.1888938666534
24737,1129.1888938666534
24738,1129.1888938666534
24739,1129.1888938666534
24740,1129.1888938666534
24741,1129.1888938666534
24742,1129.1888938666534
24743,1129.1888938666534
24744,1129.1888938666534
24745,1129.1888938666534
24746,1129.1888938666534
24747,1129.1888938666534
24748,1129.1888938666534
24749,1129.1888938666534
24750,1129.1888938666534
24751,1129.1888938666534
24752,1129.1888938666534
24753,1129.1888938666534
24754,1129.1888938666534
24755,1129.1888938666534
24756,1129.1888938666534
24757,1129.1888938666534
24758,1129.1888938666534
24759,1129.1888938666534
24760,1129.1888938666534
24761,1129.1888938666534
24762,1129.1888938666534
24763,1129.1888938666534
24764,1129.1888938666534
24765,1129.1888938666534
24766,1129.1888938666534
24767,1129.1888938666534
24768,1129.1888938666534
24769,1129.1888938666534
24770,1129.1888938666534
24771,1129.1888938666534
24772,1129.1888938666534
24773,1129.1888938666534
24774,1129.1888938666534
24775,1129.1888938666534
24776,1129.1888938666534
24777,1129.1888938666534
24778,1129.1888938666534
24779,1129.1888938666534
24780,1129.1888938666534
24781,1129.1888938666534
24782,1129.1888938666534
24783,1129.1888938666534
24784,1129.1888938666534
24785,1129.1888938666534
24786,1129.1888938666534
24787,1129.1888938666534
24788,1129.1888938666534
24789,1129.1888938666534
24790,1129.1888938666534
24791,1129.1888938666534
24792,1129.1888938666534
24793,1129.1888938666534
24794,1129.1888938666534
24795,1129.1888938666534
24796,1129.1888938666534
24797,1129.1888938666534
24798,1129.1888938666534
24799,1129.1888938666534
24800,1129.1888938666534
24801,1129.1888938666534
24802,1129.1888938666534
24803,1129.1888938666534
24804,1129.1888938666534
24805,1129.1888938666534
24806,1129.1888938666534
24807,1129.1888938666534
24808,1129.1888938666534
24809,1129.1888938666534
24810,1129.1888938666534
24811,1129.1888938666534
24812,1129.1888938666534
24813,1129.1888938666534
24814,1129.1888938666534
24815,1129.1888938666534
24816,1129.1888938666534
24817,1129.1888938666534
24818,1129.1888938666534
24819,1129.1888938666534
24820,1129.1888938666534
24821,1129.1888938666534
24822,1129.1888938666534
24823,1129.1888938666534
24824,1129.1888938666534
24825,1129.1888938666534
24826,1129.1888938666534
24827,1129.1888938666534
24828,1129.1888938666534
24829,1129.1888938666534
24830,1129.1888938666534
24831,1129.1888938666534
24832,1129.1888938666534
24833,1129.1888938666534
24834,1129.1888938666534
24835,1129.1888938666534
24836,1129.1888938666534
24837,1129.1888938666534
24838,1129.1888938666534
24839,1129.1888938666534
24840,1129.1888938666534
24841,1129.1888938666534
24842,1129.1888938666534
24843,1129.1888938666534
24844,1129.1888938666534
24845,1129.1888938666534
24846,1129.1888938666534
24847,1129.1888938666534
24848,1129.1888938666534
24849,1129.1888938666534
24850,1129.1888938666534
24851,1129.1888938666534
24852,1129.1888938666534
24853,1129.1888938666534
24854,1129.1888938666534
24855,1129.1888938666534
24856,1129.1888938666534
24857,1129.1888938666534
24858,1129.1888938666534
24859,1129.1888938666534
24860,1129.1888938666534
24861,1129.1888938666534
24862,1129.1888938666534
24863,1129.1888938666534
24864,1129.1888938666534
24865,1129.1888938666534
24866,1129.1888938666534
24867,1129.1888938666534
24868,1129.1888938666534
24869,1129.1888938666534
24870,1129.1888938666534
24871,1129.1888938666534
24872,1129.1888938666534
24873,1129.1888938666534
24874,1129.1888938666534
24875,1129.1888938666534
24876,1129.1888938666534
24877,1129.1888938666534
24878,1129.1888938666534
24879,1129.1888938666534
24880,1129.1888938666534
24881,1129.1888938666534
24882,1129.1888938666534
24883,1129.1888938666534
24884,1129.1888938666534
24885,1129.1888938666534
24886,1129.1888938666534
24887,1129.1888938666534
24888,1129.1888938666534
24889,1129.1888938666534
24890,1129.1888938666534
24891,1129.1888938666534
24892,1129.1888938666534
24893,1129.1888938666534
24894,1129.1888938666534
24895,1129.1888938666534
24896,1129.1888938666534
24897,1129.1888938666534
24898,1129.1888938666534
24899,1129.1888938666534
24900,1129.1888938666534
24901,1129.1888938666534
24902,1129.1888938666534
24903,1129.1888938666534
24904,1129.1888938666534
24905,1129.1888938666534
24906,1129.1888938666534
24907,1129.1888938666534
24908,1129.1888938666534
24909,1129.1888938666534
24910,1129.1888938666534
24911,1129.1888938666534
24912,1129.1888938666534
24913,1129.1888938666534
24914,1129.1888938666534
24915,1129.1888938666534
24916,1129.1888938666534
24917,1129.1888938666534
24918,1129.1888938666534
24919,1129.1888938666534
24920,1129.1888938666534
24921,1129.1888938666534
24922,1129.1888938666534
24923,1129.1888938666534
24924,1129.1888938666534
24925,1129.1888938666534
24926,1129.1888938666534
24927,1129.1888938666534
24928,1129.1888938666534
24929,1129.1888938666534
24930,1129.1888938666534
24931,1129.1888938666534
24932,1129.1888938666534
24933,1129.1888938666534
24934,1129.1888938666534
24935,1129.1888938666534
24936,1129.1888938666534
24937,1129.1888938666534
24938,1129.1888938666534
24939,1129.1888938666534
24940,1129.1888938666534
24941,1129.1888938666534
24942,1129.1888938666534
24943,1129.1888938666534
24944,1129.1888938666534
24945,1129.1888938666534
24946,1129.1888938666534
24947,1129.1888938666534
24948,1129.1888938666534
24949,1129.1888938666534
24950,1129.1888938666534
24951,1129.1888938666534
24952,1129.1888938666534
24953,1129.1888938666534
24954,1129.1888938666534
24955,1129.1888938666534
24956,1129.1888938666534
24957,1129.1888938666534
24958,1129.1888938666534
24959,1129.1888938666534
24960,1129.1888938666534
24961,1129.1888938666534
24962,1129.1888938666534
24963,1129.1888938666534
24964,1129.1888938666534
24965,1129.1888938666534
24966,1129.1888938666534
24967,1129.1888938666534
24968,1129.1888938666534
24969,1129.1888938666534
24970,1129.1888938666534
24971,1129.1888938666534
24972,1129.1888938666534
24973,1129.1888938666534
24974,1129.1888938666534
24975,1129.1888938666534
24976,1129.1888938666534
24977,1129.1888938666534
24978,1129.1888938666534
24979,1129.1888938666534
24980,1129.1888938666534
24981,1129.1888938666534
24982,1129.1888938666534
24983,1129.1888938666534
24984,1129.1888938666534
24985,1129.1888938666534
24986,1129.1888938666534
24987,1129.1888938666534
24988,1129.1888938666534
24989,1129.1888938666534
24990,1129.1888938666534
24991,1129.1888938666534
24992,1129.1888938666534
24993,1129.1888938666534
24994,1129.1888938666534
24995,1129.1888938666534
24996,1129.1888938666534
24997,1129.1888938666534
24998,1129.1888938666534
24999,1129.1888938666534
25000,1129.1888938666534
25001,1129.1888938666534
25002,1129.1888938666534
25003,1129.1888938666534
25004,1129.1888938666534
25005,1129.1888938666534
25006,1129.1888938666534
25007,1129.1888938666534
25008,1129.1888938666534
25009,1129.1888938666534
25010,1129.1888938666534
25011,1129.1888938666534
25012,1129.1888938666534
25013,1129.1888938666534
25014,1129.1888938666534
25015,1129.1888938666534
25016,1129.1888938666534
25017,1129.1888938666534
25018,1129.1888938666534
25019,1129.1888938666534
25020,1129.1888938666534
25021,1129.1888938666534
25022,1129.1888938666534
25023,1129.1888938666534
25024,1129.1888938666534
25025,1129.1888938666534
25026,1129.1888938666534
25027,1129.1888938666534
25028,1129.1888938666534
25029,1129.1888938666534
25030,1129.1888938666534
25031,1129.1888938666534
25032,1129.1888938666534
25033,1129.1888938666534
25034,1129.1888938666534
25035,1129.1888938666534
25036,1129.1888938666534
25037,1129.1888938666534
25038,1129.1888938666534
25039,1129.1888938666534
25040,1129.1888938666534
25041,1129.1888938666534
25042,1129.1888938666534
25043,1129.1888938666534
25044,1129.1888938666534
25045,1129.1888938666534
25046,1129.1888938666534
25047,1129.1888938666534
25048,1129.1888938666534
25049,1129.1888938666534
25050,1129.1888938666534
25051,1129.1888938666534
25052,1129.1888938666534
25053,1129.1888938666534
25054,1129.1888938666534
25055,1129.1888938666534
25056,1129.1888938666534
25057,1129.1888938666534
25058,1129.1888938666534
25059,1129.1888938666534
25060,1129.1888938666534
25061,1129.1888938666534
25062,1129.1888938666534
25063,1129.1888938666534
25064,1129.1888938666534
25065,1129.1888938666534
25066,1129.1888938666534
25067,1129.1888938666534
25068,1129.1888938666534
25069,1129.1888938666534
25070,1129.1888938666534
25071,1129.1888938666534
25072,1129.1888938666534
25073,1129.1888938666534
25074,1129.1888938666534
25075,1129.1888938666534
25076,1129.1888938666534
25077,1129.1888938666534
25078,1129.1888938666534
25079,1129.1888938666534
25080,1129.1888938666534
25081,1129.1888938666534
25082,1129.1888938666534
25083,1129.1888938666534
25084,1129.1888938666534
25085,1129.1888938666534
25086,1129.1888938666534
25087,1129.1888938666534
25088,1129.1888938666534
25089,1129.1888938666534
25090,1129.1888938666534
25091,1129.1888938666534
25092,1129.1888938666534
25093,1129.1888938666534
25094,1129.1888938666534
25095,1129.1888938666534
25096,1129.1888938666534
25097,1129.1888938666534
25098,1129.1888938666534
25099,1129.1888938666534
25100,1129.1888938666534
25101,1129.1888938666534
25102,1129.1888938666534
25103,1129.1888938666534
25104,1129.1888938666534
25105,1129.1888938666534
25106,1129.1888938666534
25107,1129.1888938666534
25108,1129.1888938666534
25109,1129.1888938666534
25110,1129.1888938666534
25111,1129.1888938666534
25112,1129.1888938666534
25113,1129.1888938666534
25114,1129.1888938666534
25115,1129.1888938666534
25116,1129.1888938666534
25117,1129.1888938666534
25118,1129.1888938666534
25119,1129.1888938666534
25120,1129.1888938666534
25121,1129.1888938666534
25122,1129.1888938666534
25123,1129.1888938666534
25124,1129.1888938666534
25125,1129.1888938666534
25126,1129.1888938666534
25127,1129.1888938666534
25128,1129.1888938666534
25129,1129.1888938666534
25130,1129.1888938666534
25131,1129.1888938666534
25132,1129.1888938666534
25133,1129.1888938666534
25134,1129.1888938666534
25135,1129.1888938666534
25136,1129.1888938666534
25137,1129.1888938666534
25138,1129.1888938666534
25139,1129.1888938666534
25140,1129.1888938666534
25141,1129.1888938666534
25142,1129.1888938666534
25143,1129.1888938666534
25144,1129.1888938666534
25145,1129.1888938666534
25146,1129.1888938666534
25147,1129.1888938666534
25148,1129.1888938666534
25149,1129.1888938666534
25150,1129.1888938666534
25151,1129.1888938666534
25152,1129.1888938666534
25153,1129.1888938666534
25154,1129.1888938666534
25155,1129.1888938666534
25156,1129.1888938666534
25157,1129.1888938666534
25158,1129.1888938666534
25159,1129.1888938666534
25160,1129.1888938666534
25161,1129.1888938666534
25162,1129.1888938666534
25163,1129.1888938666534
25164,1129.1888938666534
25165,1129.1888938666534
25166,1129.1888938666534
25167,1129.1888938666534
25168,1129.1888938666534
25169,1129.1888938666534
25170,1129.1888938666534
25171,1129.1888938666534
25172,1129.1888938666534
25173,1129.1888938666534
25174,1129.1888938666534
25175,1129.1888938666534
25176,1129.1888938666534
25177,1129.1888938666534
25178,1129.1888938666534
25179,1129.1888938666534
25180,1129.1888938666534
25181,1129.1888938666534
25182,1129.1888938666534
25183,1129.1888938666534
25184,1129.1888938666534
25185,1129.1888938666534
25186,1129.1888938666534
25187,1129.1888938666534
25188,1129.1888938666534
25189,1129.1888938666534
25190,1129.1888938666534
25191,1129.1888938666534
25192,1129.1888938666534
25193,1129.1888938666534
25194,1129.1888938666534
25195,1129.1888938666534
25196,1129.1888938666534
25197,1129.1888938666534
25198,1129.1888938666534
25199,1129.1888938666534
25200,1129.1888938666534
25201,1129.1888938666534
25202,1129.1888938666534
25203,1129.1888938666534
25204,1129.1888938666534
25205,1129.1888938666534
25206,1129.1888938666534
25207,1129.1888938666534
25208,1129.1888938666534
25209,1129.1888938666534
25210,1129.1888938666534
25211,1129.1888938666534
25212,1129.1888938666534
25213,1129.1888938666534
25214,1129.1888938666534
25215,1129.1888938666534
25216,1129.1888938666534
25217,1129.1888938666534
25218,1129.1888938666534
25219,1129.1888938666534
25220,1129.1888938666534
25221,1129.1888938666534
25222,1129.1888938666534
25223,1129.1888938666534
25224,1129.1888938666534
25225,1129.1888938666534
25226,1129.1888938666534
25227,1129.1888938666534
25228,1129.1888938666534
25229,1129.1888938666534
25230,1129.1888938666534
25231,1129.1888938666534
25232,1129.1888938666534
25233,1129.1888938666534
25234,1129.1888938666534
25235,1129.1888938666534
25236,1129.1888938666534
25237,1129.1888938666534
25238,1129.1888938666534
25239,1129.1888938666534
25240,1129.1888938666534
25241,1129.1888938666534
25242,1129.1888938666534
25243,1129.1888938666534
25244,1129.1888938666534
25245,1129.1888938666534
25246,1129.1888938666534
25247,1129.1888938666534
25248,1129.1888938666534
25249,1129.1888938666534
25250,1129.1888938666534
25251,1129.1888938666534
25252,1129.1888938666534
25253,1129.1888938666534
25254,1129.1888938666534
25255,1129.1888938666534
25256,1129.1888938666534
25257,1129.1888938666534
25258,1129.1888938666534
25259,1129.1888938666534
25260,1129.1888938666534
25261,1129.1888938666534
25262,1129.1888938666534
25263,1129.1888938666534
25264,1129.1888938666534
25265,1129.1888938666534
25266,1129.1888938666534
25267,1129.1888938666534
25268,1129.1888938666534
25269,1129.1888938666534
25270,1129.1888938666534
25271,1129.1888938666534
25272,1129.1888938666534
25273,1129.1888938666534
25274,1129.1888938666534
25275,1129.1888938666534
25276,1129.1888938666534
25277,1129.1888938666534
25278,1129.1888938666534
25279,1129.1888938666534
25280,1129.1888938666534
25281,1129.1888938666534
25282,1129.1888938666534
25283,1129.1888938666534
25284,1129.1888938666534
25285,1129.1888938666534
25286,1129.1888938666534
25287,1129.1888938666534
25288,1129.1888938666534
25289,1129.1888938666534
25290,1129.1888938666534
25291,1129.1888938666534
25292,1129.1888938666534
25293,1129.1888938666534
25294,1129.1888938666534
25295,1129.1888938666534
25296,1129.1888938666534
25297,1129.1888938666534
25298,1129.1888938666534
25299,1129.1888938666534
25300,1129.1888938666534
25301,1129.1888938666534
25302,1129.1888938666534
25303,1129.1888938666534
25304,1129.1888938666534
25305,1129.1888938666534
25306,1129.1888938666534
25307,1129.1888938666534
25308,1129.1888938666534
25309,1129.1888938666534
25310,1129.1888938666534
25311,1129.1888938666534
25312,1129.1888938666534
25313,1129.1888938666534
25314,1129.1888938666534
25315,1129.1888938666534
25316,1129.1888938666534
25317,1129.1888938666534
25318,1129.1888938666534
25319,1129.1888938666534
25320,1129.1888938666534
25321,1129.1888938666534
25322,1129.1888938666534
25323,1129.1888938666534
25324,1129.1888938666534
25325,1129.1888938666534
25326,1129.1888938666534
25327,1129.1888938666534
25328,1129.1888938666534
25329,1129.1888938666534
25330,1129.1888938666534
25331,1129.1888938666534
25332,1129.1888938666534
25333,1129.1888938666534
25334,1129.1888938666534
25335,1129.1888938666534
25336,1129.1888938666534
25337,1129.1888938666534
25338,1129.1888938666534
25339,1129.1888938666534
25340,1129.1888938666534
25341,1129.1888938666534
25342,1129.1888938666534
25343,1129.1888938666534
25344,1129.1888938666534
25345,1129.1888938666534
25346,1129.1888938666534
25347,1129.1888938666534
25348,1129.1888938666534
25349,1129.1888938666534
25350,1129.1888938666534
25351,1129.1888938666534
25352,1129.1888938666534
25353,1129.1888938666534
25354,1129.1888938666534
25355,1129.1888938666534
25356,1129.1888938666534
25357,1129.1888938666534
25358,1129.1888938666534
25359,1129.1888938666534
25360,1129.1888938666534
25361,1129.1888938666534
25362,1129.1888938666534
25363,1129.1888938666534
25364,1129.1888938666534
25365,1129.1888938666534
25366,1129.1888938666534
25367,1129.1888938666534
25368,1129.1888938666534
25369,1129.1888938666534
25370,1129.1888938666534
25371,1129.1888938666534
25372,1129.1888938666534
25373,1129.1888938666534
25374,1129.1888938666534
25375,1129.1888938666534
25376,1129.1888938666534
25377,1129.1888938666534
25378,1129.1888938666534
25379,1129.1888938666534
25380,1129.1888938666534
25381,1129.1888938666534
25382,1129.1888938666534
25383,1129.1888938666534
25384,1129.1888938666534
25385,1129.1888938666534
25386,1129.1888938666534
25387,1129.1888938666534
25388,1129.1888938666534
25389,1129.1888938666534
25390,1129.1888938666534
25391,1129.1888938666534
25392,1129.1888938666534
25393,1129.1888938666534
25394,1129.1888938666534
25395,1129.1888938666534
25396,1129.1888938666534
25397,1129.1888938666534
25398,1129.1888938666534
25399,1129.1888938666534
25400,1129.1888938666534
25401,1129.1888938666534
25402,1129.1888938666534
25403,1129.1888938666534
25404,1129.1888938666534
25405,1129.1888938666534
25406,1129.1888938666534
25407,1129.1888938666534
25408,1129.1888938666534
25409,1129.1888938666534
25410,1129.1888938666534
25411,1129.1888938666534
25412,1129.1888938666534
25413,1129.1888938666534
25414,1129.1888938666534
25415,1129.1888938666534
25416,1129.1888938666534
25417,1129.1888938666534
25418,1129.1888938666534
25419,1129.1888938666534
25420,1129.1888938666534
25421,1129.1888938666534
25422,1129.1888938666534
25423,1129.1888938666534
25424,1129.1888938666534
25425,1129.1888938666534
25426,1129.1888938666534
25427,1129.1888938666534
25428,1129.1888938666534
25429,1129.1888938666534
25430,1129.1888938666534
25431,1129.1888938666534
25432,1129.1888938666534
25433,1129.1888938666534
25434,1129.1888938666534
25435,1129.1888938666534
25436,1129.1888938666534
25437,1129.1888938666534
25438,1129.1888938666534
25439,1129.1888938666534
25440,1129.1888938666534
25441,1129.1888938666534
25442,1129.1888938666534
25443,1129.1888938666534
25444,1129.1888938666534
25445,1129.1888938666534
25446,1129.1888938666534
25447,1129.1888938666534
25448,1129.1888938666534
25449,1129.1888938666534
25450,1129.1888938666534
25451,1129.1888938666534
25452,1129.1888938666534
25453,1129.1888938666534
25454,1129.1888938666534
25455,1129.1888938666534
25456,1129.1888938666534
25457,1129.1888938666534
25458,1129.1888938666534
25459,1129.1888938666534
25460,1129.1888938666534
25461,1129.1888938666534
25462,1129.1888938666534
25463,1129.1888938666534
25464,1129.1888938666534
25465,1129.1888938666534
25466,1129.1888938666534
25467,1129.1888938666534
25468,1129.1888938666534
25469,1129.1888938666534
25470,1129.1888938666534
25471,1129.1888938666534
25472,1129.1888938666534
25473,1129.1888938666534
25474,1129.1888938666534
25475,1129.1888938666534
25476,1129.1888938666534
25477,1129.1888938666534
25478,1129.1888938666534
25479,1129.1888938666534
25480,1129.1888938666534
25481,1129.1888938666534
25482,1129.1888938666534
25483,1129.1888938666534
25484,1129.1888938666534
25485,1129.1888938666534
25486,1129.1888938666534
25487,1129.1888938666534
25488,1129.1888938666534
25489,1129.1888938666534
25490,1129.1888938666534
25491,1129.1888938666534
25492,1129.1888938666534
25493,1129.1888938666534
25494,1129.1888938666534
25495,1129.1888938666534
25496,1129.1888938666534
25497,1129.1888938666534
25498,1129.1888938666534
25499,1129.1888938666534
25500,1129.1888938666534
25501,1129.1888938666534
25502,1129.1888938666534
25503,1129.1888938666534
25504,1129.1888938666534
25505,1129.1888938666534
25506,1129.1888938666534
25507,1129.1888938666534
25508,1129.1888938666534
25509,1129.1888938666534
25510,1129.1888938666534
25511,1129.1888938666534
25512,1129.1888938666534
25513,1129.1888938666534
25514,1129.1888938666534
25515,1129.1888938666534
25516,1129.1888938666534
25517,1129.1888938666534
25518,1129.1888938666534
25519,1129.1888938666534
25520,1129.1888938666534
25521,1129.1888938666534
25522,1129.1888938666534
25523,1129.1888938666534
25524,1129.1888938666534
25525,1129.1888938666534
25526,1129.1888938666534
25527,1129.1888938666534
25528,1129.1888938666534
25529,1129.1888938666534
25530,1129.1888938666534
25531,1129.1888938666534
25532,1129.1888938666534
25533,1129.1888938666534
25534,1129.1888938666534
25535,1129.1888938666534
25536,1129.1888938666534
25537,1129.1888938666534
25538,1129.1888938666534
25539,1129.1888938666534
25540,1129.1888938666534
25541,1129.1888938666534
25542,1129.1888938666534
25543,1129.1888938666534
25544,1129.1888938666534
25545,1129.1888938666534
25546,1129.1888938666534
25547,1129.1888938666534
25548,1129.1888938666534
25549,1129.1888938666534
25550,1129.1888938666534
25551,1129.1888938666534
25552,1129.1888938666534
25553,1129.1888938666534
25554,1129.1888938666534
25555,1129.1888938666534
25556,1129.1888938666534
25557,1129.1888938666534
25558,1129.1888938666534
25559,1129.1888938666534
25560,1129.1888938666534
25561,1129.1888938666534
25562,1129.1888938666534
25563,1129.1888938666534
25564,1129.1888938666534
25565,1129.1888938666534
25566,1129.1888938666534
25567,1129.1888938666534
25568,1129.1888938666534
25569,1129.1888938666534
25570,1129.1888938666534
25571,1129.1888938666534
25572,1129.1888938666534
25573,1129.1888938666534
25574,1129.1888938666534
25575,1129.1888938666534
25576,1129.1888938666534
25577,1129.1888938666534
25578,1129.1888938666534
25579,1129.1888938666534
25580,1129.1888938666534
25581,1129.1888938666534
25582,1129.1888938666534
25583,1129.1888938666534
25584,1129.1888938666534
25585,1129.1888938666534
25586,1129.1888938666534
25587,1129.1888938666534
25588,1129.1888938666534
25589,1129.1888938666534
25590,1129.1888938666534
25591,1129.1888938666534
25592,1129.1888938666534
25593,1129.1888938666534
25594,1129.1888938666534
25595,1129.1888938666534
25596,1129.1888938666534
25597,1129.1888938666534
25598,1129.1888938666534
25599,1129.1888938666534
25600,1129.1888938666534
25601,1129.1888938666534
25602,1129.1888938666534
25603,1129.1888938666534
25604,1129.1888938666534
25605,1129.1888938666534
25606,1129.1888938666534
25607,1129.1888938666534
25608,1129.1888938666534
25609,1129.1888938666534
25610,1129.1888938666534
25611,1129.1888938666534
25612,1129.1888938666534
25613,1129.1888938666534
25614,1129.1888938666534
25615,1129.1888938666534
25616,1129.1888938666534
25617,1129.1888938666534
25618,1129.1888938666534
25619,1129.1888938666534
25620,1129.1888938666534
25621,1129.1888938666534
25622,1129.1888938666534
25623,1129.1888938666534
25624,1129.1888938666534
25625,1129.1888938666534
25626,1129.1888938666534
25627,1129.1888938666534
25628,1129.1888938666534
25629,1129.1888938666534
25630,1129.1888938666534
25631,1129.1888938666534
25632,1129.1888938666534
25633,1129.1888938666534
25634,1129.1888938666534
25635,1129.1888938666534
25636,1129.1888938666534
25637,1129.1888938666534
25638,1129.1888938666534
25639,1129.1888938666534
25640,1129.1888938666534
25641,1129.1888938666534
25642,1129.1888938666534
25643,1129.1888938666534
25644,1129.1888938666534
25645,1129.1888938666534
25646,1129.1888938666534
25647,1129.1888938666534
25648,1129.1888938666534
25649,1129.1888938666534
25650,1122.360907852667
25651,1122.360907852667
25652,1122.360907852667
25653,1122.360907852667
25654,1122.360907852667
25655,1122.360907852667
25656,1122.360907852667
25657,1122.360907852667
25658,1122.360907852667
25659,1122.360907852667
25660,1122.360907852667
25661,1122.360907852667
25662,1122.360907852667
25663,1122.360907852667
25664,1122.360907852667
25665,1122.360907852667
25666,1122.360907852667
25667,1122.360907852667
25668,1122.360907852667
25669,1122.360907852667
25670,1122.360907852667
25671,1122.360907852667
25672,1122.360907852667
25673,1122.360907852667
25674,1122.360907852667
25675,1122.360907852667
25676,1122.360907852667
25677,1122.360907852667
25678,1122.360907852667
25679,1122.360907852667
25680,1122.360907852667
25681,1122.360907852667
25682,1122.360907852667
25683,1122.360907852667
25684,1122.360907852667
25685,1122.360907852667
25686,1122.360907852667
25687,1122.360907852667
25688,1122.360907852667
25689,1122.360907852667
25690,1122.360907852667
25691,1122.360907852667
25692,1122.360907852667
25693,1122.360907852667
25694,1122.360907852667
25695,1122.360907852667
25696,1122.360907852667
25697,1122.360907852667
25698,1122.360907852667
25699,1122.360907852667
25700,1122.360907852667
25701,1122.360907852667
25702,1122.360907852667
25703,1122.360907852667
25704,1122.360907852667
25705,1122.360907852667
25706,1122.360907852667
25707,1122.360907852667
25708,1122.360907852667
25709,1122.360907852667
25710,1122.360907852667
25711,1122.360907852667
25712,1122.360907852667
25713,1122.360907852667
25714,1122.360907852667
25715,1122.360907852667
25716,1122.360907852667
25717,1122.360907852667
25718,1122.360907852667
25719,1122.360907852667
25720,1122.360907852667
25721,1122.360907852667
25722,1120.6237585620565
25723,1120.6237585620565
25724,1120.6237585620565
25725,1120.6237585620565
25726,1120.6237585620565
25727,1120.6237585620565
25728,1120.6237585620565
25729,1120.6237585620565
25730,1120.6237585620565
25731,1120.6237585620565
25732,1120.6237585620565
25733,1120.6237585620565
25734,1120.6237585620565
25735,1120.6237585620565
25736,1120.6237585620565
25737,1120.6237585620565
25738,1120.6237585620565
25739,1120.6237585620565
25740,1120.6237585620565
25741,1120.6237585620565
25742,1120.6237585620565
25743,1120.6237585620565
25744,1120.6237585620565
25745,1120.6237585620565
25746,1120.6237585620565
25747,1120.6237585620565
25748,1120.6237585620565
25749,1120.6237585620565
25750,1120.6237585620565
25751,1120.6237585620565
25752,1120.6237585620565
25753,1120.6237585620565
25754,1120.6237585620565
25755,1120.6237585620565
25756,1120.6237585620565
25757,1120.6237585620565
25758,1120.6237585620565
25759,1120.6237585620565
25760,1120.6237585620565
25761,1120.6237585620565
25762,1120.6237585620565
25763,1120.6237585620565
25764,1120.6237585620565
25765,1120.6237585620565
25766,1120.6237585620565
25767,1120.6237585620565
25768,1120.6237585620565
25769,1120.6237585620565
25770,1120.6237585620565
25771,1120.6237585620565
25772,1120.6237585620565
25773,1120.6237585620565
25774,1120.6237585620565
25775,1120.6237585620565
25776,1120.6237585620565
25777,1120.6237585620565
25778,1120.6237585620565
25779,1120.6237585620565
25780,1120.6237585620565
25781,1120.6237585620565
25782,1120.6237585620565
25783,1120.6237585620565
25784,1120.6237585620565
25785,1120.6237585620565
25786,1120.6237585620565
25787,1120.6237585620565
25788,1120.6237585620565
25789,1120.6237585620565
25790,1120.6237585620565
25791,1120.6237585620565
25792,1120.6237585620565
25793,1120.6237585620565
25794,1120.6237585620565
25795,1120.6237585620565
25796,1120.6237585620565
25797,1120.6237585620565
25798,1120.6237585620565
25799,1120.6237585620565
25800,1120.6237585620565
25801,1120.6237585620565
25802,1120.6237585620565
25803,1120.6237585620565
25804,1120.6237585620565
25805,1120.6237585620565
25806,1120.6237585620565
25807,1120.6237585620565
25808,1120.6237585620565
25809,1120.6237585620565
25810,1120.6237585620565
25811,1120.6237585620565
25812,1120.6237585620565
25813,1120.6237585620565
25814,1120.6237585620565
25815,1120.6237585620565
25816,1120.6237585620565
25817,1120.6237585620565
25818,1120.6237585620565
25819,1120.6237585620565
25820,1120.6237585620565
25821,1120.6237585620565
25822,1120.6237585620565
25823,1120.6237585620565
25824,1120.6237585620565
25825,1120.6237585620565
25826,1120.6237585620565
25827,1120.6237585620565
25828,1120.6237585620565
25829,1120.6237585620565
25830,1120.6237585620565
25831,1120.6237585620565
25832,1120.6237585620565
25833,1120.6237585620565
25834,1120.6237585620565
25835,1120.6237585620565
25836,1120.6237585620565
25837,1120.6237585620565
25838,1120.6237585620565
25839,1120.6237585620565
25840,1120.6237585620565
25841,1120.6237585620565
25842,1120.6237585620565
25843,1120.6237585620565
25844,1120.6237585620565
25845,1120.6237585620565
25846,1120.6237585620565
25847,1120.6237585620565
25848,1120.6237585620565
25849,1120.6237585620565
25850,1120.6237585620565
25851,1120.6237585620565
25852,1120.6237585620565
25853,1120.6237585620565
25854,1120.6237585620565
25855,1120.6237585620565
25856,1120.6237585620565
25857,1120.6237585620565
25858,1120.6237585620565
25859,1120.6237585620565
25860,1120.6237585620565
25861,1120.6237585620565
25862,1120.6237585620565
25863,1120.6237585620565
25864,1120.6237585620565
25865,1120.6237585620565
25866,1120.6237585620565
25867,1120.6237585620565
25868,1120.6237585620565
25869,1118.1993596433697
25870,1118.1993596433697
25871,1118.1993596433697
25872,1118.1993596433697
25873,1118.1993596433697
25874,1118.1993596433697
25875,1118.1993596433697
25876,1118.1993596433697
25877,1118.1993596433697
25878,1118.1993596433697
25879,1118.1993596433697
25880,1118.1993596433697
25881,1118.1993596433697
25882,1118.1993596433697
25883,1118.1993596433697
25884,1118.1993596433697
25885,1118.1993596433697
25886,1118.1993596433697
25887,1118.1993596433697
25888,1118.1993596433697
25889,1118.1993596433697
25890,1118.1993596433697
25891,1118.1993596433697
25892,1118.1993596433697
25893,1118.1993596433697
25894,1118.1993596433697
25895,1118.1993596433697
25896,1118.1993596433697
25897,1118.1993596433697
25898,1118.1993596433697
25899,1118.1993596433697
25900,1118.1993596433697
25901,1118.1993596433697
25902,1118.1993596433697
25903,1118.1993596433697
25904,1118.1993596433697
25905,1118.1993596433697
25906,1118.1993596433697
25907,1118.1993596433697
25908,1118.1993596433697
25909,1118.1993596433697
25910,1118.1993596433697
25911,1118.1993596433697
25912,1118.1993596433697
25913,1118.1993596433697
25914,1118.1993596433697
25915,1118.1993596433697
25916,1118.1993596433697
25917,1118.1993596433697
25918,1118.1993596433697
25919,1118.1993596433697
25920,1118.1993596433697
25921,1118.1993596433697
25922,1118.1993596433697
25923,1118.1993596433697
25924,1118.1993596433697
25925,1118.1993596433697
25926,1118.1993596433697
25927,1118.1993596433697
25928,1118.1993596433697
25929,1118.1993596433697
25930,1118.1993596433697
25931,1118.1993596433697
25932,1118.1993596433697
25933,1118.1993596433697
25934,1118.1993596433697
25935,1118.1993596433697
25936,1118.1993596433697
25937,1118.1993596433697
25938,1118.1993596433697
25939,1118.1993596433697
25940,1118.1993596433697
25941,1118.1993596433697
25942,1118.1993596433697
25943,1118.1993596433697
25944,1118.1993596433697
25945,1118.1993596433697
25946,1118.1993596433697
25947,1118.1993596433697
25948,1118.1993596433697
25949,1118.1993596433697
25950,1118.1993596433697
25951,1118.1993596433697
25952,1118.1993596433697
25953,1118.1993596433697
25954,1118.1993596433697
25955,1118.1993596433697
25956,1118.1993596433697
25957,1118.1993596433697
25958,1118.1993596433697
25959,1118.1993596433697
25960,1118.1993596433697
25961,1118.1993596433697
25962,1118.1993596433697
25963,1118.1993596433697
25964,1118.1993596433697
25965,1118.1993596433697
25966,1118.1993596433697
25967,1118.1993596433697
25968,1118.1993596433697
25969,1118.1993596433697
25970,1118.1993596433697
25971,1118.1993596433697
25972,1118.1993596433697
25973,1118.1993596433697
25974,1118.1993596433697
25975,1118.1993596433697
25976,1118.1993596433697
25977,1118.1993596433697
25978,1118.1993596433697
25979,1118.1993596433697
25980,1118.1993596433697
25981,1118.1993596433697
25982,1118.1993596433697
25983,1118.1993596433697
25984,1118.1993596433697
25985,1118.1993596433697
25986,1118.1993596433697
25987,1118.1993596433697
25988,1118.135498663737
25989,1118.135498663737
25990,1118.135498663737
25991,1118.135498663737
25992,1118.135498663737
25993,1118.135498663737
25994,1118.135498663737
25995,1118.135498663737
25996,1118.135498663737
25997,1118.135498663737
25998,1118.135498663737
25999,1118.135498663737
26000,1118.135498663737
26001,1118.135498663737
26002,1118.135498663737
26003,1118.135498663737
26004,1118.135498663737
26005,1118.135498663737
26006,1118.135498663737
26007,1118.135498663737
26008,1118.135498663737
26009,1118.135498663737
26010,1118.135498663737
26011,1118.135498663737
26012,1118.135498663737
26013,1118.135498663737
26014,1118.135498663737
26015,1118.135498663737
26016,1118.135498663737
26017,1118.135498663737
26018,1118.135498663737
26019,1118.135498663737
26020,1118.135498663737
26021,1118.135498663737
26022,1118.135498663737
26023,1118.135498663737
26024,1118.135498663737
26025,1118.135498663737
26026,1118.135498663737
26027,1118.135498663737
26028,1118.135498663737
26029,1118.135498663737
26030,1118.135498663737
26031,1118.135498663737
26032,1118.135498663737
26033,1118.135498663737
26034,1118.135498663737
26035,1118.135498663737
26036,1118.135498663737
26037,1118.135498663737
26038,1118.135498663737
26039,1118.135498663737
26040,1118.135498663737
26041,1118.135498663737
26042,1118.135498663737
26043,1118.135498663737
26044,1118.135498663737
26045,1118.135498663737
26046,1118.135498663737
26047,1118.135498663737
26048,1118.135498663737
26049,1118.135498663737
26050,1118.135498663737
26051,1118.135498663737
26052,1118.135498663737
26053,1118.135498663737
26054,1118.135498663737
26055,1118.135498663737
26056,1118.135498663737
26057,1118.135498663737
26058,1118.135498663737
26059,1118.135498663737
26060,1118.135498663737
26061,1118.135498663737
26062,1118.135498663737
26063,1118.135498663737
26064,1118.135498663737
26065,1118.135498663737
26066,1118.135498663737
26067,1118.135498663737
26068,1118.135498663737
26069,1118.135498663737
26070,1118.135498663737
26071,1118.135498663737
26072,1118.135498663737
26073,1118.135498663737
26074,1118.135498663737
26075,1118.135498663737
26076,1118.135498663737
26077,1118.135498663737
26078,1118.135498663737
26079,1118.135498663737
26080,1118.135498663737
26081,1118.135498663737
26082,1118.135498663737
26083,1118.135498663737
26084,1118.135498663737
26085,1118.135498663737
26086,1118.135498663737
26087,1118.135498663737
26088,1118.135498663737
26089,1118.135498663737
26090,1118.135498663737
26091,1118.135498663737
26092,1118.135498663737
26093,1118.135498663737
26094,1118.135498663737
26095,1118.135498663737
26096,1118.135498663737
26097,1118.135498663737
26098,1118.135498663737
26099,1118.135498663737
26100,1118.135498663737
26101,1118.135498663737
26102,1118.135498663737
26103,1118.135498663737
26104,1118.135498663737
26105,1118.135498663737
26106,1118.135498663737
26107,1118.135498663737
26108,1118.135498663737
26109,1118.135498663737
26110,1118.135498663737
26111,1118.135498663737
26112,1118.135498663737
26113,1118.135498663737
26114,1118.135498663737
26115,1118.135498663737
26116,1118.135498663737
26117,1118.135498663737
26118,1118.135498663737
26119,1118.135498663737
26120,1118.135498663737
26121,1118.135498663737
26122,1118.135498663737
26123,1118.135498663737
26124,1118.135498663737
26125,1118.135498663737
26126,1118.135498663737
26127,1118.135498663737
26128,1118.135498663737
26129,1118.135498663737
26130,1118.135498663737
26131,1118.135498663737
26132,1118.135498663737
26133,1118.135498663737
26134,1118.135498663737
26135,1118.135498663737
26136,1118.135498663737
26137,1118.135498663737
26138,1118.135498663737
26139,1118.135498663737
26140,1118.135498663737
26141,1118.135498663737
26142,1118.135498663737
26143,1118.135498663737
26144,1118.135498663737
26145,1118.135498663737
26146,1118.135498663737
26147,1118.135498663737
26148,1118.135498663737
26149,1118.135498663737
26150,1118.135498663737
26151,1118.135498663737
26152,1118.135498663737
26153,1118.135498663737
26154,1118.135498663737
26155,1118.135498663737
26156,1118.135498663737
26157,1118.135498663737
26158,1118.135498663737
26159,1118.135498663737
26160,1118.135498663737
26161,1118.135498663737
26162,1118.135498663737
26163,1117.5523200970767
26164,1117.5523200970767
26165,1117.5523200970767
26166,1117.5523200970767
26167,1117.5523200970767
26168,1117.5523200970767
26169,1117.5523200970767
26170,1117.5523200970767
26171,1117.5523200970767
26172,1117.5523200970767
26173,1117.5523200970767
26174,1117.5523200970767
26175,1117.5523200970767
26176,1117.5523200970767
26177,1117.5523200970767
26178,1117.5523200970767
26179,1117.5523200970767
26180,1117.5523200970767
26181,1117.5523200970767
26182,1117.5523200970767
26183,1117.5523200970767
26184,1117.5523200970767
26185,1117.5523200970767
26186,1117.5523200970767
26187,1117.5523200970767
26188,1117.5523200970767
26189,1117.5523200970767
26190,1117.5523200970767
26191,1117.5523200970767
26192,1117.5523200970767
26193,1117.5523200970767
26194,1117.5523200970767
26195,1117.5523200970767
26196,1117.5523200970767
26197,1117.5523200970767
26198,1117.5523200970767
26199,1117.5523200970767
26200,1117.5523200970767
26201,1117.5523200970767
26202,1117.5523200970767
26203,1117.5523200970767
26204,1117.5523200970767
26205,1117.5523200970767
26206,1117.5523200970767
26207,1117.5523200970767
26208,1117.5523200970767
26209,1117.5523200970767
26210,1117.5523200970767
26211,1117.5523200970767
26212,1117.5523200970767
26213,1117.5523200970767
26214,1117.5523200970767
26215,1117.5523200970767
26216,1117.5523200970767
26217,1117.5523200970767
26218,1117.5523200970767
26219,1117.5523200970767
26220,1117.5523200970767
26221,1117.5523200970767
26222,1117.5523200970767
26223,1117.5523200970767
26224,1117.5523200970767
26225,1117.5523200970767
26226,1117.5523200970767
26227,1117.5523200970767
26228,1117.5523200970767
26229,1117.5523200970767
26230,1117.5523200970767
26231,1117.5523200970767
26232,1117.5523200970767
26233,1117.5523200970767
26234,1117.5523200970767
26235,1117.5523200970767
26236,1117.5523200970767
26237,1117.5523200970767
26238,1117.5523200970767
26239,1117.5523200970767
26240,1117.5523200970767
26241,1117.5523200970767
26242,1117.5523200970767
26243,1117.5523200970767
26244,1117.5523200970767
26245,1117.5523200970767
26246,1117.5523200970767
26247,1117.5523200970767
26248,1117.5523200970767
26249,1117.5523200970767
26250,1117.5523200970767
26251,1117.5523200970767
26252,1117.5523200970767
26253,1117.5523200970767
26254,1117.5523200970767
26255,1117.5523200970767
26256,1117.5523200970767
26257,1117.5523200970767
26258,1117.5523200970767
26259,1117.5523200970767
26260,1117.5523200970767
26261,1117.5523200970767
26262,1117.5523200970767
26263,1117.5523200970767
26264,1117.5523200970767
26265,1117.5523200970767
26266,1117.5523200970767
26267,1117.5523200970767
26268,1117.5523200970767
26269,1117.5523200970767
26270,1117.5523200970767
26271,1117.5523200970767
26272,1117.5523200970767
26273,1117.5523200970767
26274,1117.5523200970767
26275,1117.5523200970767
26276,1117.5523200970767
26277,1117.5523200970767
26278,1117.5523200970767
26279,1117.5523200970767
26280,1117.5523200970767
26281,1117.5523200970767
26282,1117.5523200970767
26283,1117.5523200970767
26284,1117.5523200970767
26285,1117.5523200970767
26286,1117.5523200970767
26287,1117.5523200970767
26288,1117.5523200970767
26289,1117.5523200970767
26290,1117.5523200970767
26291,1117.5523200970767
26292,1117.5523200970767
26293,1117.5523200970767
26294,1117.5523200970767
26295,1117.5523200970767
26296,1117.5523200970767
26297,1117.5523200970767
26298,1117.5523200970767
26299,1117.5523200970767
26300,1117.5523200970767
26301,1117.5523200970767
26302,1117.5523200970767
26303,1117.5523200970767
26304,1117.5523200970767
26305,1117.5523200970767
26306,1117.5523200970767
26307,1112.778555275786
26308,1112.778555275786
26309,1112.778555275786
26310,1112.778555275786
26311,1112.778555275786
26312,1112.778555275786
26313,1112.778555275786
26314,1112.778555275786
26315,1112.778555275786
26316,1112.778555275786
26317,1112.778555275786
26318,1112.778555275786
26319,1112.778555275786
26320,1112.778555275786
26321,1112.778555275786
26322,1112.778555275786
26323,1112.778555275786
26324,1112.778555275786
26325,1112.778555275786
26326,1112.778555275786
26327,1112.778555275786
26328,1112.778555275786
26329,1112.778555275786
26330,1112.778555275786
26331,1112.778555275786
26332,1112.778555275786
26333,1112.778555275786
26334,1112.778555275786
26335,1112.778555275786
26336,1112.778555275786
26337,1112.778555275786
26338,1112.778555275786
26339,1112.778555275786
26340,1112.778555275786
26341,1112.778555275786
26342,1112.778555275786
26343,1112.778555275786
26344,1112.778555275786
26345,1112.778555275786
26346,1112.778555275786
26347,1112.778555275786
26348,1112.778555275786
26349,1112.778555275786
26350,1112.778555275786
26351,1112.778555275786
26352,1112.778555275786
26353,1112.778555275786
26354,1112.778555275786
26355,1112.778555275786
26356,1112.778555275786
26357,1112.778555275786
26358,1112.778555275786
26359,1112.778555275786
26360,1112.778555275786
26361,1112.778555275786
26362,1112.778555275786
26363,1112.778555275786
26364,1112.778555275786
26365,1112.778555275786
26366,1112.778555275786
26367,1112.778555275786
26368,1112.778555275786
26369,1112.778555275786
26370,1112.778555275786
26371,1112.778555275786
26372,1112.778555275786
26373,1112.778555275786
26374,1112.778555275786
26375,1112.778555275786
26376,1112.778555275786
26377,1112.778555275786
26378,1112.778555275786
26379,1112.778555275786
26380,1112.778555275786
26381,1112.778555275786
26382,1112.778555275786
26383,1112.778555275786
26384,1112.778555275786
26385,1112.778555275786
26386,1112.778555275786
26387,1112.778555275786
26388,1112.778555275786
26389,1112.778555275786
26390,1112.778555275786
26391,1112.778555275786
26392,1112.778555275786
26393,1112.778555275786
26394,1112.778555275786
26395,1112.778555275786
26396,1112.778555275786
26397,1112.778555275786
26398,1112.778555275786
26399,1112.778555275786
26400,1112.778555275786
26401,1112.778555275786
26402,1112.778555275786
26403,1112.778555275786
26404,1112.778555275786
26405,1112.778555275786
26406,1112.778555275786
26407,1112.778555275786
26408,1112.778555275786
26409,1112.778555275786
26410,1112.778555275786
26411,1112.778555275786
26412,1112.778555275786
26413,1112.778555275786
26414,1112.778555275786
26415,1112.778555275786
26416,1112.778555275786
26417,1112.778555275786
26418,1112.778555275786
26419,1112.778555275786
26420,1112.778555275786
26421,1112.778555275786
26422,1112.778555275786
26423,1112.778555275786
26424,1112.778555275786
26425,1112.778555275786
26426,1112.778555275786
26427,1112.778555275786
26428,1112.778555275786
26429,1112.778555275786
26430,1112.778555275786
26431,1112.778555275786
26432,1112.778555275786
26433,1112.778555275786
26434,1112.778555275786
26435,1112.778555275786
26436,1112.778555275786
26437,1112.778555275786
26438,1112.778555275786
26439,1112.778555275786
26440,1112.778555275786
26441,1112.778555275786
26442,1112.778555275786
26443,1112.778555275786
26444,1112.778555275786
26445,1112.778555275786
26446,1112.778555275786
26447,1112.778555275786
26448,1112.778555275786
26449,1112.778555275786
26450,1112.778555275786
26451,1112.778555275786
26452,1112.778555275786
26453,1112.778555275786
26454,1112.778555275786
26455,1112.778555275786
26456,1112.778555275786
26457,1112.778555275786
26458,1112.778555275786
26459,1112.778555275786
26460,1112.778555275786
26461,1112.778555275786
26462,1112.778555275786
26463,1112.778555275786
26464,1112.778555275786
26465,1112.778555275786
26466,1112.778555275786
26467,1112.778555275786
26468,1112.778555275786
26469,1112.778555275786
26470,1112.778555275786
26471,1112.778555275786
26472,1112.778555275786
26473,1112.778555275786
26474,1112.778555275786
26475,1112.778555275786
26476,1112.778555275786
26477,1112.778555275786
26478,1112.778555275786
26479,1112.778555275786
26480,1112.778555275786
26481,1112.778555275786
26482,1112.778555275786
26483,1112.778555275786
26484,1112.778555275786
26485,1112.778555275786
26486,1112.778555275786
26487,1112.778555275786
26488,1112.778555275786
26489,1112.778555275786
26490,1112.778555275786
26491,1112.778555275786
26492,1112.778555275786
26493,1112.778555275786
26494,1112.778555275786
26495,1112.778555275786
26496,1112.778555275786
26497,1112.778555275786
26498,1112.778555275786
26499,1112.778555275786
26500,1112.778555275786
26501,1112.778555275786
26502,1112.778555275786
26503,1112.778555275786
26504,1112.778555275786
26505,1112.778555275786
26506,1112.778555275786
26507,1112.778555275786
26508,1112.778555275786
26509,1112.778555275786
26510,1112.778555275786
26511,1112.778555275786
26512,1112.778555275786
26513,1112.778555275786
26514,1112.778555275786
26515,1112.778555275786
26516,1112.778555275786
26517,1112.778555275786
26518,1112.778555275786
26519,1112.778555275786
26520,1112.778555275786
26521,1112.778555275786
26522,1112.778555275786
26523,1112.778555275786
26524,1112.778555275786
26525,1112.778555275786
26526,1112.778555275786
26527,1112.778555275786
26528,1112.778555275786
26529,1112.778555275786
26530,1112.778555275786
26531,1112.778555275786
26532,1112.778555275786
26533,1112.778555275786
26534,1112.778555275786
26535,1112.778555275786
26536,1112.778555275786
26537,1112.778555275786
26538,1112.778555275786
26539,1112.778555275786
26540,1112.778555275786
26541,1112.778555275786
26542,1112.778555275786
26543,1112.778555275786
26544,1112.778555275786
26545,1112.778555275786
26546,1112.778555275786
26547,1112.778555275786
26548,1112.778555275786
26549,1112.778555275786
26550,1112.778555275786
26551,1112.778555275786
26552,1112.778555275786
26553,1112.778555275786
26554,1112.778555275786
26555,1112.778555275786
26556,1112.778555275786
26557,1112.778555275786
26558,1112.778555275786
26559,1112.778555275786
26560,1112.778555275786
26561,1112.778555275786
26562,1112.778555275786
26563,1112.778555275786
26564,1108.0504956398001
26565,1108.0504956398001
26566,1108.0504956398001
26567,1108.0504956398001
26568,1108.0504956398001
26569,1108.0504956398001
26570,1108.0504956398001
26571,1108.0504956398001
26572,1108.0504956398001
26573,1108.0504956398001
26574,1108.0504956398001
26575,1108.0504956398001
26576,1108.0504956398001
26577,1108.0504956398001
26578,1108.0504956398001
26579,1108.0504956398001
26580,1108.0504956398001
26581,1108.0504956398001
26582,1108.0504956398001
26583,1108.0504956398001
26584,1108.0504956398001
26585,1108.0504956398001
26586,1108.0504956398001
26587,1108.0504956398001
26588,1108.0504956398001
26589,1108.0504956398001
26590,1108.0504956398001
26591,1108.0504956398001
26592,1108.0504956398001
26593,1108.0504956398001
26594,1108.0504956398001
26595,1108.0504956398001
26596,1108.0504956398001
26597,1108.0504956398001
26598,1108.0504956398001
26599,1108.0504956398001
26600,1108.0504956398001
26601,1108.0504956398001
26602,1108.0504956398001
26603,1107.9847991368454
26604,1107.9847991368454
26605,1107.9847991368454
26606,1107.9847991368454
26607,1107.9847991368454
26608,1107.9847991368454
26609,1107.9847991368454
26610,1107.9847991368454
26611,1107.9847991368454
26612,1107.9847991368454
26613,1107.9847991368454
26614,1107.9847991368454
26615,1107.9847991368454
26616,1107.9847991368454
26617,1107.9847991368454
26618,1107.9847991368454
26619,1107.9847991368454
26620,1107.9847991368454
26621,1107.9847991368454
26622,1107.9847991368454
26623,1107.9847991368454
26624,1107.9847991368454
26625,1107.9847991368454
26626,1107.9847991368454
26627,1107.9847991368454
26628,1107.9847991368454
26629,1107.9847991368454
26630,1107.9847991368454
26631,1107.9847991368454
26632,1107.9847991368454
26633,1107.9847991368454
26634,1107.9847991368454
26635,1107.9847991368454
26636,1107.9847991368454
26637,1107.9847991368454
26638,1107.9847991368454
26639,1107.9847991368454
26640,1107.9847991368454
26641,1107.9847991368454
26642,1107.9847991368454
26643,1107.9847991368454
26644,1107.9847991368454
26645,1107.9847991368454
26646,1107.9847991368454
26647,1107.9847991368454
26648,1107.9847991368454
26649,1107.9847991368454
26650,1107.9847991368454
26651,1107.9847991368454
26652,1107.9847991368454
26653,1107.9847991368454
26654,1107.9847991368454
26655,1107.9847991368454
26656,1107.9847991368454
26657,1107.9847991368454
26658,1107.9847991368454
26659,1107.9847991368454
26660,1107.9847991368454
26661,1107.9847991368454
26662,1107.9847991368454
26663,1107.9847991368454
26664,1107.9847991368454
26665,1107.9847991368454
26666,1107.9847991368454
26667,1107.9847991368454
26668,1107.9847991368454
26669,1107.9847991368454
26670,1107.9847991368454
26671,1107.9847991368454
26672,1107.9847991368454
26673,1107.9847991368454
26674,1107.9847991368454
26675,1107.9847991368454
26676,1107.9847991368454
26677,1107.9847991368454
26678,1107.9847991368454
26679,1107.9847991368454
26680,1107.9847991368454
26681,1107.9847991368454
26682,1107.9847991368454
26683,1107.9847991368454
26684,1107.9847991368454
26685,1107.9847991368454
26686,1107.9847991368454
26687,1107.9847991368454
26688,1107.9847991368454
26689,1107.9847991368454
26690,1107.9847991368454
26691,1107.9847991368454
26692,1107.9847991368454
26693,1107.9847991368454
26694,1107.9847991368454
26695,1107.9847991368454
26696,1107.9847991368454
26697,1107.9847991368454
26698,1107.9847991368454
26699,1107.9847991368454
26700,1107.9847991368454
26701,1107.9847991368454
26702,1107.9847991368454
26703,1107.9847991368454
26704,1107.9847991368454
26705,1107.9847991368454
26706,1107.9847991368454
26707,1107.9847991368454
26708,1107.9847991368454
26709,1107.9847991368454
26710,1107.9847991368454
26711,1107.9847991368454
26712,1107.9847991368454
26713,1107.9847991368454
26714,1107.9847991368454
26715,1107.9847991368454
26716,1107.9847991368454
26717,1107.9847991368454
26718,1107.9847991368454
26719,1107.9847991368454
26720,1107.9847991368454
26721,1107.9847991368454
26722,1107.9847991368454
26723,1107.9847991368454
26724,1107.9847991368454
26725,1107.9847991368454
26726,1107.9847991368454
26727,1107.9847991368454
26728,1107.9847991368454
26729,1107.9847991368454
26730,1107.9847991368454
26731,1107.9847991368454
26732,1107.9847991368454
26733,1107.9847991368454
26734,1107.9847991368454
26735,1107.9847991368454
26736,1107.9847991368454
26737,1107.9847991368454
26738,1107.9847991368454
26739,1107.9847991368454
26740,1107.9847991368454
26741,1107.9847991368454
26742,1107.9847991368454
26743,1107.9847991368454
26744,1107.9847991368454
26745,1107.9847991368454
26746,1107.9847991368454
26747,1107.9847991368454
26748,1107.9847991368454
26749,1107.9847991368454
26750,1107.9847991368454
26751,1107.9847991368454
26752,1107.9847991368454
26753,1107.9847991368454
26754,1107.9847991368454
26755,1107.9847991368454
26756,1107.9847991368454
26757,1107.9847991368454
26758,1107.9847991368454
26759,1107.9847991368454
26760,1107.9847991368454
26761,1107.9847991368454
26762,1107.9847991368454
26763,1107.9847991368454
26764,1107.9847991368454
26765,1107.9847991368454
26766,1107.9847991368454
26767,1107.9847991368454
26768,1107.9847991368454
26769,1107.9847991368454
26770,1107.9847991368454
26771,1107.9847991368454
26772,1107.9847991368454
26773,1107.9847991368454
26774,1107.9847991368454
26775,1107.9847991368454
26776,1107.9847991368454
26777,1107.9847991368454
26778,1107.9847991368454
26779,1107.9847991368454
26780,1107.9847991368454
26781,1107.9847991368454
26782,1107.9847991368454
26783,1107.9847991368454
26784,1107.9847991368454
26785,1107.9847991368454
26786,1107.9847991368454
26787,1107.9847991368454
26788,1107.9847991368454
26789,1107.9847991368454
26790,1107.9847991368454
26791,1107.9847991368454
26792,1107.9847991368454
26793,1107.9847991368454
26794,1107.9847991368454
26795,1107.9847991368454
26796,1107.9847991368454
26797,1107.9847991368454
26798,1107.9847991368454
26799,1107.9847991368454
26800,1107.9847991368454
26801,1107.9847991368454
26802,1107.9847991368454
26803,1107.9847991368454
26804,1107.9847991368454
26805,1107.9847991368454
26806,1107.9847991368454
26807,1107.9847991368454
26808,1107.9847991368454
26809,1107.9847991368454
26810,1107.9847991368454
26811,1107.9847991368454
26812,1107.9847991368454
26813,1107.9847991368454
26814,1107.9847991368454
26815,1107.9847991368454
26816,1107.9847991368454
26817,1107.9847991368454
26818,1107.9847991368454
26819,1107.9847991368454
26820,1107.9847991368454
26821,1107.9847991368454
26822,1107.9847991368454
26823,1107.9847991368454
26824,1107.9847991368454
26825,1107.9847991368454
26826,1107.9847991368454
26827,1107.9847991368454
26828,1107.9847991368454
26829,1107.9847991368454
26830,1107.9847991368454
26831,1107.9847991368454
26832,1107.9847991368454
26833,1107.9847991368454
26834,1107.9847991368454
26835,1107.9847991368454
26836,1107.9847991368454
26837,1107.9847991368454
26838,1107.9847991368454
26839,1107.9847991368454
26840,1107.9847991368454
26841,1107.9847991368454
26842,1107.9847991368454
26843,1107.9847991368454
26844,1107.9847991368454
26845,1107.9847991368454
26846,1107.9847991368454
26847,1107.9847991368454
26848,1107.9847991368454
26849,1107.9847991368454
26850,1107.9847991368454
26851,1107.9847991368454
26852,1107.9847991368454
26853,1107.9847991368454
26854,1107.9847991368454
26855,1107.9847991368454
26856,1107.9847991368454
26857,1107.9847991368454
26858,1107.9847991368454
26859,1107.9847991368454
26860,1107.9847991368454
26861,1107.9847991368454
26862,1107.9847991368454
26863,1107.9847991368454
26864,1107.9847991368454
26865,1107.9847991368454
26866,1107.9847991368454
26867,1107.9847991368454
26868,1107.9847991368454
26869,1107.9847991368454
26870,1107.9847991368454
26871,1107.9847991368454
26872,1107.9847991368454
26873,1107.9847991368454
26874,1107.9847991368454
26875,1107.9847991368454
26876,1107.9847991368454
26877,1107.9847991368454
26878,1107.9847991368454
26879,1107.9847991368454
26880,1107.9847991368454
26881,1107.9847991368454
26882,1107.9847991368454
26883,1107.9847991368454
26884,1107.9847991368454
26885,1107.9847991368454
26886,1107.9847991368454
26887,1107.9847991368454
26888,1107.9847991368454
26889,1107.9847991368454
26890,1107.9847991368454
26891,1107.9847991368454
26892,1107.9847991368454
26893,1107.9847991368454
26894,1107.9847991368454
26895,1107.9847991368454
26896,1107.9847991368454
26897,1107.9847991368454
26898,1107.9847991368454
26899,1107.9847991368454
26900,1107.9847991368454
26901,1107.9847991368454
26902,1107.9847991368454
26903,1107.9847991368454
26904,1107.9847991368454
26905,1107.9847991368454
26906,1107.9847991368454
26907,1107.9847991368454
26908,1107.9847991368454
26909,1107.9847991368454
26910,1107.9847991368454
26911,1107.9847991368454
26912,1107.9847991368454
26913,1107.9847991368454
26914,1107.9847991368454
26915,1107.9847991368454
26916,1107.9847991368454
26917,1107.9847991368454
26918,1107.9847991368454
26919,1107.9847991368454
26920,1107.9847991368454
26921,1107.9847991368454
26922,1107.9847991368454
26923,1107.9847991368454
26924,1107.9847991368454
26925,1107.9847991368454
26926,1107.9847991368454
26927,1107.9847991368454
26928,1107.9847991368454
26929,1107.9847991368454
26930,1107.9847991368454
26931,1107.9847991368454
26932,1107.9847991368454
26933,1107.9847991368454
26934,1107.9847991368454
26935,1107.9847991368454
26936,1107.9847991368454
26937,1107.9847991368454
26938,1107.9847991368454
26939,1107.9847991368454
26940,1107.9847991368454
26941,1107.9847991368454
26942,1107.9847991368454
26943,1107.9847991368454
26944,1107.9847991368454
26945,1107.9847991368454
26946,1107.9847991368454
26947,1107.9847991368454
26948,1107.9847991368454
26949,1107.9847991368454
26950,1107.9847991368454
26951,1107.9847991368454
26952,1107.9847991368454
26953,1107.9847991368454
26954,1107.9847991368454
26955,1107.9847991368454
26956,1107.9847991368454
26957,1107.9847991368454
26958,1107.9847991368454
26959,1107.9847991368454
26960,1107.9847991368454
26961,1107.9847991368454
26962,1107.9847991368454
26963,1107.9847991368454
26964,1107.9847991368454
26965,1107.9847991368454
26966,1107.9847991368454
26967,1107.9847991368454
26968,1107.9847991368454
26969,1107.9847991368454
26970,1107.9847991368454
26971,1107.9847991368454
26972,1107.9847991368454
26973,1107.9847991368454
26974,1107.9847991368454
26975,1107.9847991368454
26976,1107.9847991368454
26977,1107.9847991368454
26978,1107.9847991368454
26979,1107.9847991368454
26980,1107.9847991368454
26981,1107.9847991368454
26982,1107.9847991368454
26983,1107.9847991368454
26984,1107.9847991368454
26985,1107.9847991368454
26986,1107.9847991368454
26987,1107.9847991368454
26988,1107.9847991368454
26989,1107.9847991368454
26990,1107.9847991368454
26991,1107.9847991368454
26992,1107.9847991368454
26993,1107.9847991368454
26994,1107.9847991368454
26995,1107.9847991368454
26996,1107.9847991368454
26997,1107.9847991368454
26998,1107.9847991368454
26999,1107.9847991368454
27000,1107.9847991368454
27001,1107.9847991368454
27002,1107.9847991368454
27003,1107.9847991368454
27004,1107.9847991368454
27005,1107.9847991368454
27006,1107.9847991368454
27007,1107.9847991368454
27008,1107.9847991368454
27009,1107.9847991368454
27010,1107.9847991368454
27011,1107.9847991368454
27012,1107.9847991368454
27013,1107.9847991368454
27014,1107.9847991368454
27015,1107.9847991368454
27016,1107.9847991368454
27017,1107.9847991368454
27018,1107.9847991368454
27019,1107.9847991368454
27020,1107.9847991368454
27021,1107.9847991368454
27022,1107.9847991368454
27023,1107.9847991368454
27024,1107.9847991368454
27025,1107.9847991368454
27026,1107.9847991368454
27027,1107.9847991368454
27028,1107.9847991368454
27029,1107.9847991368454
27030,1107.9847991368454
27031,1107.9847991368454
27032,1107.9847991368454
27033,1107.9847991368454
27034,1107.9847991368454
27035,1107.9847991368454
27036,1107.9847991368454
27037,1107.9847991368454
27038,1107.9847991368454
27039,1107.9847991368454
27040,1107.9847991368454
27041,1107.9847991368454
27042,1107.9847991368454
27043,1107.9847991368454
27044,1107.9847991368454
27045,1107.9847991368454
27046,1107.9847991368454
27047,1107.9847991368454
27048,1107.9847991368454
27049,1107.9847991368454
27050,1107.9847991368454
27051,1107.9847991368454
27052,1107.9847991368454
27053,1107.9847991368454
27054,1107.9847991368454
27055,1107.9847991368454
27056,1107.9847991368454
27057,1107.9847991368454
27058,1107.9847991368454
27059,1107.9847991368454
27060,1107.9847991368454
27061,1107.9847991368454
27062,1107.9847991368454
27063,1107.9847991368454
27064,1107.9847991368454
27065,1107.9847991368454
27066,1107.9847991368454
27067,1107.9847991368454
27068,1107.9847991368454
27069,1107.9847991368454
27070,1107.9847991368454
27071,1107.9847991368454
27072,1107.9847991368454
27073,1107.9847991368454
27074,1107.9847991368454
27075,1107.9847991368454
27076,1107.9847991368454
27077,1107.9847991368454
27078,1107.9847991368454
27079,1107.9847991368454
27080,1107.9847991368454
27081,1107.9847991368454
27082,1107.9847991368454
27083,1107.9847991368454
27084,1107.9847991368454
27085,1107.9847991368454
27086,1107.9847991368454
27087,1107.9847991368454
27088,1107.9847991368454
27089,1107.9847991368454
27090,1107.9847991368454
27091,1107.9847991368454
27092,1107.9847991368454
27093,1107.9847991368454
27094,1107.9847991368454
27095,1107.9847991368454
27096,1107.9847991368454
27097,1107.9847991368454
27098,1107.9847991368454
27099,1107.9847991368454
27100,1107.9847991368454
27101,1107.9847991368454
27102,1107.9847991368454
27103,1107.9847991368454
27104,1107.9847991368454
27105,1107.9847991368454
27106,1107.9847991368454
27107,1107.9847991368454
27108,1107.9847991368454
27109,1107.9847991368454
27110,1107.9847991368454
27111,1107.9847991368454
27112,1107.9847991368454
27113,1107.9847991368454
27114,1107.9847991368454
27115,1107.9847991368454
27116,1107.9847991368454
27117,1107.9847991368454
27118,1107.9847991368454
27119,1107.9847991368454
27120,1107.9847991368454
27121,1107.9847991368454
27122,1107.9847991368454
27123,1107.9847991368454
27124,1107.9847991368454
27125,1107.9847991368454
27126,1107.9847991368454
27127,1107.9847991368454
27128,1107.9847991368454
27129,1107.9847991368454
27130,1107.9847991368454
27131,1107.9847991368454
27132,1107.9847991368454
27133,1107.9847991368454
27134,1107.9847991368454
27135,1107.9847991368454
27136,1107.9847991368454
27137,1107.9847991368454
27138,1107.9847991368454
27139,1107.9847991368454
27140,1107.9847991368454
27141,1107.9847991368454
27142,1107.9847991368454
27143,1107.9847991368454
27144,1107.9847991368454
27145,1107.9847991368454
27146,1107.9847991368454
27147,1107.9847991368454
27148,1107.9847991368454
27149,1107.9847991368454
27150,1107.9847991368454
27151,1107.9847991368454
27152,1107.9847991368454
27153,1107.9847991368454
27154,1107.9847991368454
27155,1107.9847991368454
27156,1107.9847991368454
27157,1107.9847991368454
27158,1107.9847991368454
27159,1107.9847991368454
27160,1107.9847991368454
27161,1107.9847991368454
27162,1107.9847991368454
27163,1107.9847991368454
27164,1107.9847991368454
27165,1107.9847991368454
27166,1107.9847991368454
27167,1107.9847991368454
27168,1107.9847991368454
27169,1107.9847991368454
27170,1107.9847991368454
27171,1107.9847991368454
27172,1107.9847991368454
27173,1107.9847991368454
27174,1107.9847991368454
27175,1107.9847991368454
27176,1107.9847991368454
27177,1107.9847991368454
27178,1107.9847991368454
27179,1107.9847991368454
27180,1107.9847991368454
27181,1107.9847991368454
27182,1107.9847991368454
27183,1107.9847991368454
27184,1107.9847991368454
27185,1107.9847991368454
27186,1107.9847991368454
27187,1107.9847991368454
27188,1107.9847991368454
27189,1107.9847991368454
27190,1107.9847991368454
27191,1107.9847991368454
27192,1107.9847991368454
27193,1107.9847991368454
27194,1107.9847991368454
27195,1107.9847991368454
27196,1107.9847991368454
27197,1107.9847991368454
27198,1107.9847991368454
27199,1107.9847991368454
27200,1107.9847991368454
27201,1107.9847991368454
27202,1107.9847991368454
27203,1107.9847991368454
27204,1107.9847991368454
27205,1107.9847991368454
27206,1107.9847991368454
27207,1107.9847991368454
27208,1107.9847991368454
27209,1107.9847991368454
27210,1107.9847991368454
27211,1107.9847991368454
27212,1107.9847991368454
27213,1107.9847991368454
27214,1107.9847991368454
27215,1107.9847991368454
27216,1107.9847991368454
27217,1107.9847991368454
27218,1107.9847991368454
27219,1107.9847991368454
27220,1107.9847991368454
27221,1107.9847991368454
27222,1107.9847991368454
27223,1107.9847991368454
27224,1107.9847991368454
27225,1107.9847991368454
27226,1107.9847991368454
27227,1107.9847991368454
27228,1107.9847991368454
27229,1107.9847991368454
27230,1107.9847991368454
27231,1107.9847991368454
27232,1107.9847991368454
27233,1107.9847991368454
27234,1107.9847991368454
27235,1107.9847991368454
27236,1107.9847991368454
27237,1107.9847991368454
27238,1107.9847991368454
27239,1107.9847991368454
27240,1107.9847991368454
27241,1107.9847991368454
27242,1107.9847991368454
27243,1107.9847991368454
27244,1107.9847991368454
27245,1107.9847991368454
27246,1107.9847991368454
27247,1107.9847991368454
27248,1107.9847991368454
27249,1107.9847991368454
27250,1107.9847991368454
27251,1107.9847991368454
27252,1107.9847991368454
27253,1107.9847991368454
27254,1107.9847991368454
27255,1107.9847991368454
27256,1107.9847991368454
27257,1107.9847991368454
27258,1107.9847991368454
27259,1107.9847991368454
27260,1107.9847991368454
27261,1107.9800792121548
27262,1107.9800792121548
27263,1107.9800792121548
27264,1107.9800792121548
27265,1107.9800792121548
27266,1107.9800792121548
27267,1107.9800792121548
27268,1107.9800792121548
27269,1107.9800792121548
27270,1107.9800792121548
27271,1107.9800792121548
27272,1107.9800792121548
27273,1107.9800792121548
27274,1107.9800792121548
27275,1107.9800792121548
27276,1107.9800792121548
27277,1107.9800792121548
27278,1107.9800792121548
27279,1107.9800792121548
27280,1107.9800792121548
27281,1107.9800792121548
27282,1107.9800792121548
27283,1107.9800792121548
27284,1107.9800792121548
27285,1107.9800792121548
27286,1107.9800792121548
27287,1107.9800792121548
27288,1107.9800792121548
27289,1107.9800792121548
27290,1107.9800792121548
27291,1107.9800792121548
27292,1107.9800792121548
27293,1107.9800792121548
27294,1107.9800792121548
27295,1107.9800792121548
27296,1107.9800792121548
27297,1107.9800792121548
27298,1107.9800792121548
27299,1107.9800792121548
27300,1107.9800792121548
27301,1107.9800792121548
27302,1107.9800792121548
27303,1107.9800792121548
27304,1107.9800792121548
27305,1107.9800792121548
27306,1107.9800792121548
27307,1107.9800792121548
27308,1107.9800792121548
27309,1107.9800792121548
27310,1107.9800792121548
27311,1107.9800792121548
27312,1107.9800792121548
27313,1107.9800792121548
27314,1107.9800792121548
27315,1107.9800792121548
27316,1107.9800792121548
27317,1107.9800792121548
27318,1107.9800792121548
27319,1107.9800792121548
27320,1107.9800792121548
27321,1107.9800792121548
27322,1107.9800792121548
27323,1107.9800792121548
27324,1107.9800792121548
27325,1107.9800792121548
27326,1107.9800792121548
27327,1107.9800792121548
27328,1107.9800792121548
27329,1107.9800792121548
27330,1107.9800792121548
27331,1107.9800792121548
27332,1107.9800792121548
27333,1107.9800792121548
27334,1107.9800792121548
27335,1107.9800792121548
27336,1107.9800792121548
27337,1107.9800792121548
27338,1107.9800792121548
27339,1107.9800792121548
27340,1099.1513381051568
27341,1099.1513381051568
27342,1099.1513381051568
27343,1099.1513381051568
27344,1099.1513381051568
27345,1099.1513381051568
27346,1099.1513381051568
27347,1099.1513381051568
27348,1099.1513381051568
27349,1099.1513381051568
27350,1099.1513381051568
27351,1099.1513381051568
27352,1099.1513381051568
27353,1099.1513381051568
27354,1099.1513381051568
27355,1099.1513381051568
27356,1099.1513381051568
27357,1099.1513381051568
27358,1099.1513381051568
27359,1099.1513381051568
27360,1099.1513381051568
27361,1099.1513381051568
27362,1099.1513381051568
27363,1099.1513381051568
27364,1099.1513381051568
27365,1099.1513381051568
27366,1099.1513381051568
27367,1099.1513381051568
27368,1099.1513381051568
27369,1099.1513381051568
27370,1099.1513381051568
27371,1099.1513381051568
27372,1099.1513381051568
27373,1099.1513381051568
27374,1099.1513381051568
27375,1099.1513381051568
27376,1099.1513381051568
27377,1099.1513381051568
27378,1099.1513381051568
27379,1099.1513381051568
27380,1099.1513381051568
27381,1099.1513381051568
27382,1099.1513381051568
27383,1099.1513381051568
27384,1099.1513381051568
27385,1099.1513381051568
27386,1099.1513381051568
27387,1099.1513381051568
27388,1099.1513381051568
27389,1099.1513381051568
27390,1099.1513381051568
27391,1099.1513381051568
27392,1099.1513381051568
27393,1099.1513381051568
27394,1099.1513381051568
27395,1099.1513381051568
27396,1099.1513381051568
27397,1099.1513381051568
27398,1099.1513381051568
27399,1099.1513381051568
27400,1099.1513381051568
27401,1099.1513381051568
27402,1099.1513381051568
27403,1099.1513381051568
27404,1099.1513381051568
27405,1099.1513381051568
27406,1099.1513381051568
27407,1099.1513381051568
27408,1099.1513381051568
27409,1099.1513381051568
27410,1099.1513381051568
27411,1099.1513381051568
27412,1099.1513381051568
27413,1099.1513381051568
27414,1099.1513381051568
27415,1099.1513381051568
27416,1099.1513381051568
27417,1099.1513381051568
27418,1099.1513381051568
27419,1099.1513381051568
27420,1099.1513381051568
27421,1099.1513381051568
27422,1099.1513381051568
27423,1099.1513381051568
27424,1099.1513381051568
27425,1099.1513381051568
27426,1099.1513381051568
27427,1099.1513381051568
27428,1099.1513381051568
27429,1099.1513381051568
27430,1099.1513381051568
27431,1099.1513381051568
27432,1099.1513381051568
27433,1099.1513381051568
27434,1099.1513381051568
27435,1099.1513381051568
27436,1099.1513381051568
27437,1099.1513381051568
27438,1099.1513381051568
27439,1099.1513381051568
27440,1099.1513381051568
27441,1099.1513381051568
27442,1099.1513381051568
27443,1099.1513381051568
27444,1099.1513381051568
27445,1099.1513381051568
27446,1099.1513381051568
27447,1099.1513381051568
27448,1099.1513381051568
27449,1099.1513381051568
27450,1099.1513381051568
27451,1099.1513381051568
27452,1099.1513381051568
27453,1099.1513381051568
27454,1099.1513381051568
27455,1098.770701077664
27456,1098.770701077664
27457,1098.770701077664
27458,1098.770701077664
27459,1098.770701077664
27460,1098.770701077664
27461,1098.770701077664
27462,1098.770701077664
27463,1098.770701077664
27464,1098.770701077664
27465,1098.770701077664
27466,1098.770701077664
27467,1098.770701077664
27468,1098.770701077664
27469,1098.770701077664
27470,1098.770701077664
27471,1098.770701077664
27472,1098.770701077664
27473,1098.770701077664
27474,1098.770701077664
27475,1098.770701077664
27476,1098.770701077664
27477,1098.770701077664
27478,1098.770701077664
27479,1098.770701077664
27480,1098.770701077664
27481,1098.770701077664
27482,1098.770701077664
27483,1098.770701077664
27484,1098.770701077664
27485,1098.770701077664
27486,1098.770701077664
27487,1098.770701077664
27488,1098.770701077664
27489,1098.770701077664
27490,1098.770701077664
27491,1098.770701077664
27492,1098.770701077664
27493,1098.770701077664
27494,1098.770701077664
27495,1098.770701077664
27496,1098.770701077664
27497,1098.770701077664
27498,1098.770701077664
27499,1098.770701077664
27500,1098.770701077664
27501,1098.770701077664
27502,1098.770701077664
27503,1098.770701077664
27504,1098.770701077664
27505,1098.770701077664
27506,1098.770701077664
27507,1098.770701077664
27508,1098.770701077664
27509,1098.770701077664
27510,1098.770701077664
27511,1098.770701077664
27512,1098.770701077664
27513,1098.770701077664
27514,1098.770701077664
27515,1098.770701077664
27516,1098.770701077664
27517,1098.770701077664
27518,1098.770701077664
27519,1098.770701077664
27520,1098.770701077664
27521,1098.770701077664
27522,1098.770701077664
27523,1098.770701077664
27524,1098.770701077664
27525,1098.770701077664
27526,1098.770701077664
27527,1098.770701077664
27528,1098.770701077664
27529,1098.770701077664
27530,1098.770701077664
27531,1098.770701077664
27532,1098.770701077664
27533,1098.770701077664
27534,1098.770701077664
27535,1098.770701077664
27536,1098.770701077664
27537,1098.770701077664
27538,1098.770701077664
27539,1098.770701077664
27540,1098.770701077664
27541,1098.770701077664
27542,1098.770701077664
27543,1098.770701077664
27544,1098.770701077664
27545,1098.770701077664
27546,1098.770701077664
27547,1098.770701077664
27548,1098.770701077664
27549,1098.770701077664
27550,1098.770701077664
27551,1098.770701077664
27552,1098.770701077664
27553,1098.770701077664
27554,1098.770701077664
27555,1098.770701077664
27556,1098.770701077664
27557,1098.770701077664
27558,1098.770701077664
27559,1098.770701077664
27560,1098.770701077664
27561,1098.770701077664
27562,1098.770701077664
27563,1098.770701077664
27564,1098.770701077664
27565,1098.770701077664
27566,1098.770701077664
27567,1098.770701077664
27568,1098.770701077664
27569,1098.770701077664
27570,1098.770701077664
27571,1098.770701077664
27572,1098.770701077664
27573,1098.770701077664
27574,1098.770701077664
27575,1098.770701077664
27576,1098.770701077664
27577,1098.770701077664
27578,1098.770701077664
27579,1098.770701077664
27580,1098.770701077664
27581,1098.770701077664
27582,1098.770701077664
27583,1098.770701077664
27584,1098.770701077664
27585,1098.770701077664
27586,1098.770701077664
27587,1098.770701077664
27588,1098.770701077664
27589,1098.770701077664
27590,1098.770701077664
27591,1098.770701077664
27592,1098.770701077664
27593,1098.770701077664
27594,1098.770701077664
27595,1098.770701077664
27596,1098.770701077664
27597,1098.770701077664
27598,1098.770701077664
27599,1098.770701077664
27600,1098.770701077664
27601,1098.770701077664
27602,1098.770701077664
27603,1098.770701077664
27604,1098.770701077664
27605,1098.770701077664
27606,1098.770701077664
27607,1098.770701077664
27608,1098.770701077664
27609,1098.770701077664
27610,1098.770701077664
27611,1098.770701077664
27612,1098.770701077664
27613,1098.770701077664
27614,1098.770701077664
27615,1098.770701077664
27616,1098.770701077664
27617,1098.770701077664
27618,1098.770701077664
27619,1098.770701077664
27620,1098.770701077664
27621,1098.770701077664
27622,1098.770701077664
27623,1098.770701077664
27624,1098.770701077664
27625,1098.770701077664
27626,1098.770701077664
27627,1098.770701077664
27628,1098.770701077664
27629,1098.770701077664
27630,1098.770701077664
27631,1098.770701077664
27632,1098.770701077664
27633,1098.770701077664
27634,1098.770701077664
27635,1098.770701077664
27636,1098.770701077664
27637,1098.770701077664
27638,1098.770701077664
27639,1098.770701077664
27640,1098.770701077664
27641,1098.770701077664
27642,1098.770701077664
27643,1098.770701077664
27644,1098.770701077664
27645,1098.770701077664
27646,1098.770701077664
27647,1098.770701077664
27648,1098.770701077664
27649,1098.770701077664
27650,1098.770701077664
27651,1098.770701077664
27652,1098.770701077664
27653,1098.770701077664
27654,1098.770701077664
27655,1098.770701077664
27656,1098.770701077664
27657,1098.770701077664
27658,1098.770701077664
27659,1098.770701077664
27660,1098.770701077664
27661,1098.770701077664
27662,1098.770701077664
27663,1098.770701077664
27664,1098.770701077664
27665,1098.770701077664
27666,1098.770701077664
27667,1098.770701077664
27668,1098.770701077664
27669,1098.770701077664
27670,1098.770701077664
27671,1098.770701077664
27672,1098.770701077664
27673,1098.770701077664
27674,1098.770701077664
27675,1098.770701077664
27676,1098.770701077664
27677,1098.770701077664
27678,1098.770701077664
27679,1098.770701077664
27680,1098.770701077664
27681,1098.770701077664
27682,1098.770701077664
27683,1098.770701077664
27684,1098.770701077664
27685,1098.770701077664
27686,1098.770701077664
27687,1098.770701077664
27688,1098.770701077664
27689,1098.770701077664
27690,1098.770701077664
27691,1098.770701077664
27692,1098.770701077664
27693,1098.770701077664
27694,1098.770701077664
27695,1098.770701077664
27696,1098.770701077664
27697,1098.770701077664
27698,1098.770701077664
27699,1098.770701077664
27700,1098.770701077664
27701,1098.770701077664
27702,1098.770701077664
27703,1098.770701077664
27704,1098.770701077664
27705,1098.770701077664
27706,1098.770701077664
27707,1098.770701077664
27708,1098.770701077664
27709,1098.770701077664
27710,1098.770701077664
27711,1098.770701077664
27712,1098.770701077664
27713,1098.770701077664
27714,1098.770701077664
27715,1098.770701077664
27716,1098.770701077664
27717,1098.770701077664
27718,1098.770701077664
27719,1098.770701077664
27720,1098.770701077664
27721,1098.770701077664
27722,1098.770701077664
27723,1098.770701077664
27724,1098.770701077664
27725,1098.770701077664
27726,1098.770701077664
27727,1098.770701077664
27728,1098.770701077664
27729,1098.770701077664
27730,1098.770701077664
27731,1098.770701077664
27732,1098.770701077664
27733,1098.770701077664
27734,1098.770701077664
27735,1098.770701077664
27736,1098.770701077664
27737,1098.770701077664
27738,1098.770701077664
27739,1098.770701077664
27740,1098.770701077664
27741,1098.770701077664
27742,1098.770701077664
27743,1098.770701077664
27744,1098.770701077664
27745,1098.770701077664
27746,1098.770701077664
27747,1098.770701077664
27748,1098.770701077664
27749,1098.770701077664
27750,1098.770701077664
27751,1098.770701077664
27752,1098.770701077664
27753,1098.770701077664
27754,1098.770701077664
27755,1098.770701077664
27756,1098.770701077664
27757,1098.770701077664
27758,1098.770701077664
27759,1098.770701077664
27760,1098.770701077664
27761,1098.770701077664
27762,1098.770701077664
27763,1098.770701077664
27764,1098.770701077664
27765,1098.770701077664
27766,1098.770701077664
27767,1098.770701077664
27768,1098.770701077664
27769,1098.770701077664
27770,1098.770701077664
27771,1098.770701077664
27772,1098.770701077664
27773,1098.770701077664
27774,1098.770701077664
27775,1098.770701077664
27776,1098.770701077664
27777,1098.770701077664
27778,1098.770701077664
27779,1098.770701077664
27780,1098.770701077664
27781,1098.770701077664
27782,1098.770701077664
27783,1098.770701077664
27784,1098.770701077664
27785,1098.770701077664
27786,1098.770701077664
27787,1098.770701077664
27788,1098.770701077664
27789,1098.770701077664
27790,1098.770701077664
27791,1098.770701077664
27792,1098.770701077664
27793,1098.770701077664
27794,1098.770701077664
27795,1098.770701077664
27796,1098.770701077664
27797,1098.770701077664
27798,1098.770701077664
27799,1098.770701077664
27800,1098.770701077664
27801,1098.770701077664
27802,1098.770701077664
27803,1098.770701077664
27804,1098.770701077664
27805,1098.770701077664
27806,1098.770701077664
27807,1098.770701077664
27808,1098.770701077664
27809,1098.770701077664
27810,1098.770701077664
27811,1098.770701077664
27812,1098.770701077664
27813,1098.770701077664
27814,1098.770701077664
27815,1098.770701077664
27816,1098.770701077664
27817,1098.770701077664
27818,1098.770701077664
27819,1098.770701077664
27820,1098.770701077664
27821,1098.770701077664
27822,1098.770701077664
27823,1098.770701077664
27824,1098.770701077664
27825,1098.770701077664
27826,1098.770701077664
27827,1098.770701077664
27828,1098.770701077664
27829,1098.770701077664
27830,1098.770701077664
27831,1098.770701077664
27832,1098.770701077664
27833,1098.770701077664
27834,1098.770701077664
27835,1098.770701077664
27836,1098.770701077664
27837,1098.770701077664
27838,1098.770701077664
27839,1098.770701077664
27840,1098.770701077664
27841,1098.770701077664
27842,1098.770701077664
27843,1098.770701077664
27844,1098.770701077664
27845,1098.770701077664
27846,1098.770701077664
27847,1098.770701077664
27848,1098.770701077664
27849,1098.770701077664
27850,1098.770701077664
27851,1098.770701077664
27852,1098.770701077664
27853,1098.770701077664
27854,1098.770701077664
27855,1098.770701077664
27856,1098.770701077664
27857,1098.770701077664
27858,1098.770701077664
27859,1098.770701077664
27860,1098.770701077664
27861,1098.770701077664
27862,1098.770701077664
27863,1098.770701077664
27864,1098.770701077664
27865,1098.770701077664
27866,1098.770701077664
27867,1098.770701077664
27868,1098.770701077664
27869,1098.770701077664
27870,1098.770701077664
27871,1098.770701077664
27872,1098.770701077664
27873,1098.770701077664
27874,1098.770701077664
27875,1098.770701077664
27876,1098.770701077664
27877,1098.770701077664
27878,1098.770701077664
27879,1098.770701077664
27880,1098.770701077664
27881,1098.770701077664
27882,1098.770701077664
27883,1098.770701077664
27884,1098.770701077664
27885,1098.770701077664
27886,1098.770701077664
27887,1098.770701077664
27888,1098.770701077664
27889,1098.770701077664
27890,1098.770701077664
27891,1098.770701077664
27892,1098.770701077664
27893,1098.770701077664
27894,1098.770701077664
27895,1098.770701077664
27896,1098.770701077664
27897,1098.770701077664
27898,1098.770701077664
27899,1098.770701077664
27900,1098.770701077664
27901,1098.770701077664
27902,1098.770701077664
27903,1098.770701077664
27904,1098.770701077664
27905,1098.770701077664
27906,1098.770701077664
27907,1098.770701077664
27908,1098.770701077664
27909,1098.770701077664
27910,1098.770701077664
27911,1098.770701077664
27912,1098.770701077664
27913,1098.770701077664
27914,1098.770701077664
27915,1098.770701077664
27916,1098.770701077664
27917,1098.770701077664
27918,1098.770701077664
27919,1098.770701077664
27920,1098.770701077664
27921,1098.770701077664
27922,1098.770701077664
27923,1098.770701077664
27924,1098.770701077664
27925,1098.770701077664
27926,1098.770701077664
27927,1098.770701077664
27928,1098.770701077664
27929,1098.770701077664
27930,1098.770701077664
27931,1098.770701077664
27932,1098.770701077664
27933,1098.770701077664
27934,1098.770701077664
27935,1098.770701077664
27936,1098.770701077664
27937,1098.770701077664
27938,1098.770701077664
27939,1098.770701077664
27940,1098.770701077664
27941,1098.770701077664
27942,1098.770701077664
27943,1098.770701077664
27944,1098.770701077664
27945,1098.770701077664
27946,1098.770701077664
27947,1098.770701077664
27948,1098.770701077664
27949,1098.770701077664
27950,1098.770701077664
27951,1098.770701077664
27952,1098.770701077664
27953,1098.770701077664
27954,1098.770701077664
27955,1098.770701077664
27956,1098.770701077664
27957,1098.770701077664
27958,1098.770701077664
27959,1098.770701077664
27960,1098.770701077664
27961,1098.770701077664
27962,1098.770701077664
27963,1098.770701077664
27964,1098.770701077664
27965,1098.770701077664
27966,1098.770701077664
27967,1098.770701077664
27968,1098.770701077664
27969,1098.770701077664
27970,1098.770701077664
27971,1098.770701077664
27972,1098.770701077664
27973,1098.770701077664
27974,1098.770701077664
27975,1098.770701077664
27976,1098.770701077664
27977,1098.770701077664
27978,1098.770701077664
27979,1098.770701077664
27980,1098.770701077664
27981,1098.770701077664
27982,1098.770701077664
27983,1098.770701077664
27984,1098.770701077664
27985,1098.770701077664
27986,1098.770701077664
27987,1098.770701077664
27988,1098.770701077664
27989,1098.770701077664
27990,1098.770701077664
27991,1098.770701077664
27992,1098.770701077664
27993,1098.770701077664
27994,1098.770701077664
27995,1098.770701077664
27996,1098.770701077664
27997,1098.770701077664
27998,1098.770701077664
27999,1098.770701077664
28000,1098.770701077664
28001,1098.770701077664
28002,1098.770701077664
28003,1098.770701077664
28004,1098.770701077664
28005,1098.770701077664
28006,1098.770701077664
28007,1098.770701077664
28008,1098.770701077664
28009,1098.770701077664
28010,1098.770701077664
28011,1098.770701077664
28012,1098.770701077664
28013,1098.770701077664
28014,1098.770701077664
28015,1098.770701077664
28016,1098.770701077664
28017,1098.770701077664
28018,1098.770701077664
28019,1098.770701077664
28020,1095.6306004204425
28021,1095.6306004204425
28022,1095.6306004204425
28023,1095.6306004204425
28024,1095.6306004204425
28025,1095.6306004204425
28026,1095.6306004204425
28027,1095.6306004204425
28028,1095.6306004204425
28029,1095.6306004204425
28030,1095.6306004204425
28031,1095.6306004204425
28032,1095.6306004204425
28033,1095.6306004204425
28034,1095.6306004204425
28035,1095.6306004204425
28036,1095.6306004204425
28037,1095.6306004204425
28038,1095.6306004204425
28039,1095.6306004204425
28040,1095.6306004204425
28041,1095.6306004204425
28042,1095.6306004204425
28043,1095.6306004204425
28044,1095.6306004204425
28045,1095.6306004204425
28046,1095.6306004204425
28047,1095.6306004204425
28048,1095.6306004204425
28049,1095.6306004204425
28050,1095.6306004204425
28051,1095.6306004204425
28052,1095.6306004204425
28053,1095.6306004204425
28054,1095.6306004204425
28055,1095.6306004204425
28056,1095.6306004204425
28057,1095.6306004204425
28058,1095.6306004204425
28059,1095.6306004204425
28060,1095.6306004204425
28061,1095.6306004204425
28062,1095.6306004204425
28063,1095.6306004204425
28064,1095.6306004204425
28065,1095.6306004204425
28066,1095.6306004204425
28067,1095.6306004204425
28068,1095.6306004204425
28069,1095.6306004204425
28070,1095.6306004204425
28071,1095.6306004204425
28072,1095.6306004204425
28073,1095.6306004204425
28074,1095.6306004204425
28075,1095.6306004204425
28076,1095.6306004204425
28077,1095.6306004204425
28078,1095.6306004204425
28079,1095.6306004204425
28080,1095.6306004204425
28081,1095.6306004204425
28082,1095.6306004204425
28083,1095.6306004204425
28084,1095.6306004204425
28085,1095.6306004204425
28086,1095.6306004204425
28087,1095.6306004204425
28088,1095.6306004204425
28089,1095.6306004204425
28090,1095.6306004204425
28091,1095.6306004204425
28092,1095.6306004204425
28093,1095.6306004204425
28094,1095.6306004204425
28095,1095.6306004204425
28096,1095.6306004204425
28097,1095.6306004204425
28098,1095.6306004204425
28099,1095.6306004204425
28100,1095.6306004204425
28101,1095.6306004204425
28102,1095.6306004204425
28103,1095.6306004204425
28104,1095.6306004204425
28105,1095.6306004204425
28106,1095.6306004204425
28107,1095.6306004204425
28108,1095.6306004204425
28109,1095.6306004204425
28110,1095.6306004204425
28111,1095.6306004204425
28112,1095.6306004204425
28113,1095.6306004204425
28114,1095.6306004204425
28115,1095.6306004204425
28116,1095.6306004204425
28117,1095.6306004204425
28118,1095.6306004204425
28119,1095.6306004204425
28120,1095.6306004204425
28121,1095.6306004204425
28122,1095.6306004204425
28123,1095.6306004204425
28124,1095.6306004204425
28125,1095.6306004204425
28126,1095.6306004204425
28127,1095.6306004204425
28128,1095.6306004204425
28129,1095.6306004204425
28130,1095.6306004204425
28131,1095.6306004204425
28132,1095.6306004204425
28133,1095.6306004204425
28134,1095.6306004204425
28135,1095.6306004204425
28136,1095.6306004204425
28137,1095.6306004204425
28138,1095.6306004204425
28139,1095.6306004204425
28140,1095.6306004204425
28141,1095.6306004204425
28142,1095.6306004204425
28143,1095.6306004204425
28144,1095.6306004204425
28145,1095.6306004204425
28146,1095.6306004204425
28147,1095.6306004204425
28148,1095.6306004204425
28149,1095.6306004204425
28150,1095.6306004204425
28151,1095.6306004204425
28152,1095.6306004204425
28153,1095.6306004204425
28154,1095.6306004204425
28155,1095.6306004204425
28156,1095.6306004204425
28157,1095.6306004204425
28158,1095.6306004204425
28159,1095.6306004204425
28160,1095.6306004204425
28161,1095.6306004204425
28162,1095.6306004204425
28163,1095.6306004204425
28164,1095.6306004204425
28165,1095.6306004204425
28166,1095.6306004204425
28167,1095.6306004204425
28168,1095.6306004204425
28169,1095.6306004204425
28170,1095.6306004204425
28171,1095.6306004204425
28172,1095.6306004204425
28173,1095.6306004204425
28174,1095.6306004204425
28175,1095.6306004204425
28176,1095.6306004204425
28177,1095.6306004204425
28178,1095.6306004204425
28179,1095.6306004204425
28180,1095.6306004204425
28181,1095.6306004204425
28182,1095.6306004204425
28183,1095.6306004204425
28184,1095.6306004204425
28185,1095.6306004204425
28186,1095.6306004204425
28187,1095.6306004204425
28188,1095.6306004204425
28189,1095.6306004204425
28190,1095.6306004204425
28191,1095.6306004204425
28192,1095.6306004204425
28193,1095.6306004204425
28194,1095.6306004204425
28195,1095.6306004204425
28196,1095.6306004204425
28197,1095.6306004204425
28198,1095.6306004204425
28199,1095.6306004204425
28200,1095.6306004204425
28201,1095.6306004204425
28202,1095.6306004204425
28203,1095.6306004204425
28204,1095.6306004204425
28205,1095.6306004204425
28206,1095.6306004204425
28207,1095.6306004204425
28208,1095.6306004204425
28209,1095.6306004204425
28210,1095.6306004204425
28211,1095.6306004204425
28212,1095.6306004204425
28213,1095.6306004204425
28214,1095.6306004204425
28215,1095.6306004204425
28216,1095.6306004204425
28217,1095.6306004204425
28218,1095.6306004204425
28219,1095.6306004204425
28220,1095.6306004204425
28221,1095.6306004204425
28222,1095.6306004204425
28223,1095.6306004204425
28224,1095.6306004204425
28225,1095.6306004204425
28226,1095.6306004204425
28227,1095.6306004204425
28228,1095.6306004204425
28229,1095.6306004204425
28230,1095.6306004204425
28231,1095.6306004204425
28232,1095.6306004204425
28233,1095.6306004204425
28234,1095.6306004204425
28235,1095.6306004204425
28236,1095.6306004204425
28237,1095.6306004204425
28238,1095.6306004204425
28239,1095.6306004204425
28240,1095.6306004204425
28241,1095.6306004204425
28242,1095.6306004204425
28243,1095.6306004204425
28244,1095.6306004204425
28245,1095.6306004204425
28246,1095.6306004204425
28247,1095.6306004204425
28248,1095.6306004204425
28249,1095.6306004204425
28250,1095.6306004204425
28251,1095.6306004204425
28252,1095.6306004204425
28253,1095.6306004204425
28254,1095.6306004204425
28255,1095.6306004204425
28256,1095.6306004204425
28257,1095.6306004204425
28258,1095.6306004204425
28259,1095.6306004204425
28260,1095.6306004204425
28261,1095.6306004204425
28262,1095.6306004204425
28263,1095.6306004204425
28264,1095.6306004204425
28265,1095.6306004204425
28266,1095.6306004204425
28267,1095.6306004204425
28268,1095.6306004204425
28269,1095.6306004204425
28270,1095.6306004204425
28271,1095.6306004204425
28272,1095.6306004204425
28273,1095.6306004204425
28274,1095.6306004204425
28275,1095.6306004204425
28276,1095.6306004204425
28277,1095.6306004204425
28278,1095.6306004204425
28279,1095.6306004204425
28280,1095.6306004204425
28281,1095.6306004204425
28282,1095.6306004204425
28283,1095.6306004204425
28284,1095.6306004204425
28285,1095.6306004204425
28286,1095.6306004204425
28287,1095.6306004204425
28288,1095.6306004204425
28289,1095.6306004204425
28290,1095.6306004204425
28291,1095.6306004204425
28292,1095.6306004204425
28293,1095.6306004204425
28294,1095.6306004204425
28295,1095.6306004204425
28296,1095.6306004204425
28297,1095.6306004204425
28298,1095.6306004204425
28299,1095.6306004204425
28300,1095.6306004204425
28301,1095.6306004204425
28302,1095.6306004204425
28303,1095.6306004204425
28304,1095.6306004204425
28305,1095.6306004204425
28306,1095.6306004204425
28307,1095.6306004204425
28308,1095.6306004204425
28309,1095.6306004204425
28310,1095.6306004204425
28311,1095.6306004204425
28312,1095.6306004204425
28313,1095.6306004204425
28314,1095.6306004204425
28315,1095.6306004204425
28316,1095.6306004204425
28317,1095.6306004204425
28318,1095.6306004204425
28319,1095.6306004204425
28320,1095.6306004204425
28321,1095.6306004204425
28322,1095.6306004204425
28323,1095.6306004204425
28324,1095.6306004204425
28325,1095.6306004204425
28326,1095.6306004204425
28327,1095.6306004204425
28328,1095.6306004204425
28329,1095.6306004204425
28330,1095.6306004204425
28331,1095.6306004204425
28332,1095.6306004204425
28333,1095.6306004204425
28334,1095.6306004204425
28335,1095.6306004204425
28336,1095.6306004204425
28337,1095.6306004204425
28338,1095.6306004204425
28339,1095.6306004204425
28340,1095.6306004204425
28341,1095.6306004204425
28342,1095.6306004204425
28343,1095.6306004204425
28344,1095.6306004204425
28345,1095.6306004204425
28346,1095.6306004204425
28347,1095.6306004204425
28348,1095.6306004204425
28349,1095.6306004204425
28350,1095.6306004204425
28351,1095.6306004204425
28352,1095.6306004204425
28353,1095.6306004204425
28354,1095.6306004204425
28355,1095.6306004204425
28356,1095.6306004204425
28357,1095.6306004204425
28358,1095.6306004204425
28359,1095.6306004204425
28360,1095.6306004204425
28361,1095.6306004204425
28362,1095.6306004204425
28363,1095.6306004204425
28364,1095.6306004204425
28365,1095.6306004204425
28366,1095.6306004204425
28367,1095.6306004204425
28368,1095.6306004204425
28369,1095.6306004204425
28370,1095.6306004204425
28371,1095.6306004204425
28372,1095.6306004204425
28373,1095.6306004204425
28374,1095.6306004204425
28375,1095.6306004204425
28376,1095.6306004204425
28377,1095.6306004204425
28378,1095.6306004204425
28379,1095.6306004204425
28380,1095.6306004204425
28381,1095.6306004204425
28382,1095.6306004204425
28383,1095.6306004204425
28384,1095.6306004204425
28385,1095.6306004204425
28386,1095.6306004204425
28387,1095.6306004204425
28388,1095.6306004204425
28389,1095.6306004204425
28390,1095.6306004204425
28391,1095.6306004204425
28392,1095.6306004204425
28393,1095.6306004204425
28394,1095.6306004204425
28395,1095.6306004204425
28396,1095.6306004204425
28397,1095.6306004204425
28398,1095.6306004204425
28399,1095.6306004204425
28400,1095.6306004204425
28401,1095.6306004204425
28402,1095.6306004204425
28403,1095.6306004204425
28404,1095.6306004204425
28405,1095.6306004204425
28406,1095.6306004204425
28407,1095.6306004204425
28408,1095.6306004204425
28409,1095.6306004204425
28410,1095.6306004204425
28411,1095.6306004204425
28412,1095.6306004204425
28413,1095.6306004204425
28414,1095.6306004204425
28415,1095.6306004204425
28416,1095.6306004204425
28417,1095.6306004204425
28418,1095.6306004204425
28419,1095.6306004204425
28420,1095.6306004204425
28421,1095.6306004204425
28422,1095.6306004204425
28423,1095.6306004204425
28424,1095.6306004204425
28425,1095.6306004204425
28426,1095.6306004204425
28427,1095.6306004204425
28428,1095.6306004204425
28429,1095.6306004204425
28430,1095.6306004204425
28431,1095.6306004204425
28432,1095.6306004204425
28433,1095.6306004204425
28434,1095.6306004204425
28435,1095.6306004204425
28436,1095.6306004204425
28437,1095.6306004204425
28438,1095.6306004204425
28439,1095.6306004204425
28440,1095.6306004204425
28441,1095.6306004204425
28442,1095.6306004204425
28443,1095.6306004204425
28444,1095.6306004204425
28445,1095.6306004204425
28446,1095.6306004204425
28447,1095.6306004204425
28448,1095.6306004204425
28449,1095.6306004204425
28450,1095.6306004204425
28451,1095.6306004204425
28452,1095.6306004204425
28453,1095.6306004204425
28454,1095.6306004204425
28455,1095.6306004204425
28456,1095.6306004204425
28457,1095.6306004204425
28458,1095.6306004204425
28459,1095.6306004204425
28460,1095.6306004204425
28461,1095.6306004204425
28462,1095.6306004204425
28463,1095.6306004204425
28464,1095.6306004204425
28465,1095.6306004204425
28466,1095.6306004204425
28467,1095.6306004204425
28468,1095.6306004204425
28469,1095.6306004204425
28470,1095.6306004204425
28471,1095.6306004204425
28472,1095.6306004204425
28473,1095.6306004204425
28474,1095.6306004204425
28475,1095.6306004204425
28476,1095.6306004204425
28477,1095.6306004204425
28478,1095.6306004204425
28479,1095.6306004204425
28480,1095.6306004204425
28481,1095.6306004204425
28482,1095.6306004204425
28483,1095.6306004204425
28484,1095.6306004204425
28485,1095.6306004204425
28486,1095.6306004204425
28487,1095.6306004204425
28488,1095.6306004204425
28489,1095.6306004204425
28490,1095.6306004204425
28491,1095.6306004204425
28492,1095.6306004204425
28493,1095.6306004204425
28494,1095.6306004204425
28495,1095.6306004204425
28496,1095.6306004204425
28497,1095.6306004204425
28498,1095.6306004204425
28499,1095.6306004204425
28500,1095.6306004204425
28501,1095.6306004204425
28502,1095.6306004204425
28503,1095.6306004204425
28504,1095.6306004204425
28505,1095.6306004204425
28506,1095.6306004204425
28507,1095.6306004204425
28508,1095.6306004204425
28509,1095.6306004204425
28510,1095.6306004204425
28511,1095.6306004204425
28512,1095.6306004204425
28513,1095.6306004204425
28514,1095.6306004204425
28515,1095.6306004204425
28516,1095.6306004204425
28517,1095.6306004204425
28518,1095.6306004204425
28519,1095.6306004204425
28520,1095.6306004204425
28521,1095.6306004204425
28522,1095.6306004204425
28523,1095.6306004204425
28524,1095.6306004204425
28525,1095.6306004204425
28526,1095.6306004204425
28527,1095.6306004204425
28528,1095.6306004204425
28529,1095.6306004204425
28530,1095.6306004204425
28531,1095.6306004204425
28532,1095.6306004204425
28533,1095.6306004204425
28534,1095.6306004204425
28535,1095.6306004204425
28536,1095.6306004204425
28537,1095.6306004204425
28538,1095.6306004204425
28539,1095.6306004204425
28540,1095.6306004204425
28541,1095.6306004204425
28542,1095.6306004204425
28543,1095.6306004204425
28544,1095.6306004204425
28545,1095.6306004204425
28546,1095.6306004204425
28547,1095.6306004204425
28548,1095.6306004204425
28549,1095.6306004204425
28550,1095.6306004204425
28551,1095.6306004204425
28552,1095.6306004204425
28553,1095.6306004204425
28554,1095.6306004204425
28555,1095.6306004204425
28556,1095.6306004204425
28557,1095.6306004204425
28558,1095.6306004204425
28559,1095.6306004204425
28560,1095.6306004204425
28561,1095.6306004204425
28562,1095.6306004204425
28563,1095.6306004204425
28564,1095.6306004204425
28565,1095.6306004204425
28566,1095.6306004204425
28567,1095.6306004204425
28568,1095.6306004204425
28569,1095.6306004204425
28570,1095.6306004204425
28571,1095.6306004204425
28572,1095.6306004204425
28573,1095.6306004204425
28574,1095.6306004204425
28575,1095.6306004204425
28576,1095.6306004204425
28577,1095.6306004204425
28578,1095.6306004204425
28579,1095.6306004204425
28580,1095.6306004204425
28581,1095.6306004204425
28582,1095.6306004204425
28583,1095.6306004204425
28584,1095.6306004204425
28585,1095.6306004204425
28586,1095.6306004204425
28587,1095.6306004204425
28588,1095.6306004204425
28589,1095.6306004204425
28590,1095.6306004204425
28591,1095.6306004204425
28592,1095.6306004204425
28593,1095.6306004204425
28594,1095.6306004204425
28595,1095.6306004204425
28596,1095.6306004204425
28597,1095.6306004204425
28598,1095.6306004204425
28599,1095.6306004204425
28600,1095.6306004204425
28601,1095.6306004204425
28602,1095.6306004204425
28603,1095.6306004204425
28604,1095.6306004204425
28605,1095.6306004204425
28606,1095.6306004204425
28607,1095.6306004204425
28608,1095.6306004204425
28609,1095.6306004204425
28610,1095.6306004204425
28611,1095.6306004204425
28612,1095.6306004204425
28613,1095.6306004204425
28614,1095.6306004204425
28615,1095.6306004204425
28616,1095.6306004204425
28617,1095.6306004204425
28618,1095.6306004204425
28619,1095.6306004204425
28620,1095.6306004204425
28621,1095.6306004204425
28622,1095.6306004204425
28623,1095.6306004204425
28624,1095.6306004204425
28625,1095.6306004204425
28626,1095.6306004204425
28627,1095.6306004204425
28628,1095.6306004204425
28629,1095.6306004204425
28630,1095.6306004204425
28631,1095.6306004204425
28632,1095.6306004204425
28633,1095.6306004204425
28634,1095.6306004204425
28635,1095.6306004204425
28636,1095.6306004204425
28637,1095.6306004204425
28638,1095.6306004204425
28639,1095.6306004204425
28640,1095.6306004204425
28641,1095.6306004204425
28642,1095.6306004204425
28643,1095.6306004204425
28644,1095.6306004204425
28645,1095.6306004204425
28646,1095.6306004204425
28647,1095.6306004204425
28648,1095.6306004204425
28649,1095.6306004204425
28650,1095.6306004204425
28651,1095.6306004204425
28652,1095.6306004204425
28653,1095.6306004204425
28654,1095.6306004204425
28655,1095.6306004204425
28656,1095.6306004204425
28657,1095.6306004204425
28658,1095.6306004204425
28659,1095.6306004204425
28660,1095.6306004204425
28661,1095.6306004204425
28662,1095.6306004204425
28663,1095.6306004204425
28664,1095.6306004204425
28665,1095.6306004204425
28666,1095.6306004204425
28667,1095.6306004204425
28668,1095.6306004204425
28669,1095.6306004204425
28670,1095.6306004204425
28671,1095.6306004204425
28672,1095.6306004204425
28673,1095.6306004204425
28674,1095.6306004204425
28675,1095.6306004204425
28676,1095.6306004204425
28677,1095.6306004204425
28678,1095.6306004204425
28679,1095.6306004204425
28680,1095.6306004204425
28681,1095.6306004204425
28682,1095.6306004204425
28683,1095.6306004204425
28684,1095.6306004204425
28685,1095.6306004204425
28686,1095.6306004204425
28687,1095.6306004204425
28688,1095.6306004204425
28689,1095.6306004204425
28690,1095.6306004204425
28691,1095.6306004204425
28692,1095.6306004204425
28693,1095.6306004204425
28694,1095.6306004204425
28695,1095.6306004204425
28696,1095.6306004204425
28697,1095.6306004204425
28698,1095.6306004204425
28699,1095.6306004204425
28700,1095.6306004204425
28701,1095.6306004204425
28702,1095.6306004204425
28703,1095.6306004204425
28704,1095.6306004204425
28705,1095.6306004204425
28706,1095.6306004204425
28707,1095.6306004204425
28708,1095.6306004204425
28709,1095.6306004204425
28710,1095.6306004204425
28711,1095.6306004204425
28712,1095.6306004204425
28713,1095.6306004204425
28714,1095.6306004204425
28715,1095.6306004204425
28716,1095.6306004204425
28717,1095.6306004204425
28718,1095.6306004204425
28719,1095.6306004204425
28720,1095.6306004204425
28721,1095.6306004204425
28722,1095.6306004204425
28723,1095.6306004204425
28724,1095.6306004204425
28725,1095.6306004204425
28726,1095.6306004204425
28727,1095.6306004204425
28728,1095.6306004204425
28729,1095.6306004204425
28730,1095.6306004204425
28731,1095.6306004204425
28732,1095.6306004204425
28733,1095.6306004204425
28734,1095.6306004204425
28735,1095.6306004204425
28736,1095.6306004204425
28737,1095.6306004204425
28738,1095.6306004204425
28739,1095.6306004204425
28740,1095.6306004204425
28741,1095.6306004204425
28742,1095.6306004204425
28743,1095.6306004204425
28744,1095.6306004204425
28745,1095.6306004204425
28746,1095.6306004204425
28747,1095.6306004204425
28748,1095.6306004204425
28749,1095.6306004204425
28750,1095.6306004204425
28751,1095.6306004204425
28752,1095.6306004204425
28753,1095.6306004204425
28754,1095.6306004204425
28755,1095.6306004204425
28756,1095.6306004204425
28757,1095.6306004204425
28758,1095.6306004204425
28759,1095.6306004204425
28760,1095.6306004204425
28761,1095.6306004204425
28762,1095.6306004204425
28763,1095.6306004204425
28764,1095.6306004204425
28765,1095.6306004204425
28766,1095.6306004204425
28767,1095.6306004204425
28768,1095.6306004204425
28769,1095.6306004204425
28770,1095.6306004204425
28771,1095.6306004204425
28772,1095.6306004204425
28773,1095.6306004204425
28774,1095.6306004204425
28775,1095.6306004204425
28776,1095.6306004204425
28777,1095.6306004204425
28778,1095.6306004204425
28779,1095.6306004204425
28780,1095.6306004204425
28781,1095.6306004204425
28782,1095.6306004204425
28783,1095.6306004204425
28784,1095.6306004204425
28785,1095.6306004204425
28786,1095.6306004204425
28787,1095.6306004204425
28788,1095.6306004204425
28789,1095.6306004204425
28790,1095.6306004204425
28791,1095.6306004204425
28792,1095.6306004204425
28793,1095.6306004204425
28794,1095.6306004204425
28795,1095.6306004204425
28796,1095.6306004204425
28797,1095.6306004204425
28798,1095.6306004204425
28799,1095.6306004204425
28800,1095.6306004204425
28801,1095.6306004204425
28802,1095.6306004204425
28803,1095.6306004204425
28804,1095.6306004204425
28805,1095.6306004204425
28806,1095.6306004204425
28807,1095.6306004204425
28808,1095.6306004204425
28809,1095.6306004204425
28810,1095.6306004204425
28811,1095.6306004204425
28812,1095.6306004204425
28813,1095.6306004204425
28814,1095.6306004204425
28815,1095.6306004204425
28816,1095.6306004204425
28817,1095.6306004204425
28818,1095.6306004204425
28819,1095.6306004204425
28820,1095.6306004204425
28821,1095.6306004204425
28822,1095.6306004204425
28823,1095.6306004204425
28824,1095.6306004204425
28825,1095.6306004204425
28826,1095.6306004204425
28827,1095.6306004204425
28828,1095.6306004204425
28829,1095.6306004204425
28830,1095.6306004204425
28831,1095.6306004204425
28832,1095.6306004204425
28833,1095.6306004204425
28834,1095.6306004204425
28835,1095.6306004204425
28836,1095.6306004204425
28837,1095.6306004204425
28838,1095.6306004204425
28839,1095.6306004204425
28840,1095.6306004204425
28841,1095.6306004204425
28842,1095.6306004204425
28843,1095.6306004204425
28844,1095.6306004204425
28845,1095.6306004204425
28846,1095.6306004204425
28847,1095.6306004204425
28848,1095.6306004204425
28849,1095.6306004204425
28850,1095.6306004204425
28851,1095.6306004204425
28852,1095.6306004204425
28853,1095.6306004204425
28854,1095.6306004204425
28855,1095.6306004204425
28856,1095.6306004204425
28857,1095.6306004204425
28858,1095.6306004204425
28859,1095.6306004204425
28860,1095.6306004204425
28861,1095.6306004204425
28862,1095.6306004204425
28863,1095.6306004204425
28864,1095.6306004204425
28865,1095.6306004204425
28866,1095.6306004204425
28867,1095.6306004204425
28868,1095.6306004204425
28869,1095.6306004204425
28870,1095.6306004204425
28871,1095.6306004204425
28872,1095.6306004204425
28873,1095.6306004204425
28874,1095.6306004204425
28875,1095.6306004204425
28876,1095.6306004204425
28877,1095.6306004204425
28878,1095.6306004204425
28879,1095.6306004204425
28880,1095.6306004204425
28881,1095.6306004204425
28882,1095.6306004204425
28883,1095.6306004204425
28884,1095.6306004204425
28885,1095.6306004204425
28886,1095.6306004204425
28887,1095.6306004204425
28888,1095.6306004204425
28889,1095.6306004204425
28890,1095.6306004204425
28891,1095.6306004204425
28892,1095.6306004204425
28893,1095.6306004204425
28894,1095.6306004204425
28895,1095.6306004204425
28896,1095.6306004204425
28897,1095.6306004204425
28898,1095.6306004204425
28899,1095.6306004204425
28900,1095.6306004204425
28901,1095.6306004204425
28902,1095.6306004204425
28903,1095.6306004204425
28904,1095.6306004204425
28905,1095.6306004204425
28906,1095.6306004204425
28907,1095.6306004204425
28908,1095.6306004204425
28909,1095.6306004204425
28910,1095.6306004204425
28911,1095.6306004204425
28912,1095.6306004204425
28913,1095.6306004204425
28914,1095.6306004204425
28915,1095.6306004204425
28916,1095.6306004204425
28917,1095.6306004204425
28918,1095.6306004204425
28919,1095.6306004204425
28920,1095.6306004204425
28921,1095.6306004204425
28922,1095.6306004204425
28923,1095.6306004204425
28924,1095.6306004204425
28925,1095.6306004204425
28926,1095.6306004204425
28927,1095.6306004204425
28928,1095.6306004204425
28929,1095.6306004204425
28930,1095.6306004204425
28931,1095.6306004204425
28932,1095.6306004204425
28933,1095.6306004204425
28934,1095.6306004204425
28935,1095.6306004204425
28936,1095.6306004204425
28937,1095.6306004204425
28938,1095.6306004204425
28939,1095.6306004204425
28940,1095.6306004204425
28941,1095.6306004204425
28942,1095.6306004204425
28943,1095.6306004204425
28944,1095.6306004204425
28945,1095.6306004204425
28946,1095.6306004204425
28947,1095.6306004204425
28948,1095.6306004204425
28949,1095.6306004204425
28950,1095.6306004204425
28951,1095.6306004204425
28952,1095.6306004204425
28953,1095.6306004204425
28954,1095.6306004204425
28955,1095.6306004204425
28956,1095.6306004204425
28957,1095.6306004204425
28958,1095.6306004204425
28959,1095.6306004204425
28960,1087.4506036410012
28961,1087.4506036410012
28962,1087.4506036410012
28963,1087.4506036410012
28964,1087.4506036410012
28965,1087.4506036410012
28966,1087.4506036410012
28967,1087.4506036410012
28968,1087.4506036410012
28969,1087.4506036410012
28970,1087.4506036410012
28971,1087.4506036410012
28972,1087.4506036410012
28973,1087.4506036410012
28974,1087.4506036410012
28975,1087.4506036410012
28976,1087.4506036410012
28977,1087.4506036410012
28978,1087.4506036410012
28979,1087.4506036410012
28980,1087.4506036410012
28981,1087.4506036410012
28982,1087.4506036410012
28983,1087.4506036410012
28984,1087.4506036410012
28985,1087.4506036410012
28986,1087.4506036410012
28987,1087.4506036410012
28988,1087.4506036410012
28989,1087.4506036410012
28990,1087.4506036410012
28991,1087.4506036410012
28992,1087.4506036410012
28993,1087.4506036410012
28994,1087.4506036410012
28995,1087.4506036410012
28996,1087.4506036410012
28997,1087.4506036410012
28998,1087.4506036410012
28999,1087.4506036410012
29000,1087.4506036410012
29001,1086.463741407319
29002,1086.451402587822
29003,1086.451402587822
29004,1086.451402587822
29005,1086.451402587822
29006,1086.451402587822
29007,1086.451402587822
29008,1086.451402587822
29009,1086.451402587822
29010,1086.451402587822
29011,1086.451402587822
29012,1086.451402587822
29013,1086.451402587822
29014,1086.451402587822
29015,1086.451402587822
29016,1086.451402587822
29017,1086.451402587822
29018,1086.451402587822
29019,1086.451402587822
29020,1086.451402587822
29021,1086.451402587822
29022,1086.451402587822
29023,1086.451402587822
29024,1086.451402587822
29025,1086.451402587822
29026,1086.451402587822
29027,1086.451402587822
29028,1086.451402587822
29029,1086.451402587822
29030,1086.451402587822
29031,1086.451402587822
29032,1086.451402587822
29033,1086.451402587822
29034,1086.451402587822
29035,1086.451402587822
29036,1086.451402587822
29037,1086.451402587822
29038,1086.451402587822
29039,1086.451402587822
29040,1086.451402587822
29041,1086.451402587822
29042,1086.451402587822
29043,1086.451402587822
29044,1086.451402587822
29045,1086.451402587822
29046,1086.451402587822
29047,1086.451402587822
29048,1086.451402587822
29049,1086.451402587822
29050,1086.451402587822
29051,1086.451402587822
29052,1086.451402587822
29053,1086.451402587822
29054,1086.451402587822
29055,1086.451402587822
29056,1086.451402587822
29057,1086.451402587822
29058,1086.451402587822
29059,1086.451402587822
29060,1086.451402587822
29061,1086.451402587822
29062,1086.451402587822
29063,1086.451402587822
29064,1086.451402587822
29065,1086.451402587822
29066,1086.451402587822
29067,1086.451402587822
29068,1086.451402587822
29069,1086.451402587822
29070,1086.451402587822
29071,1086.451402587822
29072,1086.451402587822
29073,1086.451402587822
29074,1086.451402587822
29075,1086.451402587822
29076,1086.451402587822
29077,1086.451402587822
29078,1086.451402587822
29079,1086.451402587822
29080,1086.451402587822
29081,1086.451402587822
29082,1086.451402587822
29083,1086.451402587822
29084,1086.451402587822
29085,1086.451402587822
29086,1086.451402587822
29087,1086.451402587822
29088,1086.451402587822
29089,1086.451402587822
29090,1086.451402587822
29091,1086.451402587822
29092,1086.451402587822
29093,1086.451402587822
29094,1086.451402587822
29095,1086.451402587822
29096,1086.451402587822
29097,1086.451402587822
29098,1086.451402587822
29099,1086.451402587822
29100,1086.451402587822
29101,1086.451402587822
29102,1086.451402587822
29103,1086.451402587822
29104,1086.451402587822
29105,1086.451402587822
29106,1086.451402587822
29107,1086.451402587822
29108,1086.451402587822
29109,1086.451402587822
29110,1086.451402587822
29111,1086.451402587822
29112,1086.451402587822
29113,1086.451402587822
29114,1086.451402587822
29115,1086.451402587822
29116,1086.451402587822
29117,1086.451402587822
29118,1086.451402587822
29119,1086.451402587822
29120,1086.451402587822
29121,1086.451402587822
29122,1086.451402587822
29123,1086.451402587822
29124,1086.451402587822
29125,1086.451402587822
29126,1086.451402587822
29127,1086.451402587822
29128,1086.451402587822
29129,1086.451402587822
29130,1086.451402587822
29131,1086.451402587822
29132,1086.451402587822
29133,1086.451402587822
29134,1086.451402587822
29135,1086.451402587822
29136,1086.451402587822
29137,1086.451402587822
29138,1086.451402587822
29139,1086.451402587822
29140,1086.451402587822
29141,1086.451402587822
29142,1086.451402587822
29143,1086.451402587822
29144,1086.451402587822
29145,1086.451402587822
29146,1086.451402587822
29147,1086.451402587822
29148,1086.451402587822
29149,1086.451402587822
29150,1086.451402587822
29151,1086.451402587822
29152,1083.9481237722632
29153,1083.9481237722632
29154,1083.9481237722632
29155,1083.9481237722632
29156,1083.9481237722632
29157,1083.9481237722632
29158,1083.9481237722632
29159,1083.9481237722632
29160,1083.9481237722632
29161,1083.9481237722632
29162,1083.9481237722632
29163,1083.9481237722632
29164,1083.9481237722632
29165,1083.9481237722632
29166,1083.9481237722632
29167,1083.9481237722632
29168,1083.9481237722632
29169,1083.9481237722632
29170,1083.9481237722632
29171,1083.9481237722632
29172,1083.9481237722632
29173,1082.9265840020862
29174,1082.9265840020862
29175,1082.9265840020862
29176,1082.9265840020862
29177,1082.9265840020862
29178,1082.9265840020862
29179,1082.9265840020862
29180,1082.9265840020862
29181,1082.9265840020862
29182,1082.9265840020862
29183,1082.9265840020862
29184,1082.9265840020862
29185,1082.9265840020862
29186,1082.9265840020862
29187,1082.9265840020862
29188,1082.9265840020862
29189,1082.9265840020862
29190,1082.9265840020862
29191,1082.9265840020862
29192,1082.9265840020862
29193,1082.9265840020862
29194,1082.9265840020862
29195,1082.9265840020862
29196,1082.9265840020862
29197,1082.9265840020862
29198,1082.9265840020862
29199,1082.9265840020862
29200,1082.9265840020862
29201,1082.9265840020862
29202,1082.9265840020862
29203,1082.9265840020862
29204,1082.9265840020862
29205,1082.9265840020862
29206,1082.9265840020862
29207,1082.9265840020862
29208,1082.9265840020862
29209,1082.9265840020862
29210,1082.9265840020862
29211,1082.9265840020862
29212,1082.9265840020862
29213,1082.9265840020862
29214,1082.9265840020862
29215,1082.9265840020862
29216,1082.9265840020862
29217,1082.9265840020862
29218,1082.9265840020862
29219,1082.9265840020862
29220,1082.9265840020862
29221,1082.9265840020862
29222,1082.9265840020862
29223,1082.9265840020862
29224,1082.9265840020862
29225,1082.9265840020862
29226,1082.9265840020862
29227,1082.9265840020862
29228,1082.9265840020862
29229,1082.9265840020862
29230,1082.9265840020862
29231,1082.9265840020862
29232,1082.9265840020862
29233,1082.9265840020862
29234,1082.9265840020862
29235,1082.9265840020862
29236,1082.9265840020862
29237,1082.9265840020862
29238,1082.9265840020862
29239,1082.9265840020862
29240,1082.9265840020862
29241,1082.9265840020862
29242,1082.9265840020862
29243,1082.9265840020862
29244,1082.9265840020862
29245,1082.9265840020862
29246,1082.9265840020862
29247,1082.9265840020862
29248,1082.9265840020862
29249,1082.9265840020862
29250,1082.9265840020862
29251,1082.9265840020862
29252,1082.9265840020862
29253,1082.9265840020862
29254,1082.9265840020862
29255,1082.9265840020862
29256,1082.9265840020862
29257,1082.9265840020862
29258,1082.9265840020862
29259,1082.9265840020862
29260,1082.9265840020862
29261,1082.9265840020862
29262,1082.9265840020862
29263,1082.9265840020862
29264,1082.9265840020862
29265,1082.9265840020862
29266,1082.9265840020862
29267,1082.9265840020862
29268,1082.9265840020862
29269,1082.9265840020862
29270,1082.9265840020862
29271,1082.9265840020862
29272,1082.9265840020862
29273,1082.9265840020862
29274,1082.9265840020862
29275,1082.9265840020862
29276,1082.9265840020862
29277,1082.9265840020862
29278,1082.9265840020862
29279,1082.9265840020862
29280,1082.9265840020862
29281,1082.9265840020862
29282,1082.9265840020862
29283,1082.9265840020862
29284,1082.9265840020862
29285,1082.9265840020862
29286,1082.9265840020862
29287,1082.9265840020862
29288,1082.9265840020862
29289,1082.9265840020862
29290,1082.9265840020862
29291,1082.9265840020862
29292,1082.9265840020862
29293,1082.9265840020862
29294,1082.9265840020862
29295,1082.9265840020862
29296,1082.9265840020862
29297,1082.9265840020862
29298,1082.9265840020862
29299,1082.9265840020862
29300,1082.9265840020862
29301,1082.9265840020862
29302,1082.9265840020862
29303,1082.9265840020862
29304,1082.9265840020862
29305,1082.9265840020862
29306,1082.9265840020862
29307,1082.9265840020862
29308,1082.9265840020862
29309,1082.9265840020862
29310,1079.9946944127769
29311,1079.9946944127769
29312,1079.9946944127769
29313,1079.9946944127769
29314,1079.9946944127769
29315,1079.9946944127769
29316,1079.9946944127769
29317,1079.9946944127769
29318,1079.9946944127769
29319,1079.9946944127769
29320,1079.9946944127769
29321,1079.9946944127769
29322,1079.9946944127769
29323,1079.9946944127769
29324,1079.9946944127769
29325,1079.9946944127769
29326,1079.9946944127769
29327,1079.9946944127769
29328,1079.9946944127769
29329,1079.9946944127769
29330,1079.9946944127769
29331,1079.9946944127769
29332,1079.9946944127769
29333,1079.9946944127769
29334,1079.9946944127769
29335,1079.9946944127769
29336,1079.9946944127769
29337,1079.9946944127769
29338,1079.9946944127769
29339,1079.9946944127769
29340,1079.9946944127769
29341,1079.9946944127769
29342,1079.9946944127769
29343,1079.9946944127769
29344,1079.9946944127769
29345,1079.9946944127769
29346,1079.9946944127769
29347,1079.9946944127769
29348,1079.9946944127769
29349,1079.9946944127769
29350,1079.9946944127769
29351,1079.9946944127769
29352,1079.9946944127769
29353,1079.9946944127769
29354,1079.9946944127769
29355,1079.9946944127769
29356,1079.9946944127769
29357,1079.9946944127769
29358,1079.9946944127769
29359,1079.9946944127769
29360,1079.9946944127769
29361,1079.9946944127769
29362,1079.9946944127769
29363,1079.9946944127769
29364,1079.9946944127769
29365,1079.9946944127769
29366,1079.9946944127769
29367,1079.9946944127769
29368,1079.9946944127769
29369,1079.9946944127769
29370,1079.9946944127769
29371,1079.9946944127769
29372,1079.9946944127769
29373,1079.9946944127769
29374,1079.9946944127769
29375,1079.9946944127769
29376,1079.9946944127769
29377,1079.9946944127769
29378,1079.9946944127769
29379,1079.9946944127769
29380,1079.9946944127769
29381,1079.9946944127769
29382,1079.9946944127769
29383,1079.9946944127769
29384,1079.9946944127769
29385,1079.9946944127769
29386,1079.9946944127769
29387,1079.9946944127769
29388,1079.9946944127769
29389,1079.9946944127769
29390,1079.9946944127769
29391,1079.9946944127769
29392,1079.9946944127769
29393,1079.9946944127769
29394,1079.9946944127769
29395,1079.9946944127769
29396,1079.9946944127769
29397,1079.9946944127769
29398,1079.9946944127769
29399,1079.9946944127769
29400,1079.9946944127769
29401,1079.9946944127769
29402,1079.9946944127769
29403,1079.9946944127769
29404,1079.9946944127769
29405,1079.9946944127769
29406,1079.9946944127769
29407,1079.9946944127769
29408,1079.9946944127769
29409,1079.9946944127769
29410,1079.9946944127769
29411,1079.9946944127769
29412,1079.9946944127769
29413,1079.9946944127769
29414,1079.9946944127769
29415,1079.9946944127769
29416,1079.9946944127769
29417,1079.9946944127769
29418,1079.9946944127769
29419,1079.9946944127769
29420,1079.9946944127769
29421,1079.9946944127769
29422,1079.9946944127769
29423,1079.9946944127769
29424,1079.9946944127769
29425,1079.9946944127769
29426,1079.9946944127769
29427,1079.9946944127769
29428,1079.9946944127769
29429,1079.9946944127769
29430,1079.9946944127769
29431,1079.9946944127769
29432,1079.9946944127769
29433,1079.9946944127769
29434,1079.9946944127769
29435,1079.9946944127769
29436,1079.9946944127769
29437,1079.9946944127769
29438,1079.9946944127769
29439,1079.9946944127769
29440,1079.9946944127769
29441,1079.9946944127769
29442,1079.9946944127769
29443,1079.9946944127769
29444,1079.9946944127769
29445,1079.9946944127769
29446,1079.9946944127769
29447,1079.9946944127769
29448,1079.9946944127769
29449,1079.9946944127769
29450,1079.9946944127769
29451,1079.9946944127769
29452,1079.9946944127769
29453,1079.9946944127769
29454,1079.9946944127769
29455,1079.9946944127769
29456,1079.9946944127769
29457,1079.9946944127769
29458,1079.9946944127769
29459,1079.9946944127769
29460,1079.9946944127769
29461,1079.9946944127769
29462,1079.9946944127769
29463,1079.9946944127769
29464,1079.9946944127769
29465,1079.9946944127769
29466,1079.9946944127769
29467,1079.9946944127769
29468,1079.9946944127769
29469,1079.9946944127769
29470,1079.9946944127769
29471,1079.9946944127769
29472,1079.9946944127769
29473,1079.9946944127769
29474,1079.9946944127769
29475,1079.9946944127769
29476,1079.9946944127769
29477,1079.9946944127769
29478,1079.9946944127769
29479,1079.9946944127769
29480,1079.9946944127769
29481,1079.9946944127769
29482,1079.9946944127769
29483,1079.9946944127769
29484,1079.9946944127769
29485,1079.9946944127769
29486,1079.9946944127769
29487,1079.9946944127769
29488,1079.9946944127769
29489,1079.9946944127769
29490,1079.9946944127769
29491,1079.9946944127769
29492,1079.9946944127769
29493,1079.9946944127769
29494,1079.9946944127769
29495,1079.9946944127769
29496,1079.9946944127769
29497,1079.9946944127769
29498,1079.9946944127769
29499,1079.9946944127769
29500,1079.9946944127769
29501,1079.9946944127769
29502,1079.9946944127769
29503,1071.3827933748646
29504,1071.3827933748646
29505,1071.3827933748646
29506,1071.3827933748646
29507,1071.3827933748646
29508,1071.3827933748646
29509,1071.3827933748646
29510,1071.3827933748646
29511,1071.3827933748646
29512,1071.3827933748646
29513,1071.3827933748646
29514,1071.3827933748646
29515,1071.3827933748646
29516,1071.3827933748646
29517,1071.3827933748646
29518,1071.3827933748646
29519,1071.3827933748646
29520,1071.3827933748646
29521,1071.3827933748646
29522,1071.3827933748646
29523,1071.3827933748646
29524,1071.3827933748646
29525,1071.3827933748646
29526,1071.3827933748646
29527,1071.3827933748646
29528,1071.3827933748646
29529,1071.3827933748646
29530,1071.3827933748646
29531,1071.3827933748646
29532,1071.3827933748646
29533,1071.3827933748646
29534,1071.3827933748646
29535,1071.3827933748646
29536,1071.3827933748646
29537,1071.3827933748646
29538,1071.3827933748646
29539,1071.3827933748646
29540,1071.3827933748646
29541,1071.3827933748646
29542,1071.3827933748646
29543,1071.3827933748646
29544,1071.3827933748646
29545,1071.3827933748646
29546,1071.3827933748646
29547,1071.3827933748646
29548,1071.3827933748646
29549,1071.3827933748646
29550,1071.3827933748646
29551,1071.3827933748646
29552,1071.3827933748646
29553,1071.3827933748646
29554,1071.3827933748646
29555,1071.3827933748646
29556,1071.3827933748646
29557,1071.3827933748646
29558,1071.3827933748646
29559,1071.3827933748646
29560,1071.3827933748646
29561,1071.3827933748646
29562,1071.3827933748646
29563,1071.3827933748646
29564,1071.3827933748646
29565,1071.3827933748646
29566,1071.3827933748646
29567,1071.3827933748646
29568,1071.3827933748646
29569,1071.3827933748646
29570,1071.3827933748646
29571,1071.3827933748646
29572,1071.3827933748646
29573,1071.3827933748646
29574,1071.3827933748646
29575,1071.3827933748646
29576,1071.3827933748646
29577,1071.3827933748646
29578,1071.3827933748646
29579,1071.3827933748646
29580,1071.3827933748646
29581,1071.3827933748646
29582,1071.3827933748646
29583,1071.3827933748646
29584,1071.3827933748646
29585,1071.3827933748646
29586,1071.3827933748646
29587,1071.3827933748646
29588,1071.3827933748646
29589,1071.3827933748646
29590,1071.3827933748646
29591,1071.3827933748646
29592,1071.3827933748646
29593,1071.3827933748646
29594,1071.3827933748646
29595,1071.3827933748646
29596,1071.3827933748646
29597,1071.3827933748646
29598,1071.3827933748646
29599,1071.3827933748646
29600,1071.3827933748646
29601,1071.3827933748646
29602,1071.3827933748646
29603,1071.3827933748646
29604,1071.3827933748646
29605,1071.3827933748646
29606,1071.3827933748646
29607,1071.3827933748646
29608,1071.3827933748646
29609,1071.3827933748646
29610,1071.3827933748646
29611,1071.3827933748646
29612,1071.3827933748646
29613,1071.3827933748646
29614,1071.3827933748646
29615,1071.3827933748646
29616,1071.3827933748646
29617,1071.3827933748646
29618,1071.3827933748646
29619,1071.3827933748646
29620,1071.3827933748646
29621,1071.3827933748646
29622,1071.3827933748646
29623,1071.3827933748646
29624,1071.3827933748646
29625,1071.3827933748646
29626,1071.3827933748646
29627,1071.3827933748646
29628,1071.3827933748646
29629,1071.3827933748646
29630,1071.3827933748646
29631,1071.3827933748646
29632,1071.3827933748646
29633,1071.3827933748646
29634,1071.3827933748646
29635,1071.3827933748646
29636,1071.3827933748646
29637,1071.3827933748646
29638,1071.3827933748646
29639,1071.3827933748646
29640,1071.3827933748646
29641,1071.3827933748646
29642,1071.3827933748646
29643,1071.3827933748646
29644,1071.3827933748646
29645,1071.3827933748646
29646,1071.3827933748646
29647,1071.3827933748646
29648,1071.3827933748646
29649,1071.3827933748646
29650,1071.3827933748646
29651,1071.3827933748646
29652,1071.3827933748646
29653,1071.3827933748646
29654,1071.3827933748646
29655,1071.3827933748646
29656,1071.3827933748646
29657,1071.3827933748646
29658,1071.3827933748646
29659,1071.3827933748646
29660,1071.3827933748646
29661,1071.3827933748646
29662,1071.3827933748646
29663,1071.3827933748646
29664,1071.3827933748646
29665,1071.3827933748646
29666,1071.3827933748646
29667,1071.3827933748646
29668,1071.3827933748646
29669,1071.3827933748646
29670,1071.3827933748646
29671,1071.3827933748646
29672,1071.3827933748646
29673,1071.3827933748646
29674,1071.3827933748646
29675,1071.3827933748646
29676,1071.3827933748646
29677,1071.3827933748646
29678,1071.3827933748646
29679,1071.3827933748646
29680,1071.3827933748646
29681,1071.3827933748646
29682,1071.3827933748646
29683,1071.3827933748646
29684,1071.3827933748646
29685,1071.3827933748646
29686,1071.3827933748646
29687,1071.3827933748646
29688,1071.3827933748646
29689,1071.3827933748646
29690,1071.3827933748646
29691,1071.3827933748646
29692,1071.3827933748646
29693,1071.3827933748646
29694,1071.3827933748646
29695,1071.3827933748646
29696,1071.3827933748646
29697,1071.3827933748646
29698,1071.3827933748646
29699,1071.3827933748646
29700,1071.3827933748646
29701,1071.3827933748646
29702,1071.3827933748646
29703,1071.3827933748646
29704,1071.3827933748646
29705,1071.3827933748646
29706,1071.3827933748646
29707,1071.3827933748646
29708,1071.3827933748646
29709,1071.3827933748646
29710,1071.3827933748646
29711,1071.3827933748646
29712,1071.3827933748646
29713,1071.3827933748646
29714,1071.3827933748646
29715,1071.3827933748646
29716,1071.3827933748646
29717,1071.3827933748646
29718,1071.3827933748646
29719,1071.3827933748646
29720,1071.3827933748646
29721,1071.3827933748646
29722,1071.3827933748646
29723,1071.3827933748646
29724,1071.3827933748646
29725,1071.3827933748646
29726,1071.3827933748646
29727,1071.3827933748646
29728,1071.3827933748646
29729,1071.3827933748646
29730,1071.3827933748646
29731,1071.3827933748646
29732,1071.3827933748646
29733,1071.3827933748646
29734,1071.3827933748646
29735,1071.3827933748646
29736,1071.3827933748646
29737,1071.3827933748646
29738,1071.3827933748646
29739,1071.3827933748646
29740,1071.3827933748646
29741,1071.3827933748646
29742,1071.3827933748646
29743,1071.3827933748646
29744,1071.3827933748646
29745,1071.3827933748646
29746,1071.3827933748646
29747,1071.3827933748646
29748,1071.3827933748646
29749,1071.3827933748646
29750,1071.3827933748646
29751,1071.3827933748646
29752,1071.3827933748646
29753,1071.3827933748646
29754,1071.3827933748646
29755,1071.3827933748646
29756,1071.3827933748646
29757,1071.3827933748646
29758,1071.3827933748646
29759,1071.3827933748646
29760,1071.3827933748646
29761,1071.3827933748646
29762,1071.3827933748646
29763,1071.3827933748646
29764,1071.3827933748646
29765,1071.3827933748646
29766,1071.3827933748646
29767,1071.3827933748646
29768,1071.3827933748646
29769,1071.3827933748646
29770,1071.3827933748646
29771,1071.3827933748646
29772,1071.3827933748646
29773,1071.3827933748646
29774,1071.3827933748646
29775,1071.3827933748646
29776,1071.3827933748646
29777,1071.3827933748646
29778,1071.3827933748646
29779,1071.3827933748646
29780,1071.3827933748646
29781,1071.3827933748646
29782,1071.3827933748646
29783,1071.3827933748646
29784,1071.3827933748646
29785,1071.3827933748646
29786,1071.3827933748646
29787,1071.3827933748646
29788,1071.3827933748646
29789,1071.3827933748646
29790,1071.3827933748646
29791,1071.3827933748646
29792,1071.3827933748646
29793,1071.3827933748646
29794,1071.3827933748646
29795,1071.3827933748646
29796,1071.3827933748646
29797,1071.3827933748646
29798,1071.3827933748646
29799,1071.3827933748646
29800,1071.3827933748646
29801,1071.3827933748646
29802,1071.3827933748646
29803,1071.3827933748646
29804,1071.3827933748646
29805,1071.3827933748646
29806,1071.3827933748646
29807,1071.3827933748646
29808,1071.3827933748646
29809,1071.3827933748646
29810,1071.3827933748646
29811,1071.3827933748646
29812,1071.3827933748646
29813,1071.3827933748646
29814,1071.3827933748646
29815,1071.3827933748646
29816,1071.3827933748646
29817,1071.3827933748646
29818,1071.3827933748646
29819,1071.3827933748646
29820,1071.3827933748646
29821,1071.3827933748646
29822,1071.3827933748646
29823,1071.3827933748646
29824,1071.3827933748646
29825,1071.3827933748646
29826,1071.3827933748646
29827,1071.3827933748646
29828,1071.3827933748646
29829,1071.3827933748646
29830,1071.3827933748646
29831,1071.3827933748646
29832,1071.3827933748646
29833,1071.3827933748646
29834,1071.3827933748646
29835,1071.3827933748646
29836,1071.3827933748646
29837,1071.3827933748646
29838,1071.3827933748646
29839,1071.3827933748646
29840,1071.3827933748646
29841,1071.3827933748646
29842,1071.3827933748646
29843,1071.3827933748646
29844,1071.3827933748646
29845,1071.3827933748646
29846,1071.3827933748646
29847,1071.3827933748646
29848,1071.3827933748646
29849,1071.3827933748646
29850,1071.3827933748646
29851,1071.3827933748646
29852,1071.3827933748646
29853,1071.3827933748646
29854,1071.3827933748646
29855,1071.3827933748646
29856,1071.3827933748646
29857,1071.3827933748646
29858,1071.3827933748646
29859,1071.3827933748646
29860,1071.3827933748646
29861,1071.3827933748646
29862,1071.3827933748646
29863,1071.3827933748646
29864,1071.3827933748646
29865,1071.3827933748646
29866,1071.3827933748646
29867,1071.3827933748646
29868,1071.3827933748646
29869,1071.3827933748646
29870,1071.3827933748646
29871,1071.3827933748646
29872,1071.3827933748646
29873,1071.3827933748646
29874,1071.3827933748646
29875,1071.3827933748646
29876,1071.3827933748646
29877,1071.3827933748646
29878,1071.3827933748646
29879,1071.3827933748646
29880,1071.3827933748646
29881,1071.3827933748646
29882,1071.3827933748646
29883,1071.3827933748646
29884,1071.3827933748646
29885,1071.3827933748646
29886,1071.3827933748646
29887,1071.3827933748646
29888,1071.3827933748646
29889,1071.3827933748646
29890,1071.3827933748646
29891,1071.3827933748646
29892,1071.3827933748646
29893,1071.3827933748646
29894,1071.3827933748646
29895,1071.3827933748646
29896,1071.3827933748646
29897,1071.3827933748646
29898,1071.3827933748646
29899,1071.3827933748646
29900,1071.3827933748646
29901,1071.3827933748646
29902,1071.3827933748646
29903,1071.3827933748646
29904,1071.3827933748646
29905,1071.3827933748646
29906,1071.3827933748646
29907,1071.3827933748646
29908,1071.3827933748646
29909,1071.3827933748646
29910,1071.3827933748646
29911,1071.3827933748646
29912,1071.3827933748646
29913,1071.3827933748646
29914,1071.3827933748646
29915,1071.3827933748646
29916,1071.3827933748646
29917,1071.3827933748646
29918,1071.3827933748646
29919,1071.3827933748646
29920,1071.3827933748646
29921,1071.3827933748646
29922,1071.3827933748646
29923,1071.3827933748646
29924,1071.3827933748646
29925,1071.3827933748646
29926,1071.3827933748646
29927,1071.3827933748646
29928,1071.3827933748646
29929,1071.3827933748646
29930,1071.3827933748646
29931,1071.3827933748646
29932,1071.3827933748646
29933,1071.3827933748646
29934,1071.3827933748646
29935,1071.3827933748646
29936,1071.3827933748646
29937,1071.3827933748646
29938,1071.3827933748646
29939,1071.3827933748646
29940,1071.3827933748646
29941,1071.3827933748646
29942,1071.3827933748646
29943,1071.3827933748646
29944,1071.3827933748646
29945,1071.3827933748646
29946,1071.3827933748646
29947,1071.3827933748646
29948,1071.3827933748646
29949,1071.3827933748646
29950,1071.3827933748646
29951,1071.3827933748646
29952,1071.3827933748646
29953,1071.3827933748646
29954,1071.3827933748646
29955,1071.3827933748646
29956,1071.3827933748646
29957,1071.3827933748646
29958,1071.3827933748646
29959,1071.3827933748646
29960,1071.3827933748646
29961,1071.3827933748646
29962,1071.3827933748646
29963,1071.3827933748646
29964,1071.3827933748646
29965,1071.3827933748646
29966,1071.3827933748646
29967,1071.3827933748646
29968,1071.3827933748646
29969,1071.3827933748646
29970,1071.3827933748646
29971,1071.3827933748646
29972,1071.3827933748646
29973,1071.3827933748646
29974,1071.3827933748646
29975,1071.3827933748646
29976,1071.3827933748646
29977,1071.3827933748646
29978,1071.3827933748646
29979,1071.3827933748646
29980,1071.3827933748646
29981,1071.3827933748646
29982,1071.3827933748646
29983,1071.3827933748646
29984,1071.3827933748646
29985,1071.3827933748646
29986,1071.3827933748646
29987,1071.3827933748646
29988,1071.3827933748646
29989,1071.3827933748646
29990,1071.3827933748646
29991,1071.3827933748646
29992,1071.3827933748646
29993,1071.3827933748646
29994,1071.3827933748646
29995,1071.3827933748646
29996,1071.3827933748646
29997,1071.3827933748646
29998,1071.3827933748646
29999,1071.3827933748646
30000,1071.3827933748646
