iter,best_objective
1,4349.03206598944
2,4313.529450370399
3,4304.354152211871
4,4252.287029857244
5,4242.332686991963
6,4235.244247456715
7,4198.489267313074
8,4164.120312245085
9,4131.34283317877
10,4084.6109895051172
11,4056.933387109963
12,4048.721442183796
13,3995.8714664592094
14,3950.4744968395394
15,3919.951774263396
16,3861.70256988752
17,3800.9584944012413
18,3771.277211638737
19,3760.7031659184104
20,3707.921924594573
21,3692.271699157121
22,3669.052828073641
23,3635.0905358136383
24,3633.0990947650585
25,3633.0990947650585
26,3617.733765050948
27,3582.0881225265725
28,3542.746434531454
29,3516.3247175491474
30,3466.808079419346
31,3435.580993598873
32,3367.646488633636
33,3306.2382934547873
34,3280.5328656461265
35,3258.6101425314905
36,3227.447707333387
37,3191.7371293738456
38,3159.017860953907
39,3152.584929568701
40,3142.457315560632
41,3119.829898562663
42,3119.829898562663
43,3119.829898562663
44,3103.2842753342807
45,3096.2385034634826
46,3091.5798195172033
47,3037.538191426023
48,3034.3992241615165
49,3034.3992241615165
50,3004.3956710851944
51,2967.322261449636
52,2967.322261449636
53,2967.322261449636
54,2960.4975226839288
55,2960.4975226839288
56,2956.9541140294637
57,2956.9541140294637
58,2935.6984735290566
59,2918.0040681845994
60,2880.241510376182
61,2873.960301845862
62,2867.003636937843
63,2850.1632333120147
64,2831.2170201880344
65,2806.046725594447
66,2787.455586949709
67,2776.036989612843
68,2748.938533165828
69,2722.1535813900746
70,2718.167030985455
71,2712.5804409258512
72,2712.477917390479
73,2702.1467211261524
74,2702.1467211261524
75,2698.110562391232
76,2684.032822254192
77,2678.8412165368386
78,2674.5754009391094
79,2656.831231394216
80,2656.831231394216
81,2627.449490248666
82,2627.449490248666
83,2627.449490248666
84,2621.0230614424986
85,2620.409321630769
86,2620.409321630769
87,2605.8164079163575
88,2605.8164079163575
89,2605.8164079163575
90,2605.8164079163575
91,2605.8164079163575
92,2605.8164079163575
93,2605.8164079163575
94,2605.8164079163575
95,2605.8164079163575
96,2605.8164079163575
97,2605.8164079163575
98,2605.8164079163575
99,2605.8164079163575
100,2605.8164079163575
101,2605.8164079163575
102,2605.8164079163575
103,2605.8164079163575
104,2605.8164079163575
105,2605.8164079163575
106,2605.8164079163575
107,2605.8164079163575
108,2605.8164079163575
109,2605.8164079163575
110,2605.8164079163575
111,2605.8164079163575
112,2605.8164079163575
113,2605.8164079163575
114,2587.9009016838863
115,2581.844119194669
116,2581.844119194669
117,2567.4145417645263
118,2549.2765927272467
119,2532.8090450424997
120,2532.8090450424997
121,2532.8090450424997
122,2532.8090450424997
123,2532.8090450424997
124,2532.8090450424997
125,2532.8090450424997
126,2532.8090450424997
127,2532.8090450424997
128,2532.8090450424997
129,2532.8090450424997
130,2532.8090450424997
131,2532.8090450424997
132,2532.8090450424997
133,2532.8090450424997
134,2532.8090450424997
135,2532.8090450424997
136,2532.8090450424997
137,2532.8090450424997
138,2532.8090450424997
139,2532.8090450424997
140,2532.8090450424997
141,2532.8090450424997
142,2532.8090450424997
143,2532.8090450424997
144,2532.8090450424997
145,2532.8090450424997
146,2532.8090450424997
147,2532.8090450424997
148,2532.8090450424997
149,2532.8090450424997
150,2532.8090450424997
151,2532.8090450424997
152,2532.8090450424997
153,2532.8090450424997
154,2532.8090450424997
155,2532.8090450424997
156,2532.8090450424997
157,2532.8090450424997
158,2532.8090450424997
159,2532.8090450424997
160,2532.8090450424997
161,2532.8090450424997
162,2532.8090450424997
163,2532.8090450424997
164,2532.8090450424997
165,2532.8090450424997
166,2532.8090450424997
167,2532.8090450424997
168,2532.8090450424997
169,2532.8090450424997
170,2532.8090450424997
171,2532.8090450424997
172,2532.8090450424997
173,2532.8090450424997
174,2532.8090450424997
175,2532.8090450424997
176,2532.8090450424997
177,2532.8090450424997
178,2532.8090450424997
179,2532.8090450424997
180,2532.8090450424997
181,2532.8090450424997
182,2532.8090450424997
183,2532.8090450424997
184,2532.8090450424997
185,2532.8090450424997
186,2532.8090450424997
187,2532.8090450424997
188,2532.8090450424997
189,2532.8090450424997
190,2532.8090450424997
191,2532.8090450424997
192,2532.8090450424997
193,2532.8090450424997
194,2532.8090450424997
195,2532.8090450424997
196,2532.8090450424997
197,2532.8090450424997
198,2532.8090450424997
199,2532.8090450424997
200,2532.8090450424997
201,2532.8090450424997
202,2532.8090450424997
203,2532.8090450424997
204,2532.8090450424997
205,2532.8090450424997
206,2532.8090450424997
207,2532.8090450424997
208,2532.8090450424997
209,2532.8090450424997
210,2532.8090450424997
211,2532.8090450424997
212,2532.8090450424997
213,2532.8090450424997
214,2532.8090450424997
215,2532.8090450424997
216,2532.8090450424997
217,2532.8090450424997
218,2532.8090450424997
219,2532.8090450424997
220,2532.8090450424997
221,2532.8090450424997
222,2532.8090450424997
223,2532.8090450424997
224,2532.8090450424997
225,2532.8090450424997
226,2532.8090450424997
227,2529.9261321066724
228,2510.987578384634
229,2510.987578384634
230,2510.987578384634
231,2510.987578384634
232,2510.987578384634
233,2510.987578384634
234,2510.987578384634
235,2510.987578384634
236,2510.987578384634
237,2405.9882330561154
238,2404.6877603723046
239,2376.466477029362
240,2360.048647978558
241,2360.048647978558
242,2357.0087275246265
243,2357.0087275246265
244,2357.0087275246265
245,2351.458368400155
246,2351.458368400155
247,2351.458368400155
248,2351.458368400155
249,2351.458368400155
250,2351.458368400155
251,2351.458368400155
252,2351.458368400155
253,2351.458368400155
254,2351.458368400155
255,2351.458368400155
256,2351.458368400155
257,2351.458368400155
258,2351.458368400155
259,2351.458368400155
260,2351.458368400155
261,2351.458368400155
262,2351.458368400155
263,2351.458368400155
264,2351.458368400155
265,2351.458368400155
266,2351.458368400155
267,2351.458368400155
268,2351.458368400155
269,2351.458368400155
270,2351.458368400155
271,2351.458368400155
272,2351.458368400155
273,2351.458368400155
274,2351.458368400155
275,2351.458368400155
276,2351.458368400155
277,2351.458368400155
278,2351.458368400155
279,2351.458368400155
280,2351.458368400155
281,2351.458368400155
282,2351.458368400155
283,2351.458368400155
284,2351.458368400155
285,2351.458368400155
286,2351.458368400155
287,2351.458368400155
288,2351.458368400155
289,2351.458368400155
290,2351.458368400155
291,2351.458368400155
292,2351.458368400155
293,2351.458368400155
294,2351.458368400155
295,2351.458368400155
296,2351.458368400155
297,2351.458368400155
298,2351.458368400155
299,2351.458368400155
300,2351.458368400155
301,2351.458368400155
302,2351.458368400155
303,2351.458368400155
304,2351.458368400155
305,2351.458368400155
306,2351.458368400155
307,2351.458368400155
308,2351.458368400155
309,2351.458368400155
310,2351.458368400155
311,2351.458368400155
312,2351.458368400155
313,2351.458368400155
314,2351.458368400155
315,2351.458368400155
316,2351.458368400155
317,2351.458368400155
318,2351.458368400155
319,2351.458368400155
320,2351.458368400155
321,2351.458368400155
322,2351.458368400155
323,2351.458368400155
324,2351.458368400155
325,2351.458368400155
326,2351.458368400155
327,2351.458368400155
328,2351.458368400155
329,2351.458368400155
330,2351.458368400155
331,2351.458368400155
332,2351.458368400155
333,2351.458368400155
334,2351.458368400155
335,2351.458368400155
336,2351.458368400155
337,2351.458368400155
338,2351.458368400155
339,2351.458368400155
340,2351.458368400155
341,2351.458368400155
342,2351.458368400155
343,2351.458368400155
344,2351.458368400155
345,2351.458368400155
346,2351.458368400155
347,2351.458368400155
348,2351.458368400155
349,2351.458368400155
350,2351.458368400155
351,2351.458368400155
352,2351.458368400155
353,2351.458368400155
354,2351.458368400155
355,2351.458368400155
356,2351.458368400155
357,2351.458368400155
358,2351.458368400155
359,2351.458368400155
360,2351.458368400155
361,2351.458368400155
362,2351.458368400155
363,2351.458368400155
364,2351.458368400155
365,2351.458368400155
366,2351.458368400155
367,2351.458368400155
368,2351.458368400155
369,2351.458368400155
370,2351.458368400155
371,2351.458368400155
372,2351.458368400155
373,2351.458368400155
374,2351.458368400155
375,2351.458368400155
376,2351.458368400155
377,2351.458368400155
378,2351.458368400155
379,2351.458368400155
380,2351.458368400155
381,2351.458368400155
382,2351.458368400155
383,2351.458368400155
384,2351.458368400155
385,2351.458368400155
386,2351.458368400155
387,2351.458368400155
388,2351.458368400155
389,2351.458368400155
390,2351.458368400155
391,2351.458368400155
392,2351.458368400155
393,2351.458368400155
394,2351.458368400155
395,2351.458368400155
396,2351.458368400155
397,2351.458368400155
398,2351.458368400155
399,2351.458368400155
400,2351.458368400155
401,2351.458368400155
402,2351.458368400155
403,2351.458368400155
404,2351.458368400155
405,2351.458368400155
406,2351.458368400155
407,2351.458368400155
408,2351.458368400155
409,2351.458368400155
410,2351.458368400155
411,2351.458368400155
412,2351.458368400155
413,2351.458368400155
414,2351.458368400155
415,2351.458368400155
416,2351.458368400155
417,2351.458368400155
418,2351.458368400155
419,2351.458368400155
420,2351.458368400155
421,2351.458368400155
422,2351.458368400155
423,2351.458368400155
424,2351.458368400155
425,2351.458368400155
426,2351.458368400155
427,2351.458368400155
428,2351.458368400155
429,2351.458368400155
430,2351.458368400155
431,2351.458368400155
432,2351.458368400155
433,2351.458368400155
434,2351.458368400155
435,2351.458368400155
436,2351.458368400155
437,2351.458368400155
438,2351.458368400155
439,2351.458368400155
440,2351.458368400155
441,2351.458368400155
442,2351.458368400155
443,2351.458368400155
444,2351.458368400155
445,2351.458368400155
446,2351.458368400155
447,2351.458368400155
448,2351.458368400155
449,2351.458368400155
450,2351.458368400155
451,2351.458368400155
452,2351.458368400155
453,2351.458368400155
454,2351.458368400155
455,2351.458368400155
456,2351.458368400155
457,2351.458368400155
458,2351.458368400155
459,2351.458368400155
460,2351.458368400155
461,2351.458368400155
462,2351.458368400155
463,2351.458368400155
464,2351.458368400155
465,2351.458368400155
466,2351.458368400155
467,2351.458368400155
468,2351.458368400155
469,2351.458368400155
470,2351.458368400155
471,2351.458368400155
472,2351.458368400155
473,2351.458368400155
474,2351.458368400155
475,2351.458368400155
476,2351.458368400155
477,2351.458368400155
478,2351.458368400155
479,2351.458368400155
480,2351.458368400155
481,2351.458368400155
482,2351.458368400155
483,2351.458368400155
484,2351.458368400155
485,2351.458368400155
486,2351.458368400155
487,2351.458368400155
488,2351.458368400155
489,2351.458368400155
490,2351.458368400155
491,2351.458368400155
492,2351.458368400155
493,2351.458368400155
494,2351.458368400155
495,2351.458368400155
496,2351.458368400155
497,2351.458368400155
498,2351.458368400155
499,2351.458368400155
500,2351.458368400155
501,2351.458368400155
502,2351.458368400155
503,2351.458368400155
504,2351.458368400155
505,2351.458368400155
506,2351.458368400155
507,2351.458368400155
508,2351.458368400155
509,2351.458368400155
510,2351.458368400155
511,2351.458368400155
512,2351.458368400155
513,2351.458368400155
514,2351.458368400155
515,2351.458368400155
516,2351.458368400155
517,2351.458368400155
518,2351.458368400155
519,2351.458368400155
520,2351.458368400155
521,2351.458368400155
522,2351.458368400155
523,2351.458368400155
524,2351.458368400155
525,2351.458368400155
526,2351.458368400155
527,2351.458368400155
528,2351.458368400155
529,2351.458368400155
530,2351.458368400155
531,2351.458368400155
532,2351.458368400155
533,2351.458368400155
534,2351.458368400155
535,2351.458368400155
536,2351.458368400155
537,2351.458368400155
538,2351.458368400155
539,2351.458368400155
540,2351.458368400155
541,2351.458368400155
542,2351.458368400155
543,2351.458368400155
544,2351.458368400155
545,2351.458368400155
546,2351.458368400155
547,2351.458368400155
548,2351.458368400155
549,2351.458368400155
550,2351.458368400155
551,2351.458368400155
552,2351.458368400155
553,2351.458368400155
554,2351.458368400155
555,2351.458368400155
556,2351.458368400155
557,2351.458368400155
558,2351.458368400155
559,2351.458368400155
560,2351.458368400155
561,2351.458368400155
562,2351.458368400155
563,2351.458368400155
564,2351.458368400155
565,2351.458368400155
566,2351.458368400155
567,2351.458368400155
568,2351.458368400155
569,2351.458368400155
570,2351.458368400155
571,2351.458368400155
572,2351.458368400155
573,2351.458368400155
574,2351.458368400155
575,2351.458368400155
576,2351.458368400155
577,2351.458368400155
578,2351.458368400155
579,2351.458368400155
580,2351.458368400155
581,2351.458368400155
582,2351.458368400155
583,2351.458368400155
584,2351.458368400155
585,2351.458368400155
586,2351.458368400155
587,2351.458368400155
588,2351.458368400155
589,2351.458368400155
590,2351.458368400155
591,2351.458368400155
592,2351.458368400155
593,2351.458368400155
594,2351.458368400155
595,2351.458368400155
596,2351.458368400155
597,2351.458368400155
598,2351.458368400155
599,2351.458368400155
600,2351.458368400155
601,2351.458368400155
602,2351.458368400155
603,2351.458368400155
604,2351.458368400155
605,2351.458368400155
606,2351.458368400155
607,2351.458368400155
608,2351.458368400155
609,2351.458368400155
610,2351.458368400155
611,2351.458368400155
612,2351.458368400155
613,2351.458368400155
614,2351.458368400155
615,2351.458368400155
616,2351.458368400155
617,2351.458368400155
618,2351.458368400155
619,2351.458368400155
620,2351.458368400155
621,2351.458368400155
622,2351.458368400155
623,2351.458368400155
624,2351.458368400155
625,2351.458368400155
626,2351.458368400155
627,2351.458368400155
628,2351.458368400155
629,2351.458368400155
630,2351.458368400155
631,2351.458368400155
632,2351.458368400155
633,2351.458368400155
634,2351.458368400155
635,2351.458368400155
636,2351.458368400155
637,2351.458368400155
638,2351.458368400155
639,2351.458368400155
640,2351.458368400155
641,2351.458368400155
642,2351.458368400155
643,2351.458368400155
644,2351.458368400155
645,2351.458368400155
646,2351.458368400155
647,2351.458368400155
648,2351.458368400155
649,2351.458368400155
650,2351.458368400155
651,2351.458368400155
652,2351.458368400155
653,2351.458368400155
654,2351.458368400155
655,2351.458368400155
656,2351.458368400155
657,2351.458368400155
658,2351.458368400155
659,2351.458368400155
660,2351.458368400155
661,2351.458368400155
662,2351.458368400155
663,2351.458368400155
664,2351.458368400155
665,2351.458368400155
666,2351.458368400155
667,2351.458368400155
668,2351.458368400155
669,2351.458368400155
670,2351.458368400155
671,2351.458368400155
672,2351.458368400155
673,2351.458368400155
674,2351.458368400155
675,2351.458368400155
676,2351.458368400155
677,2351.458368400155
678,2351.458368400155
679,2351.458368400155
680,2351.458368400155
681,2351.458368400155
682,2351.458368400155
683,2351.458368400155
684,2351.458368400155
685,2351.458368400155
686,2351.458368400155
687,2351.458368400155
688,2351.458368400155
689,2351.458368400155
690,2351.458368400155
691,2351.458368400155
692,2351.458368400155
693,2351.458368400155
694,2351.458368400155
695,2351.458368400155
696,2351.458368400155
697,2351.458368400155
698,2351.458368400155
699,2351.458368400155
700,2351.458368400155
701,2351.458368400155
702,2351.458368400155
703,2351.458368400155
704,2351.458368400155
705,2351.458368400155
706,2351.458368400155
707,2351.458368400155
708,2351.458368400155
709,2351.458368400155
710,2351.458368400155
711,2351.458368400155
712,2351.458368400155
713,2351.458368400155
714,2351.458368400155
715,2351.458368400155
716,2351.458368400155
717,2351.458368400155
718,2351.458368400155
719,2351.458368400155
720,2351.458368400155
721,2351.458368400155
722,2351.458368400155
723,2351.458368400155
724,2351.458368400155
725,2351.458368400155
726,2351.458368400155
727,2351.458368400155
728,2351.458368400155
729,2351.458368400155
730,2351.458368400155
731,2351.458368400155
732,2351.458368400155
733,2351.458368400155
734,2351.458368400155
735,2351.458368400155
736,2351.458368400155
737,2351.458368400155
738,2351.458368400155
739,2351.458368400155
740,2351.458368400155
741,2351.458368400155
742,2351.458368400155
743,2351.458368400155
744,2351.458368400155
745,2351.458368400155
746,2351.458368400155
747,2351.458368400155
748,2351.458368400155
749,2351.458368400155
750,2351.458368400155
751,2351.458368400155
752,2351.458368400155
753,2351.458368400155
754,2351.458368400155
755,2351.458368400155
756,2351.458368400155
757,2351.458368400155
758,2351.458368400155
759,2351.458368400155
760,2351.458368400155
761,2351.458368400155
762,2351.458368400155
763,2351.458368400155
764,2351.458368400155
765,2351.458368400155
766,2351.458368400155
767,2351.458368400155
768,2351.458368400155
769,2351.458368400155
770,2351.458368400155
771,2351.458368400155
772,2351.458368400155
773,2351.458368400155
774,2351.458368400155
775,2351.458368400155
776,2351.458368400155
777,2351.458368400155
778,2351.458368400155
779,2351.458368400155
780,2351.458368400155
781,2351.458368400155
782,2351.458368400155
783,2351.458368400155
784,2351.458368400155
785,2351.458368400155
786,2351.458368400155
787,2351.458368400155
788,2351.458368400155
789,2351.458368400155
790,2351.458368400155
791,2351.458368400155
792,2351.458368400155
793,2351.458368400155
794,2351.458368400155
795,2351.458368400155
796,2351.458368400155
797,2351.458368400155
798,2351.458368400155
799,2351.458368400155
800,2351.458368400155
801,2351.458368400155
802,2351.458368400155
803,2351.458368400155
804,2351.458368400155
805,2351.458368400155
806,2351.458368400155
807,2351.458368400155
808,2351.458368400155
809,2351.458368400155
810,2351.458368400155
811,2351.458368400155
812,2351.458368400155
813,2351.458368400155
814,2351.458368400155
815,2351.458368400155
816,2351.458368400155
817,2351.458368400155
818,2351.458368400155
819,2351.458368400155
820,2351.458368400155
821,2351.458368400155
822,2351.458368400155
823,2351.458368400155
824,2351.458368400155
825,2351.458368400155
826,2351.458368400155
827,2351.458368400155
828,2351.458368400155
829,2351.458368400155
830,2351.458368400155
831,2351.458368400155
832,2351.458368400155
833,2351.458368400155
834,2351.458368400155
835,2351.458368400155
836,2351.458368400155
837,2351.458368400155
838,2351.458368400155
839,2351.458368400155
840,2351.458368400155
841,2351.458368400155
842,2351.458368400155
843,2351.458368400155
844,2351.458368400155
845,2351.458368400155
846,2351.458368400155
847,2351.458368400155
848,2351.458368400155
849,2351.458368400155
850,2351.458368400155
851,2351.458368400155
852,2351.458368400155
853,2351.458368400155
854,2351.458368400155
855,2351.458368400155
856,2351.458368400155
857,2351.458368400155
858,2351.458368400155
859,2351.458368400155
860,2351.458368400155
861,2351.458368400155
862,2351.458368400155
863,2351.458368400155
864,2351.458368400155
865,2351.458368400155
866,2351.458368400155
867,2351.458368400155
868,2351.458368400155
869,2351.458368400155
870,2351.458368400155
871,2351.458368400155
872,2351.458368400155
873,2351.458368400155
874,2351.458368400155
875,2351.458368400155
876,2351.458368400155
877,2351.458368400155
878,2351.458368400155
879,2351.458368400155
880,2351.458368400155
881,2351.458368400155
882,2351.458368400155
883,2351.458368400155
884,2351.458368400155
885,2351.458368400155
886,2351.458368400155
887,2351.458368400155
888,2351.458368400155
889,2351.458368400155
890,2351.458368400155
891,2351.458368400155
892,2351.458368400155
893,2351.458368400155
894,2351.458368400155
895,2351.458368400155
896,2351.458368400155
897,2351.458368400155
898,2351.458368400155
899,2351.458368400155
900,2351.458368400155
901,2351.458368400155
902,2351.458368400155
903,2351.458368400155
904,2351.458368400155
905,2351.458368400155
906,2351.458368400155
907,2351.458368400155
908,2351.458368400155
909,2351.458368400155
910,2351.458368400155
911,2351.458368400155
912,2351.458368400155
913,2351.458368400155
914,2351.458368400155
915,2351.458368400155
916,2351.458368400155
917,2351.458368400155
918,2351.458368400155
919,2351.458368400155
920,2351.458368400155
921,2351.458368400155
922,2351.458368400155
923,2351.458368400155
924,2351.458368400155
925,2351.458368400155
926,2351.458368400155
927,2351.458368400155
928,2351.458368400155
929,2351.458368400155
930,2351.458368400155
931,2351.458368400155
932,2351.458368400155
933,2351.458368400155
934,2351.458368400155
935,2351.458368400155
936,2351.458368400155
937,2351.458368400155
938,2351.458368400155
939,2351.458368400155
940,2351.458368400155
941,2351.458368400155
942,2351.458368400155
943,2351.458368400155
944,2351.458368400155
945,2351.458368400155
946,2351.458368400155
947,2351.458368400155
948,2351.458368400155
949,2351.458368400155
950,2351.458368400155
951,2351.458368400155
952,2351.458368400155
953,2351.458368400155
954,2351.458368400155
955,2351.458368400155
956,2351.458368400155
957,2351.458368400155
958,2351.458368400155
959,2351.458368400155
960,2351.458368400155
961,2351.458368400155
962,2351.458368400155
963,2351.458368400155
964,2351.458368400155
965,2351.458368400155
966,2351.458368400155
967,2351.458368400155
968,2351.458368400155
969,2351.458368400155
970,2351.458368400155
971,2351.458368400155
972,2351.458368400155
973,2351.458368400155
974,2351.458368400155
975,2351.458368400155
976,2351.458368400155
977,2351.458368400155
978,2351.458368400155
979,2351.458368400155
980,2351.458368400155
981,2351.458368400155
982,2351.458368400155
983,2351.458368400155
984,2351.458368400155
985,2351.458368400155
986,2351.458368400155
987,2351.458368400155
988,2351.458368400155
989,2351.458368400155
990,2351.458368400155
991,2351.458368400155
992,2351.458368400155
993,2351.458368400155
994,2351.458368400155
995,2351.458368400155
996,2351.458368400155
997,2351.458368400155
998,2351.458368400155
999,2351.458368400155
1000,2351.458368400155
1001,2351.458368400155
1002,2351.458368400155
1003,2351.458368400155
1004,2351.458368400155
1005,2351.458368400155
1006,2351.458368400155
1007,2351.458368400155
1008,2351.458368400155
1009,2351.458368400155
1010,2351.458368400155
1011,2351.458368400155
1012,2351.458368400155
1013,2351.458368400155
1014,2351.458368400155
1015,2351.458368400155
1016,2351.458368400155
1017,2351.458368400155
1018,2351.458368400155
1019,2351.458368400155
1020,2351.458368400155
1021,2351.458368400155
1022,2351.458368400155
1023,2351.458368400155
1024,2351.458368400155
1025,2351.458368400155
1026,2351.458368400155
1027,2351.458368400155
1028,2351.458368400155
1029,2351.458368400155
1030,2351.458368400155
1031,2351.458368400155
1032,2351.458368400155
1033,2351.458368400155
1034,2351.458368400155
1035,2351.458368400155
1036,2351.458368400155
1037,2351.458368400155
1038,2351.458368400155
1039,2351.458368400155
1040,2351.458368400155
1041,2351.458368400155
1042,2351.458368400155
1043,2351.458368400155
1044,2351.458368400155
1045,2351.458368400155
1046,2351.458368400155
1047,2351.458368400155
1048,2351.458368400155
1049,2351.458368400155
1050,2351.458368400155
1051,2351.458368400155
1052,2351.458368400155
1053,2351.458368400155
1054,2351.458368400155
1055,2351.458368400155
1056,2351.458368400155
1057,2351.458368400155
1058,2351.458368400155
1059,2351.458368400155
1060,2351.458368400155
1061,2351.458368400155
1062,2351.458368400155
1063,2351.458368400155
1064,2351.458368400155
1065,2351.458368400155
1066,2351.458368400155
1067,2351.458368400155
1068,2351.458368400155
1069,2351.458368400155
1070,2351.458368400155
1071,2351.458368400155
1072,2351.458368400155
1073,2351.458368400155
1074,2351.458368400155
1075,2351.458368400155
1076,2351.458368400155
1077,2351.458368400155
1078,2351.458368400155
1079,2351.458368400155
1080,2351.458368400155
1081,2351.458368400155
1082,2351.458368400155
1083,2351.458368400155
1084,2351.458368400155
1085,2351.458368400155
1086,2351.458368400155
1087,2351.458368400155
1088,2351.458368400155
1089,2351.458368400155
1090,2351.458368400155
1091,2351.458368400155
1092,2351.458368400155
1093,2351.458368400155
1094,2351.458368400155
1095,2351.458368400155
1096,2351.458368400155
1097,2351.458368400155
1098,2351.458368400155
1099,2351.458368400155
1100,2351.458368400155
1101,2351.458368400155
1102,2351.458368400155
1103,2351.458368400155
1104,2351.458368400155
1105,2351.458368400155
1106,2351.458368400155
1107,2351.458368400155
1108,2351.458368400155
1109,2351.458368400155
1110,2351.458368400155
1111,2351.458368400155
1112,2351.458368400155
1113,2351.458368400155
1114,2351.458368400155
1115,2351.458368400155
1116,2351.458368400155
1117,2351.458368400155
1118,2351.458368400155
1119,2351.458368400155
1120,2351.458368400155
1121,2351.458368400155
1122,2351.458368400155
1123,2351.458368400155
1124,2351.458368400155
1125,2351.458368400155
1126,2351.458368400155
1127,2351.458368400155
1128,2351.458368400155
1129,2351.458368400155
1130,2351.458368400155
1131,2351.458368400155
1132,2351.458368400155
1133,2351.458368400155
1134,2351.458368400155
1135,2351.458368400155
1136,2351.458368400155
1137,2351.458368400155
1138,2351.458368400155
1139,2351.458368400155
1140,2351.458368400155
1141,2351.458368400155
1142,2351.458368400155
1143,2351.458368400155
1144,2351.458368400155
1145,2351.458368400155
1146,2351.458368400155
1147,2351.458368400155
1148,2351.458368400155
1149,2351.458368400155
1150,2351.458368400155
1151,2351.458368400155
1152,2351.458368400155
1153,2351.458368400155
1154,2351.458368400155
1155,2351.458368400155
1156,2351.458368400155
1157,2351.458368400155
1158,2351.458368400155
1159,2351.458368400155
1160,2351.458368400155
1161,2351.458368400155
1162,2351.458368400155
1163,2351.458368400155
1164,2351.458368400155
1165,2351.458368400155
1166,2351.458368400155
1167,2351.458368400155
1168,2351.458368400155
1169,2351.458368400155
1170,2351.458368400155
1171,2351.458368400155
1172,2351.458368400155
1173,2351.458368400155
1174,2351.458368400155
1175,2351.458368400155
1176,2351.458368400155
1177,2351.458368400155
1178,2351.458368400155
1179,2351.458368400155
1180,2351.458368400155
1181,2351.458368400155
1182,2351.458368400155
1183,2351.458368400155
1184,2351.458368400155
1185,2351.458368400155
1186,2351.458368400155
1187,2351.458368400155
1188,2351.458368400155
1189,2351.458368400155
1190,2351.458368400155
1191,2351.458368400155
1192,2351.458368400155
1193,2351.458368400155
1194,2351.458368400155
1195,2351.458368400155
1196,2351.458368400155
1197,2351.458368400155
1198,2351.458368400155
1199,2351.458368400155
1200,2351.458368400155
1201,2351.458368400155
1202,2351.458368400155
1203,2351.458368400155
1204,2351.458368400155
1205,2351.458368400155
1206,2351.458368400155
1207,2351.458368400155
1208,2351.458368400155
1209,2351.458368400155
1210,2351.458368400155
1211,2351.458368400155
1212,2351.458368400155
1213,2351.458368400155
1214,2351.458368400155
1215,2351.458368400155
1216,2351.458368400155
1217,2351.458368400155
1218,2351.458368400155
1219,2351.458368400155
1220,2351.458368400155
1221,2351.458368400155
1222,2351.458368400155
1223,2351.458368400155
1224,2351.458368400155
1225,2351.458368400155
1226,2351.458368400155
1227,2351.458368400155
1228,2351.458368400155
1229,2351.458368400155
1230,2351.458368400155
1231,2351.458368400155
1232,2351.458368400155
1233,2351.458368400155
1234,2351.458368400155
1235,2351.458368400155
1236,2351.458368400155
1237,2351.458368400155
1238,2351.458368400155
1239,2351.458368400155
1240,2351.458368400155
1241,2351.458368400155
1242,2351.458368400155
1243,2351.458368400155
1244,2351.458368400155
1245,2351.458368400155
1246,2351.458368400155
1247,2351.458368400155
1248,2351.458368400155
1249,2351.458368400155
1250,2351.458368400155
1251,2351.458368400155
1252,2351.458368400155
1253,2351.458368400155
1254,2351.458368400155
1255,2351.458368400155
1256,2351.458368400155
1257,2351.458368400155
1258,2351.458368400155
1259,2351.458368400155
1260,2351.458368400155
1261,2351.458368400155
1262,2351.458368400155
1263,2351.458368400155
1264,2351.458368400155
1265,2351.458368400155
1266,2351.458368400155
1267,2351.458368400155
1268,2351.458368400155
1269,2351.458368400155
1270,2351.458368400155
1271,2351.458368400155
1272,2351.458368400155
1273,2351.458368400155
1274,2351.458368400155
1275,2351.458368400155
1276,2351.458368400155
1277,2351.458368400155
1278,2351.458368400155
1279,2351.458368400155
1280,2351.458368400155
1281,2351.458368400155
1282,2351.458368400155
1283,2351.458368400155
1284,2351.458368400155
1285,2351.458368400155
1286,2351.458368400155
1287,2351.458368400155
1288,2351.458368400155
1289,2351.458368400155
1290,2351.458368400155
1291,2351.458368400155
1292,2351.458368400155
1293,2351.458368400155
1294,2351.458368400155
1295,2351.458368400155
1296,2351.458368400155
1297,2351.458368400155
1298,2351.458368400155
1299,2351.458368400155
1300,2351.458368400155
1301,2351.458368400155
1302,2351.458368400155
1303,2351.458368400155
1304,2351.458368400155
1305,2351.458368400155
1306,2351.458368400155
1307,2351.458368400155
1308,2351.458368400155
1309,2351.458368400155
1310,2351.458368400155
1311,2351.458368400155
1312,2351.458368400155
1313,2351.458368400155
1314,2351.458368400155
1315,2351.458368400155
1316,2351.458368400155
1317,2351.458368400155
1318,2351.458368400155
1319,2351.458368400155
1320,2351.458368400155
1321,2351.458368400155
1322,2351.458368400155
1323,2351.458368400155
1324,2351.458368400155
1325,2351.458368400155
1326,2351.458368400155
1327,2351.458368400155
1328,2351.458368400155
1329,2351.458368400155
1330,2351.458368400155
1331,2351.458368400155
1332,2351.458368400155
1333,2351.458368400155
1334,2351.458368400155
1335,2351.458368400155
1336,2351.458368400155
1337,2351.458368400155
1338,2351.458368400155
1339,2351.458368400155
1340,2351.458368400155
1341,2351.458368400155
1342,2351.458368400155
1343,2351.458368400155
1344,2351.458368400155
1345,2351.458368400155
1346,2351.458368400155
1347,2351.458368400155
1348,2351.458368400155
1349,2351.458368400155
1350,2351.458368400155
1351,2351.458368400155
1352,2351.458368400155
1353,2351.458368400155
1354,2351.458368400155
1355,2351.458368400155
1356,2351.458368400155
1357,2351.458368400155
1358,2351.458368400155
1359,2351.458368400155
1360,2351.458368400155
1361,2351.458368400155
1362,2351.458368400155
1363,2351.458368400155
1364,2351.458368400155
1365,2351.458368400155
1366,2351.458368400155
1367,2351.458368400155
1368,2351.458368400155
1369,2351.458368400155
1370,2351.458368400155
1371,2351.458368400155
1372,2351.458368400155
1373,2351.458368400155
1374,2351.458368400155
1375,2351.458368400155
1376,2351.458368400155
1377,2351.458368400155
1378,2351.458368400155
1379,2351.458368400155
1380,2351.458368400155
1381,2351.458368400155
1382,2351.458368400155
1383,2351.458368400155
1384,2351.458368400155
1385,2351.458368400155
1386,2351.458368400155
1387,2351.458368400155
1388,2351.458368400155
1389,2351.458368400155
1390,2351.458368400155
1391,2351.458368400155
1392,2351.458368400155
1393,2351.458368400155
1394,2351.458368400155
1395,2351.458368400155
1396,2351.458368400155
1397,2351.458368400155
1398,2351.458368400155
1399,2351.458368400155
1400,2351.458368400155
1401,2351.458368400155
1402,2351.458368400155
1403,2351.458368400155
1404,2351.458368400155
1405,2351.458368400155
1406,2351.458368400155
1407,2351.458368400155
1408,2351.458368400155
1409,2351.458368400155
1410,2351.458368400155
1411,2351.458368400155
1412,2351.458368400155
1413,2351.458368400155
1414,2351.458368400155
1415,2351.458368400155
1416,2351.458368400155
1417,2351.458368400155
1418,2351.458368400155
1419,2351.458368400155
1420,2351.458368400155
1421,2351.458368400155
1422,2351.458368400155
1423,2351.458368400155
1424,2351.458368400155
1425,2351.458368400155
1426,2351.458368400155
1427,2351.458368400155
1428,2351.458368400155
1429,2351.458368400155
1430,2351.458368400155
1431,2351.458368400155
1432,2351.458368400155
1433,2351.458368400155
1434,2351.458368400155
1435,2351.458368400155
1436,2351.458368400155
1437,2351.458368400155
1438,2351.458368400155
1439,2351.458368400155
1440,2351.458368400155
1441,2351.458368400155
1442,2351.458368400155
1443,2351.458368400155
1444,2351.458368400155
1445,2351.458368400155
1446,2351.458368400155
1447,2351.458368400155
1448,2351.458368400155
1449,2351.458368400155
1450,2351.458368400155
1451,2351.458368400155
1452,2351.458368400155
1453,2351.458368400155
1454,2351.458368400155
1455,2351.458368400155
1456,2351.458368400155
1457,2351.458368400155
1458,2351.458368400155
1459,2351.458368400155
1460,2351.458368400155
1461,2351.458368400155
1462,2351.458368400155
1463,2351.458368400155
1464,2351.458368400155
1465,2351.458368400155
1466,2351.458368400155
1467,2351.458368400155
1468,2351.458368400155
1469,2351.458368400155
1470,2351.458368400155
1471,2351.458368400155
1472,2351.458368400155
1473,2351.458368400155
1474,2351.458368400155
1475,2351.458368400155
1476,2351.458368400155
1477,2351.458368400155
1478,2351.458368400155
1479,2351.458368400155
1480,2351.458368400155
1481,2351.458368400155
1482,2351.458368400155
1483,2351.458368400155
1484,2351.458368400155
1485,2351.458368400155
1486,2351.458368400155
1487,2351.458368400155
1488,2351.458368400155
1489,2351.458368400155
1490,2351.458368400155
1491,2351.458368400155
1492,2351.458368400155
1493,2351.458368400155
1494,2351.458368400155
1495,2351.458368400155
1496,2351.458368400155
1497,2351.458368400155
1498,2351.458368400155
1499,2351.458368400155
1500,2351.458368400155
1501,2351.458368400155
1502,2351.458368400155
1503,2351.458368400155
1504,2351.458368400155
1505,2351.458368400155
1506,2351.458368400155
1507,2351.458368400155
1508,2351.458368400155
1509,2351.458368400155
1510,2351.458368400155
1511,2351.458368400155
1512,2351.458368400155
1513,2351.458368400155
1514,2351.458368400155
1515,2351.458368400155
1516,2351.458368400155
1517,2351.458368400155
1518,2351.458368400155
1519,2351.458368400155
1520,2351.458368400155
1521,2351.458368400155
1522,2351.458368400155
1523,2351.458368400155
1524,2351.458368400155
1525,2351.458368400155
1526,2351.458368400155
1527,2351.458368400155
1528,2351.458368400155
1529,2351.458368400155
1530,2351.458368400155
1531,2351.458368400155
1532,2351.458368400155
1533,2351.458368400155
1534,2351.458368400155
1535,2351.458368400155
1536,2351.458368400155
1537,2351.458368400155
1538,2351.458368400155
1539,2351.458368400155
1540,2351.458368400155
1541,2351.458368400155
1542,2351.458368400155
1543,2351.458368400155
1544,2351.458368400155
1545,2351.458368400155
1546,2351.458368400155
1547,2351.458368400155
1548,2351.458368400155
1549,2351.458368400155
1550,2351.458368400155
1551,2351.458368400155
1552,2351.458368400155
1553,2351.458368400155
1554,2351.458368400155
1555,2351.458368400155
1556,2351.458368400155
1557,2351.458368400155
1558,2351.458368400155
1559,2351.458368400155
1560,2351.458368400155
1561,2351.458368400155
1562,2351.458368400155
1563,2351.458368400155
1564,2351.458368400155
1565,2351.458368400155
1566,2351.458368400155
1567,2351.458368400155
1568,2351.458368400155
1569,2351.458368400155
1570,2351.458368400155
1571,2351.458368400155
1572,2351.458368400155
1573,2351.458368400155
1574,2351.458368400155
1575,2351.458368400155
1576,2351.458368400155
1577,2351.458368400155
1578,2351.458368400155
1579,2351.458368400155
1580,2351.458368400155
1581,2351.458368400155
1582,2351.458368400155
1583,2351.458368400155
1584,2351.458368400155
1585,2351.458368400155
1586,2351.458368400155
1587,2351.458368400155
1588,2351.458368400155
1589,2351.458368400155
1590,2351.458368400155
1591,2351.458368400155
1592,2351.458368400155
1593,2351.458368400155
1594,2351.458368400155
1595,2351.458368400155
1596,2351.458368400155
1597,2351.458368400155
1598,2351.458368400155
1599,2351.458368400155
1600,2351.458368400155
1601,2351.458368400155
1602,2351.458368400155
1603,2351.458368400155
1604,2351.458368400155
1605,2351.458368400155
1606,2351.458368400155
1607,2351.458368400155
1608,2351.458368400155
1609,2351.458368400155
1610,2351.458368400155
1611,2351.458368400155
1612,2351.458368400155
1613,2351.458368400155
1614,2351.458368400155
1615,2351.458368400155
1616,2351.458368400155
1617,2351.458368400155
1618,2351.458368400155
1619,2351.458368400155
1620,2351.458368400155
1621,2351.458368400155
1622,2351.458368400155
1623,2351.458368400155
1624,2351.458368400155
1625,2351.458368400155
1626,2351.458368400155
1627,2351.458368400155
1628,2351.458368400155
1629,2351.458368400155
1630,2351.458368400155
1631,2351.458368400155
1632,2351.458368400155
1633,2351.458368400155
1634,2351.458368400155
1635,2351.458368400155
1636,2351.458368400155
1637,2351.458368400155
1638,2351.458368400155
1639,2351.458368400155
1640,2351.458368400155
1641,2351.458368400155
1642,2351.458368400155
1643,2351.458368400155
1644,2351.458368400155
1645,2351.458368400155
1646,2351.458368400155
1647,2351.458368400155
1648,2351.458368400155
1649,2351.458368400155
1650,2351.458368400155
1651,2351.458368400155
1652,2351.458368400155
1653,2351.458368400155
1654,2351.458368400155
1655,2351.458368400155
1656,2351.458368400155
1657,2351.458368400155
1658,2351.458368400155
1659,2351.458368400155
1660,2351.458368400155
1661,2351.458368400155
1662,2351.458368400155
1663,2351.458368400155
1664,2351.458368400155
1665,2351.458368400155
1666,2351.458368400155
1667,2351.458368400155
1668,2351.458368400155
1669,2351.458368400155
1670,2351.458368400155
1671,2351.458368400155
1672,2351.458368400155
1673,2351.458368400155
1674,2351.458368400155
1675,2351.458368400155
1676,2351.458368400155
1677,2351.458368400155
1678,2351.458368400155
1679,2351.458368400155
1680,2351.458368400155
1681,2351.458368400155
1682,2351.458368400155
1683,2351.458368400155
1684,2351.458368400155
1685,2351.458368400155
1686,2351.458368400155
1687,2351.458368400155
1688,2351.458368400155
1689,2351.458368400155
1690,2351.458368400155
1691,2351.458368400155
1692,2351.458368400155
1693,2351.458368400155
1694,2351.458368400155
1695,2351.458368400155
1696,2351.458368400155
1697,2351.458368400155
1698,2351.458368400155
1699,2351.458368400155
1700,2351.458368400155
1701,2351.458368400155
1702,2351.458368400155
1703,2351.458368400155
1704,2351.458368400155
1705,2351.458368400155
1706,2351.458368400155
1707,2351.458368400155
1708,2351.458368400155
1709,2351.458368400155
1710,2351.458368400155
1711,2351.458368400155
1712,2351.458368400155
1713,2351.458368400155
1714,2351.458368400155
1715,2351.458368400155
1716,2351.458368400155
1717,2351.458368400155
1718,2351.458368400155
1719,2351.458368400155
1720,2351.458368400155
1721,2351.458368400155
1722,2351.458368400155
1723,2351.458368400155
1724,2351.458368400155
1725,2351.458368400155
1726,2351.458368400155
1727,2351.458368400155
1728,2351.458368400155
1729,2351.458368400155
1730,2351.458368400155
1731,2351.458368400155
1732,2351.458368400155
1733,2351.458368400155
1734,2351.458368400155
1735,2351.458368400155
1736,2351.458368400155
1737,2351.458368400155
1738,2351.458368400155
1739,2351.458368400155
1740,2351.458368400155
1741,2351.458368400155
1742,2351.458368400155
1743,2351.458368400155
1744,2351.458368400155
1745,2351.458368400155
1746,2351.458368400155
1747,2351.458368400155
1748,2351.458368400155
1749,2351.458368400155
1750,2351.458368400155
1751,2351.458368400155
1752,2351.458368400155
1753,2351.458368400155
1754,2351.458368400155
1755,2351.458368400155
1756,2351.458368400155
1757,2351.458368400155
1758,2351.458368400155
1759,2351.458368400155
1760,2351.458368400155
1761,2351.458368400155
1762,2351.458368400155
1763,2351.458368400155
1764,2351.458368400155
1765,2351.458368400155
1766,2351.458368400155
1767,2351.458368400155
1768,2351.458368400155
1769,2351.458368400155
1770,2351.458368400155
1771,2351.458368400155
1772,2351.458368400155
1773,2351.458368400155
1774,2351.458368400155
1775,2351.458368400155
1776,2351.458368400155
1777,2351.458368400155
1778,2351.458368400155
1779,2351.458368400155
1780,2351.458368400155
1781,2351.458368400155
1782,2351.458368400155
1783,2351.458368400155
1784,2351.458368400155
1785,2351.458368400155
1786,2351.458368400155
1787,2351.458368400155
1788,2351.458368400155
1789,2351.458368400155
1790,2351.458368400155
1791,2351.458368400155
1792,2351.458368400155
1793,2351.458368400155
1794,2351.458368400155
1795,2351.458368400155
1796,2351.458368400155
1797,2351.458368400155
1798,2351.458368400155
1799,2351.458368400155
1800,2351.458368400155
1801,2351.458368400155
1802,2351.458368400155
1803,2351.458368400155
1804,2351.458368400155
1805,2351.458368400155
1806,2351.458368400155
1807,2351.458368400155
1808,2351.458368400155
1809,2351.458368400155
1810,2351.458368400155
1811,2351.458368400155
1812,2351.458368400155
1813,2351.458368400155
1814,2351.458368400155
1815,2351.458368400155
1816,2351.458368400155
1817,2351.458368400155
1818,2351.458368400155
1819,2351.458368400155
1820,2351.458368400155
1821,2351.458368400155
1822,2351.458368400155
1823,2351.458368400155
1824,2351.458368400155
1825,2351.458368400155
1826,2351.458368400155
1827,2351.458368400155
1828,2351.458368400155
1829,2351.458368400155
1830,2351.458368400155
1831,2351.458368400155
1832,2351.458368400155
1833,2351.458368400155
1834,2351.458368400155
1835,2351.458368400155
1836,2351.458368400155
1837,2351.458368400155
1838,2351.458368400155
1839,2351.458368400155
1840,2351.458368400155
1841,2351.458368400155
1842,2351.458368400155
1843,2351.458368400155
1844,2351.458368400155
1845,2351.458368400155
1846,2351.458368400155
1847,2351.458368400155
1848,2351.458368400155
1849,2351.458368400155
1850,2351.458368400155
1851,2351.458368400155
1852,2351.458368400155
1853,2351.458368400155
1854,2351.458368400155
1855,2351.458368400155
1856,2351.458368400155
1857,2351.458368400155
1858,2351.458368400155
1859,2351.458368400155
1860,2351.458368400155
1861,2351.458368400155
1862,2351.458368400155
1863,2351.458368400155
1864,2351.458368400155
1865,2351.458368400155
1866,2351.458368400155
1867,2351.458368400155
1868,2351.458368400155
1869,2351.458368400155
1870,2351.458368400155
1871,2351.458368400155
1872,2351.458368400155
1873,2351.458368400155
1874,2351.458368400155
1875,2351.458368400155
1876,2351.458368400155
1877,2351.458368400155
1878,2351.458368400155
1879,2351.458368400155
1880,2351.458368400155
1881,2351.458368400155
1882,2351.458368400155
1883,2351.458368400155
1884,2351.458368400155
1885,2351.458368400155
1886,2351.458368400155
1887,2351.458368400155
1888,2351.458368400155
1889,2351.458368400155
1890,2351.458368400155
1891,2351.458368400155
1892,2351.458368400155
1893,2351.458368400155
1894,2351.458368400155
1895,2351.458368400155
1896,2351.458368400155
1897,2351.458368400155
1898,2351.458368400155
1899,2351.458368400155
1900,2351.458368400155
1901,2351.458368400155
1902,2351.458368400155
1903,2351.458368400155
1904,2351.458368400155
1905,2351.458368400155
1906,2351.458368400155
1907,2351.458368400155
1908,2351.458368400155
1909,2351.458368400155
1910,2351.458368400155
1911,2351.458368400155
1912,2351.458368400155
1913,2351.458368400155
1914,2351.458368400155
1915,2351.458368400155
1916,2351.458368400155
1917,2351.458368400155
1918,2351.458368400155
1919,2351.458368400155
1920,2351.458368400155
1921,2351.458368400155
1922,2351.458368400155
1923,2351.458368400155
1924,2351.458368400155
1925,2351.458368400155
1926,2351.458368400155
1927,2351.458368400155
1928,2351.458368400155
1929,2351.458368400155
1930,2351.458368400155
1931,2351.458368400155
1932,2351.458368400155
1933,2351.458368400155
1934,2351.458368400155
1935,2351.458368400155
1936,2351.458368400155
1937,2351.458368400155
1938,2351.458368400155
1939,2351.458368400155
1940,2351.458368400155
1941,2351.458368400155
1942,2351.458368400155
1943,2351.458368400155
1944,2351.458368400155
1945,2351.458368400155
1946,2351.458368400155
1947,2351.458368400155
1948,2351.458368400155
1949,2351.458368400155
1950,2351.458368400155
1951,2351.458368400155
1952,2351.458368400155
1953,2351.458368400155
1954,2351.458368400155
1955,2351.458368400155
1956,2351.458368400155
1957,2351.458368400155
1958,2351.458368400155
1959,2351.458368400155
1960,2351.458368400155
1961,2351.458368400155
1962,2351.458368400155
1963,2351.458368400155
1964,2351.458368400155
1965,2351.458368400155
1966,2351.458368400155
1967,2351.458368400155
1968,2351.458368400155
1969,2351.458368400155
1970,2351.458368400155
1971,2351.458368400155
1972,2351.458368400155
1973,2351.458368400155
1974,2351.458368400155
1975,2351.458368400155
1976,2351.458368400155
1977,2351.458368400155
1978,2351.458368400155
1979,2351.458368400155
1980,2351.458368400155
1981,2351.458368400155
1982,2351.458368400155
1983,2351.458368400155
1984,2351.458368400155
1985,2351.458368400155
1986,2351.458368400155
1987,2351.458368400155
1988,2351.458368400155
1989,2351.458368400155
1990,2351.458368400155
1991,2351.458368400155
1992,2351.458368400155
1993,2351.458368400155
1994,2351.458368400155
1995,2351.458368400155
1996,2351.458368400155
1997,2351.458368400155
1998,2351.458368400155
1999,2351.458368400155
2000,2351.458368400155
2001,2351.458368400155
2002,2351.458368400155
2003,2351.458368400155
2004,2351.458368400155
2005,2351.458368400155
2006,2351.458368400155
2007,2351.458368400155
2008,2351.458368400155
2009,2351.458368400155
2010,2351.458368400155
2011,2351.458368400155
2012,2351.458368400155
2013,2351.458368400155
2014,2351.458368400155
2015,2351.458368400155
2016,2351.458368400155
2017,2351.458368400155
2018,2351.458368400155
2019,2351.458368400155
2020,2351.458368400155
2021,2351.458368400155
2022,2351.458368400155
2023,2351.458368400155
2024,2351.458368400155
2025,2351.458368400155
2026,2351.458368400155
2027,2351.458368400155
2028,2351.458368400155
2029,2351.458368400155
2030,2351.458368400155
2031,2351.458368400155
2032,2351.458368400155
2033,2351.458368400155
2034,2351.458368400155
2035,2351.458368400155
2036,2351.458368400155
2037,2351.458368400155
2038,2351.458368400155
2039,2351.458368400155
2040,2351.458368400155
2041,2351.458368400155
2042,2351.458368400155
2043,2351.458368400155
2044,2351.458368400155
2045,2351.458368400155
2046,2351.458368400155
2047,2351.458368400155
2048,2351.458368400155
2049,2351.458368400155
2050,2351.458368400155
2051,2351.458368400155
2052,2351.458368400155
2053,2351.458368400155
2054,2351.458368400155
2055,2351.458368400155
2056,2351.458368400155
2057,2351.458368400155
2058,2351.458368400155
2059,2351.458368400155
2060,2351.458368400155
2061,2351.458368400155
2062,2351.458368400155
2063,2351.458368400155
2064,2351.458368400155
2065,2351.458368400155
2066,2351.458368400155
2067,2351.458368400155
2068,2351.458368400155
2069,2351.458368400155
2070,2351.458368400155
2071,2351.458368400155
2072,2351.458368400155
2073,2351.458368400155
2074,2351.458368400155
2075,2351.458368400155
2076,2351.458368400155
2077,2351.458368400155
2078,2351.458368400155
2079,2351.458368400155
2080,2351.458368400155
2081,2351.458368400155
2082,2351.458368400155
2083,2351.458368400155
2084,2351.458368400155
2085,2351.458368400155
2086,2351.458368400155
2087,2351.458368400155
2088,2351.458368400155
2089,2351.458368400155
2090,2351.458368400155
2091,2351.458368400155
2092,2351.458368400155
2093,2351.458368400155
2094,2351.458368400155
2095,2351.458368400155
2096,2351.458368400155
2097,2351.458368400155
2098,2351.458368400155
2099,2351.458368400155
2100,2351.458368400155
2101,2351.458368400155
2102,2351.458368400155
2103,2351.458368400155
2104,2351.458368400155
2105,2351.458368400155
2106,2351.458368400155
2107,2351.458368400155
2108,2351.458368400155
2109,2351.458368400155
2110,2351.458368400155
2111,2351.458368400155
2112,2351.458368400155
2113,2351.458368400155
2114,2351.458368400155
2115,2351.458368400155
2116,2351.458368400155
2117,2351.458368400155
2118,2351.458368400155
2119,2351.458368400155
2120,2351.458368400155
2121,2351.458368400155
2122,2351.458368400155
2123,2351.458368400155
2124,2351.458368400155
2125,2351.458368400155
2126,2351.458368400155
2127,2351.458368400155
2128,2351.458368400155
2129,2351.458368400155
2130,2351.458368400155
2131,2351.458368400155
2132,2351.458368400155
2133,2351.458368400155
2134,2351.458368400155
2135,2351.458368400155
2136,2351.458368400155
2137,2351.458368400155
2138,2351.458368400155
2139,2351.458368400155
2140,2351.458368400155
2141,2351.458368400155
2142,2351.458368400155
2143,2351.458368400155
2144,2351.458368400155
2145,2351.458368400155
2146,2351.458368400155
2147,2351.458368400155
2148,2351.458368400155
2149,2351.458368400155
2150,2351.458368400155
2151,2351.458368400155
2152,2351.458368400155
2153,2351.458368400155
2154,2351.458368400155
2155,2351.458368400155
2156,2351.458368400155
2157,2351.458368400155
2158,2351.458368400155
2159,2351.458368400155
2160,2351.458368400155
2161,2351.458368400155
2162,2351.458368400155
2163,2351.458368400155
2164,2351.458368400155
2165,2351.458368400155
2166,2351.458368400155
2167,2351.458368400155
2168,2351.458368400155
2169,2351.458368400155
2170,2351.458368400155
2171,2351.458368400155
2172,2351.458368400155
2173,2351.458368400155
2174,2351.458368400155
2175,2351.458368400155
2176,2351.458368400155
2177,2351.458368400155
2178,2351.458368400155
2179,2351.458368400155
2180,2351.458368400155
2181,2351.458368400155
2182,2351.458368400155
2183,2351.458368400155
2184,2351.458368400155
2185,2351.458368400155
2186,2351.458368400155
2187,2351.458368400155
2188,2351.458368400155
2189,2351.458368400155
2190,2351.458368400155
2191,2351.458368400155
2192,2351.458368400155
2193,2351.458368400155
2194,2351.458368400155
2195,2351.458368400155
2196,2351.458368400155
2197,2351.458368400155
2198,2351.458368400155
2199,2351.458368400155
2200,2351.458368400155
2201,2351.458368400155
2202,2351.458368400155
2203,2351.458368400155
2204,2351.458368400155
2205,2351.458368400155
2206,2351.458368400155
2207,2351.458368400155
2208,2351.458368400155
2209,2351.458368400155
2210,2351.458368400155
2211,2351.458368400155
2212,2351.458368400155
2213,2351.458368400155
2214,2351.458368400155
2215,2351.458368400155
2216,2351.458368400155
2217,2351.458368400155
2218,2351.458368400155
2219,2351.458368400155
2220,2351.458368400155
2221,2351.458368400155
2222,2351.458368400155
2223,2351.458368400155
2224,2351.458368400155
2225,2351.458368400155
2226,2351.458368400155
2227,2351.458368400155
2228,2351.458368400155
2229,2351.458368400155
2230,2351.458368400155
2231,2351.458368400155
2232,2351.458368400155
2233,2351.458368400155
2234,2351.458368400155
2235,2351.458368400155
2236,2351.458368400155
2237,2351.458368400155
2238,2351.458368400155
2239,2351.458368400155
2240,2351.458368400155
2241,2351.458368400155
2242,2351.458368400155
2243,2351.458368400155
2244,2351.458368400155
2245,2351.458368400155
2246,2351.458368400155
2247,2351.458368400155
2248,2351.458368400155
2249,2351.458368400155
2250,2351.458368400155
2251,2351.458368400155
2252,2351.458368400155
2253,2351.458368400155
2254,2351.458368400155
2255,2351.458368400155
2256,2351.458368400155
2257,2351.458368400155
2258,2351.458368400155
2259,2351.458368400155
2260,2351.458368400155
2261,2351.458368400155
2262,2351.458368400155
2263,2351.458368400155
2264,2351.458368400155
2265,2351.458368400155
2266,2351.458368400155
2267,2351.458368400155
2268,2351.458368400155
2269,2351.458368400155
2270,2351.458368400155
2271,2351.458368400155
2272,2351.458368400155
2273,2351.458368400155
2274,2351.458368400155
2275,2351.458368400155
2276,2351.458368400155
2277,2351.458368400155
2278,2351.458368400155
2279,2351.458368400155
2280,2351.458368400155
2281,2351.458368400155
2282,2351.458368400155
2283,2351.458368400155
2284,2351.458368400155
2285,2351.458368400155
2286,2351.458368400155
2287,2351.458368400155
2288,2351.458368400155
2289,2351.458368400155
2290,2351.458368400155
2291,2351.458368400155
2292,2351.458368400155
2293,2351.458368400155
2294,2351.458368400155
2295,2351.458368400155
2296,2351.458368400155
2297,2351.458368400155
2298,2351.458368400155
2299,2351.458368400155
2300,2351.458368400155
2301,2351.458368400155
2302,2351.458368400155
2303,2351.458368400155
2304,2351.458368400155
2305,2351.458368400155
2306,2351.458368400155
2307,2351.458368400155
2308,2351.458368400155
2309,2351.458368400155
2310,2351.458368400155
2311,2351.458368400155
2312,2351.458368400155
2313,2351.458368400155
2314,2351.458368400155
2315,2351.458368400155
2316,2351.458368400155
2317,2351.458368400155
2318,2351.458368400155
2319,2351.458368400155
2320,2351.458368400155
2321,2351.458368400155
2322,2351.458368400155
2323,2351.458368400155
2324,2351.458368400155
2325,2351.458368400155
2326,2351.458368400155
2327,2351.458368400155
2328,2351.458368400155
2329,2351.458368400155
2330,2351.458368400155
2331,2351.458368400155
2332,2351.458368400155
2333,2351.458368400155
2334,2351.458368400155
2335,2351.458368400155
2336,2351.458368400155
2337,2351.458368400155
2338,2351.458368400155
2339,2351.458368400155
2340,2351.458368400155
2341,2351.458368400155
2342,2351.458368400155
2343,2351.458368400155
2344,2351.458368400155
2345,2351.458368400155
2346,2351.458368400155
2347,2351.458368400155
2348,2351.458368400155
2349,2351.458368400155
2350,2351.458368400155
2351,2351.458368400155
2352,2351.458368400155
2353,2351.458368400155
2354,2351.458368400155
2355,2351.458368400155
2356,2351.458368400155
2357,2351.458368400155
2358,2351.458368400155
2359,2351.458368400155
2360,2351.458368400155
2361,2351.458368400155
2362,2351.458368400155
2363,2351.458368400155
2364,2351.458368400155
2365,2351.458368400155
2366,2351.458368400155
2367,2351.458368400155
2368,2351.458368400155
2369,2351.458368400155
2370,2351.458368400155
2371,2351.458368400155
2372,2351.458368400155
2373,2351.458368400155
2374,2351.458368400155
2375,2351.458368400155
2376,2351.458368400155
2377,2351.458368400155
2378,2351.458368400155
2379,2351.458368400155
2380,2351.458368400155
2381,2351.458368400155
2382,2351.458368400155
2383,2351.458368400155
2384,2351.458368400155
2385,2351.458368400155
2386,2351.458368400155
2387,2351.458368400155
2388,2351.458368400155
2389,2351.458368400155
2390,2351.458368400155
2391,2351.458368400155
2392,2351.458368400155
2393,2351.458368400155
2394,2351.458368400155
2395,2351.458368400155
2396,2351.458368400155
2397,2351.458368400155
2398,2351.458368400155
2399,2351.458368400155
2400,2351.458368400155
2401,2351.458368400155
2402,2351.458368400155
2403,2351.458368400155
2404,2351.458368400155
2405,2351.458368400155
2406,2351.458368400155
2407,2351.458368400155
2408,2351.458368400155
2409,2351.458368400155
2410,2351.458368400155
2411,2351.458368400155
2412,2351.458368400155
2413,2351.458368400155
2414,2351.458368400155
2415,2351.458368400155
2416,2351.458368400155
2417,2351.458368400155
2418,2351.458368400155
2419,2351.458368400155
2420,2351.458368400155
2421,2351.458368400155
2422,2351.458368400155
2423,2351.458368400155
2424,2351.458368400155
2425,2351.458368400155
2426,2351.458368400155
2427,2351.458368400155
2428,2351.458368400155
2429,2351.458368400155
2430,2351.458368400155
2431,2351.458368400155
2432,2351.458368400155
2433,2351.458368400155
2434,2351.458368400155
2435,2351.458368400155
2436,2351.458368400155
2437,2351.458368400155
2438,2351.458368400155
2439,2351.458368400155
2440,2351.458368400155
2441,2351.458368400155
2442,2351.458368400155
2443,2351.458368400155
2444,2351.458368400155
2445,2351.458368400155
2446,2351.458368400155
2447,2351.458368400155
2448,2351.458368400155
2449,2351.458368400155
2450,2351.458368400155
2451,2351.458368400155
2452,2351.458368400155
2453,2351.458368400155
2454,2351.458368400155
2455,2351.458368400155
2456,2351.458368400155
2457,2351.458368400155
2458,2351.458368400155
2459,2351.458368400155
2460,2351.458368400155
2461,2351.458368400155
2462,2351.458368400155
2463,2351.458368400155
2464,2351.458368400155
2465,2351.458368400155
2466,2351.458368400155
2467,2351.458368400155
2468,2351.458368400155
2469,2351.458368400155
2470,2351.458368400155
2471,2351.458368400155
2472,2351.458368400155
2473,2351.458368400155
2474,2351.458368400155
2475,2351.458368400155
2476,2351.458368400155
2477,2351.458368400155
2478,2351.458368400155
2479,2351.458368400155
2480,2351.458368400155
2481,2351.458368400155
2482,2351.458368400155
2483,2351.458368400155
2484,2351.458368400155
2485,2351.458368400155
2486,2351.458368400155
2487,2351.458368400155
2488,2351.458368400155
2489,2351.458368400155
2490,2351.458368400155
2491,2351.458368400155
2492,2351.458368400155
2493,2351.458368400155
2494,2351.458368400155
2495,2351.458368400155
2496,2351.458368400155
2497,2351.458368400155
2498,2351.458368400155
2499,2351.458368400155
2500,2351.458368400155
2501,2351.458368400155
2502,2351.458368400155
2503,2351.458368400155
2504,2351.458368400155
2505,2351.458368400155
2506,2351.458368400155
2507,2351.458368400155
2508,2351.458368400155
2509,2351.458368400155
2510,2351.458368400155
2511,2351.458368400155
2512,2351.458368400155
2513,2351.458368400155
2514,2351.458368400155
2515,2351.458368400155
2516,2351.458368400155
2517,2351.458368400155
2518,2351.458368400155
2519,2351.458368400155
2520,2351.458368400155
2521,2351.458368400155
2522,2351.458368400155
2523,2351.458368400155
2524,2351.458368400155
2525,2351.458368400155
2526,2351.458368400155
2527,2351.458368400155
2528,2351.458368400155
2529,2351.458368400155
2530,2351.458368400155
2531,2351.458368400155
2532,2351.458368400155
2533,2351.458368400155
2534,2351.458368400155
2535,2351.458368400155
2536,2351.458368400155
2537,2351.458368400155
2538,2351.458368400155
2539,2351.458368400155
2540,2351.458368400155
2541,2351.458368400155
2542,2351.458368400155
2543,2351.458368400155
2544,2351.458368400155
2545,2351.458368400155
2546,2351.458368400155
2547,2351.458368400155
2548,2351.458368400155
2549,2351.458368400155
2550,2351.458368400155
2551,2351.458368400155
2552,2351.458368400155
2553,2351.458368400155
2554,2351.458368400155
2555,2351.458368400155
2556,2351.458368400155
2557,2351.458368400155
2558,2351.458368400155
2559,2351.458368400155
2560,2351.458368400155
2561,2351.458368400155
2562,2351.458368400155
2563,2351.458368400155
2564,2351.458368400155
2565,2351.458368400155
2566,2351.458368400155
2567,2351.458368400155
2568,2351.458368400155
2569,2351.458368400155
2570,2351.458368400155
2571,2351.458368400155
2572,2351.458368400155
2573,2351.458368400155
2574,2351.458368400155
2575,2351.458368400155
2576,2351.458368400155
2577,2351.458368400155
2578,2351.458368400155
2579,2351.458368400155
2580,2351.458368400155
2581,2351.458368400155
2582,2351.458368400155
2583,2351.458368400155
2584,2351.458368400155
2585,2351.458368400155
2586,2351.458368400155
2587,2351.458368400155
2588,2351.458368400155
2589,2351.458368400155
2590,2351.458368400155
2591,2351.458368400155
2592,2351.458368400155
2593,2351.458368400155
2594,2351.458368400155
2595,2351.458368400155
2596,2351.458368400155
2597,2351.458368400155
2598,2351.458368400155
2599,2351.458368400155
2600,2351.458368400155
2601,2351.458368400155
2602,2351.458368400155
2603,2351.458368400155
2604,2351.458368400155
2605,2351.458368400155
2606,2351.458368400155
2607,2351.458368400155
2608,2351.458368400155
2609,2351.458368400155
2610,2351.458368400155
2611,2351.458368400155
2612,2351.458368400155
2613,2351.458368400155
2614,2351.458368400155
2615,2351.458368400155
2616,2351.458368400155
2617,2351.458368400155
2618,2351.458368400155
2619,2351.458368400155
2620,2351.458368400155
2621,2351.458368400155
2622,2351.458368400155
2623,2351.458368400155
2624,2351.458368400155
2625,2351.458368400155
2626,2351.458368400155
2627,2351.458368400155
2628,2351.458368400155
2629,2351.458368400155
2630,2351.458368400155
2631,2351.458368400155
2632,2351.458368400155
2633,2351.458368400155
2634,2351.458368400155
2635,2351.458368400155
2636,2351.458368400155
2637,2351.458368400155
2638,2351.458368400155
2639,2351.458368400155
2640,2351.458368400155
2641,2351.458368400155
2642,2351.458368400155
2643,2351.458368400155
2644,2351.458368400155
2645,2351.458368400155
2646,2351.458368400155
2647,2351.458368400155
2648,2351.458368400155
2649,2351.458368400155
2650,2351.458368400155
2651,2351.458368400155
2652,2351.458368400155
2653,2351.458368400155
2654,2351.458368400155
2655,2351.458368400155
2656,2351.458368400155
2657,2351.458368400155
2658,2351.458368400155
2659,2351.458368400155
2660,2351.458368400155
2661,2351.458368400155
2662,2351.458368400155
2663,2351.458368400155
2664,2351.458368400155
2665,2351.458368400155
2666,2351.458368400155
2667,2351.458368400155
2668,2351.458368400155
2669,2351.458368400155
2670,2351.458368400155
2671,2351.458368400155
2672,2351.458368400155
2673,2351.458368400155
2674,2351.458368400155
2675,2351.458368400155
2676,2351.458368400155
2677,2351.458368400155
2678,2351.458368400155
2679,2351.458368400155
2680,2351.458368400155
2681,2351.458368400155
2682,2351.458368400155
2683,2351.458368400155
2684,2351.458368400155
2685,2351.458368400155
2686,2351.458368400155
2687,2351.458368400155
2688,2351.458368400155
2689,2351.458368400155
2690,2351.458368400155
2691,2351.458368400155
2692,2351.458368400155
2693,2351.458368400155
2694,2351.458368400155
2695,2351.458368400155
2696,2351.458368400155
2697,2351.458368400155
2698,2351.458368400155
2699,2351.458368400155
2700,2351.458368400155
2701,2351.458368400155
2702,2351.458368400155
2703,2351.458368400155
2704,2351.458368400155
2705,2351.458368400155
2706,2351.458368400155
2707,2351.458368400155
2708,2351.458368400155
2709,2351.458368400155
2710,2351.458368400155
2711,2351.458368400155
2712,2351.458368400155
2713,2351.458368400155
2714,2351.458368400155
2715,2351.458368400155
2716,2351.458368400155
2717,2351.458368400155
2718,2351.458368400155
2719,2351.458368400155
2720,2351.458368400155
2721,2351.458368400155
2722,2351.458368400155
2723,2351.458368400155
2724,2351.458368400155
2725,2351.458368400155
2726,2351.458368400155
2727,2351.458368400155
2728,2351.458368400155
2729,2351.458368400155
2730,2351.458368400155
2731,2351.458368400155
2732,2351.458368400155
2733,2351.458368400155
2734,2351.458368400155
2735,2351.458368400155
2736,2351.458368400155
2737,2351.458368400155
2738,2351.458368400155
2739,2351.458368400155
2740,2351.458368400155
2741,2351.458368400155
2742,2351.458368400155
2743,2351.458368400155
2744,2351.458368400155
2745,2351.458368400155
2746,2351.458368400155
2747,2351.458368400155
2748,2351.458368400155
2749,2351.458368400155
2750,2351.458368400155
2751,2351.458368400155
2752,2351.458368400155
2753,2351.458368400155
2754,2351.458368400155
2755,2351.458368400155
2756,2351.458368400155
2757,2351.458368400155
2758,2351.458368400155
2759,2351.458368400155
2760,2351.458368400155
2761,2351.458368400155
2762,2351.458368400155
2763,2351.458368400155
2764,2351.458368400155
2765,2351.458368400155
2766,2351.458368400155
2767,2351.458368400155
2768,2351.458368400155
2769,2351.458368400155
2770,2351.458368400155
2771,2351.458368400155
2772,2351.458368400155
2773,2351.458368400155
2774,2351.458368400155
2775,2351.458368400155
2776,2351.458368400155
2777,2351.458368400155
2778,2351.458368400155
2779,2351.458368400155
2780,2351.458368400155
2781,2351.458368400155
2782,2351.458368400155
2783,2351.458368400155
2784,2351.458368400155
2785,2351.458368400155
2786,2351.458368400155
2787,2351.458368400155
2788,2351.458368400155
2789,2351.458368400155
2790,2351.458368400155
2791,2351.458368400155
2792,2351.458368400155
2793,2351.458368400155
2794,2351.458368400155
2795,2351.458368400155
2796,2351.458368400155
2797,2351.458368400155
2798,2351.458368400155
2799,2351.458368400155
2800,2351.458368400155
2801,2351.458368400155
2802,2351.458368400155
2803,2351.458368400155
2804,2351.458368400155
2805,2351.458368400155
2806,2351.458368400155
2807,2351.458368400155
2808,2351.458368400155
2809,2351.458368400155
2810,2351.458368400155
2811,2351.458368400155
2812,2351.458368400155
2813,2351.458368400155
2814,2351.458368400155
2815,2351.458368400155
2816,2351.458368400155
2817,2351.458368400155
2818,2351.458368400155
2819,2351.458368400155
2820,2351.458368400155
2821,2351.458368400155
2822,2351.458368400155
2823,2351.458368400155
2824,2351.458368400155
2825,2351.458368400155
2826,2351.458368400155
2827,2351.458368400155
2828,2351.458368400155
2829,2351.458368400155
2830,2351.458368400155
2831,2351.458368400155
2832,2351.458368400155
2833,2351.458368400155
2834,2351.458368400155
2835,2351.458368400155
2836,2351.458368400155
2837,2351.458368400155
2838,2351.458368400155
2839,2351.458368400155
2840,2351.458368400155
2841,2351.458368400155
2842,2351.458368400155
2843,2351.458368400155
2844,2351.458368400155
2845,2351.458368400155
2846,2351.458368400155
2847,2351.458368400155
2848,2351.458368400155
2849,2351.458368400155
2850,2351.458368400155
2851,2351.458368400155
2852,2351.458368400155
2853,2351.458368400155
2854,2351.458368400155
2855,2351.458368400155
2856,2351.458368400155
2857,2351.458368400155
2858,2351.458368400155
2859,2351.458368400155
2860,2351.458368400155
2861,2351.458368400155
2862,2351.458368400155
2863,2351.458368400155
2864,2351.458368400155
2865,2351.458368400155
2866,2351.458368400155
2867,2351.458368400155
2868,2351.458368400155
2869,2351.458368400155
2870,2351.458368400155
2871,2351.458368400155
2872,2351.458368400155
2873,2351.458368400155
2874,2351.458368400155
2875,2351.458368400155
2876,2351.458368400155
2877,2351.458368400155
2878,2351.458368400155
2879,2351.458368400155
2880,2351.458368400155
2881,2351.458368400155
2882,2351.458368400155
2883,2351.458368400155
2884,2351.458368400155
2885,2351.458368400155
2886,2351.458368400155
2887,2351.458368400155
2888,2351.458368400155
2889,2351.458368400155
2890,2351.458368400155
2891,2351.458368400155
2892,2351.458368400155
2893,2351.458368400155
2894,2351.458368400155
2895,2351.458368400155
2896,2351.458368400155
2897,2351.458368400155
2898,2351.458368400155
2899,2351.458368400155
2900,2351.458368400155
2901,2351.458368400155
2902,2351.458368400155
2903,2351.458368400155
2904,2351.458368400155
2905,2351.458368400155
2906,2351.458368400155
2907,2351.458368400155
2908,2351.458368400155
2909,2351.458368400155
2910,2351.458368400155
2911,2351.458368400155
2912,2351.458368400155
2913,2351.458368400155
2914,2351.458368400155
2915,2351.458368400155
2916,2351.458368400155
2917,2351.458368400155
2918,2351.458368400155
2919,2351.458368400155
2920,2351.458368400155
2921,2351.458368400155
2922,2351.458368400155
2923,2351.458368400155
2924,2351.458368400155
2925,2351.458368400155
2926,2351.458368400155
2927,2351.458368400155
2928,2351.458368400155
2929,2351.458368400155
2930,2351.458368400155
2931,2351.458368400155
2932,2351.458368400155
2933,2351.458368400155
2934,2351.458368400155
2935,2351.458368400155
2936,2351.458368400155
2937,2351.458368400155
2938,2351.458368400155
2939,2351.458368400155
2940,2351.458368400155
2941,2351.458368400155
2942,2351.458368400155
2943,2351.458368400155
2944,2351.458368400155
2945,2351.458368400155
2946,2351.458368400155
2947,2351.458368400155
2948,2351.458368400155
2949,2351.458368400155
2950,2351.458368400155
2951,2351.458368400155
2952,2351.458368400155
2953,2351.458368400155
2954,2351.458368400155
2955,2351.458368400155
2956,2351.458368400155
2957,2351.458368400155
2958,2351.458368400155
2959,2351.458368400155
2960,2351.458368400155
2961,2351.458368400155
2962,2351.458368400155
2963,2351.458368400155
2964,2351.458368400155
2965,2351.458368400155
2966,2351.458368400155
2967,2351.458368400155
2968,2351.458368400155
2969,2351.458368400155
2970,2351.458368400155
2971,2351.458368400155
2972,2351.458368400155
2973,2351.458368400155
2974,2351.458368400155
2975,2351.458368400155
2976,2351.458368400155
2977,2351.458368400155
2978,2351.458368400155
2979,2351.458368400155
2980,2351.458368400155
2981,2351.458368400155
2982,2351.458368400155
2983,2351.458368400155
2984,2351.458368400155
2985,2351.458368400155
2986,2351.458368400155
2987,2351.458368400155
2988,2351.458368400155
2989,2351.458368400155
2990,2351.458368400155
2991,2351.458368400155
2992,2351.458368400155
2993,2351.458368400155
2994,2351.458368400155
2995,2351.458368400155
2996,2351.458368400155
2997,2351.458368400155
2998,2351.458368400155
2999,2351.458368400155
3000,2351.458368400155
3001,2351.458368400155
3002,2351.458368400155
3003,2351.458368400155
3004,2351.458368400155
3005,2351.458368400155
3006,2351.458368400155
3007,2351.458368400155
3008,2351.458368400155
3009,2351.458368400155
3010,2351.458368400155
3011,2351.458368400155
3012,2351.458368400155
3013,2351.458368400155
3014,2351.458368400155
3015,2351.458368400155
3016,2351.458368400155
3017,2351.458368400155
3018,2351.458368400155
3019,2351.458368400155
3020,2351.458368400155
3021,2351.458368400155
3022,2351.458368400155
3023,2351.458368400155
3024,2351.458368400155
3025,2351.458368400155
3026,2351.458368400155
3027,2351.458368400155
3028,2351.458368400155
3029,2351.458368400155
3030,2351.458368400155
3031,2351.458368400155
3032,2351.458368400155
3033,2351.458368400155
3034,2351.458368400155
3035,2351.458368400155
3036,2351.458368400155
3037,2351.458368400155
3038,2351.458368400155
3039,2351.458368400155
3040,2351.458368400155
3041,2351.458368400155
3042,2351.458368400155
3043,2351.458368400155
3044,2351.458368400155
3045,2351.458368400155
3046,2351.458368400155
3047,2351.458368400155
3048,2351.458368400155
3049,2351.458368400155
3050,2351.458368400155
3051,2351.458368400155
3052,2351.458368400155
3053,2351.458368400155
3054,2351.458368400155
3055,2351.458368400155
3056,2351.458368400155
3057,2351.458368400155
3058,2351.458368400155
3059,2351.458368400155
3060,2351.458368400155
3061,2351.458368400155
3062,2351.458368400155
3063,2351.458368400155
3064,2351.458368400155
3065,2351.458368400155
3066,2351.458368400155
3067,2351.458368400155
3068,2351.458368400155
3069,2351.458368400155
3070,2351.458368400155
3071,2351.458368400155
3072,2351.458368400155
3073,2351.458368400155
3074,2351.458368400155
3075,2351.458368400155
3076,2351.458368400155
3077,2351.458368400155
3078,2351.458368400155
3079,2351.458368400155
3080,2351.458368400155
3081,2351.458368400155
3082,2351.458368400155
3083,2351.458368400155
3084,2351.458368400155
3085,2351.458368400155
3086,2351.458368400155
3087,2351.458368400155
3088,2351.458368400155
3089,2351.458368400155
3090,2351.458368400155
3091,2351.458368400155
3092,2351.458368400155
3093,2351.458368400155
3094,2351.458368400155
3095,2351.458368400155
3096,2351.458368400155
3097,2351.458368400155
3098,2351.458368400155
3099,2351.458368400155
3100,2351.458368400155
3101,2351.458368400155
3102,2351.458368400155
3103,2351.458368400155
3104,2351.458368400155
3105,2351.458368400155
3106,2351.458368400155
3107,2351.458368400155
3108,2351.458368400155
3109,2351.458368400155
3110,2351.458368400155
3111,2351.458368400155
3112,2351.458368400155
3113,2351.458368400155
3114,2351.458368400155
3115,2351.458368400155
3116,2351.458368400155
3117,2351.458368400155
3118,2351.458368400155
3119,2351.458368400155
3120,2351.458368400155
3121,2351.458368400155
3122,2351.458368400155
3123,2351.458368400155
3124,2351.458368400155
3125,2351.458368400155
3126,2351.458368400155
3127,2351.458368400155
3128,2351.458368400155
3129,2351.458368400155
3130,2351.458368400155
3131,2351.458368400155
3132,2351.458368400155
3133,2351.458368400155
3134,2351.458368400155
3135,2351.458368400155
3136,2351.458368400155
3137,2351.458368400155
3138,2351.458368400155
3139,2351.458368400155
3140,2351.458368400155
3141,2351.458368400155
3142,2351.458368400155
3143,2351.458368400155
3144,2351.458368400155
3145,2351.458368400155
3146,2351.458368400155
3147,2351.458368400155
3148,2351.458368400155
3149,2351.458368400155
3150,2351.458368400155
3151,2351.458368400155
3152,2351.458368400155
3153,2351.458368400155
3154,2351.458368400155
3155,2351.458368400155
3156,2351.458368400155
3157,2351.458368400155
3158,2351.458368400155
3159,2351.458368400155
3160,2351.458368400155
3161,2351.458368400155
3162,2351.458368400155
3163,2351.458368400155
3164,2351.458368400155
3165,2351.458368400155
3166,2351.458368400155
3167,2351.458368400155
3168,2351.458368400155
3169,2351.458368400155
3170,2351.458368400155
3171,2351.458368400155
3172,2351.458368400155
3173,2351.458368400155
3174,2351.458368400155
3175,2351.458368400155
3176,2351.458368400155
3177,2351.458368400155
3178,2351.458368400155
3179,2351.458368400155
3180,2351.458368400155
3181,2351.458368400155
3182,2351.458368400155
3183,2351.458368400155
3184,2351.458368400155
3185,2351.458368400155
3186,2351.458368400155
3187,2351.458368400155
3188,2351.458368400155
3189,2351.458368400155
3190,2351.458368400155
3191,2351.458368400155
3192,2351.458368400155
3193,2351.458368400155
3194,2351.458368400155
3195,2351.458368400155
3196,2351.458368400155
3197,2351.458368400155
3198,2351.458368400155
3199,2351.458368400155
3200,2351.458368400155
3201,2351.458368400155
3202,2351.458368400155
3203,2351.458368400155
3204,2351.458368400155
3205,2351.458368400155
3206,2351.458368400155
3207,2351.458368400155
3208,2351.458368400155
3209,2351.458368400155
3210,2351.458368400155
3211,2351.458368400155
3212,2351.458368400155
3213,2351.458368400155
3214,2351.458368400155
3215,2351.458368400155
3216,2351.458368400155
3217,2351.458368400155
3218,2351.458368400155
3219,2351.458368400155
3220,2351.458368400155
3221,2351.458368400155
3222,2351.458368400155
3223,2351.458368400155
3224,2351.458368400155
3225,2351.458368400155
3226,2351.458368400155
3227,2351.458368400155
3228,2351.458368400155
3229,2351.458368400155
3230,2351.458368400155
3231,2351.458368400155
3232,2351.458368400155
3233,2351.458368400155
3234,2351.458368400155
3235,2351.458368400155
3236,2351.458368400155
3237,2351.458368400155
3238,2351.458368400155
3239,2351.458368400155
3240,2351.458368400155
3241,2351.458368400155
3242,2351.458368400155
3243,2351.458368400155
3244,2351.458368400155
3245,2351.458368400155
3246,2351.458368400155
3247,2351.458368400155
3248,2351.458368400155
3249,2351.458368400155
3250,2351.458368400155
3251,2351.458368400155
3252,2351.458368400155
3253,2351.458368400155
3254,2351.458368400155
3255,2351.458368400155
3256,2351.458368400155
3257,2351.458368400155
3258,2351.458368400155
3259,2351.458368400155
3260,2351.458368400155
3261,2351.458368400155
3262,2351.458368400155
3263,2351.458368400155
3264,2351.458368400155
3265,2351.458368400155
3266,2351.458368400155
3267,2351.458368400155
3268,2351.458368400155
3269,2351.458368400155
3270,2351.458368400155
3271,2351.458368400155
3272,2351.458368400155
3273,2351.458368400155
3274,2351.458368400155
3275,2351.458368400155
3276,2351.458368400155
3277,2351.458368400155
3278,2351.458368400155
3279,2351.458368400155
3280,2351.458368400155
3281,2351.458368400155
3282,2351.458368400155
3283,2351.458368400155
3284,2351.458368400155
3285,2351.458368400155
3286,2351.458368400155
3287,2351.458368400155
3288,2351.458368400155
3289,2351.458368400155
3290,2351.458368400155
3291,2351.458368400155
3292,2351.458368400155
3293,2351.458368400155
3294,2351.458368400155
3295,2351.458368400155
3296,2351.458368400155
3297,2351.458368400155
3298,2351.458368400155
3299,2351.458368400155
3300,2351.458368400155
3301,2351.458368400155
3302,2351.458368400155
3303,2351.458368400155
3304,2351.458368400155
3305,2351.458368400155
3306,2351.458368400155
3307,2351.458368400155
3308,2351.458368400155
3309,2351.458368400155
3310,2351.458368400155
3311,2351.458368400155
3312,2351.458368400155
3313,2351.458368400155
3314,2351.458368400155
3315,2351.458368400155
3316,2351.458368400155
3317,2351.458368400155
3318,2351.458368400155
3319,2351.458368400155
3320,2351.458368400155
3321,2351.458368400155
3322,2351.458368400155
3323,2351.458368400155
3324,2351.458368400155
3325,2351.458368400155
3326,2351.458368400155
3327,2351.458368400155
3328,2351.458368400155
3329,2351.458368400155
3330,2351.458368400155
3331,2351.458368400155
3332,2351.458368400155
3333,2351.458368400155
3334,2351.458368400155
3335,2351.458368400155
3336,2351.458368400155
3337,2351.458368400155
3338,2351.458368400155
3339,2351.458368400155
3340,2351.458368400155
3341,2351.458368400155
3342,2351.458368400155
3343,2351.458368400155
3344,2351.458368400155
3345,2351.458368400155
3346,2351.458368400155
3347,2351.458368400155
3348,2351.458368400155
3349,2351.458368400155
3350,2351.458368400155
3351,2351.458368400155
3352,2351.458368400155
3353,2351.458368400155
3354,2351.458368400155
3355,2351.458368400155
3356,2351.458368400155
3357,2351.458368400155
3358,2351.458368400155
3359,2351.458368400155
3360,2351.458368400155
3361,2351.458368400155
3362,2351.458368400155
3363,2351.458368400155
3364,2351.458368400155
3365,2351.458368400155
3366,2351.458368400155
3367,2351.458368400155
3368,2351.458368400155
3369,2351.458368400155
3370,2351.458368400155
3371,2351.458368400155
3372,2351.458368400155
3373,2351.458368400155
3374,2351.458368400155
3375,2351.458368400155
3376,2351.458368400155
3377,2351.458368400155
3378,2351.458368400155
3379,2351.458368400155
3380,2351.458368400155
3381,2351.458368400155
3382,2351.458368400155
3383,2351.458368400155
3384,2351.458368400155
3385,2351.458368400155
3386,2351.458368400155
3387,2351.458368400155
3388,2351.458368400155
3389,2351.458368400155
3390,2351.458368400155
3391,2351.458368400155
3392,2351.458368400155
3393,2351.458368400155
3394,2351.458368400155
3395,2351.458368400155
3396,2351.458368400155
3397,2351.458368400155
3398,2351.458368400155
3399,2351.458368400155
3400,2351.458368400155
3401,2351.458368400155
3402,2351.458368400155
3403,2351.458368400155
3404,2351.458368400155
3405,2351.458368400155
3406,2351.458368400155
3407,2351.458368400155
3408,2351.458368400155
3409,2351.458368400155
3410,2351.458368400155
3411,2351.458368400155
3412,2351.458368400155
3413,2351.458368400155
3414,2351.458368400155
3415,2351.458368400155
3416,2351.458368400155
3417,2351.458368400155
3418,2351.458368400155
3419,2351.458368400155
3420,2351.458368400155
3421,2351.458368400155
3422,2351.458368400155
3423,2351.458368400155
3424,2351.458368400155
3425,2351.458368400155
3426,2351.458368400155
3427,2351.458368400155
3428,2351.458368400155
3429,2351.458368400155
3430,2351.458368400155
3431,2351.458368400155
3432,2351.458368400155
3433,2351.458368400155
3434,2351.458368400155
3435,2351.458368400155
3436,2351.458368400155
3437,2351.458368400155
3438,2351.458368400155
3439,2351.458368400155
3440,2351.458368400155
3441,2351.458368400155
3442,2351.458368400155
3443,2351.458368400155
3444,2351.458368400155
3445,2351.458368400155
3446,2351.458368400155
3447,2351.458368400155
3448,2351.458368400155
3449,2351.458368400155
3450,2351.458368400155
3451,2351.458368400155
3452,2351.458368400155
3453,2351.458368400155
3454,2351.458368400155
3455,2351.458368400155
3456,2351.458368400155
3457,2351.458368400155
3458,2351.458368400155
3459,2351.458368400155
3460,2351.458368400155
3461,2351.458368400155
3462,2351.458368400155
3463,2351.458368400155
3464,2351.458368400155
3465,2351.458368400155
3466,2351.458368400155
3467,2351.458368400155
3468,2351.458368400155
3469,2351.458368400155
3470,2351.458368400155
3471,2351.458368400155
3472,2351.458368400155
3473,2351.458368400155
3474,2351.458368400155
3475,2351.458368400155
3476,2351.458368400155
3477,2351.458368400155
3478,2351.458368400155
3479,2351.458368400155
3480,2351.458368400155
3481,2351.458368400155
3482,2351.458368400155
3483,2351.458368400155
3484,2351.458368400155
3485,2351.458368400155
3486,2351.458368400155
3487,2351.458368400155
3488,2351.458368400155
3489,2351.458368400155
3490,2351.458368400155
3491,2351.458368400155
3492,2351.458368400155
3493,2351.458368400155
3494,2351.458368400155
3495,2351.458368400155
3496,2351.458368400155
3497,2351.458368400155
3498,2351.458368400155
3499,2351.458368400155
3500,2351.458368400155
3501,2351.458368400155
3502,2351.458368400155
3503,2351.458368400155
3504,2351.458368400155
3505,2351.458368400155
3506,2351.458368400155
3507,2351.458368400155
3508,2351.458368400155
3509,2351.458368400155
3510,2351.458368400155
3511,2351.458368400155
3512,2351.458368400155
3513,2351.458368400155
3514,2351.458368400155
3515,2351.458368400155
3516,2351.458368400155
3517,2351.458368400155
3518,2351.458368400155
3519,2351.458368400155
3520,2351.458368400155
3521,2351.458368400155
3522,2351.458368400155
3523,2351.458368400155
3524,2351.458368400155
3525,2351.458368400155
3526,2351.458368400155
3527,2351.458368400155
3528,2351.458368400155
3529,2351.458368400155
3530,2351.458368400155
3531,2351.458368400155
3532,2351.458368400155
3533,2351.458368400155
3534,2351.458368400155
3535,2351.458368400155
3536,2351.458368400155
3537,2351.458368400155
3538,2351.458368400155
3539,2351.458368400155
3540,2351.458368400155
3541,2351.458368400155
3542,2351.458368400155
3543,2351.458368400155
3544,2351.458368400155
3545,2351.458368400155
3546,2351.458368400155
3547,2351.458368400155
3548,2351.458368400155
3549,2351.458368400155
3550,2351.458368400155
3551,2351.458368400155
3552,2351.458368400155
3553,2351.458368400155
3554,2351.458368400155
3555,2351.458368400155
3556,2351.458368400155
3557,2351.458368400155
3558,2351.458368400155
3559,2351.458368400155
3560,2351.458368400155
3561,2351.458368400155
3562,2351.458368400155
3563,2351.458368400155
3564,2351.458368400155
3565,2351.458368400155
3566,2351.458368400155
3567,2351.458368400155
3568,2351.458368400155
3569,2351.458368400155
3570,2351.458368400155
3571,2351.458368400155
3572,2351.458368400155
3573,2351.458368400155
3574,2351.458368400155
3575,2351.458368400155
3576,2351.458368400155
3577,2351.458368400155
3578,2351.458368400155
3579,2351.458368400155
3580,2351.458368400155
3581,2351.458368400155
3582,2351.458368400155
3583,2351.458368400155
3584,2351.458368400155
3585,2351.458368400155
3586,2351.458368400155
3587,2351.458368400155
3588,2351.458368400155
3589,2351.458368400155
3590,2351.458368400155
3591,2351.458368400155
3592,2351.458368400155
3593,2351.458368400155
3594,2351.458368400155
3595,2351.458368400155
3596,2351.458368400155
3597,2351.458368400155
3598,2351.458368400155
3599,2351.458368400155
3600,2351.458368400155
3601,2351.458368400155
3602,2351.458368400155
3603,2351.458368400155
3604,2351.458368400155
3605,2351.458368400155
3606,2351.458368400155
3607,2351.458368400155
3608,2351.458368400155
3609,2351.458368400155
3610,2351.458368400155
3611,2351.458368400155
3612,2351.458368400155
3613,2351.458368400155
3614,2351.458368400155
3615,2351.458368400155
3616,2351.458368400155
3617,2351.458368400155
3618,2351.458368400155
3619,2351.458368400155
3620,2351.458368400155
3621,2351.458368400155
3622,2351.458368400155
3623,2351.458368400155
3624,2351.458368400155
3625,2351.458368400155
3626,2351.458368400155
3627,2351.458368400155
3628,2351.458368400155
3629,2351.458368400155
3630,2351.458368400155
3631,2351.458368400155
3632,2351.458368400155
3633,2351.458368400155
3634,2351.458368400155
3635,2351.458368400155
3636,2351.458368400155
3637,2351.458368400155
3638,2351.458368400155
3639,2351.458368400155
3640,2351.458368400155
3641,2351.458368400155
3642,2351.458368400155
3643,2351.458368400155
3644,2351.458368400155
3645,2351.458368400155
3646,2351.458368400155
3647,2351.458368400155
3648,2351.458368400155
3649,2351.458368400155
3650,2351.458368400155
3651,2351.458368400155
3652,2351.458368400155
3653,2351.458368400155
3654,2351.458368400155
3655,2351.458368400155
3656,2351.458368400155
3657,2351.458368400155
3658,2351.458368400155
3659,2351.458368400155
3660,2351.458368400155
3661,2351.458368400155
3662,2351.458368400155
3663,2351.458368400155
3664,2351.458368400155
3665,2351.458368400155
3666,2351.458368400155
3667,2351.458368400155
3668,2351.458368400155
3669,2351.458368400155
3670,2351.458368400155
3671,2351.458368400155
3672,2351.458368400155
3673,2351.458368400155
3674,2351.458368400155
3675,2351.458368400155
3676,2351.458368400155
3677,2351.458368400155
3678,2351.458368400155
3679,2351.458368400155
3680,2351.458368400155
3681,2351.458368400155
3682,2351.458368400155
3683,2351.458368400155
3684,2351.458368400155
3685,2351.458368400155
3686,2351.458368400155
3687,2351.458368400155
3688,2351.458368400155
3689,2351.458368400155
3690,2351.458368400155
3691,2351.458368400155
3692,2351.458368400155
3693,2351.458368400155
3694,2351.458368400155
3695,2351.458368400155
3696,2351.458368400155
3697,2351.458368400155
3698,2351.458368400155
3699,2351.458368400155
3700,2351.458368400155
3701,2351.458368400155
3702,2351.458368400155
3703,2351.458368400155
3704,2351.458368400155
3705,2351.458368400155
3706,2351.458368400155
3707,2351.458368400155
3708,2351.458368400155
3709,2351.458368400155
3710,2351.458368400155
3711,2351.458368400155
3712,2351.458368400155
3713,2351.458368400155
3714,2351.458368400155
3715,2351.458368400155
3716,2351.458368400155
3717,2351.458368400155
3718,2351.458368400155
3719,2351.458368400155
3720,2351.458368400155
3721,2351.458368400155
3722,2351.458368400155
3723,2351.458368400155
3724,2351.458368400155
3725,2351.458368400155
3726,2351.458368400155
3727,2351.458368400155
3728,2351.458368400155
3729,2351.458368400155
3730,2351.458368400155
3731,2351.458368400155
3732,2351.458368400155
3733,2351.458368400155
3734,2351.458368400155
3735,2351.458368400155
3736,2351.458368400155
3737,2351.458368400155
3738,2351.458368400155
3739,2351.458368400155
3740,2351.458368400155
3741,2351.458368400155
3742,2351.458368400155
3743,2351.458368400155
3744,2351.458368400155
3745,2351.458368400155
3746,2351.458368400155
3747,2351.458368400155
3748,2351.458368400155
3749,2351.458368400155
3750,2351.458368400155
3751,2351.458368400155
3752,2351.458368400155
3753,2351.458368400155
3754,2351.458368400155
3755,2351.458368400155
3756,2351.458368400155
3757,2351.458368400155
3758,2351.458368400155
3759,2351.458368400155
3760,2351.458368400155
3761,2351.458368400155
3762,2351.458368400155
3763,2351.458368400155
3764,2351.458368400155
3765,2351.458368400155
3766,2351.458368400155
3767,2351.458368400155
3768,2351.458368400155
3769,2351.458368400155
3770,2351.458368400155
3771,2351.458368400155
3772,2351.458368400155
3773,2351.458368400155
3774,2351.458368400155
3775,2351.458368400155
3776,2351.458368400155
3777,2351.458368400155
3778,2351.458368400155
3779,2351.458368400155
3780,2351.458368400155
3781,2351.458368400155
3782,2351.458368400155
3783,2351.458368400155
3784,2351.458368400155
3785,2351.458368400155
3786,2351.458368400155
3787,2351.458368400155
3788,2351.458368400155
3789,2351.458368400155
3790,2351.458368400155
3791,2351.458368400155
3792,2351.458368400155
3793,2351.458368400155
3794,2351.458368400155
3795,2351.458368400155
3796,2351.458368400155
3797,2351.458368400155
3798,2351.458368400155
3799,2351.458368400155
3800,2351.458368400155
3801,2351.458368400155
3802,2351.458368400155
3803,2351.458368400155
3804,2351.458368400155
3805,2351.458368400155
3806,2351.458368400155
3807,2351.458368400155
3808,2351.458368400155
3809,2351.458368400155
3810,2351.458368400155
3811,2351.458368400155
3812,2351.458368400155
3813,2351.458368400155
3814,2351.458368400155
3815,2351.458368400155
3816,2351.458368400155
3817,2351.458368400155
3818,2351.458368400155
3819,2351.458368400155
3820,2351.458368400155
3821,2351.458368400155
3822,2351.458368400155
3823,2351.458368400155
3824,2351.458368400155
3825,2351.458368400155
3826,2351.458368400155
3827,2351.458368400155
3828,2351.458368400155
3829,2351.458368400155
3830,2351.458368400155
3831,2351.458368400155
3832,2351.458368400155
3833,2351.458368400155
3834,2351.458368400155
3835,2351.458368400155
3836,2351.458368400155
3837,2351.458368400155
3838,2351.458368400155
3839,2351.458368400155
3840,2351.458368400155
3841,2351.458368400155
3842,2351.458368400155
3843,2351.458368400155
3844,2351.458368400155
3845,2351.458368400155
3846,2351.458368400155
3847,2351.458368400155
3848,2351.458368400155
3849,2351.458368400155
3850,2351.458368400155
3851,2351.458368400155
3852,2351.458368400155
3853,2351.458368400155
3854,2351.458368400155
3855,2351.458368400155
3856,2351.458368400155
3857,2351.458368400155
3858,2351.458368400155
3859,2351.458368400155
3860,2351.458368400155
3861,2351.458368400155
3862,2351.458368400155
3863,2351.458368400155
3864,2351.458368400155
3865,2351.458368400155
3866,2351.458368400155
3867,2351.458368400155
3868,2351.458368400155
3869,2351.458368400155
3870,2351.458368400155
3871,2351.458368400155
3872,2351.458368400155
3873,2351.458368400155
3874,2351.458368400155
3875,2351.458368400155
3876,2351.458368400155
3877,2351.458368400155
3878,2351.458368400155
3879,2351.458368400155
3880,2351.458368400155
3881,2351.458368400155
3882,2351.458368400155
3883,2351.458368400155
3884,2351.458368400155
3885,2351.458368400155
3886,2351.458368400155
3887,2351.458368400155
3888,2351.458368400155
3889,2351.458368400155
3890,2351.458368400155
3891,2351.458368400155
3892,2351.458368400155
3893,2351.458368400155
3894,2351.458368400155
3895,2351.458368400155
3896,2351.458368400155
3897,2351.458368400155
3898,2351.458368400155
3899,2351.458368400155
3900,2351.458368400155
3901,2351.458368400155
3902,2351.458368400155
3903,2351.458368400155
3904,2351.458368400155
3905,2351.458368400155
3906,2351.458368400155
3907,2351.458368400155
3908,2351.458368400155
3909,2351.458368400155
3910,2351.458368400155
3911,2351.458368400155
3912,2351.458368400155
3913,2351.458368400155
3914,2351.458368400155
3915,2351.458368400155
3916,2351.458368400155
3917,2351.458368400155
3918,2351.458368400155
3919,2351.458368400155
3920,2351.458368400155
3921,2351.458368400155
3922,2351.458368400155
3923,2351.458368400155
3924,2351.458368400155
3925,2351.458368400155
3926,2351.458368400155
3927,2351.458368400155
3928,2351.458368400155
3929,2351.458368400155
3930,2351.458368400155
3931,2351.458368400155
3932,2351.458368400155
3933,2351.458368400155
3934,2351.458368400155
3935,2351.458368400155
3936,2351.458368400155
3937,2351.458368400155
3938,2351.458368400155
3939,2351.458368400155
3940,2351.458368400155
3941,2351.458368400155
3942,2351.458368400155
3943,2351.458368400155
3944,2351.458368400155
3945,2351.458368400155
3946,2351.458368400155
3947,2351.458368400155
3948,2351.458368400155
3949,2351.458368400155
3950,2351.458368400155
3951,2351.458368400155
3952,2351.458368400155
3953,2351.458368400155
3954,2351.458368400155
3955,2351.458368400155
3956,2351.458368400155
3957,2351.458368400155
3958,2351.458368400155
3959,2351.458368400155
3960,2351.458368400155
3961,2351.458368400155
3962,2351.458368400155
3963,2351.458368400155
3964,2351.458368400155
3965,2351.458368400155
3966,2351.458368400155
3967,2351.458368400155
3968,2351.458368400155
3969,2351.458368400155
3970,2351.458368400155
3971,2351.458368400155
3972,2351.458368400155
3973,2351.458368400155
3974,2351.458368400155
3975,2351.458368400155
3976,2351.458368400155
3977,2351.458368400155
3978,2351.458368400155
3979,2351.458368400155
3980,2351.458368400155
3981,2351.458368400155
3982,2351.458368400155
3983,2351.458368400155
3984,2351.458368400155
3985,2351.458368400155
3986,2351.458368400155
3987,2351.458368400155
3988,2351.458368400155
3989,2351.458368400155
3990,2351.458368400155
3991,2351.458368400155
3992,2351.458368400155
3993,2351.458368400155
3994,2351.458368400155
3995,2351.458368400155
3996,2351.458368400155
3997,2351.458368400155
3998,2351.458368400155
3999,2351.458368400155
4000,2351.458368400155
4001,2351.458368400155
4002,2351.458368400155
4003,2351.458368400155
4004,2351.458368400155
4005,2351.458368400155
4006,2351.458368400155
4007,2351.458368400155
4008,2351.458368400155
4009,2351.458368400155
4010,2351.458368400155
4011,2351.458368400155
4012,2351.458368400155
4013,2351.458368400155
4014,2351.458368400155
4015,2351.458368400155
4016,2351.458368400155
4017,2351.458368400155
4018,2351.458368400155
4019,2351.458368400155
4020,2351.458368400155
4021,2351.458368400155
4022,2351.458368400155
4023,2351.458368400155
4024,2351.458368400155
4025,2351.458368400155
4026,2351.458368400155
4027,2351.458368400155
4028,2351.458368400155
4029,2351.458368400155
4030,2351.458368400155
4031,2351.458368400155
4032,2351.458368400155
4033,2351.458368400155
4034,2351.458368400155
4035,2351.458368400155
4036,2351.458368400155
4037,2351.458368400155
4038,2351.458368400155
4039,2351.458368400155
4040,2351.458368400155
4041,2351.458368400155
4042,2351.458368400155
4043,2351.458368400155
4044,2351.458368400155
4045,2351.458368400155
4046,2351.458368400155
4047,2351.458368400155
4048,2351.458368400155
4049,2351.458368400155
4050,2351.458368400155
4051,2351.458368400155
4052,2351.458368400155
4053,2351.458368400155
4054,2351.458368400155
4055,2351.458368400155
4056,2351.458368400155
4057,2351.458368400155
4058,2351.458368400155
4059,2351.458368400155
4060,2351.458368400155
4061,2351.458368400155
4062,2351.458368400155
4063,2351.458368400155
4064,2351.458368400155
4065,2351.458368400155
4066,2351.458368400155
4067,2351.458368400155
4068,2351.458368400155
4069,2351.458368400155
4070,2351.458368400155
4071,2351.458368400155
4072,2351.458368400155
4073,2351.458368400155
4074,2351.458368400155
4075,2351.458368400155
4076,2351.458368400155
4077,2351.458368400155
4078,2351.458368400155
4079,2351.458368400155
4080,2351.458368400155
4081,2351.458368400155
4082,2351.458368400155
4083,2351.458368400155
4084,2351.458368400155
4085,2351.458368400155
4086,2351.458368400155
4087,2351.458368400155
4088,2351.458368400155
4089,2351.458368400155
4090,2351.458368400155
4091,2351.458368400155
4092,2351.458368400155
4093,2351.458368400155
4094,2351.458368400155
4095,2351.458368400155
4096,2351.458368400155
4097,2351.458368400155
4098,2351.458368400155
4099,2351.458368400155
4100,2351.458368400155
4101,2351.458368400155
4102,2351.458368400155
4103,2351.458368400155
4104,2351.458368400155
4105,2351.458368400155
4106,2351.458368400155
4107,2351.458368400155
4108,2351.458368400155
4109,2351.458368400155
4110,2351.458368400155
4111,2351.458368400155
4112,2351.458368400155
4113,2351.458368400155
4114,2351.458368400155
4115,2351.458368400155
4116,2351.458368400155
4117,2351.458368400155
4118,2351.458368400155
4119,2351.458368400155
4120,2351.458368400155
4121,2351.458368400155
4122,2351.458368400155
4123,2351.458368400155
4124,2351.458368400155
4125,2351.458368400155
4126,2351.458368400155
4127,2351.458368400155
4128,2351.458368400155
4129,2351.458368400155
4130,2351.458368400155
4131,2351.458368400155
4132,2351.458368400155
4133,2351.458368400155
4134,2351.458368400155
4135,2351.458368400155
4136,2351.458368400155
4137,2351.458368400155
4138,2351.458368400155
4139,2351.458368400155
4140,2351.458368400155
4141,2351.458368400155
4142,2351.458368400155
4143,2351.458368400155
4144,2351.458368400155
4145,2351.458368400155
4146,2351.458368400155
4147,2351.458368400155
4148,2351.458368400155
4149,2351.458368400155
4150,2351.458368400155
4151,2351.458368400155
4152,2351.458368400155
4153,2351.458368400155
4154,2351.458368400155
4155,2351.458368400155
4156,2351.458368400155
4157,2351.458368400155
4158,2351.458368400155
4159,2351.458368400155
4160,2351.458368400155
4161,2351.458368400155
4162,2351.458368400155
4163,2351.458368400155
4164,2351.458368400155
4165,2351.458368400155
4166,2351.458368400155
4167,2351.458368400155
4168,2351.458368400155
4169,2351.458368400155
4170,2351.458368400155
4171,2351.458368400155
4172,2351.458368400155
4173,2351.458368400155
4174,2351.458368400155
4175,2351.458368400155
4176,2351.458368400155
4177,2351.458368400155
4178,2351.458368400155
4179,2351.458368400155
4180,2351.458368400155
4181,2351.458368400155
4182,2351.458368400155
4183,2351.458368400155
4184,2351.458368400155
4185,2351.458368400155
4186,2351.458368400155
4187,2351.458368400155
4188,2351.458368400155
4189,2351.458368400155
4190,2351.458368400155
4191,2351.458368400155
4192,2351.458368400155
4193,2351.458368400155
4194,2351.458368400155
4195,2351.458368400155
4196,2351.458368400155
4197,2351.458368400155
4198,2351.458368400155
4199,2351.458368400155
4200,2351.458368400155
4201,2351.458368400155
4202,2351.458368400155
4203,2351.458368400155
4204,2351.458368400155
4205,2351.458368400155
4206,2351.458368400155
4207,2351.458368400155
4208,2351.458368400155
4209,2351.458368400155
4210,2351.458368400155
4211,2351.458368400155
4212,2351.458368400155
4213,2351.458368400155
4214,2351.458368400155
4215,2351.458368400155
4216,2351.458368400155
4217,2351.458368400155
4218,2351.458368400155
4219,2351.458368400155
4220,2351.458368400155
4221,2351.458368400155
4222,2351.458368400155
4223,2351.458368400155
4224,2351.458368400155
4225,2351.458368400155
4226,2351.458368400155
4227,2351.458368400155
4228,2351.458368400155
4229,2351.458368400155
4230,2351.458368400155
4231,2351.458368400155
4232,2351.458368400155
4233,2351.458368400155
4234,2351.458368400155
4235,2351.458368400155
4236,2351.458368400155
4237,2351.458368400155
4238,2351.458368400155
4239,2351.458368400155
4240,2351.458368400155
4241,2351.458368400155
4242,2351.458368400155
4243,2351.458368400155
4244,2351.458368400155
4245,2351.458368400155
4246,2351.458368400155
4247,2351.458368400155
4248,2351.458368400155
4249,2351.458368400155
4250,2351.458368400155
4251,2351.458368400155
4252,2351.458368400155
4253,2351.458368400155
4254,2351.458368400155
4255,2351.458368400155
4256,2351.458368400155
4257,2351.458368400155
4258,2351.458368400155
4259,2351.458368400155
4260,2351.458368400155
4261,2351.458368400155
4262,2351.458368400155
4263,2351.458368400155
4264,2351.458368400155
4265,2351.458368400155
4266,2351.458368400155
4267,2351.458368400155
4268,2351.458368400155
4269,2351.458368400155
4270,2351.458368400155
4271,2351.458368400155
4272,2351.458368400155
4273,2351.458368400155
4274,2351.458368400155
4275,2351.458368400155
4276,2351.458368400155
4277,2351.458368400155
4278,2351.458368400155
4279,2351.458368400155
4280,2351.458368400155
4281,2351.458368400155
4282,2351.458368400155
4283,2351.458368400155
4284,2351.458368400155
4285,2351.458368400155
4286,2351.458368400155
4287,2351.458368400155
4288,2351.458368400155
4289,2351.458368400155
4290,2351.458368400155
4291,2351.458368400155
4292,2351.458368400155
4293,2351.458368400155
4294,2351.458368400155
4295,2351.458368400155
4296,2351.458368400155
4297,2351.458368400155
4298,2351.458368400155
4299,2351.458368400155
4300,2351.458368400155
4301,2351.458368400155
4302,2351.458368400155
4303,2351.458368400155
4304,2351.458368400155
4305,2351.458368400155
4306,2351.458368400155
4307,2351.458368400155
4308,2351.458368400155
4309,2351.458368400155
4310,2351.458368400155
4311,2351.458368400155
4312,2351.458368400155
4313,2351.458368400155
4314,2351.458368400155
4315,2351.458368400155
4316,2351.458368400155
4317,2351.458368400155
4318,2351.458368400155
4319,2351.458368400155
4320,2351.458368400155
4321,2351.458368400155
4322,2351.458368400155
4323,2351.458368400155
4324,2351.458368400155
4325,2351.458368400155
4326,2351.458368400155
4327,2351.458368400155
4328,2351.458368400155
4329,2351.458368400155
4330,2351.458368400155
4331,2351.458368400155
4332,2351.458368400155
4333,2351.458368400155
4334,2351.458368400155
4335,2351.458368400155
4336,2351.458368400155
4337,2351.458368400155
4338,2351.458368400155
4339,2351.458368400155
4340,2351.458368400155
4341,2351.458368400155
4342,2351.458368400155
4343,2351.458368400155
4344,2351.458368400155
4345,2351.458368400155
4346,2351.458368400155
4347,2351.458368400155
4348,2351.458368400155
4349,2351.458368400155
4350,2351.458368400155
4351,2351.458368400155
4352,2351.458368400155
4353,2351.458368400155
4354,2351.458368400155
4355,2351.458368400155
4356,2351.458368400155
4357,2351.458368400155
4358,2351.458368400155
4359,2351.458368400155
4360,2351.458368400155
4361,2351.458368400155
4362,2351.458368400155
4363,2351.458368400155
4364,2351.458368400155
4365,2351.458368400155
4366,2351.458368400155
4367,2351.458368400155
4368,2351.458368400155
4369,2351.458368400155
4370,2351.458368400155
4371,2351.458368400155
4372,2351.458368400155
4373,2351.458368400155
4374,2351.458368400155
4375,2351.458368400155
4376,2351.458368400155
4377,2351.458368400155
4378,2351.458368400155
4379,2351.458368400155
4380,2351.458368400155
4381,2351.458368400155
4382,2351.458368400155
4383,2351.458368400155
4384,2351.458368400155
4385,2351.458368400155
4386,2351.458368400155
4387,2351.458368400155
4388,2351.458368400155
4389,2351.458368400155
4390,2351.458368400155
4391,2351.458368400155
4392,2351.458368400155
4393,2351.458368400155
4394,2351.458368400155
4395,2351.458368400155
4396,2351.458368400155
4397,2351.458368400155
4398,2351.458368400155
4399,2351.458368400155
4400,2351.458368400155
4401,2351.458368400155
4402,2351.458368400155
4403,2351.458368400155
4404,2351.458368400155
4405,2351.458368400155
4406,2351.458368400155
4407,2351.458368400155
4408,2351.458368400155
4409,2351.458368400155
4410,2351.458368400155
4411,2351.458368400155
4412,2351.458368400155
4413,2351.458368400155
4414,2351.458368400155
4415,2351.458368400155
4416,2351.458368400155
4417,2351.458368400155
4418,2351.458368400155
4419,2351.458368400155
4420,2351.458368400155
4421,2351.458368400155
4422,2351.458368400155
4423,2351.458368400155
4424,2351.458368400155
4425,2351.458368400155
4426,2351.458368400155
4427,2351.458368400155
4428,2351.458368400155
4429,2351.458368400155
4430,2351.458368400155
4431,2351.458368400155
4432,2351.458368400155
4433,2351.458368400155
4434,2351.458368400155
4435,2351.458368400155
4436,2351.458368400155
4437,2351.458368400155
4438,2351.458368400155
4439,2351.458368400155
4440,2351.458368400155
4441,2351.458368400155
4442,2351.458368400155
4443,2351.458368400155
4444,2351.458368400155
4445,2351.458368400155
4446,2351.458368400155
4447,2351.458368400155
4448,2351.458368400155
4449,2351.458368400155
4450,2351.458368400155
4451,2351.458368400155
4452,2351.458368400155
4453,2351.458368400155
4454,2351.458368400155
4455,2351.458368400155
4456,2351.458368400155
4457,2351.458368400155
4458,2351.458368400155
4459,2351.458368400155
4460,2351.458368400155
4461,2351.458368400155
4462,2351.458368400155
4463,2351.458368400155
4464,2351.458368400155
4465,2351.458368400155
4466,2351.458368400155
4467,2351.458368400155
4468,2351.458368400155
4469,2351.458368400155
4470,2351.458368400155
4471,2351.458368400155
4472,2351.458368400155
4473,2351.458368400155
4474,2351.458368400155
4475,2351.458368400155
4476,2351.458368400155
4477,2351.458368400155
4478,2351.458368400155
4479,2351.458368400155
4480,2351.458368400155
4481,2351.458368400155
4482,2351.458368400155
4483,2351.458368400155
4484,2351.458368400155
4485,2351.458368400155
4486,2351.458368400155
4487,2351.458368400155
4488,2351.458368400155
4489,2351.458368400155
4490,2351.458368400155
4491,2351.458368400155
4492,2351.458368400155
4493,2351.458368400155
4494,2351.458368400155
4495,2351.458368400155
4496,2351.458368400155
4497,2351.458368400155
4498,2351.458368400155
4499,2351.458368400155
4500,2351.458368400155
4501,2351.458368400155
4502,2351.458368400155
4503,2351.458368400155
4504,2351.458368400155
4505,2351.458368400155
4506,2351.458368400155
4507,2351.458368400155
4508,2351.458368400155
4509,2351.458368400155
4510,2351.458368400155
4511,2351.458368400155
4512,2351.458368400155
4513,2351.458368400155
4514,2351.458368400155
4515,2351.458368400155
4516,2351.458368400155
4517,2351.458368400155
4518,2351.458368400155
4519,2351.458368400155
4520,2351.458368400155
4521,2351.458368400155
4522,2351.458368400155
4523,2351.458368400155
4524,2351.458368400155
4525,2351.458368400155
4526,2351.458368400155
4527,2351.458368400155
4528,2351.458368400155
4529,2351.458368400155
4530,2351.458368400155
4531,2351.458368400155
4532,2351.458368400155
4533,2351.458368400155
4534,2351.458368400155
4535,2351.458368400155
4536,2351.458368400155
4537,2351.458368400155
4538,2351.458368400155
4539,2351.458368400155
4540,2351.458368400155
4541,2351.458368400155
4542,2351.458368400155
4543,2351.458368400155
4544,2351.458368400155
4545,2351.458368400155
4546,2351.458368400155
4547,2351.458368400155
4548,2351.458368400155
4549,2351.458368400155
4550,2351.458368400155
4551,2351.458368400155
4552,2351.458368400155
4553,2351.458368400155
4554,2351.458368400155
4555,2351.458368400155
4556,2351.458368400155
4557,2351.458368400155
4558,2351.458368400155
4559,2351.458368400155
4560,2351.458368400155
4561,2351.458368400155
4562,2351.458368400155
4563,2351.458368400155
4564,2351.458368400155
4565,2351.458368400155
4566,2351.458368400155
4567,2351.458368400155
4568,2351.458368400155
4569,2351.458368400155
4570,2351.458368400155
4571,2351.458368400155
4572,2351.458368400155
4573,2351.458368400155
4574,2351.458368400155
4575,2351.458368400155
4576,2351.458368400155
4577,2351.458368400155
4578,2351.458368400155
4579,2351.458368400155
4580,2351.458368400155
4581,2351.458368400155
4582,2351.458368400155
4583,2351.458368400155
4584,2351.458368400155
4585,2351.458368400155
4586,2351.458368400155
4587,2351.458368400155
4588,2351.458368400155
4589,2351.458368400155
4590,2351.458368400155
4591,2351.458368400155
4592,2351.458368400155
4593,2351.458368400155
4594,2351.458368400155
4595,2351.458368400155
4596,2351.458368400155
4597,2351.458368400155
4598,2351.458368400155
4599,2351.458368400155
4600,2351.458368400155
4601,2351.458368400155
4602,2351.458368400155
4603,2351.458368400155
4604,2351.458368400155
4605,2351.458368400155
4606,2351.458368400155
4607,2351.458368400155
4608,2351.458368400155
4609,2351.458368400155
4610,2351.458368400155
4611,2351.458368400155
4612,2351.458368400155
4613,2351.458368400155
4614,2351.458368400155
4615,2351.458368400155
4616,2351.458368400155
4617,2351.458368400155
4618,2351.458368400155
4619,2351.458368400155
4620,2351.458368400155
4621,2351.458368400155
4622,2351.458368400155
4623,2351.458368400155
4624,2351.458368400155
4625,2351.458368400155
4626,2351.458368400155
4627,2351.458368400155
4628,2351.458368400155
4629,2351.458368400155
4630,2351.458368400155
4631,2351.458368400155
4632,2351.458368400155
4633,2351.458368400155
4634,2351.458368400155
4635,2351.458368400155
4636,2351.458368400155
4637,2351.458368400155
4638,2351.458368400155
4639,2351.458368400155
4640,2351.458368400155
4641,2351.458368400155
4642,2351.458368400155
4643,2351.458368400155
4644,2351.458368400155
4645,2351.458368400155
4646,2351.458368400155
4647,2351.458368400155
4648,2351.458368400155
4649,2351.458368400155
4650,2351.458368400155
4651,2351.458368400155
4652,2351.458368400155
4653,2351.458368400155
4654,2351.458368400155
4655,2351.458368400155
4656,2351.458368400155
4657,2351.458368400155
4658,2351.458368400155
4659,2351.458368400155
4660,2351.458368400155
4661,2351.458368400155
4662,2351.458368400155
4663,2351.458368400155
4664,2351.458368400155
4665,2351.458368400155
4666,2351.458368400155
4667,2351.458368400155
4668,2351.458368400155
4669,2351.458368400155
4670,2351.458368400155
4671,2351.458368400155
4672,2351.458368400155
4673,2351.458368400155
4674,2351.458368400155
4675,2351.458368400155
4676,2351.458368400155
4677,2351.458368400155
4678,2351.458368400155
4679,2351.458368400155
4680,2351.458368400155
4681,2351.458368400155
4682,2351.458368400155
4683,2351.458368400155
4684,2351.458368400155
4685,2351.458368400155
4686,2351.458368400155
4687,2351.458368400155
4688,2351.458368400155
4689,2351.458368400155
4690,2351.458368400155
4691,2351.458368400155
4692,2351.458368400155
4693,2351.458368400155
4694,2351.458368400155
4695,2351.458368400155
4696,2351.458368400155
4697,2351.458368400155
4698,2351.458368400155
4699,2351.458368400155
4700,2351.458368400155
4701,2351.458368400155
4702,2351.458368400155
4703,2351.458368400155
4704,2351.458368400155
4705,2351.458368400155
4706,2351.458368400155
4707,2351.458368400155
4708,2351.458368400155
4709,2351.458368400155
4710,2351.458368400155
4711,2351.458368400155
4712,2351.458368400155
4713,2351.458368400155
4714,2351.458368400155
4715,2351.458368400155
4716,2351.458368400155
4717,2351.458368400155
4718,2351.458368400155
4719,2351.458368400155
4720,2351.458368400155
4721,2351.458368400155
4722,2351.458368400155
4723,2351.458368400155
4724,2351.458368400155
4725,2351.458368400155
4726,2351.458368400155
4727,2351.458368400155
4728,2351.458368400155
4729,2351.458368400155
4730,2351.458368400155
4731,2351.458368400155
4732,2351.458368400155
4733,2351.458368400155
4734,2351.458368400155
4735,2351.458368400155
4736,2351.458368400155
4737,2351.458368400155
4738,2351.458368400155
4739,2351.458368400155
4740,2351.458368400155
4741,2351.458368400155
4742,2351.458368400155
4743,2351.458368400155
4744,2351.458368400155
4745,2351.458368400155
4746,2351.458368400155
4747,2351.458368400155
4748,2351.458368400155
4749,2351.458368400155
4750,2351.458368400155
4751,2351.458368400155
4752,2351.458368400155
4753,2351.458368400155
4754,2351.458368400155
4755,2351.458368400155
4756,2351.458368400155
4757,2351.458368400155
4758,2351.458368400155
4759,2351.458368400155
4760,2351.458368400155
4761,2351.458368400155
4762,2351.458368400155
4763,2351.458368400155
4764,2351.458368400155
4765,2351.458368400155
4766,2351.458368400155
4767,2351.458368400155
4768,2351.458368400155
4769,2351.458368400155
4770,2351.458368400155
4771,2351.458368400155
4772,2351.458368400155
4773,2351.458368400155
4774,2351.458368400155
4775,2351.458368400155
4776,2351.458368400155
4777,2351.458368400155
4778,2351.458368400155
4779,2351.458368400155
4780,2351.458368400155
4781,2351.458368400155
4782,2351.458368400155
4783,2351.458368400155
4784,2351.458368400155
4785,2351.458368400155
4786,2351.458368400155
4787,2351.458368400155
4788,2351.458368400155
4789,2351.458368400155
4790,2351.458368400155
4791,2351.458368400155
4792,2351.458368400155
4793,2351.458368400155
4794,2351.458368400155
4795,2351.458368400155
4796,2351.458368400155
4797,2351.458368400155
4798,2351.458368400155
4799,2351.458368400155
4800,2351.458368400155
4801,2351.458368400155
4802,2351.458368400155
4803,2351.458368400155
4804,2351.458368400155
4805,2351.458368400155
4806,2351.458368400155
4807,2351.458368400155
4808,2351.458368400155
4809,2351.458368400155
4810,2351.458368400155
4811,2351.458368400155
4812,2351.458368400155
4813,2351.458368400155
4814,2351.458368400155
4815,2351.458368400155
4816,2351.458368400155
4817,2351.458368400155
4818,2351.458368400155
4819,2351.458368400155
4820,2351.458368400155
4821,2351.458368400155
4822,2351.458368400155
4823,2351.458368400155
4824,2351.458368400155
4825,2351.458368400155
4826,2351.458368400155
4827,2351.458368400155
4828,2351.458368400155
4829,2351.458368400155
4830,2351.458368400155
4831,2351.458368400155
4832,2351.458368400155
4833,2351.458368400155
4834,2351.458368400155
4835,2351.458368400155
4836,2351.458368400155
4837,2351.458368400155
4838,2351.458368400155
4839,2351.458368400155
4840,2351.458368400155
4841,2351.458368400155
4842,2351.458368400155
4843,2351.458368400155
4844,2351.458368400155
4845,2351.458368400155
4846,2351.458368400155
4847,2351.458368400155
4848,2351.458368400155
4849,2351.458368400155
4850,2351.458368400155
4851,2351.458368400155
4852,2351.458368400155
4853,2351.458368400155
4854,2351.458368400155
4855,2351.458368400155
4856,2351.458368400155
4857,2351.458368400155
4858,2351.458368400155
4859,2351.458368400155
4860,2351.458368400155
4861,2351.458368400155
4862,2351.458368400155
4863,2351.458368400155
4864,2351.458368400155
4865,2351.458368400155
4866,2351.458368400155
4867,2351.458368400155
4868,2351.458368400155
4869,2351.458368400155
4870,2351.458368400155
4871,2351.458368400155
4872,2351.458368400155
4873,2351.458368400155
4874,2351.458368400155
4875,2351.458368400155
4876,2351.458368400155
4877,2351.458368400155
4878,2351.458368400155
4879,2351.458368400155
4880,2351.458368400155
4881,2351.458368400155
4882,2351.458368400155
4883,2351.458368400155
4884,2351.458368400155
4885,2351.458368400155
4886,2351.458368400155
4887,2351.458368400155
4888,2351.458368400155
4889,2351.458368400155
4890,2351.458368400155
4891,2351.458368400155
4892,2351.458368400155
4893,2351.458368400155
4894,2351.458368400155
4895,2351.458368400155
4896,2351.458368400155
4897,2351.458368400155
4898,2351.458368400155
4899,2351.458368400155
4900,2351.458368400155
4901,2351.458368400155
4902,2351.458368400155
4903,2351.458368400155
4904,2351.458368400155
4905,2351.458368400155
4906,2351.458368400155
4907,2351.458368400155
4908,2351.458368400155
4909,2351.458368400155
4910,2351.458368400155
4911,2351.458368400155
4912,2351.458368400155
4913,2351.458368400155
4914,2351.458368400155
4915,2351.458368400155
4916,2351.458368400155
4917,2351.458368400155
4918,2351.458368400155
4919,2351.458368400155
4920,2351.458368400155
4921,2351.458368400155
4922,2351.458368400155
4923,2351.458368400155
4924,2351.458368400155
4925,2351.458368400155
4926,2351.458368400155
4927,2351.458368400155
4928,2351.458368400155
4929,2351.458368400155
4930,2351.458368400155
4931,2351.458368400155
4932,2351.458368400155
4933,2351.458368400155
4934,2351.458368400155
4935,2351.458368400155
4936,2351.458368400155
4937,2351.458368400155
4938,2351.458368400155
4939,2351.458368400155
4940,2351.458368400155
4941,2351.458368400155
4942,2351.458368400155
4943,2351.458368400155
4944,2351.458368400155
4945,2351.458368400155
4946,2351.458368400155
4947,2351.458368400155
4948,2351.458368400155
4949,2351.458368400155
4950,2351.458368400155
4951,2351.458368400155
4952,2351.458368400155
4953,2351.458368400155
4954,2351.458368400155
4955,2351.458368400155
4956,2351.458368400155
4957,2351.458368400155
4958,2351.458368400155
4959,2351.458368400155
4960,2351.458368400155
4961,2351.458368400155
4962,2351.458368400155
4963,2351.458368400155
4964,2351.458368400155
4965,2351.458368400155
4966,2351.458368400155
4967,2351.458368400155
4968,2351.458368400155
4969,2351.458368400155
4970,2351.458368400155
4971,2351.458368400155
4972,2351.458368400155
4973,2351.458368400155
4974,2351.458368400155
4975,2351.458368400155
4976,2351.458368400155
4977,2351.458368400155
4978,2351.458368400155
4979,2351.458368400155
4980,2351.458368400155
4981,2351.458368400155
4982,2351.458368400155
4983,2351.458368400155
4984,2351.458368400155
4985,2351.458368400155
4986,2351.458368400155
4987,2351.458368400155
4988,2351.458368400155
4989,2351.458368400155
4990,2351.458368400155
4991,2351.458368400155
4992,2351.458368400155
4993,2351.458368400155
4994,2351.458368400155
4995,2351.458368400155
4996,2351.458368400155
4997,2351.458368400155
4998,2351.458368400155
4999,2351.458368400155
5000,2351.458368400155
5001,2351.458368400155
5002,2351.458368400155
5003,2351.458368400155
5004,2351.458368400155
5005,2351.458368400155
5006,2351.458368400155
5007,2351.458368400155
5008,2351.458368400155
5009,2351.458368400155
5010,2351.458368400155
5011,2351.458368400155
5012,2351.458368400155
5013,2351.458368400155
5014,2351.458368400155
5015,2351.458368400155
5016,2351.458368400155
5017,2351.458368400155
5018,2351.458368400155
5019,2351.458368400155
5020,2351.458368400155
5021,2351.458368400155
5022,2351.458368400155
5023,2351.458368400155
5024,2351.458368400155
5025,2351.458368400155
5026,2351.458368400155
5027,2351.458368400155
5028,2351.458368400155
5029,2351.458368400155
5030,2351.458368400155
5031,2351.458368400155
5032,2351.458368400155
5033,2351.458368400155
5034,2351.458368400155
5035,2351.458368400155
5036,2351.458368400155
5037,2351.458368400155
5038,2351.458368400155
5039,2351.458368400155
5040,2351.458368400155
5041,2351.458368400155
5042,2351.458368400155
5043,2351.458368400155
5044,2351.458368400155
5045,2351.458368400155
5046,2351.458368400155
5047,2351.458368400155
5048,2351.458368400155
5049,2351.458368400155
5050,2351.458368400155
5051,2351.458368400155
5052,2351.458368400155
5053,2351.458368400155
5054,2351.458368400155
5055,2351.458368400155
5056,2351.458368400155
5057,2351.458368400155
5058,2351.458368400155
5059,2351.458368400155
5060,2351.458368400155
5061,2351.458368400155
5062,2351.458368400155
5063,2351.458368400155
5064,2351.458368400155
5065,2351.458368400155
5066,2351.458368400155
5067,2351.458368400155
5068,2351.458368400155
5069,2351.458368400155
5070,2351.458368400155
5071,2351.458368400155
5072,2351.458368400155
5073,2351.458368400155
5074,2351.458368400155
5075,2351.458368400155
5076,2351.458368400155
5077,2351.458368400155
5078,2351.458368400155
5079,2351.458368400155
5080,2351.458368400155
5081,2351.458368400155
5082,2351.458368400155
5083,2351.458368400155
5084,2351.458368400155
5085,2351.458368400155
5086,2351.458368400155
5087,2351.458368400155
5088,2351.458368400155
5089,2351.458368400155
5090,2351.458368400155
5091,2351.458368400155
5092,2351.458368400155
5093,2351.458368400155
5094,2351.458368400155
5095,2351.458368400155
5096,2351.458368400155
5097,2351.458368400155
5098,2351.458368400155
5099,2351.458368400155
5100,2351.458368400155
5101,2351.458368400155
5102,2351.458368400155
5103,2351.458368400155
5104,2351.458368400155
5105,2351.458368400155
5106,2351.458368400155
5107,2351.458368400155
5108,2351.458368400155
5109,2351.458368400155
5110,2351.458368400155
5111,2351.458368400155
5112,2351.458368400155
5113,2351.458368400155
5114,2351.458368400155
5115,2351.458368400155
5116,2351.458368400155
5117,2351.458368400155
5118,2351.458368400155
5119,2351.458368400155
5120,2351.458368400155
5121,2351.458368400155
5122,2351.458368400155
5123,2351.458368400155
5124,2351.458368400155
5125,2351.458368400155
5126,2351.458368400155
5127,2351.458368400155
5128,2351.458368400155
5129,2351.458368400155
5130,2351.458368400155
5131,2351.458368400155
5132,2351.458368400155
5133,2351.458368400155
5134,2351.458368400155
5135,2351.458368400155
5136,2351.458368400155
5137,2351.458368400155
5138,2351.458368400155
5139,2351.458368400155
5140,2351.458368400155
5141,2351.458368400155
5142,2351.458368400155
5143,2351.458368400155
5144,2351.458368400155
5145,2351.458368400155
5146,2351.458368400155
5147,2351.458368400155
5148,2351.458368400155
5149,2351.458368400155
5150,2351.458368400155
5151,2351.458368400155
5152,2351.458368400155
5153,2351.458368400155
5154,2351.458368400155
5155,2351.458368400155
5156,2351.458368400155
5157,2351.458368400155
5158,2351.458368400155
5159,2351.458368400155
5160,2351.458368400155
5161,2351.458368400155
5162,2351.458368400155
5163,2351.458368400155
5164,2351.458368400155
5165,2351.458368400155
5166,2351.458368400155
5167,2351.458368400155
5168,2351.458368400155
5169,2351.458368400155
5170,2351.458368400155
5171,2351.458368400155
5172,2351.458368400155
5173,2351.458368400155
5174,2351.458368400155
5175,2351.458368400155
5176,2351.458368400155
5177,2351.458368400155
5178,2351.458368400155
5179,2351.458368400155
5180,2351.458368400155
5181,2351.458368400155
5182,2351.458368400155
5183,2351.458368400155
5184,2351.458368400155
5185,2351.458368400155
5186,2351.458368400155
5187,2351.458368400155
5188,2351.458368400155
5189,2351.458368400155
5190,2351.458368400155
5191,2351.458368400155
5192,2351.458368400155
5193,2351.458368400155
5194,2351.458368400155
5195,2351.458368400155
5196,2351.458368400155
5197,2351.458368400155
5198,2351.458368400155
5199,2351.458368400155
5200,2351.458368400155
5201,2351.458368400155
5202,2351.458368400155
5203,2351.458368400155
5204,2351.458368400155
5205,2351.458368400155
5206,2351.458368400155
5207,2351.458368400155
5208,2351.458368400155
5209,2351.458368400155
5210,2351.458368400155
5211,2351.458368400155
5212,2351.458368400155
5213,2351.458368400155
5214,2351.458368400155
5215,2351.458368400155
5216,2351.458368400155
5217,2351.458368400155
5218,2351.458368400155
5219,2351.458368400155
5220,2351.458368400155
5221,2351.458368400155
5222,2351.458368400155
5223,2351.458368400155
5224,2351.458368400155
5225,2351.458368400155
5226,2351.458368400155
5227,2351.458368400155
5228,2351.458368400155
5229,2351.458368400155
5230,2351.458368400155
5231,2351.458368400155
5232,2351.458368400155
5233,2351.458368400155
5234,2351.458368400155
5235,2351.458368400155
5236,2351.458368400155
5237,2351.458368400155
5238,2351.458368400155
5239,2351.458368400155
5240,2351.458368400155
5241,2351.458368400155
5242,2351.458368400155
5243,2351.458368400155
5244,2351.458368400155
5245,2351.458368400155
5246,2351.458368400155
5247,2351.458368400155
5248,2351.458368400155
5249,2351.458368400155
5250,2351.458368400155
5251,2351.458368400155
5252,2351.458368400155
5253,2351.458368400155
5254,2351.458368400155
5255,2351.458368400155
5256,2351.458368400155
5257,2351.458368400155
5258,2351.458368400155
5259,2351.458368400155
5260,2351.458368400155
5261,2351.458368400155
5262,2351.458368400155
5263,2351.458368400155
5264,2351.458368400155
5265,2351.458368400155
5266,2351.458368400155
5267,2351.458368400155
5268,2351.458368400155
5269,2351.458368400155
5270,2351.458368400155
5271,2351.458368400155
5272,2351.458368400155
5273,2351.458368400155
5274,2351.458368400155
5275,2351.458368400155
5276,2351.458368400155
5277,2351.458368400155
5278,2351.458368400155
5279,2351.458368400155
5280,2351.458368400155
5281,2351.458368400155
5282,2351.458368400155
5283,2351.458368400155
5284,2351.458368400155
5285,2351.458368400155
5286,2351.458368400155
5287,2351.458368400155
5288,2351.458368400155
5289,2351.458368400155
5290,2351.458368400155
5291,2351.458368400155
5292,2351.458368400155
5293,2351.458368400155
5294,2351.458368400155
5295,2351.458368400155
5296,2351.458368400155
5297,2351.458368400155
5298,2351.458368400155
5299,2351.458368400155
5300,2351.458368400155
5301,2351.458368400155
5302,2351.458368400155
5303,2351.458368400155
5304,2351.458368400155
5305,2351.458368400155
5306,2351.458368400155
5307,2351.458368400155
5308,2351.458368400155
5309,2351.458368400155
5310,2351.458368400155
5311,2351.458368400155
5312,2351.458368400155
5313,2351.458368400155
5314,2351.458368400155
5315,2351.458368400155
5316,2351.458368400155
5317,2351.458368400155
5318,2351.458368400155
5319,2351.458368400155
5320,2351.458368400155
5321,2351.458368400155
5322,2351.458368400155
5323,2351.458368400155
5324,2351.458368400155
5325,2351.458368400155
5326,2351.458368400155
5327,2351.458368400155
5328,2351.458368400155
5329,2351.458368400155
5330,2351.458368400155
5331,2351.458368400155
5332,2351.458368400155
5333,2351.458368400155
5334,2351.458368400155
5335,2351.458368400155
5336,2351.458368400155
5337,2351.458368400155
5338,2351.458368400155
5339,2351.458368400155
5340,2351.458368400155
5341,2351.458368400155
5342,2351.458368400155
5343,2351.458368400155
5344,2351.458368400155
5345,2351.458368400155
5346,2351.458368400155
5347,2351.458368400155
5348,2351.458368400155
5349,2351.458368400155
5350,2351.458368400155
5351,2351.458368400155
5352,2351.458368400155
5353,2351.458368400155
5354,2351.458368400155
5355,2351.458368400155
5356,2351.458368400155
5357,2351.458368400155
5358,2351.458368400155
5359,2351.458368400155
5360,2351.458368400155
5361,2351.458368400155
5362,2351.458368400155
5363,2351.458368400155
5364,2351.458368400155
5365,2351.458368400155
5366,2351.458368400155
5367,2351.458368400155
5368,2351.458368400155
5369,2351.458368400155
5370,2351.458368400155
5371,2351.458368400155
5372,2351.458368400155
5373,2351.458368400155
5374,2351.458368400155
5375,2351.458368400155
5376,2351.458368400155
5377,2351.458368400155
5378,2351.458368400155
5379,2351.458368400155
5380,2351.458368400155
5381,2351.458368400155
5382,2351.458368400155
5383,2351.458368400155
5384,2351.458368400155
5385,2351.458368400155
5386,2351.458368400155
5387,2351.458368400155
5388,2351.458368400155
5389,2351.458368400155
5390,2351.458368400155
5391,2351.458368400155
5392,2351.458368400155
5393,2351.458368400155
5394,2351.458368400155
5395,2351.458368400155
5396,2351.458368400155
5397,2351.458368400155
5398,2351.458368400155
5399,2351.458368400155
5400,2351.458368400155
5401,2351.458368400155
5402,2351.458368400155
5403,2351.458368400155
5404,2351.458368400155
5405,2351.458368400155
5406,2351.458368400155
5407,2351.458368400155
5408,2351.458368400155
5409,2351.458368400155
5410,2351.458368400155
5411,2351.458368400155
5412,2351.458368400155
5413,2351.458368400155
5414,2351.458368400155
5415,2351.458368400155
5416,2351.458368400155
5417,2351.458368400155
5418,2351.458368400155
5419,2351.458368400155
5420,2351.458368400155
5421,2351.458368400155
5422,2351.458368400155
5423,2351.458368400155
5424,2351.458368400155
5425,2351.458368400155
5426,2351.458368400155
5427,2351.458368400155
5428,2351.458368400155
5429,2351.458368400155
5430,2351.458368400155
5431,2351.458368400155
5432,2351.458368400155
5433,2351.458368400155
5434,2351.458368400155
5435,2351.458368400155
5436,2351.458368400155
5437,2351.458368400155
5438,2351.458368400155
5439,2351.458368400155
5440,2351.458368400155
5441,2351.458368400155
5442,2351.458368400155
5443,2351.458368400155
5444,2351.458368400155
5445,2351.458368400155
5446,2351.458368400155
5447,2351.458368400155
5448,2351.458368400155
5449,2351.458368400155
5450,2351.458368400155
5451,2351.458368400155
5452,2351.458368400155
5453,2351.458368400155
5454,2351.458368400155
5455,2351.458368400155
5456,2351.458368400155
5457,2351.458368400155
5458,2351.458368400155
5459,2351.458368400155
5460,2351.458368400155
5461,2351.458368400155
5462,2351.458368400155
5463,2351.458368400155
5464,2351.458368400155
5465,2351.458368400155
5466,2351.458368400155
5467,2351.458368400155
5468,2351.458368400155
5469,2351.458368400155
5470,2351.458368400155
5471,2351.458368400155
5472,2351.458368400155
5473,2351.458368400155
5474,2351.458368400155
5475,2351.458368400155
5476,2351.458368400155
5477,2351.458368400155
5478,2351.458368400155
5479,2351.458368400155
5480,2351.458368400155
5481,2351.458368400155
5482,2351.458368400155
5483,2351.458368400155
5484,2351.458368400155
5485,2351.458368400155
5486,2351.458368400155
5487,2351.458368400155
5488,2351.458368400155
5489,2351.458368400155
5490,2351.458368400155
5491,2351.458368400155
5492,2351.458368400155
5493,2351.458368400155
5494,2351.458368400155
5495,2351.458368400155
5496,2351.458368400155
5497,2351.458368400155
5498,2351.458368400155
5499,2351.458368400155
5500,2351.458368400155
5501,2351.458368400155
5502,2351.458368400155
5503,2351.458368400155
5504,2351.458368400155
5505,2351.458368400155
5506,2351.458368400155
5507,2351.458368400155
5508,2351.458368400155
5509,2351.458368400155
5510,2351.458368400155
5511,2351.458368400155
5512,2351.458368400155
5513,2351.458368400155
5514,2351.458368400155
5515,2351.458368400155
5516,2351.458368400155
5517,2351.458368400155
5518,2351.458368400155
5519,2351.458368400155
5520,2351.458368400155
5521,2351.458368400155
5522,2351.458368400155
5523,2351.458368400155
5524,2351.458368400155
5525,2351.458368400155
5526,2351.458368400155
5527,2351.458368400155
5528,2351.458368400155
5529,2351.458368400155
5530,2351.458368400155
5531,2351.458368400155
5532,2351.458368400155
5533,2351.458368400155
5534,2351.458368400155
5535,2351.458368400155
5536,2351.458368400155
5537,2351.458368400155
5538,2351.458368400155
5539,2351.458368400155
5540,2351.458368400155
5541,2351.458368400155
5542,2351.458368400155
5543,2351.458368400155
5544,2351.458368400155
5545,2351.458368400155
5546,2351.458368400155
5547,2351.458368400155
5548,2351.458368400155
5549,2351.458368400155
5550,2351.458368400155
5551,2351.458368400155
5552,2351.458368400155
5553,2351.458368400155
5554,2351.458368400155
5555,2351.458368400155
5556,2351.458368400155
5557,2351.458368400155
5558,2351.458368400155
5559,2351.458368400155
5560,2351.458368400155
5561,2351.458368400155
5562,2351.458368400155
5563,2351.458368400155
5564,2351.458368400155
5565,2351.458368400155
5566,2351.458368400155
5567,2351.458368400155
5568,2351.458368400155
5569,2351.458368400155
5570,2351.458368400155
5571,2351.458368400155
5572,2351.458368400155
5573,2351.458368400155
5574,2351.458368400155
5575,2351.458368400155
5576,2351.458368400155
5577,2351.458368400155
5578,2351.458368400155
5579,2351.458368400155
5580,2351.458368400155
5581,2351.458368400155
5582,2351.458368400155
5583,2351.458368400155
5584,2351.458368400155
5585,2351.458368400155
5586,2351.458368400155
5587,2351.458368400155
5588,2351.458368400155
5589,2351.458368400155
5590,2351.458368400155
5591,2351.458368400155
5592,2351.458368400155
5593,2351.458368400155
5594,2351.458368400155
5595,2351.458368400155
5596,2351.458368400155
5597,2351.458368400155
5598,2351.458368400155
5599,2351.458368400155
5600,2351.458368400155
5601,2351.458368400155
5602,2351.458368400155
5603,2351.458368400155
5604,2351.458368400155
5605,2351.458368400155
5606,2351.458368400155
5607,2351.458368400155
5608,2351.458368400155
5609,2351.458368400155
5610,2351.458368400155
5611,2351.458368400155
5612,2351.458368400155
5613,2351.458368400155
5614,2351.458368400155
5615,2351.458368400155
5616,2351.458368400155
5617,2351.458368400155
5618,2351.458368400155
5619,2351.458368400155
5620,2351.458368400155
5621,2351.458368400155
5622,2351.458368400155
5623,2351.458368400155
5624,2351.458368400155
5625,2351.458368400155
5626,2351.458368400155
5627,2351.458368400155
5628,2351.458368400155
5629,2351.458368400155
5630,2351.458368400155
5631,2351.458368400155
5632,2351.458368400155
5633,2351.458368400155
5634,2351.458368400155
5635,2351.458368400155
5636,2351.458368400155
5637,2351.458368400155
5638,2351.458368400155
5639,2351.458368400155
5640,2351.458368400155
5641,2351.458368400155
5642,2351.458368400155
5643,2351.458368400155
5644,2351.458368400155
5645,2351.458368400155
5646,2351.458368400155
5647,2351.458368400155
5648,2351.458368400155
5649,2351.458368400155
5650,2351.458368400155
5651,2351.458368400155
5652,2351.458368400155
5653,2351.458368400155
5654,2351.458368400155
5655,2351.458368400155
5656,2351.458368400155
5657,2351.458368400155
5658,2351.458368400155
5659,2351.458368400155
5660,2351.458368400155
5661,2351.458368400155
5662,2351.458368400155
5663,2351.458368400155
5664,2351.458368400155
5665,2351.458368400155
5666,2351.458368400155
5667,2351.458368400155
5668,2351.458368400155
5669,2351.458368400155
5670,2351.458368400155
5671,2351.458368400155
5672,2351.458368400155
5673,2351.458368400155
5674,2351.458368400155
5675,2351.458368400155
5676,2351.458368400155
5677,2351.458368400155
5678,2351.458368400155
5679,2351.458368400155
5680,2351.458368400155
5681,2351.458368400155
5682,2351.458368400155
5683,2351.458368400155
5684,2351.458368400155
5685,2351.458368400155
5686,2351.458368400155
5687,2351.458368400155
5688,2351.458368400155
5689,2351.458368400155
5690,2351.458368400155
5691,2351.458368400155
5692,2351.458368400155
5693,2351.458368400155
5694,2351.458368400155
5695,2351.458368400155
5696,2351.458368400155
5697,2351.458368400155
5698,2351.458368400155
5699,2351.458368400155
5700,2351.458368400155
5701,2351.458368400155
5702,2351.458368400155
5703,2351.458368400155
5704,2351.458368400155
5705,2351.458368400155
5706,2351.458368400155
5707,2351.458368400155
5708,2351.458368400155
5709,2351.458368400155
5710,2351.458368400155
5711,2351.458368400155
5712,2351.458368400155
5713,2351.458368400155
5714,2351.458368400155
5715,2351.458368400155
5716,2351.458368400155
5717,2351.458368400155
5718,2351.458368400155
5719,2351.458368400155
5720,2351.458368400155
5721,2351.458368400155
5722,2351.458368400155
5723,2351.458368400155
5724,2351.458368400155
5725,2351.458368400155
5726,2351.458368400155
5727,2351.458368400155
5728,2351.458368400155
5729,2351.458368400155
5730,2351.458368400155
5731,2351.458368400155
5732,2351.458368400155
5733,2351.458368400155
5734,2351.458368400155
5735,2351.458368400155
5736,2351.458368400155
5737,2351.458368400155
5738,2351.458368400155
5739,2351.458368400155
5740,2351.458368400155
5741,2351.458368400155
5742,2351.458368400155
5743,2351.458368400155
5744,2351.458368400155
5745,2351.458368400155
5746,2351.458368400155
5747,2351.458368400155
5748,2351.458368400155
5749,2351.458368400155
5750,2351.458368400155
5751,2351.458368400155
5752,2351.458368400155
5753,2351.458368400155
5754,2351.458368400155
5755,2351.458368400155
5756,2351.458368400155
5757,2351.458368400155
5758,2351.458368400155
5759,2351.458368400155
5760,2351.458368400155
5761,2351.458368400155
5762,2351.458368400155
5763,2351.458368400155
5764,2351.458368400155
5765,2351.458368400155
5766,2351.458368400155
5767,2351.458368400155
5768,2351.458368400155
5769,2351.458368400155
5770,2351.458368400155
5771,2351.458368400155
5772,2351.458368400155
5773,2351.458368400155
5774,2351.458368400155
5775,2351.458368400155
5776,2351.458368400155
5777,2351.458368400155
5778,2351.458368400155
5779,2351.458368400155
5780,2351.458368400155
5781,2351.458368400155
5782,2351.458368400155
5783,2351.458368400155
5784,2351.458368400155
5785,2351.458368400155
5786,2351.458368400155
5787,2351.458368400155
5788,2351.458368400155
5789,2351.458368400155
5790,2351.458368400155
5791,2351.458368400155
5792,2351.458368400155
5793,2351.458368400155
5794,2351.458368400155
5795,2351.458368400155
5796,2351.458368400155
5797,2351.458368400155
5798,2351.458368400155
5799,2351.458368400155
5800,2351.458368400155
5801,2351.458368400155
5802,2351.458368400155
5803,2351.458368400155
5804,2351.458368400155
5805,2351.458368400155
5806,2351.458368400155
5807,2351.458368400155
5808,2351.458368400155
5809,2351.458368400155
5810,2351.458368400155
5811,2351.458368400155
5812,2351.458368400155
5813,2351.458368400155
5814,2351.458368400155
5815,2351.458368400155
5816,2351.458368400155
5817,2351.458368400155
5818,2351.458368400155
5819,2351.458368400155
5820,2351.458368400155
5821,2351.458368400155
5822,2351.458368400155
5823,2351.458368400155
5824,2351.458368400155
5825,2351.458368400155
5826,2351.458368400155
5827,2351.458368400155
5828,2351.458368400155
5829,2351.458368400155
5830,2351.458368400155
5831,2351.458368400155
5832,2351.458368400155
5833,2351.458368400155
5834,2351.458368400155
5835,2351.458368400155
5836,2351.458368400155
5837,2351.458368400155
5838,2351.458368400155
5839,2351.458368400155
5840,2351.458368400155
5841,2351.458368400155
5842,2351.458368400155
5843,2351.458368400155
5844,2351.458368400155
5845,2351.458368400155
5846,2351.458368400155
5847,2351.458368400155
5848,2351.458368400155
5849,2351.458368400155
5850,2351.458368400155
5851,2351.458368400155
5852,2351.458368400155
5853,2351.458368400155
5854,2351.458368400155
5855,2351.458368400155
5856,2351.458368400155
5857,2351.458368400155
5858,2351.458368400155
5859,2351.458368400155
5860,2351.458368400155
5861,2351.458368400155
5862,2351.458368400155
5863,2351.458368400155
5864,2351.458368400155
5865,2351.458368400155
5866,2351.458368400155
5867,2351.458368400155
5868,2351.458368400155
5869,2351.458368400155
5870,2351.458368400155
5871,2351.458368400155
5872,2351.458368400155
5873,2351.458368400155
5874,2351.458368400155
5875,2351.458368400155
5876,2351.458368400155
5877,2351.458368400155
5878,2351.458368400155
5879,2351.458368400155
5880,2351.458368400155
5881,2351.458368400155
5882,2351.458368400155
5883,2351.458368400155
5884,2351.458368400155
5885,2351.458368400155
5886,2351.458368400155
5887,2351.458368400155
5888,2351.458368400155
5889,2351.458368400155
5890,2351.458368400155
5891,2351.458368400155
5892,2351.458368400155
5893,2351.458368400155
5894,2351.458368400155
5895,2351.458368400155
5896,2351.458368400155
5897,2351.458368400155
5898,2351.458368400155
5899,2351.458368400155
5900,2351.458368400155
5901,2351.458368400155
5902,2351.458368400155
5903,2351.458368400155
5904,2351.458368400155
5905,2351.458368400155
5906,2351.458368400155
5907,2351.458368400155
5908,2351.458368400155
5909,2351.458368400155
5910,2351.458368400155
5911,2351.458368400155
5912,2351.458368400155
5913,2351.458368400155
5914,2351.458368400155
5915,2351.458368400155
5916,2351.458368400155
5917,2351.458368400155
5918,2351.458368400155
5919,2351.458368400155
5920,2351.458368400155
5921,2351.458368400155
5922,2351.458368400155
5923,2351.458368400155
5924,2351.458368400155
5925,2351.458368400155
5926,2351.458368400155
5927,2351.458368400155
5928,2351.458368400155
5929,2351.458368400155
5930,2351.458368400155
5931,2351.458368400155
5932,2351.458368400155
5933,2351.458368400155
5934,2351.458368400155
5935,2351.458368400155
5936,2351.458368400155
5937,2351.458368400155
5938,2351.458368400155
5939,2351.458368400155
5940,2351.458368400155
5941,2351.458368400155
5942,2351.458368400155
5943,2351.458368400155
5944,2351.458368400155
5945,2351.458368400155
5946,2351.458368400155
5947,2351.458368400155
5948,2351.458368400155
5949,2351.458368400155
5950,2351.458368400155
5951,2351.458368400155
5952,2351.458368400155
5953,2351.458368400155
5954,2351.458368400155
5955,2351.458368400155
5956,2351.458368400155
5957,2351.458368400155
5958,2351.458368400155
5959,2351.458368400155
5960,2351.458368400155
5961,2351.458368400155
5962,2351.458368400155
5963,2351.458368400155
5964,2351.458368400155
5965,2351.458368400155
5966,2351.458368400155
5967,2351.458368400155
5968,2351.458368400155
5969,2351.458368400155
5970,2351.458368400155
5971,2351.458368400155
5972,2351.458368400155
5973,2351.458368400155
5974,2351.458368400155
5975,2351.458368400155
5976,2351.458368400155
5977,2351.458368400155
5978,2351.458368400155
5979,2351.458368400155
5980,2351.458368400155
5981,2351.458368400155
5982,2351.458368400155
5983,2351.458368400155
5984,2351.458368400155
5985,2351.458368400155
5986,2351.458368400155
5987,2351.458368400155
5988,2351.458368400155
5989,2351.458368400155
5990,2351.458368400155
5991,2351.458368400155
5992,2351.458368400155
5993,2351.458368400155
5994,2351.458368400155
5995,2351.458368400155
5996,2351.458368400155
5997,2351.458368400155
5998,2351.458368400155
5999,2351.458368400155
6000,2351.458368400155
6001,2351.458368400155
6002,2351.458368400155
6003,2351.458368400155
6004,2351.458368400155
6005,2351.458368400155
6006,2351.458368400155
6007,2351.458368400155
6008,2351.458368400155
6009,2351.458368400155
6010,2351.458368400155
6011,2351.458368400155
6012,2351.458368400155
6013,2351.458368400155
6014,2351.458368400155
6015,2351.458368400155
6016,2351.458368400155
6017,2351.458368400155
6018,2351.458368400155
6019,2351.458368400155
6020,2351.458368400155
6021,2351.458368400155
6022,2351.458368400155
6023,2351.458368400155
6024,2351.458368400155
6025,2351.458368400155
6026,2351.458368400155
6027,2351.458368400155
6028,2351.458368400155
6029,2351.458368400155
6030,2351.458368400155
6031,2351.458368400155
6032,2351.458368400155
6033,2351.458368400155
6034,2351.458368400155
6035,2351.458368400155
6036,2351.458368400155
6037,2351.458368400155
6038,2351.458368400155
6039,2351.458368400155
6040,2351.458368400155
6041,2351.458368400155
6042,2351.458368400155
6043,2351.458368400155
6044,2351.458368400155
6045,2351.458368400155
6046,2351.458368400155
6047,2351.458368400155
6048,2351.458368400155
6049,2351.458368400155
6050,2351.458368400155
6051,2351.458368400155
6052,2351.458368400155
6053,2351.458368400155
6054,2351.458368400155
6055,2351.458368400155
6056,2351.458368400155
6057,2351.458368400155
6058,2351.458368400155
6059,2351.458368400155
6060,2351.458368400155
6061,2351.458368400155
6062,2351.458368400155
6063,2351.458368400155
6064,2351.458368400155
6065,2351.458368400155
6066,2351.458368400155
6067,2351.458368400155
6068,2351.458368400155
6069,2351.458368400155
6070,2351.458368400155
6071,2351.458368400155
6072,2351.458368400155
6073,2351.458368400155
6074,2351.458368400155
6075,2351.458368400155
6076,2351.458368400155
6077,2351.458368400155
6078,2351.458368400155
6079,2351.458368400155
6080,2351.458368400155
6081,2351.458368400155
6082,2351.458368400155
6083,2351.458368400155
6084,2351.458368400155
6085,2351.458368400155
6086,2351.458368400155
6087,2351.458368400155
6088,2351.458368400155
6089,2351.458368400155
6090,2351.458368400155
6091,2351.458368400155
6092,2351.458368400155
6093,2351.458368400155
6094,2351.458368400155
6095,2351.458368400155
6096,2351.458368400155
6097,2351.458368400155
6098,2351.458368400155
6099,2351.458368400155
6100,2351.458368400155
6101,2351.458368400155
6102,2351.458368400155
6103,2351.458368400155
6104,2351.458368400155
6105,2351.458368400155
6106,2351.458368400155
6107,2351.458368400155
6108,2351.458368400155
6109,2351.458368400155
6110,2351.458368400155
6111,2351.458368400155
6112,2351.458368400155
6113,2351.458368400155
6114,2351.458368400155
6115,2351.458368400155
6116,2351.458368400155
6117,2351.458368400155
6118,2351.458368400155
6119,2351.458368400155
6120,2351.458368400155
6121,2351.458368400155
6122,2351.458368400155
6123,2351.458368400155
6124,2351.458368400155
6125,2351.458368400155
6126,2351.458368400155
6127,2351.458368400155
6128,2351.458368400155
6129,2351.458368400155
6130,2351.458368400155
6131,2351.458368400155
6132,2351.458368400155
6133,2351.458368400155
6134,2351.458368400155
6135,2351.458368400155
6136,2351.458368400155
6137,2351.458368400155
6138,2351.458368400155
6139,2351.458368400155
6140,2351.458368400155
6141,2351.458368400155
6142,2351.458368400155
6143,2351.458368400155
6144,2351.458368400155
6145,2351.458368400155
6146,2351.458368400155
6147,2351.458368400155
6148,2351.458368400155
6149,2351.458368400155
6150,2351.458368400155
6151,2351.458368400155
6152,2351.458368400155
6153,2351.458368400155
6154,2351.458368400155
6155,2351.458368400155
6156,2351.458368400155
6157,2351.458368400155
6158,2351.458368400155
6159,2351.458368400155
6160,2351.458368400155
6161,2351.458368400155
6162,2351.458368400155
6163,2351.458368400155
6164,2351.458368400155
6165,2351.458368400155
6166,2351.458368400155
6167,2351.458368400155
6168,2351.458368400155
6169,2351.458368400155
6170,2351.458368400155
6171,2351.458368400155
6172,2351.458368400155
6173,2351.458368400155
6174,2351.458368400155
6175,2351.458368400155
6176,2351.458368400155
6177,2351.458368400155
6178,2351.458368400155
6179,2351.458368400155
6180,2351.458368400155
6181,2351.458368400155
6182,2351.458368400155
6183,2351.458368400155
6184,2351.458368400155
6185,2351.458368400155
6186,2351.458368400155
6187,2351.458368400155
6188,2351.458368400155
6189,2351.458368400155
6190,2351.458368400155
6191,2351.458368400155
6192,2351.458368400155
6193,2351.458368400155
6194,2351.458368400155
6195,2351.458368400155
6196,2351.458368400155
6197,2351.458368400155
6198,2351.458368400155
6199,2351.458368400155
6200,2351.458368400155
6201,2351.458368400155
6202,2351.458368400155
6203,2351.458368400155
6204,2351.458368400155
6205,2351.458368400155
6206,2351.458368400155
6207,2351.458368400155
6208,2351.458368400155
6209,2351.458368400155
6210,2351.458368400155
6211,2351.458368400155
6212,2351.458368400155
6213,2351.458368400155
6214,2351.458368400155
6215,2351.458368400155
6216,2351.458368400155
6217,2351.458368400155
6218,2351.458368400155
6219,2351.458368400155
6220,2351.458368400155
6221,2351.458368400155
6222,2351.458368400155
6223,2351.458368400155
6224,2351.458368400155
6225,2351.458368400155
6226,2351.458368400155
6227,2351.458368400155
6228,2351.458368400155
6229,2351.458368400155
6230,2351.458368400155
6231,2351.458368400155
6232,2351.458368400155
6233,2351.458368400155
6234,2351.458368400155
6235,2351.458368400155
6236,2351.458368400155
6237,2351.458368400155
6238,2351.458368400155
6239,2351.458368400155
6240,2351.458368400155
6241,2351.458368400155
6242,2351.458368400155
6243,2351.458368400155
6244,2351.458368400155
6245,2351.458368400155
6246,2351.458368400155
6247,2351.458368400155
6248,2351.458368400155
6249,2351.458368400155
6250,2351.458368400155
6251,2351.458368400155
6252,2351.458368400155
6253,2351.458368400155
6254,2351.458368400155
6255,2351.458368400155
6256,2351.458368400155
6257,2351.458368400155
6258,2351.458368400155
6259,2351.458368400155
6260,2351.458368400155
6261,2351.458368400155
6262,2351.458368400155
6263,2351.458368400155
6264,2351.458368400155
6265,2351.458368400155
6266,2351.458368400155
6267,2351.458368400155
6268,2351.458368400155
6269,2351.458368400155
6270,2351.458368400155
6271,2351.458368400155
6272,2351.458368400155
6273,2351.458368400155
6274,2351.458368400155
6275,2351.458368400155
6276,2351.458368400155
6277,2351.458368400155
6278,2351.458368400155
6279,2351.458368400155
6280,2351.458368400155
6281,2351.458368400155
6282,2351.458368400155
6283,2351.458368400155
6284,2351.458368400155
6285,2351.458368400155
6286,2351.458368400155
6287,2351.458368400155
6288,2351.458368400155
6289,2351.458368400155
6290,2351.458368400155
6291,2351.458368400155
6292,2351.458368400155
6293,2351.458368400155
6294,2351.458368400155
6295,2351.458368400155
6296,2351.458368400155
6297,2351.458368400155
6298,2351.458368400155
6299,2351.458368400155
6300,2351.458368400155
6301,2351.458368400155
6302,2351.458368400155
6303,2351.458368400155
6304,2351.458368400155
6305,2351.458368400155
6306,2351.458368400155
6307,2351.458368400155
6308,2351.458368400155
6309,2351.458368400155
6310,2351.458368400155
6311,2351.458368400155
6312,2351.458368400155
6313,2351.458368400155
6314,2351.458368400155
6315,2351.458368400155
6316,2351.458368400155
6317,2351.458368400155
6318,2351.458368400155
6319,2351.458368400155
6320,2351.458368400155
6321,2351.458368400155
6322,2351.458368400155
6323,2351.458368400155
6324,2351.458368400155
6325,2351.458368400155
6326,2351.458368400155
6327,2351.458368400155
6328,2351.458368400155
6329,2351.458368400155
6330,2351.458368400155
6331,2351.458368400155
6332,2351.458368400155
6333,2351.458368400155
6334,2351.458368400155
6335,2351.458368400155
6336,2351.458368400155
6337,2351.458368400155
6338,2351.458368400155
6339,2351.458368400155
6340,2351.458368400155
6341,2351.458368400155
6342,2351.458368400155
6343,2351.458368400155
6344,2351.458368400155
6345,2351.458368400155
6346,2351.458368400155
6347,2351.458368400155
6348,2351.458368400155
6349,2351.458368400155
6350,2351.458368400155
6351,2351.458368400155
6352,2351.458368400155
6353,2351.458368400155
6354,2351.458368400155
6355,2351.458368400155
6356,2351.458368400155
6357,2351.458368400155
6358,2351.458368400155
6359,2351.458368400155
6360,2351.458368400155
6361,2351.458368400155
6362,2351.458368400155
6363,2351.458368400155
6364,2351.458368400155
6365,2351.458368400155
6366,2351.458368400155
6367,2351.458368400155
6368,2351.458368400155
6369,2351.458368400155
6370,2351.458368400155
6371,2351.458368400155
6372,2351.458368400155
6373,2351.458368400155
6374,2351.458368400155
6375,2351.458368400155
6376,2351.458368400155
6377,2351.458368400155
6378,2351.458368400155
6379,2351.458368400155
6380,2351.458368400155
6381,2351.458368400155
6382,2351.458368400155
6383,2351.458368400155
6384,2351.458368400155
6385,2351.458368400155
6386,2351.458368400155
6387,2351.458368400155
6388,2351.458368400155
6389,2351.458368400155
6390,2351.458368400155
6391,2351.458368400155
6392,2351.458368400155
6393,2351.458368400155
6394,2351.458368400155
6395,2351.458368400155
6396,2351.458368400155
6397,2351.458368400155
6398,2351.458368400155
6399,2351.458368400155
6400,2351.458368400155
6401,2351.458368400155
6402,2351.458368400155
6403,2351.458368400155
6404,2351.458368400155
6405,2351.458368400155
6406,2351.458368400155
6407,2351.458368400155
6408,2351.458368400155
6409,2351.458368400155
6410,2351.458368400155
6411,2351.458368400155
6412,2351.458368400155
6413,2351.458368400155
6414,2351.458368400155
6415,2351.458368400155
6416,2351.458368400155
6417,2351.458368400155
6418,2351.458368400155
6419,2351.458368400155
6420,2351.458368400155
6421,2351.458368400155
6422,2351.458368400155
6423,2351.458368400155
6424,2351.458368400155
6425,2351.458368400155
6426,2351.458368400155
6427,2351.458368400155
6428,2351.458368400155
6429,2351.458368400155
6430,2351.458368400155
6431,2351.458368400155
6432,2351.458368400155
6433,2351.458368400155
6434,2351.458368400155
6435,2351.458368400155
6436,2351.458368400155
6437,2351.458368400155
6438,2351.458368400155
6439,2351.458368400155
6440,2351.458368400155
6441,2351.458368400155
6442,2351.458368400155
6443,2351.458368400155
6444,2351.458368400155
6445,2351.458368400155
6446,2351.458368400155
6447,2351.458368400155
6448,2351.458368400155
6449,2351.458368400155
6450,2351.458368400155
6451,2351.458368400155
6452,2351.458368400155
6453,2351.458368400155
6454,2351.458368400155
6455,2351.458368400155
6456,2351.458368400155
6457,2351.458368400155
6458,2351.458368400155
6459,2351.458368400155
6460,2351.458368400155
6461,2351.458368400155
6462,2351.458368400155
6463,2351.458368400155
6464,2351.458368400155
6465,2351.458368400155
6466,2351.458368400155
6467,2351.458368400155
6468,2351.458368400155
6469,2351.458368400155
6470,2351.458368400155
6471,2351.458368400155
6472,2351.458368400155
6473,2351.458368400155
6474,2351.458368400155
6475,2351.458368400155
6476,2351.458368400155
6477,2351.458368400155
6478,2351.458368400155
6479,2351.458368400155
6480,2351.458368400155
6481,2351.458368400155
6482,2351.458368400155
6483,2351.458368400155
6484,2351.458368400155
6485,2351.458368400155
6486,2351.458368400155
6487,2351.458368400155
6488,2351.458368400155
6489,2351.458368400155
6490,2351.458368400155
6491,2351.458368400155
6492,2351.458368400155
6493,2351.458368400155
6494,2351.458368400155
6495,2351.458368400155
6496,2351.458368400155
6497,2351.458368400155
6498,2351.458368400155
6499,2351.458368400155
6500,2351.458368400155
6501,2351.458368400155
6502,2351.458368400155
6503,2351.458368400155
6504,2351.458368400155
6505,2351.458368400155
6506,2351.458368400155
6507,2351.458368400155
6508,2351.458368400155
6509,2351.458368400155
6510,2351.458368400155
6511,2351.458368400155
6512,2351.458368400155
6513,2351.458368400155
6514,2351.458368400155
6515,2351.458368400155
6516,2351.458368400155
6517,2351.458368400155
6518,2351.458368400155
6519,2351.458368400155
6520,2351.458368400155
6521,2351.458368400155
6522,2351.458368400155
6523,2351.458368400155
6524,2351.458368400155
6525,2351.458368400155
6526,2351.458368400155
6527,2351.458368400155
6528,2351.458368400155
6529,2351.458368400155
6530,2351.458368400155
6531,2351.458368400155
6532,2351.458368400155
6533,2351.458368400155
6534,2351.458368400155
6535,2351.458368400155
6536,2351.458368400155
6537,2351.458368400155
6538,2351.458368400155
6539,2351.458368400155
6540,2351.458368400155
6541,2351.458368400155
6542,2351.458368400155
6543,2351.458368400155
6544,2351.458368400155
6545,2351.458368400155
6546,2351.458368400155
6547,2351.458368400155
6548,2351.458368400155
6549,2351.458368400155
6550,2351.458368400155
6551,2351.458368400155
6552,2351.458368400155
6553,2351.458368400155
6554,2351.458368400155
6555,2351.458368400155
6556,2351.458368400155
6557,2351.458368400155
6558,2351.458368400155
6559,2351.458368400155
6560,2351.458368400155
6561,2351.458368400155
6562,2351.458368400155
6563,2351.458368400155
6564,2351.458368400155
6565,2351.458368400155
6566,2351.458368400155
6567,2351.458368400155
6568,2351.458368400155
6569,2351.458368400155
6570,2351.458368400155
6571,2351.458368400155
6572,2351.458368400155
6573,2351.458368400155
6574,2351.458368400155
6575,2351.458368400155
6576,2351.458368400155
6577,2351.458368400155
6578,2351.458368400155
6579,2351.458368400155
6580,2351.458368400155
6581,2351.458368400155
6582,2351.458368400155
6583,2351.458368400155
6584,2351.458368400155
6585,2351.458368400155
6586,2351.458368400155
6587,2351.458368400155
6588,2351.458368400155
6589,2351.458368400155
6590,2351.458368400155
6591,2351.458368400155
6592,2351.458368400155
6593,2351.458368400155
6594,2351.458368400155
6595,2351.458368400155
6596,2351.458368400155
6597,2351.458368400155
6598,2351.458368400155
6599,2351.458368400155
6600,2351.458368400155
6601,2351.458368400155
6602,2351.458368400155
6603,2351.458368400155
6604,2351.458368400155
6605,2351.458368400155
6606,2351.458368400155
6607,2351.458368400155
6608,2351.458368400155
6609,2351.458368400155
6610,2351.458368400155
6611,2351.458368400155
6612,2351.458368400155
6613,2351.458368400155
6614,2351.458368400155
6615,2351.458368400155
6616,2351.458368400155
6617,2351.458368400155
6618,2351.458368400155
6619,2351.458368400155
6620,2351.458368400155
6621,2351.458368400155
6622,2351.458368400155
6623,2351.458368400155
6624,2351.458368400155
6625,2351.458368400155
6626,2351.458368400155
6627,2351.458368400155
6628,2351.458368400155
6629,2351.458368400155
6630,2351.458368400155
6631,2351.458368400155
6632,2351.458368400155
6633,2351.458368400155
6634,2351.458368400155
6635,2351.458368400155
6636,2351.458368400155
6637,2351.458368400155
6638,2351.458368400155
6639,2351.458368400155
6640,2351.458368400155
6641,2351.458368400155
6642,2351.458368400155
6643,2351.458368400155
6644,2351.458368400155
6645,2351.458368400155
6646,2351.458368400155
6647,2351.458368400155
6648,2351.458368400155
6649,2351.458368400155
6650,2351.458368400155
6651,2351.458368400155
6652,2351.458368400155
6653,2351.458368400155
6654,2351.458368400155
6655,2351.458368400155
6656,2351.458368400155
6657,2351.458368400155
6658,2351.458368400155
6659,2351.458368400155
6660,2351.458368400155
6661,2351.458368400155
6662,2351.458368400155
6663,2351.458368400155
6664,2351.458368400155
6665,2351.458368400155
6666,2351.458368400155
6667,2351.458368400155
6668,2351.458368400155
6669,2351.458368400155
6670,2351.458368400155
6671,2351.458368400155
6672,2351.458368400155
6673,2351.458368400155
6674,2351.458368400155
6675,2351.458368400155
6676,2351.458368400155
6677,2351.458368400155
6678,2351.458368400155
6679,2351.458368400155
6680,2351.458368400155
6681,2351.458368400155
6682,2351.458368400155
6683,2351.458368400155
6684,2351.458368400155
6685,2351.458368400155
6686,2351.458368400155
6687,2351.458368400155
6688,2351.458368400155
6689,2351.458368400155
6690,2351.458368400155
6691,2351.458368400155
6692,2351.458368400155
6693,2351.458368400155
6694,2351.458368400155
6695,2351.458368400155
6696,2351.458368400155
6697,2351.458368400155
6698,2351.458368400155
6699,2351.458368400155
6700,2351.458368400155
6701,2351.458368400155
6702,2351.458368400155
6703,2351.458368400155
6704,2351.458368400155
6705,2351.458368400155
6706,2351.458368400155
6707,2351.458368400155
6708,2351.458368400155
6709,2351.458368400155
6710,2351.458368400155
6711,2351.458368400155
6712,2351.458368400155
6713,2351.458368400155
6714,2351.458368400155
6715,2351.458368400155
6716,2351.458368400155
6717,2351.458368400155
6718,2351.458368400155
6719,2351.458368400155
6720,2351.458368400155
6721,2351.458368400155
6722,2351.458368400155
6723,2351.458368400155
6724,2351.458368400155
6725,2351.458368400155
6726,2351.458368400155
6727,2351.458368400155
6728,2351.458368400155
6729,2351.458368400155
6730,2351.458368400155
6731,2351.458368400155
6732,2351.458368400155
6733,2351.458368400155
6734,2351.458368400155
6735,2351.458368400155
6736,2351.458368400155
6737,2351.458368400155
6738,2351.458368400155
6739,2351.458368400155
6740,2351.458368400155
6741,2351.458368400155
6742,2351.458368400155
6743,2351.458368400155
6744,2351.458368400155
6745,2351.458368400155
6746,2351.458368400155
6747,2351.458368400155
6748,2351.458368400155
6749,2351.458368400155
6750,2351.458368400155
6751,2351.458368400155
6752,2351.458368400155
6753,2351.458368400155
6754,2351.458368400155
6755,2351.458368400155
6756,2351.458368400155
6757,2351.458368400155
6758,2351.458368400155
6759,2351.458368400155
6760,2351.458368400155
6761,2351.458368400155
6762,2351.458368400155
6763,2351.458368400155
6764,2351.458368400155
6765,2351.458368400155
6766,2351.458368400155
6767,2351.458368400155
6768,2351.458368400155
6769,2351.458368400155
6770,2351.458368400155
6771,2351.458368400155
6772,2351.458368400155
6773,2351.458368400155
6774,2351.458368400155
6775,2351.458368400155
6776,2351.458368400155
6777,2351.458368400155
6778,2351.458368400155
6779,2351.458368400155
6780,2351.458368400155
6781,2351.458368400155
6782,2351.458368400155
6783,2351.458368400155
6784,2351.458368400155
6785,2351.458368400155
6786,2351.458368400155
6787,2351.458368400155
6788,2351.458368400155
6789,2351.458368400155
6790,2351.458368400155
6791,2351.458368400155
6792,2351.458368400155
6793,2351.458368400155
6794,2351.458368400155
6795,2351.458368400155
6796,2351.458368400155
6797,2351.458368400155
6798,2351.458368400155
6799,2351.458368400155
6800,2351.458368400155
6801,2351.458368400155
6802,2351.458368400155
6803,2351.458368400155
6804,2351.458368400155
6805,2351.458368400155
6806,2351.458368400155
6807,2351.458368400155
6808,2351.458368400155
6809,2351.458368400155
6810,2351.458368400155
6811,2351.458368400155
6812,2351.458368400155
6813,2351.458368400155
6814,2351.458368400155
6815,2351.458368400155
6816,2351.458368400155
6817,2351.458368400155
6818,2351.458368400155
6819,2351.458368400155
6820,2351.458368400155
6821,2351.458368400155
6822,2351.458368400155
6823,2351.458368400155
6824,2351.458368400155
6825,2351.458368400155
6826,2351.458368400155
6827,2351.458368400155
6828,2351.458368400155
6829,2351.458368400155
6830,2351.458368400155
6831,2351.458368400155
6832,2351.458368400155
6833,2351.458368400155
6834,2351.458368400155
6835,2351.458368400155
6836,2351.458368400155
6837,2351.458368400155
6838,2351.458368400155
6839,2351.458368400155
6840,2351.458368400155
6841,2351.458368400155
6842,2351.458368400155
6843,2351.458368400155
6844,2351.458368400155
6845,2351.458368400155
6846,2351.458368400155
6847,2351.458368400155
6848,2351.458368400155
6849,2351.458368400155
6850,2351.458368400155
6851,2351.458368400155
6852,2351.458368400155
6853,2351.458368400155
6854,2351.458368400155
6855,2351.458368400155
6856,2351.458368400155
6857,2351.458368400155
6858,2351.458368400155
6859,2351.458368400155
6860,2351.458368400155
6861,2351.458368400155
6862,2351.458368400155
6863,2351.458368400155
6864,2351.458368400155
6865,2351.458368400155
6866,2351.458368400155
6867,2351.458368400155
6868,2351.458368400155
6869,2351.458368400155
6870,2351.458368400155
6871,2351.458368400155
6872,2351.458368400155
6873,2351.458368400155
6874,2351.458368400155
6875,2351.458368400155
6876,2351.458368400155
6877,2351.458368400155
6878,2351.458368400155
6879,2351.458368400155
6880,2351.458368400155
6881,2351.458368400155
6882,2351.458368400155
6883,2351.458368400155
6884,2351.458368400155
6885,2351.458368400155
6886,2351.458368400155
6887,2351.458368400155
6888,2351.458368400155
6889,2351.458368400155
6890,2351.458368400155
6891,2351.458368400155
6892,2351.458368400155
6893,2351.458368400155
6894,2351.458368400155
6895,2351.458368400155
6896,2351.458368400155
6897,2351.458368400155
6898,2351.458368400155
6899,2351.458368400155
6900,2351.458368400155
6901,2351.458368400155
6902,2351.458368400155
6903,2351.458368400155
6904,2351.458368400155
6905,2351.458368400155
6906,2351.458368400155
6907,2351.458368400155
6908,2351.458368400155
6909,2351.458368400155
6910,2351.458368400155
6911,2351.458368400155
6912,2351.458368400155
6913,2351.458368400155
6914,2351.458368400155
6915,2351.458368400155
6916,2351.458368400155
6917,2351.458368400155
6918,2351.458368400155
6919,2351.458368400155
6920,2351.458368400155
6921,2351.458368400155
6922,2351.458368400155
6923,2351.458368400155
6924,2351.458368400155
6925,2351.458368400155
6926,2351.458368400155
6927,2351.458368400155
6928,2351.458368400155
6929,2351.458368400155
6930,2351.458368400155
6931,2351.458368400155
6932,2351.458368400155
6933,2351.458368400155
6934,2351.458368400155
6935,2351.458368400155
6936,2351.458368400155
6937,2351.458368400155
6938,2351.458368400155
6939,2351.458368400155
6940,2351.458368400155
6941,2351.458368400155
6942,2351.458368400155
6943,2351.458368400155
6944,2351.458368400155
6945,2351.458368400155
6946,2351.458368400155
6947,2351.458368400155
6948,2351.458368400155
6949,2351.458368400155
6950,2351.458368400155
6951,2351.458368400155
6952,2351.458368400155
6953,2351.458368400155
6954,2351.458368400155
6955,2351.458368400155
6956,2351.458368400155
6957,2351.458368400155
6958,2351.458368400155
6959,2351.458368400155
6960,2351.458368400155
6961,2351.458368400155
6962,2351.458368400155
6963,2351.458368400155
6964,2351.458368400155
6965,2351.458368400155
6966,2351.458368400155
6967,2351.458368400155
6968,2351.458368400155
6969,2351.458368400155
6970,2351.458368400155
6971,2351.458368400155
6972,2351.458368400155
6973,2351.458368400155
6974,2351.458368400155
6975,2351.458368400155
6976,2351.458368400155
6977,2351.458368400155
6978,2351.458368400155
6979,2351.458368400155
6980,2351.458368400155
6981,2351.458368400155
6982,2351.458368400155
6983,2351.458368400155
6984,2351.458368400155
6985,2351.458368400155
6986,2351.458368400155
6987,2351.458368400155
6988,2351.458368400155
6989,2351.458368400155
6990,2351.458368400155
6991,2351.458368400155
6992,2351.458368400155
6993,2351.458368400155
6994,2351.458368400155
6995,2351.458368400155
6996,2351.458368400155
6997,2351.458368400155
6998,2351.458368400155
6999,2351.458368400155
7000,2351.458368400155
7001,2351.458368400155
7002,2351.458368400155
7003,2351.458368400155
7004,2351.458368400155
7005,2351.458368400155
7006,2351.458368400155
7007,2351.458368400155
7008,2351.458368400155
7009,2351.458368400155
7010,2351.458368400155
7011,2351.458368400155
7012,2351.458368400155
7013,2351.458368400155
7014,2351.458368400155
7015,2351.458368400155
7016,2351.458368400155
7017,2351.458368400155
7018,2351.458368400155
7019,2351.458368400155
7020,2351.458368400155
7021,2351.458368400155
7022,2351.458368400155
7023,2351.458368400155
7024,2351.458368400155
7025,2351.458368400155
7026,2351.458368400155
7027,2351.458368400155
7028,2351.458368400155
7029,2351.458368400155
7030,2351.458368400155
7031,2351.458368400155
7032,2351.458368400155
7033,2351.458368400155
7034,2351.458368400155
7035,2351.458368400155
7036,2351.458368400155
7037,2351.458368400155
7038,2351.458368400155
7039,2351.458368400155
7040,2351.458368400155
7041,2351.458368400155
7042,2351.458368400155
7043,2351.458368400155
7044,2351.458368400155
7045,2351.458368400155
7046,2351.458368400155
7047,2351.458368400155
7048,2351.458368400155
7049,2351.458368400155
7050,2351.458368400155
7051,2351.458368400155
7052,2351.458368400155
7053,2351.458368400155
7054,2351.458368400155
7055,2351.458368400155
7056,2351.458368400155
7057,2351.458368400155
7058,2351.458368400155
7059,2351.458368400155
7060,2351.458368400155
7061,2351.458368400155
7062,2351.458368400155
7063,2351.458368400155
7064,2351.458368400155
7065,2351.458368400155
7066,2351.458368400155
7067,2351.458368400155
7068,2351.458368400155
7069,2351.458368400155
7070,2351.458368400155
7071,2351.458368400155
7072,2351.458368400155
7073,2351.458368400155
7074,2351.458368400155
7075,2351.458368400155
7076,2351.458368400155
7077,2351.458368400155
7078,2351.458368400155
7079,2351.458368400155
7080,2351.458368400155
7081,2351.458368400155
7082,2351.458368400155
7083,2351.458368400155
7084,2351.458368400155
7085,2351.458368400155
7086,2351.458368400155
7087,2351.458368400155
7088,2351.458368400155
7089,2351.458368400155
7090,2351.458368400155
7091,2351.458368400155
7092,2351.458368400155
7093,2351.458368400155
7094,2351.458368400155
7095,2351.458368400155
7096,2351.458368400155
7097,2351.458368400155
7098,2351.458368400155
7099,2351.458368400155
7100,2351.458368400155
7101,2351.458368400155
7102,2351.458368400155
7103,2351.458368400155
7104,2351.458368400155
7105,2351.458368400155
7106,2351.458368400155
7107,2351.458368400155
7108,2351.458368400155
7109,2351.458368400155
7110,2351.458368400155
7111,2351.458368400155
7112,2351.458368400155
7113,2351.458368400155
7114,2351.458368400155
7115,2351.458368400155
7116,2351.458368400155
7117,2351.458368400155
7118,2351.458368400155
7119,2351.458368400155
7120,2351.458368400155
7121,2351.458368400155
7122,2351.458368400155
7123,2351.458368400155
7124,2351.458368400155
7125,2351.458368400155
7126,2351.458368400155
7127,2351.458368400155
7128,2351.458368400155
7129,2351.458368400155
7130,2351.458368400155
7131,2351.458368400155
7132,2351.458368400155
7133,2351.458368400155
7134,2351.458368400155
7135,2351.458368400155
7136,2351.458368400155
7137,2351.458368400155
7138,2351.458368400155
7139,2351.458368400155
7140,2351.458368400155
7141,2351.458368400155
7142,2351.458368400155
7143,2351.458368400155
7144,2351.458368400155
7145,2351.458368400155
7146,2351.458368400155
7147,2351.458368400155
7148,2351.458368400155
7149,2351.458368400155
7150,2351.458368400155
7151,2351.458368400155
7152,2351.458368400155
7153,2351.458368400155
7154,2351.458368400155
7155,2351.458368400155
7156,2351.458368400155
7157,2351.458368400155
7158,2351.458368400155
7159,2351.458368400155
7160,2351.458368400155
7161,2351.458368400155
7162,2351.458368400155
7163,2351.458368400155
7164,2351.458368400155
7165,2351.458368400155
7166,2351.458368400155
7167,2351.458368400155
7168,2351.458368400155
7169,2351.458368400155
7170,2351.458368400155
7171,2351.458368400155
7172,2351.458368400155
7173,2351.458368400155
7174,2351.458368400155
7175,2351.458368400155
7176,2351.458368400155
7177,2351.458368400155
7178,2351.458368400155
7179,2351.458368400155
7180,2351.458368400155
7181,2351.458368400155
7182,2351.458368400155
7183,2351.458368400155
7184,2351.458368400155
7185,2351.458368400155
7186,2351.458368400155
7187,2351.458368400155
7188,2351.458368400155
7189,2351.458368400155
7190,2351.458368400155
7191,2351.458368400155
7192,2351.458368400155
7193,2351.458368400155
7194,2351.458368400155
7195,2351.458368400155
7196,2351.458368400155
7197,2351.458368400155
7198,2351.458368400155
7199,2351.458368400155
7200,2351.458368400155
7201,2351.458368400155
7202,2351.458368400155
7203,2351.458368400155
7204,2351.458368400155
7205,2351.458368400155
7206,2351.458368400155
7207,2351.458368400155
7208,2351.458368400155
7209,2351.458368400155
7210,2351.458368400155
7211,2351.458368400155
7212,2351.458368400155
7213,2351.458368400155
7214,2351.458368400155
7215,2351.458368400155
7216,2351.458368400155
7217,2351.458368400155
7218,2351.458368400155
7219,2351.458368400155
7220,2351.458368400155
7221,2351.458368400155
7222,2351.458368400155
7223,2351.458368400155
7224,2351.458368400155
7225,2351.458368400155
7226,2351.458368400155
7227,2351.458368400155
7228,2351.458368400155
7229,2351.458368400155
7230,2351.458368400155
7231,2351.458368400155
7232,2351.458368400155
7233,2351.458368400155
7234,2351.458368400155
7235,2351.458368400155
7236,2351.458368400155
7237,2351.458368400155
7238,2351.458368400155
7239,2351.458368400155
7240,2351.458368400155
7241,2351.458368400155
7242,2351.458368400155
7243,2351.458368400155
7244,2351.458368400155
7245,2351.458368400155
7246,2351.458368400155
7247,2351.458368400155
7248,2351.458368400155
7249,2351.458368400155
7250,2351.458368400155
7251,2351.458368400155
7252,2351.458368400155
7253,2351.458368400155
7254,2351.458368400155
7255,2351.458368400155
7256,2351.458368400155
7257,2351.458368400155
7258,2351.458368400155
7259,2351.458368400155
7260,2351.458368400155
7261,2351.458368400155
7262,2351.458368400155
7263,2351.458368400155
7264,2351.458368400155
7265,2351.458368400155
7266,2351.458368400155
7267,2351.458368400155
7268,2351.458368400155
7269,2351.458368400155
7270,2351.458368400155
7271,2351.458368400155
7272,2351.458368400155
7273,2351.458368400155
7274,2351.458368400155
7275,2351.458368400155
7276,2351.458368400155
7277,2351.458368400155
7278,2351.458368400155
7279,2351.458368400155
7280,2351.458368400155
7281,2351.458368400155
7282,2351.458368400155
7283,2351.458368400155
7284,2351.458368400155
7285,2351.458368400155
7286,2351.458368400155
7287,2351.458368400155
7288,2351.458368400155
7289,2351.458368400155
7290,2351.458368400155
7291,2351.458368400155
7292,2351.458368400155
7293,2351.458368400155
7294,2351.458368400155
7295,2351.458368400155
7296,2351.458368400155
7297,2351.458368400155
7298,2351.458368400155
7299,2351.458368400155
7300,2351.458368400155
7301,2351.458368400155
7302,2351.458368400155
7303,2351.458368400155
7304,2351.458368400155
7305,2351.458368400155
7306,2351.458368400155
7307,2351.458368400155
7308,2351.458368400155
7309,2351.458368400155
7310,2351.458368400155
7311,2351.458368400155
7312,2351.458368400155
7313,2351.458368400155
7314,2351.458368400155
7315,2351.458368400155
7316,2351.458368400155
7317,2351.458368400155
7318,2351.458368400155
7319,2351.458368400155
7320,2351.458368400155
7321,2351.458368400155
7322,2351.458368400155
7323,2351.458368400155
7324,2351.458368400155
7325,2351.458368400155
7326,2351.458368400155
7327,2351.458368400155
7328,2351.458368400155
7329,2351.458368400155
7330,2351.458368400155
7331,2351.458368400155
7332,2351.458368400155
7333,2351.458368400155
7334,2351.458368400155
7335,2351.458368400155
7336,2351.458368400155
7337,2351.458368400155
7338,2351.458368400155
7339,2351.458368400155
7340,2351.458368400155
7341,2351.458368400155
7342,2351.458368400155
7343,2351.458368400155
7344,2351.458368400155
7345,2351.458368400155
7346,2351.458368400155
7347,2351.458368400155
7348,2351.458368400155
7349,2351.458368400155
7350,2351.458368400155
7351,2351.458368400155
7352,2351.458368400155
7353,2351.458368400155
7354,2351.458368400155
7355,2351.458368400155
7356,2351.458368400155
7357,2351.458368400155
7358,2351.458368400155
7359,2351.458368400155
7360,2351.458368400155
7361,2351.458368400155
7362,2351.458368400155
7363,2351.458368400155
7364,2351.458368400155
7365,2351.458368400155
7366,2351.458368400155
7367,2351.458368400155
7368,2351.458368400155
7369,2351.458368400155
7370,2351.458368400155
7371,2351.458368400155
7372,2351.458368400155
7373,2351.458368400155
7374,2351.458368400155
7375,2351.458368400155
7376,2351.458368400155
7377,2351.458368400155
7378,2351.458368400155
7379,2351.458368400155
7380,2351.458368400155
7381,2351.458368400155
7382,2351.458368400155
7383,2351.458368400155
7384,2351.458368400155
7385,2351.458368400155
7386,2351.458368400155
7387,2351.458368400155
7388,2351.458368400155
7389,2351.458368400155
7390,2351.458368400155
7391,2351.458368400155
7392,2351.458368400155
7393,2351.458368400155
7394,2351.458368400155
7395,2351.458368400155
7396,2351.458368400155
7397,2351.458368400155
7398,2351.458368400155
7399,2351.458368400155
7400,2351.458368400155
7401,2351.458368400155
7402,2351.458368400155
7403,2351.458368400155
7404,2351.458368400155
7405,2351.458368400155
7406,2351.458368400155
7407,2351.458368400155
7408,2351.458368400155
7409,2351.458368400155
7410,2351.458368400155
7411,2351.458368400155
7412,2351.458368400155
7413,2351.458368400155
7414,2351.458368400155
7415,2351.458368400155
7416,2351.458368400155
7417,2351.458368400155
7418,2351.458368400155
7419,2351.458368400155
7420,2351.458368400155
7421,2351.458368400155
7422,2351.458368400155
7423,2351.458368400155
7424,2351.458368400155
7425,2351.458368400155
7426,2351.458368400155
7427,2351.458368400155
7428,2351.458368400155
7429,2351.458368400155
7430,2351.458368400155
7431,2351.458368400155
7432,2351.458368400155
7433,2351.458368400155
7434,2351.458368400155
7435,2351.458368400155
7436,2351.458368400155
7437,2351.458368400155
7438,2351.458368400155
7439,2351.458368400155
7440,2351.458368400155
7441,2351.458368400155
7442,2351.458368400155
7443,2351.458368400155
7444,2351.458368400155
7445,2351.458368400155
7446,2351.458368400155
7447,2351.458368400155
7448,2351.458368400155
7449,2351.458368400155
7450,2351.458368400155
7451,2351.458368400155
7452,2351.458368400155
7453,2351.458368400155
7454,2351.458368400155
7455,2351.458368400155
7456,2351.458368400155
7457,2351.458368400155
7458,2351.458368400155
7459,2351.458368400155
7460,2351.458368400155
7461,2351.458368400155
7462,2351.458368400155
7463,2351.458368400155
7464,2351.458368400155
7465,2351.458368400155
7466,2351.458368400155
7467,2351.458368400155
7468,2351.458368400155
7469,2351.458368400155
7470,2351.458368400155
7471,2351.458368400155
7472,2351.458368400155
7473,2351.458368400155
7474,2351.458368400155
7475,2351.458368400155
7476,2351.458368400155
7477,2351.458368400155
7478,2351.458368400155
7479,2351.458368400155
7480,2351.458368400155
7481,2351.458368400155
7482,2351.458368400155
7483,2351.458368400155
7484,2351.458368400155
7485,2351.458368400155
7486,2351.458368400155
7487,2351.458368400155
7488,2351.458368400155
7489,2351.458368400155
7490,2351.458368400155
7491,2351.458368400155
7492,2351.458368400155
7493,2351.458368400155
7494,2351.458368400155
7495,2351.458368400155
7496,2351.458368400155
7497,2351.458368400155
7498,2351.458368400155
7499,2351.458368400155
7500,2351.458368400155
7501,2351.458368400155
7502,2351.458368400155
7503,2351.458368400155
7504,2351.458368400155
7505,2351.458368400155
7506,2351.458368400155
7507,2351.458368400155
7508,2351.458368400155
7509,2351.458368400155
7510,2351.458368400155
7511,2351.458368400155
7512,2351.458368400155
7513,2351.458368400155
7514,2351.458368400155
7515,2351.458368400155
7516,2351.458368400155
7517,2351.458368400155
7518,2351.458368400155
7519,2351.458368400155
7520,2351.458368400155
7521,2351.458368400155
7522,2351.458368400155
7523,2351.458368400155
7524,2351.458368400155
7525,2351.458368400155
7526,2351.458368400155
7527,2351.458368400155
7528,2351.458368400155
7529,2351.458368400155
7530,2351.458368400155
7531,2351.458368400155
7532,2351.458368400155
7533,2351.458368400155
7534,2351.458368400155
7535,2351.458368400155
7536,2351.458368400155
7537,2351.458368400155
7538,2351.458368400155
7539,2351.458368400155
7540,2351.458368400155
7541,2351.458368400155
7542,2351.458368400155
7543,2351.458368400155
7544,2351.458368400155
7545,2351.458368400155
7546,2351.458368400155
7547,2351.458368400155
7548,2351.458368400155
7549,2351.458368400155
7550,2351.458368400155
7551,2351.458368400155
7552,2351.458368400155
7553,2351.458368400155
7554,2351.458368400155
7555,2351.458368400155
7556,2351.458368400155
7557,2351.458368400155
7558,2351.458368400155
7559,2351.458368400155
7560,2351.458368400155
7561,2351.458368400155
7562,2351.458368400155
7563,2351.458368400155
7564,2351.458368400155
7565,2351.458368400155
7566,2351.458368400155
7567,2351.458368400155
7568,2351.458368400155
7569,2351.458368400155
7570,2351.458368400155
7571,2351.458368400155
7572,2351.458368400155
7573,2351.458368400155
7574,2351.458368400155
7575,2351.458368400155
7576,2351.458368400155
7577,2351.458368400155
7578,2351.458368400155
7579,2351.458368400155
7580,2351.458368400155
7581,2351.458368400155
7582,2351.458368400155
7583,2351.458368400155
7584,2351.458368400155
7585,2351.458368400155
7586,2351.458368400155
7587,2351.458368400155
7588,2351.458368400155
7589,2351.458368400155
7590,2351.458368400155
7591,2351.458368400155
7592,2351.458368400155
7593,2351.458368400155
7594,2351.458368400155
7595,2351.458368400155
7596,2351.458368400155
7597,2351.458368400155
7598,2351.458368400155
7599,2351.458368400155
7600,2351.458368400155
7601,2351.458368400155
7602,2351.458368400155
7603,2351.458368400155
7604,2351.458368400155
7605,2351.458368400155
7606,2351.458368400155
7607,2351.458368400155
7608,2351.458368400155
7609,2351.458368400155
7610,2351.458368400155
7611,2351.458368400155
7612,2351.458368400155
7613,2351.458368400155
7614,2351.458368400155
7615,2351.458368400155
7616,2351.458368400155
7617,2351.458368400155
7618,2351.458368400155
7619,2351.458368400155
7620,2351.458368400155
7621,2351.458368400155
7622,2351.458368400155
7623,2351.458368400155
7624,2351.458368400155
7625,2351.458368400155
7626,2351.458368400155
7627,2351.458368400155
7628,2351.458368400155
7629,2351.458368400155
7630,2351.458368400155
7631,2351.458368400155
7632,2351.458368400155
7633,2351.458368400155
7634,2351.458368400155
7635,2351.458368400155
7636,2351.458368400155
7637,2351.458368400155
7638,2351.458368400155
7639,2351.458368400155
7640,2351.458368400155
7641,2351.458368400155
7642,2351.458368400155
7643,2351.458368400155
7644,2351.458368400155
7645,2351.458368400155
7646,2351.458368400155
7647,2351.458368400155
7648,2351.458368400155
7649,2351.458368400155
7650,2351.458368400155
7651,2351.458368400155
7652,2351.458368400155
7653,2351.458368400155
7654,2351.458368400155
7655,2351.458368400155
7656,2351.458368400155
7657,2351.458368400155
7658,2351.458368400155
7659,2351.458368400155
7660,2351.458368400155
7661,2351.458368400155
7662,2351.458368400155
7663,2351.458368400155
7664,2351.458368400155
7665,2351.458368400155
7666,2351.458368400155
7667,2351.458368400155
7668,2351.458368400155
7669,2351.458368400155
7670,2351.458368400155
7671,2351.458368400155
7672,2351.458368400155
7673,2351.458368400155
7674,2351.458368400155
7675,2351.458368400155
7676,2351.458368400155
7677,2351.458368400155
7678,2351.458368400155
7679,2351.458368400155
7680,2351.458368400155
7681,2351.458368400155
7682,2351.458368400155
7683,2351.458368400155
7684,2351.458368400155
7685,2351.458368400155
7686,2351.458368400155
7687,2351.458368400155
7688,2351.458368400155
7689,2351.458368400155
7690,2351.458368400155
7691,2351.458368400155
7692,2351.458368400155
7693,2351.458368400155
7694,2351.458368400155
7695,2351.458368400155
7696,2351.458368400155
7697,2351.458368400155
7698,2351.458368400155
7699,2351.458368400155
7700,2351.458368400155
7701,2351.458368400155
7702,2351.458368400155
7703,2351.458368400155
7704,2351.458368400155
7705,2351.458368400155
7706,2351.458368400155
7707,2351.458368400155
7708,2351.458368400155
7709,2351.458368400155
7710,2351.458368400155
7711,2351.458368400155
7712,2351.458368400155
7713,2351.458368400155
7714,2351.458368400155
7715,2351.458368400155
7716,2351.458368400155
7717,2351.458368400155
7718,2351.458368400155
7719,2351.458368400155
7720,2351.458368400155
7721,2351.458368400155
7722,2351.458368400155
7723,2351.458368400155
7724,2351.458368400155
7725,2351.458368400155
7726,2351.458368400155
7727,2351.458368400155
7728,2351.458368400155
7729,2351.458368400155
7730,2351.458368400155
7731,2351.458368400155
7732,2351.458368400155
7733,2351.458368400155
7734,2351.458368400155
7735,2351.458368400155
7736,2351.458368400155
7737,2351.458368400155
7738,2351.458368400155
7739,2351.458368400155
7740,2351.458368400155
7741,2351.458368400155
7742,2351.458368400155
7743,2351.458368400155
7744,2351.458368400155
7745,2351.458368400155
7746,2351.458368400155
7747,2351.458368400155
7748,2351.458368400155
7749,2351.458368400155
7750,2351.458368400155
7751,2351.458368400155
7752,2351.458368400155
7753,2351.458368400155
7754,2351.458368400155
7755,2351.458368400155
7756,2351.458368400155
7757,2351.458368400155
7758,2351.458368400155
7759,2351.458368400155
7760,2351.458368400155
7761,2351.458368400155
7762,2351.458368400155
7763,2351.458368400155
7764,2351.458368400155
7765,2351.458368400155
7766,2351.458368400155
7767,2351.458368400155
7768,2351.458368400155
7769,2351.458368400155
7770,2351.458368400155
7771,2351.458368400155
7772,2351.458368400155
7773,2351.458368400155
7774,2351.458368400155
7775,2351.458368400155
7776,2351.458368400155
7777,2351.458368400155
7778,2351.458368400155
7779,2351.458368400155
7780,2351.458368400155
7781,2351.458368400155
7782,2351.458368400155
7783,2351.458368400155
7784,2351.458368400155
7785,2351.458368400155
7786,2351.458368400155
7787,2351.458368400155
7788,2351.458368400155
7789,2351.458368400155
7790,2351.458368400155
7791,2351.458368400155
7792,2351.458368400155
7793,2351.458368400155
7794,2351.458368400155
7795,2351.458368400155
7796,2351.458368400155
7797,2351.458368400155
7798,2351.458368400155
7799,2351.458368400155
7800,2351.458368400155
7801,2351.458368400155
7802,2351.458368400155
7803,2351.458368400155
7804,2351.458368400155
7805,2351.458368400155
7806,2351.458368400155
7807,2351.458368400155
7808,2351.458368400155
7809,2351.458368400155
7810,2351.458368400155
7811,2351.458368400155
7812,2351.458368400155
7813,2351.458368400155
7814,2351.458368400155
7815,2351.458368400155
7816,2351.458368400155
7817,2351.458368400155
7818,2351.458368400155
7819,2351.458368400155
7820,2351.458368400155
7821,2351.458368400155
7822,2351.458368400155
7823,2351.458368400155
7824,2351.458368400155
7825,2351.458368400155
7826,2351.458368400155
7827,2351.458368400155
7828,2351.458368400155
7829,2351.458368400155
7830,2351.458368400155
7831,2351.458368400155
7832,2351.458368400155
7833,2351.458368400155
7834,2351.458368400155
7835,2351.458368400155
7836,2351.458368400155
7837,2351.458368400155
7838,2351.458368400155
7839,2351.458368400155
7840,2351.458368400155
7841,2351.458368400155
7842,2351.458368400155
7843,2351.458368400155
7844,2351.458368400155
7845,2351.458368400155
7846,2351.458368400155
7847,2351.458368400155
7848,2351.458368400155
7849,2351.458368400155
7850,2351.458368400155
7851,2351.458368400155
7852,2351.458368400155
7853,2351.458368400155
7854,2351.458368400155
7855,2351.458368400155
7856,2351.458368400155
7857,2351.458368400155
7858,2351.458368400155
7859,2351.458368400155
7860,2351.458368400155
7861,2351.458368400155
7862,2351.458368400155
7863,2351.458368400155
7864,2351.458368400155
7865,2351.458368400155
7866,2351.458368400155
7867,2351.458368400155
7868,2351.458368400155
7869,2351.458368400155
7870,2351.458368400155
7871,2351.458368400155
7872,2351.458368400155
7873,2351.458368400155
7874,2351.458368400155
7875,2351.458368400155
7876,2351.458368400155
7877,2351.458368400155
7878,2351.458368400155
7879,2351.458368400155
7880,2351.458368400155
7881,2351.458368400155
7882,2351.458368400155
7883,2351.458368400155
7884,2351.458368400155
7885,2351.458368400155
7886,2351.458368400155
7887,2351.458368400155
7888,2351.458368400155
7889,2351.458368400155
7890,2351.458368400155
7891,2351.458368400155
7892,2351.458368400155
7893,2351.458368400155
7894,2351.458368400155
7895,2351.458368400155
7896,2351.458368400155
7897,2351.458368400155
7898,2351.458368400155
7899,2351.458368400155
7900,2351.458368400155
7901,2351.458368400155
7902,2351.458368400155
7903,2351.458368400155
7904,2351.458368400155
7905,2351.458368400155
7906,2351.458368400155
7907,2351.458368400155
7908,2351.458368400155
7909,2351.458368400155
7910,2351.458368400155
7911,2351.458368400155
7912,2351.458368400155
7913,2351.458368400155
7914,2351.458368400155
7915,2351.458368400155
7916,2351.458368400155
7917,2351.458368400155
7918,2351.458368400155
7919,2351.458368400155
7920,2351.458368400155
7921,2351.458368400155
7922,2351.458368400155
7923,2351.458368400155
7924,2351.458368400155
7925,2351.458368400155
7926,2351.458368400155
7927,2351.458368400155
7928,2351.458368400155
7929,2351.458368400155
7930,2351.458368400155
7931,2351.458368400155
7932,2351.458368400155
7933,2351.458368400155
7934,2351.458368400155
7935,2351.458368400155
7936,2351.458368400155
7937,2351.458368400155
7938,2351.458368400155
7939,2351.458368400155
7940,2351.458368400155
7941,2351.458368400155
7942,2351.458368400155
7943,2351.458368400155
7944,2351.458368400155
7945,2351.458368400155
7946,2351.458368400155
7947,2351.458368400155
7948,2351.458368400155
7949,2351.458368400155
7950,2351.458368400155
7951,2351.458368400155
7952,2351.458368400155
7953,2351.458368400155
7954,2351.458368400155
7955,2351.458368400155
7956,2351.458368400155
7957,2351.458368400155
7958,2351.458368400155
7959,2351.458368400155
7960,2351.458368400155
7961,2351.458368400155
7962,2351.458368400155
7963,2351.458368400155
7964,2351.458368400155
7965,2351.458368400155
7966,2351.458368400155
7967,2351.458368400155
7968,2351.458368400155
7969,2351.458368400155
7970,2351.458368400155
7971,2351.458368400155
7972,2351.458368400155
7973,2351.458368400155
7974,2351.458368400155
7975,2351.458368400155
7976,2351.458368400155
7977,2351.458368400155
7978,2351.458368400155
7979,2351.458368400155
7980,2351.458368400155
7981,2351.458368400155
7982,2351.458368400155
7983,2351.458368400155
7984,2351.458368400155
7985,2351.458368400155
7986,2351.458368400155
7987,2351.458368400155
7988,2351.458368400155
7989,2351.458368400155
7990,2351.458368400155
7991,2351.458368400155
7992,2351.458368400155
7993,2351.458368400155
7994,2351.458368400155
7995,2351.458368400155
7996,2351.458368400155
7997,2351.458368400155
7998,2351.458368400155
7999,2351.458368400155
8000,2351.458368400155
8001,2351.458368400155
8002,2351.458368400155
8003,2351.458368400155
8004,2351.458368400155
8005,2351.458368400155
8006,2351.458368400155
8007,2351.458368400155
8008,2351.458368400155
8009,2351.458368400155
8010,2351.458368400155
8011,2351.458368400155
8012,2351.458368400155
8013,2351.458368400155
8014,2351.458368400155
8015,2351.458368400155
8016,2351.458368400155
8017,2351.458368400155
8018,2351.458368400155
8019,2351.458368400155
8020,2351.458368400155
8021,2351.458368400155
8022,2351.458368400155
8023,2351.458368400155
8024,2351.458368400155
8025,2351.458368400155
8026,2351.458368400155
8027,2351.458368400155
8028,2351.458368400155
8029,2351.458368400155
8030,2351.458368400155
8031,2351.458368400155
8032,2351.458368400155
8033,2351.458368400155
8034,2351.458368400155
8035,2351.458368400155
8036,2351.458368400155
8037,2351.458368400155
8038,2351.458368400155
8039,2351.458368400155
8040,2351.458368400155
8041,2351.458368400155
8042,2351.458368400155
8043,2351.458368400155
8044,2351.458368400155
8045,2351.458368400155
8046,2351.458368400155
8047,2351.458368400155
8048,2351.458368400155
8049,2351.458368400155
8050,2351.458368400155
8051,2351.458368400155
8052,2351.458368400155
8053,2351.458368400155
8054,2351.458368400155
8055,2351.458368400155
8056,2351.458368400155
8057,2351.458368400155
8058,2351.458368400155
8059,2351.458368400155
8060,2351.458368400155
8061,2351.458368400155
8062,2351.458368400155
8063,2351.458368400155
8064,2351.458368400155
8065,2351.458368400155
8066,2351.458368400155
8067,2351.458368400155
8068,2351.458368400155
8069,2351.458368400155
8070,2351.458368400155
8071,2351.458368400155
8072,2351.458368400155
8073,2351.458368400155
8074,2351.458368400155
8075,2351.458368400155
8076,2351.458368400155
8077,2351.458368400155
8078,2351.458368400155
8079,2351.458368400155
8080,2351.458368400155
8081,2351.458368400155
8082,2351.458368400155
8083,2351.458368400155
8084,2351.458368400155
8085,2351.458368400155
8086,2351.458368400155
8087,2351.458368400155
8088,2351.458368400155
8089,2351.458368400155
8090,2351.458368400155
8091,2351.458368400155
8092,2351.458368400155
8093,2351.458368400155
8094,2351.458368400155
8095,2351.458368400155
8096,2351.458368400155
8097,2351.458368400155
8098,2351.458368400155
8099,2351.458368400155
8100,2351.458368400155
8101,2351.458368400155
8102,2351.458368400155
8103,2351.458368400155
8104,2351.458368400155
8105,2351.458368400155
8106,2351.458368400155
8107,2351.458368400155
8108,2351.458368400155
8109,2351.458368400155
8110,2351.458368400155
8111,2351.458368400155
8112,2351.458368400155
8113,2351.458368400155
8114,2351.458368400155
8115,2351.458368400155
8116,2351.458368400155
8117,2351.458368400155
8118,2351.458368400155
8119,2351.458368400155
8120,2351.458368400155
8121,2351.458368400155
8122,2351.458368400155
8123,2351.458368400155
8124,2351.458368400155
8125,2351.458368400155
8126,2351.458368400155
8127,2351.458368400155
8128,2351.458368400155
8129,2351.458368400155
8130,2351.458368400155
8131,2351.458368400155
8132,2351.458368400155
8133,2351.458368400155
8134,2351.458368400155
8135,2351.458368400155
8136,2351.458368400155
8137,2351.458368400155
8138,2351.458368400155
8139,2351.458368400155
8140,2351.458368400155
8141,2351.458368400155
8142,2351.458368400155
8143,2351.458368400155
8144,2351.458368400155
8145,2351.458368400155
8146,2351.458368400155
8147,2351.458368400155
8148,2351.458368400155
8149,2351.458368400155
8150,2351.458368400155
8151,2351.458368400155
8152,2351.458368400155
8153,2351.458368400155
8154,2351.458368400155
8155,2351.458368400155
8156,2351.458368400155
8157,2351.458368400155
8158,2351.458368400155
8159,2351.458368400155
8160,2351.458368400155
8161,2351.458368400155
8162,2351.458368400155
8163,2351.458368400155
8164,2351.458368400155
8165,2351.458368400155
8166,2351.458368400155
8167,2351.458368400155
8168,2351.458368400155
8169,2351.458368400155
8170,2351.458368400155
8171,2351.458368400155
8172,2351.458368400155
8173,2351.458368400155
8174,2351.458368400155
8175,2351.458368400155
8176,2351.458368400155
8177,2351.458368400155
8178,2351.458368400155
8179,2351.458368400155
8180,2351.458368400155
8181,2351.458368400155
8182,2351.458368400155
8183,2351.458368400155
8184,2351.458368400155
8185,2351.458368400155
8186,2351.458368400155
8187,2351.458368400155
8188,2351.458368400155
8189,2351.458368400155
8190,2351.458368400155
8191,2351.458368400155
8192,2351.458368400155
8193,2351.458368400155
8194,2351.458368400155
8195,2351.458368400155
8196,2351.458368400155
8197,2351.458368400155
8198,2351.458368400155
8199,2351.458368400155
8200,2351.458368400155
8201,2351.458368400155
8202,2351.458368400155
8203,2351.458368400155
8204,2351.458368400155
8205,2351.458368400155
8206,2351.458368400155
8207,2351.458368400155
8208,2351.458368400155
8209,2351.458368400155
8210,2351.458368400155
8211,2351.458368400155
8212,2351.458368400155
8213,2351.458368400155
8214,2351.458368400155
8215,2351.458368400155
8216,2351.458368400155
8217,2351.458368400155
8218,2351.458368400155
8219,2351.458368400155
8220,2351.458368400155
8221,2351.458368400155
8222,2351.458368400155
8223,2351.458368400155
8224,2351.458368400155
8225,2351.458368400155
8226,2351.458368400155
8227,2351.458368400155
8228,2351.458368400155
8229,2351.458368400155
8230,2351.458368400155
8231,2351.458368400155
8232,2351.458368400155
8233,2351.458368400155
8234,2351.458368400155
8235,2351.458368400155
8236,2351.458368400155
8237,2351.458368400155
8238,2351.458368400155
8239,2351.458368400155
8240,2351.458368400155
8241,2351.458368400155
8242,2351.458368400155
8243,2351.458368400155
8244,2351.458368400155
8245,2351.458368400155
8246,2351.458368400155
8247,2351.458368400155
8248,2351.458368400155
8249,2351.458368400155
8250,2351.458368400155
8251,2351.458368400155
8252,2351.458368400155
8253,2351.458368400155
8254,2351.458368400155
8255,2351.458368400155
8256,2351.458368400155
8257,2351.458368400155
8258,2351.458368400155
8259,2351.458368400155
8260,2351.458368400155
8261,2351.458368400155
8262,2351.458368400155
8263,2351.458368400155
8264,2351.458368400155
8265,2351.458368400155
8266,2351.458368400155
8267,2351.458368400155
8268,2351.458368400155
8269,2351.458368400155
8270,2351.458368400155
8271,2351.458368400155
8272,2351.458368400155
8273,2351.458368400155
8274,2351.458368400155
8275,2351.458368400155
8276,2351.458368400155
8277,2351.458368400155
8278,2351.458368400155
8279,2351.458368400155
8280,2351.458368400155
8281,2351.458368400155
8282,2351.458368400155
8283,2351.458368400155
8284,2351.458368400155
8285,2351.458368400155
8286,2351.458368400155
8287,2351.458368400155
8288,2351.458368400155
8289,2351.458368400155
8290,2351.458368400155
8291,2351.458368400155
8292,2351.458368400155
8293,2351.458368400155
8294,2351.458368400155
8295,2351.458368400155
8296,2351.458368400155
8297,2351.458368400155
8298,2351.458368400155
8299,2351.458368400155
8300,2351.458368400155
8301,2351.458368400155
8302,2351.458368400155
8303,2351.458368400155
8304,2351.458368400155
8305,2351.458368400155
8306,2351.458368400155
8307,2351.458368400155
8308,2351.458368400155
8309,2351.458368400155
8310,2351.458368400155
8311,2351.458368400155
8312,2351.458368400155
8313,2351.458368400155
8314,2351.458368400155
8315,2351.458368400155
8316,2351.458368400155
8317,2351.458368400155
8318,2351.458368400155
8319,2351.458368400155
8320,2351.458368400155
8321,2351.458368400155
8322,2351.458368400155
8323,2351.458368400155
8324,2351.458368400155
8325,2351.458368400155
8326,2351.458368400155
8327,2351.458368400155
8328,2351.458368400155
8329,2351.458368400155
8330,2351.458368400155
8331,2351.458368400155
8332,2351.458368400155
8333,2351.458368400155
8334,2351.458368400155
8335,2351.458368400155
8336,2351.458368400155
8337,2351.458368400155
8338,2351.458368400155
8339,2351.458368400155
8340,2351.458368400155
8341,2351.458368400155
8342,2351.458368400155
8343,2351.458368400155
8344,2351.458368400155
8345,2351.458368400155
8346,2351.458368400155
8347,2351.458368400155
8348,2351.458368400155
8349,2351.458368400155
8350,2351.458368400155
8351,2351.458368400155
8352,2351.458368400155
8353,2351.458368400155
8354,2351.458368400155
8355,2351.458368400155
8356,2351.458368400155
8357,2351.458368400155
8358,2351.458368400155
8359,2351.458368400155
8360,2351.458368400155
8361,2351.458368400155
8362,2351.458368400155
8363,2351.458368400155
8364,2351.458368400155
8365,2351.458368400155
8366,2351.458368400155
8367,2351.458368400155
8368,2351.458368400155
8369,2351.458368400155
8370,2351.458368400155
8371,2351.458368400155
8372,2351.458368400155
8373,2351.458368400155
8374,2351.458368400155
8375,2351.458368400155
8376,2351.458368400155
8377,2351.458368400155
8378,2351.458368400155
8379,2351.458368400155
8380,2351.458368400155
8381,2351.458368400155
8382,2351.458368400155
8383,2351.458368400155
8384,2351.458368400155
8385,2351.458368400155
8386,2351.458368400155
8387,2351.458368400155
8388,2351.458368400155
8389,2351.458368400155
8390,2351.458368400155
8391,2351.458368400155
8392,2351.458368400155
8393,2351.458368400155
8394,2351.458368400155
8395,2351.458368400155
8396,2351.458368400155
8397,2351.458368400155
8398,2351.458368400155
8399,2351.458368400155
8400,2351.458368400155
8401,2351.458368400155
8402,2351.458368400155
8403,2351.458368400155
8404,2351.458368400155
8405,2351.458368400155
8406,2351.458368400155
8407,2351.458368400155
8408,2351.458368400155
8409,2351.458368400155
8410,2351.458368400155
8411,2351.458368400155
8412,2351.458368400155
8413,2351.458368400155
8414,2351.458368400155
8415,2351.458368400155
8416,2351.458368400155
8417,2351.458368400155
8418,2351.458368400155
8419,2351.458368400155
8420,2351.458368400155
8421,2351.458368400155
8422,2351.458368400155
8423,2351.458368400155
8424,2351.458368400155
8425,2351.458368400155
8426,2351.458368400155
8427,2351.458368400155
8428,2351.458368400155
8429,2351.458368400155
8430,2351.458368400155
8431,2351.458368400155
8432,2351.458368400155
8433,2351.458368400155
8434,2351.458368400155
8435,2351.458368400155
8436,2351.458368400155
8437,2351.458368400155
8438,2351.458368400155
8439,2351.458368400155
8440,2351.458368400155
8441,2351.458368400155
8442,2351.458368400155
8443,2351.458368400155
8444,2351.458368400155
8445,2351.458368400155
8446,2351.458368400155
8447,2351.458368400155
8448,2351.458368400155
8449,2351.458368400155
8450,2351.458368400155
8451,2351.458368400155
8452,2351.458368400155
8453,2351.458368400155
8454,2351.458368400155
8455,2351.458368400155
8456,2351.458368400155
8457,2351.458368400155
8458,2351.458368400155
8459,2351.458368400155
8460,2351.458368400155
8461,2351.458368400155
8462,2351.458368400155
8463,2351.458368400155
8464,2351.458368400155
8465,2351.458368400155
8466,2351.458368400155
8467,2351.458368400155
8468,2351.458368400155
8469,2351.458368400155
8470,2351.458368400155
8471,2351.458368400155
8472,2351.458368400155
8473,2351.458368400155
8474,2351.458368400155
8475,2351.458368400155
8476,2351.458368400155
8477,2351.458368400155
8478,2351.458368400155
8479,2351.458368400155
8480,2351.458368400155
8481,2351.458368400155
8482,2351.458368400155
8483,2351.458368400155
8484,2351.458368400155
8485,2351.458368400155
8486,2351.458368400155
8487,2351.458368400155
8488,2351.458368400155
8489,2351.458368400155
8490,2351.458368400155
8491,2351.458368400155
8492,2351.458368400155
8493,2351.458368400155
8494,2351.458368400155
8495,2351.458368400155
8496,2351.458368400155
8497,2351.458368400155
8498,2351.458368400155
8499,2351.458368400155
8500,2351.458368400155
8501,2351.458368400155
8502,2351.458368400155
8503,2351.458368400155
8504,2351.458368400155
8505,2351.458368400155
8506,2351.458368400155
8507,2351.458368400155
8508,2351.458368400155
8509,2351.458368400155
8510,2351.458368400155
8511,2351.458368400155
8512,2351.458368400155
8513,2351.458368400155
8514,2351.458368400155
8515,2351.458368400155
8516,2351.458368400155
8517,2351.458368400155
8518,2351.458368400155
8519,2351.458368400155
8520,2351.458368400155
8521,2351.458368400155
8522,2351.458368400155
8523,2351.458368400155
8524,2351.458368400155
8525,2351.458368400155
8526,2351.458368400155
8527,2351.458368400155
8528,2351.458368400155
8529,2351.458368400155
8530,2351.458368400155
8531,2351.458368400155
8532,2351.458368400155
8533,2351.458368400155
8534,2351.458368400155
8535,2351.458368400155
8536,2351.458368400155
8537,2351.458368400155
8538,2351.458368400155
8539,2351.458368400155
8540,2351.458368400155
8541,2351.458368400155
8542,2351.458368400155
8543,2351.458368400155
8544,2351.458368400155
8545,2351.458368400155
8546,2351.458368400155
8547,2351.458368400155
8548,2351.458368400155
8549,2351.458368400155
8550,2351.458368400155
8551,2351.458368400155
8552,2351.458368400155
8553,2351.458368400155
8554,2351.458368400155
8555,2351.458368400155
8556,2351.458368400155
8557,2351.458368400155
8558,2351.458368400155
8559,2351.458368400155
8560,2351.458368400155
8561,2351.458368400155
8562,2351.458368400155
8563,2351.458368400155
8564,2351.458368400155
8565,2351.458368400155
8566,2351.458368400155
8567,2351.458368400155
8568,2351.458368400155
8569,2351.458368400155
8570,2351.458368400155
8571,2351.458368400155
8572,2351.458368400155
8573,2351.458368400155
8574,2351.458368400155
8575,2351.458368400155
8576,2351.458368400155
8577,2351.458368400155
8578,2351.458368400155
8579,2351.458368400155
8580,2351.458368400155
8581,2351.458368400155
8582,2351.458368400155
8583,2351.458368400155
8584,2351.458368400155
8585,2351.458368400155
8586,2351.458368400155
8587,2351.458368400155
8588,2351.458368400155
8589,2351.458368400155
8590,2351.458368400155
8591,2351.458368400155
8592,2351.458368400155
8593,2351.458368400155
8594,2351.458368400155
8595,2351.458368400155
8596,2351.458368400155
8597,2351.458368400155
8598,2351.458368400155
8599,2351.458368400155
8600,2351.458368400155
8601,2351.458368400155
8602,2351.458368400155
8603,2351.458368400155
8604,2351.458368400155
8605,2351.458368400155
8606,2351.458368400155
8607,2351.458368400155
8608,2351.458368400155
8609,2351.458368400155
8610,2351.458368400155
8611,2351.458368400155
8612,2351.458368400155
8613,2351.458368400155
8614,2351.458368400155
8615,2351.458368400155
8616,2351.458368400155
8617,2351.458368400155
8618,2351.458368400155
8619,2351.458368400155
8620,2351.458368400155
8621,2351.458368400155
8622,2351.458368400155
8623,2351.458368400155
8624,2351.458368400155
8625,2351.458368400155
8626,2351.458368400155
8627,2351.458368400155
8628,2351.458368400155
8629,2351.458368400155
8630,2351.458368400155
8631,2351.458368400155
8632,2351.458368400155
8633,2351.458368400155
8634,2351.458368400155
8635,2351.458368400155
8636,2351.458368400155
8637,2351.458368400155
8638,2351.458368400155
8639,2351.458368400155
8640,2351.458368400155
8641,2351.458368400155
8642,2351.458368400155
8643,2351.458368400155
8644,2351.458368400155
8645,2351.458368400155
8646,2351.458368400155
8647,2351.458368400155
8648,2351.458368400155
8649,2351.458368400155
8650,2351.458368400155
8651,2351.458368400155
8652,2351.458368400155
8653,2351.458368400155
8654,2351.458368400155
8655,2351.458368400155
8656,2351.458368400155
8657,2351.458368400155
8658,2351.458368400155
8659,2351.458368400155
8660,2351.458368400155
8661,2351.458368400155
8662,2351.458368400155
8663,2351.458368400155
8664,2351.458368400155
8665,2351.458368400155
8666,2351.458368400155
8667,2351.458368400155
8668,2351.458368400155
8669,2351.458368400155
8670,2351.458368400155
8671,2351.458368400155
8672,2351.458368400155
8673,2351.458368400155
8674,2351.458368400155
8675,2351.458368400155
8676,2351.458368400155
8677,2351.458368400155
8678,2351.458368400155
8679,2351.458368400155
8680,2351.458368400155
8681,2351.458368400155
8682,2351.458368400155
8683,2351.458368400155
8684,2351.458368400155
8685,2351.458368400155
8686,2351.458368400155
8687,2351.458368400155
8688,2351.458368400155
8689,2351.458368400155
8690,2351.458368400155
8691,2351.458368400155
8692,2351.458368400155
8693,2351.458368400155
8694,2351.458368400155
8695,2351.458368400155
8696,2351.458368400155
8697,2351.458368400155
8698,2351.458368400155
8699,2351.458368400155
8700,2351.458368400155
8701,2351.458368400155
8702,2351.458368400155
8703,2351.458368400155
8704,2351.458368400155
8705,2351.458368400155
8706,2351.458368400155
8707,2351.458368400155
8708,2351.458368400155
8709,2351.458368400155
8710,2351.458368400155
8711,2351.458368400155
8712,2351.458368400155
8713,2351.458368400155
8714,2351.458368400155
8715,2351.458368400155
8716,2351.458368400155
8717,2351.458368400155
8718,2351.458368400155
8719,2351.458368400155
8720,2351.458368400155
8721,2351.458368400155
8722,2351.458368400155
8723,2351.458368400155
8724,2351.458368400155
8725,2351.458368400155
8726,2351.458368400155
8727,2351.458368400155
8728,2351.458368400155
8729,2351.458368400155
8730,2351.458368400155
8731,2351.458368400155
8732,2351.458368400155
8733,2351.458368400155
8734,2351.458368400155
8735,2351.458368400155
8736,2351.458368400155
8737,2351.458368400155
8738,2351.458368400155
8739,2351.458368400155
8740,2351.458368400155
8741,2351.458368400155
8742,2351.458368400155
8743,2351.458368400155
8744,2351.458368400155
8745,2351.458368400155
8746,2351.458368400155
8747,2351.458368400155
8748,2351.458368400155
8749,2351.458368400155
8750,2351.458368400155
8751,2351.458368400155
8752,2351.458368400155
8753,2351.458368400155
8754,2351.458368400155
8755,2351.458368400155
8756,2351.458368400155
8757,2351.458368400155
8758,2351.458368400155
8759,2351.458368400155
8760,2351.458368400155
8761,2351.458368400155
8762,2351.458368400155
8763,2351.458368400155
8764,2351.458368400155
8765,2351.458368400155
8766,2351.458368400155
8767,2351.458368400155
8768,2351.458368400155
8769,2351.458368400155
8770,2351.458368400155
8771,2351.458368400155
8772,2351.458368400155
8773,2351.458368400155
8774,2351.458368400155
8775,2351.458368400155
8776,2351.458368400155
8777,2351.458368400155
8778,2351.458368400155
8779,2351.458368400155
8780,2351.458368400155
8781,2351.458368400155
8782,2351.458368400155
8783,2351.458368400155
8784,2351.458368400155
8785,2351.458368400155
8786,2351.458368400155
8787,2351.458368400155
8788,2351.458368400155
8789,2351.458368400155
8790,2351.458368400155
8791,2351.458368400155
8792,2351.458368400155
8793,2351.458368400155
8794,2351.458368400155
8795,2351.458368400155
8796,2351.458368400155
8797,2351.458368400155
8798,2351.458368400155
8799,2351.458368400155
8800,2351.458368400155
8801,2351.458368400155
8802,2351.458368400155
8803,2351.458368400155
8804,2351.458368400155
8805,2351.458368400155
8806,2351.458368400155
8807,2351.458368400155
8808,2351.458368400155
8809,2351.458368400155
8810,2351.458368400155
8811,2351.458368400155
8812,2351.458368400155
8813,2351.458368400155
8814,2351.458368400155
8815,2351.458368400155
8816,2351.458368400155
8817,2351.458368400155
8818,2351.458368400155
8819,2351.458368400155
8820,2351.458368400155
8821,2351.458368400155
8822,2351.458368400155
8823,2351.458368400155
8824,2351.458368400155
8825,2351.458368400155
8826,2351.458368400155
8827,2351.458368400155
8828,2351.458368400155
8829,2351.458368400155
8830,2351.458368400155
8831,2351.458368400155
8832,2351.458368400155
8833,2351.458368400155
8834,2351.458368400155
8835,2351.458368400155
8836,2351.458368400155
8837,2351.458368400155
8838,2351.458368400155
8839,2351.458368400155
8840,2351.458368400155
8841,2351.458368400155
8842,2351.458368400155
8843,2351.458368400155
8844,2351.458368400155
8845,2351.458368400155
8846,2351.458368400155
8847,2351.458368400155
8848,2351.458368400155
8849,2351.458368400155
8850,2351.458368400155
8851,2351.458368400155
8852,2351.458368400155
8853,2351.458368400155
8854,2351.458368400155
8855,2351.458368400155
8856,2351.458368400155
8857,2351.458368400155
8858,2351.458368400155
8859,2351.458368400155
8860,2351.458368400155
8861,2351.458368400155
8862,2351.458368400155
8863,2351.458368400155
8864,2351.458368400155
8865,2351.458368400155
8866,2351.458368400155
8867,2351.458368400155
8868,2351.458368400155
8869,2351.458368400155
8870,2351.458368400155
8871,2351.458368400155
8872,2351.458368400155
8873,2351.458368400155
8874,2351.458368400155
8875,2351.458368400155
8876,2351.458368400155
8877,2351.458368400155
8878,2351.458368400155
8879,2351.458368400155
8880,2351.458368400155
8881,2351.458368400155
8882,2351.458368400155
8883,2351.458368400155
8884,2351.458368400155
8885,2351.458368400155
8886,2351.458368400155
8887,2351.458368400155
8888,2351.458368400155
8889,2351.458368400155
8890,2351.458368400155
8891,2351.458368400155
8892,2351.458368400155
8893,2351.458368400155
8894,2351.458368400155
8895,2351.458368400155
8896,2351.458368400155
8897,2351.458368400155
8898,2351.458368400155
8899,2351.458368400155
8900,2351.458368400155
8901,2351.458368400155
8902,2351.458368400155
8903,2351.458368400155
8904,2351.458368400155
8905,2351.458368400155
8906,2351.458368400155
8907,2351.458368400155
8908,2351.458368400155
8909,2351.458368400155
8910,2351.458368400155
8911,2351.458368400155
8912,2351.458368400155
8913,2351.458368400155
8914,2351.458368400155
8915,2351.458368400155
8916,2351.458368400155
8917,2351.458368400155
8918,2351.458368400155
8919,2351.458368400155
8920,2351.458368400155
8921,2351.458368400155
8922,2351.458368400155
8923,2351.458368400155
8924,2351.458368400155
8925,2351.458368400155
8926,2351.458368400155
8927,2351.458368400155
8928,2351.458368400155
8929,2351.458368400155
8930,2351.458368400155
8931,2351.458368400155
8932,2351.458368400155
8933,2351.458368400155
8934,2351.458368400155
8935,2351.458368400155
8936,2351.458368400155
8937,2351.458368400155
8938,2351.458368400155
8939,2351.458368400155
8940,2351.458368400155
8941,2351.458368400155
8942,2351.458368400155
8943,2351.458368400155
8944,2351.458368400155
8945,2351.458368400155
8946,2351.458368400155
8947,2351.458368400155
8948,2351.458368400155
8949,2351.458368400155
8950,2351.458368400155
8951,2351.458368400155
8952,2351.458368400155
8953,2351.458368400155
8954,2351.458368400155
8955,2351.458368400155
8956,2351.458368400155
8957,2351.458368400155
8958,2351.458368400155
8959,2351.458368400155
8960,2351.458368400155
8961,2351.458368400155
8962,2351.458368400155
8963,2351.458368400155
8964,2351.458368400155
8965,2351.458368400155
8966,2351.458368400155
8967,2351.458368400155
8968,2351.458368400155
8969,2351.458368400155
8970,2351.458368400155
8971,2351.458368400155
8972,2351.458368400155
8973,2351.458368400155
8974,2351.458368400155
8975,2351.458368400155
8976,2351.458368400155
8977,2351.458368400155
8978,2351.458368400155
8979,2351.458368400155
8980,2351.458368400155
8981,2351.458368400155
8982,2351.458368400155
8983,2351.458368400155
8984,2351.458368400155
8985,2351.458368400155
8986,2351.458368400155
8987,2351.458368400155
8988,2351.458368400155
8989,2351.458368400155
8990,2351.458368400155
8991,2351.458368400155
8992,2351.458368400155
8993,2351.458368400155
8994,2351.458368400155
8995,2351.458368400155
8996,2351.458368400155
8997,2351.458368400155
8998,2351.458368400155
8999,2351.458368400155
9000,2351.458368400155
9001,2351.458368400155
9002,2351.458368400155
9003,2351.458368400155
9004,2351.458368400155
9005,2351.458368400155
9006,2351.458368400155
9007,2351.458368400155
9008,2351.458368400155
9009,2351.458368400155
9010,2351.458368400155
9011,2351.458368400155
9012,2351.458368400155
9013,2351.458368400155
9014,2351.458368400155
9015,2351.458368400155
9016,2351.458368400155
9017,2351.458368400155
9018,2351.458368400155
9019,2351.458368400155
9020,2351.458368400155
9021,2351.458368400155
9022,2351.458368400155
9023,2351.458368400155
9024,2351.458368400155
9025,2351.458368400155
9026,2351.458368400155
9027,2351.458368400155
9028,2351.458368400155
9029,2351.458368400155
9030,2351.458368400155
9031,2351.458368400155
9032,2351.458368400155
9033,2351.458368400155
9034,2351.458368400155
9035,2351.458368400155
9036,2351.458368400155
9037,2351.458368400155
9038,2351.458368400155
9039,2351.458368400155
9040,2351.458368400155
9041,2351.458368400155
9042,2351.458368400155
9043,2351.458368400155
9044,2351.458368400155
9045,2351.458368400155
9046,2351.458368400155
9047,2351.458368400155
9048,2351.458368400155
9049,2351.458368400155
9050,2351.458368400155
9051,2351.458368400155
9052,2351.458368400155
9053,2351.458368400155
9054,2351.458368400155
9055,2351.458368400155
9056,2351.458368400155
9057,2351.458368400155
9058,2351.458368400155
9059,2351.458368400155
9060,2351.458368400155
9061,2351.458368400155
9062,2351.458368400155
9063,2351.458368400155
9064,2351.458368400155
9065,2351.458368400155
9066,2351.458368400155
9067,2351.458368400155
9068,2351.458368400155
9069,2351.458368400155
9070,2351.458368400155
9071,2351.458368400155
9072,2351.458368400155
9073,2351.458368400155
9074,2351.458368400155
9075,2351.458368400155
9076,2351.458368400155
9077,2351.458368400155
9078,2351.458368400155
9079,2351.458368400155
9080,2351.458368400155
9081,2351.458368400155
9082,2351.458368400155
9083,2351.458368400155
9084,2351.458368400155
9085,2351.458368400155
9086,2351.458368400155
9087,2351.458368400155
9088,2351.458368400155
9089,2351.458368400155
9090,2351.458368400155
9091,2351.458368400155
9092,2351.458368400155
9093,2351.458368400155
9094,2351.458368400155
9095,2351.458368400155
9096,2351.458368400155
9097,2351.458368400155
9098,2351.458368400155
9099,2351.458368400155
9100,2351.458368400155
9101,2351.458368400155
9102,2351.458368400155
9103,2351.458368400155
9104,2351.458368400155
9105,2351.458368400155
9106,2351.458368400155
9107,2351.458368400155
9108,2351.458368400155
9109,2351.458368400155
9110,2351.458368400155
9111,2351.458368400155
9112,2351.458368400155
9113,2351.458368400155
9114,2351.458368400155
9115,2351.458368400155
9116,2351.458368400155
9117,2351.458368400155
9118,2351.458368400155
9119,2351.458368400155
9120,2351.458368400155
9121,2351.458368400155
9122,2351.458368400155
9123,2351.458368400155
9124,2351.458368400155
9125,2351.458368400155
9126,2351.458368400155
9127,2351.458368400155
9128,2351.458368400155
9129,2351.458368400155
9130,2351.458368400155
9131,2351.458368400155
9132,2351.458368400155
9133,2351.458368400155
9134,2351.458368400155
9135,2351.458368400155
9136,2351.458368400155
9137,2351.458368400155
9138,2351.458368400155
9139,2351.458368400155
9140,2351.458368400155
9141,2351.458368400155
9142,2351.458368400155
9143,2351.458368400155
9144,2351.458368400155
9145,2351.458368400155
9146,2351.458368400155
9147,2351.458368400155
9148,2351.458368400155
9149,2351.458368400155
9150,2351.458368400155
9151,2351.458368400155
9152,2351.458368400155
9153,2351.458368400155
9154,2351.458368400155
9155,2351.458368400155
9156,2351.458368400155
9157,2351.458368400155
9158,2351.458368400155
9159,2351.458368400155
9160,2351.458368400155
9161,2351.458368400155
9162,2351.458368400155
9163,2351.458368400155
9164,2351.458368400155
9165,2351.458368400155
9166,2351.458368400155
9167,2351.458368400155
9168,2351.458368400155
9169,2351.458368400155
9170,2351.458368400155
9171,2351.458368400155
9172,2351.458368400155
9173,2351.458368400155
9174,2351.458368400155
9175,2351.458368400155
9176,2351.458368400155
9177,2351.458368400155
9178,2351.458368400155
9179,2351.458368400155
9180,2351.458368400155
9181,2351.458368400155
9182,2351.458368400155
9183,2351.458368400155
9184,2351.458368400155
9185,2351.458368400155
9186,2351.458368400155
9187,2351.458368400155
9188,2351.458368400155
9189,2351.458368400155
9190,2351.458368400155
9191,2351.458368400155
9192,2351.458368400155
9193,2351.458368400155
9194,2351.458368400155
9195,2351.458368400155
9196,2351.458368400155
9197,2351.458368400155
9198,2351.458368400155
9199,2351.458368400155
9200,2351.458368400155
9201,2351.458368400155
9202,2351.458368400155
9203,2351.458368400155
9204,2351.458368400155
9205,2351.458368400155
9206,2351.458368400155
9207,2351.458368400155
9208,2351.458368400155
9209,2351.458368400155
9210,2351.458368400155
9211,2351.458368400155
9212,2351.458368400155
9213,2351.458368400155
9214,2351.458368400155
9215,2351.458368400155
9216,2351.458368400155
9217,2351.458368400155
9218,2351.458368400155
9219,2351.458368400155
9220,2351.458368400155
9221,2351.458368400155
9222,2351.458368400155
9223,2351.458368400155
9224,2351.458368400155
9225,2351.458368400155
9226,2351.458368400155
9227,2351.458368400155
9228,2351.458368400155
9229,2351.458368400155
9230,2351.458368400155
9231,2351.458368400155
9232,2351.458368400155
9233,2351.458368400155
9234,2351.458368400155
9235,2351.458368400155
9236,2351.458368400155
9237,2351.458368400155
9238,2351.458368400155
9239,2351.458368400155
9240,2351.458368400155
9241,2351.458368400155
9242,2351.458368400155
9243,2351.458368400155
9244,2351.458368400155
9245,2351.458368400155
9246,2351.458368400155
9247,2351.458368400155
9248,2351.458368400155
9249,2351.458368400155
9250,2351.458368400155
9251,2351.458368400155
9252,2351.458368400155
9253,2351.458368400155
9254,2351.458368400155
9255,2351.458368400155
9256,2351.458368400155
9257,2351.458368400155
9258,2351.458368400155
9259,2351.458368400155
9260,2351.458368400155
9261,2351.458368400155
9262,2351.458368400155
9263,2351.458368400155
9264,2351.458368400155
9265,2351.458368400155
9266,2351.458368400155
9267,2351.458368400155
9268,2351.458368400155
9269,2351.458368400155
9270,2351.458368400155
9271,2351.458368400155
9272,2351.458368400155
9273,2351.458368400155
9274,2351.458368400155
9275,2351.458368400155
9276,2351.458368400155
9277,2351.458368400155
9278,2351.458368400155
9279,2351.458368400155
9280,2351.458368400155
9281,2351.458368400155
9282,2351.458368400155
9283,2351.458368400155
9284,2351.458368400155
9285,2351.458368400155
9286,2351.458368400155
9287,2351.458368400155
9288,2351.458368400155
9289,2351.458368400155
9290,2351.458368400155
9291,2351.458368400155
9292,2351.458368400155
9293,2351.458368400155
9294,2351.458368400155
9295,2351.458368400155
9296,2351.458368400155
9297,2351.458368400155
9298,2351.458368400155
9299,2351.458368400155
9300,2351.458368400155
9301,2351.458368400155
9302,2351.458368400155
9303,2351.458368400155
9304,2351.458368400155
9305,2351.458368400155
9306,2351.458368400155
9307,2351.458368400155
9308,2351.458368400155
9309,2351.458368400155
9310,2351.458368400155
9311,2351.458368400155
9312,2351.458368400155
9313,2351.458368400155
9314,2351.458368400155
9315,2351.458368400155
9316,2351.458368400155
9317,2351.458368400155
9318,2351.458368400155
9319,2351.458368400155
9320,2351.458368400155
9321,2351.458368400155
9322,2351.458368400155
9323,2351.458368400155
9324,2351.458368400155
9325,2351.458368400155
9326,2351.458368400155
9327,2351.458368400155
9328,2351.458368400155
9329,2351.458368400155
9330,2351.458368400155
9331,2351.458368400155
9332,2351.458368400155
9333,2351.458368400155
9334,2351.458368400155
9335,2351.458368400155
9336,2351.458368400155
9337,2351.458368400155
9338,2351.458368400155
9339,2351.458368400155
9340,2351.458368400155
9341,2351.458368400155
9342,2351.458368400155
9343,2351.458368400155
9344,2351.458368400155
9345,2351.458368400155
9346,2351.458368400155
9347,2351.458368400155
9348,2351.458368400155
9349,2351.458368400155
9350,2351.458368400155
9351,2351.458368400155
9352,2351.458368400155
9353,2351.458368400155
9354,2351.458368400155
9355,2351.458368400155
9356,2351.458368400155
9357,2351.458368400155
9358,2351.458368400155
9359,2351.458368400155
9360,2351.458368400155
9361,2351.458368400155
9362,2351.458368400155
9363,2351.458368400155
9364,2351.458368400155
9365,2351.458368400155
9366,2351.458368400155
9367,2351.458368400155
9368,2351.458368400155
9369,2351.458368400155
9370,2351.458368400155
9371,2351.458368400155
9372,2351.458368400155
9373,2351.458368400155
9374,2351.458368400155
9375,2351.458368400155
9376,2351.458368400155
9377,2351.458368400155
9378,2351.458368400155
9379,2351.458368400155
9380,2351.458368400155
9381,2351.458368400155
9382,2351.458368400155
9383,2351.458368400155
9384,2351.458368400155
9385,2351.458368400155
9386,2351.458368400155
9387,2351.458368400155
9388,2351.458368400155
9389,2351.458368400155
9390,2351.458368400155
9391,2351.458368400155
9392,2351.458368400155
9393,2351.458368400155
9394,2351.458368400155
9395,2351.458368400155
9396,2351.458368400155
9397,2351.458368400155
9398,2351.458368400155
9399,2351.458368400155
9400,2351.458368400155
9401,2351.458368400155
9402,2351.458368400155
9403,2351.458368400155
9404,2351.458368400155
9405,2351.458368400155
9406,2351.458368400155
9407,2351.458368400155
9408,2351.458368400155
9409,2351.458368400155
9410,2351.458368400155
9411,2351.458368400155
9412,2351.458368400155
9413,2351.458368400155
9414,2351.458368400155
9415,2351.458368400155
9416,2351.458368400155
9417,2351.458368400155
9418,2351.458368400155
9419,2351.458368400155
9420,2351.458368400155
9421,2351.458368400155
9422,2351.458368400155
9423,2351.458368400155
9424,2351.458368400155
9425,2351.458368400155
9426,2351.458368400155
9427,2351.458368400155
9428,2351.458368400155
9429,2351.458368400155
9430,2351.458368400155
9431,2351.458368400155
9432,2351.458368400155
9433,2351.458368400155
9434,2351.458368400155
9435,2351.458368400155
9436,2351.458368400155
9437,2351.458368400155
9438,2351.458368400155
9439,2351.458368400155
9440,2351.458368400155
9441,2351.458368400155
9442,2351.458368400155
9443,2351.458368400155
9444,2351.458368400155
9445,2351.458368400155
9446,2351.458368400155
9447,2351.458368400155
9448,2351.458368400155
9449,2351.458368400155
9450,2351.458368400155
9451,2351.458368400155
9452,2351.458368400155
9453,2351.458368400155
9454,2351.458368400155
9455,2351.458368400155
9456,2351.458368400155
9457,2351.458368400155
9458,2351.458368400155
9459,2351.458368400155
9460,2351.458368400155
9461,2351.458368400155
9462,2351.458368400155
9463,2351.458368400155
9464,2351.458368400155
9465,2351.458368400155
9466,2351.458368400155
9467,2351.458368400155
9468,2351.458368400155
9469,2351.458368400155
9470,2351.458368400155
9471,2351.458368400155
9472,2351.458368400155
9473,2351.458368400155
9474,2351.458368400155
9475,2351.458368400155
9476,2351.458368400155
9477,2351.458368400155
9478,2351.458368400155
9479,2351.458368400155
9480,2351.458368400155
9481,2351.458368400155
9482,2351.458368400155
9483,2351.458368400155
9484,2351.458368400155
9485,2351.458368400155
9486,2351.458368400155
9487,2351.458368400155
9488,2351.458368400155
9489,2351.458368400155
9490,2351.458368400155
9491,2351.458368400155
9492,2351.458368400155
9493,2351.458368400155
9494,2351.458368400155
9495,2351.458368400155
9496,2351.458368400155
9497,2351.458368400155
9498,2351.458368400155
9499,2351.458368400155
9500,2351.458368400155
9501,2351.458368400155
9502,2351.458368400155
9503,2351.458368400155
9504,2351.458368400155
9505,2351.458368400155
9506,2351.458368400155
9507,2351.458368400155
9508,2351.458368400155
9509,2351.458368400155
9510,2351.458368400155
9511,2351.458368400155
9512,2351.458368400155
9513,2351.458368400155
9514,2351.458368400155
9515,2351.458368400155
9516,2351.458368400155
9517,2351.458368400155
9518,2351.458368400155
9519,2351.458368400155
9520,2351.458368400155
9521,2351.458368400155
9522,2351.458368400155
9523,2351.458368400155
9524,2351.458368400155
9525,2351.458368400155
9526,2351.458368400155
9527,2351.458368400155
9528,2351.458368400155
9529,2351.458368400155
9530,2351.458368400155
9531,2351.458368400155
9532,2351.458368400155
9533,2351.458368400155
9534,2351.458368400155
9535,2351.458368400155
9536,2351.458368400155
9537,2351.458368400155
9538,2351.458368400155
9539,2351.458368400155
9540,2351.458368400155
9541,2351.458368400155
9542,2351.458368400155
9543,2351.458368400155
9544,2351.458368400155
9545,2351.458368400155
9546,2351.458368400155
9547,2351.458368400155
9548,2351.458368400155
9549,2351.458368400155
9550,2351.458368400155
9551,2351.458368400155
9552,2351.458368400155
9553,2351.458368400155
9554,2351.458368400155
9555,2351.458368400155
9556,2351.458368400155
9557,2351.458368400155
9558,2351.458368400155
9559,2351.458368400155
9560,2351.458368400155
9561,2351.458368400155
9562,2351.458368400155
9563,2351.458368400155
9564,2351.458368400155
9565,2351.458368400155
9566,2351.458368400155
9567,2351.458368400155
9568,2351.458368400155
9569,2351.458368400155
9570,2351.458368400155
9571,2351.458368400155
9572,2351.458368400155
9573,2351.458368400155
9574,2351.458368400155
9575,2351.458368400155
9576,2351.458368400155
9577,2351.458368400155
9578,2351.458368400155
9579,2351.458368400155
9580,2351.458368400155
9581,2351.458368400155
9582,2351.458368400155
9583,2351.458368400155
9584,2351.458368400155
9585,2351.458368400155
9586,2351.458368400155
9587,2351.458368400155
9588,2351.458368400155
9589,2351.458368400155
9590,2351.458368400155
9591,2351.458368400155
9592,2351.458368400155
9593,2351.458368400155
9594,2351.458368400155
9595,2351.458368400155
9596,2351.458368400155
9597,2351.458368400155
9598,2351.458368400155
9599,2351.458368400155
9600,2351.458368400155
9601,2351.458368400155
9602,2351.458368400155
9603,2351.458368400155
9604,2351.458368400155
9605,2351.458368400155
9606,2351.458368400155
9607,2351.458368400155
9608,2351.458368400155
9609,2351.458368400155
9610,2351.458368400155
9611,2351.458368400155
9612,2351.458368400155
9613,2351.458368400155
9614,2351.458368400155
9615,2351.458368400155
9616,2351.458368400155
9617,2351.458368400155
9618,2351.458368400155
9619,2351.458368400155
9620,2351.458368400155
9621,2351.458368400155
9622,2351.458368400155
9623,2351.458368400155
9624,2351.458368400155
9625,2351.458368400155
9626,2351.458368400155
9627,2351.458368400155
9628,2351.458368400155
9629,2351.458368400155
9630,2351.458368400155
9631,2351.458368400155
9632,2351.458368400155
9633,2351.458368400155
9634,2351.458368400155
9635,2351.458368400155
9636,2351.458368400155
9637,2351.458368400155
9638,2351.458368400155
9639,2351.458368400155
9640,2351.458368400155
9641,2351.458368400155
9642,2351.458368400155
9643,2351.458368400155
9644,2351.458368400155
9645,2351.458368400155
9646,2351.458368400155
9647,2351.458368400155
9648,2351.458368400155
9649,2351.458368400155
9650,2351.458368400155
9651,2351.458368400155
9652,2351.458368400155
9653,2351.458368400155
9654,2351.458368400155
9655,2351.458368400155
9656,2351.458368400155
9657,2351.458368400155
9658,2351.458368400155
9659,2351.458368400155
9660,2351.458368400155
9661,2351.458368400155
9662,2351.458368400155
9663,2351.458368400155
9664,2351.458368400155
9665,2351.458368400155
9666,2351.458368400155
9667,2351.458368400155
9668,2351.458368400155
9669,2351.458368400155
9670,2351.458368400155
9671,2351.458368400155
9672,2351.458368400155
9673,2351.458368400155
9674,2351.458368400155
9675,2351.458368400155
9676,2351.458368400155
9677,2351.458368400155
9678,2351.458368400155
9679,2351.458368400155
9680,2351.458368400155
9681,2351.458368400155
9682,2351.458368400155
9683,2351.458368400155
9684,2351.458368400155
9685,2351.458368400155
9686,2351.458368400155
9687,2351.458368400155
9688,2351.458368400155
9689,2351.458368400155
9690,2351.458368400155
9691,2351.458368400155
9692,2351.458368400155
9693,2351.458368400155
9694,2351.458368400155
9695,2351.458368400155
9696,2351.458368400155
9697,2351.458368400155
9698,2351.458368400155
9699,2351.458368400155
9700,2351.458368400155
9701,2351.458368400155
9702,2351.458368400155
9703,2351.458368400155
9704,2351.458368400155
9705,2351.458368400155
9706,2351.458368400155
9707,2351.458368400155
9708,2351.458368400155
9709,2351.458368400155
9710,2351.458368400155
9711,2351.458368400155
9712,2351.458368400155
9713,2351.458368400155
9714,2351.458368400155
9715,2351.458368400155
9716,2351.458368400155
9717,2351.458368400155
9718,2351.458368400155
9719,2351.458368400155
9720,2351.458368400155
9721,2351.458368400155
9722,2351.458368400155
9723,2351.458368400155
9724,2351.458368400155
9725,2351.458368400155
9726,2351.458368400155
9727,2351.458368400155
9728,2351.458368400155
9729,2351.458368400155
9730,2351.458368400155
9731,2351.458368400155
9732,2351.458368400155
9733,2351.458368400155
9734,2351.458368400155
9735,2351.458368400155
9736,2351.458368400155
9737,2351.458368400155
9738,2351.458368400155
9739,2351.458368400155
9740,2351.458368400155
9741,2351.458368400155
9742,2351.458368400155
9743,2351.458368400155
9744,2351.458368400155
9745,2351.458368400155
9746,2351.458368400155
9747,2351.458368400155
9748,2351.458368400155
9749,2351.458368400155
9750,2351.458368400155
9751,2351.458368400155
9752,2351.458368400155
9753,2351.458368400155
9754,2351.458368400155
9755,2351.458368400155
9756,2351.458368400155
9757,2351.458368400155
9758,2351.458368400155
9759,2351.458368400155
9760,2351.458368400155
9761,2351.458368400155
9762,2351.458368400155
9763,2351.458368400155
9764,2351.458368400155
9765,2351.458368400155
9766,2351.458368400155
9767,2351.458368400155
9768,2351.458368400155
9769,2351.458368400155
9770,2351.458368400155
9771,2351.458368400155
9772,2351.458368400155
9773,2351.458368400155
9774,2351.458368400155
9775,2351.458368400155
9776,2351.458368400155
9777,2351.458368400155
9778,2351.458368400155
9779,2351.458368400155
9780,2351.458368400155
9781,2351.458368400155
9782,2351.458368400155
9783,2351.458368400155
9784,2351.458368400155
9785,2351.458368400155
9786,2351.458368400155
9787,2351.458368400155
9788,2351.458368400155
9789,2351.458368400155
9790,2351.458368400155
9791,2351.458368400155
9792,2351.458368400155
9793,2351.458368400155
9794,2351.458368400155
9795,2351.458368400155
9796,2351.458368400155
9797,2351.458368400155
9798,2351.458368400155
9799,2351.458368400155
9800,2351.458368400155
9801,2351.458368400155
9802,2351.458368400155
9803,2351.458368400155
9804,2351.458368400155
9805,2351.458368400155
9806,2351.458368400155
9807,2351.458368400155
9808,2351.458368400155
9809,2351.458368400155
9810,2351.458368400155
9811,2351.458368400155
9812,2351.458368400155
9813,2351.458368400155
9814,2351.458368400155
9815,2351.458368400155
9816,2351.458368400155
9817,2351.458368400155
9818,2351.458368400155
9819,2351.458368400155
9820,2351.458368400155
9821,2351.458368400155
9822,2351.458368400155
9823,2351.458368400155
9824,2351.458368400155
9825,2351.458368400155
9826,2351.458368400155
9827,2351.458368400155
9828,2351.458368400155
9829,2351.458368400155
9830,2351.458368400155
9831,2351.458368400155
9832,2351.458368400155
9833,2351.458368400155
9834,2351.458368400155
9835,2351.458368400155
9836,2351.458368400155
9837,2351.458368400155
9838,2351.458368400155
9839,2351.458368400155
9840,2351.458368400155
9841,2351.458368400155
9842,2351.458368400155
9843,2351.458368400155
9844,2351.458368400155
9845,2351.458368400155
9846,2351.458368400155
9847,2351.458368400155
9848,2351.458368400155
9849,2351.458368400155
9850,2351.458368400155
9851,2351.458368400155
9852,2351.458368400155
9853,2351.458368400155
9854,2351.458368400155
9855,2351.458368400155
9856,2351.458368400155
9857,2351.458368400155
9858,2351.458368400155
9859,2351.458368400155
9860,2351.458368400155
9861,2351.458368400155
9862,2351.458368400155
9863,2351.458368400155
9864,2351.458368400155
9865,2351.458368400155
9866,2351.458368400155
9867,2351.458368400155
9868,2351.458368400155
9869,2351.458368400155
9870,2351.458368400155
9871,2351.458368400155
9872,2351.458368400155
9873,2351.458368400155
9874,2351.458368400155
9875,2351.458368400155
9876,2351.458368400155
9877,2351.458368400155
9878,2351.458368400155
9879,2351.458368400155
9880,2351.458368400155
9881,2351.458368400155
9882,2351.458368400155
9883,2351.458368400155
9884,2351.458368400155
9885,2351.458368400155
9886,2351.458368400155
9887,2351.458368400155
9888,2351.458368400155
9889,2351.458368400155
9890,2351.458368400155
9891,2351.458368400155
9892,2351.458368400155
9893,2351.458368400155
9894,2351.458368400155
9895,2351.458368400155
9896,2351.458368400155
9897,2351.458368400155
9898,2351.458368400155
9899,2351.458368400155
9900,2351.458368400155
9901,2351.458368400155
9902,2351.458368400155
9903,2351.458368400155
9904,2351.458368400155
9905,2351.458368400155
9906,2351.458368400155
9907,2351.458368400155
9908,2351.458368400155
9909,2351.458368400155
9910,2351.458368400155
9911,2351.458368400155
9912,2351.458368400155
9913,2351.458368400155
9914,2351.458368400155
9915,2351.458368400155
9916,2351.458368400155
9917,2351.458368400155
9918,2351.458368400155
9919,2351.458368400155
9920,2351.458368400155
9921,2351.458368400155
9922,2351.458368400155
9923,2351.458368400155
9924,2351.458368400155
9925,2351.458368400155
9926,2351.458368400155
9927,2351.458368400155
9928,2351.458368400155
9929,2351.458368400155
9930,2351.458368400155
9931,2351.458368400155
9932,2351.458368400155
9933,2351.458368400155
9934,2351.458368400155
9935,2351.458368400155
9936,2351.458368400155
9937,2351.458368400155
9938,2351.458368400155
9939,2351.458368400155
9940,2351.458368400155
9941,2351.458368400155
9942,2351.458368400155
9943,2351.458368400155
9944,2351.458368400155
9945,2351.458368400155
9946,2351.458368400155
9947,2351.458368400155
9948,2351.458368400155
9949,2351.458368400155
9950,2351.458368400155
9951,2351.458368400155
9952,2351.458368400155
9953,2351.458368400155
9954,2351.458368400155
9955,2351.458368400155
9956,2351.458368400155
9957,2351.458368400155
9958,2351.458368400155
9959,2351.458368400155
9960,2351.458368400155
9961,2351.458368400155
9962,2351.458368400155
9963,2351.458368400155
9964,2351.458368400155
9965,2351.458368400155
9966,2351.458368400155
9967,2351.458368400155
9968,2351.458368400155
9969,2351.458368400155
9970,2351.458368400155
9971,2351.458368400155
9972,2351.458368400155
9973,2351.458368400155
9974,2351.458368400155
9975,2351.458368400155
9976,2351.458368400155
9977,2351.458368400155
9978,2351.458368400155
9979,2351.458368400155
9980,2351.458368400155
9981,2351.458368400155
9982,2351.458368400155
9983,2351.458368400155
9984,2351.458368400155
9985,2351.458368400155
9986,2351.458368400155
9987,2351.458368400155
9988,2351.458368400155
9989,2351.458368400155
9990,2351.458368400155
9991,2351.458368400155
9992,2351.458368400155
9993,2351.458368400155
9994,2351.458368400155
9995,2351.458368400155
9996,2351.458368400155
9997,2351.458368400155
9998,2351.458368400155
9999,2351.458368400155
10000,2351.458368400155
10001,2351.458368400155
10002,2351.458368400155
10003,2351.458368400155
10004,2351.458368400155
10005,2351.458368400155
10006,2351.458368400155
10007,2351.458368400155
10008,2351.458368400155
10009,2351.458368400155
10010,2351.458368400155
10011,2351.458368400155
10012,2351.458368400155
10013,2351.458368400155
10014,2351.458368400155
10015,2351.458368400155
10016,2351.458368400155
10017,2351.458368400155
10018,2351.458368400155
10019,2351.458368400155
10020,2351.458368400155
10021,2351.458368400155
10022,2351.458368400155
10023,2351.458368400155
10024,2351.458368400155
10025,2351.458368400155
10026,2351.458368400155
10027,2351.458368400155
10028,2351.458368400155
10029,2351.458368400155
10030,2351.458368400155
10031,2351.458368400155
10032,2351.458368400155
10033,2351.458368400155
10034,2351.458368400155
10035,2351.458368400155
10036,2351.458368400155
10037,2351.458368400155
10038,2351.458368400155
10039,2351.458368400155
10040,2351.458368400155
10041,2351.458368400155
10042,2351.458368400155
10043,2351.458368400155
10044,2351.458368400155
10045,2351.458368400155
10046,2351.458368400155
10047,2351.458368400155
10048,2351.458368400155
10049,2351.458368400155
10050,2351.458368400155
10051,2351.458368400155
10052,2351.458368400155
10053,2351.458368400155
10054,2351.458368400155
10055,2351.458368400155
10056,2351.458368400155
10057,2351.458368400155
10058,2351.458368400155
10059,2351.458368400155
10060,2351.458368400155
10061,2351.458368400155
10062,2351.458368400155
10063,2351.458368400155
10064,2351.458368400155
10065,2351.458368400155
10066,2351.458368400155
10067,2351.458368400155
10068,2351.458368400155
10069,2351.458368400155
10070,2351.458368400155
10071,2351.458368400155
10072,2351.458368400155
10073,2351.458368400155
10074,2351.458368400155
10075,2351.458368400155
10076,2351.458368400155
10077,2351.458368400155
10078,2351.458368400155
10079,2351.458368400155
10080,2351.458368400155
10081,2351.458368400155
10082,2351.458368400155
10083,2351.458368400155
10084,2351.458368400155
10085,2351.458368400155
10086,2351.458368400155
10087,2351.458368400155
10088,2351.458368400155
10089,2351.458368400155
10090,2351.458368400155
10091,2351.458368400155
10092,2351.458368400155
10093,2351.458368400155
10094,2351.458368400155
10095,2351.458368400155
10096,2351.458368400155
10097,2351.458368400155
10098,2351.458368400155
10099,2351.458368400155
10100,2351.458368400155
10101,2351.458368400155
10102,2351.458368400155
10103,2351.458368400155
10104,2351.458368400155
10105,2351.458368400155
10106,2351.458368400155
10107,2351.458368400155
10108,2351.458368400155
10109,2351.458368400155
10110,2351.458368400155
10111,2351.458368400155
10112,2351.458368400155
10113,2351.458368400155
10114,2351.458368400155
10115,2351.458368400155
10116,2351.458368400155
10117,2351.458368400155
10118,2351.458368400155
10119,2351.458368400155
10120,2351.458368400155
10121,2351.458368400155
10122,2351.458368400155
10123,2351.458368400155
10124,2351.458368400155
10125,2351.458368400155
10126,2351.458368400155
10127,2351.458368400155
10128,2351.458368400155
10129,2351.458368400155
10130,2351.458368400155
10131,2351.458368400155
10132,2351.458368400155
10133,2351.458368400155
10134,2351.458368400155
10135,2351.458368400155
10136,2351.458368400155
10137,2351.458368400155
10138,2351.458368400155
10139,2351.458368400155
10140,2351.458368400155
10141,2351.458368400155
10142,2351.458368400155
10143,2351.458368400155
10144,2351.458368400155
10145,2351.458368400155
10146,2351.458368400155
10147,2351.458368400155
10148,2351.458368400155
10149,2351.458368400155
10150,2351.458368400155
10151,2351.458368400155
10152,2351.458368400155
10153,2351.458368400155
10154,2351.458368400155
10155,2351.458368400155
10156,2351.458368400155
10157,2351.458368400155
10158,2351.458368400155
10159,2351.458368400155
10160,2351.458368400155
10161,2351.458368400155
10162,2351.458368400155
10163,2351.458368400155
10164,2351.458368400155
10165,2351.458368400155
10166,2351.458368400155
10167,2351.458368400155
10168,2351.458368400155
10169,2351.458368400155
10170,2351.458368400155
10171,2351.458368400155
10172,2351.458368400155
10173,2351.458368400155
10174,2351.458368400155
10175,2351.458368400155
10176,2351.458368400155
10177,2351.458368400155
10178,2351.458368400155
10179,2351.458368400155
10180,2351.458368400155
10181,2351.458368400155
10182,2351.458368400155
10183,2351.458368400155
10184,2351.458368400155
10185,2351.458368400155
10186,2351.458368400155
10187,2351.458368400155
10188,2351.458368400155
10189,2351.458368400155
10190,2351.458368400155
10191,2351.458368400155
10192,2351.458368400155
10193,2351.458368400155
10194,2351.458368400155
10195,2351.458368400155
10196,2351.458368400155
10197,2351.458368400155
10198,2351.458368400155
10199,2351.458368400155
10200,2351.458368400155
10201,2351.458368400155
10202,2351.458368400155
10203,2351.458368400155
10204,2351.458368400155
10205,2351.458368400155
10206,2351.458368400155
10207,2351.458368400155
10208,2351.458368400155
10209,2351.458368400155
10210,2351.458368400155
10211,2351.458368400155
10212,2351.458368400155
10213,2351.458368400155
10214,2351.458368400155
10215,2351.458368400155
10216,2351.458368400155
10217,2351.458368400155
10218,2351.458368400155
10219,2351.458368400155
10220,2351.458368400155
10221,2351.458368400155
10222,2351.458368400155
10223,2351.458368400155
10224,2351.458368400155
10225,2351.458368400155
10226,2351.458368400155
10227,2351.458368400155
10228,2351.458368400155
10229,2351.458368400155
10230,2351.458368400155
10231,2351.458368400155
10232,2351.458368400155
10233,2351.458368400155
10234,2351.458368400155
10235,2351.458368400155
10236,2351.458368400155
10237,2351.458368400155
10238,2351.458368400155
10239,2351.458368400155
10240,2351.458368400155
10241,2351.458368400155
10242,2351.458368400155
10243,2351.458368400155
10244,2351.458368400155
10245,2351.458368400155
10246,2351.458368400155
10247,2351.458368400155
10248,2351.458368400155
10249,2351.458368400155
10250,2351.458368400155
10251,2351.458368400155
10252,2351.458368400155
10253,2351.458368400155
10254,2351.458368400155
10255,2351.458368400155
10256,2351.458368400155
10257,2351.458368400155
10258,2351.458368400155
10259,2351.458368400155
10260,2351.458368400155
10261,2351.458368400155
10262,2351.458368400155
10263,2351.458368400155
10264,2351.458368400155
10265,2351.458368400155
10266,2351.458368400155
10267,2351.458368400155
10268,2351.458368400155
10269,2351.458368400155
10270,2351.458368400155
10271,2351.458368400155
10272,2351.458368400155
10273,2351.458368400155
10274,2351.458368400155
10275,2351.458368400155
10276,2351.458368400155
10277,2351.458368400155
10278,2351.458368400155
10279,2351.458368400155
10280,2351.458368400155
10281,2351.458368400155
10282,2351.458368400155
10283,2351.458368400155
10284,2351.458368400155
10285,2351.458368400155
10286,2351.458368400155
10287,2351.458368400155
10288,2351.458368400155
10289,2351.458368400155
10290,2351.458368400155
10291,2351.458368400155
10292,2351.458368400155
10293,2351.458368400155
10294,2351.458368400155
10295,2351.458368400155
10296,2351.458368400155
10297,2351.458368400155
10298,2351.458368400155
10299,2351.458368400155
10300,2351.458368400155
10301,2351.458368400155
10302,2351.458368400155
10303,2351.458368400155
10304,2351.458368400155
10305,2351.458368400155
10306,2351.458368400155
10307,2351.458368400155
10308,2351.458368400155
10309,2351.458368400155
10310,2351.458368400155
10311,2351.458368400155
10312,2351.458368400155
10313,2351.458368400155
10314,2351.458368400155
10315,2351.458368400155
10316,2351.458368400155
10317,2351.458368400155
10318,2351.458368400155
10319,2351.458368400155
10320,2351.458368400155
10321,2351.458368400155
10322,2351.458368400155
10323,2351.458368400155
10324,2351.458368400155
10325,2351.458368400155
10326,2351.458368400155
10327,2351.458368400155
10328,2351.458368400155
10329,2351.458368400155
10330,2351.458368400155
10331,2351.458368400155
10332,2351.458368400155
10333,2351.458368400155
10334,2351.458368400155
10335,2351.458368400155
10336,2351.458368400155
10337,2351.458368400155
10338,2351.458368400155
10339,2351.458368400155
10340,2351.458368400155
10341,2351.458368400155
10342,2351.458368400155
10343,2351.458368400155
10344,2351.458368400155
10345,2351.458368400155
10346,2351.458368400155
10347,2351.458368400155
10348,2351.458368400155
10349,2351.458368400155
10350,2351.458368400155
10351,2351.458368400155
10352,2351.458368400155
10353,2351.458368400155
10354,2351.458368400155
10355,2351.458368400155
10356,2351.458368400155
10357,2351.458368400155
10358,2351.458368400155
10359,2351.458368400155
10360,2351.458368400155
10361,2351.458368400155
10362,2351.458368400155
10363,2351.458368400155
10364,2351.458368400155
10365,2351.458368400155
10366,2351.458368400155
10367,2351.458368400155
10368,2351.458368400155
10369,2351.458368400155
10370,2351.458368400155
10371,2351.458368400155
10372,2351.458368400155
10373,2351.458368400155
10374,2351.458368400155
10375,2351.458368400155
10376,2351.458368400155
10377,2351.458368400155
10378,2351.458368400155
10379,2351.458368400155
10380,2351.458368400155
10381,2351.458368400155
10382,2351.458368400155
10383,2351.458368400155
10384,2351.458368400155
10385,2351.458368400155
10386,2351.458368400155
10387,2351.458368400155
10388,2351.458368400155
10389,2351.458368400155
10390,2351.458368400155
10391,2351.458368400155
10392,2351.458368400155
10393,2351.458368400155
10394,2351.458368400155
10395,2351.458368400155
10396,2351.458368400155
10397,2351.458368400155
10398,2351.458368400155
10399,2351.458368400155
10400,2351.458368400155
10401,2351.458368400155
10402,2351.458368400155
10403,2351.458368400155
10404,2351.458368400155
10405,2351.458368400155
10406,2351.458368400155
10407,2351.458368400155
10408,2351.458368400155
10409,2351.458368400155
10410,2351.458368400155
10411,2351.458368400155
10412,2351.458368400155
10413,2351.458368400155
10414,2351.458368400155
10415,2351.458368400155
10416,2351.458368400155
10417,2351.458368400155
10418,2351.458368400155
10419,2351.458368400155
10420,2351.458368400155
10421,2351.458368400155
10422,2351.458368400155
10423,2351.458368400155
10424,2351.458368400155
10425,2351.458368400155
10426,2351.458368400155
10427,2351.458368400155
10428,2351.458368400155
10429,2351.458368400155
10430,2351.458368400155
10431,2351.458368400155
10432,2351.458368400155
10433,2351.458368400155
10434,2351.458368400155
10435,2351.458368400155
10436,2351.458368400155
10437,2351.458368400155
10438,2351.458368400155
10439,2351.458368400155
10440,2351.458368400155
10441,2351.458368400155
10442,2351.458368400155
10443,2351.458368400155
10444,2351.458368400155
10445,2351.458368400155
10446,2351.458368400155
10447,2351.458368400155
10448,2351.458368400155
10449,2351.458368400155
10450,2351.458368400155
10451,2351.458368400155
10452,2351.458368400155
10453,2351.458368400155
10454,2351.458368400155
10455,2351.458368400155
10456,2351.458368400155
10457,2351.458368400155
10458,2351.458368400155
10459,2351.458368400155
10460,2351.458368400155
10461,2351.458368400155
10462,2351.458368400155
10463,2351.458368400155
10464,2351.458368400155
10465,2351.458368400155
10466,2351.458368400155
10467,2351.458368400155
10468,2351.458368400155
10469,2351.458368400155
10470,2351.458368400155
10471,2351.458368400155
10472,2351.458368400155
10473,2351.458368400155
10474,2351.458368400155
10475,2351.458368400155
10476,2351.458368400155
10477,2351.458368400155
10478,2351.458368400155
10479,2351.458368400155
10480,2351.458368400155
10481,2351.458368400155
10482,2351.458368400155
10483,2351.458368400155
10484,2351.458368400155
10485,2351.458368400155
10486,2351.458368400155
10487,2351.458368400155
10488,2351.458368400155
10489,2351.458368400155
10490,2351.458368400155
10491,2351.458368400155
10492,2351.458368400155
10493,2351.458368400155
10494,2351.458368400155
10495,2351.458368400155
10496,2351.458368400155
10497,2351.458368400155
10498,2351.458368400155
10499,2351.458368400155
10500,2351.458368400155
10501,2351.458368400155
10502,2351.458368400155
10503,2351.458368400155
10504,2351.458368400155
10505,2351.458368400155
10506,2351.458368400155
10507,2351.458368400155
10508,2351.458368400155
10509,2351.458368400155
10510,2351.458368400155
10511,2351.458368400155
10512,2351.458368400155
10513,2351.458368400155
10514,2351.458368400155
10515,2351.458368400155
10516,2351.458368400155
10517,2351.458368400155
10518,2351.458368400155
10519,2351.458368400155
10520,2351.458368400155
10521,2351.458368400155
10522,2351.458368400155
10523,2351.458368400155
10524,2351.458368400155
10525,2351.458368400155
10526,2351.458368400155
10527,2351.458368400155
10528,2351.458368400155
10529,2351.458368400155
10530,2351.458368400155
10531,2351.458368400155
10532,2351.458368400155
10533,2351.458368400155
10534,2351.458368400155
10535,2351.458368400155
10536,2351.458368400155
10537,2351.458368400155
10538,2351.458368400155
10539,2351.458368400155
10540,2351.458368400155
10541,2351.458368400155
10542,2351.458368400155
10543,2351.458368400155
10544,2351.458368400155
10545,2351.458368400155
10546,2351.458368400155
10547,2351.458368400155
10548,2351.458368400155
10549,2351.458368400155
10550,2351.458368400155
10551,2351.458368400155
10552,2351.458368400155
10553,2351.458368400155
10554,2351.458368400155
10555,2351.458368400155
10556,2351.458368400155
10557,2351.458368400155
10558,2351.458368400155
10559,2351.458368400155
10560,2351.458368400155
10561,2351.458368400155
10562,2351.458368400155
10563,2351.458368400155
10564,2351.458368400155
10565,2351.458368400155
10566,2351.458368400155
10567,2351.458368400155
10568,2351.458368400155
10569,2351.458368400155
10570,2351.458368400155
10571,2351.458368400155
10572,2351.458368400155
10573,2351.458368400155
10574,2351.458368400155
10575,2351.458368400155
10576,2351.458368400155
10577,2351.458368400155
10578,2351.458368400155
10579,2351.458368400155
10580,2351.458368400155
10581,2351.458368400155
10582,2351.458368400155
10583,2351.458368400155
10584,2351.458368400155
10585,2351.458368400155
10586,2351.458368400155
10587,2351.458368400155
10588,2351.458368400155
10589,2351.458368400155
10590,2351.458368400155
10591,2351.458368400155
10592,2351.458368400155
10593,2351.458368400155
10594,2351.458368400155
10595,2351.458368400155
10596,2351.458368400155
10597,2351.458368400155
10598,2351.458368400155
10599,2351.458368400155
10600,2351.458368400155
10601,2351.458368400155
10602,2351.458368400155
10603,2351.458368400155
10604,2351.458368400155
10605,2351.458368400155
10606,2351.458368400155
10607,2351.458368400155
10608,2351.458368400155
10609,2351.458368400155
10610,2351.458368400155
10611,2351.458368400155
10612,2351.458368400155
10613,2351.458368400155
10614,2351.458368400155
10615,2351.458368400155
10616,2351.458368400155
10617,2351.458368400155
10618,2351.458368400155
10619,2351.458368400155
10620,2351.458368400155
10621,2351.458368400155
10622,2351.458368400155
10623,2351.458368400155
10624,2351.458368400155
10625,2351.458368400155
10626,2351.458368400155
10627,2351.458368400155
10628,2351.458368400155
10629,2351.458368400155
10630,2351.458368400155
10631,2351.458368400155
10632,2351.458368400155
10633,2351.458368400155
10634,2351.458368400155
10635,2351.458368400155
10636,2351.458368400155
10637,2351.458368400155
10638,2351.458368400155
10639,2351.458368400155
10640,2351.458368400155
10641,2351.458368400155
10642,2351.458368400155
10643,2351.458368400155
10644,2351.458368400155
10645,2351.458368400155
10646,2351.458368400155
10647,2351.458368400155
10648,2351.458368400155
10649,2351.458368400155
10650,2351.458368400155
10651,2351.458368400155
10652,2351.458368400155
10653,2351.458368400155
10654,2351.458368400155
10655,2351.458368400155
10656,2351.458368400155
10657,2351.458368400155
10658,2351.458368400155
10659,2351.458368400155
10660,2351.458368400155
10661,2351.458368400155
10662,2351.458368400155
10663,2351.458368400155
10664,2351.458368400155
10665,2351.458368400155
10666,2351.458368400155
10667,2351.458368400155
10668,2351.458368400155
10669,2351.458368400155
10670,2351.458368400155
10671,2351.458368400155
10672,2351.458368400155
10673,2351.458368400155
10674,2351.458368400155
10675,2351.458368400155
10676,2351.458368400155
10677,2351.458368400155
10678,2351.458368400155
10679,2351.458368400155
10680,2351.458368400155
10681,2351.458368400155
10682,2351.458368400155
10683,2351.458368400155
10684,2351.458368400155
10685,2351.458368400155
10686,2351.458368400155
10687,2351.458368400155
10688,2351.458368400155
10689,2351.458368400155
10690,2351.458368400155
10691,2351.458368400155
10692,2351.458368400155
10693,2351.458368400155
10694,2351.458368400155
10695,2351.458368400155
10696,2351.458368400155
10697,2351.458368400155
10698,2351.458368400155
10699,2351.458368400155
10700,2351.458368400155
10701,2351.458368400155
10702,2351.458368400155
10703,2351.458368400155
10704,2351.458368400155
10705,2351.458368400155
10706,2351.458368400155
10707,2351.458368400155
10708,2351.458368400155
10709,2351.458368400155
10710,2351.458368400155
10711,2351.458368400155
10712,2351.458368400155
10713,2351.458368400155
10714,2351.458368400155
10715,2351.458368400155
10716,2351.458368400155
10717,2351.458368400155
10718,2351.458368400155
10719,2351.458368400155
10720,2351.458368400155
10721,2351.458368400155
10722,2351.458368400155
10723,2351.458368400155
10724,2351.458368400155
10725,2351.458368400155
10726,2351.458368400155
10727,2351.458368400155
10728,2351.458368400155
10729,2351.458368400155
10730,2351.458368400155
10731,2351.458368400155
10732,2351.458368400155
10733,2351.458368400155
10734,2351.458368400155
10735,2351.458368400155
10736,2351.458368400155
10737,2351.458368400155
10738,2351.458368400155
10739,2351.458368400155
10740,2351.458368400155
10741,2351.458368400155
10742,2351.458368400155
10743,2351.458368400155
10744,2351.458368400155
10745,2351.458368400155
10746,2351.458368400155
10747,2351.458368400155
10748,2351.458368400155
10749,2351.458368400155
10750,2351.458368400155
10751,2351.458368400155
10752,2351.458368400155
10753,2351.458368400155
10754,2351.458368400155
10755,2351.458368400155
10756,2351.458368400155
10757,2351.458368400155
10758,2351.458368400155
10759,2351.458368400155
10760,2351.458368400155
10761,2351.458368400155
10762,2351.458368400155
10763,2351.458368400155
10764,2351.458368400155
10765,2351.458368400155
10766,2351.458368400155
10767,2351.458368400155
10768,2351.458368400155
10769,2351.458368400155
10770,2351.458368400155
10771,2351.458368400155
10772,2351.458368400155
10773,2351.458368400155
10774,2351.458368400155
10775,2351.458368400155
10776,2351.458368400155
10777,2351.458368400155
10778,2351.458368400155
10779,2351.458368400155
10780,2351.458368400155
10781,2351.458368400155
10782,2351.458368400155
10783,2351.458368400155
10784,2351.458368400155
10785,2351.458368400155
10786,2351.458368400155
10787,2351.458368400155
10788,2351.458368400155
10789,2351.458368400155
10790,2351.458368400155
10791,2351.458368400155
10792,2351.458368400155
10793,2351.458368400155
10794,2351.458368400155
10795,2351.458368400155
10796,2351.458368400155
10797,2351.458368400155
10798,2351.458368400155
10799,2351.458368400155
10800,2351.458368400155
10801,2351.458368400155
10802,2351.458368400155
10803,2351.458368400155
10804,2351.458368400155
10805,2351.458368400155
10806,2351.458368400155
10807,2351.458368400155
10808,2351.458368400155
10809,2351.458368400155
10810,2351.458368400155
10811,2351.458368400155
10812,2351.458368400155
10813,2351.458368400155
10814,2351.458368400155
10815,2351.458368400155
10816,2351.458368400155
10817,2351.458368400155
10818,2351.458368400155
10819,2351.458368400155
10820,2351.458368400155
10821,2351.458368400155
10822,2351.458368400155
10823,2351.458368400155
10824,2351.458368400155
10825,2351.458368400155
10826,2351.458368400155
10827,2351.458368400155
10828,2351.458368400155
10829,2351.458368400155
10830,2351.458368400155
10831,2351.458368400155
10832,2351.458368400155
10833,2351.458368400155
10834,2351.458368400155
10835,2351.458368400155
10836,2351.458368400155
10837,2351.458368400155
10838,2351.458368400155
10839,2351.458368400155
10840,2351.458368400155
10841,2351.458368400155
10842,2351.458368400155
10843,2351.458368400155
10844,2351.458368400155
10845,2351.458368400155
10846,2351.458368400155
10847,2351.458368400155
10848,2351.458368400155
10849,2351.458368400155
10850,2351.458368400155
10851,2351.458368400155
10852,2351.458368400155
10853,2351.458368400155
10854,2351.458368400155
10855,2351.458368400155
10856,2351.458368400155
10857,2351.458368400155
10858,2351.458368400155
10859,2351.458368400155
10860,2351.458368400155
10861,2351.458368400155
10862,2351.458368400155
10863,2351.458368400155
10864,2351.458368400155
10865,2351.458368400155
10866,2351.458368400155
10867,2351.458368400155
10868,2351.458368400155
10869,2351.458368400155
10870,2351.458368400155
10871,2351.458368400155
10872,2351.458368400155
10873,2351.458368400155
10874,2351.458368400155
10875,2351.458368400155
10876,2351.458368400155
10877,2351.458368400155
10878,2351.458368400155
10879,2351.458368400155
10880,2351.458368400155
10881,2351.458368400155
10882,2351.458368400155
10883,2351.458368400155
10884,2351.458368400155
10885,2351.458368400155
10886,2351.458368400155
10887,2351.458368400155
10888,2351.458368400155
10889,2351.458368400155
10890,2351.458368400155
10891,2351.458368400155
10892,2351.458368400155
10893,2351.458368400155
10894,2351.458368400155
10895,2351.458368400155
10896,2351.458368400155
10897,2351.458368400155
10898,2351.458368400155
10899,2351.458368400155
10900,2351.458368400155
10901,2351.458368400155
10902,2351.458368400155
10903,2351.458368400155
10904,2351.458368400155
10905,2351.458368400155
10906,2351.458368400155
10907,2351.458368400155
10908,2351.458368400155
10909,2351.458368400155
10910,2351.458368400155
10911,2351.458368400155
10912,2351.458368400155
10913,2351.458368400155
10914,2351.458368400155
10915,2351.458368400155
10916,2351.458368400155
10917,2351.458368400155
10918,2351.458368400155
10919,2351.458368400155
10920,2351.458368400155
10921,2351.458368400155
10922,2351.458368400155
10923,2351.458368400155
10924,2351.458368400155
10925,2351.458368400155
10926,2351.458368400155
10927,2351.458368400155
10928,2351.458368400155
10929,2351.458368400155
10930,2351.458368400155
10931,2351.458368400155
10932,2351.458368400155
10933,2351.458368400155
10934,2351.458368400155
10935,2351.458368400155
10936,2351.458368400155
10937,2351.458368400155
10938,2351.458368400155
10939,2351.458368400155
10940,2351.458368400155
10941,2351.458368400155
10942,2351.458368400155
10943,2351.458368400155
10944,2351.458368400155
10945,2351.458368400155
10946,2351.458368400155
10947,2351.458368400155
10948,2351.458368400155
10949,2351.458368400155
10950,2351.458368400155
10951,2351.458368400155
10952,2351.458368400155
10953,2351.458368400155
10954,2351.458368400155
10955,2351.458368400155
10956,2351.458368400155
10957,2351.458368400155
10958,2351.458368400155
10959,2351.458368400155
10960,2351.458368400155
10961,2351.458368400155
10962,2351.458368400155
10963,2351.458368400155
10964,2351.458368400155
10965,2351.458368400155
10966,2351.458368400155
10967,2351.458368400155
10968,2351.458368400155
10969,2351.458368400155
10970,2351.458368400155
10971,2351.458368400155
10972,2351.458368400155
10973,2351.458368400155
10974,2351.458368400155
10975,2351.458368400155
10976,2351.458368400155
10977,2351.458368400155
10978,2351.458368400155
10979,2351.458368400155
10980,2351.458368400155
10981,2351.458368400155
10982,2351.458368400155
10983,2351.458368400155
10984,2351.458368400155
10985,2351.458368400155
10986,2351.458368400155
10987,2351.458368400155
10988,2351.458368400155
10989,2351.458368400155
10990,2351.458368400155
10991,2351.458368400155
10992,2351.458368400155
10993,2351.458368400155
10994,2351.458368400155
10995,2351.458368400155
10996,2351.458368400155
10997,2351.458368400155
10998,2351.458368400155
10999,2351.458368400155
11000,2351.458368400155
11001,2351.458368400155
11002,2351.458368400155
11003,2351.458368400155
11004,2351.458368400155
11005,2351.458368400155
11006,2351.458368400155
11007,2351.458368400155
11008,2351.458368400155
11009,2351.458368400155
11010,2351.458368400155
11011,2351.458368400155
11012,2351.458368400155
11013,2351.458368400155
11014,2351.458368400155
11015,2351.458368400155
11016,2351.458368400155
11017,2351.458368400155
11018,2351.458368400155
11019,2351.458368400155
11020,2351.458368400155
11021,2351.458368400155
11022,2351.458368400155
11023,2351.458368400155
11024,2351.458368400155
11025,2351.458368400155
11026,2351.458368400155
11027,2351.458368400155
11028,2351.458368400155
11029,2351.458368400155
11030,2351.458368400155
11031,2351.458368400155
11032,2351.458368400155
11033,2351.458368400155
11034,2351.458368400155
11035,2351.458368400155
11036,2351.458368400155
11037,2351.458368400155
11038,2351.458368400155
11039,2351.458368400155
11040,2351.458368400155
11041,2351.458368400155
11042,2351.458368400155
11043,2351.458368400155
11044,2351.458368400155
11045,2351.458368400155
11046,2351.458368400155
11047,2351.458368400155
11048,2351.458368400155
11049,2351.458368400155
11050,2351.458368400155
11051,2351.458368400155
11052,2351.458368400155
11053,2351.458368400155
11054,2351.458368400155
11055,2351.458368400155
11056,2351.458368400155
11057,2351.458368400155
11058,2351.458368400155
11059,2351.458368400155
11060,2351.458368400155
11061,2351.458368400155
11062,2351.458368400155
11063,2351.458368400155
11064,2351.458368400155
11065,2351.458368400155
11066,2351.458368400155
11067,2351.458368400155
11068,2351.458368400155
11069,2351.458368400155
11070,2351.458368400155
11071,2351.458368400155
11072,2351.458368400155
11073,2351.458368400155
11074,2351.458368400155
11075,2351.458368400155
11076,2351.458368400155
11077,2351.458368400155
11078,2351.458368400155
11079,2351.458368400155
11080,2351.458368400155
11081,2351.458368400155
11082,2351.458368400155
11083,2351.458368400155
11084,2351.458368400155
11085,2351.458368400155
11086,2351.458368400155
11087,2351.458368400155
11088,2351.458368400155
11089,2351.458368400155
11090,2351.458368400155
11091,2351.458368400155
11092,2351.458368400155
11093,2351.458368400155
11094,2351.458368400155
11095,2351.458368400155
11096,2351.458368400155
11097,2351.458368400155
11098,2351.458368400155
11099,2351.458368400155
11100,2351.458368400155
11101,2351.458368400155
11102,2351.458368400155
11103,2351.458368400155
11104,2351.458368400155
11105,2351.458368400155
11106,2351.458368400155
11107,2351.458368400155
11108,2351.458368400155
11109,2351.458368400155
11110,2351.458368400155
11111,2351.458368400155
11112,2351.458368400155
11113,2351.458368400155
11114,2351.458368400155
11115,2351.458368400155
11116,2351.458368400155
11117,2351.458368400155
11118,2351.458368400155
11119,2351.458368400155
11120,2351.458368400155
11121,2351.458368400155
11122,2351.458368400155
11123,2351.458368400155
11124,2351.458368400155
11125,2351.458368400155
11126,2351.458368400155
11127,2351.458368400155
11128,2351.458368400155
11129,2351.458368400155
11130,2351.458368400155
11131,2351.458368400155
11132,2351.458368400155
11133,2351.458368400155
11134,2351.458368400155
11135,2351.458368400155
11136,2351.458368400155
11137,2351.458368400155
11138,2351.458368400155
11139,2351.458368400155
11140,2351.458368400155
11141,2351.458368400155
11142,2351.458368400155
11143,2351.458368400155
11144,2351.458368400155
11145,2351.458368400155
11146,2351.458368400155
11147,2351.458368400155
11148,2351.458368400155
11149,2351.458368400155
11150,2351.458368400155
11151,2351.458368400155
11152,2351.458368400155
11153,2351.458368400155
11154,2351.458368400155
11155,2351.458368400155
11156,2351.458368400155
11157,2351.458368400155
11158,2351.458368400155
11159,2351.458368400155
11160,2351.458368400155
11161,2351.458368400155
11162,2351.458368400155
11163,2351.458368400155
11164,2351.458368400155
11165,2351.458368400155
11166,2351.458368400155
11167,2351.458368400155
11168,2351.458368400155
11169,2351.458368400155
11170,2351.458368400155
11171,2351.458368400155
11172,2351.458368400155
11173,2351.458368400155
11174,2351.458368400155
11175,2351.458368400155
11176,2351.458368400155
11177,2351.458368400155
11178,2351.458368400155
11179,2351.458368400155
11180,2351.458368400155
11181,2351.458368400155
11182,2351.458368400155
11183,2351.458368400155
11184,2351.458368400155
11185,2351.458368400155
11186,2351.458368400155
11187,2351.458368400155
11188,2351.458368400155
11189,2351.458368400155
11190,2351.458368400155
11191,2351.458368400155
11192,2351.458368400155
11193,2351.458368400155
11194,2351.458368400155
11195,2351.458368400155
11196,2351.458368400155
11197,2351.458368400155
11198,2351.458368400155
11199,2351.458368400155
11200,2351.458368400155
11201,2351.458368400155
11202,2351.458368400155
11203,2351.458368400155
11204,2351.458368400155
11205,2351.458368400155
11206,2351.458368400155
11207,2351.458368400155
11208,2351.458368400155
11209,2351.458368400155
11210,2351.458368400155
11211,2351.458368400155
11212,2351.458368400155
11213,2351.458368400155
11214,2351.458368400155
11215,2351.458368400155
11216,2351.458368400155
11217,2351.458368400155
11218,2351.458368400155
11219,2351.458368400155
11220,2351.458368400155
11221,2351.458368400155
11222,2351.458368400155
11223,2351.458368400155
11224,2351.458368400155
11225,2351.458368400155
11226,2351.458368400155
11227,2351.458368400155
11228,2351.458368400155
11229,2351.458368400155
11230,2351.458368400155
11231,2351.458368400155
11232,2351.458368400155
11233,2351.458368400155
11234,2351.458368400155
11235,2351.458368400155
11236,2351.458368400155
11237,2351.458368400155
11238,2351.458368400155
11239,2351.458368400155
11240,2351.458368400155
11241,2351.458368400155
11242,2351.458368400155
11243,2351.458368400155
11244,2351.458368400155
11245,2351.458368400155
11246,2351.458368400155
11247,2351.458368400155
11248,2351.458368400155
11249,2351.458368400155
11250,2351.458368400155
11251,2351.458368400155
11252,2351.458368400155
11253,2351.458368400155
11254,2351.458368400155
11255,2351.458368400155
11256,2351.458368400155
11257,2351.458368400155
11258,2351.458368400155
11259,2351.458368400155
11260,2351.458368400155
11261,2351.458368400155
11262,2351.458368400155
11263,2351.458368400155
11264,2351.458368400155
11265,2351.458368400155
11266,2351.458368400155
11267,2351.458368400155
11268,2351.458368400155
11269,2351.458368400155
11270,2351.458368400155
11271,2351.458368400155
11272,2351.458368400155
11273,2351.458368400155
11274,2351.458368400155
11275,2351.458368400155
11276,2351.458368400155
11277,2351.458368400155
11278,2351.458368400155
11279,2351.458368400155
11280,2351.458368400155
11281,2351.458368400155
11282,2351.458368400155
11283,2351.458368400155
11284,2351.458368400155
11285,2351.458368400155
11286,2351.458368400155
11287,2351.458368400155
11288,2351.458368400155
11289,2351.458368400155
11290,2351.458368400155
11291,2351.458368400155
11292,2351.458368400155
11293,2351.458368400155
11294,2351.458368400155
11295,2351.458368400155
11296,2351.458368400155
11297,2351.458368400155
11298,2351.458368400155
11299,2351.458368400155
11300,2351.458368400155
11301,2351.458368400155
11302,2351.458368400155
11303,2351.458368400155
11304,2351.458368400155
11305,2351.458368400155
11306,2351.458368400155
11307,2351.458368400155
11308,2351.458368400155
11309,2351.458368400155
11310,2351.458368400155
11311,2351.458368400155
11312,2351.458368400155
11313,2351.458368400155
11314,2351.458368400155
11315,2351.458368400155
11316,2351.458368400155
11317,2351.458368400155
11318,2351.458368400155
11319,2351.458368400155
11320,2351.458368400155
11321,2351.458368400155
11322,2351.458368400155
11323,2351.458368400155
11324,2351.458368400155
11325,2351.458368400155
11326,2351.458368400155
11327,2351.458368400155
11328,2351.458368400155
11329,2351.458368400155
11330,2351.458368400155
11331,2351.458368400155
11332,2351.458368400155
11333,2351.458368400155
11334,2351.458368400155
11335,2351.458368400155
11336,2351.458368400155
11337,2351.458368400155
11338,2351.458368400155
11339,2351.458368400155
11340,2351.458368400155
11341,2351.458368400155
11342,2351.458368400155
11343,2351.458368400155
11344,2351.458368400155
11345,2351.458368400155
11346,2351.458368400155
11347,2351.458368400155
11348,2351.458368400155
11349,2351.458368400155
11350,2351.458368400155
11351,2351.458368400155
11352,2351.458368400155
11353,2351.458368400155
11354,2351.458368400155
11355,2351.458368400155
11356,2351.458368400155
11357,2351.458368400155
11358,2351.458368400155
11359,2351.458368400155
11360,2351.458368400155
11361,2351.458368400155
11362,2351.458368400155
11363,2351.458368400155
11364,2351.458368400155
11365,2351.458368400155
11366,2351.458368400155
11367,2351.458368400155
11368,2351.458368400155
11369,2351.458368400155
11370,2351.458368400155
11371,2351.458368400155
11372,2351.458368400155
11373,2351.458368400155
11374,2351.458368400155
11375,2351.458368400155
11376,2351.458368400155
11377,2351.458368400155
11378,2351.458368400155
11379,2351.458368400155
11380,2351.458368400155
11381,2351.458368400155
11382,2351.458368400155
11383,2351.458368400155
11384,2351.458368400155
11385,2351.458368400155
11386,2351.458368400155
11387,2351.458368400155
11388,2351.458368400155
11389,2351.458368400155
11390,2351.458368400155
11391,2351.458368400155
11392,2351.458368400155
11393,2351.458368400155
11394,2351.458368400155
11395,2351.458368400155
11396,2351.458368400155
11397,2351.458368400155
11398,2351.458368400155
11399,2351.458368400155
11400,2351.458368400155
11401,2351.458368400155
11402,2351.458368400155
11403,2351.458368400155
11404,2351.458368400155
11405,2351.458368400155
11406,2351.458368400155
11407,2351.458368400155
11408,2351.458368400155
11409,2351.458368400155
11410,2351.458368400155
11411,2351.458368400155
11412,2351.458368400155
11413,2351.458368400155
11414,2351.458368400155
11415,2351.458368400155
11416,2351.458368400155
11417,2351.458368400155
11418,2351.458368400155
11419,2351.458368400155
11420,2351.458368400155
11421,2351.458368400155
11422,2351.458368400155
11423,2351.458368400155
11424,2351.458368400155
11425,2351.458368400155
11426,2351.458368400155
11427,2351.458368400155
11428,2351.458368400155
11429,2351.458368400155
11430,2351.458368400155
11431,2351.458368400155
11432,2351.458368400155
11433,2351.458368400155
11434,2351.458368400155
11435,2351.458368400155
11436,2351.458368400155
11437,2351.458368400155
11438,2351.458368400155
11439,2351.458368400155
11440,2351.458368400155
11441,2351.458368400155
11442,2351.458368400155
11443,2351.458368400155
11444,2351.458368400155
11445,2351.458368400155
11446,2351.458368400155
11447,2351.458368400155
11448,2351.458368400155
11449,2351.458368400155
11450,2351.458368400155
11451,2351.458368400155
11452,2351.458368400155
11453,2351.458368400155
11454,2351.458368400155
11455,2351.458368400155
11456,2351.458368400155
11457,2351.458368400155
11458,2351.458368400155
11459,2351.458368400155
11460,2351.458368400155
11461,2351.458368400155
11462,2351.458368400155
11463,2351.458368400155
11464,2351.458368400155
11465,2351.458368400155
11466,2351.458368400155
11467,2351.458368400155
11468,2351.458368400155
11469,2351.458368400155
11470,2351.458368400155
11471,2351.458368400155
11472,2351.458368400155
11473,2351.458368400155
11474,2351.458368400155
11475,2351.458368400155
11476,2351.458368400155
11477,2351.458368400155
11478,2351.458368400155
11479,2351.458368400155
11480,2351.458368400155
11481,2351.458368400155
11482,2351.458368400155
11483,2351.458368400155
11484,2351.458368400155
11485,2351.458368400155
11486,2351.458368400155
11487,2351.458368400155
11488,2351.458368400155
11489,2351.458368400155
11490,2351.458368400155
11491,2351.458368400155
11492,2351.458368400155
11493,2351.458368400155
11494,2351.458368400155
11495,2351.458368400155
11496,2351.458368400155
11497,2351.458368400155
11498,2351.458368400155
11499,2351.458368400155
11500,2351.458368400155
11501,2351.458368400155
11502,2351.458368400155
11503,2351.458368400155
11504,2351.458368400155
11505,2351.458368400155
11506,2351.458368400155
11507,2351.458368400155
11508,2351.458368400155
11509,2351.458368400155
11510,2351.458368400155
11511,2351.458368400155
11512,2351.458368400155
11513,2351.458368400155
11514,2351.458368400155
11515,2351.458368400155
11516,2351.458368400155
11517,2351.458368400155
11518,2351.458368400155
11519,2351.458368400155
11520,2351.458368400155
11521,2351.458368400155
11522,2351.458368400155
11523,2351.458368400155
11524,2351.458368400155
11525,2351.458368400155
11526,2351.458368400155
11527,2351.458368400155
11528,2351.458368400155
11529,2351.458368400155
11530,2351.458368400155
11531,2351.458368400155
11532,2351.458368400155
11533,2351.458368400155
11534,2351.458368400155
11535,2351.458368400155
11536,2351.458368400155
11537,2351.458368400155
11538,2351.458368400155
11539,2351.458368400155
11540,2351.458368400155
11541,2351.458368400155
11542,2351.458368400155
11543,2351.458368400155
11544,2351.458368400155
11545,2351.458368400155
11546,2351.458368400155
11547,2351.458368400155
11548,2351.458368400155
11549,2351.458368400155
11550,2351.458368400155
11551,2351.458368400155
11552,2351.458368400155
11553,2351.458368400155
11554,2351.458368400155
11555,2351.458368400155
11556,2351.458368400155
11557,2351.458368400155
11558,2351.458368400155
11559,2351.458368400155
11560,2351.458368400155
11561,2351.458368400155
11562,2351.458368400155
11563,2351.458368400155
11564,2351.458368400155
11565,2351.458368400155
11566,2351.458368400155
11567,2351.458368400155
11568,2351.458368400155
11569,2351.458368400155
11570,2351.458368400155
11571,2351.458368400155
11572,2351.458368400155
11573,2351.458368400155
11574,2351.458368400155
11575,2351.458368400155
11576,2351.458368400155
11577,2351.458368400155
11578,2351.458368400155
11579,2351.458368400155
11580,2351.458368400155
11581,2351.458368400155
11582,2351.458368400155
11583,2351.458368400155
11584,2351.458368400155
11585,2351.458368400155
11586,2351.458368400155
11587,2351.458368400155
11588,2351.458368400155
11589,2351.458368400155
11590,2351.458368400155
11591,2351.458368400155
11592,2351.458368400155
11593,2351.458368400155
11594,2351.458368400155
11595,2351.458368400155
11596,2351.458368400155
11597,2351.458368400155
11598,2351.458368400155
11599,2351.458368400155
11600,2351.458368400155
11601,2351.458368400155
11602,2351.458368400155
11603,2351.458368400155
11604,2351.458368400155
11605,2351.458368400155
11606,2351.458368400155
11607,2351.458368400155
11608,2351.458368400155
11609,2351.458368400155
11610,2351.458368400155
11611,2351.458368400155
11612,2351.458368400155
11613,2351.458368400155
11614,2351.458368400155
11615,2351.458368400155
11616,2351.458368400155
11617,2351.458368400155
11618,2351.458368400155
11619,2351.458368400155
11620,2351.458368400155
11621,2351.458368400155
11622,2351.458368400155
11623,2351.458368400155
11624,2351.458368400155
11625,2351.458368400155
11626,2351.458368400155
11627,2351.458368400155
11628,2351.458368400155
11629,2351.458368400155
11630,2351.458368400155
11631,2351.458368400155
11632,2351.458368400155
11633,2351.458368400155
11634,2351.458368400155
11635,2351.458368400155
11636,2351.458368400155
11637,2351.458368400155
11638,2351.458368400155
11639,2351.458368400155
11640,2351.458368400155
11641,2351.458368400155
11642,2351.458368400155
11643,2351.458368400155
11644,2351.458368400155
11645,2351.458368400155
11646,2351.458368400155
11647,2351.458368400155
11648,2351.458368400155
11649,2351.458368400155
11650,2351.458368400155
11651,2351.458368400155
11652,2351.458368400155
11653,2351.458368400155
11654,2351.458368400155
11655,2351.458368400155
11656,2351.458368400155
11657,2351.458368400155
11658,2351.458368400155
11659,2351.458368400155
11660,2351.458368400155
11661,2351.458368400155
11662,2351.458368400155
11663,2351.458368400155
11664,2351.458368400155
11665,2351.458368400155
11666,2351.458368400155
11667,2351.458368400155
11668,2351.458368400155
11669,2351.458368400155
11670,2351.458368400155
11671,2351.458368400155
11672,2351.458368400155
11673,2351.458368400155
11674,2351.458368400155
11675,2351.458368400155
11676,2351.458368400155
11677,2351.458368400155
11678,2351.458368400155
11679,2351.458368400155
11680,2351.458368400155
11681,2351.458368400155
11682,2351.458368400155
11683,2351.458368400155
11684,2351.458368400155
11685,2351.458368400155
11686,2351.458368400155
11687,2351.458368400155
11688,2351.458368400155
11689,2351.458368400155
11690,2351.458368400155
11691,2351.458368400155
11692,2351.458368400155
11693,2351.458368400155
11694,2351.458368400155
11695,2351.458368400155
11696,2351.458368400155
11697,2351.458368400155
11698,2351.458368400155
11699,2351.458368400155
11700,2351.458368400155
11701,2351.458368400155
11702,2351.458368400155
11703,2351.458368400155
11704,2351.458368400155
11705,2351.458368400155
11706,2351.458368400155
11707,2351.458368400155
11708,2351.458368400155
11709,2351.458368400155
11710,2351.458368400155
11711,2351.458368400155
11712,2351.458368400155
11713,2351.458368400155
11714,2351.458368400155
11715,2351.458368400155
11716,2351.458368400155
11717,2351.458368400155
11718,2351.458368400155
11719,2351.458368400155
11720,2351.458368400155
11721,2351.458368400155
11722,2351.458368400155
11723,2351.458368400155
11724,2351.458368400155
11725,2351.458368400155
11726,2351.458368400155
11727,2351.458368400155
11728,2351.458368400155
11729,2351.458368400155
11730,2351.458368400155
11731,2351.458368400155
11732,2351.458368400155
11733,2351.458368400155
11734,2351.458368400155
11735,2351.458368400155
11736,2351.458368400155
11737,2351.458368400155
11738,2351.458368400155
11739,2351.458368400155
11740,2351.458368400155
11741,2351.458368400155
11742,2351.458368400155
11743,2351.458368400155
11744,2351.458368400155
11745,2351.458368400155
11746,2351.458368400155
11747,2351.458368400155
11748,2351.458368400155
11749,2351.458368400155
11750,2351.458368400155
11751,2351.458368400155
11752,2351.458368400155
11753,2351.458368400155
11754,2351.458368400155
11755,2351.458368400155
11756,2351.458368400155
11757,2351.458368400155
11758,2351.458368400155
11759,2351.458368400155
11760,2351.458368400155
11761,2351.458368400155
11762,2351.458368400155
11763,2351.458368400155
11764,2351.458368400155
11765,2351.458368400155
11766,2351.458368400155
11767,2351.458368400155
11768,2351.458368400155
11769,2351.458368400155
11770,2351.458368400155
11771,2351.458368400155
11772,2351.458368400155
11773,2351.458368400155
11774,2351.458368400155
11775,2351.458368400155
11776,2351.458368400155
11777,2351.458368400155
11778,2351.458368400155
11779,2351.458368400155
11780,2351.458368400155
11781,2351.458368400155
11782,2351.458368400155
11783,2351.458368400155
11784,2351.458368400155
11785,2351.458368400155
11786,2351.458368400155
11787,2351.458368400155
11788,2351.458368400155
11789,2351.458368400155
11790,2351.458368400155
11791,2351.458368400155
11792,2351.458368400155
11793,2351.458368400155
11794,2351.458368400155
11795,2351.458368400155
11796,2351.458368400155
11797,2351.458368400155
11798,2351.458368400155
11799,2351.458368400155
11800,2351.458368400155
11801,2351.458368400155
11802,2351.458368400155
11803,2351.458368400155
11804,2351.458368400155
11805,2351.458368400155
11806,2351.458368400155
11807,2351.458368400155
11808,2351.458368400155
11809,2351.458368400155
11810,2351.458368400155
11811,2351.458368400155
11812,2351.458368400155
11813,2351.458368400155
11814,2351.458368400155
11815,2351.458368400155
11816,2351.458368400155
11817,2351.458368400155
11818,2351.458368400155
11819,2351.458368400155
11820,2351.458368400155
11821,2351.458368400155
11822,2351.458368400155
11823,2351.458368400155
11824,2351.458368400155
11825,2351.458368400155
11826,2351.458368400155
11827,2351.458368400155
11828,2351.458368400155
11829,2351.458368400155
11830,2351.458368400155
11831,2351.458368400155
11832,2351.458368400155
11833,2351.458368400155
11834,2351.458368400155
11835,2351.458368400155
11836,2351.458368400155
11837,2351.458368400155
11838,2351.458368400155
11839,2351.458368400155
11840,2351.458368400155
11841,2351.458368400155
11842,2351.458368400155
11843,2351.458368400155
11844,2351.458368400155
11845,2351.458368400155
11846,2351.458368400155
11847,2351.458368400155
11848,2351.458368400155
11849,2351.458368400155
11850,2351.458368400155
11851,2351.458368400155
11852,2351.458368400155
11853,2351.458368400155
11854,2351.458368400155
11855,2351.458368400155
11856,2351.458368400155
11857,2351.458368400155
11858,2351.458368400155
11859,2351.458368400155
11860,2351.458368400155
11861,2351.458368400155
11862,2351.458368400155
11863,2351.458368400155
11864,2351.458368400155
11865,2351.458368400155
11866,2351.458368400155
11867,2351.458368400155
11868,2351.458368400155
11869,2351.458368400155
11870,2351.458368400155
11871,2351.458368400155
11872,2351.458368400155
11873,2351.458368400155
11874,2351.458368400155
11875,2351.458368400155
11876,2351.458368400155
11877,2351.458368400155
11878,2351.458368400155
11879,2351.458368400155
11880,2351.458368400155
11881,2351.458368400155
11882,2351.458368400155
11883,2351.458368400155
11884,2351.458368400155
11885,2351.458368400155
11886,2351.458368400155
11887,2351.458368400155
11888,2351.458368400155
11889,2351.458368400155
11890,2351.458368400155
11891,2351.458368400155
11892,2351.458368400155
11893,2351.458368400155
11894,2351.458368400155
11895,2351.458368400155
11896,2351.458368400155
11897,2351.458368400155
11898,2351.458368400155
11899,2351.458368400155
11900,2351.458368400155
11901,2351.458368400155
11902,2351.458368400155
11903,2351.458368400155
11904,2351.458368400155
11905,2351.458368400155
11906,2351.458368400155
11907,2351.458368400155
11908,2351.458368400155
11909,2351.458368400155
11910,2351.458368400155
11911,2351.458368400155
11912,2351.458368400155
11913,2351.458368400155
11914,2351.458368400155
11915,2351.458368400155
11916,2351.458368400155
11917,2351.458368400155
11918,2351.458368400155
11919,2351.458368400155
11920,2351.458368400155
11921,2351.458368400155
11922,2351.458368400155
11923,2351.458368400155
11924,2351.458368400155
11925,2351.458368400155
11926,2351.458368400155
11927,2351.458368400155
11928,2351.458368400155
11929,2351.458368400155
11930,2351.458368400155
11931,2351.458368400155
11932,2351.458368400155
11933,2351.458368400155
11934,2351.458368400155
11935,2351.458368400155
11936,2351.458368400155
11937,2351.458368400155
11938,2351.458368400155
11939,2351.458368400155
11940,2351.458368400155
11941,2351.458368400155
11942,2351.458368400155
11943,2351.458368400155
11944,2351.458368400155
11945,2351.458368400155
11946,2351.458368400155
11947,2351.458368400155
11948,2351.458368400155
11949,2351.458368400155
11950,2351.458368400155
11951,2351.458368400155
11952,2351.458368400155
11953,2351.458368400155
11954,2351.458368400155
11955,2351.458368400155
11956,2351.458368400155
11957,2351.458368400155
11958,2351.458368400155
11959,2351.458368400155
11960,2351.458368400155
11961,2351.458368400155
11962,2351.458368400155
11963,2351.458368400155
11964,2351.458368400155
11965,2351.458368400155
11966,2351.458368400155
11967,2351.458368400155
11968,2351.458368400155
11969,2351.458368400155
11970,2351.458368400155
11971,2351.458368400155
11972,2351.458368400155
11973,2351.458368400155
11974,2351.458368400155
11975,2351.458368400155
11976,2351.458368400155
11977,2351.458368400155
11978,2351.458368400155
11979,2351.458368400155
11980,2351.458368400155
11981,2351.458368400155
11982,2351.458368400155
11983,2351.458368400155
11984,2351.458368400155
11985,2351.458368400155
11986,2351.458368400155
11987,2351.458368400155
11988,2351.458368400155
11989,2351.458368400155
11990,2351.458368400155
11991,2351.458368400155
11992,2351.458368400155
11993,2351.458368400155
11994,2351.458368400155
11995,2351.458368400155
11996,2351.458368400155
11997,2351.458368400155
11998,2351.458368400155
11999,2351.458368400155
12000,2351.458368400155
12001,2351.458368400155
12002,2351.458368400155
12003,2351.458368400155
12004,2351.458368400155
12005,2351.458368400155
12006,2351.458368400155
12007,2351.458368400155
12008,2351.458368400155
12009,2351.458368400155
12010,2351.458368400155
12011,2351.458368400155
12012,2351.458368400155
12013,2351.458368400155
12014,2351.458368400155
12015,2351.458368400155
12016,2351.458368400155
12017,2351.458368400155
12018,2351.458368400155
12019,2351.458368400155
12020,2351.458368400155
12021,2351.458368400155
12022,2351.458368400155
12023,2351.458368400155
12024,2351.458368400155
12025,2351.458368400155
12026,2351.458368400155
12027,2351.458368400155
12028,2351.458368400155
12029,2351.458368400155
12030,2351.458368400155
12031,2351.458368400155
12032,2351.458368400155
12033,2351.458368400155
12034,2351.458368400155
12035,2351.458368400155
12036,2351.458368400155
12037,2351.458368400155
12038,2351.458368400155
12039,2351.458368400155
12040,2351.458368400155
12041,2351.458368400155
12042,2351.458368400155
12043,2351.458368400155
12044,2351.458368400155
12045,2351.458368400155
12046,2351.458368400155
12047,2351.458368400155
12048,2351.458368400155
12049,2351.458368400155
12050,2351.458368400155
12051,2351.458368400155
12052,2351.458368400155
12053,2351.458368400155
12054,2351.458368400155
12055,2351.458368400155
12056,2351.458368400155
12057,2351.458368400155
12058,2351.458368400155
12059,2351.458368400155
12060,2351.458368400155
12061,2351.458368400155
12062,2351.458368400155
12063,2351.458368400155
12064,2351.458368400155
12065,2351.458368400155
12066,2351.458368400155
12067,2351.458368400155
12068,2351.458368400155
12069,2351.458368400155
12070,2351.458368400155
12071,2351.458368400155
12072,2351.458368400155
12073,2351.458368400155
12074,2351.458368400155
12075,2351.458368400155
12076,2351.458368400155
12077,2351.458368400155
12078,2351.458368400155
12079,2351.458368400155
12080,2351.458368400155
12081,2351.458368400155
12082,2351.458368400155
12083,2351.458368400155
12084,2351.458368400155
12085,2351.458368400155
12086,2351.458368400155
12087,2351.458368400155
12088,2351.458368400155
12089,2351.458368400155
12090,2351.458368400155
12091,2351.458368400155
12092,2351.458368400155
12093,2351.458368400155
12094,2351.458368400155
12095,2351.458368400155
12096,2351.458368400155
12097,2351.458368400155
12098,2351.458368400155
12099,2351.458368400155
12100,2351.458368400155
12101,2351.458368400155
12102,2351.458368400155
12103,2351.458368400155
12104,2351.458368400155
12105,2351.458368400155
12106,2351.458368400155
12107,2351.458368400155
12108,2351.458368400155
12109,2351.458368400155
12110,2351.458368400155
12111,2351.458368400155
12112,2351.458368400155
12113,2351.458368400155
12114,2351.458368400155
12115,2351.458368400155
12116,2351.458368400155
12117,2351.458368400155
12118,2351.458368400155
12119,2351.458368400155
12120,2351.458368400155
12121,2351.458368400155
12122,2351.458368400155
12123,2351.458368400155
12124,2351.458368400155
12125,2351.458368400155
12126,2351.458368400155
12127,2351.458368400155
12128,2351.458368400155
12129,2351.458368400155
12130,2351.458368400155
12131,2351.458368400155
12132,2351.458368400155
12133,2351.458368400155
12134,2351.458368400155
12135,2351.458368400155
12136,2351.458368400155
12137,2351.458368400155
12138,2351.458368400155
12139,2351.458368400155
12140,2351.458368400155
12141,2351.458368400155
12142,2351.458368400155
12143,2351.458368400155
12144,2351.458368400155
12145,2351.458368400155
12146,2351.458368400155
12147,2351.458368400155
12148,2351.458368400155
12149,2351.458368400155
12150,2351.458368400155
12151,2351.458368400155
12152,2351.458368400155
12153,2351.458368400155
12154,2351.458368400155
12155,2351.458368400155
12156,2351.458368400155
12157,2351.458368400155
12158,2351.458368400155
12159,2351.458368400155
12160,2351.458368400155
12161,2351.458368400155
12162,2351.458368400155
12163,2351.458368400155
12164,2351.458368400155
12165,2351.458368400155
12166,2351.458368400155
12167,2351.458368400155
12168,2351.458368400155
12169,2351.458368400155
12170,2351.458368400155
12171,2351.458368400155
12172,2351.458368400155
12173,2351.458368400155
12174,2351.458368400155
12175,2351.458368400155
12176,2351.458368400155
12177,2351.458368400155
12178,2351.458368400155
12179,2351.458368400155
12180,2351.458368400155
12181,2351.458368400155
12182,2351.458368400155
12183,2351.458368400155
12184,2351.458368400155
12185,2351.458368400155
12186,2351.458368400155
12187,2351.458368400155
12188,2351.458368400155
12189,2351.458368400155
12190,2351.458368400155
12191,2351.458368400155
12192,2351.458368400155
12193,2351.458368400155
12194,2351.458368400155
12195,2351.458368400155
12196,2351.458368400155
12197,2351.458368400155
12198,2351.458368400155
12199,2351.458368400155
12200,2351.458368400155
12201,2351.458368400155
12202,2351.458368400155
12203,2351.458368400155
12204,2351.458368400155
12205,2351.458368400155
12206,2351.458368400155
12207,2351.458368400155
12208,2351.458368400155
12209,2351.458368400155
12210,2351.458368400155
12211,2351.458368400155
12212,2351.458368400155
12213,2351.458368400155
12214,2351.458368400155
12215,2351.458368400155
12216,2351.458368400155
12217,2351.458368400155
12218,2351.458368400155
12219,2351.458368400155
12220,2351.458368400155
12221,2351.458368400155
12222,2351.458368400155
12223,2351.458368400155
12224,2351.458368400155
12225,2351.458368400155
12226,2351.458368400155
12227,2351.458368400155
12228,2351.458368400155
12229,2351.458368400155
12230,2351.458368400155
12231,2351.458368400155
12232,2351.458368400155
12233,2351.458368400155
12234,2351.458368400155
12235,2351.458368400155
12236,2351.458368400155
12237,2351.458368400155
12238,2351.458368400155
12239,2351.458368400155
12240,2351.458368400155
12241,2351.458368400155
12242,2351.458368400155
12243,2351.458368400155
12244,2351.458368400155
12245,2351.458368400155
12246,2351.458368400155
12247,2351.458368400155
12248,2351.458368400155
12249,2351.458368400155
12250,2351.458368400155
12251,2351.458368400155
12252,2351.458368400155
12253,2351.458368400155
12254,2351.458368400155
12255,2351.458368400155
12256,2351.458368400155
12257,2351.458368400155
12258,2351.458368400155
12259,2351.458368400155
12260,2351.458368400155
12261,2351.458368400155
12262,2351.458368400155
12263,2351.458368400155
12264,2351.458368400155
12265,2351.458368400155
12266,2351.458368400155
12267,2351.458368400155
12268,2351.458368400155
12269,2351.458368400155
12270,2351.458368400155
12271,2351.458368400155
12272,2351.458368400155
12273,2351.458368400155
12274,2351.458368400155
12275,2351.458368400155
12276,2351.458368400155
12277,2351.458368400155
12278,2351.458368400155
12279,2351.458368400155
12280,2351.458368400155
12281,2351.458368400155
12282,2351.458368400155
12283,2351.458368400155
12284,2351.458368400155
12285,2351.458368400155
12286,2351.458368400155
12287,2351.458368400155
12288,2351.458368400155
12289,2351.458368400155
12290,2351.458368400155
12291,2351.458368400155
12292,2351.458368400155
12293,2351.458368400155
12294,2351.458368400155
12295,2351.458368400155
12296,2351.458368400155
12297,2351.458368400155
12298,2351.458368400155
12299,2351.458368400155
12300,2351.458368400155
12301,2351.458368400155
12302,2351.458368400155
12303,2351.458368400155
12304,2351.458368400155
12305,2351.458368400155
12306,2351.458368400155
12307,2351.458368400155
12308,2351.458368400155
12309,2351.458368400155
12310,2351.458368400155
12311,2351.458368400155
12312,2351.458368400155
12313,2351.458368400155
12314,2351.458368400155
12315,2351.458368400155
12316,2351.458368400155
12317,2351.458368400155
12318,2351.458368400155
12319,2351.458368400155
12320,2351.458368400155
12321,2351.458368400155
12322,2351.458368400155
12323,2351.458368400155
12324,2351.458368400155
12325,2351.458368400155
12326,2351.458368400155
12327,2351.458368400155
12328,2351.458368400155
12329,2351.458368400155
12330,2351.458368400155
12331,2351.458368400155
12332,2351.458368400155
12333,2351.458368400155
12334,2351.458368400155
12335,2351.458368400155
12336,2351.458368400155
12337,2351.458368400155
12338,2351.458368400155
12339,2351.458368400155
12340,2351.458368400155
12341,2351.458368400155
12342,2351.458368400155
12343,2351.458368400155
12344,2351.458368400155
12345,2351.458368400155
12346,2351.458368400155
12347,2351.458368400155
12348,2351.458368400155
12349,2351.458368400155
12350,2351.458368400155
12351,2351.458368400155
12352,2351.458368400155
12353,2351.458368400155
12354,2351.458368400155
12355,2351.458368400155
12356,2351.458368400155
12357,2351.458368400155
12358,2351.458368400155
12359,2351.458368400155
12360,2351.458368400155
12361,2351.458368400155
12362,2351.458368400155
12363,2351.458368400155
12364,2351.458368400155
12365,2351.458368400155
12366,2351.458368400155
12367,2351.458368400155
12368,2351.458368400155
12369,2351.458368400155
12370,2351.458368400155
12371,2351.458368400155
12372,2351.458368400155
12373,2351.458368400155
12374,2351.458368400155
12375,2351.458368400155
12376,2351.458368400155
12377,2351.458368400155
12378,2351.458368400155
12379,2351.458368400155
12380,2351.458368400155
12381,2351.458368400155
12382,2351.458368400155
12383,2351.458368400155
12384,2351.458368400155
12385,2351.458368400155
12386,2351.458368400155
12387,2351.458368400155
12388,2351.458368400155
12389,2351.458368400155
12390,2351.458368400155
12391,2351.458368400155
12392,2351.458368400155
12393,2351.458368400155
12394,2351.458368400155
12395,2351.458368400155
12396,2351.458368400155
12397,2351.458368400155
12398,2351.458368400155
12399,2351.458368400155
12400,2351.458368400155
12401,2351.458368400155
12402,2351.458368400155
12403,2351.458368400155
12404,2351.458368400155
12405,2351.458368400155
12406,2351.458368400155
12407,2351.458368400155
12408,2351.458368400155
12409,2351.458368400155
12410,2351.458368400155
12411,2351.458368400155
12412,2351.458368400155
12413,2351.458368400155
12414,2351.458368400155
12415,2351.458368400155
12416,2351.458368400155
12417,2351.458368400155
12418,2351.458368400155
12419,2351.458368400155
12420,2351.458368400155
12421,2351.458368400155
12422,2351.458368400155
12423,2351.458368400155
12424,2351.458368400155
12425,2351.458368400155
12426,2351.458368400155
12427,2351.458368400155
12428,2351.458368400155
12429,2351.458368400155
12430,2351.458368400155
12431,2351.458368400155
12432,2351.458368400155
12433,2351.458368400155
12434,2351.458368400155
12435,2351.458368400155
12436,2351.458368400155
12437,2351.458368400155
12438,2351.458368400155
12439,2351.458368400155
12440,2351.458368400155
12441,2351.458368400155
12442,2351.458368400155
12443,2351.458368400155
12444,2351.458368400155
12445,2351.458368400155
12446,2351.458368400155
12447,2351.458368400155
12448,2351.458368400155
12449,2351.458368400155
12450,2351.458368400155
12451,2351.458368400155
12452,2351.458368400155
12453,2351.458368400155
12454,2351.458368400155
12455,2351.458368400155
12456,2351.458368400155
12457,2351.458368400155
12458,2351.458368400155
12459,2351.458368400155
12460,2351.458368400155
12461,2351.458368400155
12462,2351.458368400155
12463,2351.458368400155
12464,2351.458368400155
12465,2351.458368400155
12466,2351.458368400155
12467,2351.458368400155
12468,2351.458368400155
12469,2351.458368400155
12470,2351.458368400155
12471,2351.458368400155
12472,2351.458368400155
12473,2351.458368400155
12474,2351.458368400155
12475,2351.458368400155
12476,2351.458368400155
12477,2351.458368400155
12478,2351.458368400155
12479,2351.458368400155
12480,2351.458368400155
12481,2351.458368400155
12482,2351.458368400155
12483,2351.458368400155
12484,2351.458368400155
12485,2351.458368400155
12486,2351.458368400155
12487,2351.458368400155
12488,2351.458368400155
12489,2351.458368400155
12490,2351.458368400155
12491,2351.458368400155
12492,2351.458368400155
12493,2351.458368400155
12494,2351.458368400155
12495,2351.458368400155
12496,2351.458368400155
12497,2351.458368400155
12498,2351.458368400155
12499,2351.458368400155
12500,2351.458368400155
12501,2351.458368400155
12502,2351.458368400155
12503,2351.458368400155
12504,2351.458368400155
12505,2351.458368400155
12506,2351.458368400155
12507,2351.458368400155
12508,2351.458368400155
12509,2351.458368400155
12510,2351.458368400155
12511,2351.458368400155
12512,2351.458368400155
12513,2351.458368400155
12514,2351.458368400155
12515,2351.458368400155
12516,2351.458368400155
12517,2351.458368400155
12518,2351.458368400155
12519,2351.458368400155
12520,2351.458368400155
12521,2351.458368400155
12522,2351.458368400155
12523,2351.458368400155
12524,2351.458368400155
12525,2351.458368400155
12526,2351.458368400155
12527,2351.458368400155
12528,2351.458368400155
12529,2351.458368400155
12530,2351.458368400155
12531,2351.458368400155
12532,2351.458368400155
12533,2351.458368400155
12534,2351.458368400155
12535,2351.458368400155
12536,2351.458368400155
12537,2351.458368400155
12538,2351.458368400155
12539,2351.458368400155
12540,2351.458368400155
12541,2351.458368400155
12542,2351.458368400155
12543,2351.458368400155
12544,2351.458368400155
12545,2351.458368400155
12546,2351.458368400155
12547,2351.458368400155
12548,2351.458368400155
12549,2351.458368400155
12550,2351.458368400155
12551,2351.458368400155
12552,2351.458368400155
12553,2351.458368400155
12554,2351.458368400155
12555,2351.458368400155
12556,2351.458368400155
12557,2351.458368400155
12558,2351.458368400155
12559,2351.458368400155
12560,2351.458368400155
12561,2351.458368400155
12562,2351.458368400155
12563,2351.458368400155
12564,2351.458368400155
12565,2351.458368400155
12566,2351.458368400155
12567,2351.458368400155
12568,2351.458368400155
12569,2351.458368400155
12570,2351.458368400155
12571,2351.458368400155
12572,2351.458368400155
12573,2351.458368400155
12574,2351.458368400155
12575,2351.458368400155
12576,2351.458368400155
12577,2351.458368400155
12578,2351.458368400155
12579,2351.458368400155
12580,2351.458368400155
12581,2351.458368400155
12582,2351.458368400155
12583,2351.458368400155
12584,2351.458368400155
12585,2351.458368400155
12586,2351.458368400155
12587,2351.458368400155
12588,2351.458368400155
12589,2351.458368400155
12590,2351.458368400155
12591,2351.458368400155
12592,2351.458368400155
12593,2351.458368400155
12594,2351.458368400155
12595,2351.458368400155
12596,2351.458368400155
12597,2351.458368400155
12598,2351.458368400155
12599,2351.458368400155
12600,2351.458368400155
12601,2351.458368400155
12602,2351.458368400155
12603,2351.458368400155
12604,2351.458368400155
12605,2351.458368400155
12606,2351.458368400155
12607,2351.458368400155
12608,2351.458368400155
12609,2351.458368400155
12610,2351.458368400155
12611,2351.458368400155
12612,2351.458368400155
12613,2351.458368400155
12614,2351.458368400155
12615,2351.458368400155
12616,2351.458368400155
12617,2351.458368400155
12618,2351.458368400155
12619,2351.458368400155
12620,2351.458368400155
12621,2351.458368400155
12622,2351.458368400155
12623,2351.458368400155
12624,2351.458368400155
12625,2351.458368400155
12626,2351.458368400155
12627,2351.458368400155
12628,2351.458368400155
12629,2351.458368400155
12630,2351.458368400155
12631,2351.458368400155
12632,2351.458368400155
12633,2351.458368400155
12634,2351.458368400155
12635,2351.458368400155
12636,2351.458368400155
12637,2351.458368400155
12638,2351.458368400155
12639,2351.458368400155
12640,2351.458368400155
12641,2351.458368400155
12642,2351.458368400155
12643,2351.458368400155
12644,2351.458368400155
12645,2351.458368400155
12646,2351.458368400155
12647,2351.458368400155
12648,2351.458368400155
12649,2351.458368400155
12650,2351.458368400155
12651,2351.458368400155
12652,2351.458368400155
12653,2351.458368400155
12654,2351.458368400155
12655,2351.458368400155
12656,2351.458368400155
12657,2351.458368400155
12658,2351.458368400155
12659,2351.458368400155
12660,2351.458368400155
12661,2351.458368400155
12662,2351.458368400155
12663,2351.458368400155
12664,2351.458368400155
12665,2351.458368400155
12666,2351.458368400155
12667,2351.458368400155
12668,2351.458368400155
12669,2351.458368400155
12670,2351.458368400155
12671,2351.458368400155
12672,2351.458368400155
12673,2351.458368400155
12674,2351.458368400155
12675,2351.458368400155
12676,2351.458368400155
12677,2351.458368400155
12678,2351.458368400155
12679,2351.458368400155
12680,2351.458368400155
12681,2351.458368400155
12682,2351.458368400155
12683,2351.458368400155
12684,2351.458368400155
12685,2351.458368400155
12686,2351.458368400155
12687,2351.458368400155
12688,2351.458368400155
12689,2351.458368400155
12690,2351.458368400155
12691,2351.458368400155
12692,2351.458368400155
12693,2351.458368400155
12694,2351.458368400155
12695,2351.458368400155
12696,2351.458368400155
12697,2351.458368400155
12698,2351.458368400155
12699,2351.458368400155
12700,2351.458368400155
12701,2351.458368400155
12702,2351.458368400155
12703,2351.458368400155
12704,2351.458368400155
12705,2351.458368400155
12706,2351.458368400155
12707,2351.458368400155
12708,2351.458368400155
12709,2351.458368400155
12710,2351.458368400155
12711,2351.458368400155
12712,2351.458368400155
12713,2351.458368400155
12714,2351.458368400155
12715,2351.458368400155
12716,2351.458368400155
12717,2351.458368400155
12718,2351.458368400155
12719,2351.458368400155
12720,2351.458368400155
12721,2351.458368400155
12722,2351.458368400155
12723,2351.458368400155
12724,2351.458368400155
12725,2351.458368400155
12726,2351.458368400155
12727,2351.458368400155
12728,2351.458368400155
12729,2351.458368400155
12730,2351.458368400155
12731,2351.458368400155
12732,2351.458368400155
12733,2351.458368400155
12734,2351.458368400155
12735,2351.458368400155
12736,2351.458368400155
12737,2351.458368400155
12738,2351.458368400155
12739,2351.458368400155
12740,2351.458368400155
12741,2351.458368400155
12742,2351.458368400155
12743,2351.458368400155
12744,2351.458368400155
12745,2351.458368400155
12746,2351.458368400155
12747,2351.458368400155
12748,2351.458368400155
12749,2351.458368400155
12750,2351.458368400155
12751,2351.458368400155
12752,2351.458368400155
12753,2351.458368400155
12754,2351.458368400155
12755,2351.458368400155
12756,2351.458368400155
12757,2351.458368400155
12758,2351.458368400155
12759,2351.458368400155
12760,2351.458368400155
12761,2351.458368400155
12762,2351.458368400155
12763,2351.458368400155
12764,2351.458368400155
12765,2351.458368400155
12766,2351.458368400155
12767,2351.458368400155
12768,2351.458368400155
12769,2351.458368400155
12770,2351.458368400155
12771,2351.458368400155
12772,2351.458368400155
12773,2351.458368400155
12774,2351.458368400155
12775,2351.458368400155
12776,2351.458368400155
12777,2351.458368400155
12778,2351.458368400155
12779,2351.458368400155
12780,2351.458368400155
12781,2351.458368400155
12782,2351.458368400155
12783,2351.458368400155
12784,2351.458368400155
12785,2351.458368400155
12786,2351.458368400155
12787,2351.458368400155
12788,2351.458368400155
12789,2351.458368400155
12790,2351.458368400155
12791,2351.458368400155
12792,2351.458368400155
12793,2351.458368400155
12794,2351.458368400155
12795,2351.458368400155
12796,2351.458368400155
12797,2351.458368400155
12798,2351.458368400155
12799,2351.458368400155
12800,2351.458368400155
12801,2351.458368400155
12802,2351.458368400155
12803,2351.458368400155
12804,2351.458368400155
12805,2351.458368400155
12806,2351.458368400155
12807,2351.458368400155
12808,2351.458368400155
12809,2351.458368400155
12810,2351.458368400155
12811,2351.458368400155
12812,2351.458368400155
12813,2351.458368400155
12814,2351.458368400155
12815,2351.458368400155
12816,2351.458368400155
12817,2351.458368400155
12818,2351.458368400155
12819,2351.458368400155
12820,2351.458368400155
12821,2351.458368400155
12822,2351.458368400155
12823,2351.458368400155
12824,2351.458368400155
12825,2351.458368400155
12826,2351.458368400155
12827,2351.458368400155
12828,2351.458368400155
12829,2351.458368400155
12830,2351.458368400155
12831,2351.458368400155
12832,2351.458368400155
12833,2351.458368400155
12834,2351.458368400155
12835,2351.458368400155
12836,2351.458368400155
12837,2351.458368400155
12838,2351.458368400155
12839,2351.458368400155
12840,2351.458368400155
12841,2351.458368400155
12842,2351.458368400155
12843,2351.458368400155
12844,2351.458368400155
12845,2351.458368400155
12846,2351.458368400155
12847,2351.458368400155
12848,2351.458368400155
12849,2351.458368400155
12850,2351.458368400155
12851,2351.458368400155
12852,2351.458368400155
12853,2351.458368400155
12854,2351.458368400155
12855,2351.458368400155
12856,2351.458368400155
12857,2351.458368400155
12858,2351.458368400155
12859,2351.458368400155
12860,2351.458368400155
12861,2351.458368400155
12862,2351.458368400155
12863,2351.458368400155
12864,2351.458368400155
12865,2351.458368400155
12866,2351.458368400155
12867,2351.458368400155
12868,2351.458368400155
12869,2351.458368400155
12870,2351.458368400155
12871,2351.458368400155
12872,2351.458368400155
12873,2351.458368400155
12874,2351.458368400155
12875,2351.458368400155
12876,2351.458368400155
12877,2351.458368400155
12878,2351.458368400155
12879,2351.458368400155
12880,2351.458368400155
12881,2351.458368400155
12882,2351.458368400155
12883,2351.458368400155
12884,2351.458368400155
12885,2351.458368400155
12886,2351.458368400155
12887,2351.458368400155
12888,2351.458368400155
12889,2351.458368400155
12890,2351.458368400155
12891,2351.458368400155
12892,2351.458368400155
12893,2351.458368400155
12894,2351.458368400155
12895,2351.458368400155
12896,2351.458368400155
12897,2351.458368400155
12898,2351.458368400155
12899,2351.458368400155
12900,2351.458368400155
12901,2351.458368400155
12902,2351.458368400155
12903,2351.458368400155
12904,2351.458368400155
12905,2351.458368400155
12906,2351.458368400155
12907,2351.458368400155
12908,2351.458368400155
12909,2351.458368400155
12910,2351.458368400155
12911,2351.458368400155
12912,2351.458368400155
12913,2351.458368400155
12914,2351.458368400155
12915,2351.458368400155
12916,2351.458368400155
12917,2351.458368400155
12918,2351.458368400155
12919,2351.458368400155
12920,2351.458368400155
12921,2351.458368400155
12922,2351.458368400155
12923,2351.458368400155
12924,2351.458368400155
12925,2351.458368400155
12926,2351.458368400155
12927,2351.458368400155
12928,2351.458368400155
12929,2351.458368400155
12930,2351.458368400155
12931,2351.458368400155
12932,2351.458368400155
12933,2351.458368400155
12934,2351.458368400155
12935,2351.458368400155
12936,2351.458368400155
12937,2351.458368400155
12938,2351.458368400155
12939,2351.458368400155
12940,2351.458368400155
12941,2351.458368400155
12942,2351.458368400155
12943,2351.458368400155
12944,2351.458368400155
12945,2351.458368400155
12946,2351.458368400155
12947,2351.458368400155
12948,2351.458368400155
12949,2351.458368400155
12950,2351.458368400155
12951,2351.458368400155
12952,2351.458368400155
12953,2351.458368400155
12954,2351.458368400155
12955,2351.458368400155
12956,2351.458368400155
12957,2351.458368400155
12958,2351.458368400155
12959,2351.458368400155
12960,2351.458368400155
12961,2351.458368400155
12962,2351.458368400155
12963,2351.458368400155
12964,2351.458368400155
12965,2351.458368400155
12966,2351.458368400155
12967,2351.458368400155
12968,2351.458368400155
12969,2351.458368400155
12970,2351.458368400155
12971,2351.458368400155
12972,2351.458368400155
12973,2351.458368400155
12974,2351.458368400155
12975,2351.458368400155
12976,2351.458368400155
12977,2351.458368400155
12978,2351.458368400155
12979,2351.458368400155
12980,2351.458368400155
12981,2351.458368400155
12982,2351.458368400155
12983,2351.458368400155
12984,2351.458368400155
12985,2351.458368400155
12986,2351.458368400155
12987,2351.458368400155
12988,2351.458368400155
12989,2351.458368400155
12990,2351.458368400155
12991,2351.458368400155
12992,2351.458368400155
12993,2351.458368400155
12994,2351.458368400155
12995,2351.458368400155
12996,2351.458368400155
12997,2351.458368400155
12998,2351.458368400155
12999,2351.458368400155
13000,2351.458368400155
13001,2351.458368400155
13002,2351.458368400155
13003,2351.458368400155
13004,2351.458368400155
13005,2351.458368400155
13006,2351.458368400155
13007,2351.458368400155
13008,2351.458368400155
13009,2351.458368400155
13010,2351.458368400155
13011,2351.458368400155
13012,2351.458368400155
13013,2351.458368400155
13014,2351.458368400155
13015,2351.458368400155
13016,2351.458368400155
13017,2351.458368400155
13018,2351.458368400155
13019,2351.458368400155
13020,2351.458368400155
13021,2351.458368400155
13022,2351.458368400155
13023,2351.458368400155
13024,2351.458368400155
13025,2351.458368400155
13026,2351.458368400155
13027,2351.458368400155
13028,2351.458368400155
13029,2351.458368400155
13030,2351.458368400155
13031,2351.458368400155
13032,2351.458368400155
13033,2351.458368400155
13034,2351.458368400155
13035,2351.458368400155
13036,2351.458368400155
13037,2351.458368400155
13038,2351.458368400155
13039,2351.458368400155
13040,2351.458368400155
13041,2351.458368400155
13042,2351.458368400155
13043,2351.458368400155
13044,2351.458368400155
13045,2351.458368400155
13046,2351.458368400155
13047,2351.458368400155
13048,2351.458368400155
13049,2351.458368400155
13050,2351.458368400155
13051,2351.458368400155
13052,2351.458368400155
13053,2351.458368400155
13054,2351.458368400155
13055,2351.458368400155
13056,2351.458368400155
13057,2351.458368400155
13058,2351.458368400155
13059,2351.458368400155
13060,2351.458368400155
13061,2351.458368400155
13062,2351.458368400155
13063,2351.458368400155
13064,2351.458368400155
13065,2351.458368400155
13066,2351.458368400155
13067,2351.458368400155
13068,2351.458368400155
13069,2351.458368400155
13070,2351.458368400155
13071,2351.458368400155
13072,2351.458368400155
13073,2351.458368400155
13074,2351.458368400155
13075,2351.458368400155
13076,2351.458368400155
13077,2351.458368400155
13078,2351.458368400155
13079,2351.458368400155
13080,2351.458368400155
13081,2351.458368400155
13082,2351.458368400155
13083,2351.458368400155
13084,2351.458368400155
13085,2351.458368400155
13086,2351.458368400155
13087,2351.458368400155
13088,2351.458368400155
13089,2351.458368400155
13090,2351.458368400155
13091,2351.458368400155
13092,2351.458368400155
13093,2351.458368400155
13094,2351.458368400155
13095,2351.458368400155
13096,2351.458368400155
13097,2351.458368400155
13098,2351.458368400155
13099,2351.458368400155
13100,2351.458368400155
13101,2351.458368400155
13102,2351.458368400155
13103,2351.458368400155
13104,2351.458368400155
13105,2351.458368400155
13106,2351.458368400155
13107,2351.458368400155
13108,2351.458368400155
13109,2351.458368400155
13110,2351.458368400155
13111,2351.458368400155
13112,2351.458368400155
13113,2351.458368400155
13114,2351.458368400155
13115,2351.458368400155
13116,2351.458368400155
13117,2351.458368400155
13118,2351.458368400155
13119,2351.458368400155
13120,2351.458368400155
13121,2351.458368400155
13122,2351.458368400155
13123,2351.458368400155
13124,2351.458368400155
13125,2351.458368400155
13126,2351.458368400155
13127,2351.458368400155
13128,2351.458368400155
13129,2351.458368400155
13130,2351.458368400155
13131,2351.458368400155
13132,2351.458368400155
13133,2351.458368400155
13134,2351.458368400155
13135,2351.458368400155
13136,2351.458368400155
13137,2351.458368400155
13138,2351.458368400155
13139,2351.458368400155
13140,2351.458368400155
13141,2351.458368400155
13142,2351.458368400155
13143,2351.458368400155
13144,2351.458368400155
13145,2351.458368400155
13146,2351.458368400155
13147,2351.458368400155
13148,2351.458368400155
13149,2351.458368400155
13150,2351.458368400155
13151,2351.458368400155
13152,2351.458368400155
13153,2351.458368400155
13154,2351.458368400155
13155,2351.458368400155
13156,2351.458368400155
13157,2351.458368400155
13158,2351.458368400155
13159,2351.458368400155
13160,2351.458368400155
13161,2351.458368400155
13162,2351.458368400155
13163,2351.458368400155
13164,2351.458368400155
13165,2351.458368400155
13166,2351.458368400155
13167,2351.458368400155
13168,2351.458368400155
13169,2351.458368400155
13170,2351.458368400155
13171,2351.458368400155
13172,2351.458368400155
13173,2351.458368400155
13174,2351.458368400155
13175,2351.458368400155
13176,2351.458368400155
13177,2351.458368400155
13178,2351.458368400155
13179,2351.458368400155
13180,2351.458368400155
13181,2351.458368400155
13182,2351.458368400155
13183,2351.458368400155
13184,2351.458368400155
13185,2351.458368400155
13186,2351.458368400155
13187,2351.458368400155
13188,2351.458368400155
13189,2351.458368400155
13190,2351.458368400155
13191,2351.458368400155
13192,2351.458368400155
13193,2351.458368400155
13194,2351.458368400155
13195,2351.458368400155
13196,2351.458368400155
13197,2351.458368400155
13198,2351.458368400155
13199,2351.458368400155
13200,2351.458368400155
13201,2351.458368400155
13202,2351.458368400155
13203,2351.458368400155
13204,2351.458368400155
13205,2351.458368400155
13206,2351.458368400155
13207,2351.458368400155
13208,2351.458368400155
13209,2351.458368400155
13210,2351.458368400155
13211,2351.458368400155
13212,2351.458368400155
13213,2351.458368400155
13214,2351.458368400155
13215,2351.458368400155
13216,2351.458368400155
13217,2351.458368400155
13218,2351.458368400155
13219,2351.458368400155
13220,2351.458368400155
13221,2351.458368400155
13222,2351.458368400155
13223,2351.458368400155
13224,2351.458368400155
13225,2351.458368400155
13226,2351.458368400155
13227,2351.458368400155
13228,2351.458368400155
13229,2351.458368400155
13230,2351.458368400155
13231,2351.458368400155
13232,2351.458368400155
13233,2351.458368400155
13234,2351.458368400155
13235,2351.458368400155
13236,2351.458368400155
13237,2351.458368400155
13238,2351.458368400155
13239,2351.458368400155
13240,2351.458368400155
13241,2351.458368400155
13242,2351.458368400155
13243,2351.458368400155
13244,2351.458368400155
13245,2351.458368400155
13246,2351.458368400155
13247,2351.458368400155
13248,2351.458368400155
13249,2351.458368400155
13250,2351.458368400155
13251,2351.458368400155
13252,2351.458368400155
13253,2351.458368400155
13254,2351.458368400155
13255,2351.458368400155
13256,2351.458368400155
13257,2351.458368400155
13258,2351.458368400155
13259,2351.458368400155
13260,2351.458368400155
13261,2351.458368400155
13262,2351.458368400155
13263,2351.458368400155
13264,2351.458368400155
13265,2351.458368400155
13266,2351.458368400155
13267,2351.458368400155
13268,2351.458368400155
13269,2351.458368400155
13270,2351.458368400155
13271,2351.458368400155
13272,2351.458368400155
13273,2351.458368400155
13274,2351.458368400155
13275,2351.458368400155
13276,2351.458368400155
13277,2351.458368400155
13278,2351.458368400155
13279,2351.458368400155
13280,2351.458368400155
13281,2351.458368400155
13282,2351.458368400155
13283,2351.458368400155
13284,2351.458368400155
13285,2351.458368400155
13286,2351.458368400155
13287,2351.458368400155
13288,2351.458368400155
13289,2351.458368400155
13290,2351.458368400155
13291,2351.458368400155
13292,2351.458368400155
13293,2351.458368400155
13294,2351.458368400155
13295,2351.458368400155
13296,2351.458368400155
13297,2351.458368400155
13298,2351.458368400155
13299,2351.458368400155
13300,2351.458368400155
13301,2351.458368400155
13302,2351.458368400155
13303,2351.458368400155
13304,2351.458368400155
13305,2351.458368400155
13306,2351.458368400155
13307,2351.458368400155
13308,2351.458368400155
13309,2351.458368400155
13310,2351.458368400155
13311,2351.458368400155
13312,2351.458368400155
13313,2351.458368400155
13314,2351.458368400155
13315,2351.458368400155
13316,2351.458368400155
13317,2351.458368400155
13318,2351.458368400155
13319,2351.458368400155
13320,2351.458368400155
13321,2351.458368400155
13322,2351.458368400155
13323,2351.458368400155
13324,2351.458368400155
13325,2351.458368400155
13326,2351.458368400155
13327,2351.458368400155
13328,2351.458368400155
13329,2351.458368400155
13330,2351.458368400155
13331,2351.458368400155
13332,2351.458368400155
13333,2351.458368400155
13334,2351.458368400155
13335,2351.458368400155
13336,2351.458368400155
13337,2351.458368400155
13338,2351.458368400155
13339,2351.458368400155
13340,2351.458368400155
13341,2351.458368400155
13342,2351.458368400155
13343,2351.458368400155
13344,2351.458368400155
13345,2351.458368400155
13346,2351.458368400155
13347,2351.458368400155
13348,2351.458368400155
13349,2351.458368400155
13350,2351.458368400155
13351,2351.458368400155
13352,2351.458368400155
13353,2351.458368400155
13354,2351.458368400155
13355,2351.458368400155
13356,2351.458368400155
13357,2351.458368400155
13358,2351.458368400155
13359,2351.458368400155
13360,2351.458368400155
13361,2351.458368400155
13362,2351.458368400155
13363,2351.458368400155
13364,2351.458368400155
13365,2351.458368400155
13366,2351.458368400155
13367,2351.458368400155
13368,2351.458368400155
13369,2351.458368400155
13370,2351.458368400155
13371,2351.458368400155
13372,2351.458368400155
13373,2351.458368400155
13374,2351.458368400155
13375,2351.458368400155
13376,2351.458368400155
13377,2351.458368400155
13378,2351.458368400155
13379,2351.458368400155
13380,2351.458368400155
13381,2351.458368400155
13382,2351.458368400155
13383,2351.458368400155
13384,2351.458368400155
13385,2351.458368400155
13386,2351.458368400155
13387,2351.458368400155
13388,2351.458368400155
13389,2351.458368400155
13390,2351.458368400155
13391,2351.458368400155
13392,2351.458368400155
13393,2351.458368400155
13394,2351.458368400155
13395,2351.458368400155
13396,2351.458368400155
13397,2351.458368400155
13398,2351.458368400155
13399,2351.458368400155
13400,2351.458368400155
13401,2351.458368400155
13402,2351.458368400155
13403,2351.458368400155
13404,2351.458368400155
13405,2351.458368400155
13406,2351.458368400155
13407,2351.458368400155
13408,2351.458368400155
13409,2351.458368400155
13410,2351.458368400155
13411,2351.458368400155
13412,2351.458368400155
13413,2351.458368400155
13414,2351.458368400155
13415,2351.458368400155
13416,2351.458368400155
13417,2351.458368400155
13418,2351.458368400155
13419,2351.458368400155
13420,2351.458368400155
13421,2351.458368400155
13422,2351.458368400155
13423,2351.458368400155
13424,2351.458368400155
13425,2351.458368400155
13426,2351.458368400155
13427,2351.458368400155
13428,2351.458368400155
13429,2351.458368400155
13430,2351.458368400155
13431,2351.458368400155
13432,2351.458368400155
13433,2351.458368400155
13434,2351.458368400155
13435,2351.458368400155
13436,2351.458368400155
13437,2351.458368400155
13438,2351.458368400155
13439,2351.458368400155
13440,2351.458368400155
13441,2351.458368400155
13442,2351.458368400155
13443,2351.458368400155
13444,2351.458368400155
13445,2351.458368400155
13446,2351.458368400155
13447,2351.458368400155
13448,2351.458368400155
13449,2351.458368400155
13450,2351.458368400155
13451,2351.458368400155
13452,2351.458368400155
13453,2351.458368400155
13454,2351.458368400155
13455,2351.458368400155
13456,2351.458368400155
13457,2351.458368400155
13458,2351.458368400155
13459,2351.458368400155
13460,2351.458368400155
13461,2351.458368400155
13462,2351.458368400155
13463,2351.458368400155
13464,2351.458368400155
13465,2351.458368400155
13466,2351.458368400155
13467,2351.458368400155
13468,2351.458368400155
13469,2351.458368400155
13470,2351.458368400155
13471,2351.458368400155
13472,2351.458368400155
13473,2351.458368400155
13474,2351.458368400155
13475,2351.458368400155
13476,2351.458368400155
13477,2351.458368400155
13478,2351.458368400155
13479,2351.458368400155
13480,2351.458368400155
13481,2351.458368400155
13482,2351.458368400155
13483,2351.458368400155
13484,2351.458368400155
13485,2351.458368400155
13486,2351.458368400155
13487,2351.458368400155
13488,2351.458368400155
13489,2351.458368400155
13490,2351.458368400155
13491,2351.458368400155
13492,2351.458368400155
13493,2351.458368400155
13494,2351.458368400155
13495,2351.458368400155
13496,2351.458368400155
13497,2351.458368400155
13498,2351.458368400155
13499,2351.458368400155
13500,2351.458368400155
13501,2351.458368400155
13502,2351.458368400155
13503,2351.458368400155
13504,2351.458368400155
13505,2351.458368400155
13506,2351.458368400155
13507,2351.458368400155
13508,2351.458368400155
13509,2351.458368400155
13510,2351.458368400155
13511,2351.458368400155
13512,2351.458368400155
13513,2351.458368400155
13514,2351.458368400155
13515,2351.458368400155
13516,2351.458368400155
13517,2351.458368400155
13518,2351.458368400155
13519,2351.458368400155
13520,2351.458368400155
13521,2351.458368400155
13522,2351.458368400155
13523,2351.458368400155
13524,2351.458368400155
13525,2351.458368400155
13526,2351.458368400155
13527,2351.458368400155
13528,2351.458368400155
13529,2351.458368400155
13530,2351.458368400155
13531,2351.458368400155
13532,2351.458368400155
13533,2351.458368400155
13534,2351.458368400155
13535,2351.458368400155
13536,2351.458368400155
13537,2351.458368400155
13538,2351.458368400155
13539,2351.458368400155
13540,2351.458368400155
13541,2351.458368400155
13542,2351.458368400155
13543,2351.458368400155
13544,2351.458368400155
13545,2351.458368400155
13546,2351.458368400155
13547,2351.458368400155
13548,2351.458368400155
13549,2351.458368400155
13550,2351.458368400155
13551,2351.458368400155
13552,2351.458368400155
13553,2351.458368400155
13554,2351.458368400155
13555,2351.458368400155
13556,2351.458368400155
13557,2351.458368400155
13558,2351.458368400155
13559,2351.458368400155
13560,2351.458368400155
13561,2351.458368400155
13562,2351.458368400155
13563,2351.458368400155
13564,2351.458368400155
13565,2351.458368400155
13566,2351.458368400155
13567,2351.458368400155
13568,2351.458368400155
13569,2351.458368400155
13570,2351.458368400155
13571,2351.458368400155
13572,2351.458368400155
13573,2351.458368400155
13574,2351.458368400155
13575,2351.458368400155
13576,2351.458368400155
13577,2351.458368400155
13578,2351.458368400155
13579,2351.458368400155
13580,2351.458368400155
13581,2351.458368400155
13582,2351.458368400155
13583,2351.458368400155
13584,2351.458368400155
13585,2351.458368400155
13586,2351.458368400155
13587,2351.458368400155
13588,2351.458368400155
13589,2351.458368400155
13590,2351.458368400155
13591,2351.458368400155
13592,2351.458368400155
13593,2351.458368400155
13594,2351.458368400155
13595,2351.458368400155
13596,2351.458368400155
13597,2351.458368400155
13598,2351.458368400155
13599,2351.458368400155
13600,2351.458368400155
13601,2351.458368400155
13602,2351.458368400155
13603,2351.458368400155
13604,2351.458368400155
13605,2351.458368400155
13606,2351.458368400155
13607,2351.458368400155
13608,2351.458368400155
13609,2351.458368400155
13610,2351.458368400155
13611,2351.458368400155
13612,2351.458368400155
13613,2351.458368400155
13614,2351.458368400155
13615,2351.458368400155
13616,2351.458368400155
13617,2351.458368400155
13618,2351.458368400155
13619,2351.458368400155
13620,2351.458368400155
13621,2351.458368400155
13622,2351.458368400155
13623,2351.458368400155
13624,2351.458368400155
13625,2351.458368400155
13626,2351.458368400155
13627,2351.458368400155
13628,2351.458368400155
13629,2351.458368400155
13630,2351.458368400155
13631,2351.458368400155
13632,2351.458368400155
13633,2351.458368400155
13634,2351.458368400155
13635,2351.458368400155
13636,2351.458368400155
13637,2351.458368400155
13638,2351.458368400155
13639,2351.458368400155
13640,2351.458368400155
13641,2351.458368400155
13642,2351.458368400155
13643,2351.458368400155
13644,2351.458368400155
13645,2351.458368400155
13646,2351.458368400155
13647,2351.458368400155
13648,2351.458368400155
13649,2351.458368400155
13650,2351.458368400155
13651,2351.458368400155
13652,2351.458368400155
13653,2351.458368400155
13654,2351.458368400155
13655,2351.458368400155
13656,2351.458368400155
13657,2351.458368400155
13658,2351.458368400155
13659,2351.458368400155
13660,2351.458368400155
13661,2351.458368400155
13662,2351.458368400155
13663,2351.458368400155
13664,2351.458368400155
13665,2351.458368400155
13666,2351.458368400155
13667,2351.458368400155
13668,2351.458368400155
13669,2351.458368400155
13670,2351.458368400155
13671,2351.458368400155
13672,2351.458368400155
13673,2351.458368400155
13674,2351.458368400155
13675,2351.458368400155
13676,2351.458368400155
13677,2351.458368400155
13678,2351.458368400155
13679,2351.458368400155
13680,2351.458368400155
13681,2351.458368400155
13682,2351.458368400155
13683,2351.458368400155
13684,2351.458368400155
13685,2351.458368400155
13686,2351.458368400155
13687,2351.458368400155
13688,2351.458368400155
13689,2351.458368400155
13690,2351.458368400155
13691,2351.458368400155
13692,2351.458368400155
13693,2351.458368400155
13694,2351.458368400155
13695,2351.458368400155
13696,2351.458368400155
13697,2351.458368400155
13698,2351.458368400155
13699,2351.458368400155
13700,2351.458368400155
13701,2351.458368400155
13702,2351.458368400155
13703,2351.458368400155
13704,2351.458368400155
13705,2351.458368400155
13706,2351.458368400155
13707,2351.458368400155
13708,2351.458368400155
13709,2351.458368400155
13710,2351.458368400155
13711,2351.458368400155
13712,2351.458368400155
13713,2351.458368400155
13714,2351.458368400155
13715,2351.458368400155
13716,2351.458368400155
13717,2351.458368400155
13718,2351.458368400155
13719,2351.458368400155
13720,2351.458368400155
13721,2351.458368400155
13722,2351.458368400155
13723,2351.458368400155
13724,2351.458368400155
13725,2351.458368400155
13726,2351.458368400155
13727,2351.458368400155
13728,2351.458368400155
13729,2351.458368400155
13730,2351.458368400155
13731,2351.458368400155
13732,2351.458368400155
13733,2351.458368400155
13734,2351.458368400155
13735,2351.458368400155
13736,2351.458368400155
13737,2351.458368400155
13738,2351.458368400155
13739,2351.458368400155
13740,2351.458368400155
13741,2351.458368400155
13742,2351.458368400155
13743,2351.458368400155
13744,2351.458368400155
13745,2351.458368400155
13746,2351.458368400155
13747,2351.458368400155
13748,2351.458368400155
13749,2351.458368400155
13750,2351.458368400155
13751,2351.458368400155
13752,2351.458368400155
13753,2351.458368400155
13754,2351.458368400155
13755,2351.458368400155
13756,2351.458368400155
13757,2351.458368400155
13758,2351.458368400155
13759,2351.458368400155
13760,2351.458368400155
13761,2351.458368400155
13762,2351.458368400155
13763,2351.458368400155
13764,2351.458368400155
13765,2351.458368400155
13766,2351.458368400155
13767,2351.458368400155
13768,2351.458368400155
13769,2351.458368400155
13770,2351.458368400155
13771,2351.458368400155
13772,2351.458368400155
13773,2351.458368400155
13774,2351.458368400155
13775,2351.458368400155
13776,2351.458368400155
13777,2351.458368400155
13778,2351.458368400155
13779,2351.458368400155
13780,2351.458368400155
13781,2351.458368400155
13782,2351.458368400155
13783,2351.458368400155
13784,2351.458368400155
13785,2351.458368400155
13786,2351.458368400155
13787,2351.458368400155
13788,2351.458368400155
13789,2351.458368400155
13790,2351.458368400155
13791,2351.458368400155
13792,2351.458368400155
13793,2351.458368400155
13794,2351.458368400155
13795,2351.458368400155
13796,2351.458368400155
13797,2351.458368400155
13798,2351.458368400155
13799,2351.458368400155
13800,2351.458368400155
13801,2351.458368400155
13802,2351.458368400155
13803,2351.458368400155
13804,2351.458368400155
13805,2351.458368400155
13806,2351.458368400155
13807,2351.458368400155
13808,2351.458368400155
13809,2351.458368400155
13810,2351.458368400155
13811,2351.458368400155
13812,2351.458368400155
13813,2351.458368400155
13814,2351.458368400155
13815,2351.458368400155
13816,2351.458368400155
13817,2351.458368400155
13818,2351.458368400155
13819,2351.458368400155
13820,2351.458368400155
13821,2351.458368400155
13822,2351.458368400155
13823,2351.458368400155
13824,2351.458368400155
13825,2351.458368400155
13826,2351.458368400155
13827,2351.458368400155
13828,2351.458368400155
13829,2351.458368400155
13830,2351.458368400155
13831,2351.458368400155
13832,2351.458368400155
13833,2351.458368400155
13834,2351.458368400155
13835,2351.458368400155
13836,2351.458368400155
13837,2351.458368400155
13838,2351.458368400155
13839,2351.458368400155
13840,2351.458368400155
13841,2351.458368400155
13842,2351.458368400155
13843,2351.458368400155
13844,2351.458368400155
13845,2351.458368400155
13846,2351.458368400155
13847,2351.458368400155
13848,2351.458368400155
13849,2351.458368400155
13850,2351.458368400155
13851,2351.458368400155
13852,2351.458368400155
13853,2351.458368400155
13854,2351.458368400155
13855,2351.458368400155
13856,2351.458368400155
13857,2351.458368400155
13858,2351.458368400155
13859,2351.458368400155
13860,2351.458368400155
13861,2351.458368400155
13862,2351.458368400155
13863,2351.458368400155
13864,2351.458368400155
13865,2351.458368400155
13866,2351.458368400155
13867,2351.458368400155
13868,2351.458368400155
13869,2351.458368400155
13870,2351.458368400155
13871,2351.458368400155
13872,2351.458368400155
13873,2351.458368400155
13874,2351.458368400155
13875,2351.458368400155
13876,2351.458368400155
13877,2351.458368400155
13878,2351.458368400155
13879,2351.458368400155
13880,2351.458368400155
13881,2351.458368400155
13882,2351.458368400155
13883,2351.458368400155
13884,2351.458368400155
13885,2351.458368400155
13886,2351.458368400155
13887,2351.458368400155
13888,2351.458368400155
13889,2351.458368400155
13890,2351.458368400155
13891,2351.458368400155
13892,2351.458368400155
13893,2351.458368400155
13894,2351.458368400155
13895,2351.458368400155
13896,2351.458368400155
13897,2351.458368400155
13898,2351.458368400155
13899,2351.458368400155
13900,2351.458368400155
13901,2351.458368400155
13902,2351.458368400155
13903,2351.458368400155
13904,2351.458368400155
13905,2351.458368400155
13906,2351.458368400155
13907,2351.458368400155
13908,2351.458368400155
13909,2351.458368400155
13910,2351.458368400155
13911,2351.458368400155
13912,2351.458368400155
13913,2351.458368400155
13914,2351.458368400155
13915,2351.458368400155
13916,2351.458368400155
13917,2351.458368400155
13918,2351.458368400155
13919,2351.458368400155
13920,2351.458368400155
13921,2351.458368400155
13922,2351.458368400155
13923,2351.458368400155
13924,2351.458368400155
13925,2351.458368400155
13926,2351.458368400155
13927,2351.458368400155
13928,2351.458368400155
13929,2351.458368400155
13930,2351.458368400155
13931,2351.458368400155
13932,2351.458368400155
13933,2351.458368400155
13934,2351.458368400155
13935,2351.458368400155
13936,2351.458368400155
13937,2351.458368400155
13938,2351.458368400155
13939,2351.458368400155
13940,2351.458368400155
13941,2351.458368400155
13942,2351.458368400155
13943,2351.458368400155
13944,2351.458368400155
13945,2351.458368400155
13946,2351.458368400155
13947,2351.458368400155
13948,2351.458368400155
13949,2351.458368400155
13950,2351.458368400155
13951,2351.458368400155
13952,2351.458368400155
13953,2351.458368400155
13954,2351.458368400155
13955,2351.458368400155
13956,2351.458368400155
13957,2351.458368400155
13958,2351.458368400155
13959,2351.458368400155
13960,2351.458368400155
13961,2351.458368400155
13962,2351.458368400155
13963,2351.458368400155
13964,2351.458368400155
13965,2351.458368400155
13966,2351.458368400155
13967,2351.458368400155
13968,2351.458368400155
13969,2351.458368400155
13970,2351.458368400155
13971,2351.458368400155
13972,2351.458368400155
13973,2351.458368400155
13974,2351.458368400155
13975,2351.458368400155
13976,2351.458368400155
13977,2351.458368400155
13978,2351.458368400155
13979,2351.458368400155
13980,2351.458368400155
13981,2351.458368400155
13982,2351.458368400155
13983,2351.458368400155
13984,2351.458368400155
13985,2351.458368400155
13986,2351.458368400155
13987,2351.458368400155
13988,2351.458368400155
13989,2351.458368400155
13990,2351.458368400155
13991,2351.458368400155
13992,2351.458368400155
13993,2351.458368400155
13994,2351.458368400155
13995,2351.458368400155
13996,2351.458368400155
13997,2351.458368400155
13998,2351.458368400155
13999,2351.458368400155
14000,2351.458368400155
14001,2351.458368400155
14002,2351.458368400155
14003,2351.458368400155
14004,2351.458368400155
14005,2351.458368400155
14006,2351.458368400155
14007,2351.458368400155
14008,2351.458368400155
14009,2351.458368400155
14010,2351.458368400155
14011,2351.458368400155
14012,2351.458368400155
14013,2351.458368400155
14014,2351.458368400155
14015,2351.458368400155
14016,2351.458368400155
14017,2351.458368400155
14018,2351.458368400155
14019,2351.458368400155
14020,2351.458368400155
14021,2351.458368400155
14022,2351.458368400155
14023,2351.458368400155
14024,2351.458368400155
14025,2351.458368400155
14026,2351.458368400155
14027,2351.458368400155
14028,2351.458368400155
14029,2351.458368400155
14030,2351.458368400155
14031,2351.458368400155
14032,2351.458368400155
14033,2351.458368400155
14034,2351.458368400155
14035,2351.458368400155
14036,2351.458368400155
14037,2351.458368400155
14038,2351.458368400155
14039,2351.458368400155
14040,2351.458368400155
14041,2351.458368400155
14042,2351.458368400155
14043,2351.458368400155
14044,2351.458368400155
14045,2351.458368400155
14046,2351.458368400155
14047,2351.458368400155
14048,2351.458368400155
14049,2351.458368400155
14050,2351.458368400155
14051,2351.458368400155
14052,2351.458368400155
14053,2351.458368400155
14054,2351.458368400155
14055,2351.458368400155
14056,2351.458368400155
14057,2351.458368400155
14058,2351.458368400155
14059,2351.458368400155
14060,2351.458368400155
14061,2351.458368400155
14062,2351.458368400155
14063,2351.458368400155
14064,2351.458368400155
14065,2351.458368400155
14066,2351.458368400155
14067,2351.458368400155
14068,2351.458368400155
14069,2351.458368400155
14070,2351.458368400155
14071,2351.458368400155
14072,2351.458368400155
14073,2351.458368400155
14074,2351.458368400155
14075,2351.458368400155
14076,2351.458368400155
14077,2351.458368400155
14078,2351.458368400155
14079,2351.458368400155
14080,2351.458368400155
14081,2351.458368400155
14082,2351.458368400155
14083,2351.458368400155
14084,2351.458368400155
14085,2351.458368400155
14086,2351.458368400155
14087,2351.458368400155
14088,2351.458368400155
14089,2351.458368400155
14090,2351.458368400155
14091,2351.458368400155
14092,2351.458368400155
14093,2351.458368400155
14094,2351.458368400155
14095,2351.458368400155
14096,2351.458368400155
14097,2351.458368400155
14098,2351.458368400155
14099,2351.458368400155
14100,2351.458368400155
14101,2351.458368400155
14102,2351.458368400155
14103,2351.458368400155
14104,2351.458368400155
14105,2351.458368400155
14106,2351.458368400155
14107,2351.458368400155
14108,2351.458368400155
14109,2351.458368400155
14110,2351.458368400155
14111,2351.458368400155
14112,2351.458368400155
14113,2351.458368400155
14114,2351.458368400155
14115,2351.458368400155
14116,2351.458368400155
14117,2351.458368400155
14118,2351.458368400155
14119,2351.458368400155
14120,2351.458368400155
14121,2351.458368400155
14122,2351.458368400155
14123,2351.458368400155
14124,2351.458368400155
14125,2351.458368400155
14126,2351.458368400155
14127,2351.458368400155
14128,2351.458368400155
14129,2351.458368400155
14130,2351.458368400155
14131,2351.458368400155
14132,2351.458368400155
14133,2351.458368400155
14134,2351.458368400155
14135,2351.458368400155
14136,2351.458368400155
14137,2351.458368400155
14138,2351.458368400155
14139,2351.458368400155
14140,2351.458368400155
14141,2351.458368400155
14142,2351.458368400155
14143,2351.458368400155
14144,2351.458368400155
14145,2351.458368400155
14146,2351.458368400155
14147,2351.458368400155
14148,2351.458368400155
14149,2351.458368400155
14150,2351.458368400155
14151,2351.458368400155
14152,2351.458368400155
14153,2351.458368400155
14154,2351.458368400155
14155,2351.458368400155
14156,2351.458368400155
14157,2351.458368400155
14158,2351.458368400155
14159,2351.458368400155
14160,2351.458368400155
14161,2351.458368400155
14162,2351.458368400155
14163,2351.458368400155
14164,2351.458368400155
14165,2351.458368400155
14166,2351.458368400155
14167,2351.458368400155
14168,2351.458368400155
14169,2351.458368400155
14170,2351.458368400155
14171,2351.458368400155
14172,2351.458368400155
14173,2351.458368400155
14174,2351.458368400155
14175,2351.458368400155
14176,2351.458368400155
14177,2351.458368400155
14178,2351.458368400155
14179,2351.458368400155
14180,2351.458368400155
14181,2351.458368400155
14182,2351.458368400155
14183,2351.458368400155
14184,2351.458368400155
14185,2351.458368400155
14186,2351.458368400155
14187,2351.458368400155
14188,2351.458368400155
14189,2351.458368400155
14190,2351.458368400155
14191,2351.458368400155
14192,2351.458368400155
14193,2351.458368400155
14194,2351.458368400155
14195,2351.458368400155
14196,2351.458368400155
14197,2351.458368400155
14198,2351.458368400155
14199,2351.458368400155
14200,2351.458368400155
14201,2351.458368400155
14202,2351.458368400155
14203,2351.458368400155
14204,2351.458368400155
14205,2351.458368400155
14206,2351.458368400155
14207,2351.458368400155
14208,2351.458368400155
14209,2351.458368400155
14210,2351.458368400155
14211,2351.458368400155
14212,2351.458368400155
14213,2351.458368400155
14214,2351.458368400155
14215,2351.458368400155
14216,2351.458368400155
14217,2351.458368400155
14218,2351.458368400155
14219,2351.458368400155
14220,2351.458368400155
14221,2351.458368400155
14222,2351.458368400155
14223,2351.458368400155
14224,2351.458368400155
14225,2351.458368400155
14226,2351.458368400155
14227,2351.458368400155
14228,2351.458368400155
14229,2351.458368400155
14230,2351.458368400155
14231,2351.458368400155
14232,2351.458368400155
14233,2351.458368400155
14234,2351.458368400155
14235,2351.458368400155
14236,2351.458368400155
14237,2351.458368400155
14238,2351.458368400155
14239,2351.458368400155
14240,2351.458368400155
14241,2351.458368400155
14242,2351.458368400155
14243,2351.458368400155
14244,2351.458368400155
14245,2351.458368400155
14246,2351.458368400155
14247,2351.458368400155
14248,2351.458368400155
14249,2351.458368400155
14250,2351.458368400155
14251,2351.458368400155
14252,2351.458368400155
14253,2351.458368400155
14254,2351.458368400155
14255,2351.458368400155
14256,2351.458368400155
14257,2351.458368400155
14258,2351.458368400155
14259,2351.458368400155
14260,2351.458368400155
14261,2351.458368400155
14262,2351.458368400155
14263,2351.458368400155
14264,2351.458368400155
14265,2351.458368400155
14266,2351.458368400155
14267,2351.458368400155
14268,2351.458368400155
14269,2351.458368400155
14270,2351.458368400155
14271,2351.458368400155
14272,2351.458368400155
14273,2351.458368400155
14274,2351.458368400155
14275,2351.458368400155
14276,2351.458368400155
14277,2351.458368400155
14278,2351.458368400155
14279,2351.458368400155
14280,2351.458368400155
14281,2351.458368400155
14282,2351.458368400155
14283,2351.458368400155
14284,2351.458368400155
14285,2351.458368400155
14286,2351.458368400155
14287,2351.458368400155
14288,2351.458368400155
14289,2351.458368400155
14290,2351.458368400155
14291,2351.458368400155
14292,2351.458368400155
14293,2351.458368400155
14294,2351.458368400155
14295,2351.458368400155
14296,2351.458368400155
14297,2351.458368400155
14298,2351.458368400155
14299,2351.458368400155
14300,2351.458368400155
14301,2351.458368400155
14302,2351.458368400155
14303,2351.458368400155
14304,2351.458368400155
14305,2351.458368400155
14306,2351.458368400155
14307,2351.458368400155
14308,2351.458368400155
14309,2351.458368400155
14310,2351.458368400155
14311,2351.458368400155
14312,2351.458368400155
14313,2351.458368400155
14314,2351.458368400155
14315,2351.458368400155
14316,2351.458368400155
14317,2351.458368400155
14318,2351.458368400155
14319,2351.458368400155
14320,2351.458368400155
14321,2351.458368400155
14322,2351.458368400155
14323,2351.458368400155
14324,2351.458368400155
14325,2351.458368400155
14326,2351.458368400155
14327,2351.458368400155
14328,2351.458368400155
14329,2351.458368400155
14330,2351.458368400155
14331,2351.458368400155
14332,2351.458368400155
14333,2351.458368400155
14334,2351.458368400155
14335,2351.458368400155
14336,2351.458368400155
14337,2351.458368400155
14338,2351.458368400155
14339,2351.458368400155
14340,2351.458368400155
14341,2351.458368400155
14342,2351.458368400155
14343,2351.458368400155
14344,2351.458368400155
14345,2351.458368400155
14346,2351.458368400155
14347,2351.458368400155
14348,2351.458368400155
14349,2351.458368400155
14350,2351.458368400155
14351,2351.458368400155
14352,2351.458368400155
14353,2351.458368400155
14354,2351.458368400155
14355,2351.458368400155
14356,2351.458368400155
14357,2351.458368400155
14358,2351.458368400155
14359,2351.458368400155
14360,2351.458368400155
14361,2351.458368400155
14362,2351.458368400155
14363,2351.458368400155
14364,2351.458368400155
14365,2351.458368400155
14366,2351.458368400155
14367,2351.458368400155
14368,2351.458368400155
14369,2351.458368400155
14370,2351.458368400155
14371,2351.458368400155
14372,2351.458368400155
14373,2351.458368400155
14374,2351.458368400155
14375,2351.458368400155
14376,2351.458368400155
14377,2351.458368400155
14378,2351.458368400155
14379,2351.458368400155
14380,2351.458368400155
14381,2351.458368400155
14382,2351.458368400155
14383,2351.458368400155
14384,2351.458368400155
14385,2351.458368400155
14386,2351.458368400155
14387,2351.458368400155
14388,2351.458368400155
14389,2351.458368400155
14390,2351.458368400155
14391,2351.458368400155
14392,2351.458368400155
14393,2351.458368400155
14394,2351.458368400155
14395,2351.458368400155
14396,2351.458368400155
14397,2351.458368400155
14398,2351.458368400155
14399,2351.458368400155
14400,2351.458368400155
14401,2351.458368400155
14402,2351.458368400155
14403,2351.458368400155
14404,2351.458368400155
14405,2351.458368400155
14406,2351.458368400155
14407,2351.458368400155
14408,2351.458368400155
14409,2351.458368400155
14410,2351.458368400155
14411,2351.458368400155
14412,2351.458368400155
14413,2351.458368400155
14414,2351.458368400155
14415,2351.458368400155
14416,2351.458368400155
14417,2351.458368400155
14418,2351.458368400155
14419,2351.458368400155
14420,2351.458368400155
14421,2351.458368400155
14422,2351.458368400155
14423,2351.458368400155
14424,2351.458368400155
14425,2351.458368400155
14426,2351.458368400155
14427,2351.458368400155
14428,2351.458368400155
14429,2351.458368400155
14430,2351.458368400155
14431,2351.458368400155
14432,2351.458368400155
14433,2351.458368400155
14434,2351.458368400155
14435,2351.458368400155
14436,2351.458368400155
14437,2351.458368400155
14438,2351.458368400155
14439,2351.458368400155
14440,2351.458368400155
14441,2351.458368400155
14442,2351.458368400155
14443,2351.458368400155
14444,2351.458368400155
14445,2351.458368400155
14446,2351.458368400155
14447,2351.458368400155
14448,2351.458368400155
14449,2351.458368400155
14450,2351.458368400155
14451,2351.458368400155
14452,2351.458368400155
14453,2351.458368400155
14454,2351.458368400155
14455,2351.458368400155
14456,2351.458368400155
14457,2351.458368400155
14458,2351.458368400155
14459,2351.458368400155
14460,2351.458368400155
14461,2351.458368400155
14462,2351.458368400155
14463,2351.458368400155
14464,2351.458368400155
14465,2351.458368400155
14466,2351.458368400155
14467,2351.458368400155
14468,2351.458368400155
14469,2351.458368400155
14470,2351.458368400155
14471,2351.458368400155
14472,2351.458368400155
14473,2351.458368400155
14474,2351.458368400155
14475,2351.458368400155
14476,2351.458368400155
14477,2351.458368400155
14478,2351.458368400155
14479,2351.458368400155
14480,2351.458368400155
14481,2351.458368400155
14482,2351.458368400155
14483,2351.458368400155
14484,2351.458368400155
14485,2351.458368400155
14486,2351.458368400155
14487,2351.458368400155
14488,2351.458368400155
14489,2351.458368400155
14490,2351.458368400155
14491,2351.458368400155
14492,2351.458368400155
14493,2351.458368400155
14494,2351.458368400155
14495,2351.458368400155
14496,2351.458368400155
14497,2351.458368400155
14498,2351.458368400155
14499,2351.458368400155
14500,2351.458368400155
14501,2351.458368400155
14502,2351.458368400155
14503,2351.458368400155
14504,2351.458368400155
14505,2351.458368400155
14506,2351.458368400155
14507,2351.458368400155
14508,2351.458368400155
14509,2351.458368400155
14510,2351.458368400155
14511,2351.458368400155
14512,2351.458368400155
14513,2351.458368400155
14514,2351.458368400155
14515,2351.458368400155
14516,2351.458368400155
14517,2351.458368400155
14518,2351.458368400155
14519,2351.458368400155
14520,2351.458368400155
14521,2351.458368400155
14522,2351.458368400155
14523,2351.458368400155
14524,2351.458368400155
14525,2351.458368400155
14526,2351.458368400155
14527,2351.458368400155
14528,2351.458368400155
14529,2351.458368400155
14530,2351.458368400155
14531,2351.458368400155
14532,2351.458368400155
14533,2351.458368400155
14534,2351.458368400155
14535,2351.458368400155
14536,2351.458368400155
14537,2351.458368400155
14538,2351.458368400155
14539,2351.458368400155
14540,2351.458368400155
14541,2351.458368400155
14542,2351.458368400155
14543,2351.458368400155
14544,2351.458368400155
14545,2351.458368400155
14546,2351.458368400155
14547,2351.458368400155
14548,2351.458368400155
14549,2351.458368400155
14550,2351.458368400155
14551,2351.458368400155
14552,2351.458368400155
14553,2351.458368400155
14554,2351.458368400155
14555,2351.458368400155
14556,2351.458368400155
14557,2351.458368400155
14558,2351.458368400155
14559,2351.458368400155
14560,2351.458368400155
14561,2351.458368400155
14562,2351.458368400155
14563,2351.458368400155
14564,2351.458368400155
14565,2351.458368400155
14566,2351.458368400155
14567,2351.458368400155
14568,2351.458368400155
14569,2351.458368400155
14570,2351.458368400155
14571,2351.458368400155
14572,2351.458368400155
14573,2351.458368400155
14574,2351.458368400155
14575,2351.458368400155
14576,2351.458368400155
14577,2351.458368400155
14578,2351.458368400155
14579,2351.458368400155
14580,2351.458368400155
14581,2351.458368400155
14582,2351.458368400155
14583,2351.458368400155
14584,2351.458368400155
14585,2351.458368400155
14586,2351.458368400155
14587,2351.458368400155
14588,2351.458368400155
14589,2351.458368400155
14590,2351.458368400155
14591,2351.458368400155
14592,2351.458368400155
14593,2351.458368400155
14594,2351.458368400155
14595,2351.458368400155
14596,2351.458368400155
14597,2351.458368400155
14598,2351.458368400155
14599,2351.458368400155
14600,2351.458368400155
14601,2351.458368400155
14602,2351.458368400155
14603,2351.458368400155
14604,2351.458368400155
14605,2351.458368400155
14606,2351.458368400155
14607,2351.458368400155
14608,2351.458368400155
14609,2351.458368400155
14610,2351.458368400155
14611,2351.458368400155
14612,2351.458368400155
14613,2351.458368400155
14614,2351.458368400155
14615,2351.458368400155
14616,2351.458368400155
14617,2351.458368400155
14618,2351.458368400155
14619,2351.458368400155
14620,2351.458368400155
14621,2351.458368400155
14622,2351.458368400155
14623,2351.458368400155
14624,2351.458368400155
14625,2351.458368400155
14626,2351.458368400155
14627,2351.458368400155
14628,2351.458368400155
14629,2351.458368400155
14630,2351.458368400155
14631,2351.458368400155
14632,2351.458368400155
14633,2351.458368400155
14634,2351.458368400155
14635,2351.458368400155
14636,2351.458368400155
14637,2351.458368400155
14638,2351.458368400155
14639,2351.458368400155
14640,2351.458368400155
14641,2351.458368400155
14642,2351.458368400155
14643,2351.458368400155
14644,2351.458368400155
14645,2351.458368400155
14646,2351.458368400155
14647,2351.458368400155
14648,2351.458368400155
14649,2351.458368400155
14650,2351.458368400155
14651,2351.458368400155
14652,2351.458368400155
14653,2351.458368400155
14654,2351.458368400155
14655,2351.458368400155
14656,2351.458368400155
14657,2351.458368400155
14658,2351.458368400155
14659,2351.458368400155
14660,2351.458368400155
14661,2351.458368400155
14662,2351.458368400155
14663,2351.458368400155
14664,2351.458368400155
14665,2351.458368400155
14666,2351.458368400155
14667,2351.458368400155
14668,2351.458368400155
14669,2351.458368400155
14670,2351.458368400155
14671,2351.458368400155
14672,2351.458368400155
14673,2351.458368400155
14674,2351.458368400155
14675,2351.458368400155
14676,2351.458368400155
14677,2351.458368400155
14678,2351.458368400155
14679,2351.458368400155
14680,2351.458368400155
14681,2351.458368400155
14682,2351.458368400155
14683,2351.458368400155
14684,2351.458368400155
14685,2351.458368400155
14686,2351.458368400155
14687,2351.458368400155
14688,2351.458368400155
14689,2351.458368400155
14690,2351.458368400155
14691,2351.458368400155
14692,2351.458368400155
14693,2351.458368400155
14694,2351.458368400155
14695,2351.458368400155
14696,2351.458368400155
14697,2351.458368400155
14698,2351.458368400155
14699,2351.458368400155
14700,2351.458368400155
14701,2351.458368400155
14702,2351.458368400155
14703,2351.458368400155
14704,2351.458368400155
14705,2351.458368400155
14706,2351.458368400155
14707,2351.458368400155
14708,2351.458368400155
14709,2351.458368400155
14710,2351.458368400155
14711,2351.458368400155
14712,2351.458368400155
14713,2351.458368400155
14714,2351.458368400155
14715,2351.458368400155
14716,2351.458368400155
14717,2351.458368400155
14718,2351.458368400155
14719,2351.458368400155
14720,2351.458368400155
14721,2351.458368400155
14722,2351.458368400155
14723,2351.458368400155
14724,2351.458368400155
14725,2351.458368400155
14726,2351.458368400155
14727,2351.458368400155
14728,2351.458368400155
14729,2351.458368400155
14730,2351.458368400155
14731,2351.458368400155
14732,2351.458368400155
14733,2351.458368400155
14734,2351.458368400155
14735,2351.458368400155
14736,2351.458368400155
14737,2351.458368400155
14738,2351.458368400155
14739,2351.458368400155
14740,2351.458368400155
14741,2351.458368400155
14742,2351.458368400155
14743,2351.458368400155
14744,2351.458368400155
14745,2351.458368400155
14746,2351.458368400155
14747,2351.458368400155
14748,2351.458368400155
14749,2351.458368400155
14750,2351.458368400155
14751,2351.458368400155
14752,2351.458368400155
14753,2351.458368400155
14754,2351.458368400155
14755,2351.458368400155
14756,2351.458368400155
14757,2351.458368400155
14758,2351.458368400155
14759,2351.458368400155
14760,2351.458368400155
14761,2351.458368400155
14762,2351.458368400155
14763,2351.458368400155
14764,2351.458368400155
14765,2351.458368400155
14766,2351.458368400155
14767,2351.458368400155
14768,2351.458368400155
14769,2351.458368400155
14770,2351.458368400155
14771,2351.458368400155
14772,2351.458368400155
14773,2351.458368400155
14774,2351.458368400155
14775,2351.458368400155
14776,2351.458368400155
14777,2351.458368400155
14778,2351.458368400155
14779,2351.458368400155
14780,2351.458368400155
14781,2351.458368400155
14782,2351.458368400155
14783,2351.458368400155
14784,2351.458368400155
14785,2351.458368400155
14786,2351.458368400155
14787,2351.458368400155
14788,2351.458368400155
14789,2351.458368400155
14790,2351.458368400155
14791,2351.458368400155
14792,2351.458368400155
14793,2351.458368400155
14794,2351.458368400155
14795,2351.458368400155
14796,2351.458368400155
14797,2351.458368400155
14798,2351.458368400155
14799,2351.458368400155
14800,2351.458368400155
14801,2351.458368400155
14802,2351.458368400155
14803,2351.458368400155
14804,2351.458368400155
14805,2351.458368400155
14806,2351.458368400155
14807,2351.458368400155
14808,2351.458368400155
14809,2351.458368400155
14810,2351.458368400155
14811,2351.458368400155
14812,2351.458368400155
14813,2351.458368400155
14814,2351.458368400155
14815,2351.458368400155
14816,2351.458368400155
14817,2351.458368400155
14818,2351.458368400155
14819,2351.458368400155
14820,2351.458368400155
14821,2351.458368400155
14822,2351.458368400155
14823,2351.458368400155
14824,2351.458368400155
14825,2351.458368400155
14826,2351.458368400155
14827,2351.458368400155
14828,2351.458368400155
14829,2351.458368400155
14830,2351.458368400155
14831,2351.458368400155
14832,2351.458368400155
14833,2351.458368400155
14834,2351.458368400155
14835,2351.458368400155
14836,2351.458368400155
14837,2351.458368400155
14838,2351.458368400155
14839,2351.458368400155
14840,2351.458368400155
14841,2351.458368400155
14842,2351.458368400155
14843,2351.458368400155
14844,2351.458368400155
14845,2351.458368400155
14846,2351.458368400155
14847,2351.458368400155
14848,2351.458368400155
14849,2351.458368400155
14850,2351.458368400155
14851,2351.458368400155
14852,2351.458368400155
14853,2351.458368400155
14854,2351.458368400155
14855,2351.458368400155
14856,2351.458368400155
14857,2351.458368400155
14858,2351.458368400155
14859,2351.458368400155
14860,2351.458368400155
14861,2351.458368400155
14862,2351.458368400155
14863,2351.458368400155
14864,2351.458368400155
14865,2351.458368400155
14866,2351.458368400155
14867,2351.458368400155
14868,2351.458368400155
14869,2351.458368400155
14870,2351.458368400155
14871,2351.458368400155
14872,2351.458368400155
14873,2351.458368400155
14874,2351.458368400155
14875,2351.458368400155
14876,2351.458368400155
14877,2351.458368400155
14878,2351.458368400155
14879,2351.458368400155
14880,2351.458368400155
14881,2351.458368400155
14882,2351.458368400155
14883,2351.458368400155
14884,2351.458368400155
14885,2351.458368400155
14886,2351.458368400155
14887,2351.458368400155
14888,2351.458368400155
14889,2351.458368400155
14890,2351.458368400155
14891,2351.458368400155
14892,2351.458368400155
14893,2351.458368400155
14894,2351.458368400155
14895,2351.458368400155
14896,2351.458368400155
14897,2351.458368400155
14898,2351.458368400155
14899,2351.458368400155
14900,2351.458368400155
14901,2351.458368400155
14902,2351.458368400155
14903,2351.458368400155
14904,2351.458368400155
14905,2351.458368400155
14906,2351.458368400155
14907,2351.458368400155
14908,2351.458368400155
14909,2351.458368400155
14910,2351.458368400155
14911,2351.458368400155
14912,2351.458368400155
14913,2351.458368400155
14914,2351.458368400155
14915,2351.458368400155
14916,2351.458368400155
14917,2351.458368400155
14918,2351.458368400155
14919,2351.458368400155
14920,2351.458368400155
14921,2351.458368400155
14922,2351.458368400155
14923,2351.458368400155
14924,2351.458368400155
14925,2351.458368400155
14926,2351.458368400155
14927,2351.458368400155
14928,2351.458368400155
14929,2351.458368400155
14930,2351.458368400155
14931,2351.458368400155
14932,2351.458368400155
14933,2351.458368400155
14934,2351.458368400155
14935,2351.458368400155
14936,2351.458368400155
14937,2351.458368400155
14938,2351.458368400155
14939,2351.458368400155
14940,2351.458368400155
14941,2351.458368400155
14942,2351.458368400155
14943,2351.458368400155
14944,2351.458368400155
14945,2351.458368400155
14946,2351.458368400155
14947,2351.458368400155
14948,2351.458368400155
14949,2351.458368400155
14950,2351.458368400155
14951,2351.458368400155
14952,2351.458368400155
14953,2351.458368400155
14954,2351.458368400155
14955,2351.458368400155
14956,2351.458368400155
14957,2351.458368400155
14958,2351.458368400155
14959,2351.458368400155
14960,2351.458368400155
14961,2351.458368400155
14962,2351.458368400155
14963,2351.458368400155
14964,2351.458368400155
14965,2351.458368400155
14966,2351.458368400155
14967,2351.458368400155
14968,2351.458368400155
14969,2351.458368400155
14970,2351.458368400155
14971,2351.458368400155
14972,2351.458368400155
14973,2351.458368400155
14974,2351.458368400155
14975,2351.458368400155
14976,2351.458368400155
14977,2351.458368400155
14978,2351.458368400155
14979,2351.458368400155
14980,2351.458368400155
14981,2351.458368400155
14982,2351.458368400155
14983,2351.458368400155
14984,2351.458368400155
14985,2351.458368400155
14986,2351.458368400155
14987,2351.458368400155
14988,2351.458368400155
14989,2351.458368400155
14990,2351.458368400155
14991,2351.458368400155
14992,2351.458368400155
14993,2351.458368400155
14994,2351.458368400155
14995,2351.458368400155
14996,2351.458368400155
14997,2351.458368400155
14998,2351.458368400155
14999,2351.458368400155
15000,2351.458368400155
15001,2351.458368400155
15002,2351.458368400155
15003,2351.458368400155
15004,2351.458368400155
15005,2351.458368400155
15006,2351.458368400155
15007,2351.458368400155
15008,2351.458368400155
15009,2351.458368400155
15010,2351.458368400155
15011,2351.458368400155
15012,2351.458368400155
15013,2351.458368400155
15014,2351.458368400155
15015,2351.458368400155
15016,2351.458368400155
15017,2351.458368400155
15018,2351.458368400155
15019,2351.458368400155
15020,2351.458368400155
15021,2351.458368400155
15022,2351.458368400155
15023,2351.458368400155
15024,2351.458368400155
15025,2351.458368400155
15026,2351.458368400155
15027,2351.458368400155
15028,2351.458368400155
15029,2351.458368400155
15030,2351.458368400155
15031,2351.458368400155
15032,2351.458368400155
15033,2351.458368400155
15034,2351.458368400155
15035,2351.458368400155
15036,2351.458368400155
15037,2351.458368400155
15038,2351.458368400155
15039,2351.458368400155
15040,2351.458368400155
15041,2351.458368400155
15042,2351.458368400155
15043,2351.458368400155
15044,2351.458368400155
15045,2351.458368400155
15046,2351.458368400155
15047,2351.458368400155
15048,2351.458368400155
15049,2351.458368400155
15050,2351.458368400155
15051,2351.458368400155
15052,2351.458368400155
15053,2351.458368400155
15054,2351.458368400155
15055,2351.458368400155
15056,2351.458368400155
15057,2351.458368400155
15058,2351.458368400155
15059,2351.458368400155
15060,2351.458368400155
15061,2351.458368400155
15062,2351.458368400155
15063,2351.458368400155
15064,2351.458368400155
15065,2351.458368400155
15066,2351.458368400155
15067,2351.458368400155
15068,2351.458368400155
15069,2351.458368400155
15070,2351.458368400155
15071,2351.458368400155
15072,2351.458368400155
15073,2351.458368400155
15074,2351.458368400155
15075,2351.458368400155
15076,2351.458368400155
15077,2351.458368400155
15078,2351.458368400155
15079,2351.458368400155
15080,2351.458368400155
15081,2351.458368400155
15082,2351.458368400155
15083,2351.458368400155
15084,2351.458368400155
15085,2351.458368400155
15086,2351.458368400155
15087,2351.458368400155
15088,2351.458368400155
15089,2351.458368400155
15090,2351.458368400155
15091,2351.458368400155
15092,2351.458368400155
15093,2351.458368400155
15094,2351.458368400155
15095,2351.458368400155
15096,2351.458368400155
15097,2351.458368400155
15098,2351.458368400155
15099,2351.458368400155
15100,2351.458368400155
15101,2351.458368400155
15102,2351.458368400155
15103,2351.458368400155
15104,2351.458368400155
15105,2351.458368400155
15106,2351.458368400155
15107,2351.458368400155
15108,2351.458368400155
15109,2351.458368400155
15110,2351.458368400155
15111,2351.458368400155
15112,2351.458368400155
15113,2351.458368400155
15114,2351.458368400155
15115,2351.458368400155
15116,2351.458368400155
15117,2351.458368400155
15118,2351.458368400155
15119,2351.458368400155
15120,2351.458368400155
15121,2351.458368400155
15122,2351.458368400155
15123,2351.458368400155
15124,2351.458368400155
15125,2351.458368400155
15126,2351.458368400155
15127,2351.458368400155
15128,2351.458368400155
15129,2351.458368400155
15130,2351.458368400155
15131,2351.458368400155
15132,2351.458368400155
15133,2351.458368400155
15134,2351.458368400155
15135,2351.458368400155
15136,2351.458368400155
15137,2351.458368400155
15138,2351.458368400155
15139,2351.458368400155
15140,2351.458368400155
15141,2351.458368400155
15142,2351.458368400155
15143,2351.458368400155
15144,2351.458368400155
15145,2351.458368400155
15146,2351.458368400155
15147,2351.458368400155
15148,2351.458368400155
15149,2351.458368400155
15150,2351.458368400155
15151,2351.458368400155
15152,2351.458368400155
15153,2351.458368400155
15154,2351.458368400155
15155,2351.458368400155
15156,2351.458368400155
15157,2351.458368400155
15158,2351.458368400155
15159,2351.458368400155
15160,2351.458368400155
15161,2351.458368400155
15162,2351.458368400155
15163,2351.458368400155
15164,2351.458368400155
15165,2351.458368400155
15166,2351.458368400155
15167,2351.458368400155
15168,2351.458368400155
15169,2351.458368400155
15170,2351.458368400155
15171,2351.458368400155
15172,2351.458368400155
15173,2351.458368400155
15174,2351.458368400155
15175,2351.458368400155
15176,2351.458368400155
15177,2351.458368400155
15178,2351.458368400155
15179,2351.458368400155
15180,2351.458368400155
15181,2351.458368400155
15182,2351.458368400155
15183,2351.458368400155
15184,2351.458368400155
15185,2351.458368400155
15186,2351.458368400155
15187,2351.458368400155
15188,2351.458368400155
15189,2351.458368400155
15190,2351.458368400155
15191,2351.458368400155
15192,2351.458368400155
15193,2351.458368400155
15194,2351.458368400155
15195,2351.458368400155
15196,2351.458368400155
15197,2351.458368400155
15198,2351.458368400155
15199,2351.458368400155
15200,2351.458368400155
15201,2351.458368400155
15202,2351.458368400155
15203,2351.458368400155
15204,2351.458368400155
15205,2351.458368400155
15206,2351.458368400155
15207,2351.458368400155
15208,2351.458368400155
15209,2351.458368400155
15210,2351.458368400155
15211,2351.458368400155
15212,2351.458368400155
15213,2351.458368400155
15214,2351.458368400155
15215,2351.458368400155
15216,2351.458368400155
15217,2351.458368400155
15218,2351.458368400155
15219,2351.458368400155
15220,2351.458368400155
15221,2351.458368400155
15222,2351.458368400155
15223,2351.458368400155
15224,2351.458368400155
15225,2351.458368400155
15226,2351.458368400155
15227,2351.458368400155
15228,2351.458368400155
15229,2351.458368400155
15230,2351.458368400155
15231,2351.458368400155
15232,2351.458368400155
15233,2351.458368400155
15234,2351.458368400155
15235,2351.458368400155
15236,2351.458368400155
15237,2351.458368400155
15238,2351.458368400155
15239,2351.458368400155
15240,2351.458368400155
15241,2351.458368400155
15242,2351.458368400155
15243,2351.458368400155
15244,2351.458368400155
15245,2351.458368400155
15246,2351.458368400155
15247,2351.458368400155
15248,2351.458368400155
15249,2351.458368400155
15250,2351.458368400155
15251,2351.458368400155
15252,2351.458368400155
15253,2351.458368400155
15254,2351.458368400155
15255,2351.458368400155
15256,2351.458368400155
15257,2351.458368400155
15258,2351.458368400155
15259,2351.458368400155
15260,2351.458368400155
15261,2351.458368400155
15262,2351.458368400155
15263,2351.458368400155
15264,2351.458368400155
15265,2351.458368400155
15266,2351.458368400155
15267,2351.458368400155
15268,2351.458368400155
15269,2351.458368400155
15270,2351.458368400155
15271,2351.458368400155
15272,2351.458368400155
15273,2351.458368400155
15274,2351.458368400155
15275,2351.458368400155
15276,2351.458368400155
15277,2351.458368400155
15278,2351.458368400155
15279,2351.458368400155
15280,2351.458368400155
15281,2351.458368400155
15282,2351.458368400155
15283,2351.458368400155
15284,2351.458368400155
15285,2351.458368400155
15286,2351.458368400155
15287,2351.458368400155
15288,2351.458368400155
15289,2351.458368400155
15290,2351.458368400155
15291,2351.458368400155
15292,2351.458368400155
15293,2351.458368400155
15294,2351.458368400155
15295,2351.458368400155
15296,2351.458368400155
15297,2351.458368400155
15298,2351.458368400155
15299,2351.458368400155
15300,2351.458368400155
15301,2351.458368400155
15302,2351.458368400155
15303,2351.458368400155
15304,2351.458368400155
15305,2351.458368400155
15306,2351.458368400155
15307,2351.458368400155
15308,2351.458368400155
15309,2351.458368400155
15310,2351.458368400155
15311,2351.458368400155
15312,2351.458368400155
15313,2351.458368400155
15314,2351.458368400155
15315,2351.458368400155
15316,2351.458368400155
15317,2351.458368400155
15318,2351.458368400155
15319,2351.458368400155
15320,2351.458368400155
15321,2351.458368400155
15322,2351.458368400155
15323,2351.458368400155
15324,2351.458368400155
15325,2351.458368400155
15326,2351.458368400155
15327,2351.458368400155
15328,2351.458368400155
15329,2351.458368400155
15330,2351.458368400155
15331,2351.458368400155
15332,2351.458368400155
15333,2351.458368400155
15334,2351.458368400155
15335,2351.458368400155
15336,2351.458368400155
15337,2351.458368400155
15338,2351.458368400155
15339,2351.458368400155
15340,2351.458368400155
15341,2351.458368400155
15342,2351.458368400155
15343,2351.458368400155
15344,2351.458368400155
15345,2351.458368400155
15346,2351.458368400155
15347,2351.458368400155
15348,2351.458368400155
15349,2351.458368400155
15350,2351.458368400155
15351,2351.458368400155
15352,2351.458368400155
15353,2351.458368400155
15354,2351.458368400155
15355,2351.458368400155
15356,2351.458368400155
15357,2351.458368400155
15358,2351.458368400155
15359,2351.458368400155
15360,2351.458368400155
15361,2351.458368400155
15362,2351.458368400155
15363,2351.458368400155
15364,2351.458368400155
15365,2351.458368400155
15366,2351.458368400155
15367,2351.458368400155
15368,2351.458368400155
15369,2351.458368400155
15370,2351.458368400155
15371,2351.458368400155
15372,2351.458368400155
15373,2351.458368400155
15374,2351.458368400155
15375,2351.458368400155
15376,2351.458368400155
15377,2351.458368400155
15378,2351.458368400155
15379,2351.458368400155
15380,2351.458368400155
15381,2351.458368400155
15382,2351.458368400155
15383,2351.458368400155
15384,2351.458368400155
15385,2351.458368400155
15386,2351.458368400155
15387,2351.458368400155
15388,2351.458368400155
15389,2351.458368400155
15390,2351.458368400155
15391,2351.458368400155
15392,2351.458368400155
15393,2351.458368400155
15394,2351.458368400155
15395,2351.458368400155
15396,2351.458368400155
15397,2351.458368400155
15398,2351.458368400155
15399,2351.458368400155
15400,2351.458368400155
15401,2351.458368400155
15402,2351.458368400155
15403,2351.458368400155
15404,2351.458368400155
15405,2351.458368400155
15406,2351.458368400155
15407,2351.458368400155
15408,2351.458368400155
15409,2351.458368400155
15410,2351.458368400155
15411,2351.458368400155
15412,2351.458368400155
15413,2351.458368400155
15414,2351.458368400155
15415,2351.458368400155
15416,2351.458368400155
15417,2351.458368400155
15418,2351.458368400155
15419,2351.458368400155
15420,2351.458368400155
15421,2351.458368400155
15422,2351.458368400155
15423,2351.458368400155
15424,2351.458368400155
15425,2351.458368400155
15426,2351.458368400155
15427,2351.458368400155
15428,2351.458368400155
15429,2351.458368400155
15430,2351.458368400155
15431,2351.458368400155
15432,2351.458368400155
15433,2351.458368400155
15434,2351.458368400155
15435,2351.458368400155
15436,2351.458368400155
15437,2351.458368400155
15438,2351.458368400155
15439,2351.458368400155
15440,2351.458368400155
15441,2351.458368400155
15442,2351.458368400155
15443,2351.458368400155
15444,2351.458368400155
15445,2351.458368400155
15446,2351.458368400155
15447,2351.458368400155
15448,2351.458368400155
15449,2351.458368400155
15450,2351.458368400155
15451,2351.458368400155
15452,2351.458368400155
15453,2351.458368400155
15454,2351.458368400155
15455,2351.458368400155
15456,2351.458368400155
15457,2351.458368400155
15458,2351.458368400155
15459,2351.458368400155
15460,2351.458368400155
15461,2351.458368400155
15462,2351.458368400155
15463,2351.458368400155
15464,2351.458368400155
15465,2351.458368400155
15466,2351.458368400155
15467,2351.458368400155
15468,2351.458368400155
15469,2351.458368400155
15470,2351.458368400155
15471,2351.458368400155
15472,2351.458368400155
15473,2351.458368400155
15474,2351.458368400155
15475,2351.458368400155
15476,2351.458368400155
15477,2351.458368400155
15478,2351.458368400155
15479,2351.458368400155
15480,2351.458368400155
15481,2351.458368400155
15482,2351.458368400155
15483,2351.458368400155
15484,2351.458368400155
15485,2351.458368400155
15486,2351.458368400155
15487,2351.458368400155
15488,2351.458368400155
15489,2351.458368400155
15490,2351.458368400155
15491,2351.458368400155
15492,2351.458368400155
15493,2351.458368400155
15494,2351.458368400155
15495,2351.458368400155
15496,2351.458368400155
15497,2351.458368400155
15498,2351.458368400155
15499,2351.458368400155
15500,2351.458368400155
15501,2351.458368400155
15502,2351.458368400155
15503,2351.458368400155
15504,2351.458368400155
15505,2351.458368400155
15506,2351.458368400155
15507,2351.458368400155
15508,2351.458368400155
15509,2351.458368400155
15510,2351.458368400155
15511,2351.458368400155
15512,2351.458368400155
15513,2351.458368400155
15514,2351.458368400155
15515,2351.458368400155
15516,2351.458368400155
15517,2351.458368400155
15518,2351.458368400155
15519,2351.458368400155
15520,2351.458368400155
15521,2351.458368400155
15522,2351.458368400155
15523,2351.458368400155
15524,2351.458368400155
15525,2351.458368400155
15526,2351.458368400155
15527,2351.458368400155
15528,2351.458368400155
15529,2351.458368400155
15530,2351.458368400155
15531,2351.458368400155
15532,2351.458368400155
15533,2351.458368400155
15534,2351.458368400155
15535,2351.458368400155
15536,2351.458368400155
15537,2351.458368400155
15538,2351.458368400155
15539,2351.458368400155
15540,2351.458368400155
15541,2351.458368400155
15542,2351.458368400155
15543,2351.458368400155
15544,2351.458368400155
15545,2351.458368400155
15546,2351.458368400155
15547,2351.458368400155
15548,2351.458368400155
15549,2351.458368400155
15550,2351.458368400155
15551,2351.458368400155
15552,2351.458368400155
15553,2351.458368400155
15554,2351.458368400155
15555,2351.458368400155
15556,2351.458368400155
15557,2351.458368400155
15558,2351.458368400155
15559,2351.458368400155
15560,2351.458368400155
15561,2351.458368400155
15562,2351.458368400155
15563,2351.458368400155
15564,2351.458368400155
15565,2351.458368400155
15566,2351.458368400155
15567,2351.458368400155
15568,2351.458368400155
15569,2351.458368400155
15570,2351.458368400155
15571,2351.458368400155
15572,2351.458368400155
15573,2351.458368400155
15574,2351.458368400155
15575,2351.458368400155
15576,2351.458368400155
15577,2351.458368400155
15578,2351.458368400155
15579,2351.458368400155
15580,2351.458368400155
15581,2351.458368400155
15582,2351.458368400155
15583,2351.458368400155
15584,2351.458368400155
15585,2351.458368400155
15586,2351.458368400155
15587,2351.458368400155
15588,2351.458368400155
15589,2351.458368400155
15590,2351.458368400155
15591,2351.458368400155
15592,2351.458368400155
15593,2351.458368400155
15594,2351.458368400155
15595,2351.458368400155
15596,2351.458368400155
15597,2351.458368400155
15598,2351.458368400155
15599,2351.458368400155
15600,2351.458368400155
15601,2351.458368400155
15602,2351.458368400155
15603,2351.458368400155
15604,2351.458368400155
15605,2351.458368400155
15606,2351.458368400155
15607,2351.458368400155
15608,2351.458368400155
15609,2351.458368400155
15610,2351.458368400155
15611,2351.458368400155
15612,2351.458368400155
15613,2351.458368400155
15614,2351.458368400155
15615,2351.458368400155
15616,2351.458368400155
15617,2351.458368400155
15618,2351.458368400155
15619,2351.458368400155
15620,2351.458368400155
15621,2351.458368400155
15622,2351.458368400155
15623,2351.458368400155
15624,2351.458368400155
15625,2351.458368400155
15626,2351.458368400155
15627,2351.458368400155
15628,2351.458368400155
15629,2351.458368400155
15630,2351.458368400155
15631,2351.458368400155
15632,2351.458368400155
15633,2351.458368400155
15634,2351.458368400155
15635,2351.458368400155
15636,2351.458368400155
15637,2351.458368400155
15638,2351.458368400155
15639,2351.458368400155
15640,2351.458368400155
15641,2351.458368400155
15642,2351.458368400155
15643,2351.458368400155
15644,2351.458368400155
15645,2351.458368400155
15646,2351.458368400155
15647,2351.458368400155
15648,2351.458368400155
15649,2351.458368400155
15650,2351.458368400155
15651,2351.458368400155
15652,2351.458368400155
15653,2351.458368400155
15654,2351.458368400155
15655,2351.458368400155
15656,2351.458368400155
15657,2351.458368400155
15658,2351.458368400155
15659,2351.458368400155
15660,2351.458368400155
15661,2351.458368400155
15662,2351.458368400155
15663,2351.458368400155
15664,2351.458368400155
15665,2351.458368400155
15666,2351.458368400155
15667,2351.458368400155
15668,2351.458368400155
15669,2351.458368400155
15670,2351.458368400155
15671,2351.458368400155
15672,2351.458368400155
15673,2351.458368400155
15674,2351.458368400155
15675,2351.458368400155
15676,2351.458368400155
15677,2351.458368400155
15678,2351.458368400155
15679,2351.458368400155
15680,2351.458368400155
15681,2351.458368400155
15682,2351.458368400155
15683,2351.458368400155
15684,2351.458368400155
15685,2351.458368400155
15686,2351.458368400155
15687,2351.458368400155
15688,2351.458368400155
15689,2351.458368400155
15690,2351.458368400155
15691,2351.458368400155
15692,2351.458368400155
15693,2351.458368400155
15694,2351.458368400155
15695,2351.458368400155
15696,2351.458368400155
15697,2351.458368400155
15698,2351.458368400155
15699,2351.458368400155
15700,2351.458368400155
15701,2351.458368400155
15702,2351.458368400155
15703,2351.458368400155
15704,2351.458368400155
15705,2351.458368400155
15706,2351.458368400155
15707,2351.458368400155
15708,2351.458368400155
15709,2351.458368400155
15710,2351.458368400155
15711,2351.458368400155
15712,2351.458368400155
15713,2351.458368400155
15714,2351.458368400155
15715,2351.458368400155
15716,2351.458368400155
15717,2351.458368400155
15718,2351.458368400155
15719,2351.458368400155
15720,2351.458368400155
15721,2351.458368400155
15722,2351.458368400155
15723,2351.458368400155
15724,2351.458368400155
15725,2351.458368400155
15726,2351.458368400155
15727,2351.458368400155
15728,2351.458368400155
15729,2351.458368400155
15730,2351.458368400155
15731,2351.458368400155
15732,2351.458368400155
15733,2351.458368400155
15734,2351.458368400155
15735,2351.458368400155
15736,2351.458368400155
15737,2351.458368400155
15738,2351.458368400155
15739,2351.458368400155
15740,2351.458368400155
15741,2351.458368400155
15742,2351.458368400155
15743,2351.458368400155
15744,2351.458368400155
15745,2351.458368400155
15746,2351.458368400155
15747,2351.458368400155
15748,2351.458368400155
15749,2351.458368400155
15750,2351.458368400155
15751,2351.458368400155
15752,2351.458368400155
15753,2351.458368400155
15754,2351.458368400155
15755,2351.458368400155
15756,2351.458368400155
15757,2351.458368400155
15758,2351.458368400155
15759,2351.458368400155
15760,2351.458368400155
15761,2351.458368400155
15762,2351.458368400155
15763,2351.458368400155
15764,2351.458368400155
15765,2351.458368400155
15766,2351.458368400155
15767,2351.458368400155
15768,2351.458368400155
15769,2351.458368400155
15770,2351.458368400155
15771,2351.458368400155
15772,2351.458368400155
15773,2351.458368400155
15774,2351.458368400155
15775,2351.458368400155
15776,2351.458368400155
15777,2351.458368400155
15778,2351.458368400155
15779,2351.458368400155
15780,2351.458368400155
15781,2351.458368400155
15782,2351.458368400155
15783,2351.458368400155
15784,2351.458368400155
15785,2351.458368400155
15786,2351.458368400155
15787,2351.458368400155
15788,2351.458368400155
15789,2351.458368400155
15790,2351.458368400155
15791,2351.458368400155
15792,2351.458368400155
15793,2351.458368400155
15794,2351.458368400155
15795,2351.458368400155
15796,2351.458368400155
15797,2351.458368400155
15798,2351.458368400155
15799,2351.458368400155
15800,2351.458368400155
15801,2351.458368400155
15802,2351.458368400155
15803,2351.458368400155
15804,2351.458368400155
15805,2351.458368400155
15806,2351.458368400155
15807,2351.458368400155
15808,2351.458368400155
15809,2351.458368400155
15810,2351.458368400155
15811,2351.458368400155
15812,2351.458368400155
15813,2351.458368400155
15814,2351.458368400155
15815,2351.458368400155
15816,2351.458368400155
15817,2351.458368400155
15818,2351.458368400155
15819,2351.458368400155
15820,2351.458368400155
15821,2351.458368400155
15822,2351.458368400155
15823,2351.458368400155
15824,2351.458368400155
15825,2351.458368400155
15826,2351.458368400155
15827,2351.458368400155
15828,2351.458368400155
15829,2351.458368400155
15830,2351.458368400155
15831,2351.458368400155
15832,2351.458368400155
15833,2351.458368400155
15834,2351.458368400155
15835,2351.458368400155
15836,2351.458368400155
15837,2351.458368400155
15838,2351.458368400155
15839,2351.458368400155
15840,2351.458368400155
15841,2351.458368400155
15842,2351.458368400155
15843,2351.458368400155
15844,2351.458368400155
15845,2351.458368400155
15846,2351.458368400155
15847,2351.458368400155
15848,2351.458368400155
15849,2351.458368400155
15850,2351.458368400155
15851,2351.458368400155
15852,2351.458368400155
15853,2351.458368400155
15854,2351.458368400155
15855,2351.458368400155
15856,2351.458368400155
15857,2351.458368400155
15858,2351.458368400155
15859,2351.458368400155
15860,2351.458368400155
15861,2351.458368400155
15862,2351.458368400155
15863,2351.458368400155
15864,2351.458368400155
15865,2351.458368400155
15866,2351.458368400155
15867,2351.458368400155
15868,2351.458368400155
15869,2351.458368400155
15870,2351.458368400155
15871,2351.458368400155
15872,2351.458368400155
15873,2351.458368400155
15874,2351.458368400155
15875,2351.458368400155
15876,2351.458368400155
15877,2351.458368400155
15878,2351.458368400155
15879,2351.458368400155
15880,2351.458368400155
15881,2351.458368400155
15882,2351.458368400155
15883,2351.458368400155
15884,2351.458368400155
15885,2351.458368400155
15886,2351.458368400155
15887,2351.458368400155
15888,2351.458368400155
15889,2351.458368400155
15890,2351.458368400155
15891,2351.458368400155
15892,2351.458368400155
15893,2351.458368400155
15894,2351.458368400155
15895,2351.458368400155
15896,2351.458368400155
15897,2351.458368400155
15898,2351.458368400155
15899,2351.458368400155
15900,2351.458368400155
15901,2351.458368400155
15902,2351.458368400155
15903,2351.458368400155
15904,2351.458368400155
15905,2351.458368400155
15906,2351.458368400155
15907,2351.458368400155
15908,2351.458368400155
15909,2351.458368400155
15910,2351.458368400155
15911,2351.458368400155
15912,2351.458368400155
15913,2351.458368400155
15914,2351.458368400155
15915,2351.458368400155
15916,2351.458368400155
15917,2351.458368400155
15918,2351.458368400155
15919,2351.458368400155
15920,2351.458368400155
15921,2351.458368400155
15922,2351.458368400155
15923,2351.458368400155
15924,2351.458368400155
15925,2351.458368400155
15926,2351.458368400155
15927,2351.458368400155
15928,2351.458368400155
15929,2351.458368400155
15930,2351.458368400155
15931,2351.458368400155
15932,2351.458368400155
15933,2351.458368400155
15934,2351.458368400155
15935,2351.458368400155
15936,2351.458368400155
15937,2351.458368400155
15938,2351.458368400155
15939,2351.458368400155
15940,2351.458368400155
15941,2351.458368400155
15942,2351.458368400155
15943,2351.458368400155
15944,2351.458368400155
15945,2351.458368400155
15946,2351.458368400155
15947,2351.458368400155
15948,2351.458368400155
15949,2351.458368400155
15950,2351.458368400155
15951,2351.458368400155
15952,2351.458368400155
15953,2351.458368400155
15954,2351.458368400155
15955,2351.458368400155
15956,2351.458368400155
15957,2351.458368400155
15958,2351.458368400155
15959,2351.458368400155
15960,2351.458368400155
15961,2351.458368400155
15962,2351.458368400155
15963,2351.458368400155
15964,2351.458368400155
15965,2351.458368400155
15966,2351.458368400155
15967,2351.458368400155
15968,2351.458368400155
15969,2351.458368400155
15970,2351.458368400155
15971,2351.458368400155
15972,2351.458368400155
15973,2351.458368400155
15974,2351.458368400155
15975,2351.458368400155
15976,2351.458368400155
15977,2351.458368400155
15978,2351.458368400155
15979,2351.458368400155
15980,2351.458368400155
15981,2351.458368400155
15982,2351.458368400155
15983,2351.458368400155
15984,2351.458368400155
15985,2351.458368400155
15986,2351.458368400155
15987,2351.458368400155
15988,2351.458368400155
15989,2351.458368400155
15990,2351.458368400155
15991,2351.458368400155
15992,2351.458368400155
15993,2351.458368400155
15994,2351.458368400155
15995,2351.458368400155
15996,2351.458368400155
15997,2351.458368400155
15998,2351.458368400155
15999,2351.458368400155
16000,2351.458368400155
16001,2351.458368400155
16002,2351.458368400155
16003,2351.458368400155
16004,2351.458368400155
16005,2351.458368400155
16006,2351.458368400155
16007,2351.458368400155
16008,2351.458368400155
16009,2351.458368400155
16010,2351.458368400155
16011,2351.458368400155
16012,2351.458368400155
16013,2351.458368400155
16014,2351.458368400155
16015,2351.458368400155
16016,2351.458368400155
16017,2351.458368400155
16018,2351.458368400155
16019,2351.458368400155
16020,2351.458368400155
16021,2351.458368400155
16022,2351.458368400155
16023,2351.458368400155
16024,2351.458368400155
16025,2351.458368400155
16026,2351.458368400155
16027,2351.458368400155
16028,2351.458368400155
16029,2351.458368400155
16030,2351.458368400155
16031,2351.458368400155
16032,2351.458368400155
16033,2351.458368400155
16034,2351.458368400155
16035,2351.458368400155
16036,2351.458368400155
16037,2351.458368400155
16038,2351.458368400155
16039,2351.458368400155
16040,2351.458368400155
16041,2351.458368400155
16042,2351.458368400155
16043,2351.458368400155
16044,2351.458368400155
16045,2351.458368400155
16046,2351.458368400155
16047,2351.458368400155
16048,2351.458368400155
16049,2351.458368400155
16050,2351.458368400155
16051,2351.458368400155
16052,2351.458368400155
16053,2351.458368400155
16054,2351.458368400155
16055,2351.458368400155
16056,2351.458368400155
16057,2351.458368400155
16058,2351.458368400155
16059,2351.458368400155
16060,2351.458368400155
16061,2351.458368400155
16062,2351.458368400155
16063,2351.458368400155
16064,2351.458368400155
16065,2351.458368400155
16066,2351.458368400155
16067,2351.458368400155
16068,2351.458368400155
16069,2351.458368400155
16070,2351.458368400155
16071,2351.458368400155
16072,2351.458368400155
16073,2351.458368400155
16074,2351.458368400155
16075,2351.458368400155
16076,2351.458368400155
16077,2351.458368400155
16078,2351.458368400155
16079,2351.458368400155
16080,2351.458368400155
16081,2351.458368400155
16082,2351.458368400155
16083,2351.458368400155
16084,2351.458368400155
16085,2351.458368400155
16086,2351.458368400155
16087,2351.458368400155
16088,2351.458368400155
16089,2351.458368400155
16090,2351.458368400155
16091,2351.458368400155
16092,2351.458368400155
16093,2351.458368400155
16094,2351.458368400155
16095,2351.458368400155
16096,2351.458368400155
16097,2351.458368400155
16098,2351.458368400155
16099,2351.458368400155
16100,2351.458368400155
16101,2351.458368400155
16102,2351.458368400155
16103,2351.458368400155
16104,2351.458368400155
16105,2351.458368400155
16106,2351.458368400155
16107,2351.458368400155
16108,2351.458368400155
16109,2351.458368400155
16110,2351.458368400155
16111,2351.458368400155
16112,2351.458368400155
16113,2351.458368400155
16114,2351.458368400155
16115,2351.458368400155
16116,2351.458368400155
16117,2351.458368400155
16118,2351.458368400155
16119,2351.458368400155
16120,2351.458368400155
16121,2351.458368400155
16122,2351.458368400155
16123,2351.458368400155
16124,2351.458368400155
16125,2351.458368400155
16126,2351.458368400155
16127,2351.458368400155
16128,2351.458368400155
16129,2351.458368400155
16130,2351.458368400155
16131,2351.458368400155
16132,2351.458368400155
16133,2351.458368400155
16134,2351.458368400155
16135,2351.458368400155
16136,2351.458368400155
16137,2351.458368400155
16138,2351.458368400155
16139,2351.458368400155
16140,2351.458368400155
16141,2351.458368400155
16142,2351.458368400155
16143,2351.458368400155
16144,2351.458368400155
16145,2351.458368400155
16146,2351.458368400155
16147,2351.458368400155
16148,2351.458368400155
16149,2351.458368400155
16150,2351.458368400155
16151,2351.458368400155
16152,2351.458368400155
16153,2351.458368400155
16154,2351.458368400155
16155,2351.458368400155
16156,2351.458368400155
16157,2351.458368400155
16158,2351.458368400155
16159,2351.458368400155
16160,2351.458368400155
16161,2351.458368400155
16162,2351.458368400155
16163,2351.458368400155
16164,2351.458368400155
16165,2351.458368400155
16166,2351.458368400155
16167,2351.458368400155
16168,2351.458368400155
16169,2351.458368400155
16170,2351.458368400155
16171,2351.458368400155
16172,2351.458368400155
16173,2351.458368400155
16174,2351.458368400155
16175,2351.458368400155
16176,2351.458368400155
16177,2351.458368400155
16178,2351.458368400155
16179,2351.458368400155
16180,2351.458368400155
16181,2351.458368400155
16182,2351.458368400155
16183,2351.458368400155
16184,2351.458368400155
16185,2351.458368400155
16186,2351.458368400155
16187,2351.458368400155
16188,2351.458368400155
16189,2351.458368400155
16190,2351.458368400155
16191,2351.458368400155
16192,2351.458368400155
16193,2351.458368400155
16194,2351.458368400155
16195,2351.458368400155
16196,2351.458368400155
16197,2351.458368400155
16198,2351.458368400155
16199,2351.458368400155
16200,2351.458368400155
16201,2351.458368400155
16202,2351.458368400155
16203,2351.458368400155
16204,2351.458368400155
16205,2351.458368400155
16206,2351.458368400155
16207,2351.458368400155
16208,2351.458368400155
16209,2351.458368400155
16210,2351.458368400155
16211,2351.458368400155
16212,2351.458368400155
16213,2351.458368400155
16214,2351.458368400155
16215,2351.458368400155
16216,2351.458368400155
16217,2351.458368400155
16218,2351.458368400155
16219,2351.458368400155
16220,2351.458368400155
16221,2351.458368400155
16222,2351.458368400155
16223,2351.458368400155
16224,2351.458368400155
16225,2351.458368400155
16226,2351.458368400155
16227,2351.458368400155
16228,2351.458368400155
16229,2351.458368400155
16230,2351.458368400155
16231,2351.458368400155
16232,2351.458368400155
16233,2351.458368400155
16234,2351.458368400155
16235,2351.458368400155
16236,2351.458368400155
16237,2351.458368400155
16238,2351.458368400155
16239,2351.458368400155
16240,2351.458368400155
16241,2351.458368400155
16242,2351.458368400155
16243,2351.458368400155
16244,2351.458368400155
16245,2351.458368400155
16246,2351.458368400155
16247,2351.458368400155
16248,2351.458368400155
16249,2351.458368400155
16250,2351.458368400155
16251,2351.458368400155
16252,2351.458368400155
16253,2351.458368400155
16254,2351.458368400155
16255,2351.458368400155
16256,2351.458368400155
16257,2351.458368400155
16258,2351.458368400155
16259,2351.458368400155
16260,2351.458368400155
16261,2351.458368400155
16262,2351.458368400155
16263,2351.458368400155
16264,2351.458368400155
16265,2351.458368400155
16266,2351.458368400155
16267,2351.458368400155
16268,2351.458368400155
16269,2351.458368400155
16270,2351.458368400155
16271,2351.458368400155
16272,2351.458368400155
16273,2351.458368400155
16274,2351.458368400155
16275,2351.458368400155
16276,2351.458368400155
16277,2351.458368400155
16278,2351.458368400155
16279,2351.458368400155
16280,2351.458368400155
16281,2351.458368400155
16282,2351.458368400155
16283,2351.458368400155
16284,2351.458368400155
16285,2351.458368400155
16286,2351.458368400155
16287,2351.458368400155
16288,2351.458368400155
16289,2351.458368400155
16290,2351.458368400155
16291,2351.458368400155
16292,2351.458368400155
16293,2351.458368400155
16294,2351.458368400155
16295,2351.458368400155
16296,2351.458368400155
16297,2351.458368400155
16298,2351.458368400155
16299,2351.458368400155
16300,2351.458368400155
16301,2351.458368400155
16302,2351.458368400155
16303,2351.458368400155
16304,2351.458368400155
16305,2351.458368400155
16306,2351.458368400155
16307,2351.458368400155
16308,2351.458368400155
16309,2351.458368400155
16310,2351.458368400155
16311,2351.458368400155
16312,2351.458368400155
16313,2351.458368400155
16314,2351.458368400155
16315,2351.458368400155
16316,2351.458368400155
16317,2351.458368400155
16318,2351.458368400155
16319,2351.458368400155
16320,2351.458368400155
16321,2351.458368400155
16322,2351.458368400155
16323,2351.458368400155
16324,2351.458368400155
16325,2351.458368400155
16326,2351.458368400155
16327,2351.458368400155
16328,2351.458368400155
16329,2351.458368400155
16330,2351.458368400155
16331,2351.458368400155
16332,2351.458368400155
16333,2351.458368400155
16334,2351.458368400155
16335,2351.458368400155
16336,2351.458368400155
16337,2351.458368400155
16338,2351.458368400155
16339,2351.458368400155
16340,2351.458368400155
16341,2351.458368400155
16342,2351.458368400155
16343,2351.458368400155
16344,2351.458368400155
16345,2351.458368400155
16346,2351.458368400155
16347,2351.458368400155
16348,2351.458368400155
16349,2351.458368400155
16350,2351.458368400155
16351,2351.458368400155
16352,2351.458368400155
16353,2351.458368400155
16354,2351.458368400155
16355,2351.458368400155
16356,2351.458368400155
16357,2351.458368400155
16358,2351.458368400155
16359,2351.458368400155
16360,2351.458368400155
16361,2351.458368400155
16362,2351.458368400155
16363,2351.458368400155
16364,2351.458368400155
16365,2351.458368400155
16366,2351.458368400155
16367,2351.458368400155
16368,2351.458368400155
16369,2351.458368400155
16370,2351.458368400155
16371,2351.458368400155
16372,2351.458368400155
16373,2351.458368400155
16374,2351.458368400155
16375,2351.458368400155
16376,2351.458368400155
16377,2351.458368400155
16378,2351.458368400155
16379,2351.458368400155
16380,2351.458368400155
16381,2351.458368400155
16382,2351.458368400155
16383,2351.458368400155
16384,2351.458368400155
16385,2351.458368400155
16386,2351.458368400155
16387,2351.458368400155
16388,2351.458368400155
16389,2351.458368400155
16390,2351.458368400155
16391,2351.458368400155
16392,2351.458368400155
16393,2351.458368400155
16394,2351.458368400155
16395,2351.458368400155
16396,2351.458368400155
16397,2351.458368400155
16398,2351.458368400155
16399,2351.458368400155
16400,2351.458368400155
16401,2351.458368400155
16402,2351.458368400155
16403,2351.458368400155
16404,2351.458368400155
16405,2351.458368400155
16406,2351.458368400155
16407,2351.458368400155
16408,2351.458368400155
16409,2351.458368400155
16410,2351.458368400155
16411,2351.458368400155
16412,2351.458368400155
16413,2351.458368400155
16414,2351.458368400155
16415,2351.458368400155
16416,2351.458368400155
16417,2351.458368400155
16418,2351.458368400155
16419,2351.458368400155
16420,2351.458368400155
16421,2351.458368400155
16422,2351.458368400155
16423,2351.458368400155
16424,2351.458368400155
16425,2351.458368400155
16426,2351.458368400155
16427,2351.458368400155
16428,2351.458368400155
16429,2351.458368400155
16430,2351.458368400155
16431,2351.458368400155
16432,2351.458368400155
16433,2351.458368400155
16434,2351.458368400155
16435,2351.458368400155
16436,2351.458368400155
16437,2351.458368400155
16438,2351.458368400155
16439,2351.458368400155
16440,2351.458368400155
16441,2351.458368400155
16442,2351.458368400155
16443,2351.458368400155
16444,2351.458368400155
16445,2351.458368400155
16446,2351.458368400155
16447,2351.458368400155
16448,2351.458368400155
16449,2351.458368400155
16450,2351.458368400155
16451,2351.458368400155
16452,2351.458368400155
16453,2351.458368400155
16454,2351.458368400155
16455,2351.458368400155
16456,2351.458368400155
16457,2351.458368400155
16458,2351.458368400155
16459,2351.458368400155
16460,2351.458368400155
16461,2351.458368400155
16462,2351.458368400155
16463,2351.458368400155
16464,2351.458368400155
16465,2351.458368400155
16466,2351.458368400155
16467,2351.458368400155
16468,2351.458368400155
16469,2351.458368400155
16470,2351.458368400155
16471,2351.458368400155
16472,2351.458368400155
16473,2351.458368400155
16474,2351.458368400155
16475,2351.458368400155
16476,2351.458368400155
16477,2351.458368400155
16478,2351.458368400155
16479,2351.458368400155
16480,2351.458368400155
16481,2351.458368400155
16482,2351.458368400155
16483,2351.458368400155
16484,2351.458368400155
16485,2351.458368400155
16486,2351.458368400155
16487,2351.458368400155
16488,2351.458368400155
16489,2351.458368400155
16490,2351.458368400155
16491,2351.458368400155
16492,2351.458368400155
16493,2351.458368400155
16494,2351.458368400155
16495,2351.458368400155
16496,2351.458368400155
16497,2351.458368400155
16498,2351.458368400155
16499,2351.458368400155
16500,2351.458368400155
16501,2351.458368400155
16502,2351.458368400155
16503,2351.458368400155
16504,2351.458368400155
16505,2351.458368400155
16506,2351.458368400155
16507,2351.458368400155
16508,2351.458368400155
16509,2351.458368400155
16510,2351.458368400155
16511,2351.458368400155
16512,2351.458368400155
16513,2351.458368400155
16514,2351.458368400155
16515,2351.458368400155
16516,2351.458368400155
16517,2351.458368400155
16518,2351.458368400155
16519,2351.458368400155
16520,2351.458368400155
16521,2351.458368400155
16522,2351.458368400155
16523,2351.458368400155
16524,2351.458368400155
16525,2351.458368400155
16526,2351.458368400155
16527,2351.458368400155
16528,2351.458368400155
16529,2351.458368400155
16530,2351.458368400155
16531,2351.458368400155
16532,2351.458368400155
16533,2351.458368400155
16534,2351.458368400155
16535,2351.458368400155
16536,2351.458368400155
16537,2351.458368400155
16538,2351.458368400155
16539,2351.458368400155
16540,2351.458368400155
16541,2351.458368400155
16542,2351.458368400155
16543,2351.458368400155
16544,2351.458368400155
16545,2351.458368400155
16546,2351.458368400155
16547,2351.458368400155
16548,2351.458368400155
16549,2351.458368400155
16550,2351.458368400155
16551,2351.458368400155
16552,2351.458368400155
16553,2351.458368400155
16554,2351.458368400155
16555,2351.458368400155
16556,2351.458368400155
16557,2351.458368400155
16558,2351.458368400155
16559,2351.458368400155
16560,2351.458368400155
16561,2351.458368400155
16562,2351.458368400155
16563,2351.458368400155
16564,2351.458368400155
16565,2351.458368400155
16566,2351.458368400155
16567,2351.458368400155
16568,2351.458368400155
16569,2351.458368400155
16570,2351.458368400155
16571,2351.458368400155
16572,2351.458368400155
16573,2351.458368400155
16574,2351.458368400155
16575,2351.458368400155
16576,2351.458368400155
16577,2351.458368400155
16578,2351.458368400155
16579,2351.458368400155
16580,2351.458368400155
16581,2351.458368400155
16582,2351.458368400155
16583,2351.458368400155
16584,2351.458368400155
16585,2351.458368400155
16586,2351.458368400155
16587,2351.458368400155
16588,2351.458368400155
16589,2351.458368400155
16590,2351.458368400155
16591,2351.458368400155
16592,2351.458368400155
16593,2351.458368400155
16594,2351.458368400155
16595,2351.458368400155
16596,2351.458368400155
16597,2351.458368400155
16598,2351.458368400155
16599,2351.458368400155
16600,2351.458368400155
16601,2351.458368400155
16602,2351.458368400155
16603,2351.458368400155
16604,2351.458368400155
16605,2351.458368400155
16606,2351.458368400155
16607,2351.458368400155
16608,2351.458368400155
16609,2351.458368400155
16610,2351.458368400155
16611,2351.458368400155
16612,2351.458368400155
16613,2351.458368400155
16614,2351.458368400155
16615,2351.458368400155
16616,2351.458368400155
16617,2351.458368400155
16618,2351.458368400155
16619,2351.458368400155
16620,2351.458368400155
16621,2351.458368400155
16622,2351.458368400155
16623,2351.458368400155
16624,2351.458368400155
16625,2351.458368400155
16626,2351.458368400155
16627,2351.458368400155
16628,2351.458368400155
16629,2351.458368400155
16630,2351.458368400155
16631,2351.458368400155
16632,2351.458368400155
16633,2351.458368400155
16634,2351.458368400155
16635,2351.458368400155
16636,2351.458368400155
16637,2351.458368400155
16638,2351.458368400155
16639,2351.458368400155
16640,2351.458368400155
16641,2351.458368400155
16642,2351.458368400155
16643,2351.458368400155
16644,2351.458368400155
16645,2351.458368400155
16646,2351.458368400155
16647,2351.458368400155
16648,2351.458368400155
16649,2351.458368400155
16650,2351.458368400155
16651,2351.458368400155
16652,2351.458368400155
16653,2351.458368400155
16654,2351.458368400155
16655,2351.458368400155
16656,2351.458368400155
16657,2351.458368400155
16658,2351.458368400155
16659,2351.458368400155
16660,2351.458368400155
16661,2351.458368400155
16662,2351.458368400155
16663,2351.458368400155
16664,2351.458368400155
16665,2351.458368400155
16666,2351.458368400155
16667,2351.458368400155
16668,2351.458368400155
16669,2351.458368400155
16670,2351.458368400155
16671,2351.458368400155
16672,2351.458368400155
16673,2351.458368400155
16674,2351.458368400155
16675,2351.458368400155
16676,2351.458368400155
16677,2351.458368400155
16678,2351.458368400155
16679,2351.458368400155
16680,2351.458368400155
16681,2351.458368400155
16682,2351.458368400155
16683,2351.458368400155
16684,2351.458368400155
16685,2351.458368400155
16686,2351.458368400155
16687,2351.458368400155
16688,2351.458368400155
16689,2351.458368400155
16690,2351.458368400155
16691,2351.458368400155
16692,2351.458368400155
16693,2351.458368400155
16694,2351.458368400155
16695,2351.458368400155
16696,2351.458368400155
16697,2351.458368400155
16698,2351.458368400155
16699,2351.458368400155
16700,2351.458368400155
16701,2351.458368400155
16702,2351.458368400155
16703,2351.458368400155
16704,2351.458368400155
16705,2351.458368400155
16706,2351.458368400155
16707,2351.458368400155
16708,2351.458368400155
16709,2351.458368400155
16710,2351.458368400155
16711,2351.458368400155
16712,2351.458368400155
16713,2351.458368400155
16714,2351.458368400155
16715,2351.458368400155
16716,2351.458368400155
16717,2351.458368400155
16718,2351.458368400155
16719,2351.458368400155
16720,2351.458368400155
16721,2351.458368400155
16722,2351.458368400155
16723,2351.458368400155
16724,2351.458368400155
16725,2351.458368400155
16726,2351.458368400155
16727,2351.458368400155
16728,2351.458368400155
16729,2351.458368400155
16730,2351.458368400155
16731,2351.458368400155
16732,2351.458368400155
16733,2351.458368400155
16734,2351.458368400155
16735,2351.458368400155
16736,2351.458368400155
16737,2351.458368400155
16738,2351.458368400155
16739,2351.458368400155
16740,2351.458368400155
16741,2351.458368400155
16742,2351.458368400155
16743,2351.458368400155
16744,2351.458368400155
16745,2351.458368400155
16746,2351.458368400155
16747,2351.458368400155
16748,2351.458368400155
16749,2351.458368400155
16750,2351.458368400155
16751,2351.458368400155
16752,2351.458368400155
16753,2351.458368400155
16754,2351.458368400155
16755,2351.458368400155
16756,2351.458368400155
16757,2351.458368400155
16758,2351.458368400155
16759,2351.458368400155
16760,2351.458368400155
16761,2351.458368400155
16762,2351.458368400155
16763,2351.458368400155
16764,2351.458368400155
16765,2351.458368400155
16766,2351.458368400155
16767,2351.458368400155
16768,2351.458368400155
16769,2351.458368400155
16770,2351.458368400155
16771,2351.458368400155
16772,2351.458368400155
16773,2351.458368400155
16774,2351.458368400155
16775,2351.458368400155
16776,2351.458368400155
16777,2351.458368400155
16778,2351.458368400155
16779,2351.458368400155
16780,2351.458368400155
16781,2351.458368400155
16782,2351.458368400155
16783,2351.458368400155
16784,2351.458368400155
16785,2351.458368400155
16786,2351.458368400155
16787,2351.458368400155
16788,2351.458368400155
16789,2351.458368400155
16790,2351.458368400155
16791,2351.458368400155
16792,2351.458368400155
16793,2351.458368400155
16794,2351.458368400155
16795,2351.458368400155
16796,2351.458368400155
16797,2351.458368400155
16798,2351.458368400155
16799,2351.458368400155
16800,2351.458368400155
16801,2351.458368400155
16802,2351.458368400155
16803,2351.458368400155
16804,2351.458368400155
16805,2351.458368400155
16806,2351.458368400155
16807,2351.458368400155
16808,2351.458368400155
16809,2351.458368400155
16810,2351.458368400155
16811,2351.458368400155
16812,2351.458368400155
16813,2351.458368400155
16814,2351.458368400155
16815,2351.458368400155
16816,2351.458368400155
16817,2351.458368400155
16818,2351.458368400155
16819,2351.458368400155
16820,2351.458368400155
16821,2351.458368400155
16822,2351.458368400155
16823,2351.458368400155
16824,2351.458368400155
16825,2351.458368400155
16826,2351.458368400155
16827,2351.458368400155
16828,2351.458368400155
16829,2351.458368400155
16830,2351.458368400155
16831,2351.458368400155
16832,2351.458368400155
16833,2351.458368400155
16834,2351.458368400155
16835,2351.458368400155
16836,2351.458368400155
16837,2351.458368400155
16838,2351.458368400155
16839,2351.458368400155
16840,2351.458368400155
16841,2351.458368400155
16842,2351.458368400155
16843,2351.458368400155
16844,2351.458368400155
16845,2351.458368400155
16846,2351.458368400155
16847,2351.458368400155
16848,2351.458368400155
16849,2351.458368400155
16850,2351.458368400155
16851,2351.458368400155
16852,2351.458368400155
16853,2351.458368400155
16854,2351.458368400155
16855,2351.458368400155
16856,2351.458368400155
16857,2351.458368400155
16858,2351.458368400155
16859,2351.458368400155
16860,2351.458368400155
16861,2351.458368400155
16862,2351.458368400155
16863,2351.458368400155
16864,2351.458368400155
16865,2351.458368400155
16866,2351.458368400155
16867,2351.458368400155
16868,2351.458368400155
16869,2351.458368400155
16870,2351.458368400155
16871,2351.458368400155
16872,2351.458368400155
16873,2351.458368400155
16874,2351.458368400155
16875,2351.458368400155
16876,2351.458368400155
16877,2351.458368400155
16878,2351.458368400155
16879,2351.458368400155
16880,2351.458368400155
16881,2351.458368400155
16882,2351.458368400155
16883,2351.458368400155
16884,2351.458368400155
16885,2351.458368400155
16886,2351.458368400155
16887,2351.458368400155
16888,2351.458368400155
16889,2351.458368400155
16890,2351.458368400155
16891,2351.458368400155
16892,2351.458368400155
16893,2351.458368400155
16894,2351.458368400155
16895,2351.458368400155
16896,2351.458368400155
16897,2351.458368400155
16898,2351.458368400155
16899,2351.458368400155
16900,2351.458368400155
16901,2351.458368400155
16902,2351.458368400155
16903,2351.458368400155
16904,2351.458368400155
16905,2351.458368400155
16906,2351.458368400155
16907,2351.458368400155
16908,2351.458368400155
16909,2351.458368400155
16910,2351.458368400155
16911,2351.458368400155
16912,2351.458368400155
16913,2351.458368400155
16914,2351.458368400155
16915,2351.458368400155
16916,2351.458368400155
16917,2351.458368400155
16918,2351.458368400155
16919,2351.458368400155
16920,2351.458368400155
16921,2351.458368400155
16922,2351.458368400155
16923,2351.458368400155
16924,2351.458368400155
16925,2351.458368400155
16926,2351.458368400155
16927,2351.458368400155
16928,2351.458368400155
16929,2351.458368400155
16930,2351.458368400155
16931,2351.458368400155
16932,2351.458368400155
16933,2351.458368400155
16934,2351.458368400155
16935,2351.458368400155
16936,2351.458368400155
16937,2351.458368400155
16938,2351.458368400155
16939,2351.458368400155
16940,2351.458368400155
16941,2351.458368400155
16942,2351.458368400155
16943,2351.458368400155
16944,2351.458368400155
16945,2351.458368400155
16946,2351.458368400155
16947,2351.458368400155
16948,2351.458368400155
16949,2351.458368400155
16950,2351.458368400155
16951,2351.458368400155
16952,2351.458368400155
16953,2351.458368400155
16954,2351.458368400155
16955,2351.458368400155
16956,2351.458368400155
16957,2351.458368400155
16958,2351.458368400155
16959,2351.458368400155
16960,2351.458368400155
16961,2351.458368400155
16962,2351.458368400155
16963,2351.458368400155
16964,2351.458368400155
16965,2351.458368400155
16966,2351.458368400155
16967,2351.458368400155
16968,2351.458368400155
16969,2351.458368400155
16970,2351.458368400155
16971,2351.458368400155
16972,2351.458368400155
16973,2351.458368400155
16974,2351.458368400155
16975,2351.458368400155
16976,2351.458368400155
16977,2351.458368400155
16978,2351.458368400155
16979,2351.458368400155
16980,2351.458368400155
16981,2351.458368400155
16982,2351.458368400155
16983,2351.458368400155
16984,2351.458368400155
16985,2351.458368400155
16986,2351.458368400155
16987,2351.458368400155
16988,2351.458368400155
16989,2351.458368400155
16990,2351.458368400155
16991,2351.458368400155
16992,2351.458368400155
16993,2351.458368400155
16994,2351.458368400155
16995,2351.458368400155
16996,2351.458368400155
16997,2351.458368400155
16998,2351.458368400155
16999,2351.458368400155
17000,2351.458368400155
17001,2351.458368400155
17002,2351.458368400155
17003,2351.458368400155
17004,2351.458368400155
17005,2351.458368400155
17006,2351.458368400155
17007,2351.458368400155
17008,2351.458368400155
17009,2351.458368400155
17010,2351.458368400155
17011,2351.458368400155
17012,2351.458368400155
17013,2351.458368400155
17014,2351.458368400155
17015,2351.458368400155
17016,2351.458368400155
17017,2351.458368400155
17018,2351.458368400155
17019,2351.458368400155
17020,2351.458368400155
17021,2351.458368400155
17022,2351.458368400155
17023,2351.458368400155
17024,2351.458368400155
17025,2351.458368400155
17026,2351.458368400155
17027,2351.458368400155
17028,2351.458368400155
17029,2351.458368400155
17030,2351.458368400155
17031,2351.458368400155
17032,2351.458368400155
17033,2351.458368400155
17034,2351.458368400155
17035,2351.458368400155
17036,2351.458368400155
17037,2351.458368400155
17038,2351.458368400155
17039,2351.458368400155
17040,2351.458368400155
17041,2351.458368400155
17042,2351.458368400155
17043,2351.458368400155
17044,2351.458368400155
17045,2351.458368400155
17046,2351.458368400155
17047,2351.458368400155
17048,2351.458368400155
17049,2351.458368400155
17050,2351.458368400155
17051,2351.458368400155
17052,2351.458368400155
17053,2351.458368400155
17054,2351.458368400155
17055,2351.458368400155
17056,2351.458368400155
17057,2351.458368400155
17058,2351.458368400155
17059,2351.458368400155
17060,2351.458368400155
17061,2351.458368400155
17062,2351.458368400155
17063,2351.458368400155
17064,2351.458368400155
17065,2351.458368400155
17066,2351.458368400155
17067,2351.458368400155
17068,2351.458368400155
17069,2351.458368400155
17070,2351.458368400155
17071,2351.458368400155
17072,2351.458368400155
17073,2351.458368400155
17074,2351.458368400155
17075,2351.458368400155
17076,2351.458368400155
17077,2351.458368400155
17078,2351.458368400155
17079,2351.458368400155
17080,2351.458368400155
17081,2351.458368400155
17082,2351.458368400155
17083,2351.458368400155
17084,2351.458368400155
17085,2351.458368400155
17086,2351.458368400155
17087,2351.458368400155
17088,2351.458368400155
17089,2351.458368400155
17090,2351.458368400155
17091,2351.458368400155
17092,2351.458368400155
17093,2351.458368400155
17094,2351.458368400155
17095,2351.458368400155
17096,2351.458368400155
17097,2351.458368400155
17098,2351.458368400155
17099,2351.458368400155
17100,2351.458368400155
17101,2351.458368400155
17102,2351.458368400155
17103,2351.458368400155
17104,2351.458368400155
17105,2351.458368400155
17106,2351.458368400155
17107,2351.458368400155
17108,2351.458368400155
17109,2351.458368400155
17110,2351.458368400155
17111,2351.458368400155
17112,2351.458368400155
17113,2351.458368400155
17114,2351.458368400155
17115,2351.458368400155
17116,2351.458368400155
17117,2351.458368400155
17118,2351.458368400155
17119,2351.458368400155
17120,2351.458368400155
17121,2351.458368400155
17122,2351.458368400155
17123,2351.458368400155
17124,2351.458368400155
17125,2351.458368400155
17126,2351.458368400155
17127,2351.458368400155
17128,2351.458368400155
17129,2351.458368400155
17130,2351.458368400155
17131,2351.458368400155
17132,2351.458368400155
17133,2351.458368400155
17134,2351.458368400155
17135,2351.458368400155
17136,2351.458368400155
17137,2351.458368400155
17138,2351.458368400155
17139,2351.458368400155
17140,2351.458368400155
17141,2351.458368400155
17142,2351.458368400155
17143,2351.458368400155
17144,2351.458368400155
17145,2351.458368400155
17146,2351.458368400155
17147,2351.458368400155
17148,2351.458368400155
17149,2351.458368400155
17150,2351.458368400155
17151,2351.458368400155
17152,2351.458368400155
17153,2351.458368400155
17154,2351.458368400155
17155,2351.458368400155
17156,2351.458368400155
17157,2351.458368400155
17158,2351.458368400155
17159,2351.458368400155
17160,2351.458368400155
17161,2351.458368400155
17162,2351.458368400155
17163,2351.458368400155
17164,2351.458368400155
17165,2351.458368400155
17166,2351.458368400155
17167,2351.458368400155
17168,2351.458368400155
17169,2351.458368400155
17170,2351.458368400155
17171,2351.458368400155
17172,2351.458368400155
17173,2351.458368400155
17174,2351.458368400155
17175,2351.458368400155
17176,2351.458368400155
17177,2351.458368400155
17178,2351.458368400155
17179,2351.458368400155
17180,2351.458368400155
17181,2351.458368400155
17182,2351.458368400155
17183,2351.458368400155
17184,2351.458368400155
17185,2351.458368400155
17186,2351.458368400155
17187,2351.458368400155
17188,2351.458368400155
17189,2351.458368400155
17190,2351.458368400155
17191,2351.458368400155
17192,2351.458368400155
17193,2351.458368400155
17194,2351.458368400155
17195,2351.458368400155
17196,2351.458368400155
17197,2351.458368400155
17198,2351.458368400155
17199,2351.458368400155
17200,2351.458368400155
17201,2351.458368400155
17202,2351.458368400155
17203,2351.458368400155
17204,2351.458368400155
17205,2351.458368400155
17206,2351.458368400155
17207,2351.458368400155
17208,2351.458368400155
17209,2351.458368400155
17210,2351.458368400155
17211,2351.458368400155
17212,2351.458368400155
17213,2351.458368400155
17214,2351.458368400155
17215,2351.458368400155
17216,2351.458368400155
17217,2351.458368400155
17218,2351.458368400155
17219,2351.458368400155
17220,2351.458368400155
17221,2351.458368400155
17222,2351.458368400155
17223,2351.458368400155
17224,2351.458368400155
17225,2351.458368400155
17226,2351.458368400155
17227,2351.458368400155
17228,2351.458368400155
17229,2351.458368400155
17230,2351.458368400155
17231,2351.458368400155
17232,2351.458368400155
17233,2351.458368400155
17234,2351.458368400155
17235,2351.458368400155
17236,2351.458368400155
17237,2351.458368400155
17238,2351.458368400155
17239,2351.458368400155
17240,2351.458368400155
17241,2351.458368400155
17242,2351.458368400155
17243,2351.458368400155
17244,2351.458368400155
17245,2351.458368400155
17246,2351.458368400155
17247,2351.458368400155
17248,2351.458368400155
17249,2351.458368400155
17250,2351.458368400155
17251,2351.458368400155
17252,2351.458368400155
17253,2351.458368400155
17254,2351.458368400155
17255,2351.458368400155
17256,2351.458368400155
17257,2351.458368400155
17258,2351.458368400155
17259,2351.458368400155
17260,2351.458368400155
17261,2351.458368400155
17262,2351.458368400155
17263,2351.458368400155
17264,2351.458368400155
17265,2351.458368400155
17266,2351.458368400155
17267,2351.458368400155
17268,2351.458368400155
17269,2351.458368400155
17270,2351.458368400155
17271,2351.458368400155
17272,2351.458368400155
17273,2351.458368400155
17274,2351.458368400155
17275,2351.458368400155
17276,2351.458368400155
17277,2351.458368400155
17278,2351.458368400155
17279,2351.458368400155
17280,2351.458368400155
17281,2351.458368400155
17282,2351.458368400155
17283,2351.458368400155
17284,2351.458368400155
17285,2351.458368400155
17286,2351.458368400155
17287,2351.458368400155
17288,2351.458368400155
17289,2351.458368400155
17290,2351.458368400155
17291,2351.458368400155
17292,2351.458368400155
17293,2351.458368400155
17294,2351.458368400155
17295,2351.458368400155
17296,2351.458368400155
17297,2351.458368400155
17298,2351.458368400155
17299,2351.458368400155
17300,2351.458368400155
17301,2351.458368400155
17302,2351.458368400155
17303,2351.458368400155
17304,2351.458368400155
17305,2351.458368400155
17306,2351.458368400155
17307,2351.458368400155
17308,2351.458368400155
17309,2351.458368400155
17310,2351.458368400155
17311,2351.458368400155
17312,2351.458368400155
17313,2351.458368400155
17314,2351.458368400155
17315,2351.458368400155
17316,2351.458368400155
17317,2351.458368400155
17318,2351.458368400155
17319,2351.458368400155
17320,2351.458368400155
17321,2351.458368400155
17322,2351.458368400155
17323,2351.458368400155
17324,2351.458368400155
17325,2351.458368400155
17326,2351.458368400155
17327,2351.458368400155
17328,2351.458368400155
17329,2351.458368400155
17330,2351.458368400155
17331,2351.458368400155
17332,2351.458368400155
17333,2351.458368400155
17334,2351.458368400155
17335,2351.458368400155
17336,2351.458368400155
17337,2351.458368400155
17338,2351.458368400155
17339,2351.458368400155
17340,2351.458368400155
17341,2351.458368400155
17342,2351.458368400155
17343,2351.458368400155
17344,2351.458368400155
17345,2351.458368400155
17346,2351.458368400155
17347,2351.458368400155
17348,2351.458368400155
17349,2351.458368400155
17350,2351.458368400155
17351,2351.458368400155
17352,2351.458368400155
17353,2351.458368400155
17354,2351.458368400155
17355,2351.458368400155
17356,2351.458368400155
17357,2351.458368400155
17358,2351.458368400155
17359,2351.458368400155
17360,2351.458368400155
17361,2351.458368400155
17362,2351.458368400155
17363,2351.458368400155
17364,2351.458368400155
17365,2351.458368400155
17366,2351.458368400155
17367,2351.458368400155
17368,2351.458368400155
17369,2351.458368400155
17370,2351.458368400155
17371,2351.458368400155
17372,2351.458368400155
17373,2351.458368400155
17374,2351.458368400155
17375,2351.458368400155
17376,2351.458368400155
17377,2351.458368400155
17378,2351.458368400155
17379,2351.458368400155
17380,2351.458368400155
17381,2351.458368400155
17382,2351.458368400155
17383,2351.458368400155
17384,2351.458368400155
17385,2351.458368400155
17386,2351.458368400155
17387,2351.458368400155
17388,2351.458368400155
17389,2351.458368400155
17390,2351.458368400155
17391,2351.458368400155
17392,2351.458368400155
17393,2351.458368400155
17394,2351.458368400155
17395,2351.458368400155
17396,2351.458368400155
17397,2351.458368400155
17398,2351.458368400155
17399,2351.458368400155
17400,2351.458368400155
17401,2351.458368400155
17402,2351.458368400155
17403,2351.458368400155
17404,2351.458368400155
17405,2351.458368400155
17406,2351.458368400155
17407,2351.458368400155
17408,2351.458368400155
17409,2351.458368400155
17410,2351.458368400155
17411,2351.458368400155
17412,2351.458368400155
17413,2351.458368400155
17414,2351.458368400155
17415,2351.458368400155
17416,2351.458368400155
17417,2351.458368400155
17418,2351.458368400155
17419,2351.458368400155
17420,2351.458368400155
17421,2351.458368400155
17422,2351.458368400155
17423,2351.458368400155
17424,2351.458368400155
17425,2351.458368400155
17426,2351.458368400155
17427,2351.458368400155
17428,2351.458368400155
17429,2351.458368400155
17430,2351.458368400155
17431,2351.458368400155
17432,2351.458368400155
17433,2351.458368400155
17434,2351.458368400155
17435,2351.458368400155
17436,2351.458368400155
17437,2351.458368400155
17438,2351.458368400155
17439,2351.458368400155
17440,2351.458368400155
17441,2351.458368400155
17442,2351.458368400155
17443,2351.458368400155
17444,2351.458368400155
17445,2351.458368400155
17446,2351.458368400155
17447,2351.458368400155
17448,2351.458368400155
17449,2351.458368400155
17450,2351.458368400155
17451,2351.458368400155
17452,2351.458368400155
17453,2351.458368400155
17454,2351.458368400155
17455,2351.458368400155
17456,2351.458368400155
17457,2351.458368400155
17458,2351.458368400155
17459,2351.458368400155
17460,2351.458368400155
17461,2351.458368400155
17462,2351.458368400155
17463,2351.458368400155
17464,2351.458368400155
17465,2351.458368400155
17466,2351.458368400155
17467,2351.458368400155
17468,2351.458368400155
17469,2351.458368400155
17470,2351.458368400155
17471,2351.458368400155
17472,2351.458368400155
17473,2351.458368400155
17474,2351.458368400155
17475,2351.458368400155
17476,2351.458368400155
17477,2351.458368400155
17478,2351.458368400155
17479,2351.458368400155
17480,2351.458368400155
17481,2351.458368400155
17482,2351.458368400155
17483,2351.458368400155
17484,2351.458368400155
17485,2351.458368400155
17486,2351.458368400155
17487,2351.458368400155
17488,2351.458368400155
17489,2351.458368400155
17490,2351.458368400155
17491,2351.458368400155
17492,2351.458368400155
17493,2351.458368400155
17494,2351.458368400155
17495,2351.458368400155
17496,2351.458368400155
17497,2351.458368400155
17498,2351.458368400155
17499,2351.458368400155
17500,2351.458368400155
17501,2351.458368400155
17502,2351.458368400155
17503,2351.458368400155
17504,2351.458368400155
17505,2351.458368400155
17506,2351.458368400155
17507,2351.458368400155
17508,2351.458368400155
17509,2351.458368400155
17510,2351.458368400155
17511,2351.458368400155
17512,2351.458368400155
17513,2351.458368400155
17514,2351.458368400155
17515,2351.458368400155
17516,2351.458368400155
17517,2351.458368400155
17518,2351.458368400155
17519,2351.458368400155
17520,2351.458368400155
17521,2351.458368400155
17522,2351.458368400155
17523,2351.458368400155
17524,2351.458368400155
17525,2351.458368400155
17526,2351.458368400155
17527,2351.458368400155
17528,2351.458368400155
17529,2351.458368400155
17530,2351.458368400155
17531,2351.458368400155
17532,2351.458368400155
17533,2351.458368400155
17534,2351.458368400155
17535,2351.458368400155
17536,2351.458368400155
17537,2351.458368400155
17538,2351.458368400155
17539,2351.458368400155
17540,2351.458368400155
17541,2351.458368400155
17542,2351.458368400155
17543,2351.458368400155
17544,2351.458368400155
17545,2351.458368400155
17546,2351.458368400155
17547,2351.458368400155
17548,2351.458368400155
17549,2351.458368400155
17550,2351.458368400155
17551,2351.458368400155
17552,2351.458368400155
17553,2351.458368400155
17554,2351.458368400155
17555,2351.458368400155
17556,2351.458368400155
17557,2351.458368400155
17558,2351.458368400155
17559,2351.458368400155
17560,2351.458368400155
17561,2351.458368400155
17562,2351.458368400155
17563,2351.458368400155
17564,2351.458368400155
17565,2351.458368400155
17566,2351.458368400155
17567,2351.458368400155
17568,2351.458368400155
17569,2351.458368400155
17570,2351.458368400155
17571,2351.458368400155
17572,2351.458368400155
17573,2351.458368400155
17574,2351.458368400155
17575,2351.458368400155
17576,2351.458368400155
17577,2351.458368400155
17578,2351.458368400155
17579,2351.458368400155
17580,2351.458368400155
17581,2351.458368400155
17582,2351.458368400155
17583,2351.458368400155
17584,2351.458368400155
17585,2351.458368400155
17586,2351.458368400155
17587,2351.458368400155
17588,2351.458368400155
17589,2351.458368400155
17590,2351.458368400155
17591,2351.458368400155
17592,2351.458368400155
17593,2351.458368400155
17594,2351.458368400155
17595,2351.458368400155
17596,2351.458368400155
17597,2351.458368400155
17598,2351.458368400155
17599,2351.458368400155
17600,2351.458368400155
17601,2351.458368400155
17602,2351.458368400155
17603,2351.458368400155
17604,2351.458368400155
17605,2351.458368400155
17606,2351.458368400155
17607,2351.458368400155
17608,2351.458368400155
17609,2351.458368400155
17610,2351.458368400155
17611,2351.458368400155
17612,2351.458368400155
17613,2351.458368400155
17614,2351.458368400155
17615,2351.458368400155
17616,2351.458368400155
17617,2351.458368400155
17618,2351.458368400155
17619,2351.458368400155
17620,2351.458368400155
17621,2351.458368400155
17622,2351.458368400155
17623,2351.458368400155
17624,2351.458368400155
17625,2351.458368400155
17626,2351.458368400155
17627,2351.458368400155
17628,2351.458368400155
17629,2351.458368400155
17630,2351.458368400155
17631,2351.458368400155
17632,2351.458368400155
17633,2351.458368400155
17634,2351.458368400155
17635,2351.458368400155
17636,2351.458368400155
17637,2351.458368400155
17638,2351.458368400155
17639,2351.458368400155
17640,2351.458368400155
17641,2351.458368400155
17642,2351.458368400155
17643,2351.458368400155
17644,2351.458368400155
17645,2351.458368400155
17646,2351.458368400155
17647,2351.458368400155
17648,2351.458368400155
17649,2351.458368400155
17650,2351.458368400155
17651,2351.458368400155
17652,2351.458368400155
17653,2351.458368400155
17654,2351.458368400155
17655,2351.458368400155
17656,2351.458368400155
17657,2351.458368400155
17658,2351.458368400155
17659,2351.458368400155
17660,2351.458368400155
17661,2351.458368400155
17662,2351.458368400155
17663,2351.458368400155
17664,2351.458368400155
17665,2351.458368400155
17666,2351.458368400155
17667,2351.458368400155
17668,2351.458368400155
17669,2351.458368400155
17670,2351.458368400155
17671,2351.458368400155
17672,2351.458368400155
17673,2351.458368400155
17674,2351.458368400155
17675,2351.458368400155
17676,2351.458368400155
17677,2351.458368400155
17678,2351.458368400155
17679,2351.458368400155
17680,2351.458368400155
17681,2351.458368400155
17682,2351.458368400155
17683,2351.458368400155
17684,2351.458368400155
17685,2351.458368400155
17686,2351.458368400155
17687,2351.458368400155
17688,2351.458368400155
17689,2351.458368400155
17690,2351.458368400155
17691,2351.458368400155
17692,2351.458368400155
17693,2351.458368400155
17694,2351.458368400155
17695,2351.458368400155
17696,2351.458368400155
17697,2351.458368400155
17698,2351.458368400155
17699,2351.458368400155
17700,2351.458368400155
17701,2351.458368400155
17702,2351.458368400155
17703,2351.458368400155
17704,2351.458368400155
17705,2351.458368400155
17706,2351.458368400155
17707,2351.458368400155
17708,2351.458368400155
17709,2351.458368400155
17710,2351.458368400155
17711,2351.458368400155
17712,2351.458368400155
17713,2351.458368400155
17714,2351.458368400155
17715,2351.458368400155
17716,2351.458368400155
17717,2351.458368400155
17718,2351.458368400155
17719,2351.458368400155
17720,2351.458368400155
17721,2351.458368400155
17722,2351.458368400155
17723,2351.458368400155
17724,2351.458368400155
17725,2351.458368400155
17726,2351.458368400155
17727,2351.458368400155
17728,2351.458368400155
17729,2351.458368400155
17730,2351.458368400155
17731,2351.458368400155
17732,2351.458368400155
17733,2351.458368400155
17734,2351.458368400155
17735,2351.458368400155
17736,2351.458368400155
17737,2351.458368400155
17738,2351.458368400155
17739,2351.458368400155
17740,2351.458368400155
17741,2351.458368400155
17742,2351.458368400155
17743,2351.458368400155
17744,2351.458368400155
17745,2351.458368400155
17746,2351.458368400155
17747,2351.458368400155
17748,2351.458368400155
17749,2351.458368400155
17750,2351.458368400155
17751,2351.458368400155
17752,2351.458368400155
17753,2351.458368400155
17754,2351.458368400155
17755,2351.458368400155
17756,2351.458368400155
17757,2351.458368400155
17758,2351.458368400155
17759,2351.458368400155
17760,2351.458368400155
17761,2351.458368400155
17762,2351.458368400155
17763,2351.458368400155
17764,2351.458368400155
17765,2351.458368400155
17766,2351.458368400155
17767,2351.458368400155
17768,2351.458368400155
17769,2351.458368400155
17770,2351.458368400155
17771,2351.458368400155
17772,2351.458368400155
17773,2351.458368400155
17774,2351.458368400155
17775,2351.458368400155
17776,2351.458368400155
17777,2351.458368400155
17778,2351.458368400155
17779,2351.458368400155
17780,2351.458368400155
17781,2351.458368400155
17782,2351.458368400155
17783,2351.458368400155
17784,2351.458368400155
17785,2351.458368400155
17786,2351.458368400155
17787,2351.458368400155
17788,2351.458368400155
17789,2351.458368400155
17790,2351.458368400155
17791,2351.458368400155
17792,2351.458368400155
17793,2351.458368400155
17794,2351.458368400155
17795,2351.458368400155
17796,2351.458368400155
17797,2351.458368400155
17798,2351.458368400155
17799,2351.458368400155
17800,2351.458368400155
17801,2351.458368400155
17802,2351.458368400155
17803,2351.458368400155
17804,2351.458368400155
17805,2351.458368400155
17806,2351.458368400155
17807,2351.458368400155
17808,2351.458368400155
17809,2351.458368400155
17810,2351.458368400155
17811,2351.458368400155
17812,2351.458368400155
17813,2351.458368400155
17814,2351.458368400155
17815,2351.458368400155
17816,2351.458368400155
17817,2351.458368400155
17818,2351.458368400155
17819,2351.458368400155
17820,2351.458368400155
17821,2351.458368400155
17822,2351.458368400155
17823,2351.458368400155
17824,2351.458368400155
17825,2351.458368400155
17826,2351.458368400155
17827,2351.458368400155
17828,2351.458368400155
17829,2351.458368400155
17830,2351.458368400155
17831,2351.458368400155
17832,2351.458368400155
17833,2351.458368400155
17834,2351.458368400155
17835,2351.458368400155
17836,2351.458368400155
17837,2351.458368400155
17838,2351.458368400155
17839,2351.458368400155
17840,2351.458368400155
17841,2351.458368400155
17842,2351.458368400155
17843,2351.458368400155
17844,2351.458368400155
17845,2351.458368400155
17846,2351.458368400155
17847,2351.458368400155
17848,2351.458368400155
17849,2351.458368400155
17850,2351.458368400155
17851,2351.458368400155
17852,2351.458368400155
17853,2351.458368400155
17854,2351.458368400155
17855,2351.458368400155
17856,2351.458368400155
17857,2351.458368400155
17858,2351.458368400155
17859,2351.458368400155
17860,2351.458368400155
17861,2351.458368400155
17862,2351.458368400155
17863,2351.458368400155
17864,2351.458368400155
17865,2351.458368400155
17866,2351.458368400155
17867,2351.458368400155
17868,2351.458368400155
17869,2351.458368400155
17870,2351.458368400155
17871,2351.458368400155
17872,2351.458368400155
17873,2351.458368400155
17874,2351.458368400155
17875,2351.458368400155
17876,2351.458368400155
17877,2351.458368400155
17878,2351.458368400155
17879,2351.458368400155
17880,2351.458368400155
17881,2351.458368400155
17882,2351.458368400155
17883,2351.458368400155
17884,2351.458368400155
17885,2351.458368400155
17886,2351.458368400155
17887,2351.458368400155
17888,2351.458368400155
17889,2351.458368400155
17890,2351.458368400155
17891,2351.458368400155
17892,2351.458368400155
17893,2351.458368400155
17894,2351.458368400155
17895,2351.458368400155
17896,2351.458368400155
17897,2351.458368400155
17898,2351.458368400155
17899,2351.458368400155
17900,2351.458368400155
17901,2351.458368400155
17902,2351.458368400155
17903,2351.458368400155
17904,2351.458368400155
17905,2351.458368400155
17906,2351.458368400155
17907,2351.458368400155
17908,2351.458368400155
17909,2351.458368400155
17910,2351.458368400155
17911,2351.458368400155
17912,2351.458368400155
17913,2351.458368400155
17914,2351.458368400155
17915,2351.458368400155
17916,2351.458368400155
17917,2351.458368400155
17918,2351.458368400155
17919,2351.458368400155
17920,2351.458368400155
17921,2351.458368400155
17922,2351.458368400155
17923,2351.458368400155
17924,2351.458368400155
17925,2351.458368400155
17926,2351.458368400155
17927,2351.458368400155
17928,2351.458368400155
17929,2351.458368400155
17930,2351.458368400155
17931,2351.458368400155
17932,2351.458368400155
17933,2351.458368400155
17934,2351.458368400155
17935,2351.458368400155
17936,2351.458368400155
17937,2351.458368400155
17938,2351.458368400155
17939,2351.458368400155
17940,2351.458368400155
17941,2351.458368400155
17942,2351.458368400155
17943,2351.458368400155
17944,2351.458368400155
17945,2351.458368400155
17946,2351.458368400155
17947,2351.458368400155
17948,2351.458368400155
17949,2351.458368400155
17950,2351.458368400155
17951,2351.458368400155
17952,2351.458368400155
17953,2351.458368400155
17954,2351.458368400155
17955,2351.458368400155
17956,2351.458368400155
17957,2351.458368400155
17958,2351.458368400155
17959,2351.458368400155
17960,2351.458368400155
17961,2351.458368400155
17962,2351.458368400155
17963,2351.458368400155
17964,2351.458368400155
17965,2351.458368400155
17966,2351.458368400155
17967,2351.458368400155
17968,2351.458368400155
17969,2351.458368400155
17970,2351.458368400155
17971,2351.458368400155
17972,2351.458368400155
17973,2351.458368400155
17974,2351.458368400155
17975,2351.458368400155
17976,2351.458368400155
17977,2351.458368400155
17978,2351.458368400155
17979,2351.458368400155
17980,2351.458368400155
17981,2351.458368400155
17982,2351.458368400155
17983,2351.458368400155
17984,2351.458368400155
17985,2351.458368400155
17986,2351.458368400155
17987,2351.458368400155
17988,2351.458368400155
17989,2351.458368400155
17990,2351.458368400155
17991,2351.458368400155
17992,2351.458368400155
17993,2351.458368400155
17994,2351.458368400155
17995,2351.458368400155
17996,2351.458368400155
17997,2351.458368400155
17998,2351.458368400155
17999,2351.458368400155
18000,2351.458368400155
18001,2351.458368400155
18002,2351.458368400155
18003,2351.458368400155
18004,2351.458368400155
18005,2351.458368400155
18006,2351.458368400155
18007,2351.458368400155
18008,2351.458368400155
18009,2351.458368400155
18010,2351.458368400155
18011,2351.458368400155
18012,2351.458368400155
18013,2351.458368400155
18014,2351.458368400155
18015,2351.458368400155
18016,2351.458368400155
18017,2351.458368400155
18018,2351.458368400155
18019,2351.458368400155
18020,2351.458368400155
18021,2351.458368400155
18022,2351.458368400155
18023,2351.458368400155
18024,2351.458368400155
18025,2351.458368400155
18026,2351.458368400155
18027,2351.458368400155
18028,2351.458368400155
18029,2351.458368400155
18030,2351.458368400155
18031,2351.458368400155
18032,2351.458368400155
18033,2351.458368400155
18034,2351.458368400155
18035,2351.458368400155
18036,2351.458368400155
18037,2351.458368400155
18038,2351.458368400155
18039,2351.458368400155
18040,2351.458368400155
18041,2351.458368400155
18042,2351.458368400155
18043,2351.458368400155
18044,2351.458368400155
18045,2351.458368400155
18046,2351.458368400155
18047,2351.458368400155
18048,2351.458368400155
18049,2351.458368400155
18050,2351.458368400155
18051,2351.458368400155
18052,2351.458368400155
18053,2351.458368400155
18054,2351.458368400155
18055,2351.458368400155
18056,2351.458368400155
18057,2351.458368400155
18058,2351.458368400155
18059,2351.458368400155
18060,2351.458368400155
18061,2351.458368400155
18062,2351.458368400155
18063,2351.458368400155
18064,2351.458368400155
18065,2351.458368400155
18066,2351.458368400155
18067,2351.458368400155
18068,2351.458368400155
18069,2351.458368400155
18070,2351.458368400155
18071,2351.458368400155
18072,2351.458368400155
18073,2351.458368400155
18074,2351.458368400155
18075,2351.458368400155
18076,2351.458368400155
18077,2351.458368400155
18078,2351.458368400155
18079,2351.458368400155
18080,2351.458368400155
18081,2351.458368400155
18082,2351.458368400155
18083,2351.458368400155
18084,2351.458368400155
18085,2351.458368400155
18086,2351.458368400155
18087,2351.458368400155
18088,2351.458368400155
18089,2351.458368400155
18090,2351.458368400155
18091,2351.458368400155
18092,2351.458368400155
18093,2351.458368400155
18094,2351.458368400155
18095,2351.458368400155
18096,2351.458368400155
18097,2351.458368400155
18098,2351.458368400155
18099,2351.458368400155
18100,2351.458368400155
18101,2351.458368400155
18102,2351.458368400155
18103,2351.458368400155
18104,2351.458368400155
18105,2351.458368400155
18106,2351.458368400155
18107,2351.458368400155
18108,2351.458368400155
18109,2351.458368400155
18110,2351.458368400155
18111,2351.458368400155
18112,2351.458368400155
18113,2351.458368400155
18114,2351.458368400155
18115,2351.458368400155
18116,2351.458368400155
18117,2351.458368400155
18118,2351.458368400155
18119,2351.458368400155
18120,2351.458368400155
18121,2351.458368400155
18122,2351.458368400155
18123,2351.458368400155
18124,2351.458368400155
18125,2351.458368400155
18126,2351.458368400155
18127,2351.458368400155
18128,2351.458368400155
18129,2351.458368400155
18130,2351.458368400155
18131,2351.458368400155
18132,2351.458368400155
18133,2351.458368400155
18134,2351.458368400155
18135,2351.458368400155
18136,2351.458368400155
18137,2351.458368400155
18138,2351.458368400155
18139,2351.458368400155
18140,2351.458368400155
18141,2351.458368400155
18142,2351.458368400155
18143,2351.458368400155
18144,2351.458368400155
18145,2351.458368400155
18146,2351.458368400155
18147,2351.458368400155
18148,2351.458368400155
18149,2351.458368400155
18150,2351.458368400155
18151,2351.458368400155
18152,2351.458368400155
18153,2351.458368400155
18154,2351.458368400155
18155,2351.458368400155
18156,2351.458368400155
18157,2351.458368400155
18158,2351.458368400155
18159,2351.458368400155
18160,2351.458368400155
18161,2351.458368400155
18162,2351.458368400155
18163,2351.458368400155
18164,2351.458368400155
18165,2351.458368400155
18166,2351.458368400155
18167,2351.458368400155
18168,2351.458368400155
18169,2351.458368400155
18170,2351.458368400155
18171,2351.458368400155
18172,2351.458368400155
18173,2351.458368400155
18174,2351.458368400155
18175,2351.458368400155
18176,2351.458368400155
18177,2351.458368400155
18178,2351.458368400155
18179,2351.458368400155
18180,2351.458368400155
18181,2351.458368400155
18182,2351.458368400155
18183,2351.458368400155
18184,2351.458368400155
18185,2351.458368400155
18186,2351.458368400155
18187,2351.458368400155
18188,2351.458368400155
18189,2351.458368400155
18190,2351.458368400155
18191,2351.458368400155
18192,2351.458368400155
18193,2351.458368400155
18194,2351.458368400155
18195,2351.458368400155
18196,2351.458368400155
18197,2351.458368400155
18198,2351.458368400155
18199,2351.458368400155
18200,2351.458368400155
18201,2351.458368400155
18202,2351.458368400155
18203,2351.458368400155
18204,2351.458368400155
18205,2351.458368400155
18206,2351.458368400155
18207,2351.458368400155
18208,2351.458368400155
18209,2351.458368400155
18210,2351.458368400155
18211,2351.458368400155
18212,2351.458368400155
18213,2351.458368400155
18214,2351.458368400155
18215,2351.458368400155
18216,2351.458368400155
18217,2351.458368400155
18218,2351.458368400155
18219,2351.458368400155
18220,2351.458368400155
18221,2351.458368400155
18222,2351.458368400155
18223,2351.458368400155
18224,2351.458368400155
18225,2351.458368400155
18226,2351.458368400155
18227,2351.458368400155
18228,2351.458368400155
18229,2351.458368400155
18230,2351.458368400155
18231,2351.458368400155
18232,2351.458368400155
18233,2351.458368400155
18234,2351.458368400155
18235,2351.458368400155
18236,2351.458368400155
18237,2351.458368400155
18238,2351.458368400155
18239,2351.458368400155
18240,2351.458368400155
18241,2351.458368400155
18242,2351.458368400155
18243,2351.458368400155
18244,2351.458368400155
18245,2351.458368400155
18246,2351.458368400155
18247,2351.458368400155
18248,2351.458368400155
18249,2351.458368400155
18250,2351.458368400155
18251,2351.458368400155
18252,2351.458368400155
18253,2351.458368400155
18254,2351.458368400155
18255,2351.458368400155
18256,2351.458368400155
18257,2351.458368400155
18258,2351.458368400155
18259,2351.458368400155
18260,2351.458368400155
18261,2351.458368400155
18262,2351.458368400155
18263,2351.458368400155
18264,2351.458368400155
18265,2351.458368400155
18266,2351.458368400155
18267,2351.458368400155
18268,2351.458368400155
18269,2351.458368400155
18270,2351.458368400155
18271,2351.458368400155
18272,2351.458368400155
18273,2351.458368400155
18274,2351.458368400155
18275,2351.458368400155
18276,2351.458368400155
18277,2351.458368400155
18278,2351.458368400155
18279,2351.458368400155
18280,2351.458368400155
18281,2351.458368400155
18282,2351.458368400155
18283,2351.458368400155
18284,2351.458368400155
18285,2351.458368400155
18286,2351.458368400155
18287,2351.458368400155
18288,2351.458368400155
18289,2351.458368400155
18290,2351.458368400155
18291,2351.458368400155
18292,2351.458368400155
18293,2351.458368400155
18294,2351.458368400155
18295,2351.458368400155
18296,2351.458368400155
18297,2351.458368400155
18298,2351.458368400155
18299,2351.458368400155
18300,2351.458368400155
18301,2351.458368400155
18302,2351.458368400155
18303,2351.458368400155
18304,2351.458368400155
18305,2351.458368400155
18306,2351.458368400155
18307,2351.458368400155
18308,2351.458368400155
18309,2351.458368400155
18310,2351.458368400155
18311,2351.458368400155
18312,2351.458368400155
18313,2351.458368400155
18314,2351.458368400155
18315,2351.458368400155
18316,2351.458368400155
18317,2351.458368400155
18318,2351.458368400155
18319,2351.458368400155
18320,2351.458368400155
18321,2351.458368400155
18322,2351.458368400155
18323,2351.458368400155
18324,2351.458368400155
18325,2351.458368400155
18326,2351.458368400155
18327,2351.458368400155
18328,2351.458368400155
18329,2351.458368400155
18330,2351.458368400155
18331,2351.458368400155
18332,2351.458368400155
18333,2351.458368400155
18334,2351.458368400155
18335,2351.458368400155
18336,2351.458368400155
18337,2351.458368400155
18338,2351.458368400155
18339,2351.458368400155
18340,2351.458368400155
18341,2351.458368400155
18342,2351.458368400155
18343,2351.458368400155
18344,2351.458368400155
18345,2351.458368400155
18346,2351.458368400155
18347,2351.458368400155
18348,2351.458368400155
18349,2351.458368400155
18350,2351.458368400155
18351,2351.458368400155
18352,2351.458368400155
18353,2351.458368400155
18354,2351.458368400155
18355,2351.458368400155
18356,2351.458368400155
18357,2351.458368400155
18358,2351.458368400155
18359,2351.458368400155
18360,2351.458368400155
18361,2351.458368400155
18362,2351.458368400155
18363,2351.458368400155
18364,2351.458368400155
18365,2351.458368400155
18366,2351.458368400155
18367,2351.458368400155
18368,2351.458368400155
18369,2351.458368400155
18370,2351.458368400155
18371,2351.458368400155
18372,2351.458368400155
18373,2351.458368400155
18374,2351.458368400155
18375,2351.458368400155
18376,2351.458368400155
18377,2351.458368400155
18378,2351.458368400155
18379,2351.458368400155
18380,2351.458368400155
18381,2351.458368400155
18382,2351.458368400155
18383,2351.458368400155
18384,2351.458368400155
18385,2351.458368400155
18386,2351.458368400155
18387,2351.458368400155
18388,2351.458368400155
18389,2351.458368400155
18390,2351.458368400155
18391,2351.458368400155
18392,2351.458368400155
18393,2351.458368400155
18394,2351.458368400155
18395,2351.458368400155
18396,2351.458368400155
18397,2351.458368400155
18398,2351.458368400155
18399,2351.458368400155
18400,2351.458368400155
18401,2351.458368400155
18402,2351.458368400155
18403,2351.458368400155
18404,2351.458368400155
18405,2351.458368400155
18406,2351.458368400155
18407,2351.458368400155
18408,2351.458368400155
18409,2351.458368400155
18410,2351.458368400155
18411,2351.458368400155
18412,2351.458368400155
18413,2351.458368400155
18414,2351.458368400155
18415,2351.458368400155
18416,2351.458368400155
18417,2351.458368400155
18418,2351.458368400155
18419,2351.458368400155
18420,2351.458368400155
18421,2351.458368400155
18422,2351.458368400155
18423,2351.458368400155
18424,2351.458368400155
18425,2351.458368400155
18426,2351.458368400155
18427,2351.458368400155
18428,2351.458368400155
18429,2351.458368400155
18430,2351.458368400155
18431,2351.458368400155
18432,2351.458368400155
18433,2351.458368400155
18434,2351.458368400155
18435,2351.458368400155
18436,2351.458368400155
18437,2351.458368400155
18438,2351.458368400155
18439,2351.458368400155
18440,2351.458368400155
18441,2351.458368400155
18442,2351.458368400155
18443,2351.458368400155
18444,2351.458368400155
18445,2351.458368400155
18446,2351.458368400155
18447,2351.458368400155
18448,2351.458368400155
18449,2351.458368400155
18450,2351.458368400155
18451,2351.458368400155
18452,2351.458368400155
18453,2351.458368400155
18454,2351.458368400155
18455,2351.458368400155
18456,2351.458368400155
18457,2351.458368400155
18458,2351.458368400155
18459,2351.458368400155
18460,2351.458368400155
18461,2351.458368400155
18462,2351.458368400155
18463,2351.458368400155
18464,2351.458368400155
18465,2351.458368400155
18466,2351.458368400155
18467,2351.458368400155
18468,2351.458368400155
18469,2351.458368400155
18470,2351.458368400155
18471,2351.458368400155
18472,2351.458368400155
18473,2351.458368400155
18474,2351.458368400155
18475,2351.458368400155
18476,2351.458368400155
18477,2351.458368400155
18478,2351.458368400155
18479,2351.458368400155
18480,2351.458368400155
18481,2351.458368400155
18482,2351.458368400155
18483,2351.458368400155
18484,2351.458368400155
18485,2351.458368400155
18486,2351.458368400155
18487,2351.458368400155
18488,2351.458368400155
18489,2351.458368400155
18490,2351.458368400155
18491,2351.458368400155
18492,2351.458368400155
18493,2351.458368400155
18494,2351.458368400155
18495,2351.458368400155
18496,2351.458368400155
18497,2351.458368400155
18498,2351.458368400155
18499,2351.458368400155
18500,2351.458368400155
18501,2351.458368400155
18502,2351.458368400155
18503,2351.458368400155
18504,2351.458368400155
18505,2351.458368400155
18506,2351.458368400155
18507,2351.458368400155
18508,2351.458368400155
18509,2351.458368400155
18510,2351.458368400155
18511,2351.458368400155
18512,2351.458368400155
18513,2351.458368400155
18514,2351.458368400155
18515,2351.458368400155
18516,2351.458368400155
18517,2351.458368400155
18518,2351.458368400155
18519,2351.458368400155
18520,2351.458368400155
18521,2351.458368400155
18522,2351.458368400155
18523,2351.458368400155
18524,2351.458368400155
18525,2351.458368400155
18526,2351.458368400155
18527,2351.458368400155
18528,2351.458368400155
18529,2351.458368400155
18530,2351.458368400155
18531,2351.458368400155
18532,2351.458368400155
18533,2351.458368400155
18534,2351.458368400155
18535,2351.458368400155
18536,2351.458368400155
18537,2351.458368400155
18538,2351.458368400155
18539,2351.458368400155
18540,2351.458368400155
18541,2351.458368400155
18542,2351.458368400155
18543,2351.458368400155
18544,2351.458368400155
18545,2351.458368400155
18546,2351.458368400155
18547,2351.458368400155
18548,2351.458368400155
18549,2351.458368400155
18550,2351.458368400155
18551,2351.458368400155
18552,2351.458368400155
18553,2351.458368400155
18554,2351.458368400155
18555,2351.458368400155
18556,2351.458368400155
18557,2351.458368400155
18558,2351.458368400155
18559,2351.458368400155
18560,2351.458368400155
18561,2351.458368400155
18562,2351.458368400155
18563,2351.458368400155
18564,2351.458368400155
18565,2351.458368400155
18566,2351.458368400155
18567,2351.458368400155
18568,2351.458368400155
18569,2351.458368400155
18570,2351.458368400155
18571,2351.458368400155
18572,2351.458368400155
18573,2351.458368400155
18574,2351.458368400155
18575,2351.458368400155
18576,2351.458368400155
18577,2351.458368400155
18578,2351.458368400155
18579,2351.458368400155
18580,2351.458368400155
18581,2351.458368400155
18582,2351.458368400155
18583,2351.458368400155
18584,2351.458368400155
18585,2351.458368400155
18586,2351.458368400155
18587,2351.458368400155
18588,2351.458368400155
18589,2351.458368400155
18590,2351.458368400155
18591,2351.458368400155
18592,2351.458368400155
18593,2351.458368400155
18594,2351.458368400155
18595,2351.458368400155
18596,2351.458368400155
18597,2351.458368400155
18598,2351.458368400155
18599,2351.458368400155
18600,2351.458368400155
18601,2351.458368400155
18602,2351.458368400155
18603,2351.458368400155
18604,2351.458368400155
18605,2351.458368400155
18606,2351.458368400155
18607,2351.458368400155
18608,2351.458368400155
18609,2351.458368400155
18610,2351.458368400155
18611,2351.458368400155
18612,2351.458368400155
18613,2351.458368400155
18614,2351.458368400155
18615,2351.458368400155
18616,2351.458368400155
18617,2351.458368400155
18618,2351.458368400155
18619,2351.458368400155
18620,2351.458368400155
18621,2351.458368400155
18622,2351.458368400155
18623,2351.458368400155
18624,2351.458368400155
18625,2351.458368400155
18626,2351.458368400155
18627,2351.458368400155
18628,2351.458368400155
18629,2351.458368400155
18630,2351.458368400155
18631,2351.458368400155
18632,2351.458368400155
18633,2351.458368400155
18634,2351.458368400155
18635,2351.458368400155
18636,2351.458368400155
18637,2351.458368400155
18638,2351.458368400155
18639,2351.458368400155
18640,2351.458368400155
18641,2351.458368400155
18642,2351.458368400155
18643,2351.458368400155
18644,2351.458368400155
18645,2351.458368400155
18646,2351.458368400155
18647,2351.458368400155
18648,2351.458368400155
18649,2351.458368400155
18650,2351.458368400155
18651,2351.458368400155
18652,2351.458368400155
18653,2351.458368400155
18654,2351.458368400155
18655,2351.458368400155
18656,2351.458368400155
18657,2351.458368400155
18658,2351.458368400155
18659,2351.458368400155
18660,2351.458368400155
18661,2351.458368400155
18662,2351.458368400155
18663,2351.458368400155
18664,2351.458368400155
18665,2351.458368400155
18666,2351.458368400155
18667,2351.458368400155
18668,2351.458368400155
18669,2351.458368400155
18670,2351.458368400155
18671,2351.458368400155
18672,2351.458368400155
18673,2351.458368400155
18674,2351.458368400155
18675,2351.458368400155
18676,2351.458368400155
18677,2351.458368400155
18678,2351.458368400155
18679,2351.458368400155
18680,2351.458368400155
18681,2351.458368400155
18682,2351.458368400155
18683,2351.458368400155
18684,2351.458368400155
18685,2351.458368400155
18686,2351.458368400155
18687,2351.458368400155
18688,2351.458368400155
18689,2351.458368400155
18690,2351.458368400155
18691,2351.458368400155
18692,2351.458368400155
18693,2351.458368400155
18694,2351.458368400155
18695,2351.458368400155
18696,2351.458368400155
18697,2351.458368400155
18698,2351.458368400155
18699,2351.458368400155
18700,2351.458368400155
18701,2351.458368400155
18702,2351.458368400155
18703,2351.458368400155
18704,2351.458368400155
18705,2351.458368400155
18706,2351.458368400155
18707,2351.458368400155
18708,2351.458368400155
18709,2351.458368400155
18710,2351.458368400155
18711,2351.458368400155
18712,2351.458368400155
18713,2351.458368400155
18714,2351.458368400155
18715,2351.458368400155
18716,2351.458368400155
18717,2351.458368400155
18718,2351.458368400155
18719,2351.458368400155
18720,2351.458368400155
18721,2351.458368400155
18722,2351.458368400155
18723,2351.458368400155
18724,2351.458368400155
18725,2351.458368400155
18726,2351.458368400155
18727,2351.458368400155
18728,2351.458368400155
18729,2351.458368400155
18730,2351.458368400155
18731,2351.458368400155
18732,2351.458368400155
18733,2351.458368400155
18734,2351.458368400155
18735,2351.458368400155
18736,2351.458368400155
18737,2351.458368400155
18738,2351.458368400155
18739,2351.458368400155
18740,2351.458368400155
18741,2351.458368400155
18742,2351.458368400155
18743,2351.458368400155
18744,2351.458368400155
18745,2351.458368400155
18746,2351.458368400155
18747,2351.458368400155
18748,2351.458368400155
18749,2351.458368400155
18750,2351.458368400155
18751,2351.458368400155
18752,2351.458368400155
18753,2351.458368400155
18754,2351.458368400155
18755,2351.458368400155
18756,2351.458368400155
18757,2351.458368400155
18758,2351.458368400155
18759,2351.458368400155
18760,2351.458368400155
18761,2351.458368400155
18762,2351.458368400155
18763,2351.458368400155
18764,2351.458368400155
18765,2351.458368400155
18766,2351.458368400155
18767,2351.458368400155
18768,2351.458368400155
18769,2351.458368400155
18770,2351.458368400155
18771,2351.458368400155
18772,2351.458368400155
18773,2351.458368400155
18774,2351.458368400155
18775,2351.458368400155
18776,2351.458368400155
18777,2351.458368400155
18778,2351.458368400155
18779,2351.458368400155
18780,2351.458368400155
18781,2351.458368400155
18782,2351.458368400155
18783,2351.458368400155
18784,2351.458368400155
18785,2351.458368400155
18786,2351.458368400155
18787,2351.458368400155
18788,2351.458368400155
18789,2351.458368400155
18790,2351.458368400155
18791,2351.458368400155
18792,2351.458368400155
18793,2351.458368400155
18794,2351.458368400155
18795,2351.458368400155
18796,2351.458368400155
18797,2351.458368400155
18798,2351.458368400155
18799,2351.458368400155
18800,2351.458368400155
18801,2351.458368400155
18802,2351.458368400155
18803,2351.458368400155
18804,2351.458368400155
18805,2351.458368400155
18806,2351.458368400155
18807,2351.458368400155
18808,2351.458368400155
18809,2351.458368400155
18810,2351.458368400155
18811,2351.458368400155
18812,2351.458368400155
18813,2351.458368400155
18814,2351.458368400155
18815,2351.458368400155
18816,2351.458368400155
18817,2351.458368400155
18818,2351.458368400155
18819,2351.458368400155
18820,2351.458368400155
18821,2351.458368400155
18822,2351.458368400155
18823,2351.458368400155
18824,2351.458368400155
18825,2351.458368400155
18826,2351.458368400155
18827,2351.458368400155
18828,2351.458368400155
18829,2351.458368400155
18830,2351.458368400155
18831,2351.458368400155
18832,2351.458368400155
18833,2351.458368400155
18834,2351.458368400155
18835,2351.458368400155
18836,2351.458368400155
18837,2351.458368400155
18838,2351.458368400155
18839,2351.458368400155
18840,2351.458368400155
18841,2351.458368400155
18842,2351.458368400155
18843,2351.458368400155
18844,2351.458368400155
18845,2351.458368400155
18846,2351.458368400155
18847,2351.458368400155
18848,2351.458368400155
18849,2351.458368400155
18850,2351.458368400155
18851,2351.458368400155
18852,2351.458368400155
18853,2351.458368400155
18854,2351.458368400155
18855,2351.458368400155
18856,2351.458368400155
18857,2351.458368400155
18858,2351.458368400155
18859,2351.458368400155
18860,2351.458368400155
18861,2351.458368400155
18862,2351.458368400155
18863,2351.458368400155
18864,2351.458368400155
18865,2351.458368400155
18866,2351.458368400155
18867,2351.458368400155
18868,2351.458368400155
18869,2351.458368400155
18870,2351.458368400155
18871,2351.458368400155
18872,2351.458368400155
18873,2351.458368400155
18874,2351.458368400155
18875,2351.458368400155
18876,2351.458368400155
18877,2351.458368400155
18878,2351.458368400155
18879,2351.458368400155
18880,2351.458368400155
18881,2351.458368400155
18882,2351.458368400155
18883,2351.458368400155
18884,2351.458368400155
18885,2351.458368400155
18886,2351.458368400155
18887,2351.458368400155
18888,2351.458368400155
18889,2351.458368400155
18890,2351.458368400155
18891,2351.458368400155
18892,2351.458368400155
18893,2351.458368400155
18894,2351.458368400155
18895,2351.458368400155
18896,2351.458368400155
18897,2351.458368400155
18898,2351.458368400155
18899,2351.458368400155
18900,2351.458368400155
18901,2351.458368400155
18902,2351.458368400155
18903,2351.458368400155
18904,2351.458368400155
18905,2351.458368400155
18906,2351.458368400155
18907,2351.458368400155
18908,2351.458368400155
18909,2351.458368400155
18910,2351.458368400155
18911,2351.458368400155
18912,2351.458368400155
18913,2351.458368400155
18914,2351.458368400155
18915,2351.458368400155
18916,2351.458368400155
18917,2351.458368400155
18918,2351.458368400155
18919,2351.458368400155
18920,2351.458368400155
18921,2351.458368400155
18922,2351.458368400155
18923,2351.458368400155
18924,2351.458368400155
18925,2351.458368400155
18926,2351.458368400155
18927,2351.458368400155
18928,2351.458368400155
18929,2351.458368400155
18930,2351.458368400155
18931,2351.458368400155
18932,2351.458368400155
18933,2351.458368400155
18934,2351.458368400155
18935,2351.458368400155
18936,2351.458368400155
18937,2351.458368400155
18938,2351.458368400155
18939,2351.458368400155
18940,2351.458368400155
18941,2351.458368400155
18942,2351.458368400155
18943,2351.458368400155
18944,2351.458368400155
18945,2351.458368400155
18946,2351.458368400155
18947,2351.458368400155
18948,2351.458368400155
18949,2351.458368400155
18950,2351.458368400155
18951,2351.458368400155
18952,2351.458368400155
18953,2351.458368400155
18954,2351.458368400155
18955,2351.458368400155
18956,2351.458368400155
18957,2351.458368400155
18958,2351.458368400155
18959,2351.458368400155
18960,2351.458368400155
18961,2351.458368400155
18962,2351.458368400155
18963,2351.458368400155
18964,2351.458368400155
18965,2351.458368400155
18966,2351.458368400155
18967,2351.458368400155
18968,2351.458368400155
18969,2351.458368400155
18970,2351.458368400155
18971,2351.458368400155
18972,2351.458368400155
18973,2351.458368400155
18974,2351.458368400155
18975,2351.458368400155
18976,2351.458368400155
18977,2351.458368400155
18978,2351.458368400155
18979,2351.458368400155
18980,2351.458368400155
18981,2351.458368400155
18982,2351.458368400155
18983,2351.458368400155
18984,2351.458368400155
18985,2351.458368400155
18986,2351.458368400155
18987,2351.458368400155
18988,2351.458368400155
18989,2351.458368400155
18990,2351.458368400155
18991,2351.458368400155
18992,2351.458368400155
18993,2351.458368400155
18994,2351.458368400155
18995,2351.458368400155
18996,2351.458368400155
18997,2351.458368400155
18998,2351.458368400155
18999,2351.458368400155
19000,2351.458368400155
19001,2351.458368400155
19002,2351.458368400155
19003,2351.458368400155
19004,2351.458368400155
19005,2351.458368400155
19006,2351.458368400155
19007,2351.458368400155
19008,2351.458368400155
19009,2351.458368400155
19010,2351.458368400155
19011,2351.458368400155
19012,2351.458368400155
19013,2351.458368400155
19014,2351.458368400155
19015,2351.458368400155
19016,2351.458368400155
19017,2351.458368400155
19018,2351.458368400155
19019,2351.458368400155
19020,2351.458368400155
19021,2351.458368400155
19022,2351.458368400155
19023,2351.458368400155
19024,2351.458368400155
19025,2351.458368400155
19026,2351.458368400155
19027,2351.458368400155
19028,2351.458368400155
19029,2351.458368400155
19030,2351.458368400155
19031,2351.458368400155
19032,2351.458368400155
19033,2351.458368400155
19034,2351.458368400155
19035,2351.458368400155
19036,2351.458368400155
19037,2351.458368400155
19038,2351.458368400155
19039,2351.458368400155
19040,2351.458368400155
19041,2351.458368400155
19042,2351.458368400155
19043,2351.458368400155
19044,2351.458368400155
19045,2351.458368400155
19046,2351.458368400155
19047,2351.458368400155
19048,2351.458368400155
19049,2351.458368400155
19050,2351.458368400155
19051,2351.458368400155
19052,2351.458368400155
19053,2351.458368400155
19054,2351.458368400155
19055,2351.458368400155
19056,2351.458368400155
19057,2351.458368400155
19058,2351.458368400155
19059,2351.458368400155
19060,2351.458368400155
19061,2351.458368400155
19062,2351.458368400155
19063,2351.458368400155
19064,2351.458368400155
19065,2351.458368400155
19066,2351.458368400155
19067,2351.458368400155
19068,2351.458368400155
19069,2351.458368400155
19070,2351.458368400155
19071,2351.458368400155
19072,2351.458368400155
19073,2351.458368400155
19074,2351.458368400155
19075,2351.458368400155
19076,2351.458368400155
19077,2351.458368400155
19078,2351.458368400155
19079,2351.458368400155
19080,2351.458368400155
19081,2351.458368400155
19082,2351.458368400155
19083,2351.458368400155
19084,2351.458368400155
19085,2351.458368400155
19086,2351.458368400155
19087,2351.458368400155
19088,2351.458368400155
19089,2351.458368400155
19090,2351.458368400155
19091,2351.458368400155
19092,2351.458368400155
19093,2351.458368400155
19094,2351.458368400155
19095,2351.458368400155
19096,2351.458368400155
19097,2351.458368400155
19098,2351.458368400155
19099,2351.458368400155
19100,2351.458368400155
19101,2351.458368400155
19102,2351.458368400155
19103,2351.458368400155
19104,2351.458368400155
19105,2351.458368400155
19106,2351.458368400155
19107,2351.458368400155
19108,2351.458368400155
19109,2351.458368400155
19110,2351.458368400155
19111,2351.458368400155
19112,2351.458368400155
19113,2351.458368400155
19114,2351.458368400155
19115,2351.458368400155
19116,2351.458368400155
19117,2351.458368400155
19118,2351.458368400155
19119,2351.458368400155
19120,2351.458368400155
19121,2351.458368400155
19122,2351.458368400155
19123,2351.458368400155
19124,2351.458368400155
19125,2351.458368400155
19126,2351.458368400155
19127,2351.458368400155
19128,2351.458368400155
19129,2351.458368400155
19130,2351.458368400155
19131,2351.458368400155
19132,2351.458368400155
19133,2351.458368400155
19134,2351.458368400155
19135,2351.458368400155
19136,2351.458368400155
19137,2351.458368400155
19138,2351.458368400155
19139,2351.458368400155
19140,2351.458368400155
19141,2351.458368400155
19142,2351.458368400155
19143,2351.458368400155
19144,2351.458368400155
19145,2351.458368400155
19146,2351.458368400155
19147,2351.458368400155
19148,2351.458368400155
19149,2351.458368400155
19150,2351.458368400155
19151,2351.458368400155
19152,2351.458368400155
19153,2351.458368400155
19154,2351.458368400155
19155,2351.458368400155
19156,2351.458368400155
19157,2351.458368400155
19158,2351.458368400155
19159,2351.458368400155
19160,2351.458368400155
19161,2351.458368400155
19162,2351.458368400155
19163,2351.458368400155
19164,2351.458368400155
19165,2351.458368400155
19166,2351.458368400155
19167,2351.458368400155
19168,2351.458368400155
19169,2351.458368400155
19170,2351.458368400155
19171,2351.458368400155
19172,2351.458368400155
19173,2351.458368400155
19174,2351.458368400155
19175,2351.458368400155
19176,2351.458368400155
19177,2351.458368400155
19178,2351.458368400155
19179,2351.458368400155
19180,2351.458368400155
19181,2351.458368400155
19182,2351.458368400155
19183,2351.458368400155
19184,2351.458368400155
19185,2351.458368400155
19186,2351.458368400155
19187,2351.458368400155
19188,2351.458368400155
19189,2351.458368400155
19190,2351.458368400155
19191,2351.458368400155
19192,2351.458368400155
19193,2351.458368400155
19194,2351.458368400155
19195,2351.458368400155
19196,2351.458368400155
19197,2351.458368400155
19198,2351.458368400155
19199,2351.458368400155
19200,2351.458368400155
19201,2351.458368400155
19202,2351.458368400155
19203,2351.458368400155
19204,2351.458368400155
19205,2351.458368400155
19206,2351.458368400155
19207,2351.458368400155
19208,2351.458368400155
19209,2351.458368400155
19210,2351.458368400155
19211,2351.458368400155
19212,2351.458368400155
19213,2351.458368400155
19214,2351.458368400155
19215,2351.458368400155
19216,2351.458368400155
19217,2351.458368400155
19218,2351.458368400155
19219,2351.458368400155
19220,2351.458368400155
19221,2351.458368400155
19222,2351.458368400155
19223,2351.458368400155
19224,2351.458368400155
19225,2351.458368400155
19226,2351.458368400155
19227,2351.458368400155
19228,2351.458368400155
19229,2351.458368400155
19230,2351.458368400155
19231,2351.458368400155
19232,2351.458368400155
19233,2351.458368400155
19234,2351.458368400155
19235,2351.458368400155
19236,2351.458368400155
19237,2351.458368400155
19238,2351.458368400155
19239,2351.458368400155
19240,2351.458368400155
19241,2351.458368400155
19242,2351.458368400155
19243,2351.458368400155
19244,2351.458368400155
19245,2351.458368400155
19246,2351.458368400155
19247,2351.458368400155
19248,2351.458368400155
19249,2351.458368400155
19250,2351.458368400155
19251,2351.458368400155
19252,2351.458368400155
19253,2351.458368400155
19254,2351.458368400155
19255,2351.458368400155
19256,2351.458368400155
19257,2351.458368400155
19258,2351.458368400155
19259,2351.458368400155
19260,2351.458368400155
19261,2351.458368400155
19262,2351.458368400155
19263,2351.458368400155
19264,2351.458368400155
19265,2351.458368400155
19266,2351.458368400155
19267,2351.458368400155
19268,2351.458368400155
19269,2351.458368400155
19270,2351.458368400155
19271,2351.458368400155
19272,2351.458368400155
19273,2351.458368400155
19274,2351.458368400155
19275,2351.458368400155
19276,2351.458368400155
19277,2351.458368400155
19278,2351.458368400155
19279,2351.458368400155
19280,2351.458368400155
19281,2351.458368400155
19282,2351.458368400155
19283,2351.458368400155
19284,2351.458368400155
19285,2351.458368400155
19286,2351.458368400155
19287,2351.458368400155
19288,2351.458368400155
19289,2351.458368400155
19290,2351.458368400155
19291,2351.458368400155
19292,2351.458368400155
19293,2351.458368400155
19294,2351.458368400155
19295,2351.458368400155
19296,2351.458368400155
19297,2351.458368400155
19298,2351.458368400155
19299,2351.458368400155
19300,2351.458368400155
19301,2351.458368400155
19302,2351.458368400155
19303,2351.458368400155
19304,2351.458368400155
19305,2351.458368400155
19306,2351.458368400155
19307,2351.458368400155
19308,2351.458368400155
19309,2351.458368400155
19310,2351.458368400155
19311,2351.458368400155
19312,2351.458368400155
19313,2351.458368400155
19314,2351.458368400155
19315,2351.458368400155
19316,2351.458368400155
19317,2351.458368400155
19318,2351.458368400155
19319,2351.458368400155
19320,2351.458368400155
19321,2351.458368400155
19322,2351.458368400155
19323,2351.458368400155
19324,2351.458368400155
19325,2351.458368400155
19326,2351.458368400155
19327,2351.458368400155
19328,2351.458368400155
19329,2351.458368400155
19330,2351.458368400155
19331,2351.458368400155
19332,2351.458368400155
19333,2351.458368400155
19334,2351.458368400155
19335,2351.458368400155
19336,2351.458368400155
19337,2351.458368400155
19338,2351.458368400155
19339,2351.458368400155
19340,2351.458368400155
19341,2351.458368400155
19342,2351.458368400155
19343,2351.458368400155
19344,2351.458368400155
19345,2351.458368400155
19346,2351.458368400155
19347,2351.458368400155
19348,2351.458368400155
19349,2351.458368400155
19350,2351.458368400155
19351,2351.458368400155
19352,2351.458368400155
19353,2351.458368400155
19354,2351.458368400155
19355,2351.458368400155
19356,2351.458368400155
19357,2351.458368400155
19358,2351.458368400155
19359,2351.458368400155
19360,2351.458368400155
19361,2351.458368400155
19362,2351.458368400155
19363,2351.458368400155
19364,2351.458368400155
19365,2351.458368400155
19366,2351.458368400155
19367,2351.458368400155
19368,2351.458368400155
19369,2351.458368400155
19370,2351.458368400155
19371,2351.458368400155
19372,2351.458368400155
19373,2351.458368400155
19374,2351.458368400155
19375,2351.458368400155
19376,2351.458368400155
19377,2351.458368400155
19378,2351.458368400155
19379,2351.458368400155
19380,2351.458368400155
19381,2351.458368400155
19382,2351.458368400155
19383,2351.458368400155
19384,2351.458368400155
19385,2351.458368400155
19386,2351.458368400155
19387,2351.458368400155
19388,2351.458368400155
19389,2351.458368400155
19390,2351.458368400155
19391,2351.458368400155
19392,2351.458368400155
19393,2351.458368400155
19394,2351.458368400155
19395,2351.458368400155
19396,2351.458368400155
19397,2351.458368400155
19398,2351.458368400155
19399,2351.458368400155
19400,2351.458368400155
19401,2351.458368400155
19402,2351.458368400155
19403,2351.458368400155
19404,2351.458368400155
19405,2351.458368400155
19406,2351.458368400155
19407,2351.458368400155
19408,2351.458368400155
19409,2351.458368400155
19410,2351.458368400155
19411,2351.458368400155
19412,2351.458368400155
19413,2351.458368400155
19414,2351.458368400155
19415,2351.458368400155
19416,2351.458368400155
19417,2351.458368400155
19418,2351.458368400155
19419,2351.458368400155
19420,2351.458368400155
19421,2351.458368400155
19422,2351.458368400155
19423,2351.458368400155
19424,2351.458368400155
19425,2351.458368400155
19426,2351.458368400155
19427,2351.458368400155
19428,2351.458368400155
19429,2351.458368400155
19430,2351.458368400155
19431,2351.458368400155
19432,2351.458368400155
19433,2351.458368400155
19434,2351.458368400155
19435,2351.458368400155
19436,2351.458368400155
19437,2351.458368400155
19438,2351.458368400155
19439,2351.458368400155
19440,2351.458368400155
19441,2351.458368400155
19442,2351.458368400155
19443,2351.458368400155
19444,2351.458368400155
19445,2351.458368400155
19446,2351.458368400155
19447,2351.458368400155
19448,2351.458368400155
19449,2351.458368400155
19450,2351.458368400155
19451,2351.458368400155
19452,2351.458368400155
19453,2351.458368400155
19454,2351.458368400155
19455,2351.458368400155
19456,2351.458368400155
19457,2351.458368400155
19458,2351.458368400155
19459,2351.458368400155
19460,2351.458368400155
19461,2351.458368400155
19462,2351.458368400155
19463,2351.458368400155
19464,2351.458368400155
19465,2351.458368400155
19466,2351.458368400155
19467,2351.458368400155
19468,2351.458368400155
19469,2351.458368400155
19470,2351.458368400155
19471,2351.458368400155
19472,2351.458368400155
19473,2351.458368400155
19474,2351.458368400155
19475,2351.458368400155
19476,2351.458368400155
19477,2351.458368400155
19478,2351.458368400155
19479,2351.458368400155
19480,2351.458368400155
19481,2351.458368400155
19482,2351.458368400155
19483,2351.458368400155
19484,2351.458368400155
19485,2351.458368400155
19486,2351.458368400155
19487,2351.458368400155
19488,2351.458368400155
19489,2351.458368400155
19490,2351.458368400155
19491,2351.458368400155
19492,2351.458368400155
19493,2351.458368400155
19494,2351.458368400155
19495,2351.458368400155
19496,2351.458368400155
19497,2351.458368400155
19498,2351.458368400155
19499,2351.458368400155
19500,2351.458368400155
19501,2351.458368400155
19502,2351.458368400155
19503,2351.458368400155
19504,2351.458368400155
19505,2351.458368400155
19506,2351.458368400155
19507,2351.458368400155
19508,2351.458368400155
19509,2351.458368400155
19510,2351.458368400155
19511,2351.458368400155
19512,2351.458368400155
19513,2351.458368400155
19514,2351.458368400155
19515,2351.458368400155
19516,2351.458368400155
19517,2351.458368400155
19518,2351.458368400155
19519,2351.458368400155
19520,2351.458368400155
19521,2351.458368400155
19522,2351.458368400155
19523,2351.458368400155
19524,2351.458368400155
19525,2351.458368400155
19526,2351.458368400155
19527,2351.458368400155
19528,2351.458368400155
19529,2351.458368400155
19530,2351.458368400155
19531,2351.458368400155
19532,2351.458368400155
19533,2351.458368400155
19534,2351.458368400155
19535,2351.458368400155
19536,2351.458368400155
19537,2351.458368400155
19538,2351.458368400155
19539,2351.458368400155
19540,2351.458368400155
19541,2351.458368400155
19542,2351.458368400155
19543,2351.458368400155
19544,2351.458368400155
19545,2351.458368400155
19546,2351.458368400155
19547,2351.458368400155
19548,2351.458368400155
19549,2351.458368400155
19550,2351.458368400155
19551,2351.458368400155
19552,2351.458368400155
19553,2351.458368400155
19554,2351.458368400155
19555,2351.458368400155
19556,2351.458368400155
19557,2351.458368400155
19558,2351.458368400155
19559,2351.458368400155
19560,2351.458368400155
19561,2351.458368400155
19562,2351.458368400155
19563,2351.458368400155
19564,2351.458368400155
19565,2351.458368400155
19566,2351.458368400155
19567,2351.458368400155
19568,2351.458368400155
19569,2351.458368400155
19570,2351.458368400155
19571,2351.458368400155
19572,2351.458368400155
19573,2351.458368400155
19574,2351.458368400155
19575,2351.458368400155
19576,2351.458368400155
19577,2351.458368400155
19578,2351.458368400155
19579,2351.458368400155
19580,2351.458368400155
19581,2351.458368400155
19582,2351.458368400155
19583,2351.458368400155
19584,2351.458368400155
19585,2351.458368400155
19586,2351.458368400155
19587,2351.458368400155
19588,2351.458368400155
19589,2351.458368400155
19590,2351.458368400155
19591,2351.458368400155
19592,2351.458368400155
19593,2351.458368400155
19594,2351.458368400155
19595,2351.458368400155
19596,2351.458368400155
19597,2351.458368400155
19598,2351.458368400155
19599,2351.458368400155
19600,2351.458368400155
19601,2351.458368400155
19602,2351.458368400155
19603,2351.458368400155
19604,2351.458368400155
19605,2351.458368400155
19606,2351.458368400155
19607,2351.458368400155
19608,2351.458368400155
19609,2351.458368400155
19610,2351.458368400155
19611,2351.458368400155
19612,2351.458368400155
19613,2351.458368400155
19614,2351.458368400155
19615,2351.458368400155
19616,2351.458368400155
19617,2351.458368400155
19618,2351.458368400155
19619,2351.458368400155
19620,2351.458368400155
19621,2351.458368400155
19622,2351.458368400155
19623,2351.458368400155
19624,2351.458368400155
19625,2351.458368400155
19626,2351.458368400155
19627,2351.458368400155
19628,2351.458368400155
19629,2351.458368400155
19630,2351.458368400155
19631,2351.458368400155
19632,2351.458368400155
19633,2351.458368400155
19634,2351.458368400155
19635,2351.458368400155
19636,2351.458368400155
19637,2351.458368400155
19638,2351.458368400155
19639,2351.458368400155
19640,2351.458368400155
19641,2351.458368400155
19642,2351.458368400155
19643,2351.458368400155
19644,2351.458368400155
19645,2351.458368400155
19646,2351.458368400155
19647,2351.458368400155
19648,2351.458368400155
19649,2351.458368400155
19650,2351.458368400155
19651,2351.458368400155
19652,2351.458368400155
19653,2351.458368400155
19654,2351.458368400155
19655,2351.458368400155
19656,2351.458368400155
19657,2351.458368400155
19658,2351.458368400155
19659,2351.458368400155
19660,2351.458368400155
19661,2351.458368400155
19662,2351.458368400155
19663,2351.458368400155
19664,2351.458368400155
19665,2351.458368400155
19666,2351.458368400155
19667,2351.458368400155
19668,2351.458368400155
19669,2351.458368400155
19670,2351.458368400155
19671,2351.458368400155
19672,2351.458368400155
19673,2351.458368400155
19674,2351.458368400155
19675,2351.458368400155
19676,2351.458368400155
19677,2351.458368400155
19678,2351.458368400155
19679,2351.458368400155
19680,2351.458368400155
19681,2351.458368400155
19682,2351.458368400155
19683,2351.458368400155
19684,2351.458368400155
19685,2351.458368400155
19686,2351.458368400155
19687,2351.458368400155
19688,2351.458368400155
19689,2351.458368400155
19690,2351.458368400155
19691,2351.458368400155
19692,2351.458368400155
19693,2351.458368400155
19694,2351.458368400155
19695,2351.458368400155
19696,2351.458368400155
19697,2351.458368400155
19698,2351.458368400155
19699,2351.458368400155
19700,2351.458368400155
19701,2351.458368400155
19702,2351.458368400155
19703,2351.458368400155
19704,2351.458368400155
19705,2351.458368400155
19706,2351.458368400155
19707,2351.458368400155
19708,2351.458368400155
19709,2351.458368400155
19710,2351.458368400155
19711,2351.458368400155
19712,2351.458368400155
19713,2351.458368400155
19714,2351.458368400155
19715,2351.458368400155
19716,2351.458368400155
19717,2351.458368400155
19718,2351.458368400155
19719,2351.458368400155
19720,2351.458368400155
19721,2351.458368400155
19722,2351.458368400155
19723,2351.458368400155
19724,2351.458368400155
19725,2351.458368400155
19726,2351.458368400155
19727,2351.458368400155
19728,2351.458368400155
19729,2351.458368400155
19730,2351.458368400155
19731,2351.458368400155
19732,2351.458368400155
19733,2351.458368400155
19734,2351.458368400155
19735,2351.458368400155
19736,2351.458368400155
19737,2351.458368400155
19738,2351.458368400155
19739,2351.458368400155
19740,2351.458368400155
19741,2351.458368400155
19742,2351.458368400155
19743,2351.458368400155
19744,2351.458368400155
19745,2351.458368400155
19746,2351.458368400155
19747,2351.458368400155
19748,2351.458368400155
19749,2351.458368400155
19750,2351.458368400155
19751,2351.458368400155
19752,2351.458368400155
19753,2351.458368400155
19754,2351.458368400155
19755,2351.458368400155
19756,2351.458368400155
19757,2351.458368400155
19758,2351.458368400155
19759,2351.458368400155
19760,2351.458368400155
19761,2351.458368400155
19762,2351.458368400155
19763,2351.458368400155
19764,2351.458368400155
19765,2351.458368400155
19766,2351.458368400155
19767,2351.458368400155
19768,2351.458368400155
19769,2351.458368400155
19770,2351.458368400155
19771,2351.458368400155
19772,2351.458368400155
19773,2351.458368400155
19774,2351.458368400155
19775,2351.458368400155
19776,2351.458368400155
19777,2351.458368400155
19778,2351.458368400155
19779,2351.458368400155
19780,2351.458368400155
19781,2351.458368400155
19782,2351.458368400155
19783,2351.458368400155
19784,2351.458368400155
19785,2351.458368400155
19786,2351.458368400155
19787,2351.458368400155
19788,2351.458368400155
19789,2351.458368400155
19790,2351.458368400155
19791,2351.458368400155
19792,2351.458368400155
19793,2351.458368400155
19794,2351.458368400155
19795,2351.458368400155
19796,2351.458368400155
19797,2351.458368400155
19798,2351.458368400155
19799,2351.458368400155
19800,2351.458368400155
19801,2351.458368400155
19802,2351.458368400155
19803,2351.458368400155
19804,2351.458368400155
19805,2351.458368400155
19806,2351.458368400155
19807,2351.458368400155
19808,2351.458368400155
19809,2351.458368400155
19810,2351.458368400155
19811,2351.458368400155
19812,2351.458368400155
19813,2351.458368400155
19814,2351.458368400155
19815,2351.458368400155
19816,2351.458368400155
19817,2351.458368400155
19818,2351.458368400155
19819,2351.458368400155
19820,2351.458368400155
19821,2351.458368400155
19822,2351.458368400155
19823,2351.458368400155
19824,2351.458368400155
19825,2351.458368400155
19826,2351.458368400155
19827,2351.458368400155
19828,2351.458368400155
19829,2351.458368400155
19830,2351.458368400155
19831,2351.458368400155
19832,2351.458368400155
19833,2351.458368400155
19834,2351.458368400155
19835,2351.458368400155
19836,2351.458368400155
19837,2351.458368400155
19838,2351.458368400155
19839,2351.458368400155
19840,2351.458368400155
19841,2351.458368400155
19842,2351.458368400155
19843,2351.458368400155
19844,2351.458368400155
19845,2351.458368400155
19846,2351.458368400155
19847,2351.458368400155
19848,2351.458368400155
19849,2351.458368400155
19850,2351.458368400155
19851,2351.458368400155
19852,2351.458368400155
19853,2351.458368400155
19854,2351.458368400155
19855,2351.458368400155
19856,2351.458368400155
19857,2351.458368400155
19858,2351.458368400155
19859,2351.458368400155
19860,2351.458368400155
19861,2351.458368400155
19862,2351.458368400155
19863,2351.458368400155
19864,2351.458368400155
19865,2351.458368400155
19866,2351.458368400155
19867,2351.458368400155
19868,2351.458368400155
19869,2351.458368400155
19870,2351.458368400155
19871,2351.458368400155
19872,2351.458368400155
19873,2351.458368400155
19874,2351.458368400155
19875,2351.458368400155
19876,2351.458368400155
19877,2351.458368400155
19878,2351.458368400155
19879,2351.458368400155
19880,2351.458368400155
19881,2351.458368400155
19882,2351.458368400155
19883,2351.458368400155
19884,2351.458368400155
19885,2351.458368400155
19886,2351.458368400155
19887,2351.458368400155
19888,2351.458368400155
19889,2351.458368400155
19890,2351.458368400155
19891,2351.458368400155
19892,2351.458368400155
19893,2351.458368400155
19894,2351.458368400155
19895,2351.458368400155
19896,2351.458368400155
19897,2351.458368400155
19898,2351.458368400155
19899,2351.458368400155
19900,2351.458368400155
19901,2351.458368400155
19902,2351.458368400155
19903,2351.458368400155
19904,2351.458368400155
19905,2351.458368400155
19906,2351.458368400155
19907,2351.458368400155
19908,2351.458368400155
19909,2351.458368400155
19910,2351.458368400155
19911,2351.458368400155
19912,2351.458368400155
19913,2351.458368400155
19914,2351.458368400155
19915,2351.458368400155
19916,2351.458368400155
19917,2351.458368400155
19918,2351.458368400155
19919,2351.458368400155
19920,2351.458368400155
19921,2351.458368400155
19922,2351.458368400155
19923,2351.458368400155
19924,2351.458368400155
19925,2351.458368400155
19926,2351.458368400155
19927,2351.458368400155
19928,2351.458368400155
19929,2351.458368400155
19930,2351.458368400155
19931,2351.458368400155
19932,2351.458368400155
19933,2351.458368400155
19934,2351.458368400155
19935,2351.458368400155
19936,2351.458368400155
19937,2351.458368400155
19938,2351.458368400155
19939,2351.458368400155
19940,2351.458368400155
19941,2351.458368400155
19942,2351.458368400155
19943,2351.458368400155
19944,2351.458368400155
19945,2351.458368400155
19946,2351.458368400155
19947,2351.458368400155
19948,2351.458368400155
19949,2351.458368400155
19950,2351.458368400155
19951,2351.458368400155
19952,2351.458368400155
19953,2351.458368400155
19954,2351.458368400155
19955,2351.458368400155
19956,2351.458368400155
19957,2351.458368400155
19958,2351.458368400155
19959,2351.458368400155
19960,2351.458368400155
19961,2351.458368400155
19962,2351.458368400155
19963,2351.458368400155
19964,2351.458368400155
19965,2351.458368400155
19966,2351.458368400155
19967,2351.458368400155
19968,2351.458368400155
19969,2351.458368400155
19970,2351.458368400155
19971,2351.458368400155
19972,2351.458368400155
19973,2351.458368400155
19974,2351.458368400155
19975,2351.458368400155
19976,2351.458368400155
19977,2351.458368400155
19978,2351.458368400155
19979,2351.458368400155
19980,2351.458368400155
19981,2351.458368400155
19982,2351.458368400155
19983,2351.458368400155
19984,2351.458368400155
19985,2351.458368400155
19986,2351.458368400155
19987,2351.458368400155
19988,2351.458368400155
19989,2351.458368400155
19990,2351.458368400155
19991,2351.458368400155
19992,2351.458368400155
19993,2351.458368400155
19994,2351.458368400155
19995,2351.458368400155
19996,2351.458368400155
19997,2351.458368400155
19998,2351.458368400155
19999,2351.458368400155
20000,2351.458368400155
20001,2351.458368400155
20002,2351.458368400155
20003,2351.458368400155
20004,2351.458368400155
20005,2351.458368400155
20006,2351.458368400155
20007,2351.458368400155
20008,2351.458368400155
20009,2351.458368400155
20010,2351.458368400155
20011,2351.458368400155
20012,2351.458368400155
20013,2351.458368400155
20014,2351.458368400155
20015,2351.458368400155
20016,2351.458368400155
20017,2351.458368400155
20018,2351.458368400155
20019,2351.458368400155
20020,2351.458368400155
20021,2351.458368400155
20022,2351.458368400155
20023,2351.458368400155
20024,2351.458368400155
20025,2351.458368400155
20026,2351.458368400155
20027,2351.458368400155
20028,2351.458368400155
20029,2351.458368400155
20030,2351.458368400155
20031,2351.458368400155
20032,2351.458368400155
20033,2351.458368400155
20034,2351.458368400155
20035,2351.458368400155
20036,2351.458368400155
20037,2351.458368400155
20038,2351.458368400155
20039,2351.458368400155
20040,2351.458368400155
20041,2351.458368400155
20042,2351.458368400155
20043,2351.458368400155
20044,2351.458368400155
20045,2351.458368400155
20046,2351.458368400155
20047,2351.458368400155
20048,2351.458368400155
20049,2351.458368400155
20050,2351.458368400155
20051,2351.458368400155
20052,2351.458368400155
20053,2351.458368400155
20054,2351.458368400155
20055,2351.458368400155
20056,2351.458368400155
20057,2351.458368400155
20058,2351.458368400155
20059,2351.458368400155
20060,2351.458368400155
20061,2351.458368400155
20062,2351.458368400155
20063,2351.458368400155
20064,2351.458368400155
20065,2351.458368400155
20066,2351.458368400155
20067,2351.458368400155
20068,2351.458368400155
20069,2351.458368400155
20070,2351.458368400155
20071,2351.458368400155
20072,2351.458368400155
20073,2351.458368400155
20074,2351.458368400155
20075,2351.458368400155
20076,2351.458368400155
20077,2351.458368400155
20078,2351.458368400155
20079,2351.458368400155
20080,2351.458368400155
20081,2351.458368400155
20082,2351.458368400155
20083,2351.458368400155
20084,2351.458368400155
20085,2351.458368400155
20086,2351.458368400155
20087,2351.458368400155
20088,2351.458368400155
20089,2351.458368400155
20090,2351.458368400155
20091,2351.458368400155
20092,2351.458368400155
20093,2351.458368400155
20094,2351.458368400155
20095,2351.458368400155
20096,2351.458368400155
20097,2351.458368400155
20098,2351.458368400155
20099,2351.458368400155
20100,2351.458368400155
20101,2351.458368400155
20102,2351.458368400155
20103,2351.458368400155
20104,2351.458368400155
20105,2351.458368400155
20106,2351.458368400155
20107,2351.458368400155
20108,2351.458368400155
20109,2351.458368400155
20110,2351.458368400155
20111,2351.458368400155
20112,2351.458368400155
20113,2351.458368400155
20114,2351.458368400155
20115,2351.458368400155
20116,2351.458368400155
20117,2351.458368400155
20118,2351.458368400155
20119,2351.458368400155
20120,2351.458368400155
20121,2351.458368400155
20122,2351.458368400155
20123,2351.458368400155
20124,2351.458368400155
20125,2351.458368400155
20126,2351.458368400155
20127,2351.458368400155
20128,2351.458368400155
20129,2351.458368400155
20130,2351.458368400155
20131,2351.458368400155
20132,2351.458368400155
20133,2351.458368400155
20134,2351.458368400155
20135,2351.458368400155
20136,2351.458368400155
20137,2351.458368400155
20138,2351.458368400155
20139,2351.458368400155
20140,2351.458368400155
20141,2351.458368400155
20142,2351.458368400155
20143,2351.458368400155
20144,2351.458368400155
20145,2351.458368400155
20146,2351.458368400155
20147,2351.458368400155
20148,2351.458368400155
20149,2351.458368400155
20150,2351.458368400155
20151,2351.458368400155
20152,2351.458368400155
20153,2351.458368400155
20154,2351.458368400155
20155,2351.458368400155
20156,2351.458368400155
20157,2351.458368400155
20158,2351.458368400155
20159,2351.458368400155
20160,2351.458368400155
20161,2351.458368400155
20162,2351.458368400155
20163,2351.458368400155
20164,2351.458368400155
20165,2351.458368400155
20166,2351.458368400155
20167,2351.458368400155
20168,2351.458368400155
20169,2351.458368400155
20170,2351.458368400155
20171,2351.458368400155
20172,2351.458368400155
20173,2351.458368400155
20174,2351.458368400155
20175,2351.458368400155
20176,2351.458368400155
20177,2351.458368400155
20178,2351.458368400155
20179,2351.458368400155
20180,2351.458368400155
20181,2351.458368400155
20182,2351.458368400155
20183,2351.458368400155
20184,2351.458368400155
20185,2351.458368400155
20186,2351.458368400155
20187,2351.458368400155
20188,2351.458368400155
20189,2351.458368400155
20190,2351.458368400155
20191,2351.458368400155
20192,2351.458368400155
20193,2351.458368400155
20194,2351.458368400155
20195,2351.458368400155
20196,2351.458368400155
20197,2351.458368400155
20198,2351.458368400155
20199,2351.458368400155
20200,2351.458368400155
20201,2351.458368400155
20202,2351.458368400155
20203,2351.458368400155
20204,2351.458368400155
20205,2351.458368400155
20206,2351.458368400155
20207,2351.458368400155
20208,2351.458368400155
20209,2351.458368400155
20210,2351.458368400155
20211,2351.458368400155
20212,2351.458368400155
20213,2351.458368400155
20214,2351.458368400155
20215,2351.458368400155
20216,2351.458368400155
20217,2351.458368400155
20218,2351.458368400155
20219,2351.458368400155
20220,2351.458368400155
20221,2351.458368400155
20222,2351.458368400155
20223,2351.458368400155
20224,2351.458368400155
20225,2351.458368400155
20226,2351.458368400155
20227,2351.458368400155
20228,2351.458368400155
20229,2351.458368400155
20230,2351.458368400155
20231,2351.458368400155
20232,2351.458368400155
20233,2351.458368400155
20234,2351.458368400155
20235,2351.458368400155
20236,2351.458368400155
20237,2351.458368400155
20238,2351.458368400155
20239,2351.458368400155
20240,2351.458368400155
20241,2351.458368400155
20242,2351.458368400155
20243,2351.458368400155
20244,2351.458368400155
20245,2351.458368400155
20246,2351.458368400155
20247,2351.458368400155
20248,2351.458368400155
20249,2351.458368400155
20250,2351.458368400155
20251,2351.458368400155
20252,2351.458368400155
20253,2351.458368400155
20254,2351.458368400155
20255,2351.458368400155
20256,2351.458368400155
20257,2351.458368400155
20258,2351.458368400155
20259,2351.458368400155
20260,2351.458368400155
20261,2351.458368400155
20262,2351.458368400155
20263,2351.458368400155
20264,2351.458368400155
20265,2351.458368400155
20266,2351.458368400155
20267,2351.458368400155
20268,2351.458368400155
20269,2351.458368400155
20270,2351.458368400155
20271,2351.458368400155
20272,2351.458368400155
20273,2351.458368400155
20274,2351.458368400155
20275,2351.458368400155
20276,2351.458368400155
20277,2351.458368400155
20278,2351.458368400155
20279,2351.458368400155
20280,2351.458368400155
20281,2351.458368400155
20282,2351.458368400155
20283,2351.458368400155
20284,2351.458368400155
20285,2351.458368400155
20286,2351.458368400155
20287,2351.458368400155
20288,2351.458368400155
20289,2351.458368400155
20290,2351.458368400155
20291,2351.458368400155
20292,2351.458368400155
20293,2351.458368400155
20294,2351.458368400155
20295,2351.458368400155
20296,2351.458368400155
20297,2351.458368400155
20298,2351.458368400155
20299,2351.458368400155
20300,2351.458368400155
20301,2351.458368400155
20302,2351.458368400155
20303,2351.458368400155
20304,2351.458368400155
20305,2351.458368400155
20306,2351.458368400155
20307,2351.458368400155
20308,2351.458368400155
20309,2351.458368400155
20310,2351.458368400155
20311,2351.458368400155
20312,2351.458368400155
20313,2351.458368400155
20314,2351.458368400155
20315,2351.458368400155
20316,2351.458368400155
20317,2351.458368400155
20318,2351.458368400155
20319,2351.458368400155
20320,2351.458368400155
20321,2351.458368400155
20322,2351.458368400155
20323,2351.458368400155
20324,2351.458368400155
20325,2351.458368400155
20326,2351.458368400155
20327,2351.458368400155
20328,2351.458368400155
20329,2351.458368400155
20330,2351.458368400155
20331,2351.458368400155
20332,2351.458368400155
20333,2351.458368400155
20334,2351.458368400155
20335,2351.458368400155
20336,2351.458368400155
20337,2351.458368400155
20338,2351.458368400155
20339,2351.458368400155
20340,2351.458368400155
20341,2351.458368400155
20342,2351.458368400155
20343,2351.458368400155
20344,2351.458368400155
20345,2351.458368400155
20346,2351.458368400155
20347,2351.458368400155
20348,2351.458368400155
20349,2351.458368400155
20350,2351.458368400155
20351,2351.458368400155
20352,2351.458368400155
20353,2351.458368400155
20354,2351.458368400155
20355,2351.458368400155
20356,2351.458368400155
20357,2351.458368400155
20358,2351.458368400155
20359,2351.458368400155
20360,2351.458368400155
20361,2351.458368400155
20362,2351.458368400155
20363,2351.458368400155
20364,2351.458368400155
20365,2351.458368400155
20366,2351.458368400155
20367,2351.458368400155
20368,2351.458368400155
20369,2351.458368400155
20370,2351.458368400155
20371,2351.458368400155
20372,2351.458368400155
20373,2351.458368400155
20374,2351.458368400155
20375,2351.458368400155
20376,2351.458368400155
20377,2351.458368400155
20378,2351.458368400155
20379,2351.458368400155
20380,2351.458368400155
20381,2351.458368400155
20382,2351.458368400155
20383,2351.458368400155
20384,2351.458368400155
20385,2351.458368400155
20386,2351.458368400155
20387,2351.458368400155
20388,2351.458368400155
20389,2351.458368400155
20390,2351.458368400155
20391,2351.458368400155
20392,2351.458368400155
20393,2351.458368400155
20394,2351.458368400155
20395,2351.458368400155
20396,2351.458368400155
20397,2351.458368400155
20398,2351.458368400155
20399,2351.458368400155
20400,2351.458368400155
20401,2351.458368400155
20402,2351.458368400155
20403,2351.458368400155
20404,2351.458368400155
20405,2351.458368400155
20406,2351.458368400155
20407,2351.458368400155
20408,2351.458368400155
20409,2351.458368400155
20410,2351.458368400155
20411,2351.458368400155
20412,2351.458368400155
20413,2351.458368400155
20414,2351.458368400155
20415,2351.458368400155
20416,2351.458368400155
20417,2351.458368400155
20418,2351.458368400155
20419,2351.458368400155
20420,2351.458368400155
20421,2351.458368400155
20422,2351.458368400155
20423,2351.458368400155
20424,2351.458368400155
20425,2351.458368400155
20426,2351.458368400155
20427,2351.458368400155
20428,2351.458368400155
20429,2351.458368400155
20430,2351.458368400155
20431,2351.458368400155
20432,2351.458368400155
20433,2351.458368400155
20434,2351.458368400155
20435,2351.458368400155
20436,2351.458368400155
20437,2351.458368400155
20438,2351.458368400155
20439,2351.458368400155
20440,2351.458368400155
20441,2351.458368400155
20442,2351.458368400155
20443,2351.458368400155
20444,2351.458368400155
20445,2351.458368400155
20446,2351.458368400155
20447,2351.458368400155
20448,2351.458368400155
20449,2351.458368400155
20450,2351.458368400155
20451,2351.458368400155
20452,2351.458368400155
20453,2351.458368400155
20454,2351.458368400155
20455,2351.458368400155
20456,2351.458368400155
20457,2351.458368400155
20458,2351.458368400155
20459,2351.458368400155
20460,2351.458368400155
20461,2351.458368400155
20462,2351.458368400155
20463,2351.458368400155
20464,2351.458368400155
20465,2351.458368400155
20466,2351.458368400155
20467,2351.458368400155
20468,2351.458368400155
20469,2351.458368400155
20470,2351.458368400155
20471,2351.458368400155
20472,2351.458368400155
20473,2351.458368400155
20474,2351.458368400155
20475,2351.458368400155
20476,2351.458368400155
20477,2351.458368400155
20478,2351.458368400155
20479,2351.458368400155
20480,2351.458368400155
20481,2351.458368400155
20482,2351.458368400155
20483,2351.458368400155
20484,2351.458368400155
20485,2351.458368400155
20486,2351.458368400155
20487,2351.458368400155
20488,2351.458368400155
20489,2351.458368400155
20490,2351.458368400155
20491,2351.458368400155
20492,2351.458368400155
20493,2351.458368400155
20494,2351.458368400155
20495,2351.458368400155
20496,2351.458368400155
20497,2351.458368400155
20498,2351.458368400155
20499,2351.458368400155
20500,2351.458368400155
20501,2351.458368400155
20502,2351.458368400155
20503,2351.458368400155
20504,2351.458368400155
20505,2351.458368400155
20506,2351.458368400155
20507,2351.458368400155
20508,2351.458368400155
20509,2351.458368400155
20510,2351.458368400155
20511,2351.458368400155
20512,2351.458368400155
20513,2351.458368400155
20514,2351.458368400155
20515,2351.458368400155
20516,2351.458368400155
20517,2351.458368400155
20518,2351.458368400155
20519,2351.458368400155
20520,2351.458368400155
20521,2351.458368400155
20522,2351.458368400155
20523,2351.458368400155
20524,2351.458368400155
20525,2351.458368400155
20526,2351.458368400155
20527,2351.458368400155
20528,2351.458368400155
20529,2351.458368400155
20530,2351.458368400155
20531,2351.458368400155
20532,2351.458368400155
20533,2351.458368400155
20534,2351.458368400155
20535,2351.458368400155
20536,2351.458368400155
20537,2351.458368400155
20538,2351.458368400155
20539,2351.458368400155
20540,2351.458368400155
20541,2351.458368400155
20542,2351.458368400155
20543,2351.458368400155
20544,2351.458368400155
20545,2351.458368400155
20546,2351.458368400155
20547,2351.458368400155
20548,2351.458368400155
20549,2351.458368400155
20550,2351.458368400155
20551,2351.458368400155
20552,2351.458368400155
20553,2351.458368400155
20554,2351.458368400155
20555,2351.458368400155
20556,2351.458368400155
20557,2351.458368400155
20558,2351.458368400155
20559,2351.458368400155
20560,2351.458368400155
20561,2351.458368400155
20562,2351.458368400155
20563,2351.458368400155
20564,2351.458368400155
20565,2351.458368400155
20566,2351.458368400155
20567,2351.458368400155
20568,2351.458368400155
20569,2351.458368400155
20570,2351.458368400155
20571,2351.458368400155
20572,2351.458368400155
20573,2351.458368400155
20574,2351.458368400155
20575,2351.458368400155
20576,2351.458368400155
20577,2351.458368400155
20578,2351.458368400155
20579,2351.458368400155
20580,2351.458368400155
20581,2351.458368400155
20582,2351.458368400155
20583,2351.458368400155
20584,2351.458368400155
20585,2351.458368400155
20586,2351.458368400155
20587,2351.458368400155
20588,2351.458368400155
20589,2351.458368400155
20590,2351.458368400155
20591,2351.458368400155
20592,2351.458368400155
20593,2351.458368400155
20594,2351.458368400155
20595,2351.458368400155
20596,2351.458368400155
20597,2351.458368400155
20598,2351.458368400155
20599,2351.458368400155
20600,2351.458368400155
20601,2351.458368400155
20602,2351.458368400155
20603,2351.458368400155
20604,2351.458368400155
20605,2351.458368400155
20606,2351.458368400155
20607,2351.458368400155
20608,2351.458368400155
20609,2351.458368400155
20610,2351.458368400155
20611,2351.458368400155
20612,2351.458368400155
20613,2351.458368400155
20614,2351.458368400155
20615,2351.458368400155
20616,2351.458368400155
20617,2351.458368400155
20618,2351.458368400155
20619,2351.458368400155
20620,2351.458368400155
20621,2351.458368400155
20622,2351.458368400155
20623,2351.458368400155
20624,2351.458368400155
20625,2351.458368400155
20626,2351.458368400155
20627,2351.458368400155
20628,2351.458368400155
20629,2351.458368400155
20630,2351.458368400155
20631,2351.458368400155
20632,2351.458368400155
20633,2351.458368400155
20634,2351.458368400155
20635,2351.458368400155
20636,2351.458368400155
20637,2351.458368400155
20638,2351.458368400155
20639,2351.458368400155
20640,2351.458368400155
20641,2351.458368400155
20642,2351.458368400155
20643,2351.458368400155
20644,2351.458368400155
20645,2351.458368400155
20646,2351.458368400155
20647,2351.458368400155
20648,2351.458368400155
20649,2351.458368400155
20650,2351.458368400155
20651,2351.458368400155
20652,2351.458368400155
20653,2351.458368400155
20654,2351.458368400155
20655,2351.458368400155
20656,2351.458368400155
20657,2351.458368400155
20658,2351.458368400155
20659,2351.458368400155
20660,2351.458368400155
20661,2351.458368400155
20662,2351.458368400155
20663,2351.458368400155
20664,2351.458368400155
20665,2351.458368400155
20666,2351.458368400155
20667,2351.458368400155
20668,2351.458368400155
20669,2351.458368400155
20670,2351.458368400155
20671,2351.458368400155
20672,2351.458368400155
20673,2351.458368400155
20674,2351.458368400155
20675,2351.458368400155
20676,2351.458368400155
20677,2351.458368400155
20678,2351.458368400155
20679,2351.458368400155
20680,2351.458368400155
20681,2351.458368400155
20682,2351.458368400155
20683,2351.458368400155
20684,2351.458368400155
20685,2351.458368400155
20686,2351.458368400155
20687,2351.458368400155
20688,2351.458368400155
20689,2351.458368400155
20690,2351.458368400155
20691,2351.458368400155
20692,2351.458368400155
20693,2351.458368400155
20694,2351.458368400155
20695,2351.458368400155
20696,2351.458368400155
20697,2351.458368400155
20698,2351.458368400155
20699,2351.458368400155
20700,2351.458368400155
20701,2351.458368400155
20702,2351.458368400155
20703,2351.458368400155
20704,2351.458368400155
20705,2351.458368400155
20706,2351.458368400155
20707,2351.458368400155
20708,2351.458368400155
20709,2351.458368400155
20710,2351.458368400155
20711,2351.458368400155
20712,2351.458368400155
20713,2351.458368400155
20714,2351.458368400155
20715,2351.458368400155
20716,2351.458368400155
20717,2351.458368400155
20718,2351.458368400155
20719,2351.458368400155
20720,2351.458368400155
20721,2351.458368400155
20722,2351.458368400155
20723,2351.458368400155
20724,2351.458368400155
20725,2351.458368400155
20726,2351.458368400155
20727,2351.458368400155
20728,2351.458368400155
20729,2351.458368400155
20730,2351.458368400155
20731,2351.458368400155
20732,2351.458368400155
20733,2351.458368400155
20734,2351.458368400155
20735,2351.458368400155
20736,2351.458368400155
20737,2351.458368400155
20738,2351.458368400155
20739,2351.458368400155
20740,2351.458368400155
20741,2351.458368400155
20742,2351.458368400155
20743,2351.458368400155
20744,2351.458368400155
20745,2351.458368400155
20746,2351.458368400155
20747,2351.458368400155
20748,2351.458368400155
20749,2351.458368400155
20750,2351.458368400155
20751,2351.458368400155
20752,2351.458368400155
20753,2351.458368400155
20754,2351.458368400155
20755,2351.458368400155
20756,2351.458368400155
20757,2351.458368400155
20758,2351.458368400155
20759,2351.458368400155
20760,2351.458368400155
20761,2351.458368400155
20762,2351.458368400155
20763,2351.458368400155
20764,2351.458368400155
20765,2351.458368400155
20766,2351.458368400155
20767,2351.458368400155
20768,2351.458368400155
20769,2351.458368400155
20770,2351.458368400155
20771,2351.458368400155
20772,2351.458368400155
20773,2351.458368400155
20774,2351.458368400155
20775,2351.458368400155
20776,2351.458368400155
20777,2351.458368400155
20778,2351.458368400155
20779,2351.458368400155
20780,2351.458368400155
20781,2351.458368400155
20782,2351.458368400155
20783,2351.458368400155
20784,2351.458368400155
20785,2351.458368400155
20786,2351.458368400155
20787,2351.458368400155
20788,2351.458368400155
20789,2351.458368400155
20790,2351.458368400155
20791,2351.458368400155
20792,2351.458368400155
20793,2351.458368400155
20794,2351.458368400155
20795,2351.458368400155
20796,2351.458368400155
20797,2351.458368400155
20798,2351.458368400155
20799,2351.458368400155
20800,2351.458368400155
20801,2351.458368400155
20802,2351.458368400155
20803,2351.458368400155
20804,2351.458368400155
20805,2351.458368400155
20806,2351.458368400155
20807,2351.458368400155
20808,2351.458368400155
20809,2351.458368400155
20810,2351.458368400155
20811,2351.458368400155
20812,2351.458368400155
20813,2351.458368400155
20814,2351.458368400155
20815,2351.458368400155
20816,2351.458368400155
20817,2351.458368400155
20818,2351.458368400155
20819,2351.458368400155
20820,2351.458368400155
20821,2351.458368400155
20822,2351.458368400155
20823,2351.458368400155
20824,2351.458368400155
20825,2351.458368400155
20826,2351.458368400155
20827,2351.458368400155
20828,2351.458368400155
20829,2351.458368400155
20830,2351.458368400155
20831,2351.458368400155
20832,2351.458368400155
20833,2351.458368400155
20834,2351.458368400155
20835,2351.458368400155
20836,2351.458368400155
20837,2351.458368400155
20838,2351.458368400155
20839,2351.458368400155
20840,2351.458368400155
20841,2351.458368400155
20842,2351.458368400155
20843,2351.458368400155
20844,2351.458368400155
20845,2351.458368400155
20846,2351.458368400155
20847,2351.458368400155
20848,2351.458368400155
20849,2351.458368400155
20850,2351.458368400155
20851,2351.458368400155
20852,2351.458368400155
20853,2351.458368400155
20854,2351.458368400155
20855,2351.458368400155
20856,2351.458368400155
20857,2351.458368400155
20858,2351.458368400155
20859,2351.458368400155
20860,2351.458368400155
20861,2351.458368400155
20862,2351.458368400155
20863,2351.458368400155
20864,2351.458368400155
20865,2351.458368400155
20866,2351.458368400155
20867,2351.458368400155
20868,2351.458368400155
20869,2351.458368400155
20870,2351.458368400155
20871,2351.458368400155
20872,2351.458368400155
20873,2351.458368400155
20874,2351.458368400155
20875,2351.458368400155
20876,2351.458368400155
20877,2351.458368400155
20878,2351.458368400155
20879,2351.458368400155
20880,2351.458368400155
20881,2351.458368400155
20882,2351.458368400155
20883,2351.458368400155
20884,2351.458368400155
20885,2351.458368400155
20886,2351.458368400155
20887,2351.458368400155
20888,2351.458368400155
20889,2351.458368400155
20890,2351.458368400155
20891,2351.458368400155
20892,2351.458368400155
20893,2351.458368400155
20894,2351.458368400155
20895,2351.458368400155
20896,2351.458368400155
20897,2351.458368400155
20898,2351.458368400155
20899,2351.458368400155
20900,2351.458368400155
20901,2351.458368400155
20902,2351.458368400155
20903,2351.458368400155
20904,2351.458368400155
20905,2351.458368400155
20906,2351.458368400155
20907,2351.458368400155
20908,2351.458368400155
20909,2351.458368400155
20910,2351.458368400155
20911,2351.458368400155
20912,2351.458368400155
20913,2351.458368400155
20914,2351.458368400155
20915,2351.458368400155
20916,2351.458368400155
20917,2351.458368400155
20918,2351.458368400155
20919,2351.458368400155
20920,2351.458368400155
20921,2351.458368400155
20922,2351.458368400155
20923,2351.458368400155
20924,2351.458368400155
20925,2351.458368400155
20926,2351.458368400155
20927,2351.458368400155
20928,2351.458368400155
20929,2351.458368400155
20930,2351.458368400155
20931,2351.458368400155
20932,2351.458368400155
20933,2351.458368400155
20934,2351.458368400155
20935,2351.458368400155
20936,2351.458368400155
20937,2351.458368400155
20938,2351.458368400155
20939,2351.458368400155
20940,2351.458368400155
20941,2351.458368400155
20942,2351.458368400155
20943,2351.458368400155
20944,2351.458368400155
20945,2351.458368400155
20946,2351.458368400155
20947,2351.458368400155
20948,2351.458368400155
20949,2351.458368400155
20950,2351.458368400155
20951,2351.458368400155
20952,2351.458368400155
20953,2351.458368400155
20954,2351.458368400155
20955,2351.458368400155
20956,2351.458368400155
20957,2351.458368400155
20958,2351.458368400155
20959,2351.458368400155
20960,2351.458368400155
20961,2351.458368400155
20962,2351.458368400155
20963,2351.458368400155
20964,2351.458368400155
20965,2351.458368400155
20966,2351.458368400155
20967,2351.458368400155
20968,2351.458368400155
20969,2351.458368400155
20970,2351.458368400155
20971,2351.458368400155
20972,2351.458368400155
20973,2351.458368400155
20974,2351.458368400155
20975,2351.458368400155
20976,2351.458368400155
20977,2351.458368400155
20978,2351.458368400155
20979,2351.458368400155
20980,2351.458368400155
20981,2351.458368400155
20982,2351.458368400155
20983,2351.458368400155
20984,2351.458368400155
20985,2351.458368400155
20986,2351.458368400155
20987,2351.458368400155
20988,2351.458368400155
20989,2351.458368400155
20990,2351.458368400155
20991,2351.458368400155
20992,2351.458368400155
20993,2351.458368400155
20994,2351.458368400155
20995,2351.458368400155
20996,2351.458368400155
20997,2351.458368400155
20998,2351.458368400155
20999,2351.458368400155
21000,2351.458368400155
21001,2351.458368400155
21002,2351.458368400155
21003,2351.458368400155
21004,2351.458368400155
21005,2351.458368400155
21006,2351.458368400155
21007,2351.458368400155
21008,2351.458368400155
21009,2351.458368400155
21010,2351.458368400155
21011,2351.458368400155
21012,2351.458368400155
21013,2351.458368400155
21014,2351.458368400155
21015,2351.458368400155
21016,2351.458368400155
21017,2351.458368400155
21018,2351.458368400155
21019,2351.458368400155
21020,2351.458368400155
21021,2351.458368400155
21022,2351.458368400155
21023,2351.458368400155
21024,2351.458368400155
21025,2351.458368400155
21026,2351.458368400155
21027,2351.458368400155
21028,2351.458368400155
21029,2351.458368400155
21030,2351.458368400155
21031,2351.458368400155
21032,2351.458368400155
21033,2351.458368400155
21034,2351.458368400155
21035,2351.458368400155
21036,2351.458368400155
21037,2351.458368400155
21038,2351.458368400155
21039,2351.458368400155
21040,2351.458368400155
21041,2351.458368400155
21042,2351.458368400155
21043,2351.458368400155
21044,2351.458368400155
21045,2351.458368400155
21046,2351.458368400155
21047,2351.458368400155
21048,2351.458368400155
21049,2351.458368400155
21050,2351.458368400155
21051,2351.458368400155
21052,2351.458368400155
21053,2351.458368400155
21054,2351.458368400155
21055,2351.458368400155
21056,2351.458368400155
21057,2351.458368400155
21058,2351.458368400155
21059,2351.458368400155
21060,2351.458368400155
21061,2351.458368400155
21062,2351.458368400155
21063,2351.458368400155
21064,2351.458368400155
21065,2351.458368400155
21066,2351.458368400155
21067,2351.458368400155
21068,2351.458368400155
21069,2351.458368400155
21070,2351.458368400155
21071,2351.458368400155
21072,2351.458368400155
21073,2351.458368400155
21074,2351.458368400155
21075,2351.458368400155
21076,2351.458368400155
21077,2351.458368400155
21078,2351.458368400155
21079,2351.458368400155
21080,2351.458368400155
21081,2351.458368400155
21082,2351.458368400155
21083,2351.458368400155
21084,2351.458368400155
21085,2351.458368400155
21086,2351.458368400155
21087,2351.458368400155
21088,2351.458368400155
21089,2351.458368400155
21090,2351.458368400155
21091,2351.458368400155
21092,2351.458368400155
21093,2351.458368400155
21094,2351.458368400155
21095,2351.458368400155
21096,2351.458368400155
21097,2351.458368400155
21098,2351.458368400155
21099,2351.458368400155
21100,2351.458368400155
21101,2351.458368400155
21102,2351.458368400155
21103,2351.458368400155
21104,2351.458368400155
21105,2351.458368400155
21106,2351.458368400155
21107,2351.458368400155
21108,2351.458368400155
21109,2351.458368400155
21110,2351.458368400155
21111,2351.458368400155
21112,2351.458368400155
21113,2351.458368400155
21114,2351.458368400155
21115,2351.458368400155
21116,2351.458368400155
21117,2351.458368400155
21118,2351.458368400155
21119,2351.458368400155
21120,2351.458368400155
21121,2351.458368400155
21122,2351.458368400155
21123,2351.458368400155
21124,2351.458368400155
21125,2351.458368400155
21126,2351.458368400155
21127,2351.458368400155
21128,2351.458368400155
21129,2351.458368400155
21130,2351.458368400155
21131,2351.458368400155
21132,2351.458368400155
21133,2351.458368400155
21134,2351.458368400155
21135,2351.458368400155
21136,2351.458368400155
21137,2351.458368400155
21138,2351.458368400155
21139,2351.458368400155
21140,2351.458368400155
21141,2351.458368400155
21142,2351.458368400155
21143,2351.458368400155
21144,2351.458368400155
21145,2351.458368400155
21146,2351.458368400155
21147,2351.458368400155
21148,2351.458368400155
21149,2351.458368400155
21150,2351.458368400155
21151,2351.458368400155
21152,2351.458368400155
21153,2351.458368400155
21154,2351.458368400155
21155,2351.458368400155
21156,2351.458368400155
21157,2351.458368400155
21158,2351.458368400155
21159,2351.458368400155
21160,2351.458368400155
21161,2351.458368400155
21162,2351.458368400155
21163,2351.458368400155
21164,2351.458368400155
21165,2351.458368400155
21166,2351.458368400155
21167,2351.458368400155
21168,2351.458368400155
21169,2351.458368400155
21170,2351.458368400155
21171,2351.458368400155
21172,2351.458368400155
21173,2351.458368400155
21174,2351.458368400155
21175,2351.458368400155
21176,2351.458368400155
21177,2351.458368400155
21178,2351.458368400155
21179,2351.458368400155
21180,2351.458368400155
21181,2351.458368400155
21182,2351.458368400155
21183,2351.458368400155
21184,2351.458368400155
21185,2351.458368400155
21186,2351.458368400155
21187,2351.458368400155
21188,2351.458368400155
21189,2351.458368400155
21190,2351.458368400155
21191,2351.458368400155
21192,2351.458368400155
21193,2351.458368400155
21194,2351.458368400155
21195,2351.458368400155
21196,2351.458368400155
21197,2351.458368400155
21198,2351.458368400155
21199,2351.458368400155
21200,2351.458368400155
21201,2351.458368400155
21202,2351.458368400155
21203,2351.458368400155
21204,2351.458368400155
21205,2351.458368400155
21206,2351.458368400155
21207,2351.458368400155
21208,2351.458368400155
21209,2351.458368400155
21210,2351.458368400155
21211,2351.458368400155
21212,2351.458368400155
21213,2351.458368400155
21214,2351.458368400155
21215,2351.458368400155
21216,2351.458368400155
21217,2351.458368400155
21218,2351.458368400155
21219,2351.458368400155
21220,2351.458368400155
21221,2351.458368400155
21222,2351.458368400155
21223,2351.458368400155
21224,2351.458368400155
21225,2351.458368400155
21226,2351.458368400155
21227,2351.458368400155
21228,2351.458368400155
21229,2351.458368400155
21230,2351.458368400155
21231,2351.458368400155
21232,2351.458368400155
21233,2351.458368400155
21234,2351.458368400155
21235,2351.458368400155
21236,2351.458368400155
21237,2351.458368400155
21238,2351.458368400155
21239,2351.458368400155
21240,2351.458368400155
21241,2351.458368400155
21242,2351.458368400155
21243,2351.458368400155
21244,2351.458368400155
21245,2351.458368400155
21246,2351.458368400155
21247,2351.458368400155
21248,2351.458368400155
21249,2351.458368400155
21250,2351.458368400155
21251,2351.458368400155
21252,2351.458368400155
21253,2351.458368400155
21254,2351.458368400155
21255,2351.458368400155
21256,2351.458368400155
21257,2351.458368400155
21258,2351.458368400155
21259,2351.458368400155
21260,2351.458368400155
21261,2351.458368400155
21262,2351.458368400155
21263,2351.458368400155
21264,2351.458368400155
21265,2351.458368400155
21266,2351.458368400155
21267,2351.458368400155
21268,2351.458368400155
21269,2351.458368400155
21270,2351.458368400155
21271,2351.458368400155
21272,2351.458368400155
21273,2351.458368400155
21274,2351.458368400155
21275,2351.458368400155
21276,2351.458368400155
21277,2351.458368400155
21278,2351.458368400155
21279,2351.458368400155
21280,2351.458368400155
21281,2351.458368400155
21282,2351.458368400155
21283,2351.458368400155
21284,2351.458368400155
21285,2351.458368400155
21286,2351.458368400155
21287,2351.458368400155
21288,2351.458368400155
21289,2351.458368400155
21290,2351.458368400155
21291,2351.458368400155
21292,2351.458368400155
21293,2351.458368400155
21294,2351.458368400155
21295,2351.458368400155
21296,2351.458368400155
21297,2351.458368400155
21298,2351.458368400155
21299,2351.458368400155
21300,2351.458368400155
21301,2351.458368400155
21302,2351.458368400155
21303,2351.458368400155
21304,2351.458368400155
21305,2351.458368400155
21306,2351.458368400155
21307,2351.458368400155
21308,2351.458368400155
21309,2351.458368400155
21310,2351.458368400155
21311,2351.458368400155
21312,2351.458368400155
21313,2351.458368400155
21314,2351.458368400155
21315,2351.458368400155
21316,2351.458368400155
21317,2351.458368400155
21318,2351.458368400155
21319,2351.458368400155
21320,2351.458368400155
21321,2351.458368400155
21322,2351.458368400155
21323,2351.458368400155
21324,2351.458368400155
21325,2351.458368400155
21326,2351.458368400155
21327,2351.458368400155
21328,2351.458368400155
21329,2351.458368400155
21330,2351.458368400155
21331,2351.458368400155
21332,2351.458368400155
21333,2351.458368400155
21334,2351.458368400155
21335,2351.458368400155
21336,2351.458368400155
21337,2351.458368400155
21338,2351.458368400155
21339,2351.458368400155
21340,2351.458368400155
21341,2351.458368400155
21342,2351.458368400155
21343,2351.458368400155
21344,2351.458368400155
21345,2351.458368400155
21346,2351.458368400155
21347,2351.458368400155
21348,2351.458368400155
21349,2351.458368400155
21350,2351.458368400155
21351,2351.458368400155
21352,2351.458368400155
21353,2351.458368400155
21354,2351.458368400155
21355,2351.458368400155
21356,2351.458368400155
21357,2351.458368400155
21358,2351.458368400155
21359,2351.458368400155
21360,2351.458368400155
21361,2351.458368400155
21362,2351.458368400155
21363,2351.458368400155
21364,2351.458368400155
21365,2351.458368400155
21366,2351.458368400155
21367,2351.458368400155
21368,2351.458368400155
21369,2351.458368400155
21370,2351.458368400155
21371,2351.458368400155
21372,2351.458368400155
21373,2351.458368400155
21374,2351.458368400155
21375,2351.458368400155
21376,2351.458368400155
21377,2351.458368400155
21378,2351.458368400155
21379,2351.458368400155
21380,2351.458368400155
21381,2351.458368400155
21382,2351.458368400155
21383,2351.458368400155
21384,2351.458368400155
21385,2351.458368400155
21386,2351.458368400155
21387,2351.458368400155
21388,2351.458368400155
21389,2351.458368400155
21390,2351.458368400155
21391,2351.458368400155
21392,2351.458368400155
21393,2351.458368400155
21394,2351.458368400155
21395,2351.458368400155
21396,2351.458368400155
21397,2351.458368400155
21398,2351.458368400155
21399,2351.458368400155
21400,2351.458368400155
21401,2351.458368400155
21402,2351.458368400155
21403,2351.458368400155
21404,2351.458368400155
21405,2351.458368400155
21406,2351.458368400155
21407,2351.458368400155
21408,2351.458368400155
21409,2351.458368400155
21410,2351.458368400155
21411,2351.458368400155
21412,2351.458368400155
21413,2351.458368400155
21414,2351.458368400155
21415,2351.458368400155
21416,2351.458368400155
21417,2351.458368400155
21418,2351.458368400155
21419,2351.458368400155
21420,2351.458368400155
21421,2351.458368400155
21422,2351.458368400155
21423,2351.458368400155
21424,2351.458368400155
21425,2351.458368400155
21426,2351.458368400155
21427,2351.458368400155
21428,2351.458368400155
21429,2351.458368400155
21430,2351.458368400155
21431,2351.458368400155
21432,2351.458368400155
21433,2351.458368400155
21434,2351.458368400155
21435,2351.458368400155
21436,2351.458368400155
21437,2351.458368400155
21438,2351.458368400155
21439,2351.458368400155
21440,2351.458368400155
21441,2351.458368400155
21442,2351.458368400155
21443,2351.458368400155
21444,2351.458368400155
21445,2351.458368400155
21446,2351.458368400155
21447,2351.458368400155
21448,2351.458368400155
21449,2351.458368400155
21450,2351.458368400155
21451,2351.458368400155
21452,2351.458368400155
21453,2351.458368400155
21454,2351.458368400155
21455,2351.458368400155
21456,2351.458368400155
21457,2351.458368400155
21458,2351.458368400155
21459,2351.458368400155
21460,2351.458368400155
21461,2351.458368400155
21462,2351.458368400155
21463,2351.458368400155
21464,2351.458368400155
21465,2351.458368400155
21466,2351.458368400155
21467,2351.458368400155
21468,2351.458368400155
21469,2351.458368400155
21470,2351.458368400155
21471,2351.458368400155
21472,2351.458368400155
21473,2351.458368400155
21474,2351.458368400155
21475,2351.458368400155
21476,2351.458368400155
21477,2351.458368400155
21478,2351.458368400155
21479,2351.458368400155
21480,2351.458368400155
21481,2351.458368400155
21482,2351.458368400155
21483,2351.458368400155
21484,2351.458368400155
21485,2351.458368400155
21486,2351.458368400155
21487,2351.458368400155
21488,2351.458368400155
21489,2351.458368400155
21490,2351.458368400155
21491,2351.458368400155
21492,2351.458368400155
21493,2351.458368400155
21494,2351.458368400155
21495,2351.458368400155
21496,2351.458368400155
21497,2351.458368400155
21498,2351.458368400155
21499,2351.458368400155
21500,2351.458368400155
21501,2351.458368400155
21502,2351.458368400155
21503,2351.458368400155
21504,2351.458368400155
21505,2351.458368400155
21506,2351.458368400155
21507,2351.458368400155
21508,2351.458368400155
21509,2351.458368400155
21510,2351.458368400155
21511,2351.458368400155
21512,2351.458368400155
21513,2351.458368400155
21514,2351.458368400155
21515,2351.458368400155
21516,2351.458368400155
21517,2351.458368400155
21518,2351.458368400155
21519,2351.458368400155
21520,2351.458368400155
21521,2351.458368400155
21522,2351.458368400155
21523,2351.458368400155
21524,2351.458368400155
21525,2351.458368400155
21526,2351.458368400155
21527,2351.458368400155
21528,2351.458368400155
21529,2351.458368400155
21530,2351.458368400155
21531,2351.458368400155
21532,2351.458368400155
21533,2351.458368400155
21534,2351.458368400155
21535,2351.458368400155
21536,2351.458368400155
21537,2351.458368400155
21538,2351.458368400155
21539,2351.458368400155
21540,2351.458368400155
21541,2351.458368400155
21542,2351.458368400155
21543,2351.458368400155
21544,2351.458368400155
21545,2351.458368400155
21546,2351.458368400155
21547,2351.458368400155
21548,2351.458368400155
21549,2351.458368400155
21550,2351.458368400155
21551,2351.458368400155
21552,2351.458368400155
21553,2351.458368400155
21554,2351.458368400155
21555,2351.458368400155
21556,2351.458368400155
21557,2351.458368400155
21558,2351.458368400155
21559,2351.458368400155
21560,2351.458368400155
21561,2351.458368400155
21562,2351.458368400155
21563,2351.458368400155
21564,2351.458368400155
21565,2351.458368400155
21566,2351.458368400155
21567,2351.458368400155
21568,2351.458368400155
21569,2351.458368400155
21570,2351.458368400155
21571,2351.458368400155
21572,2351.458368400155
21573,2351.458368400155
21574,2351.458368400155
21575,2351.458368400155
21576,2351.458368400155
21577,2351.458368400155
21578,2351.458368400155
21579,2351.458368400155
21580,2351.458368400155
21581,2351.458368400155
21582,2351.458368400155
21583,2351.458368400155
21584,2351.458368400155
21585,2351.458368400155
21586,2351.458368400155
21587,2351.458368400155
21588,2351.458368400155
21589,2351.458368400155
21590,2351.458368400155
21591,2351.458368400155
21592,2351.458368400155
21593,2351.458368400155
21594,2351.458368400155
21595,2351.458368400155
21596,2351.458368400155
21597,2351.458368400155
21598,2351.458368400155
21599,2351.458368400155
21600,2351.458368400155
21601,2351.458368400155
21602,2351.458368400155
21603,2351.458368400155
21604,2351.458368400155
21605,2351.458368400155
21606,2351.458368400155
21607,2351.458368400155
21608,2351.458368400155
21609,2351.458368400155
21610,2351.458368400155
21611,2351.458368400155
21612,2351.458368400155
21613,2351.458368400155
21614,2351.458368400155
21615,2351.458368400155
21616,2351.458368400155
21617,2351.458368400155
21618,2351.458368400155
21619,2351.458368400155
21620,2351.458368400155
21621,2351.458368400155
21622,2351.458368400155
21623,2351.458368400155
21624,2351.458368400155
21625,2351.458368400155
21626,2351.458368400155
21627,2351.458368400155
21628,2351.458368400155
21629,2351.458368400155
21630,2351.458368400155
21631,2351.458368400155
21632,2351.458368400155
21633,2351.458368400155
21634,2351.458368400155
21635,2351.458368400155
21636,2351.458368400155
21637,2351.458368400155
21638,2351.458368400155
21639,2351.458368400155
21640,2351.458368400155
21641,2351.458368400155
21642,2351.458368400155
21643,2351.458368400155
21644,2351.458368400155
21645,2351.458368400155
21646,2351.458368400155
21647,2351.458368400155
21648,2351.458368400155
21649,2351.458368400155
21650,2351.458368400155
21651,2351.458368400155
21652,2351.458368400155
21653,2351.458368400155
21654,2351.458368400155
21655,2351.458368400155
21656,2351.458368400155
21657,2351.458368400155
21658,2351.458368400155
21659,2351.458368400155
21660,2351.458368400155
21661,2351.458368400155
21662,2351.458368400155
21663,2351.458368400155
21664,2351.458368400155
21665,2351.458368400155
21666,2351.458368400155
21667,2351.458368400155
21668,2351.458368400155
21669,2351.458368400155
21670,2351.458368400155
21671,2351.458368400155
21672,2351.458368400155
21673,2351.458368400155
21674,2351.458368400155
21675,2351.458368400155
21676,2351.458368400155
21677,2351.458368400155
21678,2351.458368400155
21679,2351.458368400155
21680,2351.458368400155
21681,2351.458368400155
21682,2351.458368400155
21683,2351.458368400155
21684,2351.458368400155
21685,2351.458368400155
21686,2351.458368400155
21687,2351.458368400155
21688,2351.458368400155
21689,2351.458368400155
21690,2351.458368400155
21691,2351.458368400155
21692,2351.458368400155
21693,2351.458368400155
21694,2351.458368400155
21695,2351.458368400155
21696,2351.458368400155
21697,2351.458368400155
21698,2351.458368400155
21699,2351.458368400155
21700,2351.458368400155
21701,2351.458368400155
21702,2351.458368400155
21703,2351.458368400155
21704,2351.458368400155
21705,2351.458368400155
21706,2351.458368400155
21707,2351.458368400155
21708,2351.458368400155
21709,2351.458368400155
21710,2351.458368400155
21711,2351.458368400155
21712,2351.458368400155
21713,2351.458368400155
21714,2351.458368400155
21715,2351.458368400155
21716,2351.458368400155
21717,2351.458368400155
21718,2351.458368400155
21719,2351.458368400155
21720,2351.458368400155
21721,2351.458368400155
21722,2351.458368400155
21723,2351.458368400155
21724,2351.458368400155
21725,2351.458368400155
21726,2351.458368400155
21727,2351.458368400155
21728,2351.458368400155
21729,2351.458368400155
21730,2351.458368400155
21731,2351.458368400155
21732,2351.458368400155
21733,2351.458368400155
21734,2351.458368400155
21735,2351.458368400155
21736,2351.458368400155
21737,2351.458368400155
21738,2351.458368400155
21739,2351.458368400155
21740,2351.458368400155
21741,2351.458368400155
21742,2351.458368400155
21743,2351.458368400155
21744,2351.458368400155
21745,2351.458368400155
21746,2351.458368400155
21747,2351.458368400155
21748,2351.458368400155
21749,2351.458368400155
21750,2351.458368400155
21751,2351.458368400155
21752,2351.458368400155
21753,2351.458368400155
21754,2351.458368400155
21755,2351.458368400155
21756,2351.458368400155
21757,2351.458368400155
21758,2351.458368400155
21759,2351.458368400155
21760,2351.458368400155
21761,2351.458368400155
21762,2351.458368400155
21763,2351.458368400155
21764,2351.458368400155
21765,2351.458368400155
21766,2351.458368400155
21767,2351.458368400155
21768,2351.458368400155
21769,2351.458368400155
21770,2351.458368400155
21771,2351.458368400155
21772,2351.458368400155
21773,2351.458368400155
21774,2351.458368400155
21775,2351.458368400155
21776,2351.458368400155
21777,2351.458368400155
21778,2351.458368400155
21779,2351.458368400155
21780,2351.458368400155
21781,2351.458368400155
21782,2351.458368400155
21783,2351.458368400155
21784,2351.458368400155
21785,2351.458368400155
21786,2351.458368400155
21787,2351.458368400155
21788,2351.458368400155
21789,2351.458368400155
21790,2351.458368400155
21791,2351.458368400155
21792,2351.458368400155
21793,2351.458368400155
21794,2351.458368400155
21795,2351.458368400155
21796,2351.458368400155
21797,2351.458368400155
21798,2351.458368400155
21799,2351.458368400155
21800,2351.458368400155
21801,2351.458368400155
21802,2351.458368400155
21803,2351.458368400155
21804,2351.458368400155
21805,2351.458368400155
21806,2351.458368400155
21807,2351.458368400155
21808,2351.458368400155
21809,2351.458368400155
21810,2351.458368400155
21811,2351.458368400155
21812,2351.458368400155
21813,2351.458368400155
21814,2351.458368400155
21815,2351.458368400155
21816,2351.458368400155
21817,2351.458368400155
21818,2351.458368400155
21819,2351.458368400155
21820,2351.458368400155
21821,2351.458368400155
21822,2351.458368400155
21823,2351.458368400155
21824,2351.458368400155
21825,2351.458368400155
21826,2351.458368400155
21827,2351.458368400155
21828,2351.458368400155
21829,2351.458368400155
21830,2351.458368400155
21831,2351.458368400155
21832,2351.458368400155
21833,2351.458368400155
21834,2351.458368400155
21835,2351.458368400155
21836,2351.458368400155
21837,2351.458368400155
21838,2351.458368400155
21839,2351.458368400155
21840,2351.458368400155
21841,2351.458368400155
21842,2351.458368400155
21843,2351.458368400155
21844,2351.458368400155
21845,2351.458368400155
21846,2351.458368400155
21847,2351.458368400155
21848,2351.458368400155
21849,2351.458368400155
21850,2351.458368400155
21851,2351.458368400155
21852,2351.458368400155
21853,2351.458368400155
21854,2351.458368400155
21855,2351.458368400155
21856,2351.458368400155
21857,2351.458368400155
21858,2351.458368400155
21859,2351.458368400155
21860,2351.458368400155
21861,2351.458368400155
21862,2351.458368400155
21863,2351.458368400155
21864,2351.458368400155
21865,2351.458368400155
21866,2351.458368400155
21867,2351.458368400155
21868,2351.458368400155
21869,2351.458368400155
21870,2351.458368400155
21871,2351.458368400155
21872,2351.458368400155
21873,2351.458368400155
21874,2351.458368400155
21875,2351.458368400155
21876,2351.458368400155
21877,2351.458368400155
21878,2351.458368400155
21879,2351.458368400155
21880,2351.458368400155
21881,2351.458368400155
21882,2351.458368400155
21883,2351.458368400155
21884,2351.458368400155
21885,2351.458368400155
21886,2351.458368400155
21887,2351.458368400155
21888,2351.458368400155
21889,2351.458368400155
21890,2351.458368400155
21891,2351.458368400155
21892,2351.458368400155
21893,2351.458368400155
21894,2351.458368400155
21895,2351.458368400155
21896,2351.458368400155
21897,2351.458368400155
21898,2351.458368400155
21899,2351.458368400155
21900,2351.458368400155
21901,2351.458368400155
21902,2351.458368400155
21903,2351.458368400155
21904,2351.458368400155
21905,2351.458368400155
21906,2351.458368400155
21907,2351.458368400155
21908,2351.458368400155
21909,2351.458368400155
21910,2351.458368400155
21911,2351.458368400155
21912,2351.458368400155
21913,2351.458368400155
21914,2351.458368400155
21915,2351.458368400155
21916,2351.458368400155
21917,2351.458368400155
21918,2351.458368400155
21919,2351.458368400155
21920,2351.458368400155
21921,2351.458368400155
21922,2351.458368400155
21923,2351.458368400155
21924,2351.458368400155
21925,2351.458368400155
21926,2351.458368400155
21927,2351.458368400155
21928,2351.458368400155
21929,2351.458368400155
21930,2351.458368400155
21931,2351.458368400155
21932,2351.458368400155
21933,2351.458368400155
21934,2351.458368400155
21935,2351.458368400155
21936,2351.458368400155
21937,2351.458368400155
21938,2351.458368400155
21939,2351.458368400155
21940,2351.458368400155
21941,2351.458368400155
21942,2351.458368400155
21943,2351.458368400155
21944,2351.458368400155
21945,2351.458368400155
21946,2351.458368400155
21947,2351.458368400155
21948,2351.458368400155
21949,2351.458368400155
21950,2351.458368400155
21951,2351.458368400155
21952,2351.458368400155
21953,2351.458368400155
21954,2351.458368400155
21955,2351.458368400155
21956,2351.458368400155
21957,2351.458368400155
21958,2351.458368400155
21959,2351.458368400155
21960,2351.458368400155
21961,2351.458368400155
21962,2351.458368400155
21963,2351.458368400155
21964,2351.458368400155
21965,2351.458368400155
21966,2351.458368400155
21967,2351.458368400155
21968,2351.458368400155
21969,2351.458368400155
21970,2351.458368400155
21971,2351.458368400155
21972,2351.458368400155
21973,2351.458368400155
21974,2351.458368400155
21975,2351.458368400155
21976,2351.458368400155
21977,2351.458368400155
21978,2351.458368400155
21979,2351.458368400155
21980,2351.458368400155
21981,2351.458368400155
21982,2351.458368400155
21983,2351.458368400155
21984,2351.458368400155
21985,2351.458368400155
21986,2351.458368400155
21987,2351.458368400155
21988,2351.458368400155
21989,2351.458368400155
21990,2351.458368400155
21991,2351.458368400155
21992,2351.458368400155
21993,2351.458368400155
21994,2351.458368400155
21995,2351.458368400155
21996,2351.458368400155
21997,2351.458368400155
21998,2351.458368400155
21999,2351.458368400155
22000,2351.458368400155
22001,2351.458368400155
22002,2351.458368400155
22003,2351.458368400155
22004,2351.458368400155
22005,2351.458368400155
22006,2351.458368400155
22007,2351.458368400155
22008,2351.458368400155
22009,2351.458368400155
22010,2351.458368400155
22011,2351.458368400155
22012,2351.458368400155
22013,2351.458368400155
22014,2351.458368400155
22015,2351.458368400155
22016,2351.458368400155
22017,2351.458368400155
22018,2351.458368400155
22019,2351.458368400155
22020,2351.458368400155
22021,2351.458368400155
22022,2351.458368400155
22023,2351.458368400155
22024,2351.458368400155
22025,2351.458368400155
22026,2351.458368400155
22027,2351.458368400155
22028,2351.458368400155
22029,2351.458368400155
22030,2351.458368400155
22031,2351.458368400155
22032,2351.458368400155
22033,2351.458368400155
22034,2351.458368400155
22035,2351.458368400155
22036,2351.458368400155
22037,2351.458368400155
22038,2351.458368400155
22039,2351.458368400155
22040,2351.458368400155
22041,2351.458368400155
22042,2351.458368400155
22043,2351.458368400155
22044,2351.458368400155
22045,2351.458368400155
22046,2351.458368400155
22047,2351.458368400155
22048,2351.458368400155
22049,2351.458368400155
22050,2351.458368400155
22051,2351.458368400155
22052,2351.458368400155
22053,2351.458368400155
22054,2351.458368400155
22055,2351.458368400155
22056,2351.458368400155
22057,2351.458368400155
22058,2351.458368400155
22059,2351.458368400155
22060,2351.458368400155
22061,2351.458368400155
22062,2351.458368400155
22063,2351.458368400155
22064,2351.458368400155
22065,2351.458368400155
22066,2351.458368400155
22067,2351.458368400155
22068,2351.458368400155
22069,2351.458368400155
22070,2351.458368400155
22071,2351.458368400155
22072,2351.458368400155
22073,2351.458368400155
22074,2351.458368400155
22075,2351.458368400155
22076,2351.458368400155
22077,2351.458368400155
22078,2351.458368400155
22079,2351.458368400155
22080,2351.458368400155
22081,2351.458368400155
22082,2351.458368400155
22083,2351.458368400155
22084,2351.458368400155
22085,2351.458368400155
22086,2351.458368400155
22087,2351.458368400155
22088,2351.458368400155
22089,2351.458368400155
22090,2351.458368400155
22091,2351.458368400155
22092,2351.458368400155
22093,2351.458368400155
22094,2351.458368400155
22095,2351.458368400155
22096,2351.458368400155
22097,2351.458368400155
22098,2351.458368400155
22099,2351.458368400155
22100,2351.458368400155
22101,2351.458368400155
22102,2351.458368400155
22103,2351.458368400155
22104,2351.458368400155
22105,2351.458368400155
22106,2351.458368400155
22107,2351.458368400155
22108,2351.458368400155
22109,2351.458368400155
22110,2351.458368400155
22111,2351.458368400155
22112,2351.458368400155
22113,2351.458368400155
22114,2351.458368400155
22115,2351.458368400155
22116,2351.458368400155
22117,2351.458368400155
22118,2351.458368400155
22119,2351.458368400155
22120,2351.458368400155
22121,2351.458368400155
22122,2351.458368400155
22123,2351.458368400155
22124,2351.458368400155
22125,2351.458368400155
22126,2351.458368400155
22127,2351.458368400155
22128,2351.458368400155
22129,2351.458368400155
22130,2351.458368400155
22131,2351.458368400155
22132,2351.458368400155
22133,2351.458368400155
22134,2351.458368400155
22135,2351.458368400155
22136,2351.458368400155
22137,2351.458368400155
22138,2351.458368400155
22139,2351.458368400155
22140,2351.458368400155
22141,2351.458368400155
22142,2351.458368400155
22143,2351.458368400155
22144,2351.458368400155
22145,2351.458368400155
22146,2351.458368400155
22147,2351.458368400155
22148,2351.458368400155
22149,2351.458368400155
22150,2351.458368400155
22151,2351.458368400155
22152,2351.458368400155
22153,2351.458368400155
22154,2351.458368400155
22155,2351.458368400155
22156,2351.458368400155
22157,2351.458368400155
22158,2351.458368400155
22159,2351.458368400155
22160,2351.458368400155
22161,2351.458368400155
22162,2351.458368400155
22163,2351.458368400155
22164,2351.458368400155
22165,2351.458368400155
22166,2351.458368400155
22167,2351.458368400155
22168,2351.458368400155
22169,2351.458368400155
22170,2351.458368400155
22171,2351.458368400155
22172,2351.458368400155
22173,2351.458368400155
22174,2351.458368400155
22175,2351.458368400155
22176,2351.458368400155
22177,2351.458368400155
22178,2351.458368400155
22179,2351.458368400155
22180,2351.458368400155
22181,2351.458368400155
22182,2351.458368400155
22183,2351.458368400155
22184,2351.458368400155
22185,2351.458368400155
22186,2351.458368400155
22187,2351.458368400155
22188,2351.458368400155
22189,2351.458368400155
22190,2351.458368400155
22191,2351.458368400155
22192,2351.458368400155
22193,2351.458368400155
22194,2351.458368400155
22195,2351.458368400155
22196,2351.458368400155
22197,2351.458368400155
22198,2351.458368400155
22199,2351.458368400155
22200,2351.458368400155
22201,2351.458368400155
22202,2351.458368400155
22203,2351.458368400155
22204,2351.458368400155
22205,2351.458368400155
22206,2351.458368400155
22207,2351.458368400155
22208,2351.458368400155
22209,2351.458368400155
22210,2351.458368400155
22211,2351.458368400155
22212,2351.458368400155
22213,2351.458368400155
22214,2351.458368400155
22215,2351.458368400155
22216,2351.458368400155
22217,2351.458368400155
22218,2351.458368400155
22219,2351.458368400155
22220,2351.458368400155
22221,2351.458368400155
22222,2351.458368400155
22223,2351.458368400155
22224,2351.458368400155
22225,2351.458368400155
22226,2351.458368400155
22227,2351.458368400155
22228,2351.458368400155
22229,2351.458368400155
22230,2351.458368400155
22231,2351.458368400155
22232,2351.458368400155
22233,2351.458368400155
22234,2351.458368400155
22235,2351.458368400155
22236,2351.458368400155
22237,2351.458368400155
22238,2351.458368400155
22239,2351.458368400155
22240,2351.458368400155
22241,2351.458368400155
22242,2351.458368400155
22243,2351.458368400155
22244,2351.458368400155
22245,2351.458368400155
22246,2351.458368400155
22247,2351.458368400155
22248,2351.458368400155
22249,2351.458368400155
22250,2351.458368400155
22251,2351.458368400155
22252,2351.458368400155
22253,2351.458368400155
22254,2351.458368400155
22255,2351.458368400155
22256,2351.458368400155
22257,2351.458368400155
22258,2351.458368400155
22259,2351.458368400155
22260,2351.458368400155
22261,2351.458368400155
22262,2351.458368400155
22263,2351.458368400155
22264,2351.458368400155
22265,2351.458368400155
22266,2351.458368400155
22267,2351.458368400155
22268,2351.458368400155
22269,2351.458368400155
22270,2351.458368400155
22271,2351.458368400155
22272,2351.458368400155
22273,2351.458368400155
22274,2351.458368400155
22275,2351.458368400155
22276,2351.458368400155
22277,2351.458368400155
22278,2351.458368400155
22279,2351.458368400155
22280,2351.458368400155
22281,2351.458368400155
22282,2351.458368400155
22283,2351.458368400155
22284,2351.458368400155
22285,2351.458368400155
22286,2351.458368400155
22287,2351.458368400155
22288,2351.458368400155
22289,2351.458368400155
22290,2351.458368400155
22291,2351.458368400155
22292,2351.458368400155
22293,2351.458368400155
22294,2351.458368400155
22295,2351.458368400155
22296,2351.458368400155
22297,2351.458368400155
22298,2351.458368400155
22299,2351.458368400155
22300,2351.458368400155
22301,2351.458368400155
22302,2351.458368400155
22303,2351.458368400155
22304,2351.458368400155
22305,2351.458368400155
22306,2351.458368400155
22307,2351.458368400155
22308,2351.458368400155
22309,2351.458368400155
22310,2351.458368400155
22311,2351.458368400155
22312,2351.458368400155
22313,2351.458368400155
22314,2351.458368400155
22315,2351.458368400155
22316,2351.458368400155
22317,2351.458368400155
22318,2351.458368400155
22319,2351.458368400155
22320,2351.458368400155
22321,2351.458368400155
22322,2351.458368400155
22323,2351.458368400155
22324,2351.458368400155
22325,2351.458368400155
22326,2351.458368400155
22327,2351.458368400155
22328,2351.458368400155
22329,2351.458368400155
22330,2351.458368400155
22331,2351.458368400155
22332,2351.458368400155
22333,2351.458368400155
22334,2351.458368400155
22335,2351.458368400155
22336,2351.458368400155
22337,2351.458368400155
22338,2351.458368400155
22339,2351.458368400155
22340,2351.458368400155
22341,2351.458368400155
22342,2351.458368400155
22343,2351.458368400155
22344,2351.458368400155
22345,2351.458368400155
22346,2351.458368400155
22347,2351.458368400155
22348,2351.458368400155
22349,2351.458368400155
22350,2351.458368400155
22351,2351.458368400155
22352,2351.458368400155
22353,2351.458368400155
22354,2351.458368400155
22355,2351.458368400155
22356,2351.458368400155
22357,2351.458368400155
22358,2351.458368400155
22359,2351.458368400155
22360,2351.458368400155
22361,2351.458368400155
22362,2351.458368400155
22363,2351.458368400155
22364,2351.458368400155
22365,2351.458368400155
22366,2351.458368400155
22367,2351.458368400155
22368,2351.458368400155
22369,2351.458368400155
22370,2351.458368400155
22371,2351.458368400155
22372,2351.458368400155
22373,2351.458368400155
22374,2351.458368400155
22375,2351.458368400155
22376,2351.458368400155
22377,2351.458368400155
22378,2351.458368400155
22379,2351.458368400155
22380,2351.458368400155
22381,2351.458368400155
22382,2351.458368400155
22383,2351.458368400155
22384,2351.458368400155
22385,2351.458368400155
22386,2351.458368400155
22387,2351.458368400155
22388,2351.458368400155
22389,2351.458368400155
22390,2351.458368400155
22391,2351.458368400155
22392,2351.458368400155
22393,2351.458368400155
22394,2351.458368400155
22395,2351.458368400155
22396,2351.458368400155
22397,2351.458368400155
22398,2351.458368400155
22399,2351.458368400155
22400,2351.458368400155
22401,2351.458368400155
22402,2351.458368400155
22403,2351.458368400155
22404,2351.458368400155
22405,2351.458368400155
22406,2351.458368400155
22407,2351.458368400155
22408,2351.458368400155
22409,2351.458368400155
22410,2351.458368400155
22411,2351.458368400155
22412,2351.458368400155
22413,2351.458368400155
22414,2351.458368400155
22415,2351.458368400155
22416,2351.458368400155
22417,2351.458368400155
22418,2351.458368400155
22419,2351.458368400155
22420,2351.458368400155
22421,2351.458368400155
22422,2351.458368400155
22423,2351.458368400155
22424,2351.458368400155
22425,2351.458368400155
22426,2351.458368400155
22427,2351.458368400155
22428,2351.458368400155
22429,2351.458368400155
22430,2351.458368400155
22431,2351.458368400155
22432,2351.458368400155
22433,2351.458368400155
22434,2351.458368400155
22435,2351.458368400155
22436,2351.458368400155
22437,2351.458368400155
22438,2351.458368400155
22439,2351.458368400155
22440,2351.458368400155
22441,2351.458368400155
22442,2351.458368400155
22443,2351.458368400155
22444,2351.458368400155
22445,2351.458368400155
22446,2351.458368400155
22447,2351.458368400155
22448,2351.458368400155
22449,2351.458368400155
22450,2351.458368400155
22451,2351.458368400155
22452,2351.458368400155
22453,2351.458368400155
22454,2351.458368400155
22455,2351.458368400155
22456,2351.458368400155
22457,2351.458368400155
22458,2351.458368400155
22459,2351.458368400155
22460,2351.458368400155
22461,2351.458368400155
22462,2351.458368400155
22463,2351.458368400155
22464,2351.458368400155
22465,2351.458368400155
22466,2351.458368400155
22467,2351.458368400155
22468,2351.458368400155
22469,2351.458368400155
22470,2351.458368400155
22471,2351.458368400155
22472,2351.458368400155
22473,2351.458368400155
22474,2351.458368400155
22475,2351.458368400155
22476,2351.458368400155
22477,2351.458368400155
22478,2351.458368400155
22479,2351.458368400155
22480,2351.458368400155
22481,2351.458368400155
22482,2351.458368400155
22483,2351.458368400155
22484,2351.458368400155
22485,2351.458368400155
22486,2351.458368400155
22487,2351.458368400155
22488,2351.458368400155
22489,2351.458368400155
22490,2351.458368400155
22491,2351.458368400155
22492,2351.458368400155
22493,2351.458368400155
22494,2351.458368400155
22495,2351.458368400155
22496,2351.458368400155
22497,2351.458368400155
22498,2351.458368400155
22499,2351.458368400155
22500,2351.458368400155
22501,2351.458368400155
22502,2351.458368400155
22503,2351.458368400155
22504,2351.458368400155
22505,2351.458368400155
22506,2351.458368400155
22507,2351.458368400155
22508,2351.458368400155
22509,2351.458368400155
22510,2351.458368400155
22511,2351.458368400155
22512,2351.458368400155
22513,2351.458368400155
22514,2351.458368400155
22515,2351.458368400155
22516,2351.458368400155
22517,2351.458368400155
22518,2351.458368400155
22519,2351.458368400155
22520,2351.458368400155
22521,2351.458368400155
22522,2351.458368400155
22523,2351.458368400155
22524,2351.458368400155
22525,2351.458368400155
22526,2351.458368400155
22527,2351.458368400155
22528,2351.458368400155
22529,2351.458368400155
22530,2351.458368400155
22531,2351.458368400155
22532,2351.458368400155
22533,2351.458368400155
22534,2351.458368400155
22535,2351.458368400155
22536,2351.458368400155
22537,2351.458368400155
22538,2351.458368400155
22539,2351.458368400155
22540,2351.458368400155
22541,2351.458368400155
22542,2351.458368400155
22543,2351.458368400155
22544,2351.458368400155
22545,2351.458368400155
22546,2351.458368400155
22547,2351.458368400155
22548,2351.458368400155
22549,2351.458368400155
22550,2351.458368400155
22551,2351.458368400155
22552,2351.458368400155
22553,2351.458368400155
22554,2351.458368400155
22555,2351.458368400155
22556,2351.458368400155
22557,2351.458368400155
22558,2351.458368400155
22559,2351.458368400155
22560,2351.458368400155
22561,2351.458368400155
22562,2351.458368400155
22563,2351.458368400155
22564,2351.458368400155
22565,2351.458368400155
22566,2351.458368400155
22567,2351.458368400155
22568,2351.458368400155
22569,2351.458368400155
22570,2351.458368400155
22571,2351.458368400155
22572,2351.458368400155
22573,2351.458368400155
22574,2351.458368400155
22575,2351.458368400155
22576,2351.458368400155
22577,2351.458368400155
22578,2351.458368400155
22579,2351.458368400155
22580,2351.458368400155
22581,2351.458368400155
22582,2351.458368400155
22583,2351.458368400155
22584,2351.458368400155
22585,2351.458368400155
22586,2351.458368400155
22587,2351.458368400155
22588,2351.458368400155
22589,2351.458368400155
22590,2351.458368400155
22591,2351.458368400155
22592,2351.458368400155
22593,2351.458368400155
22594,2351.458368400155
22595,2351.458368400155
22596,2351.458368400155
22597,2351.458368400155
22598,2351.458368400155
22599,2351.458368400155
22600,2351.458368400155
22601,2351.458368400155
22602,2351.458368400155
22603,2351.458368400155
22604,2351.458368400155
22605,2351.458368400155
22606,2351.458368400155
22607,2351.458368400155
22608,2351.458368400155
22609,2351.458368400155
22610,2351.458368400155
22611,2351.458368400155
22612,2351.458368400155
22613,2351.458368400155
22614,2351.458368400155
22615,2351.458368400155
22616,2351.458368400155
22617,2351.458368400155
22618,2351.458368400155
22619,2351.458368400155
22620,2351.458368400155
22621,2351.458368400155
22622,2351.458368400155
22623,2351.458368400155
22624,2351.458368400155
22625,2351.458368400155
22626,2351.458368400155
22627,2351.458368400155
22628,2351.458368400155
22629,2351.458368400155
22630,2351.458368400155
22631,2351.458368400155
22632,2351.458368400155
22633,2351.458368400155
22634,2351.458368400155
22635,2351.458368400155
22636,2351.458368400155
22637,2351.458368400155
22638,2351.458368400155
22639,2351.458368400155
22640,2351.458368400155
22641,2351.458368400155
22642,2351.458368400155
22643,2351.458368400155
22644,2351.458368400155
22645,2351.458368400155
22646,2351.458368400155
22647,2351.458368400155
22648,2351.458368400155
22649,2351.458368400155
22650,2351.458368400155
22651,2351.458368400155
22652,2351.458368400155
22653,2351.458368400155
22654,2351.458368400155
22655,2351.458368400155
22656,2351.458368400155
22657,2351.458368400155
22658,2351.458368400155
22659,2351.458368400155
22660,2351.458368400155
22661,2351.458368400155
22662,2351.458368400155
22663,2351.458368400155
22664,2351.458368400155
22665,2351.458368400155
22666,2351.458368400155
22667,2351.458368400155
22668,2351.458368400155
22669,2351.458368400155
22670,2351.458368400155
22671,2351.458368400155
22672,2351.458368400155
22673,2351.458368400155
22674,2351.458368400155
22675,2351.458368400155
22676,2351.458368400155
22677,2351.458368400155
22678,2351.458368400155
22679,2351.458368400155
22680,2351.458368400155
22681,2351.458368400155
22682,2351.458368400155
22683,2351.458368400155
22684,2351.458368400155
22685,2351.458368400155
22686,2351.458368400155
22687,2351.458368400155
22688,2351.458368400155
22689,2351.458368400155
22690,2351.458368400155
22691,2351.458368400155
22692,2351.458368400155
22693,2351.458368400155
22694,2351.458368400155
22695,2351.458368400155
22696,2351.458368400155
22697,2351.458368400155
22698,2351.458368400155
22699,2351.458368400155
22700,2351.458368400155
22701,2351.458368400155
22702,2351.458368400155
22703,2351.458368400155
22704,2351.458368400155
22705,2351.458368400155
22706,2351.458368400155
22707,2351.458368400155
22708,2351.458368400155
22709,2351.458368400155
22710,2351.458368400155
22711,2351.458368400155
22712,2351.458368400155
22713,2351.458368400155
22714,2351.458368400155
22715,2351.458368400155
22716,2351.458368400155
22717,2351.458368400155
22718,2351.458368400155
22719,2351.458368400155
22720,2351.458368400155
22721,2351.458368400155
22722,2351.458368400155
22723,2351.458368400155
22724,2351.458368400155
22725,2351.458368400155
22726,2351.458368400155
22727,2351.458368400155
22728,2351.458368400155
22729,2351.458368400155
22730,2351.458368400155
22731,2351.458368400155
22732,2351.458368400155
22733,2351.458368400155
22734,2351.458368400155
22735,2351.458368400155
22736,2351.458368400155
22737,2351.458368400155
22738,2351.458368400155
22739,2351.458368400155
22740,2351.458368400155
22741,2351.458368400155
22742,2351.458368400155
22743,2351.458368400155
22744,2351.458368400155
22745,2351.458368400155
22746,2351.458368400155
22747,2351.458368400155
22748,2351.458368400155
22749,2351.458368400155
22750,2351.458368400155
22751,2351.458368400155
22752,2351.458368400155
22753,2351.458368400155
22754,2351.458368400155
22755,2351.458368400155
22756,2351.458368400155
22757,2351.458368400155
22758,2351.458368400155
22759,2351.458368400155
22760,2351.458368400155
22761,2351.458368400155
22762,2351.458368400155
22763,2351.458368400155
22764,2351.458368400155
22765,2351.458368400155
22766,2351.458368400155
22767,2351.458368400155
22768,2351.458368400155
22769,2351.458368400155
22770,2351.458368400155
22771,2351.458368400155
22772,2351.458368400155
22773,2351.458368400155
22774,2351.458368400155
22775,2351.458368400155
22776,2351.458368400155
22777,2351.458368400155
22778,2351.458368400155
22779,2351.458368400155
22780,2351.458368400155
22781,2351.458368400155
22782,2351.458368400155
22783,2351.458368400155
22784,2351.458368400155
22785,2351.458368400155
22786,2351.458368400155
22787,2351.458368400155
22788,2351.458368400155
22789,2351.458368400155
22790,2351.458368400155
22791,2351.458368400155
22792,2351.458368400155
22793,2351.458368400155
22794,2351.458368400155
22795,2351.458368400155
22796,2351.458368400155
22797,2351.458368400155
22798,2351.458368400155
22799,2351.458368400155
22800,2351.458368400155
22801,2351.458368400155
22802,2351.458368400155
22803,2351.458368400155
22804,2351.458368400155
22805,2351.458368400155
22806,2351.458368400155
22807,2351.458368400155
22808,2351.458368400155
22809,2351.458368400155
22810,2351.458368400155
22811,2351.458368400155
22812,2351.458368400155
22813,2351.458368400155
22814,2351.458368400155
22815,2351.458368400155
22816,2351.458368400155
22817,2351.458368400155
22818,2351.458368400155
22819,2351.458368400155
22820,2351.458368400155
22821,2351.458368400155
22822,2351.458368400155
22823,2351.458368400155
22824,2351.458368400155
22825,2351.458368400155
22826,2351.458368400155
22827,2351.458368400155
22828,2351.458368400155
22829,2351.458368400155
22830,2351.458368400155
22831,2351.458368400155
22832,2351.458368400155
22833,2351.458368400155
22834,2351.458368400155
22835,2351.458368400155
22836,2351.458368400155
22837,2351.458368400155
22838,2351.458368400155
22839,2351.458368400155
22840,2351.458368400155
22841,2351.458368400155
22842,2351.458368400155
22843,2351.458368400155
22844,2351.458368400155
22845,2351.458368400155
22846,2351.458368400155
22847,2351.458368400155
22848,2351.458368400155
22849,2351.458368400155
22850,2351.458368400155
22851,2351.458368400155
22852,2351.458368400155
22853,2351.458368400155
22854,2351.458368400155
22855,2351.458368400155
22856,2351.458368400155
22857,2351.458368400155
22858,2351.458368400155
22859,2351.458368400155
22860,2351.458368400155
22861,2351.458368400155
22862,2351.458368400155
22863,2351.458368400155
22864,2351.458368400155
22865,2351.458368400155
22866,2351.458368400155
22867,2351.458368400155
22868,2351.458368400155
22869,2351.458368400155
22870,2351.458368400155
22871,2351.458368400155
22872,2351.458368400155
22873,2351.458368400155
22874,2351.458368400155
22875,2351.458368400155
22876,2351.458368400155
22877,2351.458368400155
22878,2351.458368400155
22879,2351.458368400155
22880,2351.458368400155
22881,2351.458368400155
22882,2351.458368400155
22883,2351.458368400155
22884,2351.458368400155
22885,2351.458368400155
22886,2351.458368400155
22887,2351.458368400155
22888,2351.458368400155
22889,2351.458368400155
22890,2351.458368400155
22891,2351.458368400155
22892,2351.458368400155
22893,2351.458368400155
22894,2351.458368400155
22895,2351.458368400155
22896,2351.458368400155
22897,2351.458368400155
22898,2351.458368400155
22899,2351.458368400155
22900,2351.458368400155
22901,2351.458368400155
22902,2351.458368400155
22903,2351.458368400155
22904,2351.458368400155
22905,2351.458368400155
22906,2351.458368400155
22907,2351.458368400155
22908,2351.458368400155
22909,2351.458368400155
22910,2351.458368400155
22911,2351.458368400155
22912,2351.458368400155
22913,2351.458368400155
22914,2351.458368400155
22915,2351.458368400155
22916,2351.458368400155
22917,2351.458368400155
22918,2351.458368400155
22919,2351.458368400155
22920,2351.458368400155
22921,2351.458368400155
22922,2351.458368400155
22923,2351.458368400155
22924,2351.458368400155
22925,2351.458368400155
22926,2351.458368400155
22927,2351.458368400155
22928,2351.458368400155
22929,2351.458368400155
22930,2351.458368400155
22931,2351.458368400155
22932,2351.458368400155
22933,2351.458368400155
22934,2351.458368400155
22935,2351.458368400155
22936,2351.458368400155
22937,2351.458368400155
22938,2351.458368400155
22939,2351.458368400155
22940,2351.458368400155
22941,2351.458368400155
22942,2351.458368400155
22943,2351.458368400155
22944,2351.458368400155
22945,2351.458368400155
22946,2351.458368400155
22947,2351.458368400155
22948,2351.458368400155
22949,2351.458368400155
22950,2351.458368400155
22951,2351.458368400155
22952,2351.458368400155
22953,2351.458368400155
22954,2351.458368400155
22955,2351.458368400155
22956,2351.458368400155
22957,2351.458368400155
22958,2351.458368400155
22959,2351.458368400155
22960,2351.458368400155
22961,2351.458368400155
22962,2351.458368400155
22963,2351.458368400155
22964,2351.458368400155
22965,2351.458368400155
22966,2351.458368400155
22967,2351.458368400155
22968,2351.458368400155
22969,2351.458368400155
22970,2351.458368400155
22971,2351.458368400155
22972,2351.458368400155
22973,2351.458368400155
22974,2351.458368400155
22975,2351.458368400155
22976,2351.458368400155
22977,2351.458368400155
22978,2351.458368400155
22979,2351.458368400155
22980,2351.458368400155
22981,2351.458368400155
22982,2351.458368400155
22983,2351.458368400155
22984,2351.458368400155
22985,2351.458368400155
22986,2351.458368400155
22987,2351.458368400155
22988,2351.458368400155
22989,2351.458368400155
22990,2351.458368400155
22991,2351.458368400155
22992,2351.458368400155
22993,2351.458368400155
22994,2351.458368400155
22995,2351.458368400155
22996,2351.458368400155
22997,2351.458368400155
22998,2351.458368400155
22999,2351.458368400155
23000,2351.458368400155
23001,2351.458368400155
23002,2351.458368400155
23003,2351.458368400155
23004,2351.458368400155
23005,2351.458368400155
23006,2351.458368400155
23007,2351.458368400155
23008,2351.458368400155
23009,2351.458368400155
23010,2351.458368400155
23011,2351.458368400155
23012,2351.458368400155
23013,2351.458368400155
23014,2351.458368400155
23015,2351.458368400155
23016,2351.458368400155
23017,2351.458368400155
23018,2351.458368400155
23019,2351.458368400155
23020,2351.458368400155
23021,2351.458368400155
23022,2351.458368400155
23023,2351.458368400155
23024,2351.458368400155
23025,2351.458368400155
23026,2351.458368400155
23027,2351.458368400155
23028,2351.458368400155
23029,2351.458368400155
23030,2351.458368400155
23031,2351.458368400155
23032,2351.458368400155
23033,2351.458368400155
23034,2351.458368400155
23035,2351.458368400155
23036,2351.458368400155
23037,2351.458368400155
23038,2351.458368400155
23039,2351.458368400155
23040,2351.458368400155
23041,2351.458368400155
23042,2351.458368400155
23043,2351.458368400155
23044,2351.458368400155
23045,2351.458368400155
23046,2351.458368400155
23047,2351.458368400155
23048,2351.458368400155
23049,2351.458368400155
23050,2351.458368400155
23051,2351.458368400155
23052,2351.458368400155
23053,2351.458368400155
23054,2351.458368400155
23055,2351.458368400155
23056,2351.458368400155
23057,2351.458368400155
23058,2351.458368400155
23059,2351.458368400155
23060,2351.458368400155
23061,2351.458368400155
23062,2351.458368400155
23063,2351.458368400155
23064,2351.458368400155
23065,2351.458368400155
23066,2351.458368400155
23067,2351.458368400155
23068,2351.458368400155
23069,2351.458368400155
23070,2351.458368400155
23071,2351.458368400155
23072,2351.458368400155
23073,2351.458368400155
23074,2351.458368400155
23075,2351.458368400155
23076,2351.458368400155
23077,2351.458368400155
23078,2351.458368400155
23079,2351.458368400155
23080,2351.458368400155
23081,2351.458368400155
23082,2351.458368400155
23083,2351.458368400155
23084,2351.458368400155
23085,2351.458368400155
23086,2351.458368400155
23087,2351.458368400155
23088,2351.458368400155
23089,2351.458368400155
23090,2351.458368400155
23091,2351.458368400155
23092,2351.458368400155
23093,2351.458368400155
23094,2351.458368400155
23095,2351.458368400155
23096,2351.458368400155
23097,2351.458368400155
23098,2351.458368400155
23099,2351.458368400155
23100,2351.458368400155
23101,2351.458368400155
23102,2351.458368400155
23103,2351.458368400155
23104,2351.458368400155
23105,2351.458368400155
23106,2351.458368400155
23107,2351.458368400155
23108,2351.458368400155
23109,2351.458368400155
23110,2351.458368400155
23111,2351.458368400155
23112,2351.458368400155
23113,2351.458368400155
23114,2351.458368400155
23115,2351.458368400155
23116,2351.458368400155
23117,2351.458368400155
23118,2351.458368400155
23119,2351.458368400155
23120,2351.458368400155
23121,2351.458368400155
23122,2351.458368400155
23123,2351.458368400155
23124,2351.458368400155
23125,2351.458368400155
23126,2351.458368400155
23127,2351.458368400155
23128,2351.458368400155
23129,2351.458368400155
23130,2351.458368400155
23131,2351.458368400155
23132,2351.458368400155
23133,2351.458368400155
23134,2351.458368400155
23135,2351.458368400155
23136,2351.458368400155
23137,2351.458368400155
23138,2351.458368400155
23139,2351.458368400155
23140,2351.458368400155
23141,2351.458368400155
23142,2351.458368400155
23143,2351.458368400155
23144,2351.458368400155
23145,2351.458368400155
23146,2351.458368400155
23147,2351.458368400155
23148,2351.458368400155
23149,2351.458368400155
23150,2351.458368400155
23151,2351.458368400155
23152,2351.458368400155
23153,2351.458368400155
23154,2351.458368400155
23155,2351.458368400155
23156,2351.458368400155
23157,2351.458368400155
23158,2351.458368400155
23159,2351.458368400155
23160,2351.458368400155
23161,2351.458368400155
23162,2351.458368400155
23163,2351.458368400155
23164,2351.458368400155
23165,2351.458368400155
23166,2351.458368400155
23167,2351.458368400155
23168,2351.458368400155
23169,2351.458368400155
23170,2351.458368400155
23171,2351.458368400155
23172,2351.458368400155
23173,2351.458368400155
23174,2351.458368400155
23175,2351.458368400155
23176,2351.458368400155
23177,2351.458368400155
23178,2351.458368400155
23179,2351.458368400155
23180,2351.458368400155
23181,2351.458368400155
23182,2351.458368400155
23183,2351.458368400155
23184,2351.458368400155
23185,2351.458368400155
23186,2351.458368400155
23187,2351.458368400155
23188,2351.458368400155
23189,2351.458368400155
23190,2351.458368400155
23191,2351.458368400155
23192,2351.458368400155
23193,2351.458368400155
23194,2351.458368400155
23195,2351.458368400155
23196,2351.458368400155
23197,2351.458368400155
23198,2351.458368400155
23199,2351.458368400155
23200,2351.458368400155
23201,2351.458368400155
23202,2351.458368400155
23203,2351.458368400155
23204,2351.458368400155
23205,2351.458368400155
23206,2351.458368400155
23207,2351.458368400155
23208,2351.458368400155
23209,2351.458368400155
23210,2351.458368400155
23211,2351.458368400155
23212,2351.458368400155
23213,2351.458368400155
23214,2351.458368400155
23215,2351.458368400155
23216,2351.458368400155
23217,2351.458368400155
23218,2351.458368400155
23219,2351.458368400155
23220,2351.458368400155
23221,2351.458368400155
23222,2351.458368400155
23223,2351.458368400155
23224,2351.458368400155
23225,2351.458368400155
23226,2351.458368400155
23227,2351.458368400155
23228,2351.458368400155
23229,2351.458368400155
23230,2351.458368400155
23231,2351.458368400155
23232,2351.458368400155
23233,2351.458368400155
23234,2351.458368400155
23235,2351.458368400155
23236,2351.458368400155
23237,2351.458368400155
23238,2351.458368400155
23239,2351.458368400155
23240,2351.458368400155
23241,2351.458368400155
23242,2351.458368400155
23243,2351.458368400155
23244,2351.458368400155
23245,2351.458368400155
23246,2351.458368400155
23247,2351.458368400155
23248,2351.458368400155
23249,2351.458368400155
23250,2351.458368400155
23251,2351.458368400155
23252,2351.458368400155
23253,2351.458368400155
23254,2351.458368400155
23255,2351.458368400155
23256,2351.458368400155
23257,2351.458368400155
23258,2351.458368400155
23259,2351.458368400155
23260,2351.458368400155
23261,2351.458368400155
23262,2351.458368400155
23263,2351.458368400155
23264,2351.458368400155
23265,2351.458368400155
23266,2351.458368400155
23267,2351.458368400155
23268,2351.458368400155
23269,2351.458368400155
23270,2351.458368400155
23271,2351.458368400155
23272,2351.458368400155
23273,2351.458368400155
23274,2351.458368400155
23275,2351.458368400155
23276,2351.458368400155
23277,2351.458368400155
23278,2351.458368400155
23279,2351.458368400155
23280,2351.458368400155
23281,2351.458368400155
23282,2351.458368400155
23283,2351.458368400155
23284,2351.458368400155
23285,2351.458368400155
23286,2351.458368400155
23287,2351.458368400155
23288,2351.458368400155
23289,2351.458368400155
23290,2351.458368400155
23291,2351.458368400155
23292,2351.458368400155
23293,2351.458368400155
23294,2351.458368400155
23295,2351.458368400155
23296,2351.458368400155
23297,2351.458368400155
23298,2351.458368400155
23299,2351.458368400155
23300,2351.458368400155
23301,2351.458368400155
23302,2351.458368400155
23303,2351.458368400155
23304,2351.458368400155
23305,2351.458368400155
23306,2351.458368400155
23307,2351.458368400155
23308,2351.458368400155
23309,2351.458368400155
23310,2351.458368400155
23311,2351.458368400155
23312,2351.458368400155
23313,2351.458368400155
23314,2351.458368400155
23315,2351.458368400155
23316,2351.458368400155
23317,2351.458368400155
23318,2351.458368400155
23319,2351.458368400155
23320,2351.458368400155
23321,2351.458368400155
23322,2351.458368400155
23323,2351.458368400155
23324,2351.458368400155
23325,2351.458368400155
23326,2351.458368400155
23327,2351.458368400155
23328,2351.458368400155
23329,2351.458368400155
23330,2351.458368400155
23331,2351.458368400155
23332,2351.458368400155
23333,2351.458368400155
23334,2351.458368400155
23335,2351.458368400155
23336,2351.458368400155
23337,2351.458368400155
23338,2351.458368400155
23339,2351.458368400155
23340,2351.458368400155
23341,2351.458368400155
23342,2351.458368400155
23343,2351.458368400155
23344,2351.458368400155
23345,2351.458368400155
23346,2351.458368400155
23347,2351.458368400155
23348,2351.458368400155
23349,2351.458368400155
23350,2351.458368400155
23351,2351.458368400155
23352,2351.458368400155
23353,2351.458368400155
23354,2351.458368400155
23355,2351.458368400155
23356,2351.458368400155
23357,2351.458368400155
23358,2351.458368400155
23359,2351.458368400155
23360,2351.458368400155
23361,2351.458368400155
23362,2351.458368400155
23363,2351.458368400155
23364,2351.458368400155
23365,2351.458368400155
23366,2351.458368400155
23367,2351.458368400155
23368,2351.458368400155
23369,2351.458368400155
23370,2351.458368400155
23371,2351.458368400155
23372,2351.458368400155
23373,2351.458368400155
23374,2351.458368400155
23375,2351.458368400155
23376,2351.458368400155
23377,2351.458368400155
23378,2351.458368400155
23379,2351.458368400155
23380,2351.458368400155
23381,2351.458368400155
23382,2351.458368400155
23383,2351.458368400155
23384,2351.458368400155
23385,2351.458368400155
23386,2351.458368400155
23387,2351.458368400155
23388,2351.458368400155
23389,2351.458368400155
23390,2351.458368400155
23391,2351.458368400155
23392,2351.458368400155
23393,2351.458368400155
23394,2351.458368400155
23395,2351.458368400155
23396,2351.458368400155
23397,2351.458368400155
23398,2351.458368400155
23399,2351.458368400155
23400,2351.458368400155
23401,2351.458368400155
23402,2351.458368400155
23403,2351.458368400155
23404,2351.458368400155
23405,2351.458368400155
23406,2351.458368400155
23407,2351.458368400155
23408,2351.458368400155
23409,2351.458368400155
23410,2351.458368400155
23411,2351.458368400155
23412,2351.458368400155
23413,2351.458368400155
23414,2351.458368400155
23415,2351.458368400155
23416,2351.458368400155
23417,2351.458368400155
23418,2351.458368400155
23419,2351.458368400155
23420,2351.458368400155
23421,2351.458368400155
23422,2351.458368400155
23423,2351.458368400155
23424,2351.458368400155
23425,2351.458368400155
23426,2351.458368400155
23427,2351.458368400155
23428,2351.458368400155
23429,2351.458368400155
23430,2351.458368400155
23431,2351.458368400155
23432,2351.458368400155
23433,2351.458368400155
23434,2351.458368400155
23435,2351.458368400155
23436,2351.458368400155
23437,2351.458368400155
23438,2351.458368400155
23439,2351.458368400155
23440,2351.458368400155
23441,2351.458368400155
23442,2351.458368400155
23443,2351.458368400155
23444,2351.458368400155
23445,2351.458368400155
23446,2351.458368400155
23447,2351.458368400155
23448,2351.458368400155
23449,2351.458368400155
23450,2351.458368400155
23451,2351.458368400155
23452,2351.458368400155
23453,2351.458368400155
23454,2351.458368400155
23455,2351.458368400155
23456,2351.458368400155
23457,2351.458368400155
23458,2351.458368400155
23459,2351.458368400155
23460,2351.458368400155
23461,2351.458368400155
23462,2351.458368400155
23463,2351.458368400155
23464,2351.458368400155
23465,2351.458368400155
23466,2351.458368400155
23467,2351.458368400155
23468,2351.458368400155
23469,2351.458368400155
23470,2351.458368400155
23471,2351.458368400155
23472,2351.458368400155
23473,2351.458368400155
23474,2351.458368400155
23475,2351.458368400155
23476,2351.458368400155
23477,2351.458368400155
23478,2351.458368400155
23479,2351.458368400155
23480,2351.458368400155
23481,2351.458368400155
23482,2351.458368400155
23483,2351.458368400155
23484,2351.458368400155
23485,2351.458368400155
23486,2351.458368400155
23487,2351.458368400155
23488,2351.458368400155
23489,2351.458368400155
23490,2351.458368400155
23491,2351.458368400155
23492,2351.458368400155
23493,2351.458368400155
23494,2351.458368400155
23495,2351.458368400155
23496,2351.458368400155
23497,2351.458368400155
23498,2351.458368400155
23499,2351.458368400155
23500,2351.458368400155
23501,2351.458368400155
23502,2351.458368400155
23503,2351.458368400155
23504,2351.458368400155
23505,2351.458368400155
23506,2351.458368400155
23507,2351.458368400155
23508,2351.458368400155
23509,2351.458368400155
23510,2351.458368400155
23511,2351.458368400155
23512,2351.458368400155
23513,2351.458368400155
23514,2351.458368400155
23515,2351.458368400155
23516,2351.458368400155
23517,2351.458368400155
23518,2351.458368400155
23519,2351.458368400155
23520,2351.458368400155
23521,2351.458368400155
23522,2351.458368400155
23523,2351.458368400155
23524,2351.458368400155
23525,2351.458368400155
23526,2351.458368400155
23527,2351.458368400155
23528,2351.458368400155
23529,2351.458368400155
23530,2351.458368400155
23531,2351.458368400155
23532,2351.458368400155
23533,2351.458368400155
23534,2351.458368400155
23535,2351.458368400155
23536,2351.458368400155
23537,2351.458368400155
23538,2351.458368400155
23539,2351.458368400155
23540,2351.458368400155
23541,2351.458368400155
23542,2351.458368400155
23543,2351.458368400155
23544,2351.458368400155
23545,2351.458368400155
23546,2351.458368400155
23547,2351.458368400155
23548,2351.458368400155
23549,2351.458368400155
23550,2351.458368400155
23551,2351.458368400155
23552,2351.458368400155
23553,2351.458368400155
23554,2351.458368400155
23555,2351.458368400155
23556,2351.458368400155
23557,2351.458368400155
23558,2351.458368400155
23559,2351.458368400155
23560,2351.458368400155
23561,2351.458368400155
23562,2351.458368400155
23563,2351.458368400155
23564,2351.458368400155
23565,2351.458368400155
23566,2351.458368400155
23567,2351.458368400155
23568,2351.458368400155
23569,2351.458368400155
23570,2351.458368400155
23571,2351.458368400155
23572,2351.458368400155
23573,2351.458368400155
23574,2351.458368400155
23575,2351.458368400155
23576,2351.458368400155
23577,2351.458368400155
23578,2351.458368400155
23579,2351.458368400155
23580,2351.458368400155
23581,2351.458368400155
23582,2351.458368400155
23583,2351.458368400155
23584,2351.458368400155
23585,2351.458368400155
23586,2351.458368400155
23587,2351.458368400155
23588,2351.458368400155
23589,2351.458368400155
23590,2351.458368400155
23591,2351.458368400155
23592,2351.458368400155
23593,2351.458368400155
23594,2351.458368400155
23595,2351.458368400155
23596,2351.458368400155
23597,2351.458368400155
23598,2351.458368400155
23599,2351.458368400155
23600,2351.458368400155
23601,2351.458368400155
23602,2351.458368400155
23603,2351.458368400155
23604,2351.458368400155
23605,2351.458368400155
23606,2351.458368400155
23607,2351.458368400155
23608,2351.458368400155
23609,2351.458368400155
23610,2351.458368400155
23611,2351.458368400155
23612,2351.458368400155
23613,2351.458368400155
23614,2351.458368400155
23615,2351.458368400155
23616,2351.458368400155
23617,2351.458368400155
23618,2351.458368400155
23619,2351.458368400155
23620,2351.458368400155
23621,2351.458368400155
23622,2351.458368400155
23623,2351.458368400155
23624,2351.458368400155
23625,2351.458368400155
23626,2351.458368400155
23627,2351.458368400155
23628,2351.458368400155
23629,2351.458368400155
23630,2351.458368400155
23631,2351.458368400155
23632,2351.458368400155
23633,2351.458368400155
23634,2351.458368400155
23635,2351.458368400155
23636,2351.458368400155
23637,2351.458368400155
23638,2351.458368400155
23639,2351.458368400155
23640,2351.458368400155
23641,2351.458368400155
23642,2351.458368400155
23643,2351.458368400155
23644,2351.458368400155
23645,2351.458368400155
23646,2351.458368400155
23647,2351.458368400155
23648,2351.458368400155
23649,2351.458368400155
23650,2351.458368400155
23651,2351.458368400155
23652,2351.458368400155
23653,2351.458368400155
23654,2351.458368400155
23655,2351.458368400155
23656,2351.458368400155
23657,2351.458368400155
23658,2351.458368400155
23659,2351.458368400155
23660,2351.458368400155
23661,2351.458368400155
23662,2351.458368400155
23663,2351.458368400155
23664,2351.458368400155
23665,2351.458368400155
23666,2351.458368400155
23667,2351.458368400155
23668,2351.458368400155
23669,2351.458368400155
23670,2351.458368400155
23671,2351.458368400155
23672,2351.458368400155
23673,2351.458368400155
23674,2351.458368400155
23675,2351.458368400155
23676,2351.458368400155
23677,2351.458368400155
23678,2351.458368400155
23679,2351.458368400155
23680,2351.458368400155
23681,2351.458368400155
23682,2351.458368400155
23683,2351.458368400155
23684,2351.458368400155
23685,2351.458368400155
23686,2351.458368400155
23687,2351.458368400155
23688,2351.458368400155
23689,2351.458368400155
23690,2351.458368400155
23691,2351.458368400155
23692,2351.458368400155
23693,2351.458368400155
23694,2351.458368400155
23695,2351.458368400155
23696,2351.458368400155
23697,2351.458368400155
23698,2351.458368400155
23699,2351.458368400155
23700,2351.458368400155
23701,2351.458368400155
23702,2351.458368400155
23703,2351.458368400155
23704,2351.458368400155
23705,2351.458368400155
23706,2351.458368400155
23707,2351.458368400155
23708,2351.458368400155
23709,2351.458368400155
23710,2351.458368400155
23711,2351.458368400155
23712,2351.458368400155
23713,2351.458368400155
23714,2351.458368400155
23715,2351.458368400155
23716,2351.458368400155
23717,2351.458368400155
23718,2351.458368400155
23719,2351.458368400155
23720,2351.458368400155
23721,2351.458368400155
23722,2351.458368400155
23723,2351.458368400155
23724,2351.458368400155
23725,2351.458368400155
23726,2351.458368400155
23727,2351.458368400155
23728,2351.458368400155
23729,2351.458368400155
23730,2351.458368400155
23731,2351.458368400155
23732,2351.458368400155
23733,2351.458368400155
23734,2351.458368400155
23735,2351.458368400155
23736,2351.458368400155
23737,2351.458368400155
23738,2351.458368400155
23739,2351.458368400155
23740,2351.458368400155
23741,2351.458368400155
23742,2351.458368400155
23743,2351.458368400155
23744,2351.458368400155
23745,2351.458368400155
23746,2351.458368400155
23747,2351.458368400155
23748,2351.458368400155
23749,2351.458368400155
23750,2351.458368400155
23751,2351.458368400155
23752,2351.458368400155
23753,2351.458368400155
23754,2351.458368400155
23755,2351.458368400155
23756,2351.458368400155
23757,2351.458368400155
23758,2351.458368400155
23759,2351.458368400155
23760,2351.458368400155
23761,2351.458368400155
23762,2351.458368400155
23763,2351.458368400155
23764,2351.458368400155
23765,2351.458368400155
23766,2351.458368400155
23767,2351.458368400155
23768,2351.458368400155
23769,2351.458368400155
23770,2351.458368400155
23771,2351.458368400155
23772,2351.458368400155
23773,2351.458368400155
23774,2351.458368400155
23775,2351.458368400155
23776,2351.458368400155
23777,2351.458368400155
23778,2351.458368400155
23779,2351.458368400155
23780,2351.458368400155
23781,2351.458368400155
23782,2351.458368400155
23783,2351.458368400155
23784,2351.458368400155
23785,2351.458368400155
23786,2351.458368400155
23787,2351.458368400155
23788,2351.458368400155
23789,2351.458368400155
23790,2351.458368400155
23791,2351.458368400155
23792,2351.458368400155
23793,2351.458368400155
23794,2351.458368400155
23795,2351.458368400155
23796,2351.458368400155
23797,2351.458368400155
23798,2351.458368400155
23799,2351.458368400155
23800,2351.458368400155
23801,2351.458368400155
23802,2351.458368400155
23803,2351.458368400155
23804,2351.458368400155
23805,2351.458368400155
23806,2351.458368400155
23807,2351.458368400155
23808,2351.458368400155
23809,2351.458368400155
23810,2351.458368400155
23811,2351.458368400155
23812,2351.458368400155
23813,2351.458368400155
23814,2351.458368400155
23815,2351.458368400155
23816,2351.458368400155
23817,2351.458368400155
23818,2351.458368400155
23819,2351.458368400155
23820,2351.458368400155
23821,2351.458368400155
23822,2351.458368400155
23823,2351.458368400155
23824,2351.458368400155
23825,2351.458368400155
23826,2351.458368400155
23827,2351.458368400155
23828,2351.458368400155
23829,2351.458368400155
23830,2351.458368400155
23831,2351.458368400155
23832,2351.458368400155
23833,2351.458368400155
23834,2351.458368400155
23835,2351.458368400155
23836,2351.458368400155
23837,2351.458368400155
23838,2351.458368400155
23839,2351.458368400155
23840,2351.458368400155
23841,2351.458368400155
23842,2351.458368400155
23843,2351.458368400155
23844,2351.458368400155
23845,2351.458368400155
23846,2351.458368400155
23847,2351.458368400155
23848,2351.458368400155
23849,2351.458368400155
23850,2351.458368400155
23851,2351.458368400155
23852,2351.458368400155
23853,2351.458368400155
23854,2351.458368400155
23855,2351.458368400155
23856,2351.458368400155
23857,2351.458368400155
23858,2351.458368400155
23859,2351.458368400155
23860,2351.458368400155
23861,2351.458368400155
23862,2351.458368400155
23863,2351.458368400155
23864,2351.458368400155
23865,2351.458368400155
23866,2351.458368400155
23867,2351.458368400155
23868,2351.458368400155
23869,2351.458368400155
23870,2351.458368400155
23871,2351.458368400155
23872,2351.458368400155
23873,2351.458368400155
23874,2351.458368400155
23875,2351.458368400155
23876,2351.458368400155
23877,2351.458368400155
23878,2351.458368400155
23879,2351.458368400155
23880,2351.458368400155
23881,2351.458368400155
23882,2351.458368400155
23883,2351.458368400155
23884,2351.458368400155
23885,2351.458368400155
23886,2351.458368400155
23887,2351.458368400155
23888,2351.458368400155
23889,2351.458368400155
23890,2351.458368400155
23891,2351.458368400155
23892,2351.458368400155
23893,2351.458368400155
23894,2351.458368400155
23895,2351.458368400155
23896,2351.458368400155
23897,2351.458368400155
23898,2351.458368400155
23899,2351.458368400155
23900,2351.458368400155
23901,2351.458368400155
23902,2351.458368400155
23903,2351.458368400155
23904,2351.458368400155
23905,2351.458368400155
23906,2351.458368400155
23907,2351.458368400155
23908,2351.458368400155
23909,2351.458368400155
23910,2351.458368400155
23911,2351.458368400155
23912,2351.458368400155
23913,2351.458368400155
23914,2351.458368400155
23915,2351.458368400155
23916,2351.458368400155
23917,2351.458368400155
23918,2351.458368400155
23919,2351.458368400155
23920,2351.458368400155
23921,2351.458368400155
23922,2351.458368400155
23923,2351.458368400155
23924,2351.458368400155
23925,2351.458368400155
23926,2351.458368400155
23927,2351.458368400155
23928,2351.458368400155
23929,2351.458368400155
23930,2351.458368400155
23931,2351.458368400155
23932,2351.458368400155
23933,2351.458368400155
23934,2351.458368400155
23935,2351.458368400155
23936,2351.458368400155
23937,2351.458368400155
23938,2351.458368400155
23939,2351.458368400155
23940,2351.458368400155
23941,2351.458368400155
23942,2351.458368400155
23943,2351.458368400155
23944,2351.458368400155
23945,2351.458368400155
23946,2351.458368400155
23947,2351.458368400155
23948,2351.458368400155
23949,2351.458368400155
23950,2351.458368400155
23951,2351.458368400155
23952,2351.458368400155
23953,2351.458368400155
23954,2351.458368400155
23955,2351.458368400155
23956,2351.458368400155
23957,2351.458368400155
23958,2351.458368400155
23959,2351.458368400155
23960,2351.458368400155
23961,2351.458368400155
23962,2351.458368400155
23963,2351.458368400155
23964,2351.458368400155
23965,2351.458368400155
23966,2351.458368400155
23967,2351.458368400155
23968,2351.458368400155
23969,2351.458368400155
23970,2351.458368400155
23971,2351.458368400155
23972,2351.458368400155
23973,2351.458368400155
23974,2351.458368400155
23975,2351.458368400155
23976,2351.458368400155
23977,2351.458368400155
23978,2351.458368400155
23979,2351.458368400155
23980,2351.458368400155
23981,2351.458368400155
23982,2351.458368400155
23983,2351.458368400155
23984,2351.458368400155
23985,2351.458368400155
23986,2351.458368400155
23987,2351.458368400155
23988,2351.458368400155
23989,2351.458368400155
23990,2351.458368400155
23991,2351.458368400155
23992,2351.458368400155
23993,2351.458368400155
23994,2351.458368400155
23995,2351.458368400155
23996,2351.458368400155
23997,2351.458368400155
23998,2351.458368400155
23999,2351.458368400155
24000,2351.458368400155
24001,2351.458368400155
24002,2351.458368400155
24003,2351.458368400155
24004,2351.458368400155
24005,2351.458368400155
24006,2351.458368400155
24007,2351.458368400155
24008,2351.458368400155
24009,2351.458368400155
24010,2351.458368400155
24011,2351.458368400155
24012,2351.458368400155
24013,2351.458368400155
24014,2351.458368400155
24015,2351.458368400155
24016,2351.458368400155
24017,2351.458368400155
24018,2351.458368400155
24019,2351.458368400155
24020,2351.458368400155
24021,2351.458368400155
24022,2351.458368400155
24023,2351.458368400155
24024,2351.458368400155
24025,2351.458368400155
24026,2351.458368400155
24027,2351.458368400155
24028,2351.458368400155
24029,2351.458368400155
24030,2351.458368400155
24031,2351.458368400155
24032,2351.458368400155
24033,2351.458368400155
24034,2351.458368400155
24035,2351.458368400155
24036,2351.458368400155
24037,2351.458368400155
24038,2351.458368400155
24039,2351.458368400155
24040,2351.458368400155
24041,2351.458368400155
24042,2351.458368400155
24043,2351.458368400155
24044,2351.458368400155
24045,2351.458368400155
24046,2351.458368400155
24047,2351.458368400155
24048,2351.458368400155
24049,2351.458368400155
24050,2351.458368400155
24051,2351.458368400155
24052,2351.458368400155
24053,2351.458368400155
24054,2351.458368400155
24055,2351.458368400155
24056,2351.458368400155
24057,2351.458368400155
24058,2351.458368400155
24059,2351.458368400155
24060,2351.458368400155
24061,2351.458368400155
24062,2351.458368400155
24063,2351.458368400155
24064,2351.458368400155
24065,2351.458368400155
24066,2351.458368400155
24067,2351.458368400155
24068,2351.458368400155
24069,2351.458368400155
24070,2351.458368400155
24071,2351.458368400155
24072,2351.458368400155
24073,2351.458368400155
24074,2351.458368400155
24075,2351.458368400155
24076,2351.458368400155
24077,2351.458368400155
24078,2351.458368400155
24079,2351.458368400155
24080,2351.458368400155
24081,2351.458368400155
24082,2351.458368400155
24083,2351.458368400155
24084,2351.458368400155
24085,2351.458368400155
24086,2351.458368400155
24087,2351.458368400155
24088,2351.458368400155
24089,2351.458368400155
24090,2351.458368400155
24091,2351.458368400155
24092,2351.458368400155
24093,2351.458368400155
24094,2351.458368400155
24095,2351.458368400155
24096,2351.458368400155
24097,2351.458368400155
24098,2351.458368400155
24099,2351.458368400155
24100,2351.458368400155
24101,2351.458368400155
24102,2351.458368400155
24103,2351.458368400155
24104,2351.458368400155
24105,2351.458368400155
24106,2351.458368400155
24107,2351.458368400155
24108,2351.458368400155
24109,2351.458368400155
24110,2351.458368400155
24111,2351.458368400155
24112,2351.458368400155
24113,2351.458368400155
24114,2351.458368400155
24115,2351.458368400155
24116,2351.458368400155
24117,2351.458368400155
24118,2351.458368400155
24119,2351.458368400155
24120,2351.458368400155
24121,2351.458368400155
24122,2351.458368400155
24123,2351.458368400155
24124,2351.458368400155
24125,2351.458368400155
24126,2351.458368400155
24127,2351.458368400155
24128,2351.458368400155
24129,2351.458368400155
24130,2351.458368400155
24131,2351.458368400155
24132,2351.458368400155
24133,2351.458368400155
24134,2351.458368400155
24135,2351.458368400155
24136,2351.458368400155
24137,2351.458368400155
24138,2351.458368400155
24139,2351.458368400155
24140,2351.458368400155
24141,2351.458368400155
24142,2351.458368400155
24143,2351.458368400155
24144,2351.458368400155
24145,2351.458368400155
24146,2351.458368400155
24147,2351.458368400155
24148,2351.458368400155
24149,2351.458368400155
24150,2351.458368400155
24151,2351.458368400155
24152,2351.458368400155
24153,2351.458368400155
24154,2351.458368400155
24155,2351.458368400155
24156,2351.458368400155
24157,2351.458368400155
24158,2351.458368400155
24159,2351.458368400155
24160,2351.458368400155
24161,2351.458368400155
24162,2351.458368400155
24163,2351.458368400155
24164,2351.458368400155
24165,2351.458368400155
24166,2351.458368400155
24167,2351.458368400155
24168,2351.458368400155
24169,2351.458368400155
24170,2351.458368400155
24171,2351.458368400155
24172,2351.458368400155
24173,2351.458368400155
24174,2351.458368400155
24175,2351.458368400155
24176,2351.458368400155
24177,2351.458368400155
24178,2351.458368400155
24179,2351.458368400155
24180,2351.458368400155
24181,2351.458368400155
24182,2351.458368400155
24183,2351.458368400155
24184,2351.458368400155
24185,2351.458368400155
24186,2351.458368400155
24187,2351.458368400155
24188,2351.458368400155
24189,2351.458368400155
24190,2351.458368400155
24191,2351.458368400155
24192,2351.458368400155
24193,2351.458368400155
24194,2351.458368400155
24195,2351.458368400155
24196,2351.458368400155
24197,2351.458368400155
24198,2351.458368400155
24199,2351.458368400155
24200,2351.458368400155
24201,2351.458368400155
24202,2351.458368400155
24203,2351.458368400155
24204,2351.458368400155
24205,2351.458368400155
24206,2351.458368400155
24207,2351.458368400155
24208,2351.458368400155
24209,2351.458368400155
24210,2351.458368400155
24211,2351.458368400155
24212,2351.458368400155
24213,2351.458368400155
24214,2351.458368400155
24215,2351.458368400155
24216,2351.458368400155
24217,2351.458368400155
24218,2351.458368400155
24219,2351.458368400155
24220,2351.458368400155
24221,2351.458368400155
24222,2351.458368400155
24223,2351.458368400155
24224,2351.458368400155
24225,2351.458368400155
24226,2351.458368400155
24227,2351.458368400155
24228,2351.458368400155
24229,2351.458368400155
24230,2351.458368400155
24231,2351.458368400155
24232,2351.458368400155
24233,2351.458368400155
24234,2351.458368400155
24235,2351.458368400155
24236,2351.458368400155
24237,2351.458368400155
24238,2351.458368400155
24239,2351.458368400155
24240,2351.458368400155
24241,2351.458368400155
24242,2351.458368400155
24243,2351.458368400155
24244,2351.458368400155
24245,2351.458368400155
24246,2351.458368400155
24247,2351.458368400155
24248,2351.458368400155
24249,2351.458368400155
24250,2351.458368400155
24251,2351.458368400155
24252,2351.458368400155
24253,2351.458368400155
24254,2351.458368400155
24255,2351.458368400155
24256,2351.458368400155
24257,2351.458368400155
24258,2351.458368400155
24259,2351.458368400155
24260,2351.458368400155
24261,2351.458368400155
24262,2351.458368400155
24263,2351.458368400155
24264,2351.458368400155
24265,2351.458368400155
24266,2351.458368400155
24267,2351.458368400155
24268,2351.458368400155
24269,2351.458368400155
24270,2351.458368400155
24271,2351.458368400155
24272,2351.458368400155
24273,2351.458368400155
24274,2351.458368400155
24275,2351.458368400155
24276,2351.458368400155
24277,2351.458368400155
24278,2351.458368400155
24279,2351.458368400155
24280,2351.458368400155
24281,2351.458368400155
24282,2351.458368400155
24283,2351.458368400155
24284,2351.458368400155
24285,2351.458368400155
24286,2351.458368400155
24287,2351.458368400155
24288,2351.458368400155
24289,2351.458368400155
24290,2351.458368400155
24291,2351.458368400155
24292,2351.458368400155
24293,2351.458368400155
24294,2351.458368400155
24295,2351.458368400155
24296,2351.458368400155
24297,2351.458368400155
24298,2351.458368400155
24299,2351.458368400155
24300,2351.458368400155
24301,2351.458368400155
24302,2351.458368400155
24303,2351.458368400155
24304,2351.458368400155
24305,2351.458368400155
24306,2351.458368400155
24307,2351.458368400155
24308,2351.458368400155
24309,2351.458368400155
24310,2351.458368400155
24311,2351.458368400155
24312,2351.458368400155
24313,2351.458368400155
24314,2351.458368400155
24315,2351.458368400155
24316,2351.458368400155
24317,2351.458368400155
24318,2351.458368400155
24319,2351.458368400155
24320,2351.458368400155
24321,2351.458368400155
24322,2351.458368400155
24323,2351.458368400155
24324,2351.458368400155
24325,2351.458368400155
24326,2351.458368400155
24327,2351.458368400155
24328,2351.458368400155
24329,2351.458368400155
24330,2351.458368400155
24331,2351.458368400155
24332,2351.458368400155
24333,2351.458368400155
24334,2351.458368400155
24335,2351.458368400155
24336,2351.458368400155
24337,2351.458368400155
24338,2351.458368400155
24339,2351.458368400155
24340,2351.458368400155
24341,2351.458368400155
24342,2351.458368400155
24343,2351.458368400155
24344,2351.458368400155
24345,2351.458368400155
24346,2351.458368400155
24347,2351.458368400155
24348,2351.458368400155
24349,2351.458368400155
24350,2351.458368400155
24351,2351.458368400155
24352,2351.458368400155
24353,2351.458368400155
24354,2351.458368400155
24355,2351.458368400155
24356,2351.458368400155
24357,2351.458368400155
24358,2351.458368400155
24359,2351.458368400155
24360,2351.458368400155
24361,2351.458368400155
24362,2351.458368400155
24363,2351.458368400155
24364,2351.458368400155
24365,2351.458368400155
24366,2351.458368400155
24367,2351.458368400155
24368,2351.458368400155
24369,2351.458368400155
24370,2351.458368400155
24371,2351.458368400155
24372,2351.458368400155
24373,2351.458368400155
24374,2351.458368400155
24375,2351.458368400155
24376,2351.458368400155
24377,2351.458368400155
24378,2351.458368400155
24379,2351.458368400155
24380,2351.458368400155
24381,2351.458368400155
24382,2351.458368400155
24383,2351.458368400155
24384,2351.458368400155
24385,2351.458368400155
24386,2351.458368400155
24387,2351.458368400155
24388,2351.458368400155
24389,2351.458368400155
24390,2351.458368400155
24391,2351.458368400155
24392,2351.458368400155
24393,2351.458368400155
24394,2351.458368400155
24395,2351.458368400155
24396,2351.458368400155
24397,2351.458368400155
24398,2351.458368400155
24399,2351.458368400155
24400,2351.458368400155
24401,2351.458368400155
24402,2351.458368400155
24403,2351.458368400155
24404,2351.458368400155
24405,2351.458368400155
24406,2351.458368400155
24407,2351.458368400155
24408,2351.458368400155
24409,2351.458368400155
24410,2351.458368400155
24411,2351.458368400155
24412,2351.458368400155
24413,2351.458368400155
24414,2351.458368400155
24415,2351.458368400155
24416,2351.458368400155
24417,2351.458368400155
24418,2351.458368400155
24419,2351.458368400155
24420,2351.458368400155
24421,2351.458368400155
24422,2351.458368400155
24423,2351.458368400155
24424,2351.458368400155
24425,2351.458368400155
24426,2351.458368400155
24427,2351.458368400155
24428,2351.458368400155
24429,2351.458368400155
24430,2351.458368400155
24431,2351.458368400155
24432,2351.458368400155
24433,2351.458368400155
24434,2351.458368400155
24435,2351.458368400155
24436,2351.458368400155
24437,2351.458368400155
24438,2351.458368400155
24439,2351.458368400155
24440,2351.458368400155
24441,2351.458368400155
24442,2351.458368400155
24443,2351.458368400155
24444,2351.458368400155
24445,2351.458368400155
24446,2351.458368400155
24447,2351.458368400155
24448,2351.458368400155
24449,2351.458368400155
24450,2351.458368400155
24451,2351.458368400155
24452,2351.458368400155
24453,2351.458368400155
24454,2351.458368400155
24455,2351.458368400155
24456,2351.458368400155
24457,2351.458368400155
24458,2351.458368400155
24459,2351.458368400155
24460,2351.458368400155
24461,2351.458368400155
24462,2351.458368400155
24463,2351.458368400155
24464,2351.458368400155
24465,2351.458368400155
24466,2351.458368400155
24467,2351.458368400155
24468,2351.458368400155
24469,2351.458368400155
24470,2351.458368400155
24471,2351.458368400155
24472,2351.458368400155
24473,2351.458368400155
24474,2351.458368400155
24475,2351.458368400155
24476,2351.458368400155
24477,2351.458368400155
24478,2351.458368400155
24479,2351.458368400155
24480,2351.458368400155
24481,2351.458368400155
24482,2351.458368400155
24483,2351.458368400155
24484,2351.458368400155
24485,2351.458368400155
24486,2351.458368400155
24487,2351.458368400155
24488,2351.458368400155
24489,2351.458368400155
24490,2351.458368400155
24491,2351.458368400155
24492,2351.458368400155
24493,2351.458368400155
24494,2351.458368400155
24495,2351.458368400155
24496,2351.458368400155
24497,2351.458368400155
24498,2351.458368400155
24499,2351.458368400155
24500,2351.458368400155
24501,2351.458368400155
24502,2351.458368400155
24503,2351.458368400155
24504,2351.458368400155
24505,2351.458368400155
24506,2351.458368400155
24507,2351.458368400155
24508,2351.458368400155
24509,2351.458368400155
24510,2351.458368400155
24511,2351.458368400155
24512,2351.458368400155
24513,2351.458368400155
24514,2351.458368400155
24515,2351.458368400155
24516,2351.458368400155
24517,2351.458368400155
24518,2351.458368400155
24519,2351.458368400155
24520,2351.458368400155
24521,2351.458368400155
24522,2351.458368400155
24523,2351.458368400155
24524,2351.458368400155
24525,2351.458368400155
24526,2351.458368400155
24527,2351.458368400155
24528,2351.458368400155
24529,2351.458368400155
24530,2351.458368400155
24531,2351.458368400155
24532,2351.458368400155
24533,2351.458368400155
24534,2351.458368400155
24535,2351.458368400155
24536,2351.458368400155
24537,2351.458368400155
24538,2351.458368400155
24539,2351.458368400155
24540,2351.458368400155
24541,2351.458368400155
24542,2351.458368400155
24543,2351.458368400155
24544,2351.458368400155
24545,2351.458368400155
24546,2351.458368400155
24547,2351.458368400155
24548,2351.458368400155
24549,2351.458368400155
24550,2351.458368400155
24551,2351.458368400155
24552,2351.458368400155
24553,2351.458368400155
24554,2351.458368400155
24555,2351.458368400155
24556,2351.458368400155
24557,2351.458368400155
24558,2351.458368400155
24559,2351.458368400155
24560,2351.458368400155
24561,2351.458368400155
24562,2351.458368400155
24563,2351.458368400155
24564,2351.458368400155
24565,2351.458368400155
24566,2351.458368400155
24567,2351.458368400155
24568,2351.458368400155
24569,2351.458368400155
24570,2351.458368400155
24571,2351.458368400155
24572,2351.458368400155
24573,2351.458368400155
24574,2351.458368400155
24575,2351.458368400155
24576,2351.458368400155
24577,2351.458368400155
24578,2351.458368400155
24579,2351.458368400155
24580,2351.458368400155
24581,2351.458368400155
24582,2351.458368400155
24583,2351.458368400155
24584,2351.458368400155
24585,2351.458368400155
24586,2351.458368400155
24587,2351.458368400155
24588,2351.458368400155
24589,2351.458368400155
24590,2351.458368400155
24591,2351.458368400155
24592,2351.458368400155
24593,2351.458368400155
24594,2351.458368400155
24595,2351.458368400155
24596,2351.458368400155
24597,2351.458368400155
24598,2351.458368400155
24599,2351.458368400155
24600,2351.458368400155
24601,2351.458368400155
24602,2351.458368400155
24603,2351.458368400155
24604,2351.458368400155
24605,2351.458368400155
24606,2351.458368400155
24607,2351.458368400155
24608,2351.458368400155
24609,2351.458368400155
24610,2351.458368400155
24611,2351.458368400155
24612,2351.458368400155
24613,2351.458368400155
24614,2351.458368400155
24615,2351.458368400155
24616,2351.458368400155
24617,2351.458368400155
24618,2351.458368400155
24619,2351.458368400155
24620,2351.458368400155
24621,2351.458368400155
24622,2351.458368400155
24623,2351.458368400155
24624,2351.458368400155
24625,2351.458368400155
24626,2351.458368400155
24627,2351.458368400155
24628,2351.458368400155
24629,2351.458368400155
24630,2351.458368400155
24631,2351.458368400155
24632,2351.458368400155
24633,2351.458368400155
24634,2351.458368400155
24635,2351.458368400155
24636,2351.458368400155
24637,2351.458368400155
24638,2351.458368400155
24639,2351.458368400155
24640,2351.458368400155
24641,2351.458368400155
24642,2351.458368400155
24643,2351.458368400155
24644,2351.458368400155
24645,2351.458368400155
24646,2351.458368400155
24647,2351.458368400155
24648,2351.458368400155
24649,2351.458368400155
24650,2351.458368400155
24651,2351.458368400155
24652,2351.458368400155
24653,2351.458368400155
24654,2351.458368400155
24655,2351.458368400155
24656,2351.458368400155
24657,2351.458368400155
24658,2351.458368400155
24659,2351.458368400155
24660,2351.458368400155
24661,2351.458368400155
24662,2351.458368400155
24663,2351.458368400155
24664,2351.458368400155
24665,2351.458368400155
24666,2351.458368400155
24667,2351.458368400155
24668,2351.458368400155
24669,2351.458368400155
24670,2351.458368400155
24671,2351.458368400155
24672,2351.458368400155
24673,2351.458368400155
24674,2351.458368400155
24675,2351.458368400155
24676,2351.458368400155
24677,2351.458368400155
24678,2351.458368400155
24679,2351.458368400155
24680,2351.458368400155
24681,2351.458368400155
24682,2351.458368400155
24683,2351.458368400155
24684,2351.458368400155
24685,2351.458368400155
24686,2351.458368400155
24687,2351.458368400155
24688,2351.458368400155
24689,2351.458368400155
24690,2351.458368400155
24691,2351.458368400155
24692,2351.458368400155
24693,2351.458368400155
24694,2351.458368400155
24695,2351.458368400155
24696,2351.458368400155
24697,2351.458368400155
24698,2351.458368400155
24699,2351.458368400155
24700,2351.458368400155
24701,2351.458368400155
24702,2351.458368400155
24703,2351.458368400155
24704,2351.458368400155
24705,2351.458368400155
24706,2351.458368400155
24707,2351.458368400155
24708,2351.458368400155
24709,2351.458368400155
24710,2351.458368400155
24711,2351.458368400155
24712,2351.458368400155
24713,2351.458368400155
24714,2351.458368400155
24715,2351.458368400155
24716,2351.458368400155
24717,2351.458368400155
24718,2351.458368400155
24719,2351.458368400155
24720,2351.458368400155
24721,2351.458368400155
24722,2351.458368400155
24723,2351.458368400155
24724,2351.458368400155
24725,2351.458368400155
24726,2351.458368400155
24727,2351.458368400155
24728,2351.458368400155
24729,2351.458368400155
24730,2351.458368400155
24731,2351.458368400155
24732,2351.458368400155
24733,2351.458368400155
24734,2351.458368400155
24735,2351.458368400155
24736,2351.458368400155
24737,2351.458368400155
24738,2351.458368400155
24739,2351.458368400155
24740,2351.458368400155
24741,2351.458368400155
24742,2351.458368400155
24743,2351.458368400155
24744,2351.458368400155
24745,2351.458368400155
24746,2351.458368400155
24747,2351.458368400155
24748,2351.458368400155
24749,2351.458368400155
24750,2351.458368400155
24751,2351.458368400155
24752,2351.458368400155
24753,2351.458368400155
24754,2351.458368400155
24755,2351.458368400155
24756,2351.458368400155
24757,2351.458368400155
24758,2351.458368400155
24759,2351.458368400155
24760,2351.458368400155
24761,2351.458368400155
24762,2351.458368400155
24763,2351.458368400155
24764,2351.458368400155
24765,2351.458368400155
24766,2351.458368400155
24767,2351.458368400155
24768,2351.458368400155
24769,2351.458368400155
24770,2351.458368400155
24771,2351.458368400155
24772,2351.458368400155
24773,2351.458368400155
24774,2351.458368400155
24775,2351.458368400155
24776,2351.458368400155
24777,2351.458368400155
24778,2351.458368400155
24779,2351.458368400155
24780,2351.458368400155
24781,2351.458368400155
24782,2351.458368400155
24783,2351.458368400155
24784,2351.458368400155
24785,2351.458368400155
24786,2351.458368400155
24787,2351.458368400155
24788,2351.458368400155
24789,2351.458368400155
24790,2351.458368400155
24791,2351.458368400155
24792,2351.458368400155
24793,2351.458368400155
24794,2351.458368400155
24795,2351.458368400155
24796,2351.458368400155
24797,2351.458368400155
24798,2351.458368400155
24799,2351.458368400155
24800,2351.458368400155
24801,2351.458368400155
24802,2351.458368400155
24803,2351.458368400155
24804,2351.458368400155
24805,2351.458368400155
24806,2351.458368400155
24807,2351.458368400155
24808,2351.458368400155
24809,2351.458368400155
24810,2351.458368400155
24811,2351.458368400155
24812,2351.458368400155
24813,2351.458368400155
24814,2351.458368400155
24815,2351.458368400155
24816,2351.458368400155
24817,2351.458368400155
24818,2351.458368400155
24819,2351.458368400155
24820,2351.458368400155
24821,2351.458368400155
24822,2351.458368400155
24823,2351.458368400155
24824,2351.458368400155
24825,2351.458368400155
24826,2351.458368400155
24827,2351.458368400155
24828,2351.458368400155
24829,2351.458368400155
24830,2351.458368400155
24831,2351.458368400155
24832,2351.458368400155
24833,2351.458368400155
24834,2351.458368400155
24835,2351.458368400155
24836,2351.458368400155
24837,2351.458368400155
24838,2351.458368400155
24839,2351.458368400155
24840,2351.458368400155
24841,2351.458368400155
24842,2351.458368400155
24843,2351.458368400155
24844,2351.458368400155
24845,2351.458368400155
24846,2351.458368400155
24847,2351.458368400155
24848,2351.458368400155
24849,2351.458368400155
24850,2351.458368400155
24851,2351.458368400155
24852,2351.458368400155
24853,2351.458368400155
24854,2351.458368400155
24855,2351.458368400155
24856,2351.458368400155
24857,2351.458368400155
24858,2351.458368400155
24859,2351.458368400155
24860,2351.458368400155
24861,2351.458368400155
24862,2351.458368400155
24863,2351.458368400155
24864,2351.458368400155
24865,2351.458368400155
24866,2351.458368400155
24867,2351.458368400155
24868,2351.458368400155
24869,2351.458368400155
24870,2351.458368400155
24871,2351.458368400155
24872,2351.458368400155
24873,2351.458368400155
24874,2351.458368400155
24875,2351.458368400155
24876,2351.458368400155
24877,2351.458368400155
24878,2351.458368400155
24879,2351.458368400155
24880,2351.458368400155
24881,2351.458368400155
24882,2351.458368400155
24883,2351.458368400155
24884,2351.458368400155
24885,2351.458368400155
24886,2351.458368400155
24887,2351.458368400155
24888,2351.458368400155
24889,2351.458368400155
24890,2351.458368400155
24891,2351.458368400155
24892,2351.458368400155
24893,2351.458368400155
24894,2351.458368400155
24895,2351.458368400155
24896,2351.458368400155
24897,2351.458368400155
24898,2351.458368400155
24899,2351.458368400155
24900,2351.458368400155
24901,2351.458368400155
24902,2351.458368400155
24903,2351.458368400155
24904,2351.458368400155
24905,2351.458368400155
24906,2351.458368400155
24907,2351.458368400155
24908,2351.458368400155
24909,2351.458368400155
24910,2351.458368400155
24911,2351.458368400155
24912,2351.458368400155
24913,2351.458368400155
24914,2351.458368400155
24915,2351.458368400155
24916,2351.458368400155
24917,2351.458368400155
24918,2351.458368400155
24919,2351.458368400155
24920,2351.458368400155
24921,2351.458368400155
24922,2351.458368400155
24923,2351.458368400155
24924,2351.458368400155
24925,2351.458368400155
24926,2351.458368400155
24927,2351.458368400155
24928,2351.458368400155
24929,2351.458368400155
24930,2351.458368400155
24931,2351.458368400155
24932,2351.458368400155
24933,2351.458368400155
24934,2351.458368400155
24935,2351.458368400155
24936,2351.458368400155
24937,2351.458368400155
24938,2351.458368400155
24939,2351.458368400155
24940,2351.458368400155
24941,2351.458368400155
24942,2351.458368400155
24943,2351.458368400155
24944,2351.458368400155
24945,2351.458368400155
24946,2351.458368400155
24947,2351.458368400155
24948,2351.458368400155
24949,2351.458368400155
24950,2351.458368400155
24951,2351.458368400155
24952,2351.458368400155
24953,2351.458368400155
24954,2351.458368400155
24955,2351.458368400155
24956,2351.458368400155
24957,2351.458368400155
24958,2351.458368400155
24959,2351.458368400155
24960,2351.458368400155
24961,2351.458368400155
24962,2351.458368400155
24963,2351.458368400155
24964,2351.458368400155
24965,2351.458368400155
24966,2351.458368400155
24967,2351.458368400155
24968,2351.458368400155
24969,2351.458368400155
24970,2351.458368400155
24971,2351.458368400155
24972,2351.458368400155
24973,2351.458368400155
24974,2351.458368400155
24975,2351.458368400155
24976,2351.458368400155
24977,2351.458368400155
24978,2351.458368400155
24979,2351.458368400155
24980,2351.458368400155
24981,2351.458368400155
24982,2351.458368400155
24983,2351.458368400155
24984,2351.458368400155
24985,2351.458368400155
24986,2351.458368400155
24987,2351.458368400155
24988,2351.458368400155
24989,2351.458368400155
24990,2351.458368400155
24991,2351.458368400155
24992,2351.458368400155
24993,2351.458368400155
24994,2351.458368400155
24995,2351.458368400155
24996,2351.458368400155
24997,2351.458368400155
24998,2351.458368400155
24999,2351.458368400155
25000,2351.458368400155
25001,2351.458368400155
25002,2351.458368400155
25003,2351.458368400155
25004,2351.458368400155
25005,2351.458368400155
25006,2351.458368400155
25007,2351.458368400155
25008,2351.458368400155
25009,2351.458368400155
25010,2351.458368400155
25011,2351.458368400155
25012,2351.458368400155
25013,2351.458368400155
25014,2351.458368400155
25015,2351.458368400155
25016,2351.458368400155
25017,2351.458368400155
25018,2351.458368400155
25019,2351.458368400155
25020,2351.458368400155
25021,2351.458368400155
25022,2351.458368400155
25023,2351.458368400155
25024,2351.458368400155
25025,2351.458368400155
25026,2351.458368400155
25027,2351.458368400155
25028,2351.458368400155
25029,2351.458368400155
25030,2351.458368400155
25031,2351.458368400155
25032,2351.458368400155
25033,2351.458368400155
25034,2351.458368400155
25035,2351.458368400155
25036,2351.458368400155
25037,2351.458368400155
25038,2351.458368400155
25039,2351.458368400155
25040,2351.458368400155
25041,2351.458368400155
25042,2351.458368400155
25043,2351.458368400155
25044,2351.458368400155
25045,2351.458368400155
25046,2351.458368400155
25047,2351.458368400155
25048,2351.458368400155
25049,2351.458368400155
25050,2351.458368400155
25051,2351.458368400155
25052,2351.458368400155
25053,2351.458368400155
25054,2351.458368400155
25055,2351.458368400155
25056,2351.458368400155
25057,2351.458368400155
25058,2351.458368400155
25059,2351.458368400155
25060,2351.458368400155
25061,2351.458368400155
25062,2351.458368400155
25063,2351.458368400155
25064,2351.458368400155
25065,2351.458368400155
25066,2351.458368400155
25067,2351.458368400155
25068,2351.458368400155
25069,2351.458368400155
25070,2351.458368400155
25071,2351.458368400155
25072,2351.458368400155
25073,2351.458368400155
25074,2351.458368400155
25075,2351.458368400155
25076,2351.458368400155
25077,2351.458368400155
25078,2351.458368400155
25079,2351.458368400155
25080,2351.458368400155
25081,2351.458368400155
25082,2351.458368400155
25083,2351.458368400155
25084,2351.458368400155
25085,2351.458368400155
25086,2351.458368400155
25087,2351.458368400155
25088,2351.458368400155
25089,2351.458368400155
25090,2351.458368400155
25091,2351.458368400155
25092,2351.458368400155
25093,2351.458368400155
25094,2351.458368400155
25095,2351.458368400155
25096,2351.458368400155
25097,2351.458368400155
25098,2351.458368400155
25099,2351.458368400155
25100,2351.458368400155
25101,2351.458368400155
25102,2351.458368400155
25103,2351.458368400155
25104,2351.458368400155
25105,2351.458368400155
25106,2351.458368400155
25107,2351.458368400155
25108,2351.458368400155
25109,2351.458368400155
25110,2351.458368400155
25111,2351.458368400155
25112,2351.458368400155
25113,2351.458368400155
25114,2351.458368400155
25115,2351.458368400155
25116,2351.458368400155
25117,2351.458368400155
25118,2351.458368400155
25119,2351.458368400155
25120,2351.458368400155
25121,2351.458368400155
25122,2351.458368400155
25123,2351.458368400155
25124,2351.458368400155
25125,2351.458368400155
25126,2351.458368400155
25127,2351.458368400155
25128,2351.458368400155
25129,2351.458368400155
25130,2351.458368400155
25131,2351.458368400155
25132,2351.458368400155
25133,2351.458368400155
25134,2351.458368400155
25135,2351.458368400155
25136,2351.458368400155
25137,2351.458368400155
25138,2351.458368400155
25139,2351.458368400155
25140,2351.458368400155
25141,2351.458368400155
25142,2351.458368400155
25143,2351.458368400155
25144,2351.458368400155
25145,2351.458368400155
25146,2351.458368400155
25147,2351.458368400155
25148,2351.458368400155
25149,2351.458368400155
25150,2351.458368400155
25151,2351.458368400155
25152,2351.458368400155
25153,2351.458368400155
25154,2351.458368400155
25155,2351.458368400155
25156,2351.458368400155
25157,2351.458368400155
25158,2351.458368400155
25159,2351.458368400155
25160,2351.458368400155
25161,2351.458368400155
25162,2351.458368400155
25163,2351.458368400155
25164,2351.458368400155
25165,2351.458368400155
25166,2351.458368400155
25167,2351.458368400155
25168,2351.458368400155
25169,2351.458368400155
25170,2351.458368400155
25171,2351.458368400155
25172,2351.458368400155
25173,2351.458368400155
25174,2351.458368400155
25175,2351.458368400155
25176,2351.458368400155
25177,2351.458368400155
25178,2351.458368400155
25179,2351.458368400155
25180,2351.458368400155
25181,2351.458368400155
25182,2351.458368400155
25183,2351.458368400155
25184,2351.458368400155
25185,2351.458368400155
25186,2351.458368400155
25187,2351.458368400155
25188,2351.458368400155
25189,2351.458368400155
25190,2351.458368400155
25191,2351.458368400155
25192,2351.458368400155
25193,2351.458368400155
25194,2351.458368400155
25195,2351.458368400155
25196,2351.458368400155
25197,2351.458368400155
25198,2351.458368400155
25199,2351.458368400155
25200,2351.458368400155
25201,2351.458368400155
25202,2351.458368400155
25203,2351.458368400155
25204,2351.458368400155
25205,2351.458368400155
25206,2351.458368400155
25207,2351.458368400155
25208,2351.458368400155
25209,2351.458368400155
25210,2351.458368400155
25211,2351.458368400155
25212,2351.458368400155
25213,2351.458368400155
25214,2351.458368400155
25215,2351.458368400155
25216,2351.458368400155
25217,2351.458368400155
25218,2351.458368400155
25219,2351.458368400155
25220,2351.458368400155
25221,2351.458368400155
25222,2351.458368400155
25223,2351.458368400155
25224,2351.458368400155
25225,2351.458368400155
25226,2351.458368400155
25227,2351.458368400155
25228,2351.458368400155
25229,2351.458368400155
25230,2351.458368400155
25231,2351.458368400155
25232,2351.458368400155
25233,2351.458368400155
25234,2351.458368400155
25235,2351.458368400155
25236,2351.458368400155
25237,2351.458368400155
25238,2351.458368400155
25239,2351.458368400155
25240,2351.458368400155
25241,2351.458368400155
25242,2351.458368400155
25243,2351.458368400155
25244,2351.458368400155
25245,2351.458368400155
25246,2351.458368400155
25247,2351.458368400155
25248,2351.458368400155
25249,2351.458368400155
25250,2351.458368400155
25251,2351.458368400155
25252,2351.458368400155
25253,2351.458368400155
25254,2351.458368400155
25255,2351.458368400155
25256,2351.458368400155
25257,2351.458368400155
25258,2351.458368400155
25259,2351.458368400155
25260,2351.458368400155
25261,2351.458368400155
25262,2351.458368400155
25263,2351.458368400155
25264,2351.458368400155
25265,2351.458368400155
25266,2351.458368400155
25267,2351.458368400155
25268,2351.458368400155
25269,2351.458368400155
25270,2351.458368400155
25271,2351.458368400155
25272,2351.458368400155
25273,2351.458368400155
25274,2351.458368400155
25275,2351.458368400155
25276,2351.458368400155
25277,2351.458368400155
25278,2351.458368400155
25279,2351.458368400155
25280,2351.458368400155
25281,2351.458368400155
25282,2351.458368400155
25283,2351.458368400155
25284,2351.458368400155
25285,2351.458368400155
25286,2351.458368400155
25287,2351.458368400155
25288,2351.458368400155
25289,2351.458368400155
25290,2351.458368400155
25291,2351.458368400155
25292,2351.458368400155
25293,2351.458368400155
25294,2351.458368400155
25295,2351.458368400155
25296,2351.458368400155
25297,2351.458368400155
25298,2351.458368400155
25299,2351.458368400155
25300,2351.458368400155
25301,2351.458368400155
25302,2351.458368400155
25303,2351.458368400155
25304,2351.458368400155
25305,2351.458368400155
25306,2351.458368400155
25307,2351.458368400155
25308,2351.458368400155
25309,2351.458368400155
25310,2351.458368400155
25311,2351.458368400155
25312,2351.458368400155
25313,2351.458368400155
25314,2351.458368400155
25315,2351.458368400155
25316,2351.458368400155
25317,2351.458368400155
25318,2351.458368400155
25319,2351.458368400155
25320,2351.458368400155
25321,2351.458368400155
25322,2351.458368400155
25323,2351.458368400155
25324,2351.458368400155
25325,2351.458368400155
25326,2351.458368400155
25327,2351.458368400155
25328,2351.458368400155
25329,2351.458368400155
25330,2351.458368400155
25331,2351.458368400155
25332,2351.458368400155
25333,2351.458368400155
25334,2351.458368400155
25335,2351.458368400155
25336,2351.458368400155
25337,2351.458368400155
25338,2351.458368400155
25339,2351.458368400155
25340,2351.458368400155
25341,2351.458368400155
25342,2351.458368400155
25343,2351.458368400155
25344,2351.458368400155
25345,2351.458368400155
25346,2351.458368400155
25347,2351.458368400155
25348,2351.458368400155
25349,2351.458368400155
25350,2351.458368400155
25351,2351.458368400155
25352,2351.458368400155
25353,2351.458368400155
25354,2351.458368400155
25355,2351.458368400155
25356,2351.458368400155
25357,2351.458368400155
25358,2351.458368400155
25359,2351.458368400155
25360,2351.458368400155
25361,2351.458368400155
25362,2351.458368400155
25363,2351.458368400155
25364,2351.458368400155
25365,2351.458368400155
25366,2351.458368400155
25367,2351.458368400155
25368,2351.458368400155
25369,2351.458368400155
25370,2351.458368400155
25371,2351.458368400155
25372,2351.458368400155
25373,2351.458368400155
25374,2351.458368400155
25375,2351.458368400155
25376,2351.458368400155
25377,2351.458368400155
25378,2351.458368400155
25379,2351.458368400155
25380,2351.458368400155
25381,2351.458368400155
25382,2351.458368400155
25383,2351.458368400155
25384,2351.458368400155
25385,2351.458368400155
25386,2351.458368400155
25387,2351.458368400155
25388,2351.458368400155
25389,2351.458368400155
25390,2351.458368400155
25391,2351.458368400155
25392,2351.458368400155
25393,2351.458368400155
25394,2351.458368400155
25395,2351.458368400155
25396,2351.458368400155
25397,2351.458368400155
25398,2351.458368400155
25399,2351.458368400155
25400,2351.458368400155
25401,2351.458368400155
25402,2351.458368400155
25403,2351.458368400155
25404,2351.458368400155
25405,2351.458368400155
25406,2351.458368400155
25407,2351.458368400155
25408,2351.458368400155
25409,2351.458368400155
25410,2351.458368400155
25411,2351.458368400155
25412,2351.458368400155
25413,2351.458368400155
25414,2351.458368400155
25415,2351.458368400155
25416,2351.458368400155
25417,2351.458368400155
25418,2351.458368400155
25419,2351.458368400155
25420,2351.458368400155
25421,2351.458368400155
25422,2351.458368400155
25423,2351.458368400155
25424,2351.458368400155
25425,2351.458368400155
25426,2351.458368400155
25427,2351.458368400155
25428,2351.458368400155
25429,2351.458368400155
25430,2351.458368400155
25431,2351.458368400155
25432,2351.458368400155
25433,2351.458368400155
25434,2351.458368400155
25435,2351.458368400155
25436,2351.458368400155
25437,2351.458368400155
25438,2351.458368400155
25439,2351.458368400155
25440,2351.458368400155
25441,2351.458368400155
25442,2351.458368400155
25443,2351.458368400155
25444,2351.458368400155
25445,2351.458368400155
25446,2351.458368400155
25447,2351.458368400155
25448,2351.458368400155
25449,2351.458368400155
25450,2351.458368400155
25451,2351.458368400155
25452,2351.458368400155
25453,2351.458368400155
25454,2351.458368400155
25455,2351.458368400155
25456,2351.458368400155
25457,2351.458368400155
25458,2351.458368400155
25459,2351.458368400155
25460,2351.458368400155
25461,2351.458368400155
25462,2351.458368400155
25463,2351.458368400155
25464,2351.458368400155
25465,2351.458368400155
25466,2351.458368400155
25467,2351.458368400155
25468,2351.458368400155
25469,2351.458368400155
25470,2351.458368400155
25471,2351.458368400155
25472,2351.458368400155
25473,2351.458368400155
25474,2351.458368400155
25475,2351.458368400155
25476,2351.458368400155
25477,2351.458368400155
25478,2351.458368400155
25479,2351.458368400155
25480,2351.458368400155
25481,2351.458368400155
25482,2351.458368400155
25483,2351.458368400155
25484,2351.458368400155
25485,2351.458368400155
25486,2351.458368400155
25487,2351.458368400155
25488,2351.458368400155
25489,2351.458368400155
25490,2351.458368400155
25491,2351.458368400155
25492,2351.458368400155
25493,2351.458368400155
25494,2351.458368400155
25495,2351.458368400155
25496,2351.458368400155
25497,2351.458368400155
25498,2351.458368400155
25499,2351.458368400155
25500,2351.458368400155
25501,2351.458368400155
25502,2351.458368400155
25503,2351.458368400155
25504,2351.458368400155
25505,2351.458368400155
25506,2351.458368400155
25507,2351.458368400155
25508,2351.458368400155
25509,2351.458368400155
25510,2351.458368400155
25511,2351.458368400155
25512,2351.458368400155
25513,2351.458368400155
25514,2351.458368400155
25515,2351.458368400155
25516,2351.458368400155
25517,2351.458368400155
25518,2351.458368400155
25519,2351.458368400155
25520,2351.458368400155
25521,2351.458368400155
25522,2351.458368400155
25523,2351.458368400155
25524,2351.458368400155
25525,2351.458368400155
25526,2351.458368400155
25527,2351.458368400155
25528,2351.458368400155
25529,2351.458368400155
25530,2351.458368400155
25531,2351.458368400155
25532,2351.458368400155
25533,2351.458368400155
25534,2351.458368400155
25535,2351.458368400155
25536,2351.458368400155
25537,2351.458368400155
25538,2351.458368400155
25539,2351.458368400155
25540,2351.458368400155
25541,2351.458368400155
25542,2351.458368400155
25543,2351.458368400155
25544,2351.458368400155
25545,2351.458368400155
25546,2351.458368400155
25547,2351.458368400155
25548,2351.458368400155
25549,2351.458368400155
25550,2351.458368400155
25551,2351.458368400155
25552,2351.458368400155
25553,2351.458368400155
25554,2351.458368400155
25555,2351.458368400155
25556,2351.458368400155
25557,2351.458368400155
25558,2351.458368400155
25559,2351.458368400155
25560,2351.458368400155
25561,2351.458368400155
25562,2351.458368400155
25563,2351.458368400155
25564,2351.458368400155
25565,2351.458368400155
25566,2351.458368400155
25567,2351.458368400155
25568,2351.458368400155
25569,2351.458368400155
25570,2351.458368400155
25571,2351.458368400155
25572,2351.458368400155
25573,2351.458368400155
25574,2351.458368400155
25575,2351.458368400155
25576,2351.458368400155
25577,2351.458368400155
25578,2351.458368400155
25579,2351.458368400155
25580,2351.458368400155
25581,2351.458368400155
25582,2351.458368400155
25583,2351.458368400155
25584,2351.458368400155
25585,2351.458368400155
25586,2351.458368400155
25587,2351.458368400155
25588,2351.458368400155
25589,2351.458368400155
25590,2351.458368400155
25591,2351.458368400155
25592,2351.458368400155
25593,2351.458368400155
25594,2351.458368400155
25595,2351.458368400155
25596,2351.458368400155
25597,2351.458368400155
25598,2351.458368400155
25599,2351.458368400155
25600,2351.458368400155
25601,2351.458368400155
25602,2351.458368400155
25603,2351.458368400155
25604,2351.458368400155
25605,2351.458368400155
25606,2351.458368400155
25607,2351.458368400155
25608,2351.458368400155
25609,2351.458368400155
25610,2351.458368400155
25611,2351.458368400155
25612,2351.458368400155
25613,2351.458368400155
25614,2351.458368400155
25615,2351.458368400155
25616,2351.458368400155
25617,2351.458368400155
25618,2351.458368400155
25619,2351.458368400155
25620,2351.458368400155
25621,2351.458368400155
25622,2351.458368400155
25623,2351.458368400155
25624,2351.458368400155
25625,2351.458368400155
25626,2351.458368400155
25627,2351.458368400155
25628,2351.458368400155
25629,2351.458368400155
25630,2351.458368400155
25631,2351.458368400155
25632,2351.458368400155
25633,2351.458368400155
25634,2351.458368400155
25635,2351.458368400155
25636,2351.458368400155
25637,2351.458368400155
25638,2351.458368400155
25639,2351.458368400155
25640,2351.458368400155
25641,2351.458368400155
25642,2351.458368400155
25643,2351.458368400155
25644,2351.458368400155
25645,2351.458368400155
25646,2351.458368400155
25647,2351.458368400155
25648,2351.458368400155
25649,2351.458368400155
25650,2351.458368400155
25651,2351.458368400155
25652,2351.458368400155
25653,2351.458368400155
25654,2351.458368400155
25655,2351.458368400155
25656,2351.458368400155
25657,2351.458368400155
25658,2351.458368400155
25659,2351.458368400155
25660,2351.458368400155
25661,2351.458368400155
25662,2351.458368400155
25663,2351.458368400155
25664,2351.458368400155
25665,2351.458368400155
25666,2351.458368400155
25667,2351.458368400155
25668,2351.458368400155
25669,2351.458368400155
25670,2351.458368400155
25671,2351.458368400155
25672,2351.458368400155
25673,2351.458368400155
25674,2351.458368400155
25675,2351.458368400155
25676,2351.458368400155
25677,2351.458368400155
25678,2351.458368400155
25679,2351.458368400155
25680,2351.458368400155
25681,2351.458368400155
25682,2351.458368400155
25683,2351.458368400155
25684,2351.458368400155
25685,2351.458368400155
25686,2351.458368400155
25687,2351.458368400155
25688,2351.458368400155
25689,2351.458368400155
25690,2351.458368400155
25691,2351.458368400155
25692,2351.458368400155
25693,2351.458368400155
25694,2351.458368400155
25695,2351.458368400155
25696,2351.458368400155
25697,2351.458368400155
25698,2351.458368400155
25699,2351.458368400155
25700,2351.458368400155
25701,2351.458368400155
25702,2351.458368400155
25703,2351.458368400155
25704,2351.458368400155
25705,2351.458368400155
25706,2351.458368400155
25707,2351.458368400155
25708,2351.458368400155
25709,2351.458368400155
25710,2351.458368400155
25711,2351.458368400155
25712,2351.458368400155
25713,2351.458368400155
25714,2351.458368400155
25715,2351.458368400155
25716,2351.458368400155
25717,2351.458368400155
25718,2351.458368400155
25719,2351.458368400155
25720,2351.458368400155
25721,2351.458368400155
25722,2351.458368400155
25723,2351.458368400155
25724,2351.458368400155
25725,2351.458368400155
25726,2351.458368400155
25727,2351.458368400155
25728,2351.458368400155
25729,2351.458368400155
25730,2351.458368400155
25731,2351.458368400155
25732,2351.458368400155
25733,2351.458368400155
25734,2351.458368400155
25735,2351.458368400155
25736,2351.458368400155
25737,2351.458368400155
25738,2351.458368400155
25739,2351.458368400155
25740,2351.458368400155
25741,2351.458368400155
25742,2351.458368400155
25743,2351.458368400155
25744,2351.458368400155
25745,2351.458368400155
25746,2351.458368400155
25747,2351.458368400155
25748,2351.458368400155
25749,2351.458368400155
25750,2351.458368400155
25751,2351.458368400155
25752,2351.458368400155
25753,2351.458368400155
25754,2351.458368400155
25755,2351.458368400155
25756,2351.458368400155
25757,2351.458368400155
25758,2351.458368400155
25759,2351.458368400155
25760,2351.458368400155
25761,2351.458368400155
25762,2351.458368400155
25763,2351.458368400155
25764,2351.458368400155
25765,2351.458368400155
25766,2351.458368400155
25767,2351.458368400155
25768,2351.458368400155
25769,2351.458368400155
25770,2351.458368400155
25771,2351.458368400155
25772,2351.458368400155
25773,2351.458368400155
25774,2351.458368400155
25775,2351.458368400155
25776,2351.458368400155
25777,2351.458368400155
25778,2351.458368400155
25779,2351.458368400155
25780,2351.458368400155
25781,2351.458368400155
25782,2351.458368400155
25783,2351.458368400155
25784,2351.458368400155
25785,2351.458368400155
25786,2351.458368400155
25787,2351.458368400155
25788,2351.458368400155
25789,2351.458368400155
25790,2351.458368400155
25791,2351.458368400155
25792,2351.458368400155
25793,2351.458368400155
25794,2351.458368400155
25795,2351.458368400155
25796,2351.458368400155
25797,2351.458368400155
25798,2351.458368400155
25799,2351.458368400155
25800,2351.458368400155
25801,2351.458368400155
25802,2351.458368400155
25803,2351.458368400155
25804,2351.458368400155
25805,2351.458368400155
25806,2351.458368400155
25807,2351.458368400155
25808,2351.458368400155
25809,2351.458368400155
25810,2351.458368400155
25811,2351.458368400155
25812,2351.458368400155
25813,2351.458368400155
25814,2351.458368400155
25815,2351.458368400155
25816,2351.458368400155
25817,2351.458368400155
25818,2351.458368400155
25819,2351.458368400155
25820,2351.458368400155
25821,2351.458368400155
25822,2351.458368400155
25823,2351.458368400155
25824,2351.458368400155
25825,2351.458368400155
25826,2351.458368400155
25827,2351.458368400155
25828,2351.458368400155
25829,2351.458368400155
25830,2351.458368400155
25831,2351.458368400155
25832,2351.458368400155
25833,2351.458368400155
25834,2351.458368400155
25835,2351.458368400155
25836,2351.458368400155
25837,2351.458368400155
25838,2351.458368400155
25839,2351.458368400155
25840,2351.458368400155
25841,2351.458368400155
25842,2351.458368400155
25843,2351.458368400155
25844,2351.458368400155
25845,2351.458368400155
25846,2351.458368400155
25847,2351.458368400155
25848,2351.458368400155
25849,2351.458368400155
25850,2351.458368400155
25851,2351.458368400155
25852,2351.458368400155
25853,2351.458368400155
25854,2351.458368400155
25855,2351.458368400155
25856,2351.458368400155
25857,2351.458368400155
25858,2351.458368400155
25859,2351.458368400155
25860,2351.458368400155
25861,2351.458368400155
25862,2351.458368400155
25863,2351.458368400155
25864,2351.458368400155
25865,2351.458368400155
25866,2351.458368400155
25867,2351.458368400155
25868,2351.458368400155
25869,2351.458368400155
25870,2351.458368400155
25871,2351.458368400155
25872,2351.458368400155
25873,2351.458368400155
25874,2351.458368400155
25875,2351.458368400155
25876,2351.458368400155
25877,2351.458368400155
25878,2351.458368400155
25879,2351.458368400155
25880,2351.458368400155
25881,2351.458368400155
25882,2351.458368400155
25883,2351.458368400155
25884,2351.458368400155
25885,2351.458368400155
25886,2351.458368400155
25887,2351.458368400155
25888,2351.458368400155
25889,2351.458368400155
25890,2351.458368400155
25891,2351.458368400155
25892,2351.458368400155
25893,2351.458368400155
25894,2351.458368400155
25895,2351.458368400155
25896,2351.458368400155
25897,2351.458368400155
25898,2351.458368400155
25899,2351.458368400155
25900,2351.458368400155
25901,2351.458368400155
25902,2351.458368400155
25903,2351.458368400155
25904,2351.458368400155
25905,2351.458368400155
25906,2351.458368400155
25907,2351.458368400155
25908,2351.458368400155
25909,2351.458368400155
25910,2351.458368400155
25911,2351.458368400155
25912,2351.458368400155
25913,2351.458368400155
25914,2351.458368400155
25915,2351.458368400155
25916,2351.458368400155
25917,2351.458368400155
25918,2351.458368400155
25919,2351.458368400155
25920,2351.458368400155
25921,2351.458368400155
25922,2351.458368400155
25923,2351.458368400155
25924,2351.458368400155
25925,2351.458368400155
25926,2351.458368400155
25927,2351.458368400155
25928,2351.458368400155
25929,2351.458368400155
25930,2351.458368400155
25931,2351.458368400155
25932,2351.458368400155
25933,2351.458368400155
25934,2351.458368400155
25935,2351.458368400155
25936,2351.458368400155
25937,2351.458368400155
25938,2351.458368400155
25939,2351.458368400155
25940,2351.458368400155
25941,2351.458368400155
25942,2351.458368400155
25943,2351.458368400155
25944,2351.458368400155
25945,2351.458368400155
25946,2351.458368400155
25947,2351.458368400155
25948,2351.458368400155
25949,2351.458368400155
25950,2351.458368400155
25951,2351.458368400155
25952,2351.458368400155
25953,2351.458368400155
25954,2351.458368400155
25955,2351.458368400155
25956,2351.458368400155
25957,2351.458368400155
25958,2351.458368400155
25959,2351.458368400155
25960,2351.458368400155
25961,2351.458368400155
25962,2351.458368400155
25963,2351.458368400155
25964,2351.458368400155
25965,2351.458368400155
25966,2351.458368400155
25967,2351.458368400155
25968,2351.458368400155
25969,2351.458368400155
25970,2351.458368400155
25971,2351.458368400155
25972,2351.458368400155
25973,2351.458368400155
25974,2351.458368400155
25975,2351.458368400155
25976,2351.458368400155
25977,2351.458368400155
25978,2351.458368400155
25979,2351.458368400155
25980,2351.458368400155
25981,2351.458368400155
25982,2351.458368400155
25983,2351.458368400155
25984,2351.458368400155
25985,2351.458368400155
25986,2351.458368400155
25987,2351.458368400155
25988,2351.458368400155
25989,2351.458368400155
25990,2351.458368400155
25991,2351.458368400155
25992,2351.458368400155
25993,2351.458368400155
25994,2351.458368400155
25995,2351.458368400155
25996,2351.458368400155
25997,2351.458368400155
25998,2351.458368400155
25999,2351.458368400155
26000,2351.458368400155
26001,2351.458368400155
26002,2351.458368400155
26003,2351.458368400155
26004,2351.458368400155
26005,2351.458368400155
26006,2351.458368400155
26007,2351.458368400155
26008,2351.458368400155
26009,2351.458368400155
26010,2351.458368400155
26011,2351.458368400155
26012,2351.458368400155
26013,2351.458368400155
26014,2351.458368400155
26015,2351.458368400155
26016,2351.458368400155
26017,2351.458368400155
26018,2351.458368400155
26019,2351.458368400155
26020,2351.458368400155
26021,2351.458368400155
26022,2351.458368400155
26023,2351.458368400155
26024,2351.458368400155
26025,2351.458368400155
26026,2351.458368400155
26027,2351.458368400155
26028,2351.458368400155
26029,2351.458368400155
26030,2351.458368400155
26031,2351.458368400155
26032,2351.458368400155
26033,2351.458368400155
26034,2351.458368400155
26035,2351.458368400155
26036,2351.458368400155
26037,2351.458368400155
26038,2351.458368400155
26039,2351.458368400155
26040,2351.458368400155
26041,2351.458368400155
26042,2351.458368400155
26043,2351.458368400155
26044,2351.458368400155
26045,2351.458368400155
26046,2351.458368400155
26047,2351.458368400155
26048,2351.458368400155
26049,2351.458368400155
26050,2351.458368400155
26051,2351.458368400155
26052,2351.458368400155
26053,2351.458368400155
26054,2351.458368400155
26055,2351.458368400155
26056,2351.458368400155
26057,2351.458368400155
26058,2351.458368400155
26059,2351.458368400155
26060,2351.458368400155
26061,2351.458368400155
26062,2351.458368400155
26063,2351.458368400155
26064,2351.458368400155
26065,2351.458368400155
26066,2351.458368400155
26067,2351.458368400155
26068,2351.458368400155
26069,2351.458368400155
26070,2351.458368400155
26071,2351.458368400155
26072,2351.458368400155
26073,2351.458368400155
26074,2351.458368400155
26075,2351.458368400155
26076,2351.458368400155
26077,2351.458368400155
26078,2351.458368400155
26079,2351.458368400155
26080,2351.458368400155
26081,2351.458368400155
26082,2351.458368400155
26083,2351.458368400155
26084,2351.458368400155
26085,2351.458368400155
26086,2351.458368400155
26087,2351.458368400155
26088,2351.458368400155
26089,2351.458368400155
26090,2351.458368400155
26091,2351.458368400155
26092,2351.458368400155
26093,2351.458368400155
26094,2351.458368400155
26095,2351.458368400155
26096,2351.458368400155
26097,2351.458368400155
26098,2351.458368400155
26099,2351.458368400155
26100,2351.458368400155
26101,2351.458368400155
26102,2351.458368400155
26103,2351.458368400155
26104,2351.458368400155
26105,2351.458368400155
26106,2351.458368400155
26107,2351.458368400155
26108,2351.458368400155
26109,2351.458368400155
26110,2351.458368400155
26111,2351.458368400155
26112,2351.458368400155
26113,2351.458368400155
26114,2351.458368400155
26115,2351.458368400155
26116,2351.458368400155
26117,2351.458368400155
26118,2351.458368400155
26119,2351.458368400155
26120,2351.458368400155
26121,2351.458368400155
26122,2351.458368400155
26123,2351.458368400155
26124,2351.458368400155
26125,2351.458368400155
26126,2351.458368400155
26127,2351.458368400155
26128,2351.458368400155
26129,2351.458368400155
26130,2351.458368400155
26131,2351.458368400155
26132,2351.458368400155
26133,2351.458368400155
26134,2351.458368400155
26135,2351.458368400155
26136,2351.458368400155
26137,2351.458368400155
26138,2351.458368400155
26139,2351.458368400155
26140,2351.458368400155
26141,2351.458368400155
26142,2351.458368400155
26143,2351.458368400155
26144,2351.458368400155
26145,2351.458368400155
26146,2351.458368400155
26147,2351.458368400155
26148,2351.458368400155
26149,2351.458368400155
26150,2351.458368400155
26151,2351.458368400155
26152,2351.458368400155
26153,2351.458368400155
26154,2351.458368400155
26155,2351.458368400155
26156,2351.458368400155
26157,2351.458368400155
26158,2351.458368400155
26159,2351.458368400155
26160,2351.458368400155
26161,2351.458368400155
26162,2351.458368400155
26163,2351.458368400155
26164,2351.458368400155
26165,2351.458368400155
26166,2351.458368400155
26167,2351.458368400155
26168,2351.458368400155
26169,2351.458368400155
26170,2351.458368400155
26171,2351.458368400155
26172,2351.458368400155
26173,2351.458368400155
26174,2351.458368400155
26175,2351.458368400155
26176,2351.458368400155
26177,2351.458368400155
26178,2351.458368400155
26179,2351.458368400155
26180,2351.458368400155
26181,2351.458368400155
26182,2351.458368400155
26183,2351.458368400155
26184,2351.458368400155
26185,2351.458368400155
26186,2351.458368400155
26187,2351.458368400155
26188,2351.458368400155
26189,2351.458368400155
26190,2351.458368400155
26191,2351.458368400155
26192,2351.458368400155
26193,2351.458368400155
26194,2351.458368400155
26195,2351.458368400155
26196,2351.458368400155
26197,2351.458368400155
26198,2351.458368400155
26199,2351.458368400155
26200,2351.458368400155
26201,2351.458368400155
26202,2351.458368400155
26203,2351.458368400155
26204,2351.458368400155
26205,2351.458368400155
26206,2351.458368400155
26207,2351.458368400155
26208,2351.458368400155
26209,2351.458368400155
26210,2351.458368400155
26211,2351.458368400155
26212,2351.458368400155
26213,2351.458368400155
26214,2351.458368400155
26215,2351.458368400155
26216,2351.458368400155
26217,2351.458368400155
26218,2351.458368400155
26219,2351.458368400155
26220,2351.458368400155
26221,2351.458368400155
26222,2351.458368400155
26223,2351.458368400155
26224,2351.458368400155
26225,2351.458368400155
26226,2351.458368400155
26227,2351.458368400155
26228,2351.458368400155
26229,2351.458368400155
26230,2351.458368400155
26231,2351.458368400155
26232,2351.458368400155
26233,2351.458368400155
26234,2351.458368400155
26235,2351.458368400155
26236,2351.458368400155
26237,2351.458368400155
26238,2351.458368400155
26239,2351.458368400155
26240,2351.458368400155
26241,2351.458368400155
26242,2351.458368400155
26243,2351.458368400155
26244,2351.458368400155
26245,2351.458368400155
26246,2351.458368400155
26247,2351.458368400155
26248,2351.458368400155
26249,2351.458368400155
26250,2351.458368400155
26251,2351.458368400155
26252,2351.458368400155
26253,2351.458368400155
26254,2351.458368400155
26255,2351.458368400155
26256,2351.458368400155
26257,2351.458368400155
26258,2351.458368400155
26259,2351.458368400155
26260,2351.458368400155
26261,2351.458368400155
26262,2351.458368400155
26263,2351.458368400155
26264,2351.458368400155
26265,2351.458368400155
26266,2351.458368400155
26267,2351.458368400155
26268,2351.458368400155
26269,2351.458368400155
26270,2351.458368400155
26271,2351.458368400155
26272,2351.458368400155
26273,2351.458368400155
26274,2351.458368400155
26275,2351.458368400155
26276,2351.458368400155
26277,2351.458368400155
26278,2351.458368400155
26279,2351.458368400155
26280,2351.458368400155
26281,2351.458368400155
26282,2351.458368400155
26283,2351.458368400155
26284,2351.458368400155
26285,2351.458368400155
26286,2351.458368400155
26287,2351.458368400155
26288,2351.458368400155
26289,2351.458368400155
26290,2351.458368400155
26291,2351.458368400155
26292,2351.458368400155
26293,2351.458368400155
26294,2351.458368400155
26295,2351.458368400155
26296,2351.458368400155
26297,2351.458368400155
26298,2351.458368400155
26299,2351.458368400155
26300,2351.458368400155
26301,2351.458368400155
26302,2351.458368400155
26303,2351.458368400155
26304,2351.458368400155
26305,2351.458368400155
26306,2351.458368400155
26307,2351.458368400155
26308,2351.458368400155
26309,2351.458368400155
26310,2351.458368400155
26311,2351.458368400155
26312,2351.458368400155
26313,2351.458368400155
26314,2351.458368400155
26315,2351.458368400155
26316,2351.458368400155
26317,2351.458368400155
26318,2351.458368400155
26319,2351.458368400155
26320,2351.458368400155
26321,2351.458368400155
26322,2351.458368400155
26323,2351.458368400155
26324,2351.458368400155
26325,2351.458368400155
26326,2351.458368400155
26327,2351.458368400155
26328,2351.458368400155
26329,2351.458368400155
26330,2351.458368400155
26331,2351.458368400155
26332,2351.458368400155
26333,2351.458368400155
26334,2351.458368400155
26335,2351.458368400155
26336,2351.458368400155
26337,2351.458368400155
26338,2351.458368400155
26339,2351.458368400155
26340,2351.458368400155
26341,2351.458368400155
26342,2351.458368400155
26343,2351.458368400155
26344,2351.458368400155
26345,2351.458368400155
26346,2351.458368400155
26347,2351.458368400155
26348,2351.458368400155
26349,2351.458368400155
26350,2351.458368400155
26351,2351.458368400155
26352,2351.458368400155
26353,2351.458368400155
26354,2351.458368400155
26355,2351.458368400155
26356,2351.458368400155
26357,2351.458368400155
26358,2351.458368400155
26359,2351.458368400155
26360,2351.458368400155
26361,2351.458368400155
26362,2351.458368400155
26363,2351.458368400155
26364,2351.458368400155
26365,2351.458368400155
26366,2351.458368400155
26367,2351.458368400155
26368,2351.458368400155
26369,2351.458368400155
26370,2351.458368400155
26371,2351.458368400155
26372,2351.458368400155
26373,2351.458368400155
26374,2351.458368400155
26375,2351.458368400155
26376,2351.458368400155
26377,2351.458368400155
26378,2351.458368400155
26379,2351.458368400155
26380,2351.458368400155
26381,2351.458368400155
26382,2351.458368400155
26383,2351.458368400155
26384,2351.458368400155
26385,2351.458368400155
26386,2351.458368400155
26387,2351.458368400155
26388,2351.458368400155
26389,2351.458368400155
26390,2351.458368400155
26391,2351.458368400155
26392,2351.458368400155
26393,2351.458368400155
26394,2351.458368400155
26395,2351.458368400155
26396,2351.458368400155
26397,2351.458368400155
26398,2351.458368400155
26399,2351.458368400155
26400,2351.458368400155
26401,2351.458368400155
26402,2351.458368400155
26403,2351.458368400155
26404,2351.458368400155
26405,2351.458368400155
26406,2351.458368400155
26407,2351.458368400155
26408,2351.458368400155
26409,2351.458368400155
26410,2351.458368400155
26411,2351.458368400155
26412,2351.458368400155
26413,2351.458368400155
26414,2351.458368400155
26415,2351.458368400155
26416,2351.458368400155
26417,2351.458368400155
26418,2351.458368400155
26419,2351.458368400155
26420,2351.458368400155
26421,2351.458368400155
26422,2351.458368400155
26423,2351.458368400155
26424,2351.458368400155
26425,2351.458368400155
26426,2351.458368400155
26427,2351.458368400155
26428,2351.458368400155
26429,2351.458368400155
26430,2351.458368400155
26431,2351.458368400155
26432,2351.458368400155
26433,2351.458368400155
26434,2351.458368400155
26435,2351.458368400155
26436,2351.458368400155
26437,2351.458368400155
26438,2351.458368400155
26439,2351.458368400155
26440,2351.458368400155
26441,2351.458368400155
26442,2351.458368400155
26443,2351.458368400155
26444,2351.458368400155
26445,2351.458368400155
26446,2351.458368400155
26447,2351.458368400155
26448,2351.458368400155
26449,2351.458368400155
26450,2351.458368400155
26451,2351.458368400155
26452,2351.458368400155
26453,2351.458368400155
26454,2351.458368400155
26455,2351.458368400155
26456,2351.458368400155
26457,2351.458368400155
26458,2351.458368400155
26459,2351.458368400155
26460,2351.458368400155
26461,2351.458368400155
26462,2351.458368400155
26463,2351.458368400155
26464,2351.458368400155
26465,2351.458368400155
26466,2351.458368400155
26467,2351.458368400155
26468,2351.458368400155
26469,2351.458368400155
26470,2351.458368400155
26471,2351.458368400155
26472,2351.458368400155
26473,2351.458368400155
26474,2351.458368400155
26475,2351.458368400155
26476,2351.458368400155
26477,2351.458368400155
26478,2351.458368400155
26479,2351.458368400155
26480,2351.458368400155
26481,2351.458368400155
26482,2351.458368400155
26483,2351.458368400155
26484,2351.458368400155
26485,2351.458368400155
26486,2351.458368400155
26487,2351.458368400155
26488,2351.458368400155
26489,2351.458368400155
26490,2351.458368400155
26491,2351.458368400155
26492,2351.458368400155
26493,2351.458368400155
26494,2351.458368400155
26495,2351.458368400155
26496,2351.458368400155
26497,2351.458368400155
26498,2351.458368400155
26499,2351.458368400155
26500,2351.458368400155
26501,2351.458368400155
26502,2351.458368400155
26503,2351.458368400155
26504,2351.458368400155
26505,2351.458368400155
26506,2351.458368400155
26507,2351.458368400155
26508,2351.458368400155
26509,2351.458368400155
26510,2351.458368400155
26511,2351.458368400155
26512,2351.458368400155
26513,2351.458368400155
26514,2351.458368400155
26515,2351.458368400155
26516,2351.458368400155
26517,2351.458368400155
26518,2351.458368400155
26519,2351.458368400155
26520,2351.458368400155
26521,2351.458368400155
26522,2351.458368400155
26523,2351.458368400155
26524,2351.458368400155
26525,2351.458368400155
26526,2351.458368400155
26527,2351.458368400155
26528,2351.458368400155
26529,2351.458368400155
26530,2351.458368400155
26531,2351.458368400155
26532,2351.458368400155
26533,2351.458368400155
26534,2351.458368400155
26535,2351.458368400155
26536,2351.458368400155
26537,2351.458368400155
26538,2351.458368400155
26539,2351.458368400155
26540,2351.458368400155
26541,2351.458368400155
26542,2351.458368400155
26543,2351.458368400155
26544,2351.458368400155
26545,2351.458368400155
26546,2351.458368400155
26547,2351.458368400155
26548,2351.458368400155
26549,2351.458368400155
26550,2351.458368400155
26551,2351.458368400155
26552,2351.458368400155
26553,2351.458368400155
26554,2351.458368400155
26555,2351.458368400155
26556,2351.458368400155
26557,2351.458368400155
26558,2351.458368400155
26559,2351.458368400155
26560,2351.458368400155
26561,2351.458368400155
26562,2351.458368400155
26563,2351.458368400155
26564,2351.458368400155
26565,2351.458368400155
26566,2351.458368400155
26567,2351.458368400155
26568,2351.458368400155
26569,2351.458368400155
26570,2351.458368400155
26571,2351.458368400155
26572,2351.458368400155
26573,2351.458368400155
26574,2351.458368400155
26575,2351.458368400155
26576,2351.458368400155
26577,2351.458368400155
26578,2351.458368400155
26579,2351.458368400155
26580,2351.458368400155
26581,2351.458368400155
26582,2351.458368400155
26583,2351.458368400155
26584,2351.458368400155
26585,2351.458368400155
26586,2351.458368400155
26587,2351.458368400155
26588,2351.458368400155
26589,2351.458368400155
26590,2351.458368400155
26591,2351.458368400155
26592,2351.458368400155
26593,2351.458368400155
26594,2351.458368400155
26595,2351.458368400155
26596,2351.458368400155
26597,2351.458368400155
26598,2351.458368400155
26599,2351.458368400155
26600,2351.458368400155
26601,2351.458368400155
26602,2351.458368400155
26603,2351.458368400155
26604,2351.458368400155
26605,2351.458368400155
26606,2351.458368400155
26607,2351.458368400155
26608,2351.458368400155
26609,2351.458368400155
26610,2351.458368400155
26611,2351.458368400155
26612,2351.458368400155
26613,2351.458368400155
26614,2351.458368400155
26615,2351.458368400155
26616,2351.458368400155
26617,2351.458368400155
26618,2351.458368400155
26619,2351.458368400155
26620,2351.458368400155
26621,2351.458368400155
26622,2351.458368400155
26623,2351.458368400155
26624,2351.458368400155
26625,2351.458368400155
26626,2351.458368400155
26627,2351.458368400155
26628,2351.458368400155
26629,2351.458368400155
26630,2351.458368400155
26631,2351.458368400155
26632,2351.458368400155
26633,2351.458368400155
26634,2351.458368400155
26635,2351.458368400155
26636,2351.458368400155
26637,2351.458368400155
26638,2351.458368400155
26639,2351.458368400155
26640,2351.458368400155
26641,2351.458368400155
26642,2351.458368400155
26643,2351.458368400155
26644,2351.458368400155
26645,2351.458368400155
26646,2351.458368400155
26647,2351.458368400155
26648,2351.458368400155
26649,2351.458368400155
26650,2351.458368400155
26651,2351.458368400155
26652,2351.458368400155
26653,2351.458368400155
26654,2351.458368400155
26655,2351.458368400155
26656,2351.458368400155
26657,2351.458368400155
26658,2351.458368400155
26659,2351.458368400155
26660,2351.458368400155
26661,2351.458368400155
26662,2351.458368400155
26663,2351.458368400155
26664,2351.458368400155
26665,2351.458368400155
26666,2351.458368400155
26667,2351.458368400155
26668,2351.458368400155
26669,2351.458368400155
26670,2351.458368400155
26671,2351.458368400155
26672,2351.458368400155
26673,2351.458368400155
26674,2351.458368400155
26675,2351.458368400155
26676,2351.458368400155
26677,2351.458368400155
26678,2351.458368400155
26679,2351.458368400155
26680,2351.458368400155
26681,2351.458368400155
26682,2351.458368400155
26683,2351.458368400155
26684,2351.458368400155
26685,2351.458368400155
26686,2351.458368400155
26687,2351.458368400155
26688,2351.458368400155
26689,2351.458368400155
26690,2351.458368400155
26691,2351.458368400155
26692,2351.458368400155
26693,2351.458368400155
26694,2351.458368400155
26695,2351.458368400155
26696,2351.458368400155
26697,2351.458368400155
26698,2351.458368400155
26699,2351.458368400155
26700,2351.458368400155
26701,2351.458368400155
26702,2351.458368400155
26703,2351.458368400155
26704,2351.458368400155
26705,2351.458368400155
26706,2351.458368400155
26707,2351.458368400155
26708,2351.458368400155
26709,2351.458368400155
26710,2351.458368400155
26711,2351.458368400155
26712,2351.458368400155
26713,2351.458368400155
26714,2351.458368400155
26715,2351.458368400155
26716,2351.458368400155
26717,2351.458368400155
26718,2351.458368400155
26719,2351.458368400155
26720,2351.458368400155
26721,2351.458368400155
26722,2351.458368400155
26723,2351.458368400155
26724,2351.458368400155
26725,2351.458368400155
26726,2351.458368400155
26727,2351.458368400155
26728,2351.458368400155
26729,2351.458368400155
26730,2351.458368400155
26731,2351.458368400155
26732,2351.458368400155
26733,2351.458368400155
26734,2351.458368400155
26735,2351.458368400155
26736,2351.458368400155
26737,2351.458368400155
26738,2351.458368400155
26739,2351.458368400155
26740,2351.458368400155
26741,2351.458368400155
26742,2351.458368400155
26743,2351.458368400155
26744,2351.458368400155
26745,2351.458368400155
26746,2351.458368400155
26747,2351.458368400155
26748,2351.458368400155
26749,2351.458368400155
26750,2351.458368400155
26751,2351.458368400155
26752,2351.458368400155
26753,2351.458368400155
26754,2351.458368400155
26755,2351.458368400155
26756,2351.458368400155
26757,2351.458368400155
26758,2351.458368400155
26759,2351.458368400155
26760,2351.458368400155
26761,2351.458368400155
26762,2351.458368400155
26763,2351.458368400155
26764,2351.458368400155
26765,2351.458368400155
26766,2351.458368400155
26767,2351.458368400155
26768,2351.458368400155
26769,2351.458368400155
26770,2351.458368400155
26771,2351.458368400155
26772,2351.458368400155
26773,2351.458368400155
26774,2351.458368400155
26775,2351.458368400155
26776,2351.458368400155
26777,2351.458368400155
26778,2351.458368400155
26779,2351.458368400155
26780,2351.458368400155
26781,2351.458368400155
26782,2351.458368400155
26783,2351.458368400155
26784,2351.458368400155
26785,2351.458368400155
26786,2351.458368400155
26787,2351.458368400155
26788,2351.458368400155
26789,2351.458368400155
26790,2351.458368400155
26791,2351.458368400155
26792,2351.458368400155
26793,2351.458368400155
26794,2351.458368400155
26795,2351.458368400155
26796,2351.458368400155
26797,2351.458368400155
26798,2351.458368400155
26799,2351.458368400155
26800,2351.458368400155
26801,2351.458368400155
26802,2351.458368400155
26803,2351.458368400155
26804,2351.458368400155
26805,2351.458368400155
26806,2351.458368400155
26807,2351.458368400155
26808,2351.458368400155
26809,2351.458368400155
26810,2351.458368400155
26811,2351.458368400155
26812,2351.458368400155
26813,2351.458368400155
26814,2351.458368400155
26815,2351.458368400155
26816,2351.458368400155
26817,2351.458368400155
26818,2351.458368400155
26819,2351.458368400155
26820,2351.458368400155
26821,2351.458368400155
26822,2351.458368400155
26823,2351.458368400155
26824,2351.458368400155
26825,2351.458368400155
26826,2351.458368400155
26827,2351.458368400155
26828,2351.458368400155
26829,2351.458368400155
26830,2351.458368400155
26831,2351.458368400155
26832,2351.458368400155
26833,2351.458368400155
26834,2351.458368400155
26835,2351.458368400155
26836,2351.458368400155
26837,2351.458368400155
26838,2351.458368400155
26839,2351.458368400155
26840,2351.458368400155
26841,2351.458368400155
26842,2351.458368400155
26843,2351.458368400155
26844,2351.458368400155
26845,2351.458368400155
26846,2351.458368400155
26847,2351.458368400155
26848,2351.458368400155
26849,2351.458368400155
26850,2351.458368400155
26851,2351.458368400155
26852,2351.458368400155
26853,2351.458368400155
26854,2351.458368400155
26855,2351.458368400155
26856,2351.458368400155
26857,2351.458368400155
26858,2351.458368400155
26859,2351.458368400155
26860,2351.458368400155
26861,2351.458368400155
26862,2351.458368400155
26863,2351.458368400155
26864,2351.458368400155
26865,2351.458368400155
26866,2351.458368400155
26867,2351.458368400155
26868,2351.458368400155
26869,2351.458368400155
26870,2351.458368400155
26871,2351.458368400155
26872,2351.458368400155
26873,2351.458368400155
26874,2351.458368400155
26875,2351.458368400155
26876,2351.458368400155
26877,2351.458368400155
26878,2351.458368400155
26879,2351.458368400155
26880,2351.458368400155
26881,2351.458368400155
26882,2351.458368400155
26883,2351.458368400155
26884,2351.458368400155
26885,2351.458368400155
26886,2351.458368400155
26887,2351.458368400155
26888,2351.458368400155
26889,2351.458368400155
26890,2351.458368400155
26891,2351.458368400155
26892,2351.458368400155
26893,2351.458368400155
26894,2351.458368400155
26895,2351.458368400155
26896,2351.458368400155
26897,2351.458368400155
26898,2351.458368400155
26899,2351.458368400155
26900,2351.458368400155
26901,2351.458368400155
26902,2351.458368400155
26903,2351.458368400155
26904,2351.458368400155
26905,2351.458368400155
26906,2351.458368400155
26907,2351.458368400155
26908,2351.458368400155
26909,2351.458368400155
26910,2351.458368400155
26911,2351.458368400155
26912,2351.458368400155
26913,2351.458368400155
26914,2351.458368400155
26915,2351.458368400155
26916,2351.458368400155
26917,2351.458368400155
26918,2351.458368400155
26919,2351.458368400155
26920,2351.458368400155
26921,2351.458368400155
26922,2351.458368400155
26923,2351.458368400155
26924,2351.458368400155
26925,2351.458368400155
26926,2351.458368400155
26927,2351.458368400155
26928,2351.458368400155
26929,2351.458368400155
26930,2351.458368400155
26931,2351.458368400155
26932,2351.458368400155
26933,2351.458368400155
26934,2351.458368400155
26935,2351.458368400155
26936,2351.458368400155
26937,2351.458368400155
26938,2351.458368400155
26939,2351.458368400155
26940,2351.458368400155
26941,2351.458368400155
26942,2351.458368400155
26943,2351.458368400155
26944,2351.458368400155
26945,2351.458368400155
26946,2351.458368400155
26947,2351.458368400155
26948,2351.458368400155
26949,2351.458368400155
26950,2351.458368400155
26951,2351.458368400155
26952,2351.458368400155
26953,2351.458368400155
26954,2351.458368400155
26955,2351.458368400155
26956,2351.458368400155
26957,2351.458368400155
26958,2351.458368400155
26959,2351.458368400155
26960,2351.458368400155
26961,2351.458368400155
26962,2351.458368400155
26963,2351.458368400155
26964,2351.458368400155
26965,2351.458368400155
26966,2351.458368400155
26967,2351.458368400155
26968,2351.458368400155
26969,2351.458368400155
26970,2351.458368400155
26971,2351.458368400155
26972,2351.458368400155
26973,2351.458368400155
26974,2351.458368400155
26975,2351.458368400155
26976,2351.458368400155
26977,2351.458368400155
26978,2351.458368400155
26979,2351.458368400155
26980,2351.458368400155
26981,2351.458368400155
26982,2351.458368400155
26983,2351.458368400155
26984,2351.458368400155
26985,2351.458368400155
26986,2351.458368400155
26987,2351.458368400155
26988,2351.458368400155
26989,2351.458368400155
26990,2351.458368400155
26991,2351.458368400155
26992,2351.458368400155
26993,2351.458368400155
26994,2351.458368400155
26995,2351.458368400155
26996,2351.458368400155
26997,2351.458368400155
26998,2351.458368400155
26999,2351.458368400155
27000,2351.458368400155
27001,2351.458368400155
27002,2351.458368400155
27003,2351.458368400155
27004,2351.458368400155
27005,2351.458368400155
27006,2351.458368400155
27007,2351.458368400155
27008,2351.458368400155
27009,2351.458368400155
27010,2351.458368400155
27011,2351.458368400155
27012,2351.458368400155
27013,2351.458368400155
27014,2351.458368400155
27015,2351.458368400155
27016,2351.458368400155
27017,2351.458368400155
27018,2351.458368400155
27019,2351.458368400155
27020,2351.458368400155
27021,2351.458368400155
27022,2351.458368400155
27023,2351.458368400155
27024,2351.458368400155
27025,2351.458368400155
27026,2351.458368400155
27027,2351.458368400155
27028,2351.458368400155
27029,2351.458368400155
27030,2351.458368400155
27031,2351.458368400155
27032,2351.458368400155
27033,2351.458368400155
27034,2351.458368400155
27035,2351.458368400155
27036,2351.458368400155
27037,2351.458368400155
27038,2351.458368400155
27039,2351.458368400155
27040,2351.458368400155
27041,2351.458368400155
27042,2351.458368400155
27043,2351.458368400155
27044,2351.458368400155
27045,2351.458368400155
27046,2351.458368400155
27047,2351.458368400155
27048,2351.458368400155
27049,2351.458368400155
27050,2351.458368400155
27051,2351.458368400155
27052,2351.458368400155
27053,2351.458368400155
27054,2351.458368400155
27055,2351.458368400155
27056,2351.458368400155
27057,2351.458368400155
27058,2351.458368400155
27059,2351.458368400155
27060,2351.458368400155
27061,2351.458368400155
27062,2351.458368400155
27063,2351.458368400155
27064,2351.458368400155
27065,2351.458368400155
27066,2351.458368400155
27067,2351.458368400155
27068,2351.458368400155
27069,2351.458368400155
27070,2351.458368400155
27071,2351.458368400155
27072,2351.458368400155
27073,2351.458368400155
27074,2351.458368400155
27075,2351.458368400155
27076,2351.458368400155
27077,2351.458368400155
27078,2351.458368400155
27079,2351.458368400155
27080,2351.458368400155
27081,2351.458368400155
27082,2351.458368400155
27083,2351.458368400155
27084,2351.458368400155
27085,2351.458368400155
27086,2351.458368400155
27087,2351.458368400155
27088,2351.458368400155
27089,2351.458368400155
27090,2351.458368400155
27091,2351.458368400155
27092,2351.458368400155
27093,2351.458368400155
27094,2351.458368400155
27095,2351.458368400155
27096,2351.458368400155
27097,2351.458368400155
27098,2351.458368400155
27099,2351.458368400155
27100,2351.458368400155
27101,2351.458368400155
27102,2351.458368400155
27103,2351.458368400155
27104,2351.458368400155
27105,2351.458368400155
27106,2351.458368400155
27107,2351.458368400155
27108,2351.458368400155
27109,2351.458368400155
27110,2351.458368400155
27111,2351.458368400155
27112,2351.458368400155
27113,2351.458368400155
27114,2351.458368400155
27115,2351.458368400155
27116,2351.458368400155
27117,2351.458368400155
27118,2351.458368400155
27119,2351.458368400155
27120,2351.458368400155
27121,2351.458368400155
27122,2351.458368400155
27123,2351.458368400155
27124,2351.458368400155
27125,2351.458368400155
27126,2351.458368400155
27127,2351.458368400155
27128,2351.458368400155
27129,2351.458368400155
27130,2351.458368400155
27131,2351.458368400155
27132,2351.458368400155
27133,2351.458368400155
27134,2351.458368400155
27135,2351.458368400155
27136,2351.458368400155
27137,2351.458368400155
27138,2351.458368400155
27139,2351.458368400155
27140,2351.458368400155
27141,2351.458368400155
27142,2351.458368400155
27143,2351.458368400155
27144,2351.458368400155
27145,2351.458368400155
27146,2351.458368400155
27147,2351.458368400155
27148,2351.458368400155
27149,2351.458368400155
27150,2351.458368400155
27151,2351.458368400155
27152,2351.458368400155
27153,2351.458368400155
27154,2351.458368400155
27155,2351.458368400155
27156,2351.458368400155
27157,2351.458368400155
27158,2351.458368400155
27159,2351.458368400155
27160,2351.458368400155
27161,2351.458368400155
27162,2351.458368400155
27163,2351.458368400155
27164,2351.458368400155
27165,2351.458368400155
27166,2351.458368400155
27167,2351.458368400155
27168,2351.458368400155
27169,2351.458368400155
27170,2351.458368400155
27171,2351.458368400155
27172,2351.458368400155
27173,2351.458368400155
27174,2351.458368400155
27175,2351.458368400155
27176,2351.458368400155
27177,2351.458368400155
27178,2351.458368400155
27179,2351.458368400155
27180,2351.458368400155
27181,2351.458368400155
27182,2351.458368400155
27183,2351.458368400155
27184,2351.458368400155
27185,2351.458368400155
27186,2351.458368400155
27187,2351.458368400155
27188,2351.458368400155
27189,2351.458368400155
27190,2351.458368400155
27191,2351.458368400155
27192,2351.458368400155
27193,2351.458368400155
27194,2351.458368400155
27195,2351.458368400155
27196,2351.458368400155
27197,2351.458368400155
27198,2351.458368400155
27199,2351.458368400155
27200,2351.458368400155
27201,2351.458368400155
27202,2351.458368400155
27203,2351.458368400155
27204,2351.458368400155
27205,2351.458368400155
27206,2351.458368400155
27207,2351.458368400155
27208,2351.458368400155
27209,2351.458368400155
27210,2351.458368400155
27211,2351.458368400155
27212,2351.458368400155
27213,2351.458368400155
27214,2351.458368400155
27215,2351.458368400155
27216,2351.458368400155
27217,2351.458368400155
27218,2351.458368400155
27219,2351.458368400155
27220,2351.458368400155
27221,2351.458368400155
27222,2351.458368400155
27223,2351.458368400155
27224,2351.458368400155
27225,2351.458368400155
27226,2351.458368400155
27227,2351.458368400155
27228,2351.458368400155
27229,2351.458368400155
27230,2351.458368400155
27231,2351.458368400155
27232,2351.458368400155
27233,2351.458368400155
27234,2351.458368400155
27235,2351.458368400155
27236,2351.458368400155
27237,2351.458368400155
27238,2351.458368400155
27239,2351.458368400155
27240,2351.458368400155
27241,2351.458368400155
27242,2351.458368400155
27243,2351.458368400155
27244,2351.458368400155
27245,2351.458368400155
27246,2351.458368400155
27247,2351.458368400155
27248,2351.458368400155
27249,2351.458368400155
27250,2351.458368400155
27251,2351.458368400155
27252,2351.458368400155
27253,2351.458368400155
27254,2351.458368400155
27255,2351.458368400155
27256,2351.458368400155
27257,2351.458368400155
27258,2351.458368400155
27259,2351.458368400155
27260,2351.458368400155
27261,2351.458368400155
27262,2351.458368400155
27263,2351.458368400155
27264,2351.458368400155
27265,2351.458368400155
27266,2351.458368400155
27267,2351.458368400155
27268,2351.458368400155
27269,2351.458368400155
27270,2351.458368400155
27271,2351.458368400155
27272,2351.458368400155
27273,2351.458368400155
27274,2351.458368400155
27275,2351.458368400155
27276,2351.458368400155
27277,2351.458368400155
27278,2351.458368400155
27279,2351.458368400155
27280,2351.458368400155
27281,2351.458368400155
27282,2351.458368400155
27283,2351.458368400155
27284,2351.458368400155
27285,2351.458368400155
27286,2351.458368400155
27287,2351.458368400155
27288,2351.458368400155
27289,2351.458368400155
27290,2351.458368400155
27291,2351.458368400155
27292,2351.458368400155
27293,2351.458368400155
27294,2351.458368400155
27295,2351.458368400155
27296,2351.458368400155
27297,2351.458368400155
27298,2351.458368400155
27299,2351.458368400155
27300,2351.458368400155
27301,2351.458368400155
27302,2351.458368400155
27303,2351.458368400155
27304,2351.458368400155
27305,2351.458368400155
27306,2351.458368400155
27307,2351.458368400155
27308,2351.458368400155
27309,2351.458368400155
27310,2351.458368400155
27311,2351.458368400155
27312,2351.458368400155
27313,2351.458368400155
27314,2351.458368400155
27315,2351.458368400155
27316,2351.458368400155
27317,2351.458368400155
27318,2351.458368400155
27319,2351.458368400155
27320,2351.458368400155
27321,2351.458368400155
27322,2351.458368400155
27323,2351.458368400155
27324,2351.458368400155
27325,2351.458368400155
27326,2351.458368400155
27327,2351.458368400155
27328,2351.458368400155
27329,2351.458368400155
27330,2351.458368400155
27331,2351.458368400155
27332,2351.458368400155
27333,2351.458368400155
27334,2351.458368400155
27335,2351.458368400155
27336,2351.458368400155
27337,2351.458368400155
27338,2351.458368400155
27339,2351.458368400155
27340,2351.458368400155
27341,2351.458368400155
27342,2351.458368400155
27343,2351.458368400155
27344,2351.458368400155
27345,2351.458368400155
27346,2351.458368400155
27347,2351.458368400155
27348,2351.458368400155
27349,2351.458368400155
27350,2351.458368400155
27351,2351.458368400155
27352,2351.458368400155
27353,2351.458368400155
27354,2351.458368400155
27355,2351.458368400155
27356,2351.458368400155
27357,2351.458368400155
27358,2351.458368400155
27359,2351.458368400155
27360,2351.458368400155
27361,2351.458368400155
27362,2351.458368400155
27363,2351.458368400155
27364,2351.458368400155
27365,2351.458368400155
27366,2351.458368400155
27367,2351.458368400155
27368,2351.458368400155
27369,2351.458368400155
27370,2351.458368400155
27371,2351.458368400155
27372,2351.458368400155
27373,2351.458368400155
27374,2351.458368400155
27375,2351.458368400155
27376,2351.458368400155
27377,2351.458368400155
27378,2351.458368400155
27379,2351.458368400155
27380,2351.458368400155
27381,2351.458368400155
27382,2351.458368400155
27383,2351.458368400155
27384,2351.458368400155
27385,2351.458368400155
27386,2351.458368400155
27387,2351.458368400155
27388,2351.458368400155
27389,2351.458368400155
27390,2351.458368400155
27391,2351.458368400155
27392,2351.458368400155
27393,2351.458368400155
27394,2351.458368400155
27395,2351.458368400155
27396,2351.458368400155
27397,2351.458368400155
27398,2351.458368400155
27399,2351.458368400155
27400,2351.458368400155
27401,2351.458368400155
27402,2351.458368400155
27403,2351.458368400155
27404,2351.458368400155
27405,2351.458368400155
27406,2351.458368400155
27407,2351.458368400155
27408,2351.458368400155
27409,2351.458368400155
27410,2351.458368400155
27411,2351.458368400155
27412,2351.458368400155
27413,2351.458368400155
27414,2351.458368400155
27415,2351.458368400155
27416,2351.458368400155
27417,2351.458368400155
27418,2351.458368400155
27419,2351.458368400155
27420,2351.458368400155
27421,2351.458368400155
27422,2351.458368400155
27423,2351.458368400155
27424,2351.458368400155
27425,2351.458368400155
27426,2351.458368400155
27427,2351.458368400155
27428,2351.458368400155
27429,2351.458368400155
27430,2351.458368400155
27431,2351.458368400155
27432,2351.458368400155
27433,2351.458368400155
27434,2351.458368400155
27435,2351.458368400155
27436,2351.458368400155
27437,2351.458368400155
27438,2351.458368400155
27439,2351.458368400155
27440,2351.458368400155
27441,2351.458368400155
27442,2351.458368400155
27443,2351.458368400155
27444,2351.458368400155
27445,2351.458368400155
27446,2351.458368400155
27447,2351.458368400155
27448,2351.458368400155
27449,2351.458368400155
27450,2351.458368400155
27451,2351.458368400155
27452,2351.458368400155
27453,2351.458368400155
27454,2351.458368400155
27455,2351.458368400155
27456,2351.458368400155
27457,2351.458368400155
27458,2351.458368400155
27459,2351.458368400155
27460,2351.458368400155
27461,2351.458368400155
27462,2351.458368400155
27463,2351.458368400155
27464,2351.458368400155
27465,2351.458368400155
27466,2351.458368400155
27467,2351.458368400155
27468,2351.458368400155
27469,2351.458368400155
27470,2351.458368400155
27471,2351.458368400155
27472,2351.458368400155
27473,2351.458368400155
27474,2351.458368400155
27475,2351.458368400155
27476,2351.458368400155
27477,2351.458368400155
27478,2351.458368400155
27479,2351.458368400155
27480,2351.458368400155
27481,2351.458368400155
27482,2351.458368400155
27483,2351.458368400155
27484,2351.458368400155
27485,2351.458368400155
27486,2351.458368400155
27487,2351.458368400155
27488,2351.458368400155
27489,2351.458368400155
27490,2351.458368400155
27491,2351.458368400155
27492,2351.458368400155
27493,2351.458368400155
27494,2351.458368400155
27495,2351.458368400155
27496,2351.458368400155
27497,2351.458368400155
27498,2351.458368400155
27499,2351.458368400155
27500,2351.458368400155
27501,2351.458368400155
27502,2351.458368400155
27503,2351.458368400155
27504,2351.458368400155
27505,2351.458368400155
27506,2351.458368400155
27507,2351.458368400155
27508,2351.458368400155
27509,2351.458368400155
27510,2351.458368400155
27511,2351.458368400155
27512,2351.458368400155
27513,2351.458368400155
27514,2351.458368400155
27515,2351.458368400155
27516,2351.458368400155
27517,2351.458368400155
27518,2351.458368400155
27519,2351.458368400155
27520,2351.458368400155
27521,2351.458368400155
27522,2351.458368400155
27523,2351.458368400155
27524,2351.458368400155
27525,2351.458368400155
27526,2351.458368400155
27527,2351.458368400155
27528,2351.458368400155
27529,2351.458368400155
27530,2351.458368400155
27531,2351.458368400155
27532,2351.458368400155
27533,2351.458368400155
27534,2351.458368400155
27535,2351.458368400155
27536,2351.458368400155
27537,2351.458368400155
27538,2351.458368400155
27539,2351.458368400155
27540,2351.458368400155
27541,2351.458368400155
27542,2351.458368400155
27543,2351.458368400155
27544,2351.458368400155
27545,2351.458368400155
27546,2351.458368400155
27547,2351.458368400155
27548,2351.458368400155
27549,2351.458368400155
27550,2351.458368400155
27551,2351.458368400155
27552,2351.458368400155
27553,2351.458368400155
27554,2351.458368400155
27555,2351.458368400155
27556,2351.458368400155
27557,2351.458368400155
27558,2351.458368400155
27559,2351.458368400155
27560,2351.458368400155
27561,2351.458368400155
27562,2351.458368400155
27563,2351.458368400155
27564,2351.458368400155
27565,2351.458368400155
27566,2351.458368400155
27567,2351.458368400155
27568,2351.458368400155
27569,2351.458368400155
27570,2351.458368400155
27571,2351.458368400155
27572,2351.458368400155
27573,2351.458368400155
27574,2351.458368400155
27575,2351.458368400155
27576,2351.458368400155
27577,2351.458368400155
27578,2351.458368400155
27579,2351.458368400155
27580,2351.458368400155
27581,2351.458368400155
27582,2351.458368400155
27583,2351.458368400155
27584,2351.458368400155
27585,2351.458368400155
27586,2351.458368400155
27587,2351.458368400155
27588,2351.458368400155
27589,2351.458368400155
27590,2351.458368400155
27591,2351.458368400155
27592,2351.458368400155
27593,2351.458368400155
27594,2351.458368400155
27595,2351.458368400155
27596,2351.458368400155
27597,2351.458368400155
27598,2351.458368400155
27599,2351.458368400155
27600,2351.458368400155
27601,2351.458368400155
27602,2351.458368400155
27603,2351.458368400155
27604,2351.458368400155
27605,2351.458368400155
27606,2351.458368400155
27607,2351.458368400155
27608,2351.458368400155
27609,2351.458368400155
27610,2351.458368400155
27611,2351.458368400155
27612,2351.458368400155
27613,2351.458368400155
27614,2351.458368400155
27615,2351.458368400155
27616,2351.458368400155
27617,2351.458368400155
27618,2351.458368400155
27619,2351.458368400155
27620,2351.458368400155
27621,2351.458368400155
27622,2351.458368400155
27623,2351.458368400155
27624,2351.458368400155
27625,2351.458368400155
27626,2351.458368400155
27627,2351.458368400155
27628,2351.458368400155
27629,2351.458368400155
27630,2351.458368400155
27631,2351.458368400155
27632,2351.458368400155
27633,2351.458368400155
27634,2351.458368400155
27635,2351.458368400155
27636,2351.458368400155
27637,2351.458368400155
27638,2351.458368400155
27639,2351.458368400155
27640,2351.458368400155
27641,2351.458368400155
27642,2351.458368400155
27643,2351.458368400155
27644,2351.458368400155
27645,2351.458368400155
27646,2351.458368400155
27647,2351.458368400155
27648,2351.458368400155
27649,2351.458368400155
27650,2351.458368400155
27651,2351.458368400155
27652,2351.458368400155
27653,2351.458368400155
27654,2351.458368400155
27655,2351.458368400155
27656,2351.458368400155
27657,2351.458368400155
27658,2351.458368400155
27659,2351.458368400155
27660,2351.458368400155
27661,2351.458368400155
27662,2351.458368400155
27663,2351.458368400155
27664,2351.458368400155
27665,2351.458368400155
27666,2351.458368400155
27667,2351.458368400155
27668,2351.458368400155
27669,2351.458368400155
27670,2351.458368400155
27671,2351.458368400155
27672,2351.458368400155
27673,2351.458368400155
27674,2351.458368400155
27675,2351.458368400155
27676,2351.458368400155
27677,2351.458368400155
27678,2351.458368400155
27679,2351.458368400155
27680,2351.458368400155
27681,2351.458368400155
27682,2351.458368400155
27683,2351.458368400155
27684,2351.458368400155
27685,2351.458368400155
27686,2351.458368400155
27687,2351.458368400155
27688,2351.458368400155
27689,2351.458368400155
27690,2351.458368400155
27691,2351.458368400155
27692,2351.458368400155
27693,2351.458368400155
27694,2351.458368400155
27695,2351.458368400155
27696,2351.458368400155
27697,2351.458368400155
27698,2351.458368400155
27699,2351.458368400155
27700,2351.458368400155
27701,2351.458368400155
27702,2351.458368400155
27703,2351.458368400155
27704,2351.458368400155
27705,2351.458368400155
27706,2351.458368400155
27707,2351.458368400155
27708,2351.458368400155
27709,2351.458368400155
27710,2351.458368400155
27711,2351.458368400155
27712,2351.458368400155
27713,2351.458368400155
27714,2351.458368400155
27715,2351.458368400155
27716,2351.458368400155
27717,2351.458368400155
27718,2351.458368400155
27719,2351.458368400155
27720,2351.458368400155
27721,2351.458368400155
27722,2351.458368400155
27723,2351.458368400155
27724,2351.458368400155
27725,2351.458368400155
27726,2351.458368400155
27727,2351.458368400155
27728,2351.458368400155
27729,2351.458368400155
27730,2351.458368400155
27731,2351.458368400155
27732,2351.458368400155
27733,2351.458368400155
27734,2351.458368400155
27735,2351.458368400155
27736,2351.458368400155
27737,2351.458368400155
27738,2351.458368400155
27739,2351.458368400155
27740,2351.458368400155
27741,2351.458368400155
27742,2351.458368400155
27743,2351.458368400155
27744,2351.458368400155
27745,2351.458368400155
27746,2351.458368400155
27747,2351.458368400155
27748,2351.458368400155
27749,2351.458368400155
27750,2351.458368400155
27751,2351.458368400155
27752,2351.458368400155
27753,2351.458368400155
27754,2351.458368400155
27755,2351.458368400155
27756,2351.458368400155
27757,2351.458368400155
27758,2351.458368400155
27759,2351.458368400155
27760,2351.458368400155
27761,2351.458368400155
27762,2351.458368400155
27763,2351.458368400155
27764,2351.458368400155
27765,2351.458368400155
27766,2351.458368400155
27767,2351.458368400155
27768,2351.458368400155
27769,2351.458368400155
27770,2351.458368400155
27771,2351.458368400155
27772,2351.458368400155
27773,2351.458368400155
27774,2351.458368400155
27775,2351.458368400155
27776,2351.458368400155
27777,2351.458368400155
27778,2351.458368400155
27779,2351.458368400155
27780,2351.458368400155
27781,2351.458368400155
27782,2351.458368400155
27783,2351.458368400155
27784,2351.458368400155
27785,2351.458368400155
27786,2351.458368400155
27787,2351.458368400155
27788,2351.458368400155
27789,2351.458368400155
27790,2351.458368400155
27791,2351.458368400155
27792,2351.458368400155
27793,2351.458368400155
27794,2351.458368400155
27795,2351.458368400155
27796,2351.458368400155
27797,2351.458368400155
27798,2351.458368400155
27799,2351.458368400155
27800,2351.458368400155
27801,2351.458368400155
27802,2351.458368400155
27803,2351.458368400155
27804,2351.458368400155
27805,2351.458368400155
27806,2351.458368400155
27807,2351.458368400155
27808,2351.458368400155
27809,2351.458368400155
27810,2351.458368400155
27811,2351.458368400155
27812,2351.458368400155
27813,2351.458368400155
27814,2351.458368400155
27815,2351.458368400155
27816,2351.458368400155
27817,2351.458368400155
27818,2351.458368400155
27819,2351.458368400155
27820,2351.458368400155
27821,2351.458368400155
27822,2351.458368400155
27823,2351.458368400155
27824,2351.458368400155
27825,2351.458368400155
27826,2351.458368400155
27827,2351.458368400155
27828,2351.458368400155
27829,2351.458368400155
27830,2351.458368400155
27831,2351.458368400155
27832,2351.458368400155
27833,2351.458368400155
27834,2351.458368400155
27835,2351.458368400155
27836,2351.458368400155
27837,2351.458368400155
27838,2351.458368400155
27839,2351.458368400155
27840,2351.458368400155
27841,2351.458368400155
27842,2351.458368400155
27843,2351.458368400155
27844,2351.458368400155
27845,2351.458368400155
27846,2351.458368400155
27847,2351.458368400155
27848,2351.458368400155
27849,2351.458368400155
27850,2351.458368400155
27851,2351.458368400155
27852,2351.458368400155
27853,2351.458368400155
27854,2351.458368400155
27855,2351.458368400155
27856,2351.458368400155
27857,2351.458368400155
27858,2351.458368400155
27859,2351.458368400155
27860,2351.458368400155
27861,2351.458368400155
27862,2351.458368400155
27863,2351.458368400155
27864,2351.458368400155
27865,2351.458368400155
27866,2351.458368400155
27867,2351.458368400155
27868,2351.458368400155
27869,2351.458368400155
27870,2351.458368400155
27871,2351.458368400155
27872,2351.458368400155
27873,2351.458368400155
27874,2351.458368400155
27875,2351.458368400155
27876,2351.458368400155
27877,2351.458368400155
27878,2351.458368400155
27879,2351.458368400155
27880,2351.458368400155
27881,2351.458368400155
27882,2351.458368400155
27883,2351.458368400155
27884,2351.458368400155
27885,2351.458368400155
27886,2351.458368400155
27887,2351.458368400155
27888,2351.458368400155
27889,2351.458368400155
27890,2351.458368400155
27891,2351.458368400155
27892,2351.458368400155
27893,2351.458368400155
27894,2351.458368400155
27895,2351.458368400155
27896,2351.458368400155
27897,2351.458368400155
27898,2351.458368400155
27899,2351.458368400155
27900,2351.458368400155
27901,2351.458368400155
27902,2351.458368400155
27903,2351.458368400155
27904,2351.458368400155
27905,2351.458368400155
27906,2351.458368400155
27907,2351.458368400155
27908,2351.458368400155
27909,2351.458368400155
27910,2351.458368400155
27911,2351.458368400155
27912,2351.458368400155
27913,2351.458368400155
27914,2351.458368400155
27915,2351.458368400155
27916,2351.458368400155
27917,2351.458368400155
27918,2351.458368400155
27919,2351.458368400155
27920,2351.458368400155
27921,2351.458368400155
27922,2351.458368400155
27923,2351.458368400155
27924,2351.458368400155
27925,2351.458368400155
27926,2351.458368400155
27927,2351.458368400155
27928,2351.458368400155
27929,2351.458368400155
27930,2351.458368400155
27931,2351.458368400155
27932,2351.458368400155
27933,2351.458368400155
27934,2351.458368400155
27935,2351.458368400155
27936,2351.458368400155
27937,2351.458368400155
27938,2351.458368400155
27939,2351.458368400155
27940,2351.458368400155
27941,2351.458368400155
27942,2351.458368400155
27943,2351.458368400155
27944,2351.458368400155
27945,2351.458368400155
27946,2351.458368400155
27947,2351.458368400155
27948,2351.458368400155
27949,2351.458368400155
27950,2351.458368400155
27951,2351.458368400155
27952,2351.458368400155
27953,2351.458368400155
27954,2351.458368400155
27955,2351.458368400155
27956,2351.458368400155
27957,2351.458368400155
27958,2351.458368400155
27959,2351.458368400155
27960,2351.458368400155
27961,2351.458368400155
27962,2351.458368400155
27963,2351.458368400155
27964,2351.458368400155
27965,2351.458368400155
27966,2351.458368400155
27967,2351.458368400155
27968,2351.458368400155
27969,2351.458368400155
27970,2351.458368400155
27971,2351.458368400155
27972,2351.458368400155
27973,2351.458368400155
27974,2351.458368400155
27975,2351.458368400155
27976,2351.458368400155
27977,2351.458368400155
27978,2351.458368400155
27979,2351.458368400155
27980,2351.458368400155
27981,2351.458368400155
27982,2351.458368400155
27983,2351.458368400155
27984,2351.458368400155
27985,2351.458368400155
27986,2351.458368400155
27987,2351.458368400155
27988,2351.458368400155
27989,2351.458368400155
27990,2351.458368400155
27991,2351.458368400155
27992,2351.458368400155
27993,2351.458368400155
27994,2351.458368400155
27995,2351.458368400155
27996,2351.458368400155
27997,2351.458368400155
27998,2351.458368400155
27999,2351.458368400155
28000,2351.458368400155
28001,2351.458368400155
28002,2351.458368400155
28003,2351.458368400155
28004,2351.458368400155
28005,2351.458368400155
28006,2351.458368400155
28007,2351.458368400155
28008,2351.458368400155
28009,2351.458368400155
28010,2351.458368400155
28011,2351.458368400155
28012,2351.458368400155
28013,2351.458368400155
28014,2351.458368400155
28015,2351.458368400155
28016,2351.458368400155
28017,2351.458368400155
28018,2351.458368400155
28019,2351.458368400155
28020,2351.458368400155
28021,2351.458368400155
28022,2351.458368400155
28023,2351.458368400155
28024,2351.458368400155
28025,2351.458368400155
28026,2351.458368400155
28027,2351.458368400155
28028,2351.458368400155
28029,2351.458368400155
28030,2351.458368400155
28031,2351.458368400155
28032,2351.458368400155
28033,2351.458368400155
28034,2351.458368400155
28035,2351.458368400155
28036,2351.458368400155
28037,2351.458368400155
28038,2351.458368400155
28039,2351.458368400155
28040,2351.458368400155
28041,2351.458368400155
28042,2351.458368400155
28043,2351.458368400155
28044,2351.458368400155
28045,2351.458368400155
28046,2351.458368400155
28047,2351.458368400155
28048,2351.458368400155
28049,2351.458368400155
28050,2351.458368400155
28051,2351.458368400155
28052,2351.458368400155
28053,2351.458368400155
28054,2351.458368400155
28055,2351.458368400155
28056,2351.458368400155
28057,2351.458368400155
28058,2351.458368400155
28059,2351.458368400155
28060,2351.458368400155
28061,2351.458368400155
28062,2351.458368400155
28063,2351.458368400155
28064,2351.458368400155
28065,2351.458368400155
28066,2351.458368400155
28067,2351.458368400155
28068,2351.458368400155
28069,2351.458368400155
28070,2351.458368400155
28071,2351.458368400155
28072,2351.458368400155
28073,2351.458368400155
28074,2351.458368400155
28075,2351.458368400155
28076,2351.458368400155
28077,2351.458368400155
28078,2351.458368400155
28079,2351.458368400155
28080,2351.458368400155
28081,2351.458368400155
28082,2351.458368400155
28083,2351.458368400155
28084,2351.458368400155
28085,2351.458368400155
28086,2351.458368400155
28087,2351.458368400155
28088,2351.458368400155
28089,2351.458368400155
28090,2351.458368400155
28091,2351.458368400155
28092,2351.458368400155
28093,2351.458368400155
28094,2351.458368400155
28095,2351.458368400155
28096,2351.458368400155
28097,2351.458368400155
28098,2351.458368400155
28099,2351.458368400155
28100,2351.458368400155
28101,2351.458368400155
28102,2351.458368400155
28103,2351.458368400155
28104,2351.458368400155
28105,2351.458368400155
28106,2351.458368400155
28107,2351.458368400155
28108,2351.458368400155
28109,2351.458368400155
28110,2351.458368400155
28111,2351.458368400155
28112,2351.458368400155
28113,2351.458368400155
28114,2351.458368400155
28115,2351.458368400155
28116,2351.458368400155
28117,2351.458368400155
28118,2351.458368400155
28119,2351.458368400155
28120,2351.458368400155
28121,2351.458368400155
28122,2351.458368400155
28123,2351.458368400155
28124,2351.458368400155
28125,2351.458368400155
28126,2351.458368400155
28127,2351.458368400155
28128,2351.458368400155
28129,2351.458368400155
28130,2351.458368400155
28131,2351.458368400155
28132,2351.458368400155
28133,2351.458368400155
28134,2351.458368400155
28135,2351.458368400155
28136,2351.458368400155
28137,2351.458368400155
28138,2351.458368400155
28139,2351.458368400155
28140,2351.458368400155
28141,2351.458368400155
28142,2351.458368400155
28143,2351.458368400155
28144,2351.458368400155
28145,2351.458368400155
28146,2351.458368400155
28147,2351.458368400155
28148,2351.458368400155
28149,2351.458368400155
28150,2351.458368400155
28151,2351.458368400155
28152,2351.458368400155
28153,2351.458368400155
28154,2351.458368400155
28155,2351.458368400155
28156,2351.458368400155
28157,2351.458368400155
28158,2351.458368400155
28159,2351.458368400155
28160,2351.458368400155
28161,2351.458368400155
28162,2351.458368400155
28163,2351.458368400155
28164,2351.458368400155
28165,2351.458368400155
28166,2351.458368400155
28167,2351.458368400155
28168,2351.458368400155
28169,2351.458368400155
28170,2351.458368400155
28171,2351.458368400155
28172,2351.458368400155
28173,2351.458368400155
28174,2351.458368400155
28175,2351.458368400155
28176,2351.458368400155
28177,2351.458368400155
28178,2351.458368400155
28179,2351.458368400155
28180,2351.458368400155
28181,2351.458368400155
28182,2351.458368400155
28183,2351.458368400155
28184,2351.458368400155
28185,2351.458368400155
28186,2351.458368400155
28187,2351.458368400155
28188,2351.458368400155
28189,2351.458368400155
28190,2351.458368400155
28191,2351.458368400155
28192,2351.458368400155
28193,2351.458368400155
28194,2351.458368400155
28195,2351.458368400155
28196,2351.458368400155
28197,2351.458368400155
28198,2351.458368400155
28199,2351.458368400155
28200,2351.458368400155
28201,2351.458368400155
28202,2351.458368400155
28203,2351.458368400155
28204,2351.458368400155
28205,2351.458368400155
28206,2351.458368400155
28207,2351.458368400155
28208,2351.458368400155
28209,2351.458368400155
28210,2351.458368400155
28211,2351.458368400155
28212,2351.458368400155
28213,2351.458368400155
28214,2351.458368400155
28215,2351.458368400155
28216,2351.458368400155
28217,2351.458368400155
28218,2351.458368400155
28219,2351.458368400155
28220,2351.458368400155
28221,2351.458368400155
28222,2351.458368400155
28223,2351.458368400155
28224,2351.458368400155
28225,2351.458368400155
28226,2351.458368400155
28227,2351.458368400155
28228,2351.458368400155
28229,2351.458368400155
28230,2351.458368400155
28231,2351.458368400155
28232,2351.458368400155
28233,2351.458368400155
28234,2351.458368400155
28235,2351.458368400155
28236,2351.458368400155
28237,2351.458368400155
28238,2351.458368400155
28239,2351.458368400155
28240,2351.458368400155
28241,2351.458368400155
28242,2351.458368400155
28243,2351.458368400155
28244,2351.458368400155
28245,2351.458368400155
28246,2351.458368400155
28247,2351.458368400155
28248,2351.458368400155
28249,2351.458368400155
28250,2351.458368400155
28251,2351.458368400155
28252,2351.458368400155
28253,2351.458368400155
28254,2351.458368400155
28255,2351.458368400155
28256,2351.458368400155
28257,2351.458368400155
28258,2351.458368400155
28259,2351.458368400155
28260,2351.458368400155
28261,2351.458368400155
28262,2351.458368400155
28263,2351.458368400155
28264,2351.458368400155
28265,2351.458368400155
28266,2351.458368400155
28267,2351.458368400155
28268,2351.458368400155
28269,2351.458368400155
28270,2351.458368400155
28271,2351.458368400155
28272,2351.458368400155
28273,2351.458368400155
28274,2351.458368400155
28275,2351.458368400155
28276,2351.458368400155
28277,2351.458368400155
28278,2351.458368400155
28279,2351.458368400155
28280,2351.458368400155
28281,2351.458368400155
28282,2351.458368400155
28283,2351.458368400155
28284,2351.458368400155
28285,2351.458368400155
28286,2351.458368400155
28287,2351.458368400155
28288,2351.458368400155
28289,2351.458368400155
28290,2351.458368400155
28291,2351.458368400155
28292,2351.458368400155
28293,2351.458368400155
28294,2351.458368400155
28295,2351.458368400155
28296,2351.458368400155
28297,2351.458368400155
28298,2351.458368400155
28299,2351.458368400155
28300,2351.458368400155
28301,2351.458368400155
28302,2351.458368400155
28303,2351.458368400155
28304,2351.458368400155
28305,2351.458368400155
28306,2351.458368400155
28307,2351.458368400155
28308,2351.458368400155
28309,2351.458368400155
28310,2351.458368400155
28311,2351.458368400155
28312,2351.458368400155
28313,2351.458368400155
28314,2351.458368400155
28315,2351.458368400155
28316,2351.458368400155
28317,2351.458368400155
28318,2351.458368400155
28319,2351.458368400155
28320,2351.458368400155
28321,2351.458368400155
28322,2351.458368400155
28323,2351.458368400155
28324,2351.458368400155
28325,2351.458368400155
28326,2351.458368400155
28327,2351.458368400155
28328,2351.458368400155
28329,2351.458368400155
28330,2351.458368400155
28331,2351.458368400155
28332,2351.458368400155
28333,2351.458368400155
28334,2351.458368400155
28335,2351.458368400155
28336,2351.458368400155
28337,2351.458368400155
28338,2351.458368400155
28339,2351.458368400155
28340,2351.458368400155
28341,2351.458368400155
28342,2351.458368400155
28343,2351.458368400155
28344,2351.458368400155
28345,2351.458368400155
28346,2351.458368400155
28347,2351.458368400155
28348,2351.458368400155
28349,2351.458368400155
28350,2351.458368400155
28351,2351.458368400155
28352,2351.458368400155
28353,2351.458368400155
28354,2351.458368400155
28355,2351.458368400155
28356,2351.458368400155
28357,2351.458368400155
28358,2351.458368400155
28359,2351.458368400155
28360,2351.458368400155
28361,2351.458368400155
28362,2351.458368400155
28363,2351.458368400155
28364,2351.458368400155
28365,2351.458368400155
28366,2351.458368400155
28367,2351.458368400155
28368,2351.458368400155
28369,2351.458368400155
28370,2351.458368400155
28371,2351.458368400155
28372,2351.458368400155
28373,2351.458368400155
28374,2351.458368400155
28375,2351.458368400155
28376,2351.458368400155
28377,2351.458368400155
28378,2351.458368400155
28379,2351.458368400155
28380,2351.458368400155
28381,2351.458368400155
28382,2351.458368400155
28383,2351.458368400155
28384,2351.458368400155
28385,2351.458368400155
28386,2351.458368400155
28387,2351.458368400155
28388,2351.458368400155
28389,2351.458368400155
28390,2351.458368400155
28391,2351.458368400155
28392,2351.458368400155
28393,2351.458368400155
28394,2351.458368400155
28395,2351.458368400155
28396,2351.458368400155
28397,2351.458368400155
28398,2351.458368400155
28399,2351.458368400155
28400,2351.458368400155
28401,2351.458368400155
28402,2351.458368400155
28403,2351.458368400155
28404,2351.458368400155
28405,2351.458368400155
28406,2351.458368400155
28407,2351.458368400155
28408,2351.458368400155
28409,2351.458368400155
28410,2351.458368400155
28411,2351.458368400155
28412,2351.458368400155
28413,2351.458368400155
28414,2351.458368400155
28415,2351.458368400155
28416,2351.458368400155
28417,2351.458368400155
28418,2351.458368400155
28419,2351.458368400155
28420,2351.458368400155
28421,2351.458368400155
28422,2351.458368400155
28423,2351.458368400155
28424,2351.458368400155
28425,2351.458368400155
28426,2351.458368400155
28427,2351.458368400155
28428,2351.458368400155
28429,2351.458368400155
28430,2351.458368400155
28431,2351.458368400155
28432,2351.458368400155
28433,2351.458368400155
28434,2351.458368400155
28435,2351.458368400155
28436,2351.458368400155
28437,2351.458368400155
28438,2351.458368400155
28439,2351.458368400155
28440,2351.458368400155
28441,2351.458368400155
28442,2351.458368400155
28443,2351.458368400155
28444,2351.458368400155
28445,2351.458368400155
28446,2351.458368400155
28447,2351.458368400155
28448,2351.458368400155
28449,2351.458368400155
28450,2351.458368400155
28451,2351.458368400155
28452,2351.458368400155
28453,2351.458368400155
28454,2351.458368400155
28455,2351.458368400155
28456,2351.458368400155
28457,2351.458368400155
28458,2351.458368400155
28459,2351.458368400155
28460,2351.458368400155
28461,2351.458368400155
28462,2351.458368400155
28463,2351.458368400155
28464,2351.458368400155
28465,2351.458368400155
28466,2351.458368400155
28467,2351.458368400155
28468,2351.458368400155
28469,2351.458368400155
28470,2351.458368400155
28471,2351.458368400155
28472,2351.458368400155
28473,2351.458368400155
28474,2351.458368400155
28475,2351.458368400155
28476,2351.458368400155
28477,2351.458368400155
28478,2351.458368400155
28479,2351.458368400155
28480,2351.458368400155
28481,2351.458368400155
28482,2351.458368400155
28483,2351.458368400155
28484,2351.458368400155
28485,2351.458368400155
28486,2351.458368400155
28487,2351.458368400155
28488,2351.458368400155
28489,2351.458368400155
28490,2351.458368400155
28491,2351.458368400155
28492,2351.458368400155
28493,2351.458368400155
28494,2351.458368400155
28495,2351.458368400155
28496,2351.458368400155
28497,2351.458368400155
28498,2351.458368400155
28499,2351.458368400155
28500,2351.458368400155
28501,2351.458368400155
28502,2351.458368400155
28503,2351.458368400155
28504,2351.458368400155
28505,2351.458368400155
28506,2351.458368400155
28507,2351.458368400155
28508,2351.458368400155
28509,2351.458368400155
28510,2351.458368400155
28511,2351.458368400155
28512,2351.458368400155
28513,2351.458368400155
28514,2351.458368400155
28515,2351.458368400155
28516,2351.458368400155
28517,2351.458368400155
28518,2351.458368400155
28519,2351.458368400155
28520,2351.458368400155
28521,2351.458368400155
28522,2351.458368400155
28523,2351.458368400155
28524,2351.458368400155
28525,2351.458368400155
28526,2351.458368400155
28527,2351.458368400155
28528,2351.458368400155
28529,2351.458368400155
28530,2351.458368400155
28531,2351.458368400155
28532,2351.458368400155
28533,2351.458368400155
28534,2351.458368400155
28535,2351.458368400155
28536,2351.458368400155
28537,2351.458368400155
28538,2351.458368400155
28539,2351.458368400155
28540,2351.458368400155
28541,2351.458368400155
28542,2351.458368400155
28543,2351.458368400155
28544,2351.458368400155
28545,2351.458368400155
28546,2351.458368400155
28547,2351.458368400155
28548,2351.458368400155
28549,2351.458368400155
28550,2351.458368400155
28551,2351.458368400155
28552,2351.458368400155
28553,2351.458368400155
28554,2351.458368400155
28555,2351.458368400155
28556,2351.458368400155
28557,2351.458368400155
28558,2351.458368400155
28559,2351.458368400155
28560,2351.458368400155
28561,2351.458368400155
28562,2351.458368400155
28563,2351.458368400155
28564,2351.458368400155
28565,2351.458368400155
28566,2351.458368400155
28567,2351.458368400155
28568,2351.458368400155
28569,2351.458368400155
28570,2351.458368400155
28571,2351.458368400155
28572,2351.458368400155
28573,2351.458368400155
28574,2351.458368400155
28575,2351.458368400155
28576,2351.458368400155
28577,2351.458368400155
28578,2351.458368400155
28579,2351.458368400155
28580,2351.458368400155
28581,2351.458368400155
28582,2351.458368400155
28583,2351.458368400155
28584,2351.458368400155
28585,2351.458368400155
28586,2351.458368400155
28587,2351.458368400155
28588,2351.458368400155
28589,2351.458368400155
28590,2351.458368400155
28591,2351.458368400155
28592,2351.458368400155
28593,2351.458368400155
28594,2351.458368400155
28595,2351.458368400155
28596,2351.458368400155
28597,2351.458368400155
28598,2351.458368400155
28599,2351.458368400155
28600,2351.458368400155
28601,2351.458368400155
28602,2351.458368400155
28603,2351.458368400155
28604,2351.458368400155
28605,2351.458368400155
28606,2351.458368400155
28607,2351.458368400155
28608,2351.458368400155
28609,2351.458368400155
28610,2351.458368400155
28611,2351.458368400155
28612,2351.458368400155
28613,2351.458368400155
28614,2351.458368400155
28615,2351.458368400155
28616,2351.458368400155
28617,2351.458368400155
28618,2351.458368400155
28619,2351.458368400155
28620,2351.458368400155
28621,2351.458368400155
28622,2351.458368400155
28623,2351.458368400155
28624,2351.458368400155
28625,2351.458368400155
28626,2351.458368400155
28627,2351.458368400155
28628,2351.458368400155
28629,2351.458368400155
28630,2351.458368400155
28631,2351.458368400155
28632,2351.458368400155
28633,2351.458368400155
28634,2351.458368400155
28635,2351.458368400155
28636,2351.458368400155
28637,2351.458368400155
28638,2351.458368400155
28639,2351.458368400155
28640,2351.458368400155
28641,2351.458368400155
28642,2351.458368400155
28643,2351.458368400155
28644,2351.458368400155
28645,2351.458368400155
28646,2351.458368400155
28647,2351.458368400155
28648,2351.458368400155
28649,2351.458368400155
28650,2351.458368400155
28651,2351.458368400155
28652,2351.458368400155
28653,2351.458368400155
28654,2351.458368400155
28655,2351.458368400155
28656,2351.458368400155
28657,2351.458368400155
28658,2351.458368400155
28659,2351.458368400155
28660,2351.458368400155
28661,2351.458368400155
28662,2351.458368400155
28663,2351.458368400155
28664,2351.458368400155
28665,2351.458368400155
28666,2351.458368400155
28667,2351.458368400155
28668,2351.458368400155
28669,2351.458368400155
28670,2351.458368400155
28671,2351.458368400155
28672,2351.458368400155
28673,2351.458368400155
28674,2351.458368400155
28675,2351.458368400155
28676,2351.458368400155
28677,2351.458368400155
28678,2351.458368400155
28679,2351.458368400155
28680,2351.458368400155
28681,2351.458368400155
28682,2351.458368400155
28683,2351.458368400155
28684,2351.458368400155
28685,2351.458368400155
28686,2351.458368400155
28687,2351.458368400155
28688,2351.458368400155
28689,2351.458368400155
28690,2351.458368400155
28691,2351.458368400155
28692,2351.458368400155
28693,2351.458368400155
28694,2351.458368400155
28695,2351.458368400155
28696,2351.458368400155
28697,2351.458368400155
28698,2351.458368400155
28699,2351.458368400155
28700,2351.458368400155
28701,2351.458368400155
28702,2351.458368400155
28703,2351.458368400155
28704,2351.458368400155
28705,2351.458368400155
28706,2351.458368400155
28707,2351.458368400155
28708,2351.458368400155
28709,2351.458368400155
28710,2351.458368400155
28711,2351.458368400155
28712,2351.458368400155
28713,2351.458368400155
28714,2351.458368400155
28715,2351.458368400155
28716,2351.458368400155
28717,2351.458368400155
28718,2351.458368400155
28719,2351.458368400155
28720,2351.458368400155
28721,2351.458368400155
28722,2351.458368400155
28723,2351.458368400155
28724,2351.458368400155
28725,2351.458368400155
28726,2351.458368400155
28727,2351.458368400155
28728,2351.458368400155
28729,2351.458368400155
28730,2351.458368400155
28731,2351.458368400155
28732,2351.458368400155
28733,2351.458368400155
28734,2351.458368400155
28735,2351.458368400155
28736,2351.458368400155
28737,2351.458368400155
28738,2351.458368400155
28739,2351.458368400155
28740,2351.458368400155
28741,2351.458368400155
28742,2351.458368400155
28743,2351.458368400155
28744,2351.458368400155
28745,2351.458368400155
28746,2351.458368400155
28747,2351.458368400155
28748,2351.458368400155
28749,2351.458368400155
28750,2351.458368400155
28751,2351.458368400155
28752,2351.458368400155
28753,2351.458368400155
28754,2351.458368400155
28755,2351.458368400155
28756,2351.458368400155
28757,2351.458368400155
28758,2351.458368400155
28759,2351.458368400155
28760,2351.458368400155
28761,2351.458368400155
28762,2351.458368400155
28763,2351.458368400155
28764,2351.458368400155
28765,2351.458368400155
28766,2351.458368400155
28767,2351.458368400155
28768,2351.458368400155
28769,2351.458368400155
28770,2351.458368400155
28771,2351.458368400155
28772,2351.458368400155
28773,2351.458368400155
28774,2351.458368400155
28775,2351.458368400155
28776,2351.458368400155
28777,2351.458368400155
28778,2351.458368400155
28779,2351.458368400155
28780,2351.458368400155
28781,2351.458368400155
28782,2351.458368400155
28783,2351.458368400155
28784,2351.458368400155
28785,2351.458368400155
28786,2351.458368400155
28787,2351.458368400155
28788,2351.458368400155
28789,2351.458368400155
28790,2351.458368400155
28791,2351.458368400155
28792,2351.458368400155
28793,2351.458368400155
28794,2351.458368400155
28795,2351.458368400155
28796,2351.458368400155
28797,2351.458368400155
28798,2351.458368400155
28799,2351.458368400155
28800,2351.458368400155
28801,2351.458368400155
28802,2351.458368400155
28803,2351.458368400155
28804,2351.458368400155
28805,2351.458368400155
28806,2351.458368400155
28807,2351.458368400155
28808,2351.458368400155
28809,2351.458368400155
28810,2351.458368400155
28811,2351.458368400155
28812,2351.458368400155
28813,2351.458368400155
28814,2351.458368400155
28815,2351.458368400155
28816,2351.458368400155
28817,2351.458368400155
28818,2351.458368400155
28819,2351.458368400155
28820,2351.458368400155
28821,2351.458368400155
28822,2351.458368400155
28823,2351.458368400155
28824,2351.458368400155
28825,2351.458368400155
28826,2351.458368400155
28827,2351.458368400155
28828,2351.458368400155
28829,2351.458368400155
28830,2351.458368400155
28831,2351.458368400155
28832,2351.458368400155
28833,2351.458368400155
28834,2351.458368400155
28835,2351.458368400155
28836,2351.458368400155
28837,2351.458368400155
28838,2351.458368400155
28839,2351.458368400155
28840,2351.458368400155
28841,2351.458368400155
28842,2351.458368400155
28843,2351.458368400155
28844,2351.458368400155
28845,2351.458368400155
28846,2351.458368400155
28847,2351.458368400155
28848,2351.458368400155
28849,2351.458368400155
28850,2351.458368400155
28851,2351.458368400155
28852,2351.458368400155
28853,2351.458368400155
28854,2351.458368400155
28855,2351.458368400155
28856,2351.458368400155
28857,2351.458368400155
28858,2351.458368400155
28859,2351.458368400155
28860,2351.458368400155
28861,2351.458368400155
28862,2351.458368400155
28863,2351.458368400155
28864,2351.458368400155
28865,2351.458368400155
28866,2351.458368400155
28867,2351.458368400155
28868,2351.458368400155
28869,2351.458368400155
28870,2351.458368400155
28871,2351.458368400155
28872,2351.458368400155
28873,2351.458368400155
28874,2351.458368400155
28875,2351.458368400155
28876,2351.458368400155
28877,2351.458368400155
28878,2351.458368400155
28879,2351.458368400155
28880,2351.458368400155
28881,2351.458368400155
28882,2351.458368400155
28883,2351.458368400155
28884,2351.458368400155
28885,2351.458368400155
28886,2351.458368400155
28887,2351.458368400155
28888,2351.458368400155
28889,2351.458368400155
28890,2351.458368400155
28891,2351.458368400155
28892,2351.458368400155
28893,2351.458368400155
28894,2351.458368400155
28895,2351.458368400155
28896,2351.458368400155
28897,2351.458368400155
28898,2351.458368400155
28899,2351.458368400155
28900,2351.458368400155
28901,2351.458368400155
28902,2351.458368400155
28903,2351.458368400155
28904,2351.458368400155
28905,2351.458368400155
28906,2351.458368400155
28907,2351.458368400155
28908,2351.458368400155
28909,2351.458368400155
28910,2351.458368400155
28911,2351.458368400155
28912,2351.458368400155
28913,2351.458368400155
28914,2351.458368400155
28915,2351.458368400155
28916,2351.458368400155
28917,2351.458368400155
28918,2351.458368400155
28919,2351.458368400155
28920,2351.458368400155
28921,2351.458368400155
28922,2351.458368400155
28923,2351.458368400155
28924,2351.458368400155
28925,2351.458368400155
28926,2351.458368400155
28927,2351.458368400155
28928,2351.458368400155
28929,2351.458368400155
28930,2351.458368400155
28931,2351.458368400155
28932,2351.458368400155
28933,2351.458368400155
28934,2351.458368400155
28935,2351.458368400155
28936,2351.458368400155
28937,2351.458368400155
28938,2351.458368400155
28939,2351.458368400155
28940,2351.458368400155
28941,2351.458368400155
28942,2351.458368400155
28943,2351.458368400155
28944,2351.458368400155
28945,2351.458368400155
28946,2351.458368400155
28947,2351.458368400155
28948,2351.458368400155
28949,2351.458368400155
28950,2351.458368400155
28951,2351.458368400155
28952,2351.458368400155
28953,2351.458368400155
28954,2351.458368400155
28955,2351.458368400155
28956,2351.458368400155
28957,2351.458368400155
28958,2351.458368400155
28959,2351.458368400155
28960,2351.458368400155
28961,2351.458368400155
28962,2351.458368400155
28963,2351.458368400155
28964,2351.458368400155
28965,2351.458368400155
28966,2351.458368400155
28967,2351.458368400155
28968,2351.458368400155
28969,2351.458368400155
28970,2351.458368400155
28971,2351.458368400155
28972,2351.458368400155
28973,2351.458368400155
28974,2351.458368400155
28975,2351.458368400155
28976,2351.458368400155
28977,2351.458368400155
28978,2351.458368400155
28979,2351.458368400155
28980,2351.458368400155
28981,2351.458368400155
28982,2351.458368400155
28983,2351.458368400155
28984,2351.458368400155
28985,2351.458368400155
28986,2351.458368400155
28987,2351.458368400155
28988,2351.458368400155
28989,2351.458368400155
28990,2351.458368400155
28991,2351.458368400155
28992,2351.458368400155
28993,2351.458368400155
28994,2351.458368400155
28995,2351.458368400155
28996,2351.458368400155
28997,2351.458368400155
28998,2351.458368400155
28999,2351.458368400155
29000,2351.458368400155
29001,2351.458368400155
29002,2351.458368400155
29003,2351.458368400155
29004,2351.458368400155
29005,2351.458368400155
29006,2351.458368400155
29007,2351.458368400155
29008,2351.458368400155
29009,2351.458368400155
29010,2351.458368400155
29011,2351.458368400155
29012,2351.458368400155
29013,2351.458368400155
29014,2351.458368400155
29015,2351.458368400155
29016,2351.458368400155
29017,2351.458368400155
29018,2351.458368400155
29019,2351.458368400155
29020,2351.458368400155
29021,2351.458368400155
29022,2351.458368400155
29023,2351.458368400155
29024,2351.458368400155
29025,2351.458368400155
29026,2351.458368400155
29027,2351.458368400155
29028,2351.458368400155
29029,2351.458368400155
29030,2351.458368400155
29031,2351.458368400155
29032,2351.458368400155
29033,2351.458368400155
29034,2351.458368400155
29035,2351.458368400155
29036,2351.458368400155
29037,2351.458368400155
29038,2351.458368400155
29039,2351.458368400155
29040,2351.458368400155
29041,2351.458368400155
29042,2351.458368400155
29043,2351.458368400155
29044,2351.458368400155
29045,2351.458368400155
29046,2351.458368400155
29047,2351.458368400155
29048,2351.458368400155
29049,2351.458368400155
29050,2351.458368400155
29051,2351.458368400155
29052,2351.458368400155
29053,2351.458368400155
29054,2351.458368400155
29055,2351.458368400155
29056,2351.458368400155
29057,2351.458368400155
29058,2351.458368400155
29059,2351.458368400155
29060,2351.458368400155
29061,2351.458368400155
29062,2351.458368400155
29063,2351.458368400155
29064,2351.458368400155
29065,2351.458368400155
29066,2351.458368400155
29067,2351.458368400155
29068,2351.458368400155
29069,2351.458368400155
29070,2351.458368400155
29071,2351.458368400155
29072,2351.458368400155
29073,2351.458368400155
29074,2351.458368400155
29075,2351.458368400155
29076,2351.458368400155
29077,2351.458368400155
29078,2351.458368400155
29079,2351.458368400155
29080,2351.458368400155
29081,2351.458368400155
29082,2351.458368400155
29083,2351.458368400155
29084,2351.458368400155
29085,2351.458368400155
29086,2351.458368400155
29087,2351.458368400155
29088,2351.458368400155
29089,2351.458368400155
29090,2351.458368400155
29091,2351.458368400155
29092,2351.458368400155
29093,2351.458368400155
29094,2351.458368400155
29095,2351.458368400155
29096,2351.458368400155
29097,2351.458368400155
29098,2351.458368400155
29099,2351.458368400155
29100,2351.458368400155
29101,2351.458368400155
29102,2351.458368400155
29103,2351.458368400155
29104,2351.458368400155
29105,2351.458368400155
29106,2351.458368400155
29107,2351.458368400155
29108,2351.458368400155
29109,2351.458368400155
29110,2351.458368400155
29111,2351.458368400155
29112,2351.458368400155
29113,2351.458368400155
29114,2351.458368400155
29115,2351.458368400155
29116,2351.458368400155
29117,2351.458368400155
29118,2351.458368400155
29119,2351.458368400155
29120,2351.458368400155
29121,2351.458368400155
29122,2351.458368400155
29123,2351.458368400155
29124,2351.458368400155
29125,2351.458368400155
29126,2351.458368400155
29127,2351.458368400155
29128,2351.458368400155
29129,2351.458368400155
29130,2351.458368400155
29131,2351.458368400155
29132,2351.458368400155
29133,2351.458368400155
29134,2351.458368400155
29135,2351.458368400155
29136,2351.458368400155
29137,2351.458368400155
29138,2351.458368400155
29139,2351.458368400155
29140,2351.458368400155
29141,2351.458368400155
29142,2351.458368400155
29143,2351.458368400155
29144,2351.458368400155
29145,2351.458368400155
29146,2351.458368400155
29147,2351.458368400155
29148,2351.458368400155
29149,2351.458368400155
29150,2351.458368400155
29151,2351.458368400155
29152,2351.458368400155
29153,2351.458368400155
29154,2351.458368400155
29155,2351.458368400155
29156,2351.458368400155
29157,2351.458368400155
29158,2351.458368400155
29159,2351.458368400155
29160,2351.458368400155
29161,2351.458368400155
29162,2351.458368400155
29163,2351.458368400155
29164,2351.458368400155
29165,2351.458368400155
29166,2351.458368400155
29167,2351.458368400155
29168,2351.458368400155
29169,2351.458368400155
29170,2351.458368400155
29171,2351.458368400155
29172,2351.458368400155
29173,2351.458368400155
29174,2351.458368400155
29175,2351.458368400155
29176,2351.458368400155
29177,2351.458368400155
29178,2351.458368400155
29179,2351.458368400155
29180,2351.458368400155
29181,2351.458368400155
29182,2351.458368400155
29183,2351.458368400155
29184,2351.458368400155
29185,2351.458368400155
29186,2351.458368400155
29187,2351.458368400155
29188,2351.458368400155
29189,2351.458368400155
29190,2351.458368400155
29191,2351.458368400155
29192,2351.458368400155
29193,2351.458368400155
29194,2351.458368400155
29195,2351.458368400155
29196,2351.458368400155
29197,2351.458368400155
29198,2351.458368400155
29199,2351.458368400155
29200,2351.458368400155
29201,2351.458368400155
29202,2351.458368400155
29203,2351.458368400155
29204,2351.458368400155
29205,2351.458368400155
29206,2351.458368400155
29207,2351.458368400155
29208,2351.458368400155
29209,2351.458368400155
29210,2351.458368400155
29211,2351.458368400155
29212,2351.458368400155
29213,2351.458368400155
29214,2351.458368400155
29215,2351.458368400155
29216,2351.458368400155
29217,2351.458368400155
29218,2351.458368400155
29219,2351.458368400155
29220,2351.458368400155
29221,2351.458368400155
29222,2351.458368400155
29223,2351.458368400155
29224,2351.458368400155
29225,2351.458368400155
29226,2351.458368400155
29227,2351.458368400155
29228,2351.458368400155
29229,2351.458368400155
29230,2351.458368400155
29231,2351.458368400155
29232,2351.458368400155
29233,2351.458368400155
29234,2351.458368400155
29235,2351.458368400155
29236,2351.458368400155
29237,2351.458368400155
29238,2351.458368400155
29239,2351.458368400155
29240,2351.458368400155
29241,2351.458368400155
29242,2351.458368400155
29243,2351.458368400155
29244,2351.458368400155
29245,2351.458368400155
29246,2351.458368400155
29247,2351.458368400155
29248,2351.458368400155
29249,2351.458368400155
29250,2351.458368400155
29251,2351.458368400155
29252,2351.458368400155
29253,2351.458368400155
29254,2351.458368400155
29255,2351.458368400155
29256,2351.458368400155
29257,2351.458368400155
29258,2351.458368400155
29259,2351.458368400155
29260,2351.458368400155
29261,2351.458368400155
29262,2351.458368400155
29263,2351.458368400155
29264,2351.458368400155
29265,2351.458368400155
29266,2351.458368400155
29267,2351.458368400155
29268,2351.458368400155
29269,2351.458368400155
29270,2351.458368400155
29271,2351.458368400155
29272,2351.458368400155
29273,2351.458368400155
29274,2351.458368400155
29275,2351.458368400155
29276,2351.458368400155
29277,2351.458368400155
29278,2351.458368400155
29279,2351.458368400155
29280,2351.458368400155
29281,2351.458368400155
29282,2351.458368400155
29283,2351.458368400155
29284,2351.458368400155
29285,2351.458368400155
29286,2351.458368400155
29287,2351.458368400155
29288,2351.458368400155
29289,2351.458368400155
29290,2351.458368400155
29291,2351.458368400155
29292,2351.458368400155
29293,2351.458368400155
29294,2351.458368400155
29295,2351.458368400155
29296,2351.458368400155
29297,2351.458368400155
29298,2351.458368400155
29299,2351.458368400155
29300,2351.458368400155
29301,2351.458368400155
29302,2351.458368400155
29303,2351.458368400155
29304,2351.458368400155
29305,2351.458368400155
29306,2351.458368400155
29307,2351.458368400155
29308,2351.458368400155
29309,2351.458368400155
29310,2351.458368400155
29311,2351.458368400155
29312,2351.458368400155
29313,2351.458368400155
29314,2351.458368400155
29315,2351.458368400155
29316,2351.458368400155
29317,2351.458368400155
29318,2351.458368400155
29319,2351.458368400155
29320,2351.458368400155
29321,2351.458368400155
29322,2351.458368400155
29323,2351.458368400155
29324,2351.458368400155
29325,2351.458368400155
29326,2351.458368400155
29327,2351.458368400155
29328,2351.458368400155
29329,2351.458368400155
29330,2351.458368400155
29331,2351.458368400155
29332,2351.458368400155
29333,2351.458368400155
29334,2351.458368400155
29335,2351.458368400155
29336,2351.458368400155
29337,2351.458368400155
29338,2351.458368400155
29339,2351.458368400155
29340,2351.458368400155
29341,2351.458368400155
29342,2351.458368400155
29343,2351.458368400155
29344,2351.458368400155
29345,2351.458368400155
29346,2351.458368400155
29347,2351.458368400155
29348,2351.458368400155
29349,2351.458368400155
29350,2351.458368400155
29351,2351.458368400155
29352,2351.458368400155
29353,2351.458368400155
29354,2351.458368400155
29355,2351.458368400155
29356,2351.458368400155
29357,2351.458368400155
29358,2351.458368400155
29359,2351.458368400155
29360,2351.458368400155
29361,2351.458368400155
29362,2351.458368400155
29363,2351.458368400155
29364,2351.458368400155
29365,2351.458368400155
29366,2351.458368400155
29367,2351.458368400155
29368,2351.458368400155
29369,2351.458368400155
29370,2351.458368400155
29371,2351.458368400155
29372,2351.458368400155
29373,2351.458368400155
29374,2351.458368400155
29375,2351.458368400155
29376,2351.458368400155
29377,2351.458368400155
29378,2351.458368400155
29379,2351.458368400155
29380,2351.458368400155
29381,2351.458368400155
29382,2351.458368400155
29383,2351.458368400155
29384,2351.458368400155
29385,2351.458368400155
29386,2351.458368400155
29387,2351.458368400155
29388,2351.458368400155
29389,2351.458368400155
29390,2351.458368400155
29391,2351.458368400155
29392,2351.458368400155
29393,2351.458368400155
29394,2351.458368400155
29395,2351.458368400155
29396,2351.458368400155
29397,2351.458368400155
29398,2351.458368400155
29399,2351.458368400155
29400,2351.458368400155
29401,2351.458368400155
29402,2351.458368400155
29403,2351.458368400155
29404,2351.458368400155
29405,2351.458368400155
29406,2351.458368400155
29407,2351.458368400155
29408,2351.458368400155
29409,2351.458368400155
29410,2351.458368400155
29411,2351.458368400155
29412,2351.458368400155
29413,2351.458368400155
29414,2351.458368400155
29415,2351.458368400155
29416,2351.458368400155
29417,2351.458368400155
29418,2351.458368400155
29419,2351.458368400155
29420,2351.458368400155
29421,2351.458368400155
29422,2351.458368400155
29423,2351.458368400155
29424,2351.458368400155
29425,2351.458368400155
29426,2351.458368400155
29427,2351.458368400155
29428,2351.458368400155
29429,2351.458368400155
29430,2351.458368400155
29431,2351.458368400155
29432,2351.458368400155
29433,2351.458368400155
29434,2351.458368400155
29435,2351.458368400155
29436,2351.458368400155
29437,2351.458368400155
29438,2351.458368400155
29439,2351.458368400155
29440,2351.458368400155
29441,2351.458368400155
29442,2351.458368400155
29443,2351.458368400155
29444,2351.458368400155
29445,2351.458368400155
29446,2351.458368400155
29447,2351.458368400155
29448,2351.458368400155
29449,2351.458368400155
29450,2351.458368400155
29451,2351.458368400155
29452,2351.458368400155
29453,2351.458368400155
29454,2351.458368400155
29455,2351.458368400155
29456,2351.458368400155
29457,2351.458368400155
29458,2351.458368400155
29459,2351.458368400155
29460,2351.458368400155
29461,2351.458368400155
29462,2351.458368400155
29463,2351.458368400155
29464,2351.458368400155
29465,2351.458368400155
29466,2351.458368400155
29467,2351.458368400155
29468,2351.458368400155
29469,2351.458368400155
29470,2351.458368400155
29471,2351.458368400155
29472,2351.458368400155
29473,2351.458368400155
29474,2351.458368400155
29475,2351.458368400155
29476,2351.458368400155
29477,2351.458368400155
29478,2351.458368400155
29479,2351.458368400155
29480,2351.458368400155
29481,2351.458368400155
29482,2351.458368400155
29483,2351.458368400155
29484,2351.458368400155
29485,2351.458368400155
29486,2351.458368400155
29487,2351.458368400155
29488,2351.458368400155
29489,2351.458368400155
29490,2351.458368400155
29491,2351.458368400155
29492,2351.458368400155
29493,2351.458368400155
29494,2351.458368400155
29495,2351.458368400155
29496,2351.458368400155
29497,2351.458368400155
29498,2351.458368400155
29499,2351.458368400155
29500,2351.458368400155
29501,2351.458368400155
29502,2351.458368400155
29503,2351.458368400155
29504,2351.458368400155
29505,2351.458368400155
29506,2351.458368400155
29507,2351.458368400155
29508,2351.458368400155
29509,2351.458368400155
29510,2351.458368400155
29511,2351.458368400155
29512,2351.458368400155
29513,2351.458368400155
29514,2351.458368400155
29515,2351.458368400155
29516,2351.458368400155
29517,2351.458368400155
29518,2351.458368400155
29519,2351.458368400155
29520,2351.458368400155
29521,2351.458368400155
29522,2351.458368400155
29523,2351.458368400155
29524,2351.458368400155
29525,2351.458368400155
29526,2351.458368400155
29527,2351.458368400155
29528,2351.458368400155
29529,2351.458368400155
29530,2351.458368400155
29531,2351.458368400155
29532,2351.458368400155
29533,2351.458368400155
29534,2351.458368400155
29535,2351.458368400155
29536,2351.458368400155
29537,2351.458368400155
29538,2351.458368400155
29539,2351.458368400155
29540,2351.458368400155
29541,2351.458368400155
29542,2351.458368400155
29543,2351.458368400155
29544,2351.458368400155
29545,2351.458368400155
29546,2351.458368400155
29547,2351.458368400155
29548,2351.458368400155
29549,2351.458368400155
29550,2351.458368400155
29551,2351.458368400155
29552,2351.458368400155
29553,2351.458368400155
29554,2351.458368400155
29555,2351.458368400155
29556,2351.458368400155
29557,2351.458368400155
29558,2351.458368400155
29559,2351.458368400155
29560,2351.458368400155
29561,2351.458368400155
29562,2351.458368400155
29563,2351.458368400155
29564,2351.458368400155
29565,2351.458368400155
29566,2351.458368400155
29567,2351.458368400155
29568,2351.458368400155
29569,2351.458368400155
29570,2351.458368400155
29571,2351.458368400155
29572,2351.458368400155
29573,2351.458368400155
29574,2351.458368400155
29575,2351.458368400155
29576,2351.458368400155
29577,2351.458368400155
29578,2351.458368400155
29579,2351.458368400155
29580,2351.458368400155
29581,2351.458368400155
29582,2351.458368400155
29583,2351.458368400155
29584,2351.458368400155
29585,2351.458368400155
29586,2351.458368400155
29587,2351.458368400155
29588,2351.458368400155
29589,2351.458368400155
29590,2351.458368400155
29591,2351.458368400155
29592,2351.458368400155
29593,2351.458368400155
29594,2351.458368400155
29595,2351.458368400155
29596,2351.458368400155
29597,2351.458368400155
29598,2351.458368400155
29599,2351.458368400155
29600,2351.458368400155
29601,2351.458368400155
29602,2351.458368400155
29603,2351.458368400155
29604,2351.458368400155
29605,2351.458368400155
29606,2351.458368400155
29607,2351.458368400155
29608,2351.458368400155
29609,2351.458368400155
29610,2351.458368400155
29611,2351.458368400155
29612,2351.458368400155
29613,2351.458368400155
29614,2351.458368400155
29615,2351.458368400155
29616,2351.458368400155
29617,2351.458368400155
29618,2351.458368400155
29619,2351.458368400155
29620,2351.458368400155
29621,2351.458368400155
29622,2351.458368400155
29623,2351.458368400155
29624,2351.458368400155
29625,2351.458368400155
29626,2351.458368400155
29627,2351.458368400155
29628,2351.458368400155
29629,2351.458368400155
29630,2351.458368400155
29631,2351.458368400155
29632,2351.458368400155
29633,2351.458368400155
29634,2351.458368400155
29635,2351.458368400155
29636,2351.458368400155
29637,2351.458368400155
29638,2351.458368400155
29639,2351.458368400155
29640,2351.458368400155
29641,2351.458368400155
29642,2351.458368400155
29643,2351.458368400155
29644,2351.458368400155
29645,2351.458368400155
29646,2351.458368400155
29647,2351.458368400155
29648,2351.458368400155
29649,2351.458368400155
29650,2351.458368400155
29651,2351.458368400155
29652,2351.458368400155
29653,2351.458368400155
29654,2351.458368400155
29655,2351.458368400155
29656,2351.458368400155
29657,2351.458368400155
29658,2351.458368400155
29659,2351.458368400155
29660,2351.458368400155
29661,2351.458368400155
29662,2351.458368400155
29663,2351.458368400155
29664,2351.458368400155
29665,2351.458368400155
29666,2351.458368400155
29667,2351.458368400155
29668,2351.458368400155
29669,2351.458368400155
29670,2351.458368400155
29671,2351.458368400155
29672,2351.458368400155
29673,2351.458368400155
29674,2351.458368400155
29675,2351.458368400155
29676,2351.458368400155
29677,2351.458368400155
29678,2351.458368400155
29679,2351.458368400155
29680,2351.458368400155
29681,2351.458368400155
29682,2351.458368400155
29683,2351.458368400155
29684,2351.458368400155
29685,2351.458368400155
29686,2351.458368400155
29687,2351.458368400155
29688,2351.458368400155
29689,2351.458368400155
29690,2351.458368400155
29691,2351.458368400155
29692,2351.458368400155
29693,2351.458368400155
29694,2351.458368400155
29695,2351.458368400155
29696,2351.458368400155
29697,2351.458368400155
29698,2351.458368400155
29699,2351.458368400155
29700,2351.458368400155
29701,2351.458368400155
29702,2351.458368400155
29703,2351.458368400155
29704,2351.458368400155
29705,2351.458368400155
29706,2351.458368400155
29707,2351.458368400155
29708,2351.458368400155
29709,2351.458368400155
29710,2351.458368400155
29711,2351.458368400155
29712,2351.458368400155
29713,2351.458368400155
29714,2351.458368400155
29715,2351.458368400155
29716,2351.458368400155
29717,2351.458368400155
29718,2351.458368400155
29719,2351.458368400155
29720,2351.458368400155
29721,2351.458368400155
29722,2351.458368400155
29723,2351.458368400155
29724,2351.458368400155
29725,2351.458368400155
29726,2351.458368400155
29727,2351.458368400155
29728,2351.458368400155
29729,2351.458368400155
29730,2351.458368400155
29731,2351.458368400155
29732,2351.458368400155
29733,2351.458368400155
29734,2351.458368400155
29735,2351.458368400155
29736,2351.458368400155
29737,2351.458368400155
29738,2351.458368400155
29739,2351.458368400155
29740,2351.458368400155
29741,2351.458368400155
29742,2351.458368400155
29743,2351.458368400155
29744,2351.458368400155
29745,2351.458368400155
29746,2351.458368400155
29747,2351.458368400155
29748,2351.458368400155
29749,2351.458368400155
29750,2351.458368400155
29751,2351.458368400155
29752,2351.458368400155
29753,2351.458368400155
29754,2351.458368400155
29755,2351.458368400155
29756,2351.458368400155
29757,2351.458368400155
29758,2351.458368400155
29759,2351.458368400155
29760,2351.458368400155
29761,2351.458368400155
29762,2351.458368400155
29763,2351.458368400155
29764,2351.458368400155
29765,2351.458368400155
29766,2351.458368400155
29767,2351.458368400155
29768,2351.458368400155
29769,2351.458368400155
29770,2351.458368400155
29771,2351.458368400155
29772,2351.458368400155
29773,2351.458368400155
29774,2351.458368400155
29775,2351.458368400155
29776,2351.458368400155
29777,2351.458368400155
29778,2351.458368400155
29779,2351.458368400155
29780,2351.458368400155
29781,2351.458368400155
29782,2351.458368400155
29783,2351.458368400155
29784,2351.458368400155
29785,2351.458368400155
29786,2351.458368400155
29787,2351.458368400155
29788,2351.458368400155
29789,2351.458368400155
29790,2351.458368400155
29791,2351.458368400155
29792,2351.458368400155
29793,2351.458368400155
29794,2351.458368400155
29795,2351.458368400155
29796,2351.458368400155
29797,2351.458368400155
29798,2351.458368400155
29799,2351.458368400155
29800,2351.458368400155
29801,2351.458368400155
29802,2351.458368400155
29803,2351.458368400155
29804,2351.458368400155
29805,2351.458368400155
29806,2351.458368400155
29807,2351.458368400155
29808,2351.458368400155
29809,2351.458368400155
29810,2351.458368400155
29811,2351.458368400155
29812,2351.458368400155
29813,2351.458368400155
29814,2351.458368400155
29815,2351.458368400155
29816,2351.458368400155
29817,2351.458368400155
29818,2351.458368400155
29819,2351.458368400155
29820,2351.458368400155
29821,2351.458368400155
29822,2351.458368400155
29823,2351.458368400155
29824,2351.458368400155
29825,2351.458368400155
29826,2351.458368400155
29827,2351.458368400155
29828,2351.458368400155
29829,2351.458368400155
29830,2351.458368400155
29831,2351.458368400155
29832,2351.458368400155
29833,2351.458368400155
29834,2351.458368400155
29835,2351.458368400155
29836,2351.458368400155
29837,2351.458368400155
29838,2351.458368400155
29839,2351.458368400155
29840,2351.458368400155
29841,2351.458368400155
29842,2351.458368400155
29843,2351.458368400155
29844,2351.458368400155
29845,2351.458368400155
29846,2351.458368400155
29847,2351.458368400155
29848,2351.458368400155
29849,2351.458368400155
29850,2351.458368400155
29851,2351.458368400155
29852,2351.458368400155
29853,2351.458368400155
29854,2351.458368400155
29855,2351.458368400155
29856,2351.458368400155
29857,2351.458368400155
29858,2351.458368400155
29859,2351.458368400155
29860,2351.458368400155
29861,2351.458368400155
29862,2351.458368400155
29863,2351.458368400155
29864,2351.458368400155
29865,2351.458368400155
29866,2351.458368400155
29867,2351.458368400155
29868,2351.458368400155
29869,2351.458368400155
29870,2351.458368400155
29871,2351.458368400155
29872,2351.458368400155
29873,2351.458368400155
29874,2351.458368400155
29875,2351.458368400155
29876,2351.458368400155
29877,2351.458368400155
29878,2351.458368400155
29879,2351.458368400155
29880,2351.458368400155
29881,2351.458368400155
29882,2351.458368400155
29883,2351.458368400155
29884,2351.458368400155
29885,2351.458368400155
29886,2351.458368400155
29887,2351.458368400155
29888,2351.458368400155
29889,2351.458368400155
29890,2351.458368400155
29891,2351.458368400155
29892,2351.458368400155
29893,2351.458368400155
29894,2351.458368400155
29895,2351.458368400155
29896,2351.458368400155
29897,2351.458368400155
29898,2351.458368400155
29899,2351.458368400155
29900,2351.458368400155
29901,2351.458368400155
29902,2351.458368400155
29903,2351.458368400155
29904,2351.458368400155
29905,2351.458368400155
29906,2351.458368400155
29907,2351.458368400155
29908,2351.458368400155
29909,2351.458368400155
29910,2351.458368400155
29911,2351.458368400155
29912,2351.458368400155
29913,2351.458368400155
29914,2351.458368400155
29915,2351.458368400155
29916,2351.458368400155
29917,2351.458368400155
29918,2351.458368400155
29919,2351.458368400155
29920,2351.458368400155
29921,2351.458368400155
29922,2351.458368400155
29923,2351.458368400155
29924,2351.458368400155
29925,2351.458368400155
29926,2351.458368400155
29927,2351.458368400155
29928,2351.458368400155
29929,2351.458368400155
29930,2351.458368400155
29931,2351.458368400155
29932,2351.458368400155
29933,2351.458368400155
29934,2351.458368400155
29935,2351.458368400155
29936,2351.458368400155
29937,2351.458368400155
29938,2351.458368400155
29939,2351.458368400155
29940,2351.458368400155
29941,2351.458368400155
29942,2351.458368400155
29943,2351.458368400155
29944,2351.458368400155
29945,2351.458368400155
29946,2351.458368400155
29947,2351.458368400155
29948,2351.458368400155
29949,2351.458368400155
29950,2351.458368400155
29951,2351.458368400155
29952,2351.458368400155
29953,2351.458368400155
29954,2351.458368400155
29955,2351.458368400155
29956,2351.458368400155
29957,2351.458368400155
29958,2351.458368400155
29959,2351.458368400155
29960,2351.458368400155
29961,2351.458368400155
29962,2351.458368400155
29963,2351.458368400155
29964,2351.458368400155
29965,2351.458368400155
29966,2351.458368400155
29967,2351.458368400155
29968,2351.458368400155
29969,2351.458368400155
29970,2351.458368400155
29971,2351.458368400155
29972,2351.458368400155
29973,2351.458368400155
29974,2351.458368400155
29975,2351.458368400155
29976,2351.458368400155
29977,2351.458368400155
29978,2351.458368400155
29979,2351.458368400155
29980,2351.458368400155
29981,2351.458368400155
29982,2351.458368400155
29983,2351.458368400155
29984,2351.458368400155
29985,2351.458368400155
29986,2351.458368400155
29987,2351.458368400155
29988,2351.458368400155
29989,2351.458368400155
29990,2351.458368400155
29991,2351.458368400155
29992,2351.458368400155
29993,2351.458368400155
29994,2351.458368400155
29995,2351.458368400155
29996,2351.458368400155
29997,2351.458368400155
29998,2351.458368400155
29999,2351.458368400155
30000,2351.458368400155
