iter,best_objective
1,4407.227398680643
2,4394.835250510807
3,4394.835250510807
4,4394.835250510807
5,4394.835250510807
6,4394.835250510807
7,4376.261072078163
8,4376.261072078163
9,4376.261072078163
10,4376.261072078163
11,4376.261072078163
12,4376.261072078163
13,4376.261072078163
14,4358.752978971402
15,4358.752978971402
16,4344.042278171616
17,4344.042278171616
18,4344.042278171616
19,4344.042278171616
20,4344.042278171616
21,4344.042278171616
22,4299.170349945608
23,4299.170349945608
24,4299.170349945608
25,4299.170349945608
26,4253.066552562684
27,4253.066552562684
28,4253.066552562684
29,4253.066552562684
30,4253.066552562684
31,4253.066552562684
32,4253.066552562684
33,4253.066552562684
34,4253.066552562684
35,4194.152028807749
36,4194.152028807749
37,4185.65210850863
38,4185.65210850863
39,4185.65210850863
40,4185.65210850863
41,4185.65210850863
42,4185.4628196861095
43,4185.4628196861095
44,4185.4628196861095
45,4185.4628196861095
46,4185.4628196861095
47,4185.4628196861095
48,4185.4628196861095
49,4185.4628196861095
50,4185.4628196861095
51,4185.4628196861095
52,4185.4628196861095
53,4176.783414237824
54,4176.783414237824
55,4176.783414237824
56,4176.783414237824
57,4176.783414237824
58,4176.783414237824
59,4171.925316622047
60,4171.925316622047
61,4165.708407166022
62,4165.708407166022
63,4165.708407166022
64,4165.708407166022
65,4165.708407166022
66,4165.708407166022
67,4153.277657869386
68,4153.277657869386
69,4153.277657869386
70,4153.277657869386
71,4153.277657869386
72,4153.277657869386
73,4153.277657869386
74,4153.277657869386
75,4152.391317980235
76,4152.391317980235
77,4152.391317980235
78,4152.391317980235
79,4152.391317980235
80,4152.391317980235
81,4152.391317980235
82,4152.391317980235
83,4152.391317980235
84,4152.391317980235
85,4152.391317980235
86,4152.391317980235
87,4152.391317980235
88,4152.391317980235
89,4152.391317980235
90,4152.391317980235
91,4152.391317980235
92,4152.391317980235
93,4152.391317980235
94,4152.391317980235
95,4152.391317980235
96,4152.391317980235
97,4152.391317980235
98,4152.391317980235
99,4152.391317980235
100,4152.391317980235
101,4152.391317980235
102,4152.391317980235
103,4152.391317980235
104,4152.391317980235
105,4152.391317980235
106,4152.391317980235
107,4152.391317980235
108,4152.391317980235
109,4152.391317980235
110,4152.391317980235
111,4152.391317980235
112,4152.391317980235
113,4101.6820861521255
114,4101.6820861521255
115,4101.6820861521255
116,4043.19651311433
117,4043.19651311433
118,4043.19651311433
119,4043.19651311433
120,4043.19651311433
121,4043.19651311433
122,4043.19651311433
123,4043.19651311433
124,4025.943249017505
125,4025.943249017505
126,4025.943249017505
127,4025.943249017505
128,4025.943249017505
129,4025.943249017505
130,4025.943249017505
131,4025.943249017505
132,4025.943249017505
133,4025.943249017505
134,4025.943249017505
135,4025.943249017505
136,4025.943249017505
137,4025.943249017505
138,4025.943249017505
139,4025.943249017505
140,4025.943249017505
141,4025.943249017505
142,4011.742661264525
143,4011.742661264525
144,4011.742661264525
145,4011.742661264525
146,4011.742661264525
147,4011.742661264525
148,4011.742661264525
149,4011.742661264525
150,4011.742661264525
151,4011.742661264525
152,4011.742661264525
153,4011.742661264525
154,4011.742661264525
155,4011.742661264525
156,4011.742661264525
157,4003.4739381489426
158,3997.1969595084793
159,3997.1969595084793
160,3997.1969595084793
161,3997.1969595084793
162,3997.1969595084793
163,3997.1969595084793
164,3997.1969595084793
165,3997.1969595084793
166,3997.1969595084793
167,3997.1969595084793
168,3997.1969595084793
169,3997.1969595084793
170,3997.1969595084793
171,3997.1969595084793
172,3997.1969595084793
173,3997.1969595084793
174,3997.1969595084793
175,3997.1969595084793
176,3997.1969595084793
177,3997.1969595084793
178,3997.1969595084793
179,3997.1969595084793
180,3997.1969595084793
181,3997.1969595084793
182,3997.1969595084793
183,3997.1969595084793
184,3968.7857943752506
185,3961.6771574788263
186,3961.6771574788263
187,3961.6771574788263
188,3947.026631934047
189,3947.026631934047
190,3947.026631934047
191,3947.026631934047
192,3938.032689818547
193,3938.032689818547
194,3938.032689818547
195,3938.032689818547
196,3938.032689818547
197,3938.032689818547
198,3938.032689818547
199,3938.032689818547
200,3938.032689818547
201,3938.032689818547
202,3938.032689818547
203,3938.032689818547
204,3938.032689818547
205,3938.032689818547
206,3938.032689818547
207,3938.032689818547
208,3938.032689818547
209,3933.7229908969603
210,3933.7229908969603
211,3933.7229908969603
212,3933.7229908969603
213,3933.7229908969603
214,3933.7229908969603
215,3933.7229908969603
216,3933.7229908969603
217,3933.7229908969603
218,3933.7229908969603
219,3933.7229908969603
220,3933.7229908969603
221,3933.7229908969603
222,3933.7229908969603
223,3933.7229908969603
224,3933.7229908969603
225,3933.7229908969603
226,3933.7229908969603
227,3933.7229908969603
228,3933.7229908969603
229,3927.4944821497083
230,3927.4944821497083
231,3927.4944821497083
232,3927.4944821497083
233,3927.4944821497083
234,3927.4944821497083
235,3927.4944821497083
236,3927.4944821497083
237,3927.4944821497083
238,3927.4944821497083
239,3927.4944821497083
240,3927.4944821497083
241,3927.4944821497083
242,3927.4944821497083
243,3927.4944821497083
244,3927.4944821497083
245,3927.4944821497083
246,3927.4944821497083
247,3927.4944821497083
248,3927.4944821497083
249,3927.4944821497083
250,3927.4944821497083
251,3927.4944821497083
252,3927.4944821497083
253,3927.4944821497083
254,3927.4944821497083
255,3927.4944821497083
256,3927.4944821497083
257,3927.4944821497083
258,3927.4944821497083
259,3927.4944821497083
260,3927.4944821497083
261,3927.4944821497083
262,3927.4944821497083
263,3927.4944821497083
264,3927.4944821497083
265,3927.4944821497083
266,3927.4944821497083
267,3927.4944821497083
268,3927.4944821497083
269,3927.4944821497083
270,3927.4944821497083
271,3927.4944821497083
272,3927.4944821497083
273,3927.4944821497083
274,3927.4944821497083
275,3927.4944821497083
276,3927.4944821497083
277,3927.4944821497083
278,3927.4944821497083
279,3927.3353661490405
280,3927.3353661490405
281,3927.3353661490405
282,3927.3353661490405
283,3927.3353661490405
284,3927.3353661490405
285,3927.3353661490405
286,3927.3353661490405
287,3927.3353661490405
288,3927.3353661490405
289,3927.3353661490405
290,3927.3353661490405
291,3927.3353661490405
292,3927.3353661490405
293,3927.3353661490405
294,3927.3353661490405
295,3927.3353661490405
296,3927.3353661490405
297,3927.3353661490405
298,3927.3353661490405
299,3927.3353661490405
300,3927.3353661490405
301,3927.3353661490405
302,3927.3353661490405
303,3927.3353661490405
304,3927.3353661490405
305,3927.3353661490405
306,3927.3353661490405
307,3927.3353661490405
308,3927.3353661490405
309,3927.3353661490405
310,3927.3353661490405
311,3922.5813816888576
312,3922.5813816888576
313,3922.5813816888576
314,3922.5813816888576
315,3922.5813816888576
316,3922.5813816888576
317,3922.5813816888576
318,3922.5813816888576
319,3922.5813816888576
320,3922.5813816888576
321,3922.5813816888576
322,3922.5813816888576
323,3922.5813816888576
324,3922.5813816888576
325,3922.5813816888576
326,3922.5813816888576
327,3922.5813816888576
328,3922.5813816888576
329,3922.5813816888576
330,3922.5813816888576
331,3922.5813816888576
332,3922.5813816888576
333,3922.5813816888576
334,3922.5813816888576
335,3922.5813816888576
336,3922.5813816888576
337,3922.5813816888576
338,3922.5813816888576
339,3922.5813816888576
340,3922.5813816888576
341,3922.5813816888576
342,3922.5813816888576
343,3922.5813816888576
344,3922.5813816888576
345,3922.5813816888576
346,3922.5813816888576
347,3922.5813816888576
348,3922.5813816888576
349,3922.5813816888576
350,3922.5813816888576
351,3922.5813816888576
352,3922.5813816888576
353,3922.5813816888576
354,3922.5813816888576
355,3922.5813816888576
356,3922.5813816888576
357,3922.5813816888576
358,3922.5813816888576
359,3922.5813816888576
360,3922.5813816888576
361,3922.5813816888576
362,3922.5813816888576
363,3922.5813816888576
364,3922.5813816888576
365,3922.5813816888576
366,3922.5813816888576
367,3922.5813816888576
368,3922.5813816888576
369,3922.5813816888576
370,3922.5813816888576
371,3922.5813816888576
372,3922.5813816888576
373,3922.5813816888576
374,3922.5813816888576
375,3922.5813816888576
376,3922.5813816888576
377,3922.5813816888576
378,3922.5813816888576
379,3922.5813816888576
380,3922.5813816888576
381,3922.5813816888576
382,3922.5813816888576
383,3922.5813816888576
384,3922.5813816888576
385,3922.5813816888576
386,3922.5813816888576
387,3922.5813816888576
388,3922.5813816888576
389,3922.5813816888576
390,3922.5813816888576
391,3922.5813816888576
392,3922.5813816888576
393,3922.5813816888576
394,3922.5813816888576
395,3922.5813816888576
396,3922.5813816888576
397,3922.5813816888576
398,3922.5813816888576
399,3922.5813816888576
400,3922.5813816888576
401,3922.5813816888576
402,3922.5813816888576
403,3922.5813816888576
404,3922.5813816888576
405,3922.5813816888576
406,3922.5813816888576
407,3922.5813816888576
408,3922.5813816888576
409,3922.5813816888576
410,3922.5813816888576
411,3922.5813816888576
412,3922.5813816888576
413,3922.5813816888576
414,3922.5813816888576
415,3922.5813816888576
416,3922.5813816888576
417,3922.5813816888576
418,3922.5813816888576
419,3922.5813816888576
420,3922.5813816888576
421,3922.5813816888576
422,3922.5813816888576
423,3922.5813816888576
424,3922.5813816888576
425,3922.5813816888576
426,3922.5813816888576
427,3922.5813816888576
428,3922.5813816888576
429,3922.5813816888576
430,3922.5813816888576
431,3922.5813816888576
432,3922.5813816888576
433,3922.5813816888576
434,3922.5813816888576
435,3922.5813816888576
436,3922.5813816888576
437,3922.5813816888576
438,3922.5813816888576
439,3922.5813816888576
440,3922.5813816888576
441,3922.5813816888576
442,3922.5813816888576
443,3922.5813816888576
444,3922.5813816888576
445,3922.5813816888576
446,3922.5813816888576
447,3922.5813816888576
448,3922.5813816888576
449,3922.5813816888576
450,3922.5813816888576
451,3922.5813816888576
452,3922.5813816888576
453,3922.5813816888576
454,3922.5813816888576
455,3922.5813816888576
456,3922.5813816888576
457,3922.5813816888576
458,3922.5813816888576
459,3922.5813816888576
460,3922.5813816888576
461,3922.5813816888576
462,3922.5813816888576
463,3922.5813816888576
464,3922.5813816888576
465,3922.5813816888576
466,3922.5813816888576
467,3922.5813816888576
468,3922.5813816888576
469,3922.5813816888576
470,3922.5813816888576
471,3922.5813816888576
472,3922.5813816888576
473,3922.5813816888576
474,3922.5813816888576
475,3922.5813816888576
476,3922.5813816888576
477,3922.5813816888576
478,3922.5813816888576
479,3922.5813816888576
480,3922.5813816888576
481,3922.5813816888576
482,3922.5813816888576
483,3922.5813816888576
484,3922.5813816888576
485,3922.5813816888576
486,3922.5813816888576
487,3922.5813816888576
488,3922.5813816888576
489,3922.5813816888576
490,3922.5813816888576
491,3922.5813816888576
492,3922.5813816888576
493,3922.5813816888576
494,3922.5813816888576
495,3922.5813816888576
496,3922.5813816888576
497,3922.5813816888576
498,3922.5813816888576
499,3922.5813816888576
500,3922.5813816888576
501,3922.5813816888576
502,3922.5813816888576
503,3922.5813816888576
504,3922.5813816888576
505,3922.5813816888576
506,3922.5813816888576
507,3922.5813816888576
508,3922.5813816888576
509,3922.5813816888576
510,3922.5813816888576
511,3922.5813816888576
512,3922.5813816888576
513,3922.5813816888576
514,3922.5813816888576
515,3922.5813816888576
516,3922.5813816888576
517,3922.5813816888576
518,3922.5813816888576
519,3922.5813816888576
520,3922.5813816888576
521,3922.5813816888576
522,3922.5813816888576
523,3922.5813816888576
524,3922.5813816888576
525,3922.5813816888576
526,3922.5813816888576
527,3922.5813816888576
528,3922.5813816888576
529,3922.5813816888576
530,3922.5813816888576
531,3922.5813816888576
532,3922.5813816888576
533,3922.5813816888576
534,3922.5813816888576
535,3922.5813816888576
536,3922.5813816888576
537,3922.5813816888576
538,3922.5813816888576
539,3922.5813816888576
540,3922.5813816888576
541,3922.5813816888576
542,3922.5813816888576
543,3922.5813816888576
544,3922.5813816888576
545,3922.5813816888576
546,3922.5813816888576
547,3922.5813816888576
548,3922.5813816888576
549,3922.5813816888576
550,3922.5813816888576
551,3922.5813816888576
552,3922.5813816888576
553,3922.5813816888576
554,3922.5813816888576
555,3922.5813816888576
556,3922.5813816888576
557,3922.5813816888576
558,3922.5813816888576
559,3922.5813816888576
560,3922.5813816888576
561,3922.5813816888576
562,3922.5813816888576
563,3922.5813816888576
564,3922.5813816888576
565,3922.5813816888576
566,3922.5813816888576
567,3922.5813816888576
568,3922.5813816888576
569,3922.5813816888576
570,3922.5813816888576
571,3922.5813816888576
572,3922.5813816888576
573,3922.5813816888576
574,3922.5813816888576
575,3922.5813816888576
576,3922.5813816888576
577,3922.5813816888576
578,3922.5813816888576
579,3922.5813816888576
580,3922.5813816888576
581,3922.5813816888576
582,3922.5813816888576
583,3922.5813816888576
584,3922.5813816888576
585,3922.5813816888576
586,3922.5813816888576
587,3922.5813816888576
588,3922.5813816888576
589,3922.5813816888576
590,3922.5813816888576
591,3922.5813816888576
592,3922.5813816888576
593,3922.5813816888576
594,3922.5813816888576
595,3922.5813816888576
596,3922.5813816888576
597,3922.5813816888576
598,3922.5813816888576
599,3922.5813816888576
600,3922.5813816888576
601,3922.5813816888576
602,3922.5813816888576
603,3922.5813816888576
604,3922.5813816888576
605,3922.5813816888576
606,3922.5813816888576
607,3922.5813816888576
608,3922.5813816888576
609,3922.5813816888576
610,3922.5813816888576
611,3922.5813816888576
612,3922.5813816888576
613,3922.5813816888576
614,3922.5813816888576
615,3922.5813816888576
616,3922.5813816888576
617,3922.5813816888576
618,3922.5813816888576
619,3922.5813816888576
620,3922.5813816888576
621,3922.5813816888576
622,3922.5813816888576
623,3922.5813816888576
624,3922.5813816888576
625,3922.5813816888576
626,3922.5813816888576
627,3922.5813816888576
628,3922.5813816888576
629,3922.5813816888576
630,3922.5813816888576
631,3922.5813816888576
632,3922.5813816888576
633,3922.5813816888576
634,3922.5813816888576
635,3922.5813816888576
636,3922.5813816888576
637,3922.5813816888576
638,3922.5813816888576
639,3922.5813816888576
640,3922.5813816888576
641,3922.5813816888576
642,3922.5813816888576
643,3922.5813816888576
644,3922.5813816888576
645,3922.5813816888576
646,3922.5813816888576
647,3922.5813816888576
648,3922.5813816888576
649,3922.5813816888576
650,3922.5813816888576
651,3922.5813816888576
652,3922.5813816888576
653,3922.5813816888576
654,3922.5813816888576
655,3922.5813816888576
656,3922.5813816888576
657,3922.5813816888576
658,3922.5813816888576
659,3922.5813816888576
660,3922.5813816888576
661,3922.5813816888576
662,3922.5813816888576
663,3922.5813816888576
664,3922.5813816888576
665,3922.5813816888576
666,3922.5813816888576
667,3922.5813816888576
668,3922.5813816888576
669,3922.5813816888576
670,3922.5813816888576
671,3922.5813816888576
672,3922.5813816888576
673,3922.5813816888576
674,3922.5813816888576
675,3922.5813816888576
676,3922.5813816888576
677,3922.5813816888576
678,3922.5813816888576
679,3922.5813816888576
680,3922.5813816888576
681,3922.5813816888576
682,3922.5813816888576
683,3922.5813816888576
684,3922.5813816888576
685,3922.5813816888576
686,3922.5813816888576
687,3922.5813816888576
688,3922.5813816888576
689,3922.5813816888576
690,3922.5813816888576
691,3922.5813816888576
692,3922.5813816888576
693,3922.5813816888576
694,3922.5813816888576
695,3922.5813816888576
696,3922.5813816888576
697,3922.5813816888576
698,3922.5813816888576
699,3922.5813816888576
700,3922.5813816888576
701,3922.5813816888576
702,3922.5813816888576
703,3922.5813816888576
704,3922.5813816888576
705,3922.5813816888576
706,3922.5813816888576
707,3922.5813816888576
708,3922.5813816888576
709,3922.5813816888576
710,3922.5813816888576
711,3922.5813816888576
712,3922.5813816888576
713,3922.5813816888576
714,3922.5813816888576
715,3922.5813816888576
716,3922.5813816888576
717,3922.5813816888576
718,3922.5813816888576
719,3922.5813816888576
720,3922.5813816888576
721,3922.5813816888576
722,3922.5813816888576
723,3922.5813816888576
724,3922.5813816888576
725,3922.5813816888576
726,3922.5813816888576
727,3922.5813816888576
728,3922.5813816888576
729,3922.5813816888576
730,3922.5813816888576
731,3922.5813816888576
732,3922.5813816888576
733,3922.5813816888576
734,3922.5813816888576
735,3922.5813816888576
736,3922.5813816888576
737,3922.5813816888576
738,3922.5813816888576
739,3922.5813816888576
740,3922.5813816888576
741,3922.5813816888576
742,3922.5813816888576
743,3922.5813816888576
744,3922.5813816888576
745,3922.5813816888576
746,3922.5813816888576
747,3922.5813816888576
748,3922.5813816888576
749,3922.5813816888576
750,3922.5813816888576
751,3922.5813816888576
752,3922.5813816888576
753,3922.5813816888576
754,3922.5813816888576
755,3922.5813816888576
756,3922.5813816888576
757,3922.5813816888576
758,3922.5813816888576
759,3922.5813816888576
760,3922.5813816888576
761,3922.5813816888576
762,3922.5813816888576
763,3922.5813816888576
764,3922.5813816888576
765,3922.5813816888576
766,3922.5813816888576
767,3922.5813816888576
768,3922.5813816888576
769,3922.5813816888576
770,3922.5813816888576
771,3922.5813816888576
772,3922.5813816888576
773,3922.5813816888576
774,3922.5813816888576
775,3922.5813816888576
776,3922.5813816888576
777,3922.5813816888576
778,3922.5813816888576
779,3922.5813816888576
780,3922.5813816888576
781,3922.5813816888576
782,3922.5813816888576
783,3922.5813816888576
784,3922.5813816888576
785,3922.5813816888576
786,3922.5813816888576
787,3922.5813816888576
788,3922.5813816888576
789,3922.5813816888576
790,3922.5813816888576
791,3922.5813816888576
792,3922.5813816888576
793,3922.5813816888576
794,3922.5813816888576
795,3922.5813816888576
796,3922.5813816888576
797,3922.5813816888576
798,3922.5813816888576
799,3922.5813816888576
800,3922.5813816888576
801,3922.5813816888576
802,3922.5813816888576
803,3922.5813816888576
804,3922.5813816888576
805,3922.5813816888576
806,3922.5813816888576
807,3922.5813816888576
808,3922.5813816888576
809,3922.5813816888576
810,3922.5813816888576
811,3922.5813816888576
812,3922.5813816888576
813,3922.5813816888576
814,3922.5813816888576
815,3922.5813816888576
816,3922.5813816888576
817,3922.5813816888576
818,3922.5813816888576
819,3922.5813816888576
820,3922.5813816888576
821,3922.5813816888576
822,3922.5813816888576
823,3922.5813816888576
824,3922.5813816888576
825,3922.5813816888576
826,3922.5813816888576
827,3922.5813816888576
828,3922.5813816888576
829,3922.5813816888576
830,3922.5813816888576
831,3922.5813816888576
832,3922.5813816888576
833,3922.5813816888576
834,3922.5813816888576
835,3922.5813816888576
836,3922.5813816888576
837,3922.5813816888576
838,3922.5813816888576
839,3922.5813816888576
840,3922.5813816888576
841,3922.5813816888576
842,3922.5813816888576
843,3922.5813816888576
844,3922.5813816888576
845,3922.5813816888576
846,3922.5813816888576
847,3922.5813816888576
848,3922.5813816888576
849,3922.5813816888576
850,3922.5813816888576
851,3922.5813816888576
852,3922.5813816888576
853,3922.5813816888576
854,3922.5813816888576
855,3922.5813816888576
856,3922.5813816888576
857,3922.5813816888576
858,3922.5813816888576
859,3922.5813816888576
860,3922.5813816888576
861,3922.5813816888576
862,3922.5813816888576
863,3922.5813816888576
864,3922.5813816888576
865,3922.5813816888576
866,3922.5813816888576
867,3922.5813816888576
868,3922.5813816888576
869,3922.5813816888576
870,3922.5813816888576
871,3922.5813816888576
872,3922.5813816888576
873,3922.5813816888576
874,3922.5813816888576
875,3922.5813816888576
876,3922.5813816888576
877,3922.5813816888576
878,3922.5813816888576
879,3922.5813816888576
880,3922.5813816888576
881,3922.5813816888576
882,3922.5813816888576
883,3922.5813816888576
884,3922.5813816888576
885,3922.5813816888576
886,3922.5813816888576
887,3922.5813816888576
888,3922.5813816888576
889,3922.5813816888576
890,3922.5813816888576
891,3922.5813816888576
892,3922.5813816888576
893,3922.5813816888576
894,3922.5813816888576
895,3922.5813816888576
896,3922.5813816888576
897,3922.5813816888576
898,3922.5813816888576
899,3922.5813816888576
900,3922.5813816888576
901,3922.5813816888576
902,3922.5813816888576
903,3922.5813816888576
904,3922.5813816888576
905,3922.5813816888576
906,3922.5813816888576
907,3922.5813816888576
908,3922.5813816888576
909,3922.5813816888576
910,3922.5813816888576
911,3922.5813816888576
912,3922.5813816888576
913,3922.5813816888576
914,3922.5813816888576
915,3922.5813816888576
916,3922.5813816888576
917,3922.5813816888576
918,3922.5813816888576
919,3922.5813816888576
920,3922.5813816888576
921,3922.5813816888576
922,3922.5813816888576
923,3922.5813816888576
924,3922.5813816888576
925,3922.5813816888576
926,3922.5813816888576
927,3922.5813816888576
928,3922.5813816888576
929,3922.5813816888576
930,3922.5813816888576
931,3922.5813816888576
932,3922.5813816888576
933,3922.5813816888576
934,3922.5813816888576
935,3922.5813816888576
936,3922.5813816888576
937,3922.5813816888576
938,3922.5813816888576
939,3922.5813816888576
940,3922.5813816888576
941,3922.5813816888576
942,3922.5813816888576
943,3922.5813816888576
944,3922.5813816888576
945,3922.5813816888576
946,3922.5813816888576
947,3922.5813816888576
948,3922.5813816888576
949,3922.5813816888576
950,3922.5813816888576
951,3922.5813816888576
952,3922.5813816888576
953,3922.5813816888576
954,3922.5813816888576
955,3922.5813816888576
956,3922.5813816888576
957,3922.5813816888576
958,3922.5813816888576
959,3922.5813816888576
960,3922.5813816888576
961,3922.5813816888576
962,3922.5813816888576
963,3922.5813816888576
964,3922.5813816888576
965,3922.5813816888576
966,3922.5813816888576
967,3922.5813816888576
968,3922.5813816888576
969,3922.5813816888576
970,3922.5813816888576
971,3922.5813816888576
972,3922.5813816888576
973,3922.5813816888576
974,3922.5813816888576
975,3922.5813816888576
976,3922.5813816888576
977,3922.5813816888576
978,3922.5813816888576
979,3922.5813816888576
980,3922.5813816888576
981,3922.5813816888576
982,3922.5813816888576
983,3922.5813816888576
984,3922.5813816888576
985,3922.5813816888576
986,3922.5813816888576
987,3922.5813816888576
988,3922.5813816888576
989,3922.5813816888576
990,3922.5813816888576
991,3922.5813816888576
992,3922.5813816888576
993,3922.5813816888576
994,3922.5813816888576
995,3922.5813816888576
996,3922.5813816888576
997,3922.5813816888576
998,3922.5813816888576
999,3922.5813816888576
1000,3922.5813816888576
1001,3922.5813816888576
1002,3922.5813816888576
1003,3922.5813816888576
1004,3922.5813816888576
1005,3922.5813816888576
1006,3922.5813816888576
1007,3922.5813816888576
1008,3922.5813816888576
1009,3922.5813816888576
1010,3922.5813816888576
1011,3922.5813816888576
1012,3922.5813816888576
1013,3922.5813816888576
1014,3922.5813816888576
1015,3922.5813816888576
1016,3922.5813816888576
1017,3922.5813816888576
1018,3922.5813816888576
1019,3922.5813816888576
1020,3922.5813816888576
1021,3922.5813816888576
1022,3922.5813816888576
1023,3922.5813816888576
1024,3922.5813816888576
1025,3922.5813816888576
1026,3922.5813816888576
1027,3922.5813816888576
1028,3922.5813816888576
1029,3922.5813816888576
1030,3922.5813816888576
1031,3922.5813816888576
1032,3922.5813816888576
1033,3922.5813816888576
1034,3922.5813816888576
1035,3922.5813816888576
1036,3922.5813816888576
1037,3922.5813816888576
1038,3922.5813816888576
1039,3922.5813816888576
1040,3922.5813816888576
1041,3922.5813816888576
1042,3922.5813816888576
1043,3922.5813816888576
1044,3922.5813816888576
1045,3922.5813816888576
1046,3922.5813816888576
1047,3922.5813816888576
1048,3922.5813816888576
1049,3922.5813816888576
1050,3922.5813816888576
1051,3922.5813816888576
1052,3922.5813816888576
1053,3922.5813816888576
1054,3922.5813816888576
1055,3922.5813816888576
1056,3922.5813816888576
1057,3922.5813816888576
1058,3922.5813816888576
1059,3922.5813816888576
1060,3922.5813816888576
1061,3922.5813816888576
1062,3922.5813816888576
1063,3922.5813816888576
1064,3922.5813816888576
1065,3922.5813816888576
1066,3922.5813816888576
1067,3922.5813816888576
1068,3922.5813816888576
1069,3922.5813816888576
1070,3922.5813816888576
1071,3922.5813816888576
1072,3922.5813816888576
1073,3922.5813816888576
1074,3922.5813816888576
1075,3922.5813816888576
1076,3922.5813816888576
1077,3922.5813816888576
1078,3922.5813816888576
1079,3922.5813816888576
1080,3922.5813816888576
1081,3922.5813816888576
1082,3922.5813816888576
1083,3922.5813816888576
1084,3922.5813816888576
1085,3922.5813816888576
1086,3922.5813816888576
1087,3922.5813816888576
1088,3922.5813816888576
1089,3922.5813816888576
1090,3922.5813816888576
1091,3922.5813816888576
1092,3922.5813816888576
1093,3922.5813816888576
1094,3922.5813816888576
1095,3922.5813816888576
1096,3922.5813816888576
1097,3922.5813816888576
1098,3922.5813816888576
1099,3922.5813816888576
1100,3922.5813816888576
1101,3922.5813816888576
1102,3922.5813816888576
1103,3922.5813816888576
1104,3922.5813816888576
1105,3922.5813816888576
1106,3922.5813816888576
1107,3922.5813816888576
1108,3922.5813816888576
1109,3922.5813816888576
1110,3922.5813816888576
1111,3922.5813816888576
1112,3922.5813816888576
1113,3922.5813816888576
1114,3922.5813816888576
1115,3922.5813816888576
1116,3922.5813816888576
1117,3922.5813816888576
1118,3922.5813816888576
1119,3922.5813816888576
1120,3922.5813816888576
1121,3922.5813816888576
1122,3922.5813816888576
1123,3922.5813816888576
1124,3922.5813816888576
1125,3922.5813816888576
1126,3922.5813816888576
1127,3922.5813816888576
1128,3922.5813816888576
1129,3922.5813816888576
1130,3922.5813816888576
1131,3922.5813816888576
1132,3922.5813816888576
1133,3922.5813816888576
1134,3922.5813816888576
1135,3922.5813816888576
1136,3922.5813816888576
1137,3922.5813816888576
1138,3922.5813816888576
1139,3922.5813816888576
1140,3922.5813816888576
1141,3922.5813816888576
1142,3922.5813816888576
1143,3922.5813816888576
1144,3922.5813816888576
1145,3922.5813816888576
1146,3922.5813816888576
1147,3922.5813816888576
1148,3922.5813816888576
1149,3922.5813816888576
1150,3922.5813816888576
1151,3922.5813816888576
1152,3922.5813816888576
1153,3922.5813816888576
1154,3922.5813816888576
1155,3922.5813816888576
1156,3922.5813816888576
1157,3922.5813816888576
1158,3922.5813816888576
1159,3922.5813816888576
1160,3922.5813816888576
1161,3922.5813816888576
1162,3922.5813816888576
1163,3922.5813816888576
1164,3922.5813816888576
1165,3922.5813816888576
1166,3922.5813816888576
1167,3922.5813816888576
1168,3922.5813816888576
1169,3922.5813816888576
1170,3922.5813816888576
1171,3922.5813816888576
1172,3922.5813816888576
1173,3922.5813816888576
1174,3922.5813816888576
1175,3922.5813816888576
1176,3922.5813816888576
1177,3922.5813816888576
1178,3922.5813816888576
1179,3922.5813816888576
1180,3922.5813816888576
1181,3922.5813816888576
1182,3922.5813816888576
1183,3922.5813816888576
1184,3922.5813816888576
1185,3922.5813816888576
1186,3922.5813816888576
1187,3922.5813816888576
1188,3922.5813816888576
1189,3922.5813816888576
1190,3922.5813816888576
1191,3922.5813816888576
1192,3922.5813816888576
1193,3922.5813816888576
1194,3922.5813816888576
1195,3922.5813816888576
1196,3922.5813816888576
1197,3922.5813816888576
1198,3922.5813816888576
1199,3922.5813816888576
1200,3922.5813816888576
1201,3922.5813816888576
1202,3922.5813816888576
1203,3922.5813816888576
1204,3922.5813816888576
1205,3922.5813816888576
1206,3922.5813816888576
1207,3922.5813816888576
1208,3922.5813816888576
1209,3922.5813816888576
1210,3922.5813816888576
1211,3922.5813816888576
1212,3922.5813816888576
1213,3922.5813816888576
1214,3922.5813816888576
1215,3922.5813816888576
1216,3922.5813816888576
1217,3922.5813816888576
1218,3922.5813816888576
1219,3922.5813816888576
1220,3922.5813816888576
1221,3922.5813816888576
1222,3922.5813816888576
1223,3922.5813816888576
1224,3922.5813816888576
1225,3922.5813816888576
1226,3922.5813816888576
1227,3922.5813816888576
1228,3922.5813816888576
1229,3922.5813816888576
1230,3922.5813816888576
1231,3922.5813816888576
1232,3922.5813816888576
1233,3922.5813816888576
1234,3922.5813816888576
1235,3922.5813816888576
1236,3922.5813816888576
1237,3922.5813816888576
1238,3922.5813816888576
1239,3922.5813816888576
1240,3922.5813816888576
1241,3922.5813816888576
1242,3922.5813816888576
1243,3922.5813816888576
1244,3922.5813816888576
1245,3922.5813816888576
1246,3922.5813816888576
1247,3922.5813816888576
1248,3922.5813816888576
1249,3922.5813816888576
1250,3922.5813816888576
1251,3922.5813816888576
1252,3922.5813816888576
1253,3922.5813816888576
1254,3922.5813816888576
1255,3922.5813816888576
1256,3922.5813816888576
1257,3922.5813816888576
1258,3922.5813816888576
1259,3922.5813816888576
1260,3922.5813816888576
1261,3922.5813816888576
1262,3922.5813816888576
1263,3922.5813816888576
1264,3922.5813816888576
1265,3922.5813816888576
1266,3922.5813816888576
1267,3922.5813816888576
1268,3922.5813816888576
1269,3922.5813816888576
1270,3922.5813816888576
1271,3922.5813816888576
1272,3922.5813816888576
1273,3922.5813816888576
1274,3922.5813816888576
1275,3922.5813816888576
1276,3922.5813816888576
1277,3922.5813816888576
1278,3922.5813816888576
1279,3922.5813816888576
1280,3922.5813816888576
1281,3922.5813816888576
1282,3922.5813816888576
1283,3922.5813816888576
1284,3922.5813816888576
1285,3922.5813816888576
1286,3922.5813816888576
1287,3922.5813816888576
1288,3922.5813816888576
1289,3922.5813816888576
1290,3922.5813816888576
1291,3922.5813816888576
1292,3922.5813816888576
1293,3922.5813816888576
1294,3922.5813816888576
1295,3922.5813816888576
1296,3922.5813816888576
1297,3922.5813816888576
1298,3922.5813816888576
1299,3922.5813816888576
1300,3922.5813816888576
1301,3922.5813816888576
1302,3922.5813816888576
1303,3922.5813816888576
1304,3922.5813816888576
1305,3922.5813816888576
1306,3922.5813816888576
1307,3922.5813816888576
1308,3922.5813816888576
1309,3922.5813816888576
1310,3922.5813816888576
1311,3922.5813816888576
1312,3922.5813816888576
1313,3922.5813816888576
1314,3922.5813816888576
1315,3922.5813816888576
1316,3922.5813816888576
1317,3922.5813816888576
1318,3922.5813816888576
1319,3922.5813816888576
1320,3922.5813816888576
1321,3922.5813816888576
1322,3922.5813816888576
1323,3922.5813816888576
1324,3922.5813816888576
1325,3922.5813816888576
1326,3922.5813816888576
1327,3922.5813816888576
1328,3922.5813816888576
1329,3922.5813816888576
1330,3922.5813816888576
1331,3922.5813816888576
1332,3922.5813816888576
1333,3922.5813816888576
1334,3922.5813816888576
1335,3922.5813816888576
1336,3922.5813816888576
1337,3922.5813816888576
1338,3922.5813816888576
1339,3922.5813816888576
1340,3922.5813816888576
1341,3922.5813816888576
1342,3922.5813816888576
1343,3922.5813816888576
1344,3922.5813816888576
1345,3922.5813816888576
1346,3922.5813816888576
1347,3922.5813816888576
1348,3922.5813816888576
1349,3922.5813816888576
1350,3922.5813816888576
1351,3922.5813816888576
1352,3922.5813816888576
1353,3922.5813816888576
1354,3922.5813816888576
1355,3922.5813816888576
1356,3922.5813816888576
1357,3922.5813816888576
1358,3922.5813816888576
1359,3922.5813816888576
1360,3922.5813816888576
1361,3922.5813816888576
1362,3922.5813816888576
1363,3922.5813816888576
1364,3922.5813816888576
1365,3922.5813816888576
1366,3922.5813816888576
1367,3922.5813816888576
1368,3922.5813816888576
1369,3922.5813816888576
1370,3922.5813816888576
1371,3922.5813816888576
1372,3922.5813816888576
1373,3922.5813816888576
1374,3922.5813816888576
1375,3922.5813816888576
1376,3922.5813816888576
1377,3922.5813816888576
1378,3922.5813816888576
1379,3922.5813816888576
1380,3922.5813816888576
1381,3922.5813816888576
1382,3922.5813816888576
1383,3922.5813816888576
1384,3922.5813816888576
1385,3922.5813816888576
1386,3922.5813816888576
1387,3922.5813816888576
1388,3922.5813816888576
1389,3922.5813816888576
1390,3922.5813816888576
1391,3922.5813816888576
1392,3922.5813816888576
1393,3922.5813816888576
1394,3922.5813816888576
1395,3922.5813816888576
1396,3922.5813816888576
1397,3922.5813816888576
1398,3922.5813816888576
1399,3922.5813816888576
1400,3922.5813816888576
1401,3922.5813816888576
1402,3922.5813816888576
1403,3922.5813816888576
1404,3922.5813816888576
1405,3922.5813816888576
1406,3922.5813816888576
1407,3922.5813816888576
1408,3922.5813816888576
1409,3922.5813816888576
1410,3922.5813816888576
1411,3922.5813816888576
1412,3922.5813816888576
1413,3922.5813816888576
1414,3922.5813816888576
1415,3922.5813816888576
1416,3922.5813816888576
1417,3922.5813816888576
1418,3922.5813816888576
1419,3922.5813816888576
1420,3922.5813816888576
1421,3922.5813816888576
1422,3922.5813816888576
1423,3922.5813816888576
1424,3922.5813816888576
1425,3922.5813816888576
1426,3922.5813816888576
1427,3922.5813816888576
1428,3922.5813816888576
1429,3922.5813816888576
1430,3922.5813816888576
1431,3922.5813816888576
1432,3922.5813816888576
1433,3922.5813816888576
1434,3922.5813816888576
1435,3922.5813816888576
1436,3922.5813816888576
1437,3922.5813816888576
1438,3922.5813816888576
1439,3922.5813816888576
1440,3922.5813816888576
1441,3922.5813816888576
1442,3922.5813816888576
1443,3922.5813816888576
1444,3922.5813816888576
1445,3922.5813816888576
1446,3922.5813816888576
1447,3922.5813816888576
1448,3922.5813816888576
1449,3922.5813816888576
1450,3922.5813816888576
1451,3922.5813816888576
1452,3922.5813816888576
1453,3922.5813816888576
1454,3922.5813816888576
1455,3922.5813816888576
1456,3922.5813816888576
1457,3922.5813816888576
1458,3922.5813816888576
1459,3922.5813816888576
1460,3922.5813816888576
1461,3922.5813816888576
1462,3922.5813816888576
1463,3922.5813816888576
1464,3922.5813816888576
1465,3922.5813816888576
1466,3922.5813816888576
1467,3922.5813816888576
1468,3922.5813816888576
1469,3922.5813816888576
1470,3922.5813816888576
1471,3922.5813816888576
1472,3922.5813816888576
1473,3922.5813816888576
1474,3922.5813816888576
1475,3922.5813816888576
1476,3922.5813816888576
1477,3922.5813816888576
1478,3922.5813816888576
1479,3922.5813816888576
1480,3922.5813816888576
1481,3922.5813816888576
1482,3922.5813816888576
1483,3922.5813816888576
1484,3922.5813816888576
1485,3922.5813816888576
1486,3922.5813816888576
1487,3922.5813816888576
1488,3922.5813816888576
1489,3922.5813816888576
1490,3922.5813816888576
1491,3922.5813816888576
1492,3922.5813816888576
1493,3922.5813816888576
1494,3922.5813816888576
1495,3922.5813816888576
1496,3922.5813816888576
1497,3922.5813816888576
1498,3922.5813816888576
1499,3922.5813816888576
1500,3922.5813816888576
1501,3922.5813816888576
1502,3922.5813816888576
1503,3922.5813816888576
1504,3922.5813816888576
1505,3922.5813816888576
1506,3922.5813816888576
1507,3922.5813816888576
1508,3922.5813816888576
1509,3922.5813816888576
1510,3922.5813816888576
1511,3922.5813816888576
1512,3922.5813816888576
1513,3922.5813816888576
1514,3922.5813816888576
1515,3922.5813816888576
1516,3922.5813816888576
1517,3922.5813816888576
1518,3922.5813816888576
1519,3922.5813816888576
1520,3922.5813816888576
1521,3922.5813816888576
1522,3922.5813816888576
1523,3922.5813816888576
1524,3922.5813816888576
1525,3922.5813816888576
1526,3922.5813816888576
1527,3922.5813816888576
1528,3922.5813816888576
1529,3922.5813816888576
1530,3922.5813816888576
1531,3922.5813816888576
1532,3922.5813816888576
1533,3922.5813816888576
1534,3922.5813816888576
1535,3922.5813816888576
1536,3922.5813816888576
1537,3922.5813816888576
1538,3922.5813816888576
1539,3922.5813816888576
1540,3922.5813816888576
1541,3922.5813816888576
1542,3922.5813816888576
1543,3922.5813816888576
1544,3922.5813816888576
1545,3922.5813816888576
1546,3922.5813816888576
1547,3922.5813816888576
1548,3922.5813816888576
1549,3922.5813816888576
1550,3922.5813816888576
1551,3922.5813816888576
1552,3922.5813816888576
1553,3922.5813816888576
1554,3922.5813816888576
1555,3922.5813816888576
1556,3922.5813816888576
1557,3922.5813816888576
1558,3922.5813816888576
1559,3922.5813816888576
1560,3922.5813816888576
1561,3922.5813816888576
1562,3922.5813816888576
1563,3922.5813816888576
1564,3922.5813816888576
1565,3922.5813816888576
1566,3922.5813816888576
1567,3922.5813816888576
1568,3922.5813816888576
1569,3922.5813816888576
1570,3922.5813816888576
1571,3922.5813816888576
1572,3922.5813816888576
1573,3922.5813816888576
1574,3922.5813816888576
1575,3922.5813816888576
1576,3922.5813816888576
1577,3922.5813816888576
1578,3922.5813816888576
1579,3922.5813816888576
1580,3922.5813816888576
1581,3922.5813816888576
1582,3922.5813816888576
1583,3922.5813816888576
1584,3922.5813816888576
1585,3922.5813816888576
1586,3922.5813816888576
1587,3922.5813816888576
1588,3922.5813816888576
1589,3922.5813816888576
1590,3922.5813816888576
1591,3922.5813816888576
1592,3922.5813816888576
1593,3922.5813816888576
1594,3922.5813816888576
1595,3922.5813816888576
1596,3922.5813816888576
1597,3922.5813816888576
1598,3922.5813816888576
1599,3922.5813816888576
1600,3922.5813816888576
1601,3922.5813816888576
1602,3922.5813816888576
1603,3922.5813816888576
1604,3922.5813816888576
1605,3922.5813816888576
1606,3922.5813816888576
1607,3922.5813816888576
1608,3922.5813816888576
1609,3922.5813816888576
1610,3922.5813816888576
1611,3922.5813816888576
1612,3922.5813816888576
1613,3922.5813816888576
1614,3922.5813816888576
1615,3922.5813816888576
1616,3922.5813816888576
1617,3922.5813816888576
1618,3922.5813816888576
1619,3922.5813816888576
1620,3922.5813816888576
1621,3922.5813816888576
1622,3922.5813816888576
1623,3922.5813816888576
1624,3922.5813816888576
1625,3922.5813816888576
1626,3922.5813816888576
1627,3922.5813816888576
1628,3922.5813816888576
1629,3922.5813816888576
1630,3922.5813816888576
1631,3922.5813816888576
1632,3922.5813816888576
1633,3922.5813816888576
1634,3922.5813816888576
1635,3922.5813816888576
1636,3922.5813816888576
1637,3922.5813816888576
1638,3922.5813816888576
1639,3922.5813816888576
1640,3922.5813816888576
1641,3922.5813816888576
1642,3922.5813816888576
1643,3922.5813816888576
1644,3922.5813816888576
1645,3922.5813816888576
1646,3922.5813816888576
1647,3922.5813816888576
1648,3922.5813816888576
1649,3922.5813816888576
1650,3922.5813816888576
1651,3922.5813816888576
1652,3922.5813816888576
1653,3922.5813816888576
1654,3922.5813816888576
1655,3922.5813816888576
1656,3922.5813816888576
1657,3922.5813816888576
1658,3922.5813816888576
1659,3922.5813816888576
1660,3922.5813816888576
1661,3922.5813816888576
1662,3922.5813816888576
1663,3922.5813816888576
1664,3922.5813816888576
1665,3922.5813816888576
1666,3922.5813816888576
1667,3922.5813816888576
1668,3922.5813816888576
1669,3922.5813816888576
1670,3922.5813816888576
1671,3922.5813816888576
1672,3922.5813816888576
1673,3922.5813816888576
1674,3922.5813816888576
1675,3922.5813816888576
1676,3922.5813816888576
1677,3922.5813816888576
1678,3922.5813816888576
1679,3922.5813816888576
1680,3922.5813816888576
1681,3922.5813816888576
1682,3922.5813816888576
1683,3922.5813816888576
1684,3922.5813816888576
1685,3922.5813816888576
1686,3922.5813816888576
1687,3922.5813816888576
1688,3922.5813816888576
1689,3922.5813816888576
1690,3922.5813816888576
1691,3922.5813816888576
1692,3922.5813816888576
1693,3922.5813816888576
1694,3922.5813816888576
1695,3922.5813816888576
1696,3922.5813816888576
1697,3922.5813816888576
1698,3922.5813816888576
1699,3922.5813816888576
1700,3922.5813816888576
1701,3922.5813816888576
1702,3922.5813816888576
1703,3922.5813816888576
1704,3922.5813816888576
1705,3922.5813816888576
1706,3922.5813816888576
1707,3922.5813816888576
1708,3922.5813816888576
1709,3922.5813816888576
1710,3922.5813816888576
1711,3922.5813816888576
1712,3922.5813816888576
1713,3922.5813816888576
1714,3922.5813816888576
1715,3922.5813816888576
1716,3922.5813816888576
1717,3922.5813816888576
1718,3922.5813816888576
1719,3922.5813816888576
1720,3922.5813816888576
1721,3922.5813816888576
1722,3922.5813816888576
1723,3922.5813816888576
1724,3922.5813816888576
1725,3922.5813816888576
1726,3922.5813816888576
1727,3922.5813816888576
1728,3922.5813816888576
1729,3922.5813816888576
1730,3922.5813816888576
1731,3922.5813816888576
1732,3922.5813816888576
1733,3922.5813816888576
1734,3922.5813816888576
1735,3922.5813816888576
1736,3922.5813816888576
1737,3922.5813816888576
1738,3922.5813816888576
1739,3922.5813816888576
1740,3922.5813816888576
1741,3922.5813816888576
1742,3922.5813816888576
1743,3922.5813816888576
1744,3922.5813816888576
1745,3922.5813816888576
1746,3922.5813816888576
1747,3922.5813816888576
1748,3922.5813816888576
1749,3922.5813816888576
1750,3922.5813816888576
1751,3922.5813816888576
1752,3922.5813816888576
1753,3922.5813816888576
1754,3922.5813816888576
1755,3922.5813816888576
1756,3922.5813816888576
1757,3922.5813816888576
1758,3922.5813816888576
1759,3922.5813816888576
1760,3922.5813816888576
1761,3922.5813816888576
1762,3922.5813816888576
1763,3922.5813816888576
1764,3922.5813816888576
1765,3922.5813816888576
1766,3922.5813816888576
1767,3922.5813816888576
1768,3922.5813816888576
1769,3922.5813816888576
1770,3922.5813816888576
1771,3922.5813816888576
1772,3922.5813816888576
1773,3922.5813816888576
1774,3922.5813816888576
1775,3922.5813816888576
1776,3922.5813816888576
1777,3922.5813816888576
1778,3922.5813816888576
1779,3922.5813816888576
1780,3922.5813816888576
1781,3922.5813816888576
1782,3922.5813816888576
1783,3922.5813816888576
1784,3922.5813816888576
1785,3922.5813816888576
1786,3922.5813816888576
1787,3922.5813816888576
1788,3922.5813816888576
1789,3922.5813816888576
1790,3922.5813816888576
1791,3922.5813816888576
1792,3922.5813816888576
1793,3922.5813816888576
1794,3922.5813816888576
1795,3922.5813816888576
1796,3922.5813816888576
1797,3922.5813816888576
1798,3922.5813816888576
1799,3922.5813816888576
1800,3922.5813816888576
1801,3922.5813816888576
1802,3922.5813816888576
1803,3922.5813816888576
1804,3922.5813816888576
1805,3922.5813816888576
1806,3922.5813816888576
1807,3922.5813816888576
1808,3922.5813816888576
1809,3922.5813816888576
1810,3922.5813816888576
1811,3922.5813816888576
1812,3922.5813816888576
1813,3922.5813816888576
1814,3922.5813816888576
1815,3922.5813816888576
1816,3922.5813816888576
1817,3922.5813816888576
1818,3922.5813816888576
1819,3922.5813816888576
1820,3922.5813816888576
1821,3922.5813816888576
1822,3922.5813816888576
1823,3922.5813816888576
1824,3922.5813816888576
1825,3922.5813816888576
1826,3922.5813816888576
1827,3922.5813816888576
1828,3922.5813816888576
1829,3922.5813816888576
1830,3922.5813816888576
1831,3922.5813816888576
1832,3922.5813816888576
1833,3922.5813816888576
1834,3922.5813816888576
1835,3922.5813816888576
1836,3922.5813816888576
1837,3922.5813816888576
1838,3922.5813816888576
1839,3922.5813816888576
1840,3922.5813816888576
1841,3922.5813816888576
1842,3922.5813816888576
1843,3922.5813816888576
1844,3922.5813816888576
1845,3922.5813816888576
1846,3922.5813816888576
1847,3922.5813816888576
1848,3922.5813816888576
1849,3922.5813816888576
1850,3922.5813816888576
1851,3922.5813816888576
1852,3922.5813816888576
1853,3922.5813816888576
1854,3922.5813816888576
1855,3922.5813816888576
1856,3922.5813816888576
1857,3922.5813816888576
1858,3922.5813816888576
1859,3922.5813816888576
1860,3922.5813816888576
1861,3922.5813816888576
1862,3922.5813816888576
1863,3922.5813816888576
1864,3922.5813816888576
1865,3922.5813816888576
1866,3922.5813816888576
1867,3922.5813816888576
1868,3922.5813816888576
1869,3922.5813816888576
1870,3922.5813816888576
1871,3922.5813816888576
1872,3922.5813816888576
1873,3922.5813816888576
1874,3922.5813816888576
1875,3922.5813816888576
1876,3922.5813816888576
1877,3922.5813816888576
1878,3922.5813816888576
1879,3922.5813816888576
1880,3922.5813816888576
1881,3922.5813816888576
1882,3922.5813816888576
1883,3922.5813816888576
1884,3922.5813816888576
1885,3922.5813816888576
1886,3922.5813816888576
1887,3922.5813816888576
1888,3922.5813816888576
1889,3922.5813816888576
1890,3922.5813816888576
1891,3922.5813816888576
1892,3922.5813816888576
1893,3922.5813816888576
1894,3922.5813816888576
1895,3922.5813816888576
1896,3922.5813816888576
1897,3922.5813816888576
1898,3922.5813816888576
1899,3922.5813816888576
1900,3922.5813816888576
1901,3922.5813816888576
1902,3922.5813816888576
1903,3922.5813816888576
1904,3922.5813816888576
1905,3922.5813816888576
1906,3922.5813816888576
1907,3922.5813816888576
1908,3922.5813816888576
1909,3922.5813816888576
1910,3922.5813816888576
1911,3922.5813816888576
1912,3922.5813816888576
1913,3922.5813816888576
1914,3922.5813816888576
1915,3922.5813816888576
1916,3922.5813816888576
1917,3922.5813816888576
1918,3922.5813816888576
1919,3922.5813816888576
1920,3922.5813816888576
1921,3922.5813816888576
1922,3922.5813816888576
1923,3922.5813816888576
1924,3922.5813816888576
1925,3922.5813816888576
1926,3922.5813816888576
1927,3922.5813816888576
1928,3922.5813816888576
1929,3922.5813816888576
1930,3922.5813816888576
1931,3922.5813816888576
1932,3922.5813816888576
1933,3922.5813816888576
1934,3922.5813816888576
1935,3922.5813816888576
1936,3922.5813816888576
1937,3922.5813816888576
1938,3922.5813816888576
1939,3922.5813816888576
1940,3922.5813816888576
1941,3922.5813816888576
1942,3922.5813816888576
1943,3922.5813816888576
1944,3922.5813816888576
1945,3922.5813816888576
1946,3922.5813816888576
1947,3922.5813816888576
1948,3922.5813816888576
1949,3922.5813816888576
1950,3922.5813816888576
1951,3922.5813816888576
1952,3922.5813816888576
1953,3922.5813816888576
1954,3922.5813816888576
1955,3922.5813816888576
1956,3922.5813816888576
1957,3922.5813816888576
1958,3922.5813816888576
1959,3922.5813816888576
1960,3922.5813816888576
1961,3922.5813816888576
1962,3922.5813816888576
1963,3922.5813816888576
1964,3922.5813816888576
1965,3922.5813816888576
1966,3922.5813816888576
1967,3922.5813816888576
1968,3922.5813816888576
1969,3922.5813816888576
1970,3922.5813816888576
1971,3922.5813816888576
1972,3922.5813816888576
1973,3922.5813816888576
1974,3922.5813816888576
1975,3922.5813816888576
1976,3922.5813816888576
1977,3922.5813816888576
1978,3922.5813816888576
1979,3922.5813816888576
1980,3922.5813816888576
1981,3922.5813816888576
1982,3922.5813816888576
1983,3922.5813816888576
1984,3922.5813816888576
1985,3922.5813816888576
1986,3922.5813816888576
1987,3922.5813816888576
1988,3922.5813816888576
1989,3922.5813816888576
1990,3922.5813816888576
1991,3922.5813816888576
1992,3922.5813816888576
1993,3922.5813816888576
1994,3922.5813816888576
1995,3922.5813816888576
1996,3922.5813816888576
1997,3922.5813816888576
1998,3922.5813816888576
1999,3922.5813816888576
2000,3922.5813816888576
2001,3922.5813816888576
2002,3922.5813816888576
2003,3922.5813816888576
2004,3922.5813816888576
2005,3922.5813816888576
2006,3922.5813816888576
2007,3922.5813816888576
2008,3922.5813816888576
2009,3922.5813816888576
2010,3922.5813816888576
2011,3922.5813816888576
2012,3922.5813816888576
2013,3922.5813816888576
2014,3922.5813816888576
2015,3922.5813816888576
2016,3922.5813816888576
2017,3922.5813816888576
2018,3922.5813816888576
2019,3922.5813816888576
2020,3922.5813816888576
2021,3922.5813816888576
2022,3922.5813816888576
2023,3922.5813816888576
2024,3922.5813816888576
2025,3922.5813816888576
2026,3922.5813816888576
2027,3922.5813816888576
2028,3922.5813816888576
2029,3922.5813816888576
2030,3922.5813816888576
2031,3922.5813816888576
2032,3922.5813816888576
2033,3922.5813816888576
2034,3922.5813816888576
2035,3922.5813816888576
2036,3922.5813816888576
2037,3922.5813816888576
2038,3922.5813816888576
2039,3922.5813816888576
2040,3922.5813816888576
2041,3922.5813816888576
2042,3922.5813816888576
2043,3922.5813816888576
2044,3922.5813816888576
2045,3922.5813816888576
2046,3922.5813816888576
2047,3922.5813816888576
2048,3922.5813816888576
2049,3922.5813816888576
2050,3922.5813816888576
2051,3922.5813816888576
2052,3922.5813816888576
2053,3922.5813816888576
2054,3922.5813816888576
2055,3922.5813816888576
2056,3922.5813816888576
2057,3922.5813816888576
2058,3922.5813816888576
2059,3922.5813816888576
2060,3922.5813816888576
2061,3922.5813816888576
2062,3922.5813816888576
2063,3922.5813816888576
2064,3922.5813816888576
2065,3922.5813816888576
2066,3922.5813816888576
2067,3922.5813816888576
2068,3922.5813816888576
2069,3922.5813816888576
2070,3922.5813816888576
2071,3922.5813816888576
2072,3922.5813816888576
2073,3922.5813816888576
2074,3922.5813816888576
2075,3922.5813816888576
2076,3922.5813816888576
2077,3922.5813816888576
2078,3922.5813816888576
2079,3922.5813816888576
2080,3922.5813816888576
2081,3922.5813816888576
2082,3922.5813816888576
2083,3922.5813816888576
2084,3922.5813816888576
2085,3922.5813816888576
2086,3922.5813816888576
2087,3922.5813816888576
2088,3922.5813816888576
2089,3922.5813816888576
2090,3922.5813816888576
2091,3922.5813816888576
2092,3922.5813816888576
2093,3922.5813816888576
2094,3922.5813816888576
2095,3922.5813816888576
2096,3922.5813816888576
2097,3922.5813816888576
2098,3922.5813816888576
2099,3922.5813816888576
2100,3922.5813816888576
2101,3922.5813816888576
2102,3922.5813816888576
2103,3922.5813816888576
2104,3922.5813816888576
2105,3922.5813816888576
2106,3922.5813816888576
2107,3922.5813816888576
2108,3922.5813816888576
2109,3922.5813816888576
2110,3922.5813816888576
2111,3922.5813816888576
2112,3922.5813816888576
2113,3922.5813816888576
2114,3922.5813816888576
2115,3922.5813816888576
2116,3922.5813816888576
2117,3922.5813816888576
2118,3922.5813816888576
2119,3922.5813816888576
2120,3922.5813816888576
2121,3922.5813816888576
2122,3922.5813816888576
2123,3922.5813816888576
2124,3922.5813816888576
2125,3922.5813816888576
2126,3922.5813816888576
2127,3922.5813816888576
2128,3922.5813816888576
2129,3922.5813816888576
2130,3922.5813816888576
2131,3922.5813816888576
2132,3922.5813816888576
2133,3922.5813816888576
2134,3922.5813816888576
2135,3922.5813816888576
2136,3922.5813816888576
2137,3922.5813816888576
2138,3922.5813816888576
2139,3922.5813816888576
2140,3922.5813816888576
2141,3922.5813816888576
2142,3922.5813816888576
2143,3922.5813816888576
2144,3922.5813816888576
2145,3922.5813816888576
2146,3922.5813816888576
2147,3922.5813816888576
2148,3922.5813816888576
2149,3922.5813816888576
2150,3922.5813816888576
2151,3922.5813816888576
2152,3922.5813816888576
2153,3922.5813816888576
2154,3922.5813816888576
2155,3922.5813816888576
2156,3922.5813816888576
2157,3922.5813816888576
2158,3922.5813816888576
2159,3922.5813816888576
2160,3922.5813816888576
2161,3922.5813816888576
2162,3922.5813816888576
2163,3922.5813816888576
2164,3922.5813816888576
2165,3922.5813816888576
2166,3922.5813816888576
2167,3922.5813816888576
2168,3922.5813816888576
2169,3922.5813816888576
2170,3922.5813816888576
2171,3922.5813816888576
2172,3922.5813816888576
2173,3922.5813816888576
2174,3922.5813816888576
2175,3922.5813816888576
2176,3922.5813816888576
2177,3922.5813816888576
2178,3922.5813816888576
2179,3922.5813816888576
2180,3922.5813816888576
2181,3922.5813816888576
2182,3922.5813816888576
2183,3922.5813816888576
2184,3922.5813816888576
2185,3922.5813816888576
2186,3922.5813816888576
2187,3922.5813816888576
2188,3922.5813816888576
2189,3922.5813816888576
2190,3922.5813816888576
2191,3922.5813816888576
2192,3922.5813816888576
2193,3922.5813816888576
2194,3922.5813816888576
2195,3922.5813816888576
2196,3922.5813816888576
2197,3922.5813816888576
2198,3922.5813816888576
2199,3922.5813816888576
2200,3922.5813816888576
2201,3922.5813816888576
2202,3922.5813816888576
2203,3922.5813816888576
2204,3922.5813816888576
2205,3922.5813816888576
2206,3922.5813816888576
2207,3922.5813816888576
2208,3922.5813816888576
2209,3922.5813816888576
2210,3922.5813816888576
2211,3922.5813816888576
2212,3922.5813816888576
2213,3922.5813816888576
2214,3922.5813816888576
2215,3922.5813816888576
2216,3922.5813816888576
2217,3922.5813816888576
2218,3922.5813816888576
2219,3922.5813816888576
2220,3922.5813816888576
2221,3922.5813816888576
2222,3922.5813816888576
2223,3922.5813816888576
2224,3922.5813816888576
2225,3922.5813816888576
2226,3922.5813816888576
2227,3922.5813816888576
2228,3922.5813816888576
2229,3922.5813816888576
2230,3922.5813816888576
2231,3922.5813816888576
2232,3922.5813816888576
2233,3922.5813816888576
2234,3922.5813816888576
2235,3922.5813816888576
2236,3922.5813816888576
2237,3922.5813816888576
2238,3922.5813816888576
2239,3922.5813816888576
2240,3922.5813816888576
2241,3922.5813816888576
2242,3922.5813816888576
2243,3922.5813816888576
2244,3922.5813816888576
2245,3922.5813816888576
2246,3922.5813816888576
2247,3922.5813816888576
2248,3922.5813816888576
2249,3922.5813816888576
2250,3922.5813816888576
2251,3922.5813816888576
2252,3922.5813816888576
2253,3922.5813816888576
2254,3922.5813816888576
2255,3922.5813816888576
2256,3922.5813816888576
2257,3922.5813816888576
2258,3922.5813816888576
2259,3922.5813816888576
2260,3922.5813816888576
2261,3922.5813816888576
2262,3922.5813816888576
2263,3922.5813816888576
2264,3922.5813816888576
2265,3922.5813816888576
2266,3922.5813816888576
2267,3922.5813816888576
2268,3922.5813816888576
2269,3922.5813816888576
2270,3922.5813816888576
2271,3922.5813816888576
2272,3922.5813816888576
2273,3922.5813816888576
2274,3922.5813816888576
2275,3922.5813816888576
2276,3922.5813816888576
2277,3922.5813816888576
2278,3922.5813816888576
2279,3922.5813816888576
2280,3922.5813816888576
2281,3922.5813816888576
2282,3922.5813816888576
2283,3922.5813816888576
2284,3922.5813816888576
2285,3922.5813816888576
2286,3922.5813816888576
2287,3922.5813816888576
2288,3922.5813816888576
2289,3922.5813816888576
2290,3922.5813816888576
2291,3922.5813816888576
2292,3922.5813816888576
2293,3922.5813816888576
2294,3922.5813816888576
2295,3922.5813816888576
2296,3922.5813816888576
2297,3922.5813816888576
2298,3922.5813816888576
2299,3922.5813816888576
2300,3922.5813816888576
2301,3922.5813816888576
2302,3922.5813816888576
2303,3922.5813816888576
2304,3922.5813816888576
2305,3922.5813816888576
2306,3922.5813816888576
2307,3922.5813816888576
2308,3922.5813816888576
2309,3922.5813816888576
2310,3922.5813816888576
2311,3922.5813816888576
2312,3922.5813816888576
2313,3922.5813816888576
2314,3922.5813816888576
2315,3922.5813816888576
2316,3922.5813816888576
2317,3922.5813816888576
2318,3922.5813816888576
2319,3922.5813816888576
2320,3922.5813816888576
2321,3922.5813816888576
2322,3922.5813816888576
2323,3922.5813816888576
2324,3922.5813816888576
2325,3922.5813816888576
2326,3922.5813816888576
2327,3922.5813816888576
2328,3922.5813816888576
2329,3922.5813816888576
2330,3922.5813816888576
2331,3922.5813816888576
2332,3922.5813816888576
2333,3922.5813816888576
2334,3922.5813816888576
2335,3922.5813816888576
2336,3922.5813816888576
2337,3922.5813816888576
2338,3922.5813816888576
2339,3922.5813816888576
2340,3922.5813816888576
2341,3922.5813816888576
2342,3922.5813816888576
2343,3922.5813816888576
2344,3922.5813816888576
2345,3922.5813816888576
2346,3922.5813816888576
2347,3922.5813816888576
2348,3922.5813816888576
2349,3922.5813816888576
2350,3922.5813816888576
2351,3922.5813816888576
2352,3922.5813816888576
2353,3922.5813816888576
2354,3922.5813816888576
2355,3922.5813816888576
2356,3922.5813816888576
2357,3922.5813816888576
2358,3922.5813816888576
2359,3922.5813816888576
2360,3922.5813816888576
2361,3922.5813816888576
2362,3922.5813816888576
2363,3922.5813816888576
2364,3922.5813816888576
2365,3922.5813816888576
2366,3922.5813816888576
2367,3922.5813816888576
2368,3922.5813816888576
2369,3922.5813816888576
2370,3922.5813816888576
2371,3922.5813816888576
2372,3922.5813816888576
2373,3922.5813816888576
2374,3922.5813816888576
2375,3922.5813816888576
2376,3922.5813816888576
2377,3922.5813816888576
2378,3922.5813816888576
2379,3922.5813816888576
2380,3922.5813816888576
2381,3922.5813816888576
2382,3922.5813816888576
2383,3922.5813816888576
2384,3922.5813816888576
2385,3922.5813816888576
2386,3922.5813816888576
2387,3922.5813816888576
2388,3922.5813816888576
2389,3922.5813816888576
2390,3922.5813816888576
2391,3922.5813816888576
2392,3922.5813816888576
2393,3922.5813816888576
2394,3922.5813816888576
2395,3922.5813816888576
2396,3922.5813816888576
2397,3922.5813816888576
2398,3922.5813816888576
2399,3922.5813816888576
2400,3922.5813816888576
2401,3922.5813816888576
2402,3922.5813816888576
2403,3922.5813816888576
2404,3922.5813816888576
2405,3922.5813816888576
2406,3922.5813816888576
2407,3922.5813816888576
2408,3922.5813816888576
2409,3922.5813816888576
2410,3922.5813816888576
2411,3922.5813816888576
2412,3922.5813816888576
2413,3922.5813816888576
2414,3922.5813816888576
2415,3922.5813816888576
2416,3922.5813816888576
2417,3922.5813816888576
2418,3922.5813816888576
2419,3922.5813816888576
2420,3922.5813816888576
2421,3922.5813816888576
2422,3922.5813816888576
2423,3922.5813816888576
2424,3922.5813816888576
2425,3922.5813816888576
2426,3922.5813816888576
2427,3922.5813816888576
2428,3922.5813816888576
2429,3922.5813816888576
2430,3922.5813816888576
2431,3922.5813816888576
2432,3922.5813816888576
2433,3922.5813816888576
2434,3922.5813816888576
2435,3922.5813816888576
2436,3922.5813816888576
2437,3922.5813816888576
2438,3922.5813816888576
2439,3922.5813816888576
2440,3922.5813816888576
2441,3922.5813816888576
2442,3922.5813816888576
2443,3922.5813816888576
2444,3922.5813816888576
2445,3922.5813816888576
2446,3922.5813816888576
2447,3922.5813816888576
2448,3922.5813816888576
2449,3922.5813816888576
2450,3891.8176013930465
2451,3891.8176013930465
2452,3891.8176013930465
2453,3891.8176013930465
2454,3891.8176013930465
2455,3891.8176013930465
2456,3891.8176013930465
2457,3891.8176013930465
2458,3891.8176013930465
2459,3891.8176013930465
2460,3891.8176013930465
2461,3891.8176013930465
2462,3891.8176013930465
2463,3891.8176013930465
2464,3891.8176013930465
2465,3891.8176013930465
2466,3891.8176013930465
2467,3891.8176013930465
2468,3891.8176013930465
2469,3891.8176013930465
2470,3891.8176013930465
2471,3891.8176013930465
2472,3891.8176013930465
2473,3891.8176013930465
2474,3891.8176013930465
2475,3845.325751543141
2476,3845.325751543141
2477,3845.325751543141
2478,3845.325751543141
2479,3845.325751543141
2480,3845.325751543141
2481,3845.325751543141
2482,3845.325751543141
2483,3845.325751543141
2484,3845.325751543141
2485,3845.325751543141
2486,3845.325751543141
2487,3845.325751543141
2488,3845.325751543141
2489,3845.325751543141
2490,3845.325751543141
2491,3845.325751543141
2492,3845.325751543141
2493,3845.325751543141
2494,3845.325751543141
2495,3845.325751543141
2496,3845.325751543141
2497,3845.325751543141
2498,3845.325751543141
2499,3845.325751543141
2500,3845.325751543141
2501,3845.325751543141
2502,3845.325751543141
2503,3845.325751543141
2504,3845.325751543141
2505,3845.325751543141
2506,3845.325751543141
2507,3845.325751543141
2508,3845.325751543141
2509,3842.5030712100993
2510,3842.5030712100993
2511,3842.5030712100993
2512,3842.5030712100993
2513,3842.5030712100993
2514,3842.5030712100993
2515,3842.5030712100993
2516,3842.5030712100993
2517,3842.5030712100993
2518,3842.5030712100993
2519,3842.5030712100993
2520,3842.5030712100993
2521,3842.5030712100993
2522,3842.5030712100993
2523,3842.5030712100993
2524,3842.5030712100993
2525,3842.5030712100993
2526,3842.5030712100993
2527,3842.5030712100993
2528,3842.5030712100993
2529,3842.5030712100993
2530,3842.5030712100993
2531,3842.5030712100993
2532,3842.5030712100993
2533,3842.5030712100993
2534,3842.5030712100993
2535,3842.5030712100993
2536,3842.5030712100993
2537,3842.5030712100993
2538,3842.5030712100993
2539,3842.5030712100993
2540,3842.5030712100993
2541,3842.5030712100993
2542,3842.5030712100993
2543,3842.5030712100993
2544,3842.5030712100993
2545,3842.5030712100993
2546,3842.5030712100993
2547,3842.5030712100993
2548,3842.5030712100993
2549,3842.5030712100993
2550,3842.5030712100993
2551,3842.5030712100993
2552,3842.5030712100993
2553,3842.5030712100993
2554,3842.5030712100993
2555,3842.5030712100993
2556,3842.5030712100993
2557,3842.5030712100993
2558,3842.5030712100993
2559,3842.5030712100993
2560,3842.5030712100993
2561,3842.5030712100993
2562,3842.5030712100993
2563,3842.5030712100993
2564,3842.5030712100993
2565,3842.5030712100993
2566,3842.5030712100993
2567,3842.5030712100993
2568,3842.5030712100993
2569,3842.5030712100993
2570,3842.5030712100993
2571,3842.5030712100993
2572,3842.5030712100993
2573,3842.5030712100993
2574,3842.5030712100993
2575,3842.5030712100993
2576,3842.5030712100993
2577,3842.5030712100993
2578,3842.5030712100993
2579,3842.5030712100993
2580,3842.5030712100993
2581,3842.5030712100993
2582,3842.5030712100993
2583,3842.5030712100993
2584,3842.5030712100993
2585,3842.5030712100993
2586,3842.5030712100993
2587,3842.5030712100993
2588,3842.5030712100993
2589,3842.5030712100993
2590,3842.5030712100993
2591,3842.5030712100993
2592,3842.5030712100993
2593,3842.5030712100993
2594,3842.5030712100993
2595,3842.5030712100993
2596,3842.5030712100993
2597,3842.5030712100993
2598,3842.5030712100993
2599,3842.5030712100993
2600,3842.5030712100993
2601,3842.5030712100993
2602,3842.5030712100993
2603,3842.5030712100993
2604,3842.5030712100993
2605,3842.5030712100993
2606,3842.5030712100993
2607,3842.5030712100993
2608,3842.5030712100993
2609,3819.5795327091546
2610,3819.5795327091546
2611,3819.5795327091546
2612,3819.5795327091546
2613,3819.5795327091546
2614,3819.5795327091546
2615,3819.5795327091546
2616,3819.5795327091546
2617,3819.5795327091546
2618,3819.5795327091546
2619,3819.5795327091546
2620,3819.5795327091546
2621,3819.5795327091546
2622,3819.5795327091546
2623,3819.5795327091546
2624,3819.5795327091546
2625,3819.5795327091546
2626,3819.5795327091546
2627,3819.5795327091546
2628,3819.5795327091546
2629,3819.5795327091546
2630,3819.5795327091546
2631,3819.5795327091546
2632,3819.5795327091546
2633,3819.5795327091546
2634,3819.5795327091546
2635,3819.5795327091546
2636,3819.5795327091546
2637,3819.5795327091546
2638,3819.5795327091546
2639,3819.5795327091546
2640,3819.5795327091546
2641,3819.5795327091546
2642,3819.5795327091546
2643,3819.5795327091546
2644,3819.5795327091546
2645,3819.5795327091546
2646,3819.5795327091546
2647,3819.5795327091546
2648,3819.5795327091546
2649,3819.5795327091546
2650,3819.5795327091546
2651,3819.5795327091546
2652,3819.5795327091546
2653,3819.5795327091546
2654,3819.5795327091546
2655,3819.5795327091546
2656,3819.5795327091546
2657,3819.5795327091546
2658,3819.5795327091546
2659,3819.5795327091546
2660,3819.5795327091546
2661,3819.5795327091546
2662,3819.5795327091546
2663,3819.5795327091546
2664,3819.5795327091546
2665,3819.5795327091546
2666,3819.5795327091546
2667,3819.5795327091546
2668,3819.5795327091546
2669,3819.5795327091546
2670,3819.5795327091546
2671,3819.5795327091546
2672,3819.5795327091546
2673,3819.5795327091546
2674,3819.5795327091546
2675,3819.5795327091546
2676,3819.5795327091546
2677,3819.5795327091546
2678,3819.5795327091546
2679,3819.5795327091546
2680,3819.5795327091546
2681,3819.5795327091546
2682,3819.5795327091546
2683,3819.5795327091546
2684,3819.5795327091546
2685,3819.5795327091546
2686,3819.5795327091546
2687,3819.5795327091546
2688,3819.5795327091546
2689,3819.5795327091546
2690,3819.5795327091546
2691,3819.5795327091546
2692,3819.5795327091546
2693,3819.5795327091546
2694,3819.5795327091546
2695,3819.5795327091546
2696,3819.5795327091546
2697,3819.5795327091546
2698,3819.5795327091546
2699,3819.5795327091546
2700,3819.5795327091546
2701,3819.5795327091546
2702,3819.5795327091546
2703,3819.5795327091546
2704,3819.5795327091546
2705,3819.5795327091546
2706,3819.5795327091546
2707,3819.5795327091546
2708,3819.5795327091546
2709,3819.5795327091546
2710,3819.5795327091546
2711,3819.5795327091546
2712,3819.5795327091546
2713,3819.5795327091546
2714,3819.5795327091546
2715,3819.5795327091546
2716,3819.5795327091546
2717,3819.5795327091546
2718,3819.5795327091546
2719,3819.5795327091546
2720,3819.5795327091546
2721,3819.5795327091546
2722,3819.5795327091546
2723,3819.5795327091546
2724,3819.5795327091546
2725,3819.5795327091546
2726,3819.5795327091546
2727,3819.5795327091546
2728,3819.5795327091546
2729,3819.5795327091546
2730,3819.5795327091546
2731,3819.5795327091546
2732,3819.5795327091546
2733,3819.5795327091546
2734,3819.5795327091546
2735,3819.5795327091546
2736,3819.5795327091546
2737,3819.5795327091546
2738,3819.5795327091546
2739,3819.5795327091546
2740,3819.5795327091546
2741,3819.5795327091546
2742,3819.5795327091546
2743,3819.5795327091546
2744,3819.5795327091546
2745,3819.5795327091546
2746,3819.5795327091546
2747,3819.5795327091546
2748,3819.5795327091546
2749,3819.5795327091546
2750,3819.5795327091546
2751,3819.5795327091546
2752,3819.5795327091546
2753,3819.5795327091546
2754,3819.5795327091546
2755,3819.5795327091546
2756,3819.5795327091546
2757,3819.5795327091546
2758,3819.5795327091546
2759,3819.5795327091546
2760,3819.5795327091546
2761,3819.5795327091546
2762,3819.5795327091546
2763,3819.5795327091546
2764,3819.5795327091546
2765,3819.5795327091546
2766,3819.5795327091546
2767,3819.5795327091546
2768,3819.5795327091546
2769,3819.5795327091546
2770,3819.5795327091546
2771,3819.5795327091546
2772,3696.8511903043877
2773,3696.8511903043877
2774,3677.3680302537696
2775,3677.3680302537696
2776,3677.3680302537696
2777,3677.3680302537696
2778,3677.3680302537696
2779,3677.3680302537696
2780,3677.3680302537696
2781,3677.3680302537696
2782,3677.3680302537696
2783,3677.3680302537696
2784,3677.3680302537696
2785,3677.3680302537696
2786,3677.3680302537696
2787,3677.3680302537696
2788,3677.3680302537696
2789,3677.3680302537696
2790,3677.3680302537696
2791,3677.3680302537696
2792,3677.3680302537696
2793,3677.3680302537696
2794,3677.3680302537696
2795,3677.3680302537696
2796,3651.086740858651
2797,3651.086740858651
2798,3651.086740858651
2799,3651.086740858651
2800,3651.086740858651
2801,3651.086740858651
2802,3651.086740858651
2803,3651.086740858651
2804,3651.086740858651
2805,3651.086740858651
2806,3651.086740858651
2807,3651.086740858651
2808,3651.086740858651
2809,3651.086740858651
2810,3651.086740858651
2811,3651.086740858651
2812,3651.086740858651
2813,3651.086740858651
2814,3632.9178852804093
2815,3632.9178852804093
2816,3596.726821360627
2817,3596.726821360627
2818,3596.726821360627
2819,3596.726821360627
2820,3596.726821360627
2821,3596.726821360627
2822,3584.2012985710326
2823,3584.2012985710326
2824,3584.2012985710326
2825,3580.7345054714656
2826,3580.7345054714656
2827,3580.7345054714656
2828,3580.7345054714656
2829,3580.7345054714656
2830,3580.7345054714656
2831,3580.7345054714656
2832,3580.7345054714656
2833,3580.7345054714656
2834,3580.7345054714656
2835,3580.7345054714656
2836,3580.7345054714656
2837,3580.7345054714656
2838,3580.7345054714656
2839,3580.7345054714656
2840,3580.7345054714656
2841,3580.7345054714656
2842,3580.7345054714656
2843,3580.7345054714656
2844,3580.7345054714656
2845,3580.7345054714656
2846,3580.7345054714656
2847,3580.7345054714656
2848,3580.7345054714656
2849,3580.7345054714656
2850,3580.7345054714656
2851,3580.7345054714656
2852,3580.7345054714656
2853,3580.7345054714656
2854,3580.7345054714656
2855,3580.7345054714656
2856,3580.7345054714656
2857,3580.7345054714656
2858,3580.7345054714656
2859,3580.7345054714656
2860,3580.7345054714656
2861,3580.7345054714656
2862,3580.7345054714656
2863,3580.7345054714656
2864,3580.7345054714656
2865,3580.7345054714656
2866,3580.7345054714656
2867,3580.7345054714656
2868,3580.7345054714656
2869,3580.7345054714656
2870,3580.7345054714656
2871,3580.7345054714656
2872,3580.7345054714656
2873,3580.7345054714656
2874,3580.7345054714656
2875,3580.7345054714656
2876,3580.7345054714656
2877,3580.7345054714656
2878,3580.7345054714656
2879,3580.7345054714656
2880,3580.7345054714656
2881,3580.7345054714656
2882,3580.7345054714656
2883,3580.7345054714656
2884,3580.7345054714656
2885,3580.7345054714656
2886,3580.7345054714656
2887,3580.7345054714656
2888,3580.7345054714656
2889,3580.7345054714656
2890,3580.7345054714656
2891,3580.7345054714656
2892,3580.7345054714656
2893,3580.7345054714656
2894,3580.7345054714656
2895,3580.7345054714656
2896,3580.7345054714656
2897,3580.7345054714656
2898,3580.7345054714656
2899,3580.7345054714656
2900,3580.7345054714656
2901,3580.7345054714656
2902,3580.7345054714656
2903,3580.7345054714656
2904,3580.7345054714656
2905,3580.7345054714656
2906,3580.7345054714656
2907,3580.7345054714656
2908,3580.7345054714656
2909,3580.7345054714656
2910,3580.7345054714656
2911,3580.7345054714656
2912,3580.7345054714656
2913,3580.7345054714656
2914,3580.7345054714656
2915,3580.7345054714656
2916,3580.7345054714656
2917,3580.7345054714656
2918,3580.7345054714656
2919,3580.7345054714656
2920,3580.7345054714656
2921,3580.7345054714656
2922,3580.7345054714656
2923,3580.7345054714656
2924,3580.7345054714656
2925,3580.7345054714656
2926,3580.7345054714656
2927,3580.7345054714656
2928,3580.7345054714656
2929,3580.7345054714656
2930,3580.7345054714656
2931,3580.7345054714656
2932,3580.7345054714656
2933,3580.7345054714656
2934,3580.7345054714656
2935,3580.7345054714656
2936,3580.7345054714656
2937,3580.7345054714656
2938,3580.7345054714656
2939,3580.7345054714656
2940,3580.7345054714656
2941,3580.7345054714656
2942,3580.7345054714656
2943,3580.7345054714656
2944,3580.7345054714656
2945,3580.7345054714656
2946,3580.7345054714656
2947,3580.7345054714656
2948,3580.7345054714656
2949,3580.7345054714656
2950,3580.7345054714656
2951,3580.7345054714656
2952,3580.7345054714656
2953,3580.7345054714656
2954,3580.7345054714656
2955,3580.7345054714656
2956,3580.7345054714656
2957,3580.7345054714656
2958,3580.7345054714656
2959,3580.7345054714656
2960,3580.7345054714656
2961,3580.7345054714656
2962,3580.7345054714656
2963,3580.7345054714656
2964,3580.7345054714656
2965,3580.7345054714656
2966,3580.7345054714656
2967,3580.7345054714656
2968,3580.7345054714656
2969,3580.7345054714656
2970,3580.7345054714656
2971,3580.7345054714656
2972,3580.7345054714656
2973,3580.7345054714656
2974,3580.7345054714656
2975,3580.7345054714656
2976,3580.7345054714656
2977,3580.7345054714656
2978,3580.7345054714656
2979,3580.7345054714656
2980,3580.7345054714656
2981,3580.7345054714656
2982,3580.7345054714656
2983,3580.7345054714656
2984,3580.7345054714656
2985,3580.7345054714656
2986,3580.7345054714656
2987,3580.7345054714656
2988,3580.7345054714656
2989,3580.7345054714656
2990,3580.7345054714656
2991,3580.7345054714656
2992,3580.7345054714656
2993,3580.7345054714656
2994,3580.7345054714656
2995,3580.7345054714656
2996,3580.7345054714656
2997,3580.7345054714656
2998,3580.7345054714656
2999,3580.7345054714656
3000,3580.7345054714656
3001,3580.7345054714656
3002,3580.7345054714656
3003,3580.7345054714656
3004,3580.7345054714656
3005,3580.7345054714656
3006,3580.7345054714656
3007,3580.7345054714656
3008,3580.7345054714656
3009,3580.7345054714656
3010,3580.7345054714656
3011,3580.7345054714656
3012,3580.7345054714656
3013,3580.7345054714656
3014,3580.7345054714656
3015,3580.7345054714656
3016,3580.7345054714656
3017,3580.7345054714656
3018,3580.7345054714656
3019,3580.7345054714656
3020,3580.7345054714656
3021,3580.7345054714656
3022,3580.7345054714656
3023,3580.7345054714656
3024,3580.7345054714656
3025,3580.7345054714656
3026,3580.7345054714656
3027,3580.7345054714656
3028,3580.7345054714656
3029,3580.7345054714656
3030,3580.7345054714656
3031,3580.7345054714656
3032,3580.7345054714656
3033,3580.7345054714656
3034,3580.7345054714656
3035,3580.7345054714656
3036,3580.7345054714656
3037,3580.7345054714656
3038,3580.7345054714656
3039,3580.7345054714656
3040,3580.7345054714656
3041,3580.7345054714656
3042,3580.7345054714656
3043,3580.7345054714656
3044,3580.7345054714656
3045,3580.7345054714656
3046,3580.7345054714656
3047,3580.7345054714656
3048,3580.7345054714656
3049,3580.7345054714656
3050,3580.7345054714656
3051,3580.7345054714656
3052,3580.7345054714656
3053,3580.7345054714656
3054,3580.7345054714656
3055,3580.7345054714656
3056,3580.7345054714656
3057,3580.7345054714656
3058,3580.7345054714656
3059,3580.7345054714656
3060,3580.7345054714656
3061,3580.7345054714656
3062,3580.7345054714656
3063,3580.7345054714656
3064,3580.7345054714656
3065,3580.7345054714656
3066,3580.7345054714656
3067,3580.7345054714656
3068,3580.7345054714656
3069,3580.7345054714656
3070,3580.7345054714656
3071,3580.7345054714656
3072,3580.7345054714656
3073,3580.7345054714656
3074,3580.7345054714656
3075,3580.7345054714656
3076,3580.7345054714656
3077,3580.7345054714656
3078,3580.7345054714656
3079,3580.7345054714656
3080,3579.87550386816
3081,3579.87550386816
3082,3579.87550386816
3083,3579.87550386816
3084,3579.87550386816
3085,3579.87550386816
3086,3579.87550386816
3087,3579.87550386816
3088,3577.3476810982106
3089,3577.3476810982106
3090,3577.3476810982106
3091,3577.3476810982106
3092,3577.3476810982106
3093,3577.3476810982106
3094,3577.3476810982106
3095,3577.3476810982106
3096,3577.3476810982106
3097,3577.3476810982106
3098,3577.3476810982106
3099,3577.3476810982106
3100,3577.3476810982106
3101,3577.3476810982106
3102,3577.3476810982106
3103,3577.3476810982106
3104,3577.3476810982106
3105,3577.3476810982106
3106,3577.3476810982106
3107,3577.3476810982106
3108,3577.3476810982106
3109,3577.3476810982106
3110,3577.3476810982106
3111,3577.3476810982106
3112,3577.3476810982106
3113,3577.3476810982106
3114,3577.3476810982106
3115,3577.3476810982106
3116,3577.3476810982106
3117,3577.3476810982106
3118,3577.3476810982106
3119,3577.3476810982106
3120,3577.3476810982106
3121,3577.3476810982106
3122,3577.3476810982106
3123,3577.3476810982106
3124,3577.3476810982106
3125,3577.3476810982106
3126,3577.3476810982106
3127,3577.3476810982106
3128,3577.3476810982106
3129,3577.3476810982106
3130,3577.3476810982106
3131,3577.3476810982106
3132,3577.3476810982106
3133,3577.3476810982106
3134,3577.3476810982106
3135,3577.3476810982106
3136,3577.3476810982106
3137,3577.3476810982106
3138,3577.3476810982106
3139,3577.3476810982106
3140,3577.3476810982106
3141,3577.3476810982106
3142,3577.3476810982106
3143,3577.3476810982106
3144,3577.3476810982106
3145,3577.3476810982106
3146,3577.3476810982106
3147,3577.3476810982106
3148,3577.3476810982106
3149,3577.3476810982106
3150,3577.3476810982106
3151,3577.3476810982106
3152,3577.3476810982106
3153,3577.3476810982106
3154,3577.3476810982106
3155,3577.3476810982106
3156,3577.3476810982106
3157,3577.3476810982106
3158,3577.3476810982106
3159,3577.3476810982106
3160,3577.3476810982106
3161,3577.3476810982106
3162,3577.3476810982106
3163,3577.3476810982106
3164,3577.3476810982106
3165,3577.3476810982106
3166,3577.3476810982106
3167,3577.3476810982106
3168,3577.3476810982106
3169,3577.3476810982106
3170,3577.3476810982106
3171,3577.3476810982106
3172,3577.3476810982106
3173,3577.3476810982106
3174,3577.3476810982106
3175,3577.3476810982106
3176,3577.3476810982106
3177,3577.3476810982106
3178,3577.3476810982106
3179,3577.3476810982106
3180,3577.3476810982106
3181,3577.3476810982106
3182,3577.3476810982106
3183,3577.3476810982106
3184,3577.3476810982106
3185,3577.3476810982106
3186,3577.3476810982106
3187,3577.3476810982106
3188,3577.3476810982106
3189,3577.3476810982106
3190,3577.3476810982106
3191,3577.3476810982106
3192,3577.3476810982106
3193,3577.3476810982106
3194,3577.3476810982106
3195,3577.3476810982106
3196,3577.3476810982106
3197,3577.3476810982106
3198,3577.3476810982106
3199,3577.3476810982106
3200,3577.3476810982106
3201,3577.3476810982106
3202,3577.3476810982106
3203,3577.3476810982106
3204,3577.3476810982106
3205,3577.3476810982106
3206,3577.3476810982106
3207,3577.3476810982106
3208,3577.3476810982106
3209,3577.3476810982106
3210,3577.3476810982106
3211,3577.3476810982106
3212,3577.3476810982106
3213,3577.3476810982106
3214,3577.3476810982106
3215,3577.3476810982106
3216,3577.3476810982106
3217,3577.3476810982106
3218,3577.3476810982106
3219,3577.3476810982106
3220,3577.3476810982106
3221,3577.3476810982106
3222,3577.3476810982106
3223,3577.3476810982106
3224,3577.3476810982106
3225,3577.3476810982106
3226,3577.3476810982106
3227,3577.3476810982106
3228,3577.3476810982106
3229,3577.3476810982106
3230,3577.3476810982106
3231,3577.3476810982106
3232,3577.3476810982106
3233,3577.3476810982106
3234,3577.3476810982106
3235,3577.3476810982106
3236,3577.3476810982106
3237,3577.3476810982106
3238,3577.3476810982106
3239,3577.3476810982106
3240,3577.3476810982106
3241,3577.3476810982106
3242,3577.3476810982106
3243,3577.3476810982106
3244,3577.3476810982106
3245,3577.3476810982106
3246,3577.3476810982106
3247,3577.3476810982106
3248,3577.3476810982106
3249,3577.3476810982106
3250,3577.3476810982106
3251,3577.3476810982106
3252,3577.3476810982106
3253,3577.3476810982106
3254,3577.3476810982106
3255,3577.3476810982106
3256,3577.3476810982106
3257,3577.3476810982106
3258,3577.3476810982106
3259,3577.3476810982106
3260,3577.3476810982106
3261,3577.3476810982106
3262,3577.3476810982106
3263,3577.3476810982106
3264,3577.3476810982106
3265,3577.3476810982106
3266,3577.3476810982106
3267,3577.3476810982106
3268,3577.3476810982106
3269,3577.3476810982106
3270,3577.3476810982106
3271,3577.3476810982106
3272,3577.3476810982106
3273,3577.3476810982106
3274,3577.3476810982106
3275,3577.3476810982106
3276,3577.3476810982106
3277,3577.3476810982106
3278,3577.3476810982106
3279,3577.3476810982106
3280,3577.3476810982106
3281,3577.3476810982106
3282,3577.3476810982106
3283,3577.3476810982106
3284,3577.3476810982106
3285,3577.3476810982106
3286,3577.3476810982106
3287,3577.3476810982106
3288,3577.3476810982106
3289,3577.3476810982106
3290,3577.3476810982106
3291,3577.3476810982106
3292,3577.3476810982106
3293,3577.3476810982106
3294,3577.3476810982106
3295,3577.3476810982106
3296,3577.3476810982106
3297,3577.3476810982106
3298,3577.3476810982106
3299,3577.3476810982106
3300,3577.3476810982106
3301,3577.3476810982106
3302,3577.3476810982106
3303,3577.3476810982106
3304,3577.3476810982106
3305,3577.3476810982106
3306,3577.3476810982106
3307,3577.3476810982106
3308,3577.3476810982106
3309,3577.3476810982106
3310,3577.3476810982106
3311,3577.3476810982106
3312,3577.3476810982106
3313,3577.3476810982106
3314,3577.3476810982106
3315,3577.3476810982106
3316,3577.3476810982106
3317,3577.3476810982106
3318,3577.3476810982106
3319,3577.3476810982106
3320,3577.3476810982106
3321,3577.3476810982106
3322,3577.3476810982106
3323,3577.3476810982106
3324,3577.3476810982106
3325,3577.3476810982106
3326,3577.3476810982106
3327,3577.3476810982106
3328,3577.3476810982106
3329,3577.3476810982106
3330,3577.3476810982106
3331,3577.3476810982106
3332,3577.3476810982106
3333,3577.3476810982106
3334,3577.3476810982106
3335,3577.3476810982106
3336,3577.3476810982106
3337,3577.3476810982106
3338,3577.3476810982106
3339,3577.3476810982106
3340,3577.3476810982106
3341,3577.3476810982106
3342,3577.3476810982106
3343,3577.3476810982106
3344,3577.3476810982106
3345,3577.3476810982106
3346,3577.3476810982106
3347,3577.3476810982106
3348,3577.3476810982106
3349,3577.3476810982106
3350,3577.3476810982106
3351,3577.3476810982106
3352,3577.3476810982106
3353,3577.3476810982106
3354,3577.3476810982106
3355,3577.3476810982106
3356,3577.3476810982106
3357,3577.3476810982106
3358,3577.3476810982106
3359,3577.3476810982106
3360,3577.3476810982106
3361,3577.3476810982106
3362,3577.3476810982106
3363,3577.3476810982106
3364,3577.3476810982106
3365,3577.3476810982106
3366,3577.3476810982106
3367,3577.3476810982106
3368,3577.3476810982106
3369,3577.3476810982106
3370,3577.3476810982106
3371,3577.3476810982106
3372,3577.3476810982106
3373,3577.3476810982106
3374,3577.3476810982106
3375,3577.3476810982106
3376,3577.3476810982106
3377,3577.3476810982106
3378,3577.3476810982106
3379,3577.3476810982106
3380,3577.3476810982106
3381,3577.3476810982106
3382,3577.3476810982106
3383,3577.3476810982106
3384,3577.3476810982106
3385,3577.3476810982106
3386,3577.3476810982106
3387,3577.3476810982106
3388,3577.3476810982106
3389,3577.3476810982106
3390,3577.3476810982106
3391,3577.3476810982106
3392,3577.3476810982106
3393,3577.3476810982106
3394,3577.3476810982106
3395,3577.3476810982106
3396,3577.3476810982106
3397,3577.3476810982106
3398,3577.3476810982106
3399,3577.3476810982106
3400,3577.3476810982106
3401,3577.3476810982106
3402,3577.3476810982106
3403,3577.3476810982106
3404,3577.3476810982106
3405,3577.3476810982106
3406,3577.3476810982106
3407,3577.3476810982106
3408,3577.3476810982106
3409,3577.3476810982106
3410,3577.3476810982106
3411,3577.3476810982106
3412,3577.3476810982106
3413,3577.3476810982106
3414,3577.3476810982106
3415,3577.3476810982106
3416,3577.3476810982106
3417,3577.3476810982106
3418,3577.3476810982106
3419,3577.3476810982106
3420,3577.3476810982106
3421,3577.3476810982106
3422,3577.3476810982106
3423,3577.3476810982106
3424,3577.3476810982106
3425,3577.3476810982106
3426,3577.3476810982106
3427,3577.3476810982106
3428,3577.3476810982106
3429,3577.3476810982106
3430,3577.3476810982106
3431,3577.3476810982106
3432,3577.3476810982106
3433,3577.3476810982106
3434,3577.3476810982106
3435,3577.3476810982106
3436,3577.3476810982106
3437,3577.3476810982106
3438,3577.3476810982106
3439,3577.3476810982106
3440,3577.3476810982106
3441,3577.3476810982106
3442,3577.3476810982106
3443,3577.3476810982106
3444,3577.3476810982106
3445,3577.3476810982106
3446,3577.3476810982106
3447,3577.3476810982106
3448,3577.3476810982106
3449,3577.3476810982106
3450,3577.3476810982106
3451,3577.3476810982106
3452,3577.3476810982106
3453,3577.3476810982106
3454,3577.3476810982106
3455,3577.3476810982106
3456,3577.3476810982106
3457,3577.3476810982106
3458,3577.3476810982106
3459,3577.3476810982106
3460,3577.3476810982106
3461,3577.3476810982106
3462,3577.3476810982106
3463,3577.3476810982106
3464,3577.3476810982106
3465,3577.3476810982106
3466,3577.3476810982106
3467,3577.3476810982106
3468,3577.3476810982106
3469,3577.3476810982106
3470,3577.3476810982106
3471,3577.3476810982106
3472,3577.3476810982106
3473,3577.3476810982106
3474,3577.3476810982106
3475,3577.3476810982106
3476,3577.3476810982106
3477,3577.3476810982106
3478,3577.3476810982106
3479,3577.3476810982106
3480,3577.3476810982106
3481,3577.3476810982106
3482,3577.3476810982106
3483,3577.3476810982106
3484,3577.3476810982106
3485,3577.3476810982106
3486,3577.3476810982106
3487,3577.3476810982106
3488,3577.3476810982106
3489,3577.3476810982106
3490,3577.3476810982106
3491,3577.3476810982106
3492,3577.3476810982106
3493,3577.3476810982106
3494,3577.3476810982106
3495,3577.3476810982106
3496,3577.3476810982106
3497,3577.3476810982106
3498,3577.3476810982106
3499,3577.3476810982106
3500,3577.3476810982106
3501,3577.3476810982106
3502,3577.3476810982106
3503,3577.3476810982106
3504,3577.3476810982106
3505,3577.3476810982106
3506,3577.3476810982106
3507,3577.3476810982106
3508,3577.3476810982106
3509,3577.3476810982106
3510,3577.3476810982106
3511,3577.3476810982106
3512,3577.3476810982106
3513,3577.3476810982106
3514,3577.3476810982106
3515,3577.3476810982106
3516,3577.3476810982106
3517,3577.3476810982106
3518,3577.3476810982106
3519,3577.3476810982106
3520,3577.3476810982106
3521,3577.3476810982106
3522,3577.3476810982106
3523,3577.3476810982106
3524,3577.3476810982106
3525,3577.3476810982106
3526,3577.3476810982106
3527,3577.3476810982106
3528,3577.3476810982106
3529,3577.3476810982106
3530,3577.3476810982106
3531,3577.3476810982106
3532,3577.3476810982106
3533,3577.3476810982106
3534,3577.3476810982106
3535,3577.3476810982106
3536,3577.3476810982106
3537,3577.3476810982106
3538,3577.3476810982106
3539,3577.3476810982106
3540,3577.3476810982106
3541,3577.3476810982106
3542,3577.3476810982106
3543,3577.3476810982106
3544,3577.3476810982106
3545,3577.3476810982106
3546,3577.3476810982106
3547,3577.3476810982106
3548,3577.3476810982106
3549,3577.3476810982106
3550,3577.3476810982106
3551,3577.3476810982106
3552,3577.3476810982106
3553,3577.3476810982106
3554,3577.3476810982106
3555,3577.3476810982106
3556,3577.3476810982106
3557,3577.3476810982106
3558,3577.3476810982106
3559,3577.3476810982106
3560,3577.3476810982106
3561,3577.3476810982106
3562,3577.3476810982106
3563,3577.3476810982106
3564,3577.3476810982106
3565,3577.3476810982106
3566,3577.3476810982106
3567,3577.3476810982106
3568,3577.3476810982106
3569,3577.3476810982106
3570,3577.3476810982106
3571,3577.3476810982106
3572,3577.3476810982106
3573,3577.3476810982106
3574,3577.3476810982106
3575,3577.3476810982106
3576,3577.3476810982106
3577,3577.3476810982106
3578,3577.3476810982106
3579,3577.3476810982106
3580,3577.3476810982106
3581,3577.3476810982106
3582,3577.3476810982106
3583,3577.3476810982106
3584,3577.3476810982106
3585,3577.3476810982106
3586,3577.3476810982106
3587,3577.3476810982106
3588,3577.3476810982106
3589,3577.3476810982106
3590,3577.3476810982106
3591,3577.3476810982106
3592,3577.3476810982106
3593,3577.3476810982106
3594,3577.3476810982106
3595,3577.3476810982106
3596,3577.3476810982106
3597,3577.3476810982106
3598,3577.3476810982106
3599,3577.3476810982106
3600,3577.3476810982106
3601,3577.3476810982106
3602,3577.3476810982106
3603,3577.3476810982106
3604,3577.3476810982106
3605,3577.3476810982106
3606,3577.3476810982106
3607,3577.3476810982106
3608,3577.3476810982106
3609,3577.3476810982106
3610,3577.3476810982106
3611,3577.3476810982106
3612,3577.3476810982106
3613,3577.3476810982106
3614,3577.3476810982106
3615,3577.3476810982106
3616,3577.3476810982106
3617,3577.3476810982106
3618,3577.3476810982106
3619,3577.3476810982106
3620,3577.3476810982106
3621,3577.3476810982106
3622,3577.3476810982106
3623,3577.3476810982106
3624,3577.3476810982106
3625,3577.3476810982106
3626,3577.3476810982106
3627,3577.3476810982106
3628,3577.3476810982106
3629,3577.3476810982106
3630,3577.3476810982106
3631,3577.3476810982106
3632,3577.3476810982106
3633,3577.3476810982106
3634,3577.3476810982106
3635,3577.3476810982106
3636,3577.3476810982106
3637,3577.3476810982106
3638,3577.3476810982106
3639,3577.3476810982106
3640,3577.3476810982106
3641,3577.3476810982106
3642,3577.3476810982106
3643,3577.3476810982106
3644,3577.3476810982106
3645,3577.3476810982106
3646,3577.3476810982106
3647,3577.3476810982106
3648,3577.3476810982106
3649,3577.3476810982106
3650,3577.3476810982106
3651,3577.3476810982106
3652,3577.3476810982106
3653,3577.3476810982106
3654,3577.3476810982106
3655,3577.3476810982106
3656,3577.3476810982106
3657,3577.3476810982106
3658,3577.3476810982106
3659,3577.3476810982106
3660,3577.3476810982106
3661,3577.3476810982106
3662,3577.3476810982106
3663,3577.3476810982106
3664,3577.3476810982106
3665,3577.3476810982106
3666,3577.3476810982106
3667,3577.3476810982106
3668,3577.3476810982106
3669,3577.3476810982106
3670,3577.3476810982106
3671,3577.3476810982106
3672,3577.3476810982106
3673,3577.3476810982106
3674,3577.3476810982106
3675,3577.3476810982106
3676,3577.3476810982106
3677,3577.3476810982106
3678,3577.3476810982106
3679,3577.3476810982106
3680,3577.3476810982106
3681,3577.3476810982106
3682,3577.3476810982106
3683,3577.3476810982106
3684,3577.3476810982106
3685,3577.3476810982106
3686,3577.3476810982106
3687,3577.3476810982106
3688,3577.3476810982106
3689,3577.3476810982106
3690,3577.3476810982106
3691,3577.3476810982106
3692,3577.3476810982106
3693,3577.3476810982106
3694,3577.3476810982106
3695,3577.3476810982106
3696,3577.3476810982106
3697,3577.3476810982106
3698,3577.3476810982106
3699,3577.3476810982106
3700,3577.3476810982106
3701,3577.3476810982106
3702,3577.3476810982106
3703,3577.3476810982106
3704,3577.3476810982106
3705,3577.3476810982106
3706,3577.3476810982106
3707,3577.3476810982106
3708,3577.3476810982106
3709,3577.3476810982106
3710,3577.3476810982106
3711,3577.3476810982106
3712,3577.3476810982106
3713,3577.3476810982106
3714,3577.3476810982106
3715,3577.3476810982106
3716,3577.3476810982106
3717,3577.3476810982106
3718,3577.3476810982106
3719,3577.3476810982106
3720,3577.3476810982106
3721,3577.3476810982106
3722,3577.3476810982106
3723,3577.3476810982106
3724,3577.3476810982106
3725,3577.3476810982106
3726,3577.3476810982106
3727,3577.3476810982106
3728,3577.3476810982106
3729,3577.3476810982106
3730,3577.3476810982106
3731,3577.3476810982106
3732,3577.3476810982106
3733,3577.3476810982106
3734,3577.3476810982106
3735,3577.3476810982106
3736,3577.3476810982106
3737,3577.3476810982106
3738,3577.3476810982106
3739,3577.3476810982106
3740,3577.3476810982106
3741,3577.3476810982106
3742,3577.3476810982106
3743,3577.3476810982106
3744,3577.3476810982106
3745,3577.3476810982106
3746,3577.3476810982106
3747,3577.3476810982106
3748,3577.3476810982106
3749,3577.3476810982106
3750,3577.3476810982106
3751,3577.3476810982106
3752,3577.3476810982106
3753,3577.3476810982106
3754,3577.3476810982106
3755,3577.3476810982106
3756,3577.3476810982106
3757,3577.3476810982106
3758,3577.3476810982106
3759,3577.3476810982106
3760,3577.3476810982106
3761,3577.3476810982106
3762,3577.3476810982106
3763,3577.3476810982106
3764,3577.3476810982106
3765,3577.3476810982106
3766,3577.3476810982106
3767,3577.3476810982106
3768,3577.3476810982106
3769,3577.3476810982106
3770,3577.3476810982106
3771,3577.3476810982106
3772,3577.3476810982106
3773,3577.3476810982106
3774,3577.3476810982106
3775,3429.950698983493
3776,3429.950698983493
3777,3429.950698983493
3778,3429.950698983493
3779,3429.950698983493
3780,3429.950698983493
3781,3429.950698983493
3782,3429.950698983493
3783,3429.950698983493
3784,3429.950698983493
3785,3429.950698983493
3786,3429.950698983493
3787,3429.950698983493
3788,3429.950698983493
3789,3429.950698983493
3790,3429.950698983493
3791,3429.950698983493
3792,3429.950698983493
3793,3425.414929920578
3794,3425.414929920578
3795,3425.414929920578
3796,3425.414929920578
3797,3425.414929920578
3798,3425.414929920578
3799,3425.414929920578
3800,3425.414929920578
3801,3425.414929920578
3802,3425.414929920578
3803,3425.414929920578
3804,3417.2815637388103
3805,3417.2815637388103
3806,3417.2815637388103
3807,3417.2815637388103
3808,3417.2815637388103
3809,3417.2815637388103
3810,3417.2815637388103
3811,3417.2815637388103
3812,3417.2815637388103
3813,3417.2815637388103
3814,3417.2815637388103
3815,3417.2815637388103
3816,3417.2815637388103
3817,3417.2815637388103
3818,3389.468514908343
3819,3389.468514908343
3820,3389.468514908343
3821,3389.468514908343
3822,3389.468514908343
3823,3389.468514908343
3824,3389.468514908343
3825,3389.468514908343
3826,3389.468514908343
3827,3389.468514908343
3828,3389.468514908343
3829,3389.468514908343
3830,3389.468514908343
3831,3389.468514908343
3832,3389.468514908343
3833,3389.468514908343
3834,3389.468514908343
3835,3389.468514908343
3836,3389.468514908343
3837,3389.468514908343
3838,3389.468514908343
3839,3389.468514908343
3840,3389.468514908343
3841,3389.468514908343
3842,3389.468514908343
3843,3389.468514908343
3844,3389.468514908343
3845,3389.468514908343
3846,3389.468514908343
3847,3389.468514908343
3848,3389.468514908343
3849,3389.468514908343
3850,3389.468514908343
3851,3389.468514908343
3852,3367.60111109978
3853,3367.60111109978
3854,3367.60111109978
3855,3367.60111109978
3856,3367.60111109978
3857,3367.60111109978
3858,3367.60111109978
3859,3367.60111109978
3860,3367.60111109978
3861,3367.60111109978
3862,3367.60111109978
3863,3367.60111109978
3864,3367.60111109978
3865,3367.60111109978
3866,3367.60111109978
3867,3367.60111109978
3868,3367.60111109978
3869,3367.60111109978
3870,3367.60111109978
3871,3367.60111109978
3872,3367.60111109978
3873,3367.60111109978
3874,3367.60111109978
3875,3367.60111109978
3876,3367.60111109978
3877,3367.60111109978
3878,3367.60111109978
3879,3367.60111109978
3880,3367.60111109978
3881,3367.60111109978
3882,3367.60111109978
3883,3358.366457834428
3884,3358.366457834428
3885,3358.366457834428
3886,3358.366457834428
3887,3358.366457834428
3888,3358.366457834428
3889,3358.366457834428
3890,3358.366457834428
3891,3358.366457834428
3892,3358.366457834428
3893,3358.366457834428
3894,3358.366457834428
3895,3358.366457834428
3896,3358.366457834428
3897,3358.366457834428
3898,3303.927285752911
3899,3303.927285752911
3900,3303.927285752911
3901,3303.927285752911
3902,3303.927285752911
3903,3303.927285752911
3904,3303.927285752911
3905,3303.927285752911
3906,3303.927285752911
3907,3303.927285752911
3908,3303.927285752911
3909,3303.927285752911
3910,3303.927285752911
3911,3303.927285752911
3912,3303.927285752911
3913,3303.927285752911
3914,3303.927285752911
3915,3303.927285752911
3916,3303.927285752911
3917,3303.927285752911
3918,3303.927285752911
3919,3303.927285752911
3920,3303.927285752911
3921,3303.927285752911
3922,3303.927285752911
3923,3303.927285752911
3924,3303.927285752911
3925,3303.927285752911
3926,3303.927285752911
3927,3303.927285752911
3928,3303.927285752911
3929,3303.927285752911
3930,3303.927285752911
3931,3303.927285752911
3932,3303.927285752911
3933,3303.927285752911
3934,3303.927285752911
3935,3303.927285752911
3936,3303.927285752911
3937,3303.927285752911
3938,3303.927285752911
3939,3303.927285752911
3940,3303.927285752911
3941,3303.927285752911
3942,3303.927285752911
3943,3303.927285752911
3944,3303.927285752911
3945,3303.927285752911
3946,3303.927285752911
3947,3303.927285752911
3948,3303.927285752911
3949,3303.927285752911
3950,3303.927285752911
3951,3303.927285752911
3952,3303.927285752911
3953,3303.927285752911
3954,3303.927285752911
3955,3303.927285752911
3956,3303.927285752911
3957,3303.927285752911
3958,3303.927285752911
3959,3303.927285752911
3960,3303.927285752911
3961,3303.927285752911
3962,3303.927285752911
3963,3303.927285752911
3964,3303.927285752911
3965,3303.927285752911
3966,3303.927285752911
3967,3303.927285752911
3968,3303.927285752911
3969,3303.927285752911
3970,3303.927285752911
3971,3303.927285752911
3972,3303.927285752911
3973,3303.927285752911
3974,3303.927285752911
3975,3303.927285752911
3976,3303.927285752911
3977,3303.927285752911
3978,3303.927285752911
3979,3303.927285752911
3980,3303.927285752911
3981,3303.927285752911
3982,3303.927285752911
3983,3303.927285752911
3984,3303.927285752911
3985,3303.927285752911
3986,3303.927285752911
3987,3303.927285752911
3988,3303.927285752911
3989,3303.927285752911
3990,3303.927285752911
3991,3303.927285752911
3992,3303.927285752911
3993,3303.927285752911
3994,3303.927285752911
3995,3303.927285752911
3996,3303.927285752911
3997,3303.927285752911
3998,3303.927285752911
3999,3303.927285752911
4000,3303.927285752911
4001,3303.927285752911
4002,3303.927285752911
4003,3303.927285752911
4004,3303.927285752911
4005,3303.927285752911
4006,3303.927285752911
4007,3303.927285752911
4008,3303.927285752911
4009,3303.927285752911
4010,3303.927285752911
4011,3303.927285752911
4012,3303.927285752911
4013,3303.927285752911
4014,3303.927285752911
4015,3303.927285752911
4016,3295.2469535139385
4017,3295.2469535139385
4018,3295.2469535139385
4019,3295.2469535139385
4020,3295.2469535139385
4021,3295.2469535139385
4022,3295.2469535139385
4023,3295.2469535139385
4024,3295.2469535139385
4025,3295.2469535139385
4026,3295.2469535139385
4027,3295.2469535139385
4028,3295.2469535139385
4029,3295.2469535139385
4030,3295.2469535139385
4031,3295.2469535139385
4032,3295.2469535139385
4033,3295.2469535139385
4034,3295.2469535139385
4035,3295.2469535139385
4036,3295.2469535139385
4037,3295.2469535139385
4038,3295.2469535139385
4039,3295.2469535139385
4040,3295.2469535139385
4041,3295.2469535139385
4042,3295.2469535139385
4043,3295.2469535139385
4044,3295.2469535139385
4045,3295.2469535139385
4046,3295.2469535139385
4047,3295.2469535139385
4048,3295.2469535139385
4049,3295.2469535139385
4050,3295.2469535139385
4051,3295.2469535139385
4052,3295.2469535139385
4053,3295.2469535139385
4054,3295.2469535139385
4055,3295.2469535139385
4056,3295.2469535139385
4057,3295.2469535139385
4058,3295.2469535139385
4059,3295.2469535139385
4060,3295.2469535139385
4061,3295.2469535139385
4062,3295.2469535139385
4063,3295.2469535139385
4064,3295.2469535139385
4065,3295.2469535139385
4066,3295.2469535139385
4067,3295.2469535139385
4068,3295.2469535139385
4069,3295.2469535139385
4070,3295.2469535139385
4071,3295.2469535139385
4072,3295.2469535139385
4073,3295.2469535139385
4074,3295.2469535139385
4075,3295.2469535139385
4076,3295.2469535139385
4077,3295.2469535139385
4078,3295.2469535139385
4079,3295.2469535139385
4080,3295.2469535139385
4081,3295.2469535139385
4082,3295.2469535139385
4083,3295.2469535139385
4084,3295.2469535139385
4085,3295.2469535139385
4086,3295.2469535139385
4087,3295.2469535139385
4088,3295.2469535139385
4089,3295.2469535139385
4090,3295.2469535139385
4091,3295.2469535139385
4092,3295.2469535139385
4093,3295.2469535139385
4094,3295.2469535139385
4095,3295.2469535139385
4096,3295.2469535139385
4097,3295.2469535139385
4098,3295.2469535139385
4099,3295.2469535139385
4100,3295.2469535139385
4101,3295.2469535139385
4102,3295.2469535139385
4103,3295.2469535139385
4104,3295.2469535139385
4105,3295.2469535139385
4106,3295.2469535139385
4107,3295.2469535139385
4108,3295.2469535139385
4109,3295.2469535139385
4110,3295.2469535139385
4111,3295.2469535139385
4112,3295.2469535139385
4113,3295.2469535139385
4114,3295.2469535139385
4115,3295.2469535139385
4116,3295.2469535139385
4117,3295.2469535139385
4118,3295.2469535139385
4119,3295.2469535139385
4120,3295.2469535139385
4121,3295.2469535139385
4122,3295.2469535139385
4123,3295.2469535139385
4124,3295.2469535139385
4125,3295.2469535139385
4126,3295.2469535139385
4127,3295.2469535139385
4128,3295.2469535139385
4129,3295.2469535139385
4130,3295.2469535139385
4131,3295.2469535139385
4132,3295.2469535139385
4133,3295.2469535139385
4134,3295.2469535139385
4135,3295.2469535139385
4136,3295.2469535139385
4137,3295.2469535139385
4138,3295.2469535139385
4139,3295.2469535139385
4140,3295.2469535139385
4141,3295.2469535139385
4142,3295.2469535139385
4143,3295.2469535139385
4144,3295.2469535139385
4145,3295.2469535139385
4146,3295.2469535139385
4147,3295.2469535139385
4148,3295.2469535139385
4149,3295.2469535139385
4150,3295.2469535139385
4151,3295.2469535139385
4152,3295.2469535139385
4153,3295.2469535139385
4154,3295.2469535139385
4155,3295.2469535139385
4156,3295.2469535139385
4157,3295.2469535139385
4158,3295.2469535139385
4159,3295.2469535139385
4160,3295.2469535139385
4161,3295.2469535139385
4162,3295.2469535139385
4163,3295.2469535139385
4164,3295.2469535139385
4165,3295.2469535139385
4166,3295.2469535139385
4167,3295.2469535139385
4168,3295.2469535139385
4169,3295.2469535139385
4170,3295.2469535139385
4171,3295.2469535139385
4172,3295.2469535139385
4173,3295.2469535139385
4174,3295.2469535139385
4175,3295.2469535139385
4176,3295.2469535139385
4177,3295.2469535139385
4178,3295.2469535139385
4179,3295.2469535139385
4180,3295.2469535139385
4181,3295.2469535139385
4182,3295.2469535139385
4183,3295.2469535139385
4184,3295.2469535139385
4185,3295.2469535139385
4186,3295.2469535139385
4187,3295.2469535139385
4188,3295.2469535139385
4189,3295.2469535139385
4190,3295.2469535139385
4191,3295.2469535139385
4192,3295.2469535139385
4193,3295.2469535139385
4194,3295.2469535139385
4195,3295.2469535139385
4196,3295.2469535139385
4197,3295.2469535139385
4198,3295.2469535139385
4199,3295.2469535139385
4200,3295.2469535139385
4201,3295.2469535139385
4202,3295.2469535139385
4203,3295.2469535139385
4204,3295.2469535139385
4205,3295.2469535139385
4206,3295.2469535139385
4207,3295.2469535139385
4208,3295.2469535139385
4209,3295.2469535139385
4210,3295.2469535139385
4211,3295.2469535139385
4212,3295.2469535139385
4213,3295.2469535139385
4214,3295.2469535139385
4215,3295.2469535139385
4216,3295.2469535139385
4217,3295.2469535139385
4218,3295.2469535139385
4219,3295.2469535139385
4220,3295.2469535139385
4221,3295.2469535139385
4222,3295.2469535139385
4223,3295.2469535139385
4224,3295.2469535139385
4225,3295.2469535139385
4226,3295.2469535139385
4227,3295.2469535139385
4228,3295.2469535139385
4229,3295.2469535139385
4230,3295.2469535139385
4231,3295.2469535139385
4232,3295.2469535139385
4233,3295.2469535139385
4234,3295.2469535139385
4235,3295.2469535139385
4236,3295.2469535139385
4237,3295.2469535139385
4238,3295.2469535139385
4239,3295.2469535139385
4240,3295.2469535139385
4241,3295.2469535139385
4242,3295.2469535139385
4243,3295.2469535139385
4244,3295.2469535139385
4245,3295.2469535139385
4246,3295.2469535139385
4247,3295.2469535139385
4248,3295.2469535139385
4249,3295.2469535139385
4250,3295.2469535139385
4251,3295.2469535139385
4252,3295.2469535139385
4253,3295.2469535139385
4254,3295.2469535139385
4255,3295.2469535139385
4256,3295.2469535139385
4257,3295.2469535139385
4258,3295.2469535139385
4259,3295.2469535139385
4260,3295.2469535139385
4261,3295.2469535139385
4262,3295.2469535139385
4263,3295.2469535139385
4264,3295.2469535139385
4265,3295.2469535139385
4266,3295.2469535139385
4267,3295.2469535139385
4268,3295.2469535139385
4269,3295.2469535139385
4270,3295.2469535139385
4271,3295.2469535139385
4272,3295.2469535139385
4273,3295.2469535139385
4274,3295.2469535139385
4275,3295.2469535139385
4276,3295.2469535139385
4277,3295.2469535139385
4278,3295.2469535139385
4279,3295.2469535139385
4280,3295.2469535139385
4281,3295.2469535139385
4282,3295.2469535139385
4283,3295.2469535139385
4284,3295.2469535139385
4285,3295.2469535139385
4286,3295.2469535139385
4287,3295.2469535139385
4288,3295.2469535139385
4289,3295.2469535139385
4290,3295.2469535139385
4291,3295.2469535139385
4292,3295.2469535139385
4293,3295.2469535139385
4294,3295.2469535139385
4295,3295.2469535139385
4296,3295.2469535139385
4297,3295.2469535139385
4298,3295.2469535139385
4299,3295.2469535139385
4300,3295.2469535139385
4301,3295.2469535139385
4302,3295.2469535139385
4303,3295.2469535139385
4304,3295.2469535139385
4305,3295.2469535139385
4306,3295.2469535139385
4307,3295.2469535139385
4308,3295.2469535139385
4309,3295.2469535139385
4310,3295.2469535139385
4311,3295.2469535139385
4312,3295.2469535139385
4313,3295.2469535139385
4314,3295.2469535139385
4315,3295.2469535139385
4316,3295.2469535139385
4317,3295.2469535139385
4318,3295.2469535139385
4319,3295.2469535139385
4320,3295.2469535139385
4321,3295.2469535139385
4322,3295.2469535139385
4323,3295.2469535139385
4324,3295.2469535139385
4325,3295.2469535139385
4326,3295.2469535139385
4327,3295.2469535139385
4328,3295.2469535139385
4329,3295.2469535139385
4330,3295.2469535139385
4331,3295.2469535139385
4332,3295.2469535139385
4333,3295.2469535139385
4334,3295.2469535139385
4335,3295.2469535139385
4336,3295.2469535139385
4337,3295.2469535139385
4338,3295.2469535139385
4339,3295.2469535139385
4340,3295.2469535139385
4341,3295.2469535139385
4342,3295.2469535139385
4343,3295.2469535139385
4344,3295.2469535139385
4345,3295.2469535139385
4346,3295.2469535139385
4347,3295.2469535139385
4348,3295.2469535139385
4349,3295.2469535139385
4350,3295.2469535139385
4351,3295.2469535139385
4352,3295.2469535139385
4353,3295.2469535139385
4354,3295.2469535139385
4355,3295.2469535139385
4356,3295.2469535139385
4357,3295.2469535139385
4358,3295.2469535139385
4359,3295.2469535139385
4360,3295.2469535139385
4361,3295.2469535139385
4362,3295.2469535139385
4363,3295.2469535139385
4364,3295.2469535139385
4365,3295.2469535139385
4366,3295.2469535139385
4367,3295.2469535139385
4368,3295.2469535139385
4369,3295.2469535139385
4370,3295.2469535139385
4371,3295.2469535139385
4372,3295.2469535139385
4373,3295.2469535139385
4374,3295.2469535139385
4375,3295.2469535139385
4376,3295.2469535139385
4377,3295.2469535139385
4378,3295.2469535139385
4379,3295.2469535139385
4380,3295.2469535139385
4381,3295.2469535139385
4382,3295.2469535139385
4383,3295.2469535139385
4384,3295.2469535139385
4385,3295.2469535139385
4386,3295.2469535139385
4387,3295.2469535139385
4388,3295.2469535139385
4389,3295.2469535139385
4390,3295.2469535139385
4391,3295.2469535139385
4392,3295.2469535139385
4393,3295.2469535139385
4394,3295.2469535139385
4395,3295.2469535139385
4396,3295.2469535139385
4397,3295.2469535139385
4398,3295.2469535139385
4399,3295.2469535139385
4400,3295.2469535139385
4401,3295.2469535139385
4402,3295.2469535139385
4403,3295.2469535139385
4404,3295.2469535139385
4405,3295.2469535139385
4406,3295.2469535139385
4407,3295.2469535139385
4408,3295.2469535139385
4409,3295.2469535139385
4410,3295.2469535139385
4411,3295.2469535139385
4412,3295.2469535139385
4413,3295.2469535139385
4414,3295.2469535139385
4415,3295.2469535139385
4416,3295.2469535139385
4417,3295.2469535139385
4418,3295.2469535139385
4419,3295.2469535139385
4420,3295.2469535139385
4421,3295.2469535139385
4422,3295.2469535139385
4423,3295.2469535139385
4424,3295.2469535139385
4425,3295.2469535139385
4426,3295.2469535139385
4427,3295.2469535139385
4428,3295.2469535139385
4429,3295.2469535139385
4430,3295.2469535139385
4431,3295.2469535139385
4432,3295.2469535139385
4433,3295.2469535139385
4434,3295.2469535139385
4435,3295.2469535139385
4436,3295.2469535139385
4437,3295.2469535139385
4438,3295.2469535139385
4439,3295.2469535139385
4440,3295.2469535139385
4441,3295.2469535139385
4442,3295.2469535139385
4443,3295.2469535139385
4444,3295.2469535139385
4445,3295.2469535139385
4446,3295.2469535139385
4447,3295.2469535139385
4448,3295.2469535139385
4449,3295.2469535139385
4450,3295.2469535139385
4451,3295.2469535139385
4452,3295.2469535139385
4453,3295.2469535139385
4454,3295.2469535139385
4455,3295.2469535139385
4456,3295.2469535139385
4457,3295.2469535139385
4458,3295.2469535139385
4459,3295.2469535139385
4460,3295.2469535139385
4461,3295.2469535139385
4462,3295.2469535139385
4463,3295.2469535139385
4464,3295.2469535139385
4465,3295.2469535139385
4466,3295.2469535139385
4467,3295.2469535139385
4468,3295.2469535139385
4469,3295.2469535139385
4470,3295.2469535139385
4471,3295.2469535139385
4472,3295.2469535139385
4473,3295.2469535139385
4474,3295.2469535139385
4475,3295.2469535139385
4476,3295.2469535139385
4477,3295.2469535139385
4478,3295.2469535139385
4479,3295.2469535139385
4480,3295.2469535139385
4481,3295.2469535139385
4482,3295.2469535139385
4483,3295.2469535139385
4484,3295.2469535139385
4485,3295.2469535139385
4486,3295.2469535139385
4487,3295.2469535139385
4488,3295.2469535139385
4489,3295.2469535139385
4490,3295.2469535139385
4491,3295.2469535139385
4492,3295.2469535139385
4493,3295.2469535139385
4494,3295.2469535139385
4495,3295.2469535139385
4496,3295.2469535139385
4497,3295.2469535139385
4498,3295.2469535139385
4499,3295.2469535139385
4500,3295.2469535139385
4501,3295.2469535139385
4502,3295.2469535139385
4503,3295.2469535139385
4504,3295.2469535139385
4505,3295.2469535139385
4506,3295.2469535139385
4507,3295.2469535139385
4508,3295.2469535139385
4509,3295.2469535139385
4510,3295.2469535139385
4511,3295.2469535139385
4512,3295.2469535139385
4513,3295.2469535139385
4514,3295.2469535139385
4515,3295.2469535139385
4516,3295.2469535139385
4517,3295.2469535139385
4518,3295.2469535139385
4519,3295.2469535139385
4520,3295.2469535139385
4521,3295.2469535139385
4522,3295.2469535139385
4523,3295.2469535139385
4524,3295.2469535139385
4525,3295.2469535139385
4526,3295.2469535139385
4527,3295.2469535139385
4528,3295.2469535139385
4529,3295.2469535139385
4530,3295.2469535139385
4531,3295.2469535139385
4532,3295.2469535139385
4533,3295.2469535139385
4534,3295.2469535139385
4535,3295.2469535139385
4536,3295.2469535139385
4537,3295.2469535139385
4538,3295.2469535139385
4539,3295.2469535139385
4540,3295.2469535139385
4541,3295.2469535139385
4542,3295.2469535139385
4543,3295.2469535139385
4544,3295.2469535139385
4545,3295.2469535139385
4546,3295.2469535139385
4547,3295.2469535139385
4548,3295.2469535139385
4549,3295.2469535139385
4550,3295.2469535139385
4551,3295.2469535139385
4552,3295.2469535139385
4553,3295.2469535139385
4554,3295.2469535139385
4555,3295.2469535139385
4556,3295.2469535139385
4557,3295.2469535139385
4558,3295.2469535139385
4559,3295.2469535139385
4560,3295.2469535139385
4561,3295.2469535139385
4562,3295.2469535139385
4563,3295.2469535139385
4564,3295.2469535139385
4565,3295.2469535139385
4566,3295.2469535139385
4567,3295.2469535139385
4568,3295.2469535139385
4569,3295.2469535139385
4570,3295.2469535139385
4571,3295.2469535139385
4572,3295.2469535139385
4573,3295.2469535139385
4574,3295.2469535139385
4575,3295.2469535139385
4576,3295.2469535139385
4577,3295.2469535139385
4578,3295.2469535139385
4579,3295.2469535139385
4580,3295.2469535139385
4581,3295.2469535139385
4582,3295.2469535139385
4583,3295.2469535139385
4584,3295.2469535139385
4585,3295.2469535139385
4586,3295.2469535139385
4587,3295.2469535139385
4588,3295.2469535139385
4589,3295.2469535139385
4590,3295.2469535139385
4591,3295.2469535139385
4592,3295.2469535139385
4593,3295.2469535139385
4594,3295.2469535139385
4595,3295.2469535139385
4596,3295.2469535139385
4597,3295.2469535139385
4598,3295.2469535139385
4599,3295.2469535139385
4600,3295.2469535139385
4601,3295.2469535139385
4602,3295.2469535139385
4603,3295.2469535139385
4604,3295.2469535139385
4605,3295.2469535139385
4606,3295.2469535139385
4607,3295.2469535139385
4608,3295.2469535139385
4609,3295.2469535139385
4610,3295.2469535139385
4611,3295.2469535139385
4612,3295.2469535139385
4613,3295.2469535139385
4614,3295.2469535139385
4615,3295.2469535139385
4616,3295.2469535139385
4617,3295.2469535139385
4618,3295.2469535139385
4619,3295.2469535139385
4620,3295.2469535139385
4621,3295.2469535139385
4622,3295.2469535139385
4623,3295.2469535139385
4624,3295.2469535139385
4625,3295.2469535139385
4626,3295.2469535139385
4627,3295.2469535139385
4628,3295.2469535139385
4629,3295.2469535139385
4630,3295.2469535139385
4631,3295.2469535139385
4632,3295.2469535139385
4633,3295.2469535139385
4634,3295.2469535139385
4635,3295.2469535139385
4636,3295.2469535139385
4637,3295.2469535139385
4638,3295.2469535139385
4639,3295.2469535139385
4640,3295.2469535139385
4641,3295.2469535139385
4642,3295.2469535139385
4643,3295.2469535139385
4644,3295.2469535139385
4645,3295.2469535139385
4646,3295.2469535139385
4647,3295.2469535139385
4648,3295.2469535139385
4649,3295.2469535139385
4650,3295.2469535139385
4651,3295.2469535139385
4652,3295.2469535139385
4653,3295.2469535139385
4654,3295.2469535139385
4655,3295.2469535139385
4656,3295.2469535139385
4657,3295.2469535139385
4658,3295.2469535139385
4659,3295.2469535139385
4660,3295.2469535139385
4661,3295.2469535139385
4662,3295.2469535139385
4663,3295.2469535139385
4664,3295.2469535139385
4665,3295.2469535139385
4666,3295.2469535139385
4667,3295.2469535139385
4668,3295.2469535139385
4669,3295.2469535139385
4670,3295.2469535139385
4671,3295.2469535139385
4672,3295.2469535139385
4673,3295.2469535139385
4674,3295.2469535139385
4675,3295.2469535139385
4676,3295.2469535139385
4677,3295.2469535139385
4678,3295.2469535139385
4679,3295.2469535139385
4680,3295.2469535139385
4681,3295.2469535139385
4682,3295.2469535139385
4683,3295.2469535139385
4684,3295.2469535139385
4685,3295.2469535139385
4686,3295.2469535139385
4687,3295.2469535139385
4688,3295.2469535139385
4689,3295.2469535139385
4690,3295.2469535139385
4691,3295.2469535139385
4692,3295.2469535139385
4693,3295.2469535139385
4694,3295.2469535139385
4695,3295.2469535139385
4696,3295.2469535139385
4697,3295.2469535139385
4698,3295.2469535139385
4699,3295.2469535139385
4700,3295.2469535139385
4701,3295.2469535139385
4702,3295.2469535139385
4703,3295.2469535139385
4704,3295.2469535139385
4705,3295.2469535139385
4706,3295.2469535139385
4707,3295.2469535139385
4708,3295.2469535139385
4709,3295.2469535139385
4710,3295.2469535139385
4711,3295.2469535139385
4712,3295.2469535139385
4713,3295.2469535139385
4714,3295.2469535139385
4715,3295.2469535139385
4716,3295.2469535139385
4717,3295.2469535139385
4718,3295.2469535139385
4719,3295.2469535139385
4720,3295.2469535139385
4721,3295.2469535139385
4722,3295.2469535139385
4723,3295.2469535139385
4724,3295.2469535139385
4725,3295.2469535139385
4726,3295.2469535139385
4727,3295.2469535139385
4728,3295.2469535139385
4729,3295.2469535139385
4730,3295.2469535139385
4731,3295.2469535139385
4732,3295.2469535139385
4733,3295.2469535139385
4734,3295.2469535139385
4735,3295.2469535139385
4736,3295.2469535139385
4737,3295.2469535139385
4738,3295.2469535139385
4739,3295.2469535139385
4740,3295.2469535139385
4741,3295.2469535139385
4742,3295.2469535139385
4743,3295.2469535139385
4744,3295.2469535139385
4745,3295.2469535139385
4746,3295.2469535139385
4747,3295.2469535139385
4748,3295.2469535139385
4749,3295.2469535139385
4750,3295.2469535139385
4751,3295.2469535139385
4752,3254.030966634207
4753,3254.030966634207
4754,3254.030966634207
4755,3254.030966634207
4756,3254.030966634207
4757,3254.030966634207
4758,3254.030966634207
4759,3254.030966634207
4760,3254.030966634207
4761,3254.030966634207
4762,3254.030966634207
4763,3254.030966634207
4764,3254.030966634207
4765,3254.030966634207
4766,3254.030966634207
4767,3254.030966634207
4768,3254.030966634207
4769,3254.030966634207
4770,3254.030966634207
4771,3254.030966634207
4772,3254.030966634207
4773,3254.030966634207
4774,3254.030966634207
4775,3254.030966634207
4776,3254.030966634207
4777,3254.030966634207
4778,3254.030966634207
4779,3254.030966634207
4780,3254.030966634207
4781,3254.030966634207
4782,3254.030966634207
4783,3254.030966634207
4784,3254.030966634207
4785,3254.030966634207
4786,3254.030966634207
4787,3254.030966634207
4788,3254.030966634207
4789,3254.030966634207
4790,3254.030966634207
4791,3254.030966634207
4792,3254.030966634207
4793,3254.030966634207
4794,3253.3008153412
4795,3253.3008153412
4796,3253.3008153412
4797,3253.3008153412
4798,3253.3008153412
4799,3253.3008153412
4800,3253.3008153412
4801,3253.3008153412
4802,3253.3008153412
4803,3253.3008153412
4804,3253.3008153412
4805,3253.3008153412
4806,3253.3008153412
4807,3253.3008153412
4808,3253.3008153412
4809,3253.3008153412
4810,3253.3008153412
4811,3253.3008153412
4812,3253.3008153412
4813,3253.3008153412
4814,3253.3008153412
4815,3253.3008153412
4816,3253.3008153412
4817,3253.3008153412
4818,3253.3008153412
4819,3253.3008153412
4820,3253.3008153412
4821,3253.3008153412
4822,3253.3008153412
4823,3253.3008153412
4824,3253.3008153412
4825,3253.3008153412
4826,3250.3021386206087
4827,3250.3021386206087
4828,3250.3021386206087
4829,3250.3021386206087
4830,3250.3021386206087
4831,3250.3021386206087
4832,3250.3021386206087
4833,3250.3021386206087
4834,3250.3021386206087
4835,3250.3021386206087
4836,3250.3021386206087
4837,3250.3021386206087
4838,3250.3021386206087
4839,3250.3021386206087
4840,3250.3021386206087
4841,3250.3021386206087
4842,3250.3021386206087
4843,3250.3021386206087
4844,3250.3021386206087
4845,3250.3021386206087
4846,3250.3021386206087
4847,3250.3021386206087
4848,3250.3021386206087
4849,3250.3021386206087
4850,3250.3021386206087
4851,3243.655798067383
4852,3243.655798067383
4853,3243.655798067383
4854,3243.655798067383
4855,3243.655798067383
4856,3243.655798067383
4857,3243.655798067383
4858,3243.655798067383
4859,3243.655798067383
4860,3243.655798067383
4861,3243.655798067383
4862,3243.655798067383
4863,3243.655798067383
4864,3243.655798067383
4865,3243.655798067383
4866,3243.655798067383
4867,3243.655798067383
4868,3243.655798067383
4869,3243.655798067383
4870,3243.655798067383
4871,3243.655798067383
4872,3243.655798067383
4873,3243.655798067383
4874,3243.655798067383
4875,3243.655798067383
4876,3243.655798067383
4877,3243.655798067383
4878,3243.655798067383
4879,3243.655798067383
4880,3243.655798067383
4881,3243.655798067383
4882,3243.655798067383
4883,3243.655798067383
4884,3243.655798067383
4885,3243.655798067383
4886,3243.655798067383
4887,3243.655798067383
4888,3243.655798067383
4889,3243.655798067383
4890,3243.655798067383
4891,3243.655798067383
4892,3243.655798067383
4893,3243.655798067383
4894,3243.655798067383
4895,3243.655798067383
4896,3243.655798067383
4897,3243.655798067383
4898,3243.655798067383
4899,3243.655798067383
4900,3243.655798067383
4901,3243.655798067383
4902,3243.655798067383
4903,3243.655798067383
4904,3243.655798067383
4905,3243.655798067383
4906,3243.655798067383
4907,3243.655798067383
4908,3243.655798067383
4909,3243.655798067383
4910,3243.655798067383
4911,3243.655798067383
4912,3243.655798067383
4913,3243.655798067383
4914,3243.655798067383
4915,3243.655798067383
4916,3243.655798067383
4917,3243.655798067383
4918,3243.655798067383
4919,3243.655798067383
4920,3243.655798067383
4921,3243.655798067383
4922,3243.655798067383
4923,3243.655798067383
4924,3243.655798067383
4925,3243.655798067383
4926,3243.655798067383
4927,3243.655798067383
4928,3243.655798067383
4929,3243.655798067383
4930,3243.655798067383
4931,3243.655798067383
4932,3243.655798067383
4933,3243.655798067383
4934,3243.655798067383
4935,3243.655798067383
4936,3243.655798067383
4937,3243.655798067383
4938,3243.655798067383
4939,3243.655798067383
4940,3243.655798067383
4941,3243.655798067383
4942,3243.655798067383
4943,3243.655798067383
4944,3243.655798067383
4945,3243.655798067383
4946,3243.655798067383
4947,3243.655798067383
4948,3243.655798067383
4949,3243.655798067383
4950,3243.655798067383
4951,3243.655798067383
4952,3243.655798067383
4953,3243.655798067383
4954,3243.655798067383
4955,3243.655798067383
4956,3243.655798067383
4957,3243.655798067383
4958,3243.655798067383
4959,3243.655798067383
4960,3243.655798067383
4961,3243.655798067383
4962,3243.655798067383
4963,3243.655798067383
4964,3243.655798067383
4965,3243.655798067383
4966,3243.655798067383
4967,3243.655798067383
4968,3243.655798067383
4969,3243.655798067383
4970,3243.655798067383
4971,3243.655798067383
4972,3243.655798067383
4973,3243.655798067383
4974,3243.655798067383
4975,3243.655798067383
4976,3243.655798067383
4977,3243.655798067383
4978,3243.655798067383
4979,3243.655798067383
4980,3243.655798067383
4981,3243.655798067383
4982,3243.655798067383
4983,3243.655798067383
4984,3243.655798067383
4985,3243.655798067383
4986,3243.655798067383
4987,3243.655798067383
4988,3243.655798067383
4989,3243.655798067383
4990,3243.655798067383
4991,3243.655798067383
4992,3243.655798067383
4993,3243.655798067383
4994,3243.655798067383
4995,3243.655798067383
4996,3243.655798067383
4997,3243.655798067383
4998,3243.655798067383
4999,3243.655798067383
5000,3243.655798067383
5001,3243.655798067383
5002,3243.655798067383
5003,3243.655798067383
5004,3243.655798067383
5005,3243.655798067383
5006,3243.655798067383
5007,3243.655798067383
5008,3243.655798067383
5009,3243.655798067383
5010,3243.655798067383
5011,3243.655798067383
5012,3243.655798067383
5013,3243.655798067383
5014,3243.655798067383
5015,3243.655798067383
5016,3243.655798067383
5017,3243.655798067383
5018,3243.655798067383
5019,3243.655798067383
5020,3243.655798067383
5021,3243.655798067383
5022,3243.655798067383
5023,3243.655798067383
5024,3243.655798067383
5025,3243.655798067383
5026,3243.655798067383
5027,3243.655798067383
5028,3243.655798067383
5029,3243.655798067383
5030,3243.655798067383
5031,3243.655798067383
5032,3243.655798067383
5033,3243.655798067383
5034,3243.655798067383
5035,3243.655798067383
5036,3243.655798067383
5037,3243.655798067383
5038,3243.655798067383
5039,3243.655798067383
5040,3243.655798067383
5041,3243.655798067383
5042,3243.655798067383
5043,3243.655798067383
5044,3243.655798067383
5045,3243.655798067383
5046,3243.655798067383
5047,3243.655798067383
5048,3243.655798067383
5049,3243.655798067383
5050,3243.655798067383
5051,3243.655798067383
5052,3243.655798067383
5053,3243.655798067383
5054,3243.655798067383
5055,3243.655798067383
5056,3243.655798067383
5057,3243.655798067383
5058,3243.655798067383
5059,3243.655798067383
5060,3243.655798067383
5061,3243.655798067383
5062,3243.655798067383
5063,3243.655798067383
5064,3243.655798067383
5065,3243.655798067383
5066,3243.655798067383
5067,3243.655798067383
5068,3243.655798067383
5069,3243.655798067383
5070,3243.655798067383
5071,3243.655798067383
5072,3243.655798067383
5073,3243.655798067383
5074,3243.655798067383
5075,3243.655798067383
5076,3243.655798067383
5077,3243.655798067383
5078,3243.655798067383
5079,3243.655798067383
5080,3243.655798067383
5081,3243.655798067383
5082,3243.655798067383
5083,3243.655798067383
5084,3243.655798067383
5085,3243.655798067383
5086,3243.655798067383
5087,3243.655798067383
5088,3243.655798067383
5089,3243.655798067383
5090,3243.655798067383
5091,3243.655798067383
5092,3243.655798067383
5093,3243.655798067383
5094,3243.655798067383
5095,3243.655798067383
5096,3243.655798067383
5097,3243.655798067383
5098,3243.655798067383
5099,3243.655798067383
5100,3243.655798067383
5101,3243.655798067383
5102,3243.655798067383
5103,3243.655798067383
5104,3243.655798067383
5105,3243.655798067383
5106,3243.655798067383
5107,3243.655798067383
5108,3243.655798067383
5109,3243.655798067383
5110,3243.655798067383
5111,3243.655798067383
5112,3243.655798067383
5113,3243.655798067383
5114,3243.655798067383
5115,3243.655798067383
5116,3243.655798067383
5117,3243.655798067383
5118,3243.655798067383
5119,3243.655798067383
5120,3243.655798067383
5121,3243.655798067383
5122,3243.655798067383
5123,3243.655798067383
5124,3243.655798067383
5125,3243.655798067383
5126,3243.655798067383
5127,3243.655798067383
5128,3243.655798067383
5129,3243.655798067383
5130,3243.655798067383
5131,3243.655798067383
5132,3243.655798067383
5133,3243.655798067383
5134,3243.655798067383
5135,3243.655798067383
5136,3243.655798067383
5137,3243.655798067383
5138,3243.655798067383
5139,3243.655798067383
5140,3243.655798067383
5141,3243.655798067383
5142,3243.655798067383
5143,3243.655798067383
5144,3243.655798067383
5145,3243.655798067383
5146,3243.655798067383
5147,3243.655798067383
5148,3243.655798067383
5149,3243.655798067383
5150,3243.655798067383
5151,3243.655798067383
5152,3243.655798067383
5153,3243.655798067383
5154,3243.655798067383
5155,3243.655798067383
5156,3243.655798067383
5157,3243.655798067383
5158,3243.655798067383
5159,3243.655798067383
5160,3243.655798067383
5161,3243.655798067383
5162,3243.655798067383
5163,3243.655798067383
5164,3243.655798067383
5165,3243.655798067383
5166,3243.655798067383
5167,3243.655798067383
5168,3237.467643462528
5169,3237.467643462528
5170,3237.467643462528
5171,3237.467643462528
5172,3237.467643462528
5173,3237.467643462528
5174,3237.467643462528
5175,3237.467643462528
5176,3237.467643462528
5177,3237.467643462528
5178,3237.467643462528
5179,3237.467643462528
5180,3237.467643462528
5181,3237.467643462528
5182,3237.467643462528
5183,3237.467643462528
5184,3223.3966081666304
5185,3223.3966081666304
5186,3223.3966081666304
5187,3223.3966081666304
5188,3223.3966081666304
5189,3223.3966081666304
5190,3223.3966081666304
5191,3223.3966081666304
5192,3223.3966081666304
5193,3223.3966081666304
5194,3223.3966081666304
5195,3223.3966081666304
5196,3223.3966081666304
5197,3223.3966081666304
5198,3223.3966081666304
5199,3223.3966081666304
5200,3205.623104415995
5201,3205.623104415995
5202,3205.623104415995
5203,3205.623104415995
5204,3205.623104415995
5205,3205.623104415995
5206,3205.623104415995
5207,3205.623104415995
5208,3205.623104415995
5209,3205.623104415995
5210,3205.623104415995
5211,3205.623104415995
5212,3205.623104415995
5213,3205.623104415995
5214,3205.623104415995
5215,3205.623104415995
5216,3205.623104415995
5217,3205.623104415995
5218,3205.623104415995
5219,3205.623104415995
5220,3205.623104415995
5221,3205.623104415995
5222,3205.623104415995
5223,3205.623104415995
5224,3205.623104415995
5225,3188.958411621037
5226,3188.958411621037
5227,3188.958411621037
5228,3188.958411621037
5229,3188.958411621037
5230,3188.958411621037
5231,3188.958411621037
5232,3188.958411621037
5233,3188.958411621037
5234,3188.958411621037
5235,3188.958411621037
5236,3188.958411621037
5237,3188.958411621037
5238,3188.958411621037
5239,3188.958411621037
5240,3188.958411621037
5241,3188.958411621037
5242,3188.958411621037
5243,3188.958411621037
5244,3188.958411621037
5245,3188.958411621037
5246,3188.958411621037
5247,3188.958411621037
5248,3188.958411621037
5249,3188.958411621037
5250,3188.958411621037
5251,3188.958411621037
5252,3188.958411621037
5253,3188.958411621037
5254,3188.958411621037
5255,3188.958411621037
5256,3188.958411621037
5257,3188.958411621037
5258,3188.958411621037
5259,3188.958411621037
5260,3188.958411621037
5261,3188.958411621037
5262,3188.958411621037
5263,3188.958411621037
5264,3188.958411621037
5265,3188.958411621037
5266,3188.958411621037
5267,3188.958411621037
5268,3188.958411621037
5269,3188.958411621037
5270,3188.958411621037
5271,3188.958411621037
5272,3188.958411621037
5273,3188.958411621037
5274,3188.958411621037
5275,3188.958411621037
5276,3188.958411621037
5277,3188.958411621037
5278,3188.958411621037
5279,3188.958411621037
5280,3188.958411621037
5281,3188.958411621037
5282,3188.958411621037
5283,3188.958411621037
5284,3188.958411621037
5285,3188.958411621037
5286,3188.958411621037
5287,3188.958411621037
5288,3188.958411621037
5289,3188.958411621037
5290,3188.958411621037
5291,3188.958411621037
5292,3188.958411621037
5293,3188.958411621037
5294,3188.958411621037
5295,3188.958411621037
5296,3188.958411621037
5297,3188.958411621037
5298,3188.958411621037
5299,3188.958411621037
5300,3188.958411621037
5301,3188.958411621037
5302,3188.958411621037
5303,3188.958411621037
5304,3188.958411621037
5305,3188.958411621037
5306,3188.958411621037
5307,3188.958411621037
5308,3188.958411621037
5309,3188.958411621037
5310,3188.958411621037
5311,3188.958411621037
5312,3188.958411621037
5313,3188.958411621037
5314,3188.958411621037
5315,3188.958411621037
5316,3188.958411621037
5317,3188.958411621037
5318,3188.958411621037
5319,3188.958411621037
5320,3188.958411621037
5321,3188.958411621037
5322,3188.958411621037
5323,3188.958411621037
5324,3188.958411621037
5325,3188.958411621037
5326,3188.958411621037
5327,3188.958411621037
5328,3180.6680527030258
5329,3180.6680527030258
5330,3180.6680527030258
5331,3180.6680527030258
5332,3180.6680527030258
5333,3180.6680527030258
5334,3180.6680527030258
5335,3180.6680527030258
5336,3180.6680527030258
5337,3180.6680527030258
5338,3180.6680527030258
5339,3180.6680527030258
5340,3180.6680527030258
5341,3180.6680527030258
5342,3180.6680527030258
5343,3180.6680527030258
5344,3180.6680527030258
5345,3180.6680527030258
5346,3180.6680527030258
5347,3180.6680527030258
5348,3180.6680527030258
5349,3180.6680527030258
5350,3180.6680527030258
5351,3180.6680527030258
5352,3180.6680527030258
5353,3180.6680527030258
5354,3180.6680527030258
5355,3180.6680527030258
5356,3180.6680527030258
5357,3180.6680527030258
5358,3180.6680527030258
5359,3180.6680527030258
5360,3180.6680527030258
5361,3180.6680527030258
5362,3180.6680527030258
5363,3180.6680527030258
5364,3180.6680527030258
5365,3180.6680527030258
5366,3180.6680527030258
5367,3180.6680527030258
5368,3180.6680527030258
5369,3180.6680527030258
5370,3180.6680527030258
5371,3180.6680527030258
5372,3180.6680527030258
5373,3180.6680527030258
5374,3180.6680527030258
5375,3180.6680527030258
5376,3180.6680527030258
5377,3180.6680527030258
5378,3180.6680527030258
5379,3180.6680527030258
5380,3180.6680527030258
5381,3180.6680527030258
5382,3180.6680527030258
5383,3180.6680527030258
5384,3180.6680527030258
5385,3180.6680527030258
5386,3180.6680527030258
5387,3180.6680527030258
5388,3180.6680527030258
5389,3180.6680527030258
5390,3180.6680527030258
5391,3180.6680527030258
5392,3180.6680527030258
5393,3180.6680527030258
5394,3180.6680527030258
5395,3180.6680527030258
5396,3180.6680527030258
5397,3180.6680527030258
5398,3180.6680527030258
5399,3180.6680527030258
5400,3180.6680527030258
5401,3180.6680527030258
5402,3180.6680527030258
5403,3180.6680527030258
5404,3180.6680527030258
5405,3180.6680527030258
5406,3180.6680527030258
5407,3180.6680527030258
5408,3180.6680527030258
5409,3180.6680527030258
5410,3180.6680527030258
5411,3180.6680527030258
5412,3180.6680527030258
5413,3180.6680527030258
5414,3180.6680527030258
5415,3180.6680527030258
5416,3180.6680527030258
5417,3180.6680527030258
5418,3180.6680527030258
5419,3180.6680527030258
5420,3180.6680527030258
5421,3180.6680527030258
5422,3180.6680527030258
5423,3180.6680527030258
5424,3180.6680527030258
5425,3180.6680527030258
5426,3180.6680527030258
5427,3180.6680527030258
5428,3180.6680527030258
5429,3180.6680527030258
5430,3180.6680527030258
5431,3180.6680527030258
5432,3180.6680527030258
5433,3180.6680527030258
5434,3180.6680527030258
5435,3180.6680527030258
5436,3180.6680527030258
5437,3180.6680527030258
5438,3180.6680527030258
5439,3180.6680527030258
5440,3180.6680527030258
5441,3180.6680527030258
5442,3180.6680527030258
5443,3180.6680527030258
5444,3180.6680527030258
5445,3180.6680527030258
5446,3180.6680527030258
5447,3180.6680527030258
5448,3180.6680527030258
5449,3180.6680527030258
5450,3180.6680527030258
5451,3180.6680527030258
5452,3180.6680527030258
5453,3180.6680527030258
5454,3180.6680527030258
5455,3180.6680527030258
5456,3180.6680527030258
5457,3180.6680527030258
5458,3180.6680527030258
5459,3180.6680527030258
5460,3180.6680527030258
5461,3180.6680527030258
5462,3180.6680527030258
5463,3180.6680527030258
5464,3180.6680527030258
5465,3180.6680527030258
5466,3180.6680527030258
5467,3180.6680527030258
5468,3180.6680527030258
5469,3180.6680527030258
5470,3180.6680527030258
5471,3180.6680527030258
5472,3180.6680527030258
5473,3180.6680527030258
5474,3180.6680527030258
5475,3180.6680527030258
5476,3180.6680527030258
5477,3180.6680527030258
5478,3180.6680527030258
5479,3180.6680527030258
5480,3180.6680527030258
5481,3180.6680527030258
5482,3180.6680527030258
5483,3180.6680527030258
5484,3180.6680527030258
5485,3180.6680527030258
5486,3180.6680527030258
5487,3180.6680527030258
5488,3180.6680527030258
5489,3180.6680527030258
5490,3180.6680527030258
5491,3180.6680527030258
5492,3180.6680527030258
5493,3180.6680527030258
5494,3180.6680527030258
5495,3180.6680527030258
5496,3180.6680527030258
5497,3180.6680527030258
5498,3180.6680527030258
5499,3180.6680527030258
5500,3180.6680527030258
5501,3180.6680527030258
5502,3180.6680527030258
5503,3180.6680527030258
5504,3180.6680527030258
5505,3176.7296692004857
5506,3164.568819432231
5507,3164.568819432231
5508,3164.568819432231
5509,3164.568819432231
5510,3164.568819432231
5511,3164.568819432231
5512,3164.568819432231
5513,3164.568819432231
5514,3164.568819432231
5515,3164.568819432231
5516,3164.568819432231
5517,3164.568819432231
5518,3164.568819432231
5519,3164.568819432231
5520,3164.568819432231
5521,3164.568819432231
5522,3164.568819432231
5523,3164.568819432231
5524,3164.568819432231
5525,3164.568819432231
5526,3164.568819432231
5527,3164.568819432231
5528,3164.568819432231
5529,3164.568819432231
5530,3164.568819432231
5531,3164.568819432231
5532,3164.568819432231
5533,3164.568819432231
5534,3164.568819432231
5535,3164.568819432231
5536,3164.568819432231
5537,3164.568819432231
5538,3164.568819432231
5539,3164.568819432231
5540,3164.568819432231
5541,3164.568819432231
5542,3164.568819432231
5543,3164.568819432231
5544,3164.568819432231
5545,3164.568819432231
5546,3164.568819432231
5547,3164.568819432231
5548,3164.568819432231
5549,3164.568819432231
5550,3164.568819432231
5551,3164.568819432231
5552,3164.568819432231
5553,3164.568819432231
5554,3164.568819432231
5555,3164.568819432231
5556,3164.568819432231
5557,3164.568819432231
5558,3164.568819432231
5559,3164.568819432231
5560,3164.568819432231
5561,3164.568819432231
5562,3164.568819432231
5563,3164.568819432231
5564,3164.568819432231
5565,3164.568819432231
5566,3164.568819432231
5567,3164.568819432231
5568,3164.568819432231
5569,3164.568819432231
5570,3164.568819432231
5571,3164.568819432231
5572,3164.568819432231
5573,3164.568819432231
5574,3164.568819432231
5575,3164.568819432231
5576,3164.568819432231
5577,3164.568819432231
5578,3164.568819432231
5579,3164.568819432231
5580,3164.568819432231
5581,3164.568819432231
5582,3164.568819432231
5583,3150.192551813463
5584,3150.192551813463
5585,3150.192551813463
5586,3150.192551813463
5587,3150.192551813463
5588,3150.192551813463
5589,3150.192551813463
5590,3150.192551813463
5591,3150.192551813463
5592,3150.192551813463
5593,3150.192551813463
5594,3150.192551813463
5595,3150.192551813463
5596,3150.192551813463
5597,3150.192551813463
5598,3150.192551813463
5599,3150.192551813463
5600,3150.192551813463
5601,3150.192551813463
5602,3150.192551813463
5603,3150.192551813463
5604,3150.192551813463
5605,3150.192551813463
5606,3150.192551813463
5607,3150.192551813463
5608,3150.192551813463
5609,3150.192551813463
5610,3148.090089875225
5611,3148.090089875225
5612,3148.090089875225
5613,3148.090089875225
5614,3148.090089875225
5615,3148.090089875225
5616,3148.090089875225
5617,3148.090089875225
5618,3148.090089875225
5619,3148.090089875225
5620,3148.090089875225
5621,3148.090089875225
5622,3148.090089875225
5623,3148.090089875225
5624,3148.090089875225
5625,3148.090089875225
5626,3148.090089875225
5627,3148.090089875225
5628,3148.090089875225
5629,3148.090089875225
5630,3148.090089875225
5631,3148.090089875225
5632,3148.090089875225
5633,3148.090089875225
5634,3148.090089875225
5635,3148.090089875225
5636,3148.090089875225
5637,3148.090089875225
5638,3148.090089875225
5639,3148.090089875225
5640,3148.090089875225
5641,3148.090089875225
5642,3148.090089875225
5643,3148.090089875225
5644,3148.090089875225
5645,3148.090089875225
5646,3148.090089875225
5647,3148.090089875225
5648,3148.090089875225
5649,3148.090089875225
5650,3148.090089875225
5651,3148.090089875225
5652,3148.090089875225
5653,3148.090089875225
5654,3148.090089875225
5655,3148.090089875225
5656,3148.090089875225
5657,3148.090089875225
5658,3148.090089875225
5659,3148.090089875225
5660,3148.090089875225
5661,3148.090089875225
5662,3148.090089875225
5663,3148.090089875225
5664,3148.090089875225
5665,3148.090089875225
5666,3148.090089875225
5667,3148.090089875225
5668,3148.090089875225
5669,3148.090089875225
5670,3148.090089875225
5671,3148.090089875225
5672,3148.090089875225
5673,3148.090089875225
5674,3148.090089875225
5675,3148.090089875225
5676,3148.090089875225
5677,3148.090089875225
5678,3148.090089875225
5679,3148.090089875225
5680,3148.090089875225
5681,3148.090089875225
5682,3148.090089875225
5683,3148.090089875225
5684,3148.090089875225
5685,3148.090089875225
5686,3148.090089875225
5687,3112.253087188692
5688,3112.253087188692
5689,3112.253087188692
5690,3112.253087188692
5691,3112.253087188692
5692,3112.253087188692
5693,3112.253087188692
5694,3112.253087188692
5695,3112.253087188692
5696,3112.253087188692
5697,3112.253087188692
5698,3112.253087188692
5699,3112.253087188692
5700,3112.253087188692
5701,3112.253087188692
5702,3112.253087188692
5703,3112.253087188692
5704,3112.253087188692
5705,3112.253087188692
5706,3112.253087188692
5707,3112.253087188692
5708,3112.253087188692
5709,3112.253087188692
5710,3112.253087188692
5711,3112.253087188692
5712,3112.253087188692
5713,3112.253087188692
5714,3112.253087188692
5715,3112.253087188692
5716,3112.253087188692
5717,3112.253087188692
5718,3112.253087188692
5719,3112.253087188692
5720,3112.253087188692
5721,3112.253087188692
5722,3112.253087188692
5723,3112.253087188692
5724,3112.253087188692
5725,3112.253087188692
5726,3112.253087188692
5727,3112.253087188692
5728,3112.253087188692
5729,3110.1294948400364
5730,3110.1294948400364
5731,3110.1294948400364
5732,3110.1294948400364
5733,3110.1294948400364
5734,3110.1294948400364
5735,3110.1294948400364
5736,3110.1294948400364
5737,3110.1294948400364
5738,3110.1294948400364
5739,3110.1294948400364
5740,3110.1294948400364
5741,3110.1294948400364
5742,3110.1294948400364
5743,3110.1294948400364
5744,3110.1294948400364
5745,3110.1294948400364
5746,3110.1294948400364
5747,3110.1294948400364
5748,3110.1294948400364
5749,3110.1294948400364
5750,3110.1294948400364
5751,3110.1294948400364
5752,3110.1294948400364
5753,3110.1294948400364
5754,3110.1294948400364
5755,3110.1294948400364
5756,3110.1294948400364
5757,3110.1294948400364
5758,3110.1294948400364
5759,3110.1294948400364
5760,3110.1294948400364
5761,3110.1294948400364
5762,3110.1294948400364
5763,3110.1294948400364
5764,3110.1294948400364
5765,3110.1294948400364
5766,3110.1294948400364
5767,3110.1294948400364
5768,3110.1294948400364
5769,3110.1294948400364
5770,3110.1294948400364
5771,3110.1294948400364
5772,3110.1294948400364
5773,3110.1294948400364
5774,3110.1294948400364
5775,3110.1294948400364
5776,3110.1294948400364
5777,3110.1294948400364
5778,3110.1294948400364
5779,3110.1294948400364
5780,3110.1294948400364
5781,3110.1294948400364
5782,3110.1294948400364
5783,3110.1294948400364
5784,3110.1294948400364
5785,3110.1294948400364
5786,3110.1294948400364
5787,3110.1294948400364
5788,3110.1294948400364
5789,3110.1294948400364
5790,3110.1294948400364
5791,3110.1294948400364
5792,3110.1294948400364
5793,3110.1294948400364
5794,3110.1294948400364
5795,3110.1294948400364
5796,3110.1294948400364
5797,3110.1294948400364
5798,3110.1294948400364
5799,3110.1294948400364
5800,3110.1294948400364
5801,3110.1294948400364
5802,3110.1294948400364
5803,3110.1294948400364
5804,3110.1294948400364
5805,3110.1294948400364
5806,3110.1294948400364
5807,3110.1294948400364
5808,3110.1294948400364
5809,3110.1294948400364
5810,3110.1294948400364
5811,3110.1294948400364
5812,3110.1294948400364
5813,3110.1294948400364
5814,3110.1294948400364
5815,3110.1294948400364
5816,3110.1294948400364
5817,3110.1294948400364
5818,3110.1294948400364
5819,3110.1294948400364
5820,3110.1294948400364
5821,3110.1294948400364
5822,3110.1294948400364
5823,3110.1294948400364
5824,3110.1294948400364
5825,3110.1294948400364
5826,3110.1294948400364
5827,3110.1294948400364
5828,3110.1294948400364
5829,3110.1294948400364
5830,3110.1294948400364
5831,3110.1294948400364
5832,3110.1294948400364
5833,3110.1294948400364
5834,3110.1294948400364
5835,3110.1294948400364
5836,3110.1294948400364
5837,3110.1294948400364
5838,3110.1294948400364
5839,3110.1294948400364
5840,3110.1294948400364
5841,3110.1294948400364
5842,3110.1294948400364
5843,3110.1294948400364
5844,3110.1294948400364
5845,3110.1294948400364
5846,3110.1294948400364
5847,3110.1294948400364
5848,3110.1294948400364
5849,3110.1294948400364
5850,3110.1294948400364
5851,3110.1294948400364
5852,3110.1294948400364
5853,3110.1294948400364
5854,3110.1294948400364
5855,3110.1294948400364
5856,3110.1294948400364
5857,3110.1294948400364
5858,3110.1294948400364
5859,3110.1294948400364
5860,3110.1294948400364
5861,3110.1294948400364
5862,3110.1294948400364
5863,3110.1294948400364
5864,3110.1294948400364
5865,3110.1294948400364
5866,3110.1294948400364
5867,3110.1294948400364
5868,3110.1294948400364
5869,3110.1294948400364
5870,3110.1294948400364
5871,3110.1294948400364
5872,3110.1294948400364
5873,3110.1294948400364
5874,3110.1294948400364
5875,3110.1294948400364
5876,3110.1294948400364
5877,3110.1294948400364
5878,3110.1294948400364
5879,3110.1294948400364
5880,3110.1294948400364
5881,3110.1294948400364
5882,3110.1294948400364
5883,3110.1294948400364
5884,3110.1294948400364
5885,3110.1294948400364
5886,3110.1294948400364
5887,3110.1294948400364
5888,3110.1294948400364
5889,3110.1294948400364
5890,3110.1294948400364
5891,3110.1294948400364
5892,3110.1294948400364
5893,3110.1294948400364
5894,3110.1294948400364
5895,3110.1294948400364
5896,3110.1294948400364
5897,3110.1294948400364
5898,3110.1294948400364
5899,3110.1294948400364
5900,3110.1294948400364
5901,3110.1294948400364
5902,3110.1294948400364
5903,3110.1294948400364
5904,3110.1294948400364
5905,3110.1294948400364
5906,3110.1294948400364
5907,3110.1294948400364
5908,3110.1294948400364
5909,3110.1294948400364
5910,3110.1294948400364
5911,3110.1294948400364
5912,3110.1294948400364
5913,3110.1294948400364
5914,3110.1294948400364
5915,3110.1294948400364
5916,3110.1294948400364
5917,3110.1294948400364
5918,3110.1294948400364
5919,3110.1294948400364
5920,3110.1294948400364
5921,3110.1294948400364
5922,3110.1294948400364
5923,3110.1294948400364
5924,3110.1294948400364
5925,3110.1294948400364
5926,3110.1294948400364
5927,3110.1294948400364
5928,3110.1294948400364
5929,3110.1294948400364
5930,3110.1294948400364
5931,3110.1294948400364
5932,3110.1294948400364
5933,3110.1294948400364
5934,3110.1294948400364
5935,3110.1294948400364
5936,3110.1294948400364
5937,3078.624302006728
5938,3078.624302006728
5939,3078.624302006728
5940,3078.624302006728
5941,3078.624302006728
5942,3078.624302006728
5943,3078.624302006728
5944,3078.624302006728
5945,3078.624302006728
5946,3078.624302006728
5947,3078.624302006728
5948,3078.624302006728
5949,3078.624302006728
5950,3078.624302006728
5951,3078.624302006728
5952,3078.624302006728
5953,3078.624302006728
5954,3078.624302006728
5955,3078.624302006728
5956,3078.624302006728
5957,3078.624302006728
5958,3078.624302006728
5959,3078.624302006728
5960,3078.624302006728
5961,3078.624302006728
5962,3078.624302006728
5963,3078.624302006728
5964,3078.624302006728
5965,3078.624302006728
5966,3078.624302006728
5967,3078.624302006728
5968,3078.624302006728
5969,3078.624302006728
5970,3078.624302006728
5971,3078.624302006728
5972,3078.624302006728
5973,3078.624302006728
5974,3078.624302006728
5975,3078.624302006728
5976,3078.624302006728
5977,3078.624302006728
5978,3078.624302006728
5979,3078.624302006728
5980,3078.624302006728
5981,3078.624302006728
5982,3078.624302006728
5983,3078.624302006728
5984,3078.624302006728
5985,3078.624302006728
5986,3078.624302006728
5987,3078.624302006728
5988,3078.624302006728
5989,3078.624302006728
5990,3078.624302006728
5991,3078.624302006728
5992,3078.624302006728
5993,3078.624302006728
5994,3078.624302006728
5995,3078.624302006728
5996,3078.624302006728
5997,3078.624302006728
5998,3078.624302006728
5999,3078.624302006728
6000,3078.624302006728
6001,3078.624302006728
6002,3078.624302006728
6003,3078.624302006728
6004,3078.624302006728
6005,3078.624302006728
6006,3078.624302006728
6007,3078.624302006728
6008,3078.624302006728
6009,3078.624302006728
6010,3078.624302006728
6011,3078.624302006728
6012,3078.624302006728
6013,3078.624302006728
6014,3078.624302006728
6015,3078.624302006728
6016,3078.624302006728
6017,3078.624302006728
6018,3078.624302006728
6019,3078.624302006728
6020,3078.624302006728
6021,3078.624302006728
6022,3078.624302006728
6023,3078.624302006728
6024,3078.624302006728
6025,3078.624302006728
6026,3078.624302006728
6027,3078.624302006728
6028,3078.624302006728
6029,3078.624302006728
6030,3078.624302006728
6031,3078.624302006728
6032,3078.624302006728
6033,3078.624302006728
6034,3078.624302006728
6035,3078.624302006728
6036,3078.624302006728
6037,3078.624302006728
6038,3078.624302006728
6039,3078.624302006728
6040,3078.624302006728
6041,3078.624302006728
6042,3078.624302006728
6043,3078.624302006728
6044,3078.624302006728
6045,3078.624302006728
6046,3078.624302006728
6047,3078.624302006728
6048,3078.624302006728
6049,3078.624302006728
6050,3078.624302006728
6051,3078.624302006728
6052,3078.624302006728
6053,3078.624302006728
6054,3078.624302006728
6055,3078.624302006728
6056,3078.624302006728
6057,3078.624302006728
6058,3078.624302006728
6059,3078.624302006728
6060,3078.624302006728
6061,3078.624302006728
6062,3078.624302006728
6063,3078.624302006728
6064,3078.624302006728
6065,3078.624302006728
6066,3078.624302006728
6067,3078.624302006728
6068,3078.624302006728
6069,3078.624302006728
6070,3078.624302006728
6071,3078.624302006728
6072,3078.624302006728
6073,3078.624302006728
6074,3078.624302006728
6075,3078.624302006728
6076,3078.624302006728
6077,3078.624302006728
6078,3078.624302006728
6079,3078.624302006728
6080,3078.624302006728
6081,3078.624302006728
6082,3078.624302006728
6083,3078.624302006728
6084,3078.624302006728
6085,3078.624302006728
6086,3078.624302006728
6087,3078.624302006728
6088,3078.624302006728
6089,3078.624302006728
6090,3078.624302006728
6091,3078.624302006728
6092,3078.624302006728
6093,3078.624302006728
6094,3078.624302006728
6095,3078.624302006728
6096,3078.624302006728
6097,3078.624302006728
6098,3078.624302006728
6099,3078.624302006728
6100,3078.624302006728
6101,3078.624302006728
6102,3078.624302006728
6103,3078.624302006728
6104,3078.624302006728
6105,3078.624302006728
6106,3078.624302006728
6107,3078.624302006728
6108,3078.624302006728
6109,3078.624302006728
6110,3078.624302006728
6111,3078.624302006728
6112,3078.624302006728
6113,3078.624302006728
6114,3078.624302006728
6115,3078.624302006728
6116,3078.624302006728
6117,3078.624302006728
6118,3078.624302006728
6119,3078.624302006728
6120,3078.624302006728
6121,3078.624302006728
6122,3078.624302006728
6123,3078.624302006728
6124,3078.624302006728
6125,3078.624302006728
6126,3078.624302006728
6127,3078.624302006728
6128,3078.624302006728
6129,3078.624302006728
6130,3078.624302006728
6131,3078.624302006728
6132,3078.624302006728
6133,3078.624302006728
6134,3078.624302006728
6135,3078.624302006728
6136,3078.624302006728
6137,3078.624302006728
6138,3078.624302006728
6139,3078.624302006728
6140,3078.624302006728
6141,3078.624302006728
6142,3078.624302006728
6143,3078.624302006728
6144,3078.624302006728
6145,3078.624302006728
6146,3078.624302006728
6147,3078.624302006728
6148,3078.624302006728
6149,3078.624302006728
6150,3078.624302006728
6151,3078.624302006728
6152,3078.624302006728
6153,3078.624302006728
6154,3078.624302006728
6155,3078.624302006728
6156,3078.624302006728
6157,3078.624302006728
6158,3078.624302006728
6159,3078.624302006728
6160,3078.624302006728
6161,3078.624302006728
6162,3078.624302006728
6163,3078.624302006728
6164,3078.624302006728
6165,3078.624302006728
6166,3078.624302006728
6167,3078.624302006728
6168,3078.624302006728
6169,3078.624302006728
6170,3078.624302006728
6171,3078.624302006728
6172,3078.624302006728
6173,3078.624302006728
6174,3078.624302006728
6175,3078.624302006728
6176,3078.624302006728
6177,3078.624302006728
6178,3078.624302006728
6179,3078.624302006728
6180,3078.624302006728
6181,3078.624302006728
6182,3078.624302006728
6183,3078.624302006728
6184,3078.624302006728
6185,3078.624302006728
6186,3078.624302006728
6187,3078.624302006728
6188,3078.624302006728
6189,3078.624302006728
6190,3078.624302006728
6191,3078.624302006728
6192,3078.624302006728
6193,3078.624302006728
6194,3078.624302006728
6195,3078.624302006728
6196,3078.624302006728
6197,3078.624302006728
6198,3078.624302006728
6199,3078.624302006728
6200,3078.624302006728
6201,3078.624302006728
6202,3078.624302006728
6203,3078.624302006728
6204,3078.624302006728
6205,3078.624302006728
6206,3078.624302006728
6207,3078.624302006728
6208,3078.624302006728
6209,3078.624302006728
6210,3078.624302006728
6211,3078.624302006728
6212,3078.624302006728
6213,3078.624302006728
6214,3078.624302006728
6215,3078.624302006728
6216,3078.624302006728
6217,3078.624302006728
6218,3078.624302006728
6219,3078.624302006728
6220,3078.624302006728
6221,3078.624302006728
6222,3078.624302006728
6223,3078.624302006728
6224,3078.624302006728
6225,3078.624302006728
6226,3078.624302006728
6227,3078.624302006728
6228,3078.624302006728
6229,3078.624302006728
6230,3078.624302006728
6231,3078.624302006728
6232,3078.624302006728
6233,3078.624302006728
6234,3078.624302006728
6235,3078.624302006728
6236,3078.624302006728
6237,3078.624302006728
6238,3078.624302006728
6239,3078.624302006728
6240,3078.624302006728
6241,3078.624302006728
6242,3078.624302006728
6243,3078.624302006728
6244,3078.624302006728
6245,3078.624302006728
6246,3078.624302006728
6247,3078.624302006728
6248,3078.624302006728
6249,3078.624302006728
6250,3078.624302006728
6251,3078.624302006728
6252,3078.624302006728
6253,3078.624302006728
6254,3078.624302006728
6255,3078.624302006728
6256,3078.624302006728
6257,3078.624302006728
6258,3078.624302006728
6259,3078.624302006728
6260,3078.624302006728
6261,3078.624302006728
6262,3078.624302006728
6263,3078.624302006728
6264,3078.624302006728
6265,3078.624302006728
6266,3078.624302006728
6267,3078.624302006728
6268,3078.624302006728
6269,3078.624302006728
6270,3078.624302006728
6271,3078.624302006728
6272,3078.624302006728
6273,3078.624302006728
6274,3078.624302006728
6275,3078.624302006728
6276,3078.624302006728
6277,3078.624302006728
6278,3078.624302006728
6279,3078.624302006728
6280,3078.624302006728
6281,3078.624302006728
6282,3078.624302006728
6283,3078.624302006728
6284,3078.624302006728
6285,3078.624302006728
6286,3078.624302006728
6287,3078.624302006728
6288,3078.624302006728
6289,3078.624302006728
6290,3078.624302006728
6291,3078.624302006728
6292,3078.624302006728
6293,3078.624302006728
6294,3078.624302006728
6295,3078.624302006728
6296,3078.624302006728
6297,3078.624302006728
6298,3078.624302006728
6299,3078.624302006728
6300,3078.624302006728
6301,3078.624302006728
6302,3078.624302006728
6303,3078.624302006728
6304,3078.624302006728
6305,3078.624302006728
6306,3078.624302006728
6307,3078.624302006728
6308,3078.624302006728
6309,3078.624302006728
6310,3078.624302006728
6311,3078.624302006728
6312,3078.624302006728
6313,3078.624302006728
6314,3078.624302006728
6315,3078.624302006728
6316,3078.624302006728
6317,3078.624302006728
6318,3078.624302006728
6319,3078.624302006728
6320,3078.624302006728
6321,3078.624302006728
6322,3078.624302006728
6323,3078.624302006728
6324,3078.624302006728
6325,3078.624302006728
6326,3078.624302006728
6327,3078.624302006728
6328,3078.624302006728
6329,3078.624302006728
6330,3078.624302006728
6331,3078.624302006728
6332,3078.624302006728
6333,3078.624302006728
6334,3078.624302006728
6335,3078.624302006728
6336,3078.624302006728
6337,3078.624302006728
6338,3078.624302006728
6339,3078.624302006728
6340,3078.624302006728
6341,3078.624302006728
6342,3078.624302006728
6343,3078.624302006728
6344,3078.624302006728
6345,3078.624302006728
6346,3078.624302006728
6347,3078.624302006728
6348,3078.624302006728
6349,3078.624302006728
6350,3078.624302006728
6351,3078.624302006728
6352,3078.624302006728
6353,3078.624302006728
6354,3078.624302006728
6355,3078.624302006728
6356,3078.624302006728
6357,3078.624302006728
6358,3078.624302006728
6359,3078.624302006728
6360,3078.624302006728
6361,3078.624302006728
6362,3078.624302006728
6363,3078.624302006728
6364,3078.624302006728
6365,3078.624302006728
6366,3078.624302006728
6367,3078.624302006728
6368,3078.624302006728
6369,3078.624302006728
6370,3078.624302006728
6371,3078.624302006728
6372,3078.624302006728
6373,3078.624302006728
6374,3078.624302006728
6375,3078.624302006728
6376,3078.624302006728
6377,3078.624302006728
6378,3078.624302006728
6379,3078.624302006728
6380,3078.624302006728
6381,3078.624302006728
6382,3078.624302006728
6383,3078.624302006728
6384,3078.624302006728
6385,3078.624302006728
6386,3078.624302006728
6387,3078.624302006728
6388,3078.624302006728
6389,3078.624302006728
6390,3078.624302006728
6391,3078.624302006728
6392,3078.624302006728
6393,3078.624302006728
6394,3078.624302006728
6395,3078.624302006728
6396,3078.624302006728
6397,3078.624302006728
6398,3078.624302006728
6399,3078.624302006728
6400,3078.624302006728
6401,3078.624302006728
6402,3078.624302006728
6403,3078.624302006728
6404,3078.624302006728
6405,3078.624302006728
6406,3078.624302006728
6407,3078.624302006728
6408,3078.624302006728
6409,3078.624302006728
6410,3078.624302006728
6411,3078.624302006728
6412,3078.624302006728
6413,3078.624302006728
6414,3078.624302006728
6415,3078.624302006728
6416,3078.624302006728
6417,3078.624302006728
6418,3078.624302006728
6419,3078.624302006728
6420,3078.624302006728
6421,3078.624302006728
6422,3078.624302006728
6423,3078.624302006728
6424,3078.624302006728
6425,3078.624302006728
6426,3078.624302006728
6427,3078.624302006728
6428,3078.624302006728
6429,3078.624302006728
6430,3078.624302006728
6431,3078.624302006728
6432,3078.624302006728
6433,3078.624302006728
6434,3078.624302006728
6435,3078.624302006728
6436,3078.624302006728
6437,3078.624302006728
6438,3078.624302006728
6439,3078.624302006728
6440,3078.624302006728
6441,3078.624302006728
6442,3078.624302006728
6443,3078.624302006728
6444,3078.624302006728
6445,3078.624302006728
6446,3078.624302006728
6447,3078.624302006728
6448,3078.624302006728
6449,3078.624302006728
6450,3078.624302006728
6451,3078.624302006728
6452,3078.624302006728
6453,3078.624302006728
6454,3078.624302006728
6455,3078.624302006728
6456,3078.624302006728
6457,3078.624302006728
6458,3078.624302006728
6459,3078.624302006728
6460,3078.624302006728
6461,3078.624302006728
6462,3078.624302006728
6463,3078.624302006728
6464,3078.624302006728
6465,3078.624302006728
6466,3078.624302006728
6467,3078.624302006728
6468,3078.624302006728
6469,3078.624302006728
6470,3078.624302006728
6471,3078.624302006728
6472,3078.624302006728
6473,3078.624302006728
6474,3078.624302006728
6475,3078.624302006728
6476,3078.624302006728
6477,3078.624302006728
6478,3078.624302006728
6479,3078.624302006728
6480,3078.624302006728
6481,3078.624302006728
6482,3078.624302006728
6483,3078.624302006728
6484,3078.624302006728
6485,3078.624302006728
6486,3078.624302006728
6487,3078.624302006728
6488,3078.624302006728
6489,3078.624302006728
6490,3078.624302006728
6491,3078.624302006728
6492,3078.624302006728
6493,3078.624302006728
6494,3078.624302006728
6495,3078.624302006728
6496,3078.624302006728
6497,3078.624302006728
6498,3078.624302006728
6499,3078.624302006728
6500,3078.624302006728
6501,3078.624302006728
6502,3078.624302006728
6503,3078.624302006728
6504,3078.624302006728
6505,3078.624302006728
6506,3078.624302006728
6507,3078.624302006728
6508,3078.624302006728
6509,3078.624302006728
6510,3078.624302006728
6511,3078.624302006728
6512,3078.624302006728
6513,3078.624302006728
6514,3078.624302006728
6515,3078.624302006728
6516,3078.624302006728
6517,3078.624302006728
6518,3078.624302006728
6519,3078.624302006728
6520,3078.624302006728
6521,3078.624302006728
6522,3078.624302006728
6523,3078.624302006728
6524,3078.624302006728
6525,3078.624302006728
6526,3077.7958151987436
6527,3077.7958151987436
6528,3077.7958151987436
6529,3077.7958151987436
6530,3077.7958151987436
6531,3077.7958151987436
6532,3077.7958151987436
6533,3077.7958151987436
6534,3077.7958151987436
6535,3077.7958151987436
6536,3077.7958151987436
6537,3077.7958151987436
6538,3077.7958151987436
6539,3061.394069242701
6540,3061.394069242701
6541,3061.394069242701
6542,3061.394069242701
6543,3061.394069242701
6544,3061.394069242701
6545,3061.394069242701
6546,3061.394069242701
6547,3061.394069242701
6548,3061.394069242701
6549,3061.394069242701
6550,3061.394069242701
6551,3061.394069242701
6552,3061.394069242701
6553,3061.394069242701
6554,3061.394069242701
6555,3061.394069242701
6556,3061.394069242701
6557,3061.394069242701
6558,3061.394069242701
6559,3061.394069242701
6560,3061.394069242701
6561,3061.394069242701
6562,3061.394069242701
6563,3061.394069242701
6564,3061.394069242701
6565,3061.394069242701
6566,3061.394069242701
6567,3061.219583873127
6568,3061.219583873127
6569,3061.219583873127
6570,3061.219583873127
6571,3061.219583873127
6572,3061.219583873127
6573,3061.219583873127
6574,3061.219583873127
6575,3061.219583873127
6576,3032.7321657361704
6577,3032.7321657361704
6578,3032.7321657361704
6579,3032.7321657361704
6580,3032.7321657361704
6581,3032.7321657361704
6582,3032.7321657361704
6583,3032.7321657361704
6584,3032.7321657361704
6585,3032.7321657361704
6586,3032.7321657361704
6587,3032.7321657361704
6588,3032.7321657361704
6589,3032.7321657361704
6590,3032.7321657361704
6591,3032.7321657361704
6592,3032.7321657361704
6593,3032.7321657361704
6594,3032.7321657361704
6595,3032.7321657361704
6596,3032.7321657361704
6597,3032.7321657361704
6598,3032.7321657361704
6599,3032.7321657361704
6600,3032.7321657361704
6601,3032.7321657361704
6602,3032.7321657361704
6603,3032.7321657361704
6604,3032.7321657361704
6605,3032.7321657361704
6606,3032.7321657361704
6607,3032.7321657361704
6608,3032.7321657361704
6609,3032.7321657361704
6610,3032.7321657361704
6611,3032.7321657361704
6612,3032.7321657361704
6613,3032.7321657361704
6614,3032.7321657361704
6615,3032.7321657361704
6616,3032.7321657361704
6617,3032.7321657361704
6618,3032.7321657361704
6619,3032.7321657361704
6620,3032.7321657361704
6621,3032.7321657361704
6622,3032.7321657361704
6623,3032.7321657361704
6624,3032.7321657361704
6625,3032.7321657361704
6626,3032.7321657361704
6627,3032.7321657361704
6628,3032.7321657361704
6629,3032.7321657361704
6630,3032.7321657361704
6631,3032.7321657361704
6632,3032.7321657361704
6633,3032.7321657361704
6634,3032.7321657361704
6635,3032.7321657361704
6636,3032.7321657361704
6637,3032.7321657361704
6638,3032.7321657361704
6639,3032.7321657361704
6640,3032.7321657361704
6641,3032.7321657361704
6642,3032.7321657361704
6643,3032.7321657361704
6644,3032.7321657361704
6645,3032.7321657361704
6646,3032.7321657361704
6647,3032.7321657361704
6648,3032.7321657361704
6649,3032.7321657361704
6650,3032.7321657361704
6651,3032.7321657361704
6652,3032.7321657361704
6653,3032.7321657361704
6654,3032.7321657361704
6655,3032.7321657361704
6656,3032.7321657361704
6657,3032.7321657361704
6658,3032.7321657361704
6659,3032.7321657361704
6660,3032.7321657361704
6661,3032.7321657361704
6662,3032.7321657361704
6663,3032.7321657361704
6664,3032.7321657361704
6665,3032.7321657361704
6666,3032.7321657361704
6667,3032.7321657361704
6668,3032.7321657361704
6669,3032.7321657361704
6670,3032.7321657361704
6671,3032.7321657361704
6672,3032.7321657361704
6673,3032.7321657361704
6674,3032.7321657361704
6675,3032.7321657361704
6676,3032.7321657361704
6677,3032.7321657361704
6678,3032.7321657361704
6679,3032.7321657361704
6680,3032.7321657361704
6681,3032.7321657361704
6682,3032.7321657361704
6683,3032.7321657361704
6684,3032.7321657361704
6685,3032.7321657361704
6686,3032.7321657361704
6687,3032.7321657361704
6688,3032.7321657361704
6689,3032.7321657361704
6690,3032.7321657361704
6691,3032.7321657361704
6692,3032.7321657361704
6693,3032.7321657361704
6694,3032.7321657361704
6695,3032.7321657361704
6696,3032.7321657361704
6697,3032.7321657361704
6698,3032.7321657361704
6699,3032.7321657361704
6700,3032.7321657361704
6701,3032.7321657361704
6702,3032.7321657361704
6703,3032.7321657361704
6704,3032.7321657361704
6705,3032.7321657361704
6706,3032.7321657361704
6707,3032.7321657361704
6708,3032.7321657361704
6709,3032.7321657361704
6710,3032.7321657361704
6711,3032.7321657361704
6712,3032.7321657361704
6713,3032.7321657361704
6714,3032.7321657361704
6715,3032.7321657361704
6716,3032.7321657361704
6717,3032.7321657361704
6718,3032.7321657361704
6719,3032.7321657361704
6720,3032.7321657361704
6721,3032.7321657361704
6722,3032.7321657361704
6723,3032.7321657361704
6724,3032.7321657361704
6725,3032.7321657361704
6726,3032.7321657361704
6727,3032.7321657361704
6728,3032.7321657361704
6729,3032.7321657361704
6730,3032.7321657361704
6731,3032.7321657361704
6732,3032.7321657361704
6733,3032.7321657361704
6734,3032.7321657361704
6735,3032.7321657361704
6736,3032.7321657361704
6737,3032.7321657361704
6738,3032.7321657361704
6739,3032.7321657361704
6740,3032.7321657361704
6741,3032.7321657361704
6742,3032.7321657361704
6743,3032.7321657361704
6744,3032.7321657361704
6745,3032.7321657361704
6746,3032.7321657361704
6747,3032.7321657361704
6748,3032.7321657361704
6749,3032.7321657361704
6750,3032.7321657361704
6751,3032.7321657361704
6752,3032.7321657361704
6753,3032.7321657361704
6754,3032.7321657361704
6755,3032.7321657361704
6756,3032.7321657361704
6757,3032.7321657361704
6758,3032.7321657361704
6759,3032.7321657361704
6760,3032.7321657361704
6761,3032.7321657361704
6762,3032.7321657361704
6763,3032.7321657361704
6764,3032.7321657361704
6765,3032.7321657361704
6766,3032.7321657361704
6767,3032.7321657361704
6768,3032.7321657361704
6769,3032.7321657361704
6770,3032.7321657361704
6771,3032.7321657361704
6772,3032.7321657361704
6773,3032.7321657361704
6774,3032.7321657361704
6775,3032.7321657361704
6776,3032.7321657361704
6777,3032.7321657361704
6778,3032.7321657361704
6779,3032.7321657361704
6780,3032.7321657361704
6781,3032.7321657361704
6782,3032.7321657361704
6783,3032.7321657361704
6784,3032.7321657361704
6785,3032.7321657361704
6786,3032.7321657361704
6787,3032.7321657361704
6788,3032.7321657361704
6789,3032.7321657361704
6790,3032.7321657361704
6791,3032.7321657361704
6792,3032.7321657361704
6793,3032.7321657361704
6794,3032.7321657361704
6795,3032.7321657361704
6796,3032.7321657361704
6797,3032.7321657361704
6798,3032.7321657361704
6799,3032.7321657361704
6800,3032.7321657361704
6801,3032.7321657361704
6802,3032.7321657361704
6803,3032.7321657361704
6804,3032.7321657361704
6805,3032.7321657361704
6806,3032.7321657361704
6807,3032.7321657361704
6808,3032.7321657361704
6809,3032.7321657361704
6810,3032.7321657361704
6811,3032.7321657361704
6812,3032.7321657361704
6813,3032.7321657361704
6814,3032.7321657361704
6815,3032.7321657361704
6816,3032.7321657361704
6817,3032.7321657361704
6818,3032.7321657361704
6819,3032.7321657361704
6820,3032.7321657361704
6821,3032.7321657361704
6822,3032.7321657361704
6823,3032.7321657361704
6824,3032.7321657361704
6825,3032.7321657361704
6826,3032.7321657361704
6827,3031.963607582671
6828,3031.963607582671
6829,3031.963607582671
6830,3031.963607582671
6831,3031.963607582671
6832,3031.963607582671
6833,3031.963607582671
6834,3031.963607582671
6835,3031.963607582671
6836,3031.963607582671
6837,3031.963607582671
6838,3031.963607582671
6839,3031.963607582671
6840,3031.963607582671
6841,3031.963607582671
6842,3031.963607582671
6843,3031.963607582671
6844,3031.963607582671
6845,3031.963607582671
6846,3031.963607582671
6847,3031.963607582671
6848,3031.963607582671
6849,3031.963607582671
6850,3031.963607582671
6851,3031.963607582671
6852,3031.963607582671
6853,3031.963607582671
6854,3031.963607582671
6855,3031.963607582671
6856,3031.963607582671
6857,3031.963607582671
6858,3031.963607582671
6859,3031.963607582671
6860,3031.963607582671
6861,3031.963607582671
6862,3031.963607582671
6863,3031.963607582671
6864,3031.963607582671
6865,3031.963607582671
6866,3031.963607582671
6867,3031.963607582671
6868,3031.963607582671
6869,3031.963607582671
6870,3031.963607582671
6871,3031.963607582671
6872,3031.963607582671
6873,3031.963607582671
6874,3031.963607582671
6875,3031.963607582671
6876,3031.963607582671
6877,3031.3363014541137
6878,3031.3363014541137
6879,3031.3363014541137
6880,3031.3363014541137
6881,3031.3363014541137
6882,3031.3363014541137
6883,3031.3363014541137
6884,3031.3363014541137
6885,3031.3363014541137
6886,3031.3363014541137
6887,3031.3363014541137
6888,3031.3363014541137
6889,3031.3363014541137
6890,3031.3363014541137
6891,3031.3363014541137
6892,3031.3363014541137
6893,3031.3363014541137
6894,3031.3363014541137
6895,3031.3363014541137
6896,3031.3363014541137
6897,3031.3363014541137
6898,3031.3363014541137
6899,3031.3363014541137
6900,3031.3363014541137
6901,3031.3363014541137
6902,3031.3363014541137
6903,3031.3363014541137
6904,3031.3363014541137
6905,3031.3363014541137
6906,3031.3363014541137
6907,3031.3363014541137
6908,3031.3363014541137
6909,3031.3363014541137
6910,3031.3363014541137
6911,3031.3363014541137
6912,3031.3363014541137
6913,3031.3363014541137
6914,3031.3363014541137
6915,3031.3363014541137
6916,3031.3363014541137
6917,3031.3363014541137
6918,3031.3363014541137
6919,3031.3363014541137
6920,3031.3363014541137
6921,3031.3363014541137
6922,3031.3363014541137
6923,3031.3363014541137
6924,3031.3363014541137
6925,3031.3363014541137
6926,3031.3363014541137
6927,3031.3363014541137
6928,3031.3363014541137
6929,3031.3363014541137
6930,3031.3363014541137
6931,3031.3363014541137
6932,3031.3363014541137
6933,3031.3363014541137
6934,3031.3363014541137
6935,3031.3363014541137
6936,3031.3363014541137
6937,3031.3363014541137
6938,3031.3363014541137
6939,3031.3363014541137
6940,3031.3363014541137
6941,3031.3363014541137
6942,3031.3363014541137
6943,3031.3363014541137
6944,3031.3363014541137
6945,3031.3363014541137
6946,3023.4110575753666
6947,3023.4110575753666
6948,3023.4110575753666
6949,3013.6531261965074
6950,3013.6531261965074
6951,3013.6531261965074
6952,3013.6531261965074
6953,3013.6531261965074
6954,3006.624676738894
6955,3006.624676738894
6956,3006.624676738894
6957,3006.624676738894
6958,3006.624676738894
6959,3006.624676738894
6960,3006.624676738894
6961,3006.624676738894
6962,3006.624676738894
6963,3006.624676738894
6964,3006.624676738894
6965,3006.624676738894
6966,3006.624676738894
6967,3006.624676738894
6968,3006.624676738894
6969,3006.624676738894
6970,3006.624676738894
6971,3006.624676738894
6972,3006.624676738894
6973,3006.624676738894
6974,3006.624676738894
6975,3006.624676738894
6976,3006.624676738894
6977,3006.624676738894
6978,3006.624676738894
6979,3006.624676738894
6980,3006.624676738894
6981,3006.624676738894
6982,3006.624676738894
6983,3006.624676738894
6984,3006.624676738894
6985,3006.624676738894
6986,3006.624676738894
6987,3006.624676738894
6988,3006.624676738894
6989,3006.624676738894
6990,3006.624676738894
6991,3006.624676738894
6992,3006.624676738894
6993,3006.624676738894
6994,3006.624676738894
6995,3006.624676738894
6996,3006.624676738894
6997,3006.624676738894
6998,3006.624676738894
6999,3006.624676738894
7000,3006.624676738894
7001,3006.624676738894
7002,3006.624676738894
7003,3006.624676738894
7004,3006.624676738894
7005,3006.624676738894
7006,3006.624676738894
7007,3006.624676738894
7008,3006.624676738894
7009,3006.624676738894
7010,3006.624676738894
7011,2985.869924997737
7012,2985.869924997737
7013,2985.869924997737
7014,2985.869924997737
7015,2985.869924997737
7016,2985.869924997737
7017,2985.869924997737
7018,2985.869924997737
7019,2985.869924997737
7020,2985.869924997737
7021,2985.869924997737
7022,2985.869924997737
7023,2985.869924997737
7024,2985.869924997737
7025,2985.869924997737
7026,2985.869924997737
7027,2985.869924997737
7028,2985.869924997737
7029,2985.869924997737
7030,2985.869924997737
7031,2985.869924997737
7032,2985.869924997737
7033,2985.869924997737
7034,2985.869924997737
7035,2985.869924997737
7036,2985.869924997737
7037,2985.869924997737
7038,2985.869924997737
7039,2985.869924997737
7040,2985.869924997737
7041,2985.869924997737
7042,2985.869924997737
7043,2985.869924997737
7044,2985.869924997737
7045,2985.869924997737
7046,2985.869924997737
7047,2985.869924997737
7048,2985.869924997737
7049,2985.869924997737
7050,2985.869924997737
7051,2985.869924997737
7052,2985.869924997737
7053,2985.869924997737
7054,2985.869924997737
7055,2985.869924997737
7056,2985.869924997737
7057,2985.869924997737
7058,2985.869924997737
7059,2985.869924997737
7060,2985.869924997737
7061,2985.869924997737
7062,2985.869924997737
7063,2985.869924997737
7064,2985.869924997737
7065,2985.869924997737
7066,2985.869924997737
7067,2985.869924997737
7068,2985.869924997737
7069,2985.869924997737
7070,2985.869924997737
7071,2985.869924997737
7072,2985.869924997737
7073,2985.869924997737
7074,2985.869924997737
7075,2985.869924997737
7076,2985.869924997737
7077,2985.869924997737
7078,2985.869924997737
7079,2985.869924997737
7080,2985.869924997737
7081,2985.869924997737
7082,2985.869924997737
7083,2985.869924997737
7084,2985.869924997737
7085,2985.869924997737
7086,2985.869924997737
7087,2985.869924997737
7088,2985.869924997737
7089,2985.869924997737
7090,2985.869924997737
7091,2985.869924997737
7092,2985.869924997737
7093,2985.869924997737
7094,2985.869924997737
7095,2985.869924997737
7096,2985.869924997737
7097,2985.869924997737
7098,2985.869924997737
7099,2985.869924997737
7100,2985.869924997737
7101,2985.869924997737
7102,2985.869924997737
7103,2985.869924997737
7104,2985.869924997737
7105,2985.869924997737
7106,2985.869924997737
7107,2985.869924997737
7108,2985.869924997737
7109,2985.869924997737
7110,2985.869924997737
7111,2985.869924997737
7112,2985.869924997737
7113,2985.869924997737
7114,2985.869924997737
7115,2985.869924997737
7116,2985.869924997737
7117,2985.869924997737
7118,2985.869924997737
7119,2985.869924997737
7120,2985.869924997737
7121,2985.869924997737
7122,2985.869924997737
7123,2985.869924997737
7124,2985.869924997737
7125,2985.869924997737
7126,2985.869924997737
7127,2985.869924997737
7128,2985.869924997737
7129,2985.869924997737
7130,2985.869924997737
7131,2985.869924997737
7132,2985.869924997737
7133,2984.831091646054
7134,2984.831091646054
7135,2984.831091646054
7136,2984.831091646054
7137,2984.831091646054
7138,2984.831091646054
7139,2959.551676455001
7140,2959.551676455001
7141,2959.551676455001
7142,2959.551676455001
7143,2959.551676455001
7144,2959.551676455001
7145,2959.551676455001
7146,2959.551676455001
7147,2959.551676455001
7148,2959.551676455001
7149,2959.551676455001
7150,2959.551676455001
7151,2959.551676455001
7152,2959.551676455001
7153,2959.551676455001
7154,2959.551676455001
7155,2959.551676455001
7156,2959.551676455001
7157,2959.551676455001
7158,2959.551676455001
7159,2959.551676455001
7160,2959.551676455001
7161,2959.551676455001
7162,2959.551676455001
7163,2959.551676455001
7164,2959.551676455001
7165,2959.551676455001
7166,2959.551676455001
7167,2959.551676455001
7168,2959.551676455001
7169,2959.551676455001
7170,2959.551676455001
7171,2959.551676455001
7172,2959.551676455001
7173,2959.551676455001
7174,2959.551676455001
7175,2959.551676455001
7176,2959.551676455001
7177,2959.551676455001
7178,2959.551676455001
7179,2959.551676455001
7180,2959.551676455001
7181,2959.551676455001
7182,2955.565126050381
7183,2955.565126050381
7184,2955.565126050381
7185,2955.565126050381
7186,2955.565126050381
7187,2955.565126050381
7188,2955.565126050381
7189,2955.565126050381
7190,2955.565126050381
7191,2955.565126050381
7192,2955.565126050381
7193,2955.565126050381
7194,2955.565126050381
7195,2955.565126050381
7196,2955.565126050381
7197,2955.565126050381
7198,2955.565126050381
7199,2955.565126050381
7200,2955.565126050381
7201,2955.565126050381
7202,2955.565126050381
7203,2955.565126050381
7204,2955.565126050381
7205,2955.565126050381
7206,2955.565126050381
7207,2955.565126050381
7208,2955.565126050381
7209,2955.565126050381
7210,2955.565126050381
7211,2955.565126050381
7212,2955.565126050381
7213,2955.565126050381
7214,2955.565126050381
7215,2922.325729365951
7216,2922.325729365951
7217,2922.325729365951
7218,2922.325729365951
7219,2922.325729365951
7220,2922.325729365951
7221,2915.1163847165208
7222,2915.1163847165208
7223,2915.1163847165208
7224,2915.1163847165208
7225,2915.1163847165208
7226,2915.1163847165208
7227,2915.1163847165208
7228,2915.1163847165208
7229,2915.1163847165208
7230,2915.1163847165208
7231,2915.1163847165208
7232,2915.1163847165208
7233,2915.1163847165208
7234,2915.1163847165208
7235,2915.1163847165208
7236,2915.1163847165208
7237,2915.1163847165208
7238,2915.1163847165208
7239,2915.1163847165208
7240,2915.1163847165208
7241,2915.1163847165208
7242,2915.1163847165208
7243,2915.1163847165208
7244,2915.1163847165208
7245,2915.1163847165208
7246,2915.1163847165208
7247,2915.1163847165208
7248,2915.1163847165208
7249,2915.1163847165208
7250,2915.1163847165208
7251,2915.1163847165208
7252,2915.1163847165208
7253,2915.1163847165208
7254,2915.1163847165208
7255,2915.1163847165208
7256,2915.1163847165208
7257,2915.1163847165208
7258,2915.1163847165208
7259,2915.1163847165208
7260,2915.1163847165208
7261,2915.1163847165208
7262,2915.1163847165208
7263,2915.1163847165208
7264,2915.1163847165208
7265,2915.1163847165208
7266,2915.1163847165208
7267,2915.1163847165208
7268,2915.1163847165208
7269,2915.1163847165208
7270,2915.1163847165208
7271,2915.1163847165208
7272,2915.1163847165208
7273,2915.1163847165208
7274,2915.1163847165208
7275,2915.1163847165208
7276,2915.1163847165208
7277,2915.1163847165208
7278,2915.1163847165208
7279,2915.1163847165208
7280,2915.1163847165208
7281,2915.1163847165208
7282,2915.1163847165208
7283,2915.1163847165208
7284,2915.1163847165208
7285,2915.1163847165208
7286,2915.1163847165208
7287,2915.1163847165208
7288,2915.1163847165208
7289,2915.1163847165208
7290,2915.1163847165208
7291,2915.1163847165208
7292,2915.1163847165208
7293,2915.1163847165208
7294,2915.1163847165208
7295,2915.1163847165208
7296,2915.1163847165208
7297,2915.1163847165208
7298,2915.1163847165208
7299,2915.1163847165208
7300,2915.1163847165208
7301,2915.1163847165208
7302,2915.1163847165208
7303,2915.1163847165208
7304,2915.1163847165208
7305,2915.1163847165208
7306,2915.1163847165208
7307,2915.1163847165208
7308,2915.1163847165208
7309,2913.5856486918688
7310,2913.5856486918688
7311,2913.5856486918688
7312,2913.5856486918688
7313,2913.5856486918688
7314,2913.5856486918688
7315,2913.5856486918688
7316,2913.5856486918688
7317,2913.5856486918688
7318,2913.5856486918688
7319,2913.5856486918688
7320,2913.5856486918688
7321,2913.5856486918688
7322,2913.5856486918688
7323,2913.5856486918688
7324,2913.5856486918688
7325,2913.5856486918688
7326,2913.5856486918688
7327,2913.5856486918688
7328,2913.5856486918688
7329,2913.5856486918688
7330,2913.5856486918688
7331,2913.5856486918688
7332,2913.5856486918688
7333,2913.5856486918688
7334,2913.5856486918688
7335,2913.5856486918688
7336,2913.5856486918688
7337,2913.5856486918688
7338,2913.5856486918688
7339,2913.5856486918688
7340,2913.5856486918688
7341,2913.5856486918688
7342,2913.5856486918688
7343,2913.5856486918688
7344,2913.5856486918688
7345,2913.5856486918688
7346,2913.5856486918688
7347,2913.5856486918688
7348,2913.5856486918688
7349,2913.5856486918688
7350,2913.5856486918688
7351,2913.5856486918688
7352,2913.5856486918688
7353,2913.5856486918688
7354,2913.5856486918688
7355,2913.5856486918688
7356,2913.5856486918688
7357,2913.5856486918688
7358,2913.5856486918688
7359,2913.5856486918688
7360,2913.5856486918688
7361,2913.5856486918688
7362,2913.5856486918688
7363,2913.5856486918688
7364,2913.5856486918688
7365,2913.5856486918688
7366,2913.5856486918688
7367,2912.944214116267
7368,2912.944214116267
7369,2912.944214116267
7370,2912.944214116267
7371,2912.944214116267
7372,2912.944214116267
7373,2912.944214116267
7374,2912.944214116267
7375,2912.944214116267
7376,2912.944214116267
7377,2912.944214116267
7378,2912.944214116267
7379,2912.944214116267
7380,2912.944214116267
7381,2912.944214116267
7382,2912.944214116267
7383,2912.944214116267
7384,2912.944214116267
7385,2912.944214116267
7386,2912.944214116267
7387,2912.944214116267
7388,2912.944214116267
7389,2912.944214116267
7390,2912.944214116267
7391,2912.944214116267
7392,2912.944214116267
7393,2912.944214116267
7394,2912.944214116267
7395,2912.944214116267
7396,2912.944214116267
7397,2912.944214116267
7398,2912.944214116267
7399,2912.944214116267
7400,2912.944214116267
7401,2912.944214116267
7402,2912.944214116267
7403,2912.944214116267
7404,2912.944214116267
7405,2912.944214116267
7406,2912.944214116267
7407,2912.944214116267
7408,2912.944214116267
7409,2912.944214116267
7410,2912.944214116267
7411,2894.672077367147
7412,2894.672077367147
7413,2894.672077367147
7414,2894.672077367147
7415,2894.672077367147
7416,2894.672077367147
7417,2894.672077367147
7418,2894.672077367147
7419,2894.672077367147
7420,2894.672077367147
7421,2894.672077367147
7422,2894.672077367147
7423,2894.672077367147
7424,2894.672077367147
7425,2894.672077367147
7426,2894.672077367147
7427,2894.672077367147
7428,2894.672077367147
7429,2894.672077367147
7430,2894.672077367147
7431,2894.672077367147
7432,2894.672077367147
7433,2894.672077367147
7434,2894.672077367147
7435,2894.672077367147
7436,2894.672077367147
7437,2894.672077367147
7438,2894.672077367147
7439,2894.672077367147
7440,2894.672077367147
7441,2894.672077367147
7442,2894.672077367147
7443,2894.672077367147
7444,2894.672077367147
7445,2894.672077367147
7446,2894.672077367147
7447,2894.672077367147
7448,2893.609409192739
7449,2893.609409192739
7450,2893.609409192739
7451,2893.609409192739
7452,2893.609409192739
7453,2893.609409192739
7454,2893.609409192739
7455,2893.609409192739
7456,2893.609409192739
7457,2893.609409192739
7458,2893.609409192739
7459,2893.609409192739
7460,2893.609409192739
7461,2893.609409192739
7462,2893.609409192739
7463,2893.609409192739
7464,2893.609409192739
7465,2893.609409192739
7466,2893.609409192739
7467,2893.609409192739
7468,2893.609409192739
7469,2893.609409192739
7470,2893.609409192739
7471,2893.609409192739
7472,2893.609409192739
7473,2893.609409192739
7474,2893.609409192739
7475,2893.609409192739
7476,2893.609409192739
7477,2893.609409192739
7478,2893.609409192739
7479,2893.609409192739
7480,2893.609409192739
7481,2893.609409192739
7482,2893.609409192739
7483,2893.609409192739
7484,2893.609409192739
7485,2893.609409192739
7486,2893.609409192739
7487,2893.609409192739
7488,2893.609409192739
7489,2893.609409192739
7490,2893.609409192739
7491,2893.609409192739
7492,2893.609409192739
7493,2893.609409192739
7494,2893.609409192739
7495,2893.609409192739
7496,2893.609409192739
7497,2893.609409192739
7498,2893.609409192739
7499,2893.609409192739
7500,2893.609409192739
7501,2893.609409192739
7502,2893.609409192739
7503,2893.609409192739
7504,2893.609409192739
7505,2893.609409192739
7506,2893.609409192739
7507,2893.609409192739
7508,2893.609409192739
7509,2893.609409192739
7510,2893.609409192739
7511,2893.609409192739
7512,2893.609409192739
7513,2893.609409192739
7514,2893.609409192739
7515,2886.770409428145
7516,2886.770409428145
7517,2886.770409428145
7518,2886.770409428145
7519,2886.770409428145
7520,2886.770409428145
7521,2886.770409428145
7522,2886.770409428145
7523,2886.770409428145
7524,2886.770409428145
7525,2886.770409428145
7526,2886.770409428145
7527,2886.770409428145
7528,2886.770409428145
7529,2886.770409428145
7530,2886.770409428145
7531,2886.770409428145
7532,2886.770409428145
7533,2886.770409428145
7534,2886.770409428145
7535,2862.710097671222
7536,2862.710097671222
7537,2862.710097671222
7538,2862.710097671222
7539,2862.710097671222
7540,2862.710097671222
7541,2862.710097671222
7542,2862.710097671222
7543,2862.710097671222
7544,2862.710097671222
7545,2862.710097671222
7546,2862.710097671222
7547,2862.710097671222
7548,2862.710097671222
7549,2862.710097671222
7550,2862.710097671222
7551,2862.710097671222
7552,2862.710097671222
7553,2862.710097671222
7554,2862.710097671222
7555,2862.710097671222
7556,2862.710097671222
7557,2850.421411345492
7558,2850.421411345492
7559,2850.421411345492
7560,2850.421411345492
7561,2850.421411345492
7562,2850.421411345492
7563,2850.421411345492
7564,2850.421411345492
7565,2850.421411345492
7566,2850.421411345492
7567,2850.421411345492
7568,2850.421411345492
7569,2850.421411345492
7570,2850.421411345492
7571,2850.421411345492
7572,2850.421411345492
7573,2850.421411345492
7574,2850.421411345492
7575,2850.421411345492
7576,2850.421411345492
7577,2850.421411345492
7578,2850.421411345492
7579,2850.421411345492
7580,2850.421411345492
7581,2850.421411345492
7582,2850.421411345492
7583,2850.421411345492
7584,2850.421411345492
7585,2850.421411345492
7586,2850.421411345492
7587,2850.421411345492
7588,2850.421411345492
7589,2850.421411345492
7590,2850.421411345492
7591,2850.421411345492
7592,2850.421411345492
7593,2850.421411345492
7594,2850.421411345492
7595,2850.421411345492
7596,2850.421411345492
7597,2850.421411345492
7598,2850.421411345492
7599,2850.421411345492
7600,2850.421411345492
7601,2850.421411345492
7602,2850.421411345492
7603,2850.421411345492
7604,2850.421411345492
7605,2850.421411345492
7606,2850.421411345492
7607,2850.421411345492
7608,2850.421411345492
7609,2850.421411345492
7610,2850.421411345492
7611,2850.421411345492
7612,2850.421411345492
7613,2850.421411345492
7614,2850.421411345492
7615,2850.421411345492
7616,2850.421411345492
7617,2850.421411345492
7618,2850.421411345492
7619,2850.421411345492
7620,2850.421411345492
7621,2850.421411345492
7622,2850.421411345492
7623,2850.421411345492
7624,2850.421411345492
7625,2850.421411345492
7626,2850.421411345492
7627,2850.421411345492
7628,2850.421411345492
7629,2850.421411345492
7630,2850.421411345492
7631,2850.421411345492
7632,2850.421411345492
7633,2850.421411345492
7634,2850.421411345492
7635,2850.421411345492
7636,2849.9785826185066
7637,2849.9785826185066
7638,2849.9785826185066
7639,2849.9785826185066
7640,2849.9785826185066
7641,2849.9785826185066
7642,2849.9785826185066
7643,2839.7814279338027
7644,2839.7814279338027
7645,2839.7814279338027
7646,2839.7814279338027
7647,2839.7814279338027
7648,2839.7814279338027
7649,2839.7814279338027
7650,2839.7814279338027
7651,2839.7814279338027
7652,2839.7814279338027
7653,2839.7814279338027
7654,2839.7814279338027
7655,2839.7814279338027
7656,2839.7814279338027
7657,2839.7814279338027
7658,2839.7814279338027
7659,2839.7814279338027
7660,2839.7814279338027
7661,2839.7814279338027
7662,2839.7814279338027
7663,2839.7814279338027
7664,2839.7814279338027
7665,2839.7814279338027
7666,2839.7814279338027
7667,2839.7814279338027
7668,2839.7814279338027
7669,2839.7814279338027
7670,2839.7814279338027
7671,2839.7814279338027
7672,2839.7814279338027
7673,2839.7814279338027
7674,2839.7814279338027
7675,2839.7814279338027
7676,2839.7814279338027
7677,2839.7814279338027
7678,2839.7814279338027
7679,2839.7814279338027
7680,2839.7814279338027
7681,2839.7814279338027
7682,2839.7814279338027
7683,2839.7814279338027
7684,2839.7814279338027
7685,2839.7814279338027
7686,2839.7814279338027
7687,2839.7814279338027
7688,2839.7814279338027
7689,2839.7814279338027
7690,2839.7814279338027
7691,2839.7814279338027
7692,2839.7814279338027
7693,2839.7814279338027
7694,2839.7814279338027
7695,2839.7814279338027
7696,2839.7814279338027
7697,2839.7814279338027
7698,2839.7814279338027
7699,2839.7814279338027
7700,2831.181916015094
7701,2831.181916015094
7702,2831.181916015094
7703,2831.181916015094
7704,2831.181916015094
7705,2831.181916015094
7706,2831.181916015094
7707,2831.181916015094
7708,2831.181916015094
7709,2831.181916015094
7710,2831.181916015094
7711,2831.181916015094
7712,2831.181916015094
7713,2831.181916015094
7714,2831.181916015094
7715,2831.181916015094
7716,2831.181916015094
7717,2831.181916015094
7718,2831.181916015094
7719,2831.181916015094
7720,2831.181916015094
7721,2831.181916015094
7722,2831.181916015094
7723,2766.608416983308
7724,2766.608416983308
7725,2766.608416983308
7726,2766.608416983308
7727,2765.170471462651
7728,2765.170471462651
7729,2765.170471462651
7730,2765.170471462651
7731,2765.170471462651
7732,2765.170471462651
7733,2765.170471462651
7734,2765.170471462651
7735,2765.170471462651
7736,2765.170471462651
7737,2765.170471462651
7738,2765.170471462651
7739,2765.170471462651
7740,2765.170471462651
7741,2765.170471462651
7742,2765.170471462651
7743,2765.170471462651
7744,2765.170471462651
7745,2765.170471462651
7746,2765.170471462651
7747,2765.170471462651
7748,2765.170471462651
7749,2765.170471462651
7750,2765.170471462651
7751,2765.170471462651
7752,2765.170471462651
7753,2765.170471462651
7754,2765.170471462651
7755,2765.170471462651
7756,2765.170471462651
7757,2765.170471462651
7758,2765.170471462651
7759,2765.170471462651
7760,2765.170471462651
7761,2765.170471462651
7762,2742.2854606827736
7763,2742.2854606827736
7764,2742.2854606827736
7765,2742.2854606827736
7766,2742.2854606827736
7767,2742.2854606827736
7768,2742.2854606827736
7769,2742.2854606827736
7770,2742.2854606827736
7771,2742.2854606827736
7772,2742.2854606827736
7773,2742.2854606827736
7774,2742.2854606827736
7775,2742.2854606827736
7776,2742.2854606827736
7777,2742.2854606827736
7778,2742.2854606827736
7779,2742.2854606827736
7780,2742.2854606827736
7781,2742.2854606827736
7782,2742.2854606827736
7783,2742.2854606827736
7784,2742.2854606827736
7785,2742.2854606827736
7786,2742.2854606827736
7787,2742.2854606827736
7788,2742.2854606827736
7789,2742.2854606827736
7790,2742.2854606827736
7791,2742.2854606827736
7792,2742.2854606827736
7793,2742.2854606827736
7794,2742.2854606827736
7795,2742.2854606827736
7796,2742.2854606827736
7797,2742.2854606827736
7798,2742.2854606827736
7799,2742.2854606827736
7800,2742.2854606827736
7801,2742.2854606827736
7802,2742.2854606827736
7803,2742.2854606827736
7804,2742.2854606827736
7805,2742.2854606827736
7806,2742.2854606827736
7807,2742.2854606827736
7808,2742.2854606827736
7809,2742.2854606827736
7810,2742.2854606827736
7811,2742.2854606827736
7812,2742.2854606827736
7813,2742.2854606827736
7814,2742.2854606827736
7815,2742.2854606827736
7816,2742.2854606827736
7817,2742.2854606827736
7818,2742.2854606827736
7819,2742.2854606827736
7820,2742.2854606827736
7821,2742.2854606827736
7822,2742.2854606827736
7823,2742.2854606827736
7824,2742.2854606827736
7825,2742.2854606827736
7826,2742.2854606827736
7827,2742.2854606827736
7828,2742.2854606827736
7829,2742.2854606827736
7830,2742.2854606827736
7831,2742.2854606827736
7832,2742.2854606827736
7833,2742.2854606827736
7834,2742.2854606827736
7835,2739.1583422219587
7836,2739.1583422219587
7837,2739.1583422219587
7838,2739.1583422219587
7839,2739.1583422219587
7840,2739.1583422219587
7841,2739.1583422219587
7842,2739.1583422219587
7843,2739.1583422219587
7844,2739.1583422219587
7845,2739.1583422219587
7846,2739.1583422219587
7847,2739.1583422219587
7848,2739.1583422219587
7849,2739.1583422219587
7850,2739.1583422219587
7851,2739.1583422219587
7852,2739.1583422219587
7853,2739.1583422219587
7854,2739.1583422219587
7855,2739.1583422219587
7856,2739.1583422219587
7857,2739.1583422219587
7858,2739.1583422219587
7859,2739.1583422219587
7860,2739.1583422219587
7861,2739.1583422219587
7862,2739.1583422219587
7863,2739.1583422219587
7864,2739.1583422219587
7865,2739.1583422219587
7866,2739.1583422219587
7867,2739.1583422219587
7868,2739.1583422219587
7869,2739.1583422219587
7870,2739.1583422219587
7871,2739.1583422219587
7872,2739.1583422219587
7873,2739.1583422219587
7874,2739.1583422219587
7875,2739.1583422219587
7876,2739.1583422219587
7877,2739.1583422219587
7878,2739.1583422219587
7879,2739.1583422219587
7880,2739.1583422219587
7881,2739.1583422219587
7882,2739.1583422219587
7883,2739.1583422219587
7884,2739.1583422219587
7885,2739.1583422219587
7886,2739.1583422219587
7887,2739.1583422219587
7888,2739.1583422219587
7889,2739.1583422219587
7890,2739.1583422219587
7891,2739.1583422219587
7892,2739.1583422219587
7893,2739.1583422219587
7894,2739.1583422219587
7895,2739.1583422219587
7896,2739.1583422219587
7897,2739.1583422219587
7898,2739.1583422219587
7899,2739.1583422219587
7900,2739.1583422219587
7901,2739.1583422219587
7902,2739.1583422219587
7903,2739.1583422219587
7904,2739.1583422219587
7905,2739.1583422219587
7906,2739.1583422219587
7907,2739.1583422219587
7908,2739.1583422219587
7909,2703.621052712672
7910,2703.621052712672
7911,2703.621052712672
7912,2703.621052712672
7913,2703.621052712672
7914,2703.621052712672
7915,2690.092684335791
7916,2690.092684335791
7917,2690.092684335791
7918,2690.092684335791
7919,2690.092684335791
7920,2690.092684335791
7921,2690.092684335791
7922,2690.092684335791
7923,2690.092684335791
7924,2690.092684335791
7925,2690.092684335791
7926,2690.092684335791
7927,2690.092684335791
7928,2690.092684335791
7929,2690.092684335791
7930,2690.092684335791
7931,2690.092684335791
7932,2690.092684335791
7933,2690.092684335791
7934,2690.092684335791
7935,2690.092684335791
7936,2690.092684335791
7937,2690.092684335791
7938,2690.092684335791
7939,2690.092684335791
7940,2690.092684335791
7941,2690.092684335791
7942,2690.092684335791
7943,2690.092684335791
7944,2690.092684335791
7945,2690.092684335791
7946,2690.092684335791
7947,2690.092684335791
7948,2690.092684335791
7949,2690.092684335791
7950,2690.092684335791
7951,2690.092684335791
7952,2690.092684335791
7953,2690.092684335791
7954,2690.092684335791
7955,2690.092684335791
7956,2690.092684335791
7957,2690.092684335791
7958,2690.092684335791
7959,2690.092684335791
7960,2690.092684335791
7961,2690.092684335791
7962,2690.092684335791
7963,2690.092684335791
7964,2686.5254547042096
7965,2686.5254547042096
7966,2686.5254547042096
7967,2686.5254547042096
7968,2686.5254547042096
7969,2686.5254547042096
7970,2686.5254547042096
7971,2686.5254547042096
7972,2686.5254547042096
7973,2686.5254547042096
7974,2686.5254547042096
7975,2686.5254547042096
7976,2686.5254547042096
7977,2686.5254547042096
7978,2686.5254547042096
7979,2686.5254547042096
7980,2686.5254547042096
7981,2686.5254547042096
7982,2686.5254547042096
7983,2686.5254547042096
7984,2686.5254547042096
7985,2686.5254547042096
7986,2686.5254547042096
7987,2686.5254547042096
7988,2686.5254547042096
7989,2686.5254547042096
7990,2686.5254547042096
7991,2686.5254547042096
7992,2686.5254547042096
7993,2686.5254547042096
7994,2686.5254547042096
7995,2686.5254547042096
7996,2686.5254547042096
7997,2686.5254547042096
7998,2686.5254547042096
7999,2686.5254547042096
8000,2686.5254547042096
8001,2686.5254547042096
8002,2686.5254547042096
8003,2686.5254547042096
8004,2686.5254547042096
8005,2686.5254547042096
8006,2686.5254547042096
8007,2686.5254547042096
8008,2686.5254547042096
8009,2686.5254547042096
8010,2686.5254547042096
8011,2686.5254547042096
8012,2686.5254547042096
8013,2686.5254547042096
8014,2686.5254547042096
8015,2686.5254547042096
8016,2686.5254547042096
8017,2686.5254547042096
8018,2686.5254547042096
8019,2686.5254547042096
8020,2686.5254547042096
8021,2686.5254547042096
8022,2686.5254547042096
8023,2686.5254547042096
8024,2686.5254547042096
8025,2686.5254547042096
8026,2686.5254547042096
8027,2686.5254547042096
8028,2686.5254547042096
8029,2686.5254547042096
8030,2686.5254547042096
8031,2686.5254547042096
8032,2686.5254547042096
8033,2686.5254547042096
8034,2686.5254547042096
8035,2686.5254547042096
8036,2686.5254547042096
8037,2686.5254547042096
8038,2686.5254547042096
8039,2686.5254547042096
8040,2686.5254547042096
8041,2686.5254547042096
8042,2686.5254547042096
8043,2686.5254547042096
8044,2686.5254547042096
8045,2686.5254547042096
8046,2686.5254547042096
8047,2686.5254547042096
8048,2686.5254547042096
8049,2674.2015950032865
8050,2674.2015950032865
8051,2674.2015950032865
8052,2674.2015950032865
8053,2674.2015950032865
8054,2674.2015950032865
8055,2674.2015950032865
8056,2674.2015950032865
8057,2674.2015950032865
8058,2674.2015950032865
8059,2674.2015950032865
8060,2674.2015950032865
8061,2674.2015950032865
8062,2674.2015950032865
8063,2674.2015950032865
8064,2674.2015950032865
8065,2674.2015950032865
8066,2674.2015950032865
8067,2674.2015950032865
8068,2674.2015950032865
8069,2674.2015950032865
8070,2674.2015950032865
8071,2674.2015950032865
8072,2674.2015950032865
8073,2674.2015950032865
8074,2674.2015950032865
8075,2674.2015950032865
8076,2674.2015950032865
8077,2674.2015950032865
8078,2674.2015950032865
8079,2674.2015950032865
8080,2674.2015950032865
8081,2674.2015950032865
8082,2674.2015950032865
8083,2674.2015950032865
8084,2674.2015950032865
8085,2674.2015950032865
8086,2674.2015950032865
8087,2674.2015950032865
8088,2674.2015950032865
8089,2674.2015950032865
8090,2674.2015950032865
8091,2674.2015950032865
8092,2674.2015950032865
8093,2674.2015950032865
8094,2674.2015950032865
8095,2674.2015950032865
8096,2674.2015950032865
8097,2674.2015950032865
8098,2674.2015950032865
8099,2674.2015950032865
8100,2674.2015950032865
8101,2674.2015950032865
8102,2671.706842507068
8103,2671.706842507068
8104,2671.706842507068
8105,2671.706842507068
8106,2671.706842507068
8107,2671.706842507068
8108,2671.706842507068
8109,2671.706842507068
8110,2671.706842507068
8111,2671.706842507068
8112,2671.706842507068
8113,2671.706842507068
8114,2671.706842507068
8115,2671.706842507068
8116,2671.706842507068
8117,2671.706842507068
8118,2671.706842507068
8119,2671.706842507068
8120,2671.706842507068
8121,2671.706842507068
8122,2671.706842507068
8123,2671.706842507068
8124,2671.706842507068
8125,2671.706842507068
8126,2645.05969919063
8127,2645.05969919063
8128,2645.05969919063
8129,2645.05969919063
8130,2645.05969919063
8131,2645.05969919063
8132,2645.05969919063
8133,2645.05969919063
8134,2645.05969919063
8135,2645.05969919063
8136,2645.05969919063
8137,2645.05969919063
8138,2645.05969919063
8139,2645.05969919063
8140,2645.05969919063
8141,2645.05969919063
8142,2645.05969919063
8143,2645.05969919063
8144,2645.05969919063
8145,2645.05969919063
8146,2645.05969919063
8147,2645.05969919063
8148,2645.05969919063
8149,2645.05969919063
8150,2645.05969919063
8151,2645.05969919063
8152,2645.05969919063
8153,2645.05969919063
8154,2645.05969919063
8155,2645.05969919063
8156,2645.05969919063
8157,2645.05969919063
8158,2645.05969919063
8159,2645.05969919063
8160,2645.05969919063
8161,2645.05969919063
8162,2645.05969919063
8163,2645.05969919063
8164,2645.05969919063
8165,2645.05969919063
8166,2645.05969919063
8167,2645.05969919063
8168,2645.05969919063
8169,2645.05969919063
8170,2645.05969919063
8171,2645.05969919063
8172,2645.05969919063
8173,2645.05969919063
8174,2645.05969919063
8175,2645.05969919063
8176,2645.05969919063
8177,2645.05969919063
8178,2645.05969919063
8179,2645.05969919063
8180,2645.05969919063
8181,2645.05969919063
8182,2645.05969919063
8183,2645.05969919063
8184,2645.05969919063
8185,2645.05969919063
8186,2645.05969919063
8187,2645.05969919063
8188,2645.05969919063
8189,2645.05969919063
8190,2645.05969919063
8191,2645.05969919063
8192,2645.05969919063
8193,2645.05969919063
8194,2645.05969919063
8195,2645.05969919063
8196,2645.05969919063
8197,2645.05969919063
8198,2645.05969919063
8199,2645.05969919063
8200,2645.05969919063
8201,2645.05969919063
8202,2645.05969919063
8203,2645.05969919063
8204,2645.05969919063
8205,2645.05969919063
8206,2645.05969919063
8207,2645.05969919063
8208,2645.05969919063
8209,2645.05969919063
8210,2645.05969919063
8211,2645.05969919063
8212,2645.05969919063
8213,2645.05969919063
8214,2645.05969919063
8215,2645.05969919063
8216,2645.05969919063
8217,2645.05969919063
8218,2640.6474486003676
8219,2640.6474486003676
8220,2640.6474486003676
8221,2640.6474486003676
8222,2640.6474486003676
8223,2640.6474486003676
8224,2640.6474486003676
8225,2640.6474486003676
8226,2640.6474486003676
8227,2640.6474486003676
8228,2640.6474486003676
8229,2640.6474486003676
8230,2640.6474486003676
8231,2640.6474486003676
8232,2640.6474486003676
8233,2640.6474486003676
8234,2640.6474486003676
8235,2640.6474486003676
8236,2640.6474486003676
8237,2640.6474486003676
8238,2640.6474486003676
8239,2640.6474486003676
8240,2640.6474486003676
8241,2640.6474486003676
8242,2640.6474486003676
8243,2640.6474486003676
8244,2640.6474486003676
8245,2640.6474486003676
8246,2640.6474486003676
8247,2640.6474486003676
8248,2640.6474486003676
8249,2640.6474486003676
8250,2640.6474486003676
8251,2640.6474486003676
8252,2640.6474486003676
8253,2640.6474486003676
8254,2640.6474486003676
8255,2640.6474486003676
8256,2640.6474486003676
8257,2640.6474486003676
8258,2640.6474486003676
8259,2640.6474486003676
8260,2640.6474486003676
8261,2640.6474486003676
8262,2640.6474486003676
8263,2640.6474486003676
8264,2640.6474486003676
8265,2640.6474486003676
8266,2640.6474486003676
8267,2640.6474486003676
8268,2640.6474486003676
8269,2640.6474486003676
8270,2640.6474486003676
8271,2640.6474486003676
8272,2640.6474486003676
8273,2640.6474486003676
8274,2640.6474486003676
8275,2640.6474486003676
8276,2640.6474486003676
8277,2640.6474486003676
8278,2640.6474486003676
8279,2640.6474486003676
8280,2640.6474486003676
8281,2640.6474486003676
8282,2640.6474486003676
8283,2640.6474486003676
8284,2640.6474486003676
8285,2640.6474486003676
8286,2640.6474486003676
8287,2640.6474486003676
8288,2640.6474486003676
8289,2640.6474486003676
8290,2640.6474486003676
8291,2640.6474486003676
8292,2640.6474486003676
8293,2640.6474486003676
8294,2640.6474486003676
8295,2640.6474486003676
8296,2640.6474486003676
8297,2640.6474486003676
8298,2640.6474486003676
8299,2640.6474486003676
8300,2640.6474486003676
8301,2640.6474486003676
8302,2640.6474486003676
8303,2640.6474486003676
8304,2640.6474486003676
8305,2640.6474486003676
8306,2640.6474486003676
8307,2640.6474486003676
8308,2640.6474486003676
8309,2640.6474486003676
8310,2640.6474486003676
8311,2640.6474486003676
8312,2640.6474486003676
8313,2640.6474486003676
8314,2640.6474486003676
8315,2640.6474486003676
8316,2640.6474486003676
8317,2640.6474486003676
8318,2640.6474486003676
8319,2640.6474486003676
8320,2640.6474486003676
8321,2640.6474486003676
8322,2640.6474486003676
8323,2640.6474486003676
8324,2640.6474486003676
8325,2640.6474486003676
8326,2640.6474486003676
8327,2640.6474486003676
8328,2640.6474486003676
8329,2640.6474486003676
8330,2640.6474486003676
8331,2640.6474486003676
8332,2640.6474486003676
8333,2640.6474486003676
8334,2640.6474486003676
8335,2640.6474486003676
8336,2640.6474486003676
8337,2640.6474486003676
8338,2640.6474486003676
8339,2640.6474486003676
8340,2640.6474486003676
8341,2640.6474486003676
8342,2640.6474486003676
8343,2640.6474486003676
8344,2636.927842537738
8345,2636.927842537738
8346,2636.927842537738
8347,2636.927842537738
8348,2636.927842537738
8349,2636.927842537738
8350,2636.927842537738
8351,2636.927842537738
8352,2636.927842537738
8353,2636.927842537738
8354,2636.927842537738
8355,2636.927842537738
8356,2636.927842537738
8357,2636.927842537738
8358,2636.927842537738
8359,2636.927842537738
8360,2636.927842537738
8361,2636.927842537738
8362,2636.927842537738
8363,2636.927842537738
8364,2636.927842537738
8365,2636.927842537738
8366,2636.927842537738
8367,2636.927842537738
8368,2636.927842537738
8369,2636.927842537738
8370,2636.927842537738
8371,2636.927842537738
8372,2636.927842537738
8373,2636.927842537738
8374,2636.927842537738
8375,2636.927842537738
8376,2636.927842537738
8377,2636.927842537738
8378,2636.927842537738
8379,2636.927842537738
8380,2636.927842537738
8381,2636.927842537738
8382,2636.927842537738
8383,2636.927842537738
8384,2636.927842537738
8385,2636.927842537738
8386,2636.927842537738
8387,2636.927842537738
8388,2636.927842537738
8389,2636.927842537738
8390,2636.927842537738
8391,2636.927842537738
8392,2636.927842537738
8393,2636.927842537738
8394,2636.927842537738
8395,2636.927842537738
8396,2636.927842537738
8397,2636.927842537738
8398,2636.927842537738
8399,2636.927842537738
8400,2636.927842537738
8401,2636.927842537738
8402,2636.927842537738
8403,2636.927842537738
8404,2636.927842537738
8405,2636.927842537738
8406,2615.639437074555
8407,2615.639437074555
8408,2615.639437074555
8409,2615.639437074555
8410,2615.639437074555
8411,2615.639437074555
8412,2615.639437074555
8413,2615.639437074555
8414,2615.639437074555
8415,2615.639437074555
8416,2615.639437074555
8417,2615.639437074555
8418,2615.639437074555
8419,2615.639437074555
8420,2615.639437074555
8421,2615.639437074555
8422,2615.639437074555
8423,2615.639437074555
8424,2615.639437074555
8425,2615.639437074555
8426,2615.639437074555
8427,2615.639437074555
8428,2615.639437074555
8429,2615.639437074555
8430,2615.639437074555
8431,2615.639437074555
8432,2615.639437074555
8433,2615.639437074555
8434,2615.639437074555
8435,2615.639437074555
8436,2615.639437074555
8437,2615.639437074555
8438,2615.639437074555
8439,2615.639437074555
8440,2615.639437074555
8441,2615.639437074555
8442,2615.639437074555
8443,2615.639437074555
8444,2615.639437074555
8445,2615.639437074555
8446,2615.639437074555
8447,2615.639437074555
8448,2615.639437074555
8449,2615.639437074555
8450,2615.639437074555
8451,2615.639437074555
8452,2615.639437074555
8453,2615.639437074555
8454,2615.639437074555
8455,2615.639437074555
8456,2615.639437074555
8457,2615.639437074555
8458,2615.639437074555
8459,2615.639437074555
8460,2615.639437074555
8461,2615.639437074555
8462,2615.639437074555
8463,2615.639437074555
8464,2615.639437074555
8465,2615.639437074555
8466,2615.639437074555
8467,2615.639437074555
8468,2615.639437074555
8469,2615.639437074555
8470,2615.639437074555
8471,2615.639437074555
8472,2615.639437074555
8473,2615.639437074555
8474,2615.639437074555
8475,2615.639437074555
8476,2615.639437074555
8477,2615.639437074555
8478,2615.639437074555
8479,2615.639437074555
8480,2615.639437074555
8481,2615.639437074555
8482,2615.639437074555
8483,2615.639437074555
8484,2615.639437074555
8485,2615.639437074555
8486,2615.639437074555
8487,2615.639437074555
8488,2615.639437074555
8489,2615.639437074555
8490,2615.639437074555
8491,2615.639437074555
8492,2615.639437074555
8493,2615.639437074555
8494,2615.639437074555
8495,2615.639437074555
8496,2615.639437074555
8497,2615.639437074555
8498,2615.639437074555
8499,2615.639437074555
8500,2615.639437074555
8501,2615.639437074555
8502,2615.639437074555
8503,2615.639437074555
8504,2615.639437074555
8505,2615.639437074555
8506,2615.639437074555
8507,2615.639437074555
8508,2615.639437074555
8509,2615.639437074555
8510,2615.639437074555
8511,2615.639437074555
8512,2615.639437074555
8513,2615.639437074555
8514,2615.639437074555
8515,2615.639437074555
8516,2615.639437074555
8517,2615.639437074555
8518,2615.639437074555
8519,2615.639437074555
8520,2615.639437074555
8521,2615.639437074555
8522,2615.639437074555
8523,2615.639437074555
8524,2615.639437074555
8525,2615.639437074555
8526,2615.639437074555
8527,2615.639437074555
8528,2615.639437074555
8529,2615.639437074555
8530,2615.639437074555
8531,2615.639437074555
8532,2615.639437074555
8533,2615.639437074555
8534,2615.639437074555
8535,2615.639437074555
8536,2615.639437074555
8537,2615.639437074555
8538,2615.639437074555
8539,2615.639437074555
8540,2615.639437074555
8541,2615.639437074555
8542,2615.639437074555
8543,2615.639437074555
8544,2615.639437074555
8545,2615.639437074555
8546,2615.639437074555
8547,2615.639437074555
8548,2615.639437074555
8549,2615.639437074555
8550,2615.639437074555
8551,2615.639437074555
8552,2615.639437074555
8553,2615.639437074555
8554,2615.639437074555
8555,2615.639437074555
8556,2615.639437074555
8557,2615.639437074555
8558,2615.639437074555
8559,2615.639437074555
8560,2615.639437074555
8561,2615.639437074555
8562,2615.639437074555
8563,2615.639437074555
8564,2615.639437074555
8565,2615.639437074555
8566,2615.639437074555
8567,2615.639437074555
8568,2615.639437074555
8569,2615.639437074555
8570,2615.639437074555
8571,2615.639437074555
8572,2615.639437074555
8573,2615.639437074555
8574,2615.639437074555
8575,2615.639437074555
8576,2610.836716704721
8577,2610.836716704721
8578,2610.836716704721
8579,2610.836716704721
8580,2610.836716704721
8581,2610.836716704721
8582,2610.836716704721
8583,2610.836716704721
8584,2610.836716704721
8585,2610.836716704721
8586,2610.836716704721
8587,2610.836716704721
8588,2610.836716704721
8589,2610.836716704721
8590,2610.836716704721
8591,2610.836716704721
8592,2610.836716704721
8593,2610.836716704721
8594,2610.836716704721
8595,2610.836716704721
8596,2610.836716704721
8597,2610.836716704721
8598,2610.836716704721
8599,2610.836716704721
8600,2610.836716704721
8601,2610.836716704721
8602,2610.836716704721
8603,2610.836716704721
8604,2610.836716704721
8605,2610.836716704721
8606,2610.836716704721
8607,2610.836716704721
8608,2610.836716704721
8609,2610.836716704721
8610,2610.836716704721
8611,2610.836716704721
8612,2610.836716704721
8613,2610.836716704721
8614,2610.836716704721
8615,2610.836716704721
8616,2610.836716704721
8617,2610.836716704721
8618,2610.836716704721
8619,2610.836716704721
8620,2610.836716704721
8621,2610.836716704721
8622,2610.836716704721
8623,2610.836716704721
8624,2610.836716704721
8625,2610.836716704721
8626,2610.836716704721
8627,2610.836716704721
8628,2610.836716704721
8629,2610.836716704721
8630,2610.836716704721
8631,2610.836716704721
8632,2610.836716704721
8633,2610.836716704721
8634,2610.836716704721
8635,2610.836716704721
8636,2610.836716704721
8637,2610.836716704721
8638,2610.836716704721
8639,2610.836716704721
8640,2610.836716704721
8641,2610.836716704721
8642,2610.836716704721
8643,2610.836716704721
8644,2610.836716704721
8645,2610.836716704721
8646,2610.836716704721
8647,2610.836716704721
8648,2610.836716704721
8649,2610.836716704721
8650,2610.836716704721
8651,2610.836716704721
8652,2610.836716704721
8653,2610.836716704721
8654,2610.836716704721
8655,2610.836716704721
8656,2610.836716704721
8657,2610.836716704721
8658,2610.836716704721
8659,2610.836716704721
8660,2610.836716704721
8661,2610.836716704721
8662,2610.836716704721
8663,2610.836716704721
8664,2610.836716704721
8665,2610.836716704721
8666,2610.836716704721
8667,2610.836716704721
8668,2610.836716704721
8669,2610.836716704721
8670,2610.836716704721
8671,2610.836716704721
8672,2610.836716704721
8673,2610.836716704721
8674,2610.836716704721
8675,2610.836716704721
8676,2610.836716704721
8677,2610.836716704721
8678,2610.836716704721
8679,2610.836716704721
8680,2610.836716704721
8681,2610.836716704721
8682,2610.836716704721
8683,2610.836716704721
8684,2610.836716704721
8685,2610.836716704721
8686,2610.836716704721
8687,2610.836716704721
8688,2608.381403887526
8689,2608.381403887526
8690,2608.381403887526
8691,2608.381403887526
8692,2608.381403887526
8693,2608.381403887526
8694,2597.0324548125113
8695,2597.0324548125113
8696,2597.0324548125113
8697,2597.0324548125113
8698,2597.0324548125113
8699,2597.0324548125113
8700,2597.0324548125113
8701,2597.0324548125113
8702,2597.0324548125113
8703,2597.0324548125113
8704,2597.0324548125113
8705,2597.0324548125113
8706,2597.0324548125113
8707,2597.0324548125113
8708,2597.0324548125113
8709,2597.0324548125113
8710,2597.0324548125113
8711,2597.0324548125113
8712,2597.0324548125113
8713,2597.0324548125113
8714,2597.0324548125113
8715,2597.0324548125113
8716,2597.0324548125113
8717,2597.0324548125113
8718,2597.0324548125113
8719,2597.0324548125113
8720,2597.0324548125113
8721,2597.0324548125113
8722,2597.0324548125113
8723,2597.0324548125113
8724,2597.0324548125113
8725,2597.0324548125113
8726,2597.0324548125113
8727,2597.0324548125113
8728,2597.0324548125113
8729,2597.0324548125113
8730,2597.0324548125113
8731,2597.0324548125113
8732,2597.0324548125113
8733,2597.0324548125113
8734,2597.0324548125113
8735,2597.0324548125113
8736,2597.0324548125113
8737,2597.0324548125113
8738,2597.0324548125113
8739,2597.0324548125113
8740,2597.0324548125113
8741,2597.0324548125113
8742,2597.0324548125113
8743,2597.0324548125113
8744,2597.0324548125113
8745,2597.0324548125113
8746,2597.0324548125113
8747,2597.0324548125113
8748,2597.0324548125113
8749,2597.0324548125113
8750,2597.0324548125113
8751,2597.0324548125113
8752,2597.0324548125113
8753,2597.0324548125113
8754,2597.0324548125113
8755,2597.0324548125113
8756,2597.0324548125113
8757,2597.0324548125113
8758,2597.0324548125113
8759,2597.0324548125113
8760,2597.0324548125113
8761,2597.0324548125113
8762,2597.0324548125113
8763,2597.0324548125113
8764,2597.0324548125113
8765,2597.0324548125113
8766,2597.0324548125113
8767,2597.0324548125113
8768,2597.0324548125113
8769,2597.0324548125113
8770,2597.0324548125113
8771,2597.0324548125113
8772,2597.0324548125113
8773,2597.0324548125113
8774,2597.0324548125113
8775,2597.0324548125113
8776,2597.0324548125113
8777,2597.0324548125113
8778,2597.0324548125113
8779,2597.0324548125113
8780,2597.0324548125113
8781,2597.0324548125113
8782,2597.0324548125113
8783,2592.031367183611
8784,2592.031367183611
8785,2592.031367183611
8786,2592.031367183611
8787,2592.031367183611
8788,2592.031367183611
8789,2592.031367183611
8790,2592.031367183611
8791,2592.031367183611
8792,2592.031367183611
8793,2592.031367183611
8794,2592.031367183611
8795,2592.031367183611
8796,2592.031367183611
8797,2592.031367183611
8798,2592.031367183611
8799,2592.031367183611
8800,2592.031367183611
8801,2592.031367183611
8802,2592.031367183611
8803,2592.031367183611
8804,2592.031367183611
8805,2592.031367183611
8806,2592.031367183611
8807,2592.031367183611
8808,2592.031367183611
8809,2592.031367183611
8810,2592.031367183611
8811,2592.031367183611
8812,2592.031367183611
8813,2592.031367183611
8814,2592.031367183611
8815,2592.031367183611
8816,2592.031367183611
8817,2592.031367183611
8818,2592.031367183611
8819,2592.031367183611
8820,2592.031367183611
8821,2592.031367183611
8822,2592.031367183611
8823,2592.031367183611
8824,2592.031367183611
8825,2592.031367183611
8826,2592.031367183611
8827,2592.031367183611
8828,2592.031367183611
8829,2592.031367183611
8830,2592.031367183611
8831,2592.031367183611
8832,2592.031367183611
8833,2592.031367183611
8834,2592.031367183611
8835,2592.031367183611
8836,2592.031367183611
8837,2592.031367183611
8838,2592.031367183611
8839,2592.031367183611
8840,2592.031367183611
8841,2592.031367183611
8842,2592.031367183611
8843,2592.031367183611
8844,2592.031367183611
8845,2592.031367183611
8846,2592.031367183611
8847,2592.031367183611
8848,2592.031367183611
8849,2592.031367183611
8850,2592.031367183611
8851,2592.031367183611
8852,2592.031367183611
8853,2592.031367183611
8854,2592.031367183611
8855,2592.031367183611
8856,2592.031367183611
8857,2592.031367183611
8858,2592.031367183611
8859,2592.031367183611
8860,2592.031367183611
8861,2592.031367183611
8862,2592.031367183611
8863,2587.9248823974076
8864,2587.9248823974076
8865,2587.9248823974076
8866,2587.9248823974076
8867,2587.9248823974076
8868,2587.9248823974076
8869,2587.9248823974076
8870,2587.9248823974076
8871,2587.9248823974076
8872,2587.9248823974076
8873,2587.9248823974076
8874,2587.9248823974076
8875,2587.9248823974076
8876,2587.9248823974076
8877,2587.9248823974076
8878,2587.9248823974076
8879,2587.9248823974076
8880,2587.9248823974076
8881,2587.9248823974076
8882,2587.9248823974076
8883,2587.9248823974076
8884,2587.9248823974076
8885,2587.9248823974076
8886,2587.9248823974076
8887,2587.9248823974076
8888,2587.9248823974076
8889,2587.9248823974076
8890,2587.9248823974076
8891,2587.9248823974076
8892,2587.9248823974076
8893,2587.9248823974076
8894,2587.9248823974076
8895,2564.3434743667744
8896,2564.3434743667744
8897,2564.3434743667744
8898,2564.3434743667744
8899,2564.3434743667744
8900,2564.3434743667744
8901,2564.3434743667744
8902,2564.3434743667744
8903,2564.3434743667744
8904,2564.3434743667744
8905,2564.3434743667744
8906,2564.3434743667744
8907,2564.3434743667744
8908,2564.3434743667744
8909,2564.3434743667744
8910,2564.3434743667744
8911,2564.3434743667744
8912,2564.3434743667744
8913,2564.3434743667744
8914,2564.3434743667744
8915,2564.3434743667744
8916,2564.3434743667744
8917,2564.3434743667744
8918,2564.3434743667744
8919,2564.3434743667744
8920,2564.3434743667744
8921,2564.3434743667744
8922,2564.3434743667744
8923,2564.3434743667744
8924,2564.3434743667744
8925,2564.3434743667744
8926,2564.3434743667744
8927,2564.3434743667744
8928,2564.3434743667744
8929,2564.3434743667744
8930,2564.3434743667744
8931,2564.3434743667744
8932,2564.3434743667744
8933,2564.3434743667744
8934,2564.3434743667744
8935,2564.3434743667744
8936,2564.3434743667744
8937,2564.3434743667744
8938,2564.3434743667744
8939,2564.3434743667744
8940,2564.3434743667744
8941,2564.3434743667744
8942,2564.3434743667744
8943,2564.3434743667744
8944,2564.3434743667744
8945,2564.3434743667744
8946,2564.3434743667744
8947,2564.3434743667744
8948,2564.3434743667744
8949,2564.3434743667744
8950,2564.3434743667744
8951,2564.3434743667744
8952,2564.3434743667744
8953,2564.3434743667744
8954,2564.3434743667744
8955,2564.3434743667744
8956,2564.3434743667744
8957,2564.3434743667744
8958,2564.3434743667744
8959,2564.3434743667744
8960,2564.3434743667744
8961,2564.3434743667744
8962,2564.3434743667744
8963,2564.3434743667744
8964,2564.3434743667744
8965,2564.3434743667744
8966,2564.3434743667744
8967,2564.3434743667744
8968,2564.3434743667744
8969,2564.3434743667744
8970,2564.3434743667744
8971,2564.3434743667744
8972,2564.3434743667744
8973,2564.3434743667744
8974,2564.3434743667744
8975,2564.3434743667744
8976,2564.3434743667744
8977,2564.3434743667744
8978,2564.3434743667744
8979,2564.3434743667744
8980,2564.3434743667744
8981,2564.3434743667744
8982,2564.3434743667744
8983,2564.3434743667744
8984,2564.3434743667744
8985,2564.3434743667744
8986,2564.3434743667744
8987,2564.3434743667744
8988,2564.3434743667744
8989,2544.330778648164
8990,2544.330778648164
8991,2544.330778648164
8992,2544.330778648164
8993,2544.330778648164
8994,2544.330778648164
8995,2544.330778648164
8996,2544.330778648164
8997,2544.330778648164
8998,2544.330778648164
8999,2544.330778648164
9000,2544.330778648164
9001,2544.330778648164
9002,2544.330778648164
9003,2544.330778648164
9004,2544.330778648164
9005,2544.330778648164
9006,2544.330778648164
9007,2544.330778648164
9008,2544.330778648164
9009,2544.330778648164
9010,2544.330778648164
9011,2544.330778648164
9012,2544.330778648164
9013,2544.330778648164
9014,2544.330778648164
9015,2544.330778648164
9016,2544.330778648164
9017,2544.330778648164
9018,2544.330778648164
9019,2544.330778648164
9020,2544.330778648164
9021,2544.330778648164
9022,2544.330778648164
9023,2544.330778648164
9024,2544.330778648164
9025,2544.330778648164
9026,2544.330778648164
9027,2544.330778648164
9028,2544.330778648164
9029,2544.330778648164
9030,2544.330778648164
9031,2544.330778648164
9032,2544.330778648164
9033,2544.330778648164
9034,2544.330778648164
9035,2544.330778648164
9036,2544.330778648164
9037,2544.330778648164
9038,2544.330778648164
9039,2544.330778648164
9040,2544.330778648164
9041,2544.330778648164
9042,2544.330778648164
9043,2544.330778648164
9044,2544.330778648164
9045,2544.330778648164
9046,2544.330778648164
9047,2544.330778648164
9048,2544.330778648164
9049,2544.330778648164
9050,2544.330778648164
9051,2544.330778648164
9052,2544.330778648164
9053,2544.330778648164
9054,2544.330778648164
9055,2544.330778648164
9056,2544.330778648164
9057,2544.330778648164
9058,2544.330778648164
9059,2544.330778648164
9060,2544.330778648164
9061,2544.330778648164
9062,2544.330778648164
9063,2544.330778648164
9064,2544.330778648164
9065,2544.330778648164
9066,2544.330778648164
9067,2544.330778648164
9068,2544.330778648164
9069,2544.330778648164
9070,2544.330778648164
9071,2544.330778648164
9072,2544.330778648164
9073,2544.330778648164
9074,2544.330778648164
9075,2544.330778648164
9076,2544.330778648164
9077,2544.330778648164
9078,2544.330778648164
9079,2544.330778648164
9080,2544.330778648164
9081,2544.330778648164
9082,2544.330778648164
9083,2544.330778648164
9084,2544.330778648164
9085,2544.330778648164
9086,2544.330778648164
9087,2544.330778648164
9088,2544.330778648164
9089,2544.330778648164
9090,2544.330778648164
9091,2544.330778648164
9092,2512.3421318540472
9093,2512.3421318540472
9094,2512.3421318540472
9095,2512.3421318540472
9096,2512.3421318540472
9097,2512.3421318540472
9098,2512.3421318540472
9099,2512.3421318540472
9100,2512.3421318540472
9101,2512.3421318540472
9102,2512.3421318540472
9103,2512.3421318540472
9104,2512.3421318540472
9105,2512.3421318540472
9106,2512.3421318540472
9107,2512.3421318540472
9108,2512.3421318540472
9109,2512.3421318540472
9110,2512.3421318540472
9111,2512.3421318540472
9112,2512.3421318540472
9113,2512.3421318540472
9114,2512.3421318540472
9115,2512.3421318540472
9116,2512.3421318540472
9117,2512.3421318540472
9118,2512.3421318540472
9119,2512.3421318540472
9120,2512.3421318540472
9121,2512.3421318540472
9122,2512.3421318540472
9123,2512.3421318540472
9124,2512.3421318540472
9125,2512.3421318540472
9126,2512.3421318540472
9127,2512.3421318540472
9128,2512.3421318540472
9129,2512.3421318540472
9130,2512.3421318540472
9131,2512.3421318540472
9132,2512.3421318540472
9133,2512.3421318540472
9134,2512.3421318540472
9135,2512.3421318540472
9136,2512.3421318540472
9137,2512.3421318540472
9138,2512.3421318540472
9139,2512.3421318540472
9140,2512.3421318540472
9141,2512.3421318540472
9142,2512.3421318540472
9143,2512.3421318540472
9144,2512.3421318540472
9145,2512.3421318540472
9146,2512.3421318540472
9147,2512.3421318540472
9148,2512.3421318540472
9149,2512.3421318540472
9150,2512.3421318540472
9151,2512.3421318540472
9152,2512.3421318540472
9153,2512.3421318540472
9154,2512.3421318540472
9155,2512.3421318540472
9156,2512.3421318540472
9157,2512.3421318540472
9158,2512.3421318540472
9159,2512.3421318540472
9160,2512.3421318540472
9161,2512.3421318540472
9162,2512.3421318540472
9163,2512.3421318540472
9164,2512.3421318540472
9165,2512.3421318540472
9166,2512.3421318540472
9167,2512.3421318540472
9168,2512.3421318540472
9169,2512.3421318540472
9170,2512.3421318540472
9171,2512.3421318540472
9172,2512.3421318540472
9173,2512.3421318540472
9174,2512.3421318540472
9175,2512.3421318540472
9176,2512.3421318540472
9177,2512.3421318540472
9178,2512.3421318540472
9179,2512.3421318540472
9180,2512.3421318540472
9181,2512.3421318540472
9182,2512.3421318540472
9183,2512.3421318540472
9184,2512.3421318540472
9185,2512.3421318540472
9186,2512.3421318540472
9187,2512.3421318540472
9188,2512.3421318540472
9189,2512.3421318540472
9190,2512.3421318540472
9191,2512.3421318540472
9192,2512.3421318540472
9193,2512.3421318540472
9194,2512.3421318540472
9195,2512.3421318540472
9196,2512.3421318540472
9197,2512.3421318540472
9198,2512.3421318540472
9199,2512.3421318540472
9200,2512.3421318540472
9201,2512.3421318540472
9202,2512.3421318540472
9203,2512.3421318540472
9204,2512.3421318540472
9205,2512.3421318540472
9206,2512.3421318540472
9207,2512.3421318540472
9208,2512.3421318540472
9209,2512.3421318540472
9210,2512.3421318540472
9211,2512.3421318540472
9212,2512.3421318540472
9213,2512.3421318540472
9214,2512.3421318540472
9215,2512.3421318540472
9216,2512.3421318540472
9217,2512.3421318540472
9218,2512.3421318540472
9219,2512.3421318540472
9220,2512.3421318540472
9221,2512.3421318540472
9222,2512.3421318540472
9223,2512.3421318540472
9224,2512.3421318540472
9225,2512.3421318540472
9226,2512.3421318540472
9227,2512.3421318540472
9228,2512.3421318540472
9229,2512.3421318540472
9230,2512.3421318540472
9231,2512.3421318540472
9232,2512.3421318540472
9233,2512.3421318540472
9234,2512.3421318540472
9235,2512.3421318540472
9236,2512.3421318540472
9237,2512.3421318540472
9238,2512.3421318540472
9239,2512.3421318540472
9240,2512.3421318540472
9241,2512.3421318540472
9242,2512.3421318540472
9243,2512.3421318540472
9244,2512.3421318540472
9245,2512.3421318540472
9246,2512.3421318540472
9247,2512.3421318540472
9248,2512.3421318540472
9249,2512.3421318540472
9250,2512.3421318540472
9251,2512.3421318540472
9252,2512.3421318540472
9253,2512.3421318540472
9254,2512.3421318540472
9255,2512.3421318540472
9256,2512.3421318540472
9257,2512.3421318540472
9258,2512.3421318540472
9259,2512.3421318540472
9260,2512.3421318540472
9261,2510.367560698194
9262,2510.367560698194
9263,2510.367560698194
9264,2510.367560698194
9265,2510.367560698194
9266,2510.367560698194
9267,2510.367560698194
9268,2510.367560698194
9269,2510.367560698194
9270,2510.367560698194
9271,2510.367560698194
9272,2510.367560698194
9273,2510.367560698194
9274,2510.367560698194
9275,2510.367560698194
9276,2510.367560698194
9277,2510.367560698194
9278,2510.367560698194
9279,2510.367560698194
9280,2510.367560698194
9281,2510.367560698194
9282,2510.367560698194
9283,2510.367560698194
9284,2510.367560698194
9285,2510.367560698194
9286,2510.367560698194
9287,2510.367560698194
9288,2510.367560698194
9289,2510.367560698194
9290,2510.367560698194
9291,2510.367560698194
9292,2510.367560698194
9293,2510.367560698194
9294,2510.367560698194
9295,2510.367560698194
9296,2510.367560698194
9297,2510.367560698194
9298,2510.367560698194
9299,2510.367560698194
9300,2510.367560698194
9301,2510.367560698194
9302,2510.367560698194
9303,2510.367560698194
9304,2510.367560698194
9305,2510.367560698194
9306,2510.367560698194
9307,2510.367560698194
9308,2510.367560698194
9309,2510.367560698194
9310,2510.367560698194
9311,2510.367560698194
9312,2510.367560698194
9313,2510.367560698194
9314,2510.367560698194
9315,2510.367560698194
9316,2510.367560698194
9317,2510.367560698194
9318,2510.367560698194
9319,2510.367560698194
9320,2510.367560698194
9321,2510.367560698194
9322,2510.367560698194
9323,2510.367560698194
9324,2510.367560698194
9325,2510.367560698194
9326,2510.367560698194
9327,2510.367560698194
9328,2510.367560698194
9329,2510.367560698194
9330,2510.367560698194
9331,2510.367560698194
9332,2510.367560698194
9333,2510.367560698194
9334,2510.367560698194
9335,2510.367560698194
9336,2510.367560698194
9337,2510.367560698194
9338,2510.367560698194
9339,2510.367560698194
9340,2510.367560698194
9341,2510.367560698194
9342,2510.367560698194
9343,2510.367560698194
9344,2510.367560698194
9345,2510.367560698194
9346,2510.367560698194
9347,2510.367560698194
9348,2510.367560698194
9349,2510.367560698194
9350,2510.367560698194
9351,2510.367560698194
9352,2510.367560698194
9353,2510.367560698194
9354,2510.367560698194
9355,2510.367560698194
9356,2510.367560698194
9357,2510.367560698194
9358,2510.367560698194
9359,2510.367560698194
9360,2510.367560698194
9361,2510.367560698194
9362,2510.367560698194
9363,2510.367560698194
9364,2510.367560698194
9365,2510.367560698194
9366,2510.367560698194
9367,2510.367560698194
9368,2510.367560698194
9369,2510.367560698194
9370,2510.367560698194
9371,2510.367560698194
9372,2510.367560698194
9373,2510.367560698194
9374,2510.367560698194
9375,2510.367560698194
9376,2510.367560698194
9377,2510.367560698194
9378,2510.367560698194
9379,2510.367560698194
9380,2510.367560698194
9381,2510.367560698194
9382,2510.367560698194
9383,2510.367560698194
9384,2510.367560698194
9385,2510.367560698194
9386,2510.367560698194
9387,2510.367560698194
9388,2510.367560698194
9389,2510.367560698194
9390,2510.367560698194
9391,2510.367560698194
9392,2510.367560698194
9393,2510.367560698194
9394,2510.367560698194
9395,2510.367560698194
9396,2510.367560698194
9397,2510.367560698194
9398,2510.367560698194
9399,2510.367560698194
9400,2510.367560698194
9401,2510.367560698194
9402,2510.367560698194
9403,2510.367560698194
9404,2510.367560698194
9405,2510.367560698194
9406,2510.367560698194
9407,2510.367560698194
9408,2510.367560698194
9409,2510.367560698194
9410,2510.367560698194
9411,2510.367560698194
9412,2510.367560698194
9413,2510.367560698194
9414,2510.367560698194
9415,2510.367560698194
9416,2510.367560698194
9417,2510.367560698194
9418,2510.367560698194
9419,2510.367560698194
9420,2510.367560698194
9421,2510.367560698194
9422,2510.367560698194
9423,2510.367560698194
9424,2510.367560698194
9425,2510.367560698194
9426,2510.367560698194
9427,2510.367560698194
9428,2510.367560698194
9429,2510.367560698194
9430,2510.367560698194
9431,2510.367560698194
9432,2510.367560698194
9433,2510.367560698194
9434,2510.367560698194
9435,2510.367560698194
9436,2510.367560698194
9437,2510.367560698194
9438,2510.367560698194
9439,2510.367560698194
9440,2510.367560698194
9441,2510.367560698194
9442,2510.367560698194
9443,2510.367560698194
9444,2510.367560698194
9445,2510.367560698194
9446,2510.367560698194
9447,2510.367560698194
9448,2510.367560698194
9449,2510.367560698194
9450,2510.367560698194
9451,2510.367560698194
9452,2510.367560698194
9453,2510.367560698194
9454,2510.367560698194
9455,2510.367560698194
9456,2510.367560698194
9457,2510.367560698194
9458,2510.367560698194
9459,2510.367560698194
9460,2510.367560698194
9461,2510.367560698194
9462,2510.367560698194
9463,2510.367560698194
9464,2510.367560698194
9465,2510.367560698194
9466,2510.367560698194
9467,2510.367560698194
9468,2510.367560698194
9469,2510.367560698194
9470,2510.367560698194
9471,2510.367560698194
9472,2510.367560698194
9473,2510.367560698194
9474,2510.367560698194
9475,2510.367560698194
9476,2510.367560698194
9477,2510.367560698194
9478,2510.367560698194
9479,2510.367560698194
9480,2510.367560698194
9481,2510.367560698194
9482,2510.367560698194
9483,2510.367560698194
9484,2510.367560698194
9485,2510.367560698194
9486,2510.367560698194
9487,2510.367560698194
9488,2510.367560698194
9489,2510.367560698194
9490,2510.367560698194
9491,2510.367560698194
9492,2510.367560698194
9493,2510.367560698194
9494,2510.367560698194
9495,2510.367560698194
9496,2510.367560698194
9497,2510.367560698194
9498,2510.367560698194
9499,2510.367560698194
9500,2510.367560698194
9501,2510.367560698194
9502,2510.367560698194
9503,2510.367560698194
9504,2510.367560698194
9505,2510.367560698194
9506,2510.367560698194
9507,2510.367560698194
9508,2510.367560698194
9509,2510.367560698194
9510,2510.367560698194
9511,2510.367560698194
9512,2510.367560698194
9513,2510.367560698194
9514,2510.367560698194
9515,2510.367560698194
9516,2510.367560698194
9517,2510.367560698194
9518,2510.367560698194
9519,2510.367560698194
9520,2510.367560698194
9521,2510.367560698194
9522,2510.367560698194
9523,2510.367560698194
9524,2510.367560698194
9525,2510.367560698194
9526,2510.367560698194
9527,2510.367560698194
9528,2510.367560698194
9529,2510.367560698194
9530,2510.367560698194
9531,2510.367560698194
9532,2510.367560698194
9533,2510.367560698194
9534,2510.367560698194
9535,2510.367560698194
9536,2510.367560698194
9537,2510.367560698194
9538,2510.367560698194
9539,2510.367560698194
9540,2510.367560698194
9541,2510.367560698194
9542,2510.367560698194
9543,2510.367560698194
9544,2510.367560698194
9545,2510.367560698194
9546,2510.367560698194
9547,2510.367560698194
9548,2510.367560698194
9549,2510.367560698194
9550,2510.367560698194
9551,2510.367560698194
9552,2510.367560698194
9553,2510.367560698194
9554,2510.367560698194
9555,2510.367560698194
9556,2510.367560698194
9557,2510.367560698194
9558,2510.367560698194
9559,2510.367560698194
9560,2510.367560698194
9561,2510.367560698194
9562,2510.367560698194
9563,2510.367560698194
9564,2510.367560698194
9565,2504.992816028555
9566,2504.992816028555
9567,2504.992816028555
9568,2504.992816028555
9569,2504.992816028555
9570,2504.992816028555
9571,2504.992816028555
9572,2504.992816028555
9573,2504.992816028555
9574,2504.992816028555
9575,2504.992816028555
9576,2504.992816028555
9577,2492.3611986809906
9578,2492.3611986809906
9579,2492.3611986809906
9580,2492.3611986809906
9581,2492.3611986809906
9582,2484.1778951057536
9583,2484.1778951057536
9584,2484.1778951057536
9585,2484.1778951057536
9586,2484.1778951057536
9587,2484.1778951057536
9588,2484.1778951057536
9589,2484.1778951057536
9590,2484.1778951057536
9591,2484.1778951057536
9592,2484.1778951057536
9593,2484.1778951057536
9594,2484.1778951057536
9595,2484.1778951057536
9596,2484.1778951057536
9597,2484.1778951057536
9598,2484.1778951057536
9599,2484.1778951057536
9600,2484.1778951057536
9601,2484.1778951057536
9602,2484.1778951057536
9603,2484.1778951057536
9604,2484.1778951057536
9605,2484.1778951057536
9606,2484.1778951057536
9607,2484.1778951057536
9608,2484.1778951057536
9609,2484.1778951057536
9610,2484.1778951057536
9611,2484.1778951057536
9612,2484.1778951057536
9613,2484.1778951057536
9614,2484.1778951057536
9615,2484.1778951057536
9616,2484.1778951057536
9617,2484.1778951057536
9618,2484.1778951057536
9619,2484.1778951057536
9620,2484.1778951057536
9621,2484.1778951057536
9622,2484.1778951057536
9623,2484.1778951057536
9624,2484.1778951057536
9625,2484.1778951057536
9626,2484.1778951057536
9627,2484.1778951057536
9628,2484.1778951057536
9629,2484.1778951057536
9630,2484.1778951057536
9631,2484.1778951057536
9632,2484.1778951057536
9633,2484.1778951057536
9634,2484.1778951057536
9635,2484.1778951057536
9636,2484.1778951057536
9637,2484.1778951057536
9638,2484.1778951057536
9639,2484.1778951057536
9640,2484.1778951057536
9641,2484.1778951057536
9642,2484.1778951057536
9643,2484.1778951057536
9644,2484.1778951057536
9645,2484.1778951057536
9646,2484.1778951057536
9647,2484.1778951057536
9648,2484.1778951057536
9649,2484.1778951057536
9650,2484.1778951057536
9651,2484.1778951057536
9652,2484.1778951057536
9653,2484.1778951057536
9654,2484.1778951057536
9655,2484.1778951057536
9656,2484.1778951057536
9657,2484.1778951057536
9658,2484.1778951057536
9659,2484.1778951057536
9660,2484.1778951057536
9661,2484.1778951057536
9662,2484.1778951057536
9663,2484.1778951057536
9664,2484.1778951057536
9665,2484.1778951057536
9666,2484.1778951057536
9667,2484.1778951057536
9668,2484.1778951057536
9669,2484.1778951057536
9670,2484.1778951057536
9671,2484.1778951057536
9672,2484.1778951057536
9673,2484.1778951057536
9674,2484.1778951057536
9675,2484.1778951057536
9676,2484.1778951057536
9677,2484.1778951057536
9678,2484.1778951057536
9679,2484.1778951057536
9680,2484.1778951057536
9681,2484.1778951057536
9682,2484.1778951057536
9683,2484.1778951057536
9684,2484.1778951057536
9685,2484.1778951057536
9686,2484.1778951057536
9687,2484.1778951057536
9688,2484.1778951057536
9689,2484.1778951057536
9690,2484.1778951057536
9691,2484.1778951057536
9692,2484.1778951057536
9693,2484.1778951057536
9694,2484.1778951057536
9695,2484.1778951057536
9696,2484.1778951057536
9697,2484.1778951057536
9698,2484.1778951057536
9699,2484.1778951057536
9700,2484.1778951057536
9701,2484.1778951057536
9702,2484.1778951057536
9703,2484.1778951057536
9704,2484.1778951057536
9705,2484.1778951057536
9706,2484.1778951057536
9707,2484.1778951057536
9708,2484.1778951057536
9709,2484.1778951057536
9710,2484.1778951057536
9711,2484.1778951057536
9712,2484.1778951057536
9713,2484.1778951057536
9714,2484.1778951057536
9715,2484.1778951057536
9716,2484.1778951057536
9717,2484.1778951057536
9718,2484.1778951057536
9719,2484.1778951057536
9720,2484.1778951057536
9721,2484.1778951057536
9722,2484.1778951057536
9723,2484.1778951057536
9724,2484.1778951057536
9725,2484.1778951057536
9726,2484.1778951057536
9727,2484.1778951057536
9728,2484.1778951057536
9729,2484.1778951057536
9730,2484.1778951057536
9731,2484.1778951057536
9732,2484.1778951057536
9733,2484.1778951057536
9734,2484.1778951057536
9735,2484.1778951057536
9736,2484.1778951057536
9737,2484.1778951057536
9738,2484.1778951057536
9739,2484.1778951057536
9740,2484.1778951057536
9741,2484.1778951057536
9742,2484.1778951057536
9743,2484.1778951057536
9744,2484.1778951057536
9745,2484.1778951057536
9746,2484.1778951057536
9747,2484.1778951057536
9748,2484.1778951057536
9749,2484.1778951057536
9750,2484.1778951057536
9751,2484.1778951057536
9752,2484.1778951057536
9753,2484.1778951057536
9754,2484.1778951057536
9755,2484.1778951057536
9756,2484.1778951057536
9757,2484.1778951057536
9758,2484.1778951057536
9759,2484.1778951057536
9760,2484.1778951057536
9761,2484.1778951057536
9762,2484.1778951057536
9763,2484.1778951057536
9764,2484.1778951057536
9765,2484.1778951057536
9766,2484.1778951057536
9767,2484.1778951057536
9768,2484.1778951057536
9769,2484.1778951057536
9770,2484.1778951057536
9771,2484.1778951057536
9772,2484.1778951057536
9773,2484.1778951057536
9774,2484.1778951057536
9775,2484.1778951057536
9776,2484.1778951057536
9777,2484.1778951057536
9778,2484.1778951057536
9779,2484.1778951057536
9780,2484.1778951057536
9781,2484.1778951057536
9782,2484.1778951057536
9783,2484.1778951057536
9784,2484.1778951057536
9785,2484.1778951057536
9786,2484.1778951057536
9787,2484.1778951057536
9788,2484.1778951057536
9789,2484.1778951057536
9790,2484.1778951057536
9791,2484.1778951057536
9792,2484.1778951057536
9793,2484.1778951057536
9794,2484.1778951057536
9795,2484.1778951057536
9796,2484.1778951057536
9797,2484.1778951057536
9798,2484.1778951057536
9799,2484.1778951057536
9800,2484.1778951057536
9801,2484.1778951057536
9802,2484.1778951057536
9803,2484.1778951057536
9804,2484.1778951057536
9805,2484.1778951057536
9806,2484.1778951057536
9807,2484.1778951057536
9808,2484.1778951057536
9809,2484.1778951057536
9810,2484.1778951057536
9811,2484.1778951057536
9812,2484.1778951057536
9813,2484.1778951057536
9814,2484.1778951057536
9815,2484.1778951057536
9816,2484.1778951057536
9817,2484.1778951057536
9818,2484.1778951057536
9819,2484.1778951057536
9820,2484.1778951057536
9821,2484.1778951057536
9822,2484.1778951057536
9823,2484.1778951057536
9824,2484.1778951057536
9825,2484.1778951057536
9826,2484.1778951057536
9827,2484.1778951057536
9828,2484.1778951057536
9829,2484.1778951057536
9830,2484.1778951057536
9831,2484.1778951057536
9832,2484.1778951057536
9833,2484.1778951057536
9834,2484.1778951057536
9835,2484.1778951057536
9836,2484.1778951057536
9837,2484.1778951057536
9838,2484.1778951057536
9839,2484.1778951057536
9840,2484.1778951057536
9841,2484.1778951057536
9842,2484.1778951057536
9843,2484.1778951057536
9844,2484.1778951057536
9845,2484.1778951057536
9846,2484.1778951057536
9847,2484.1778951057536
9848,2484.1778951057536
9849,2484.1778951057536
9850,2484.1778951057536
9851,2484.1778951057536
9852,2484.1778951057536
9853,2484.1778951057536
9854,2484.1778951057536
9855,2484.1778951057536
9856,2484.1778951057536
9857,2484.1778951057536
9858,2484.1778951057536
9859,2484.1778951057536
9860,2484.1778951057536
9861,2484.1778951057536
9862,2484.1778951057536
9863,2484.1778951057536
9864,2484.1778951057536
9865,2484.1778951057536
9866,2484.1778951057536
9867,2484.1778951057536
9868,2484.1778951057536
9869,2484.1778951057536
9870,2484.1778951057536
9871,2484.1778951057536
9872,2484.1778951057536
9873,2484.1778951057536
9874,2484.1778951057536
9875,2484.1778951057536
9876,2484.1778951057536
9877,2484.1778951057536
9878,2484.1778951057536
9879,2484.1778951057536
9880,2484.1778951057536
9881,2484.1778951057536
9882,2484.1778951057536
9883,2484.1778951057536
9884,2484.1778951057536
9885,2484.1778951057536
9886,2484.1778951057536
9887,2484.1778951057536
9888,2484.1778951057536
9889,2484.1778951057536
9890,2484.1778951057536
9891,2484.1778951057536
9892,2484.1778951057536
9893,2484.1778951057536
9894,2484.1778951057536
9895,2484.1778951057536
9896,2484.1778951057536
9897,2484.1778951057536
9898,2484.1778951057536
9899,2484.1778951057536
9900,2484.1778951057536
9901,2484.1778951057536
9902,2484.1778951057536
9903,2484.1778951057536
9904,2484.1778951057536
9905,2484.1778951057536
9906,2484.1778951057536
9907,2484.1778951057536
9908,2484.1778951057536
9909,2484.1778951057536
9910,2484.1778951057536
9911,2484.1778951057536
9912,2484.1778951057536
9913,2484.1778951057536
9914,2484.1778951057536
9915,2484.1778951057536
9916,2484.1778951057536
9917,2484.1778951057536
9918,2484.1778951057536
9919,2484.1778951057536
9920,2484.1778951057536
9921,2484.1778951057536
9922,2484.1778951057536
9923,2484.1778951057536
9924,2484.1778951057536
9925,2484.1778951057536
9926,2484.1778951057536
9927,2484.1778951057536
9928,2484.1778951057536
9929,2484.1778951057536
9930,2484.1778951057536
9931,2484.1778951057536
9932,2484.1778951057536
9933,2484.1778951057536
9934,2484.1778951057536
9935,2484.1778951057536
9936,2484.1778951057536
9937,2484.1778951057536
9938,2484.1778951057536
9939,2484.1778951057536
9940,2484.1778951057536
9941,2484.1778951057536
9942,2484.1778951057536
9943,2484.1778951057536
9944,2484.1778951057536
9945,2484.1778951057536
9946,2484.1778951057536
9947,2484.1778951057536
9948,2484.1778951057536
9949,2484.1778951057536
9950,2484.1778951057536
9951,2484.1778951057536
9952,2484.1778951057536
9953,2484.1778951057536
9954,2484.1778951057536
9955,2484.1778951057536
9956,2484.1778951057536
9957,2484.1778951057536
9958,2484.1778951057536
9959,2484.1778951057536
9960,2484.1778951057536
9961,2484.1778951057536
9962,2484.1778951057536
9963,2484.1778951057536
9964,2484.1778951057536
9965,2484.1778951057536
9966,2484.1778951057536
9967,2484.1778951057536
9968,2484.1778951057536
9969,2484.1778951057536
9970,2484.1778951057536
9971,2484.1778951057536
9972,2484.1778951057536
9973,2484.1778951057536
9974,2484.1778951057536
9975,2484.1778951057536
9976,2484.1778951057536
9977,2484.1778951057536
9978,2484.1778951057536
9979,2484.1778951057536
9980,2484.1778951057536
9981,2484.1778951057536
9982,2484.1778951057536
9983,2484.1778951057536
9984,2484.1778951057536
9985,2484.1778951057536
9986,2484.1778951057536
9987,2484.1778951057536
9988,2484.1778951057536
9989,2484.1778951057536
9990,2484.1778951057536
9991,2484.1778951057536
9992,2484.1778951057536
9993,2484.1778951057536
9994,2484.1778951057536
9995,2484.1778951057536
9996,2484.1778951057536
9997,2484.1778951057536
9998,2484.1778951057536
9999,2484.1778951057536
10000,2484.1778951057536
