iter,best_objective
1,3437.1770997966087
2,3349.5049290010693
3,3278.162375977448
4,3198.85805588039
5,3128.275288872874
6,3064.677271639443
7,3001.594283193353
8,2938.6237547956644
9,2881.9585657458697
10,2825.5669711123123
11,2780.063386989863
12,2733.5290423618867
13,2691.111899340238
14,2648.1151653626075
15,2605.9788333287497
16,2564.815645990666
17,2524.6949509006613
18,2469.67572267494
19,2431.979392516049
20,2385.7824468553104
21,2351.7073930546453
22,2320.3742763314303
23,2264.4506848589663
24,2234.9966320686663
25,2208.8888131157933
26,2183.4385411552303
27,2158.2512171989006
28,2136.5908692416638
29,2106.602455072724
30,2086.594707810701
31,2067.1284962476425
32,2049.9601257726704
33,2032.8925634038637
34,2016.9519589239294
35,2003.8541515671063
36,1987.8356277464904
37,1975.865174992542
38,1963.9735079328457
39,1952.9402576714756
40,1941.9142178692273
41,1923.3472081532755
42,1915.3479975604419
43,1887.1714917464292
44,1881.1134280502945
45,1875.9225766021484
46,1860.339074358147
47,1855.3906122109781
48,1850.661113823797
49,1846.2436119570873
50,1841.8390524845006
51,1836.2239623794524
52,1829.0906516960147
53,1825.3003325341354
54,1822.1235079720257
55,1818.8230816919222
56,1816.07760377833
57,1814.0295879134885
58,1803.2957794922313
59,1801.4489573339442
60,1799.87656549922
61,1792.5646392905937
62,1791.900923477858
63,1791.900923477858
64,1791.900923477858
65,1791.900923477858
66,1791.900923477858
67,1791.900923477858
68,1791.900923477858
69,1791.900923477858
70,1791.900923477858
71,1791.900923477858
72,1791.900923477858
73,1791.900923477858
74,1791.900923477858
75,1791.900923477858
76,1791.900923477858
77,1791.5414599899582
78,1791.0394100515878
79,1791.0394100515878
80,1789.58169314316
81,1789.58169314316
82,1789.58169314316
83,1782.345323929579
84,1780.4524199304237
85,1780.4524199304237
86,1780.4524199304237
87,1780.4524199304237
88,1780.4524199304237
89,1780.4524199304237
90,1780.4524199304237
91,1780.4524199304237
92,1780.4524199304237
93,1780.4524199304237
94,1780.4524199304237
95,1780.4524199304237
96,1780.4524199304237
97,1780.4524199304237
98,1780.4524199304237
99,1774.6585110919968
100,1770.6096494738017
101,1766.9405797952293
102,1765.6311349869839
103,1764.664805433938
104,1763.8025955824914
105,1763.8025955824914
106,1763.8025955824914
107,1763.8025955824914
108,1763.8025955824914
109,1763.8025955824914
110,1763.8025955824914
111,1763.8025955824914
112,1763.8025955824914
113,1763.8025955824914
114,1763.8025955824914
115,1763.8025955824914
116,1763.8025955824914
117,1763.8025955824914
118,1763.8025955824914
119,1763.8025955824914
120,1763.8025955824914
121,1763.8025955824914
122,1763.8025955824914
123,1763.8025955824914
124,1763.8025955824914
125,1763.8025955824914
126,1763.8025955824914
127,1763.8025955824914
128,1763.8025955824914
129,1763.8025955824914
130,1763.8025955824914
131,1763.8025955824914
132,1763.8025955824914
133,1763.8025955824914
134,1763.8025955824914
135,1763.8025955824914
136,1763.8025955824914
137,1763.8025955824914
138,1763.8025955824914
139,1763.8025955824914
140,1763.8025955824914
141,1763.8025955824914
142,1763.8025955824914
143,1763.8025955824914
144,1763.8025955824914
145,1763.8025955824914
146,1763.8025955824914
147,1763.8025955824914
148,1763.8025955824914
149,1763.8025955824914
150,1763.8025955824914
151,1763.8025955824914
152,1763.8025955824914
153,1763.8025955824914
154,1763.8025955824914
155,1763.8025955824914
156,1763.8025955824914
157,1763.8025955824914
158,1763.8025955824914
159,1763.8025955824914
160,1763.8025955824914
161,1763.8025955824914
162,1763.8025955824914
163,1763.8025955824914
164,1763.8025955824914
165,1763.8025955824914
166,1763.8025955824914
167,1763.8025955824914
168,1763.8025955824914
169,1763.8025955824914
170,1763.8025955824914
171,1763.8025955824914
172,1763.8025955824914
173,1763.8025955824914
174,1763.8025955824914
175,1763.8025955824914
176,1763.8025955824914
177,1763.8025955824914
178,1763.8025955824914
179,1763.8025955824914
180,1763.8025955824914
181,1763.8025955824914
182,1763.8025955824914
183,1763.8025955824914
184,1763.3569876741053
185,1760.6583979176464
186,1759.6276352542175
187,1758.765425402771
188,1758.2633754644005
189,1758.2633754644003
190,1758.2633754644003
191,1758.2633754644003
192,1758.2633754644003
193,1758.2633754644003
194,1758.2633754644003
195,1758.2633754644003
196,1758.2633754644003
197,1758.2633754644003
198,1758.2633754644003
199,1758.2633754644003
200,1758.2633754644003
201,1758.2633754644003
202,1758.2633754644003
203,1758.2633754644003
204,1758.2633754644003
205,1758.0467005925375
206,1755.917264445848
207,1754.0243604466928
208,1753.1066557918252
209,1753.106655791825
210,1753.106655791825
211,1753.106655791825
212,1753.106655791825
213,1753.106655791825
214,1753.106655791825
215,1753.106655791825
216,1753.106655791825
217,1753.106655791825
218,1753.106655791825
219,1753.106655791825
220,1753.106655791825
221,1753.106655791825
222,1753.106655791825
223,1753.106655791825
224,1753.106655791825
225,1753.106655791825
226,1753.106655791825
227,1753.106655791825
228,1753.106655791825
229,1753.106655791825
230,1753.106655791825
231,1753.106655791825
232,1753.106655791825
233,1753.106655791825
234,1753.106655791825
235,1752.9374259200035
236,1750.7389228430613
237,1750.236872904691
238,1750.058168799252
239,1749.1959589478054
240,1749.1959589478054
241,1749.1959589478051
242,1749.1959589478051
243,1749.1959589478051
244,1749.1959589478051
245,1749.1959589478051
246,1749.1959589478051
247,1749.1959589478051
248,1749.1959589478051
249,1749.1959589478051
250,1749.1959589478051
251,1749.1959589478051
252,1749.1959589478051
253,1749.1959589478051
254,1749.1959589478051
255,1749.1959589478051
256,1749.1959589478051
257,1749.1959589478051
258,1749.1959589478051
259,1749.1959589478051
260,1749.1959589478051
261,1749.1959589478051
262,1749.1959589478051
263,1749.1959589478051
264,1749.1959589478051
265,1749.1959589478051
266,1749.1959589478051
267,1749.1959589478051
268,1749.1959589478051
269,1749.1959589478051
270,1749.1959589478051
271,1749.1959589478051
272,1749.1959589478051
273,1749.1959589478051
274,1749.1959589478051
275,1749.1959589478051
276,1749.1959589478051
277,1749.1959589478051
278,1749.1959589478051
279,1749.1959589478051
280,1749.1959589478051
281,1749.1959589478051
282,1749.1959589478051
283,1749.1959589478051
284,1749.1959589478051
285,1749.1959589478051
286,1749.1959589478051
287,1749.1959589478051
288,1749.1959589478051
289,1749.1959589478051
290,1749.1959589478051
291,1749.1959589478051
292,1749.1959589478051
293,1749.1959589478051
294,1749.1959589478051
295,1749.1959589478051
296,1749.1959589478051
297,1749.1959589478051
298,1749.1959589478051
299,1749.1959589478051
300,1749.1959589478051
301,1749.1959589478051
302,1749.1959589478051
303,1749.1959589478051
304,1749.1959589478051
305,1749.1959589478051
306,1749.1959589478051
307,1749.1959589478051
308,1749.1959589478051
309,1749.1959589478051
310,1749.1959589478051
311,1749.1959589478051
312,1749.1959589478051
313,1749.1959589478051
314,1749.1959589478051
315,1749.1959589478051
316,1749.1959589478051
317,1749.1959589478051
318,1749.1959589478051
319,1749.1959589478051
320,1749.1959589478051
321,1749.1959589478051
322,1749.1959589478051
323,1749.1959589478051
324,1749.1959589478051
325,1749.1959589478051
326,1749.1959589478051
327,1749.1959589478051
328,1749.1959589478051
329,1749.1959589478051
330,1749.1959589478051
331,1749.1959589478051
332,1749.1959589478051
333,1749.1959589478051
334,1749.1959589478051
335,1749.1959589478051
336,1749.1959589478051
337,1749.1959589478051
338,1749.1959589478051
339,1749.1959589478051
340,1749.1959589478051
341,1749.1959589478051
342,1749.1959589478051
343,1749.1959589478051
344,1749.1959589478051
345,1749.1959589478051
346,1749.1959589478051
347,1749.1959589478051
348,1749.1959589478051
349,1749.1959589478051
350,1749.1959589478051
351,1749.1959589478051
352,1749.1959589478051
353,1749.1959589478051
354,1749.1959589478051
355,1749.1959589478051
356,1749.1959589478051
357,1749.1959589478051
358,1749.1959589478051
359,1749.1959589478051
360,1749.1959589478051
361,1749.1959589478051
362,1749.1959589478051
363,1749.1959589478051
364,1749.1959589478051
365,1749.1959589478051
366,1749.1959589478051
367,1749.1959589478051
368,1749.1959589478051
369,1749.1959589478051
370,1749.1959589478051
371,1749.1959589478051
372,1749.1959589478051
373,1749.1959589478051
374,1749.1959589478051
375,1749.1959589478051
376,1749.1959589478051
377,1749.1959589478051
378,1749.1959589478051
379,1749.1959589478051
380,1749.1959589478051
381,1749.1959589478051
382,1749.1959589478051
383,1749.1959589478051
384,1749.1959589478051
385,1749.1959589478051
386,1749.1959589478051
387,1749.1959589478051
388,1749.1959589478051
389,1749.1959589478051
390,1749.1959589478051
391,1749.1959589478051
392,1749.1959589478051
393,1749.1959589478051
394,1749.1959589478051
395,1749.1959589478051
396,1749.1959589478051
397,1749.1959589478051
398,1749.1959589478051
399,1749.1959589478051
400,1749.1959589478051
401,1749.1959589478051
402,1749.1959589478051
403,1749.1959589478051
404,1749.1959589478051
405,1749.1959589478051
406,1749.1959589478051
407,1749.1959589478051
408,1749.1959589478051
409,1749.1959589478051
410,1749.1959589478051
411,1749.1959589478051
412,1749.1959589478051
413,1749.1959589478051
414,1749.1959589478051
415,1749.1959589478051
416,1749.1959589478051
417,1749.1959589478051
418,1749.1959589478051
419,1749.1959589478051
420,1749.1959589478051
421,1749.1959589478051
422,1749.1959589478051
423,1749.1959589478051
424,1749.1959589478051
425,1749.1959589478051
426,1749.1959589478051
427,1749.1959589478051
428,1749.1959589478051
429,1749.1959589478051
430,1749.1959589478051
431,1749.1959589478051
432,1749.1959589478051
433,1749.1959589478051
434,1749.1959589478051
435,1749.1959589478051
436,1749.1959589478051
437,1749.1959589478051
438,1749.1959589478051
439,1749.1959589478051
440,1749.1959589478051
441,1749.1959589478051
442,1749.1959589478051
443,1749.1959589478051
444,1749.1959589478051
445,1749.1959589478051
446,1749.0076144516472
447,1749.007614451647
448,1749.007614451647
449,1749.007614451647
450,1749.007614451647
451,1749.007614451647
452,1749.007614451647
453,1749.007614451647
454,1749.007614451647
455,1749.007614451647
456,1749.007614451647
457,1749.007614451647
458,1749.007614451647
459,1749.007614451647
460,1749.007614451647
461,1749.007614451647
462,1749.007614451647
463,1749.007614451647
464,1749.007614451647
465,1749.007614451647
466,1749.007614451647
467,1749.007614451647
468,1749.007614451647
469,1749.007614451647
470,1749.007614451647
471,1749.007614451647
472,1749.007614451647
473,1749.007614451647
474,1749.007614451647
475,1749.007614451647
476,1749.007614451647
477,1749.007614451647
478,1749.007614451647
479,1749.007614451647
480,1749.007614451647
481,1749.007614451647
482,1749.007614451647
483,1749.007614451647
484,1749.007614451647
485,1749.007614451647
486,1749.007614451647
487,1749.007614451647
488,1749.007614451647
489,1749.007614451647
490,1749.007614451647
491,1749.007614451647
492,1749.007614451647
493,1749.007614451647
494,1749.007614451647
495,1749.007614451647
496,1749.007614451647
497,1749.007614451647
498,1749.007614451647
499,1749.007614451647
500,1749.007614451647
501,1749.007614451647
502,1749.007614451647
503,1749.007614451647
504,1749.007614451647
505,1749.007614451647
506,1749.007614451647
507,1749.007614451647
508,1749.007614451647
509,1749.007614451647
510,1749.007614451647
511,1749.007614451647
512,1749.007614451647
513,1749.007614451647
514,1749.007614451647
515,1749.007614451647
516,1749.007614451647
517,1749.007614451647
518,1749.007614451647
519,1749.007614451647
520,1749.007614451647
521,1749.007614451647
522,1749.007614451647
523,1749.007614451647
524,1749.007614451647
525,1749.007614451647
526,1749.007614451647
527,1749.007614451647
528,1749.007614451647
529,1749.007614451647
530,1749.007614451647
531,1749.007614451647
532,1749.007614451647
533,1749.007614451647
534,1749.007614451647
535,1749.007614451647
536,1749.007614451647
537,1749.007614451647
538,1749.007614451647
539,1749.007614451647
540,1749.007614451647
541,1749.007614451647
542,1749.007614451647
543,1749.007614451647
544,1749.007614451647
545,1749.007614451647
546,1749.007614451647
547,1749.007614451647
548,1749.007614451647
549,1749.007614451647
550,1749.007614451647
551,1749.007614451647
552,1749.007614451647
553,1749.007614451647
554,1749.007614451647
555,1749.007614451647
556,1749.007614451647
557,1749.007614451647
558,1749.007614451647
559,1749.007614451647
560,1749.007614451647
561,1749.007614451647
562,1749.007614451647
563,1749.007614451647
564,1749.007614451647
565,1749.007614451647
566,1749.007614451647
567,1749.007614451647
568,1749.007614451647
569,1749.007614451647
570,1749.007614451647
571,1749.007614451647
572,1749.007614451647
573,1749.007614451647
574,1749.007614451647
575,1749.007614451647
576,1749.007614451647
577,1749.007614451647
578,1749.007614451647
579,1749.007614451647
580,1749.007614451647
581,1749.007614451647
582,1749.007614451647
583,1749.007614451647
584,1749.007614451647
585,1749.007614451647
586,1749.007614451647
587,1749.007614451647
588,1749.007614451647
589,1749.007614451647
590,1749.007614451647
591,1749.007614451647
592,1749.007614451647
593,1749.007614451647
594,1749.007614451647
595,1749.007614451647
596,1749.007614451647
597,1749.007614451647
598,1749.007614451647
599,1749.007614451647
600,1749.007614451647
601,1749.007614451647
602,1749.007614451647
603,1749.007614451647
604,1749.007614451647
605,1749.007614451647
606,1749.007614451647
607,1749.007614451647
608,1749.007614451647
609,1749.007614451647
610,1749.007614451647
611,1749.007614451647
612,1749.007614451647
613,1749.007614451647
614,1749.007614451647
615,1749.007614451647
616,1749.007614451647
617,1749.007614451647
618,1749.007614451647
619,1749.007614451647
620,1749.007614451647
621,1749.007614451647
622,1749.007614451647
623,1749.007614451647
624,1749.007614451647
625,1749.007614451647
626,1749.007614451647
627,1749.007614451647
628,1749.007614451647
629,1749.007614451647
630,1749.007614451647
631,1749.007614451647
632,1749.007614451647
633,1749.007614451647
634,1749.007614451647
635,1749.007614451647
636,1749.007614451647
637,1749.007614451647
638,1749.007614451647
639,1749.007614451647
640,1749.007614451647
641,1749.007614451647
642,1749.007614451647
643,1749.007614451647
644,1749.007614451647
645,1749.007614451647
646,1749.007614451647
647,1749.007614451647
648,1749.007614451647
649,1749.007614451647
650,1749.007614451647
651,1749.007614451647
652,1749.007614451647
653,1749.007614451647
654,1749.007614451647
655,1749.007614451647
656,1749.007614451647
657,1749.007614451647
658,1749.007614451647
659,1749.007614451647
660,1749.007614451647
661,1749.007614451647
662,1749.007614451647
663,1749.007614451647
664,1749.007614451647
665,1749.007614451647
666,1749.007614451647
667,1749.007614451647
668,1749.007614451647
669,1749.007614451647
670,1749.007614451647
671,1749.007614451647
672,1749.007614451647
673,1749.007614451647
674,1749.007614451647
675,1749.007614451647
676,1749.007614451647
677,1749.007614451647
678,1749.007614451647
679,1749.007614451647
680,1749.007614451647
681,1749.007614451647
682,1749.007614451647
683,1749.007614451647
684,1749.007614451647
685,1749.007614451647
686,1749.007614451647
687,1749.007614451647
688,1749.007614451647
689,1749.007614451647
690,1749.007614451647
691,1749.007614451647
692,1749.007614451647
693,1749.007614451647
694,1749.007614451647
695,1749.007614451647
696,1749.007614451647
697,1749.007614451647
698,1749.007614451647
699,1749.007614451647
700,1749.007614451647
701,1749.007614451647
702,1749.007614451647
703,1749.007614451647
704,1749.007614451647
705,1749.007614451647
706,1749.007614451647
707,1749.007614451647
708,1749.007614451647
709,1749.007614451647
710,1749.007614451647
711,1749.007614451647
712,1749.007614451647
713,1749.007614451647
714,1749.007614451647
715,1749.007614451647
716,1749.007614451647
717,1749.007614451647
718,1749.007614451647
719,1749.007614451647
720,1749.007614451647
721,1749.007614451647
722,1749.007614451647
723,1749.007614451647
724,1749.007614451647
725,1749.007614451647
726,1749.007614451647
727,1749.007614451647
728,1749.007614451647
729,1749.007614451647
730,1749.007614451647
731,1749.007614451647
732,1749.007614451647
733,1749.007614451647
734,1749.007614451647
735,1749.007614451647
736,1749.007614451647
737,1749.007614451647
738,1749.007614451647
739,1749.007614451647
740,1749.007614451647
741,1749.007614451647
742,1749.007614451647
743,1749.007614451647
744,1749.007614451647
745,1749.007614451647
746,1749.007614451647
747,1749.007614451647
748,1749.007614451647
749,1749.007614451647
750,1749.007614451647
751,1749.007614451647
752,1749.007614451647
753,1749.007614451647
754,1749.007614451647
755,1749.007614451647
756,1749.007614451647
757,1749.007614451647
758,1749.007614451647
759,1749.007614451647
760,1749.007614451647
761,1749.007614451647
762,1749.007614451647
763,1749.007614451647
764,1749.007614451647
765,1749.007614451647
766,1749.007614451647
767,1749.007614451647
768,1749.007614451647
769,1749.007614451647
770,1749.007614451647
771,1749.007614451647
772,1749.007614451647
773,1749.007614451647
774,1749.007614451647
775,1749.007614451647
776,1749.007614451647
777,1749.007614451647
778,1749.007614451647
779,1749.007614451647
780,1749.007614451647
781,1749.007614451647
782,1749.007614451647
783,1749.007614451647
784,1749.007614451647
785,1749.007614451647
786,1749.007614451647
787,1749.007614451647
788,1749.007614451647
789,1749.007614451647
790,1749.007614451647
791,1749.007614451647
792,1749.007614451647
793,1749.007614451647
794,1749.007614451647
795,1749.007614451647
796,1749.007614451647
797,1749.007614451647
798,1749.007614451647
799,1749.007614451647
800,1749.007614451647
801,1749.007614451647
802,1749.007614451647
803,1749.007614451647
804,1749.007614451647
805,1749.007614451647
806,1749.007614451647
807,1749.007614451647
808,1749.007614451647
809,1749.007614451647
810,1749.007614451647
811,1749.007614451647
812,1749.007614451647
813,1749.007614451647
814,1749.007614451647
815,1749.007614451647
816,1749.007614451647
817,1749.007614451647
818,1749.007614451647
819,1749.007614451647
820,1749.007614451647
821,1749.007614451647
822,1749.007614451647
823,1749.007614451647
824,1749.007614451647
825,1749.007614451647
826,1749.007614451647
827,1749.007614451647
828,1749.007614451647
829,1749.007614451647
830,1749.007614451647
831,1749.007614451647
832,1749.007614451647
833,1749.007614451647
834,1749.007614451647
835,1749.007614451647
836,1749.007614451647
837,1749.007614451647
838,1749.007614451647
839,1749.007614451647
840,1749.007614451647
841,1749.007614451647
842,1749.007614451647
843,1749.007614451647
844,1749.007614451647
845,1749.007614451647
846,1749.007614451647
847,1749.007614451647
848,1749.007614451647
849,1749.007614451647
850,1749.007614451647
851,1749.007614451647
852,1749.007614451647
853,1749.007614451647
854,1749.007614451647
855,1749.007614451647
856,1749.007614451647
857,1749.007614451647
858,1749.007614451647
859,1749.007614451647
860,1749.007614451647
861,1749.007614451647
862,1749.007614451647
863,1749.007614451647
864,1749.007614451647
865,1749.007614451647
866,1749.007614451647
867,1749.007614451647
868,1749.007614451647
869,1749.007614451647
870,1749.007614451647
871,1749.007614451647
872,1749.007614451647
873,1749.007614451647
874,1749.007614451647
875,1749.007614451647
876,1749.007614451647
877,1749.007614451647
878,1749.007614451647
879,1749.007614451647
880,1749.007614451647
881,1749.007614451647
882,1749.007614451647
883,1749.007614451647
884,1749.007614451647
885,1749.007614451647
886,1749.007614451647
887,1749.007614451647
888,1749.007614451647
889,1749.007614451647
890,1749.007614451647
891,1749.007614451647
892,1749.007614451647
893,1749.007614451647
894,1749.007614451647
895,1749.007614451647
896,1749.007614451647
897,1749.007614451647
898,1749.007614451647
899,1749.007614451647
900,1749.007614451647
901,1749.007614451647
902,1749.007614451647
903,1749.007614451647
904,1749.007614451647
905,1749.007614451647
906,1749.007614451647
907,1749.007614451647
908,1749.007614451647
909,1749.007614451647
910,1749.007614451647
911,1749.007614451647
912,1749.007614451647
913,1749.007614451647
914,1749.007614451647
915,1749.007614451647
916,1749.007614451647
917,1749.007614451647
918,1749.007614451647
919,1749.007614451647
920,1749.007614451647
921,1749.007614451647
922,1749.007614451647
923,1749.007614451647
924,1749.007614451647
925,1749.007614451647
926,1749.007614451647
927,1749.007614451647
928,1749.007614451647
929,1749.007614451647
930,1749.007614451647
931,1749.007614451647
932,1749.007614451647
933,1749.007614451647
934,1749.007614451647
935,1749.007614451647
936,1749.007614451647
937,1749.007614451647
938,1749.007614451647
939,1749.007614451647
940,1749.007614451647
941,1749.007614451647
942,1749.007614451647
943,1749.007614451647
944,1749.007614451647
945,1749.007614451647
946,1749.007614451647
947,1749.007614451647
948,1749.007614451647
949,1749.007614451647
950,1749.007614451647
951,1749.007614451647
952,1749.007614451647
953,1749.007614451647
954,1749.007614451647
955,1749.007614451647
956,1749.007614451647
957,1749.007614451647
958,1749.007614451647
959,1749.007614451647
960,1749.007614451647
961,1749.007614451647
962,1749.007614451647
963,1749.007614451647
964,1749.007614451647
965,1749.007614451647
966,1749.007614451647
967,1749.007614451647
968,1749.007614451647
969,1749.007614451647
970,1749.007614451647
971,1749.007614451647
972,1749.007614451647
973,1749.007614451647
974,1749.007614451647
975,1749.007614451647
976,1749.007614451647
977,1749.007614451647
978,1749.007614451647
979,1749.007614451647
980,1749.007614451647
981,1749.007614451647
982,1749.007614451647
983,1749.007614451647
984,1749.007614451647
985,1749.007614451647
986,1749.007614451647
987,1749.007614451647
988,1749.007614451647
989,1749.007614451647
990,1749.007614451647
991,1749.007614451647
992,1749.007614451647
993,1749.007614451647
994,1749.007614451647
995,1749.007614451647
996,1749.007614451647
997,1749.007614451647
998,1749.007614451647
999,1749.007614451647
1000,1749.007614451647
1001,1749.007614451647
1002,1749.007614451647
1003,1749.007614451647
1004,1749.007614451647
1005,1749.007614451647
1006,1749.007614451647
1007,1749.007614451647
1008,1749.007614451647
1009,1749.007614451647
1010,1749.007614451647
1011,1749.007614451647
1012,1749.007614451647
1013,1749.007614451647
1014,1749.007614451647
1015,1749.007614451647
1016,1749.007614451647
1017,1749.007614451647
1018,1749.007614451647
1019,1749.007614451647
1020,1749.007614451647
1021,1749.007614451647
1022,1749.007614451647
1023,1749.007614451647
1024,1749.007614451647
1025,1749.007614451647
1026,1749.007614451647
1027,1749.007614451647
1028,1749.007614451647
1029,1749.007614451647
1030,1749.007614451647
1031,1749.007614451647
1032,1749.007614451647
1033,1749.007614451647
1034,1749.007614451647
1035,1749.007614451647
1036,1749.007614451647
1037,1749.007614451647
1038,1749.007614451647
1039,1749.007614451647
1040,1749.007614451647
1041,1749.007614451647
1042,1749.007614451647
1043,1749.007614451647
1044,1749.007614451647
1045,1749.007614451647
1046,1749.007614451647
1047,1749.007614451647
1048,1749.007614451647
1049,1749.007614451647
1050,1749.007614451647
1051,1749.007614451647
1052,1749.007614451647
1053,1749.007614451647
1054,1749.007614451647
1055,1749.007614451647
1056,1749.007614451647
1057,1749.007614451647
1058,1749.007614451647
1059,1749.007614451647
1060,1749.007614451647
1061,1749.007614451647
1062,1749.007614451647
1063,1749.007614451647
1064,1749.007614451647
1065,1749.007614451647
1066,1749.007614451647
1067,1749.007614451647
1068,1749.007614451647
1069,1749.007614451647
1070,1749.007614451647
1071,1749.007614451647
1072,1749.007614451647
1073,1749.007614451647
1074,1749.007614451647
1075,1749.007614451647
1076,1749.007614451647
1077,1749.007614451647
1078,1749.007614451647
1079,1749.007614451647
1080,1749.007614451647
1081,1749.007614451647
1082,1749.007614451647
1083,1749.007614451647
1084,1749.007614451647
1085,1749.007614451647
1086,1749.007614451647
1087,1749.007614451647
1088,1749.007614451647
1089,1749.007614451647
1090,1749.007614451647
1091,1749.007614451647
1092,1749.007614451647
1093,1749.007614451647
1094,1749.007614451647
1095,1749.007614451647
1096,1749.007614451647
1097,1749.007614451647
1098,1749.007614451647
1099,1749.007614451647
1100,1749.007614451647
1101,1749.007614451647
1102,1749.007614451647
1103,1749.007614451647
1104,1749.007614451647
1105,1749.007614451647
1106,1749.007614451647
1107,1749.007614451647
1108,1749.007614451647
1109,1749.007614451647
1110,1749.007614451647
1111,1749.007614451647
1112,1749.007614451647
1113,1749.007614451647
1114,1749.007614451647
1115,1749.007614451647
1116,1749.007614451647
1117,1749.007614451647
1118,1749.007614451647
1119,1749.007614451647
1120,1749.007614451647
1121,1749.007614451647
1122,1749.007614451647
1123,1749.007614451647
1124,1749.007614451647
1125,1749.007614451647
1126,1749.007614451647
1127,1749.007614451647
1128,1749.007614451647
1129,1749.007614451647
1130,1749.007614451647
1131,1749.007614451647
1132,1749.007614451647
1133,1749.007614451647
1134,1749.007614451647
1135,1749.007614451647
1136,1749.007614451647
1137,1749.007614451647
1138,1749.007614451647
1139,1749.007614451647
1140,1749.007614451647
1141,1749.007614451647
1142,1749.007614451647
1143,1749.007614451647
1144,1749.007614451647
1145,1749.007614451647
1146,1749.007614451647
1147,1749.007614451647
1148,1749.007614451647
1149,1749.007614451647
1150,1749.007614451647
1151,1749.007614451647
1152,1749.007614451647
1153,1749.007614451647
1154,1749.007614451647
1155,1749.007614451647
1156,1749.007614451647
1157,1749.007614451647
1158,1749.007614451647
1159,1749.007614451647
1160,1749.007614451647
1161,1749.007614451647
1162,1749.007614451647
1163,1749.007614451647
1164,1749.007614451647
1165,1749.007614451647
1166,1749.007614451647
1167,1749.007614451647
1168,1749.007614451647
1169,1749.007614451647
1170,1749.007614451647
1171,1749.007614451647
1172,1749.007614451647
1173,1749.007614451647
1174,1749.007614451647
1175,1749.007614451647
1176,1749.007614451647
1177,1749.007614451647
1178,1749.007614451647
1179,1749.007614451647
1180,1749.007614451647
1181,1749.007614451647
1182,1749.007614451647
1183,1749.007614451647
1184,1749.007614451647
1185,1749.007614451647
1186,1749.007614451647
1187,1749.007614451647
1188,1749.007614451647
1189,1749.007614451647
1190,1749.007614451647
1191,1749.007614451647
1192,1749.007614451647
1193,1749.007614451647
1194,1749.007614451647
1195,1749.007614451647
1196,1749.007614451647
1197,1749.007614451647
1198,1749.007614451647
1199,1749.007614451647
1200,1749.007614451647
1201,1749.007614451647
1202,1749.007614451647
1203,1749.007614451647
1204,1749.007614451647
1205,1749.007614451647
1206,1749.007614451647
1207,1749.007614451647
1208,1749.007614451647
1209,1749.007614451647
1210,1749.007614451647
1211,1749.007614451647
1212,1749.007614451647
1213,1749.007614451647
1214,1749.007614451647
1215,1749.007614451647
1216,1749.007614451647
1217,1749.007614451647
1218,1749.007614451647
1219,1749.007614451647
1220,1749.007614451647
1221,1749.007614451647
1222,1749.007614451647
1223,1749.007614451647
1224,1749.007614451647
1225,1749.007614451647
1226,1749.007614451647
1227,1749.007614451647
1228,1749.007614451647
1229,1749.007614451647
1230,1749.007614451647
1231,1749.007614451647
1232,1749.007614451647
1233,1749.007614451647
1234,1749.007614451647
1235,1749.007614451647
1236,1749.007614451647
1237,1749.007614451647
1238,1749.007614451647
1239,1749.007614451647
1240,1749.007614451647
1241,1749.007614451647
1242,1749.007614451647
1243,1749.007614451647
1244,1749.007614451647
1245,1749.007614451647
1246,1749.007614451647
1247,1749.007614451647
1248,1749.007614451647
1249,1749.007614451647
1250,1749.007614451647
1251,1749.007614451647
1252,1749.007614451647
1253,1749.007614451647
1254,1749.007614451647
1255,1749.007614451647
1256,1749.007614451647
1257,1749.007614451647
1258,1749.007614451647
1259,1749.007614451647
1260,1749.007614451647
1261,1749.007614451647
1262,1749.007614451647
1263,1749.007614451647
1264,1749.007614451647
1265,1749.007614451647
1266,1749.007614451647
1267,1749.007614451647
1268,1749.007614451647
1269,1749.007614451647
1270,1749.007614451647
1271,1749.007614451647
1272,1749.007614451647
1273,1749.007614451647
1274,1749.007614451647
1275,1749.007614451647
1276,1749.007614451647
1277,1749.007614451647
1278,1749.007614451647
1279,1749.007614451647
1280,1749.007614451647
1281,1749.007614451647
1282,1749.007614451647
1283,1749.007614451647
1284,1749.007614451647
1285,1749.007614451647
1286,1749.007614451647
1287,1749.007614451647
1288,1749.007614451647
1289,1749.007614451647
1290,1749.007614451647
1291,1749.007614451647
1292,1749.007614451647
1293,1749.007614451647
1294,1749.007614451647
1295,1749.007614451647
1296,1749.007614451647
1297,1749.007614451647
1298,1749.007614451647
1299,1749.007614451647
1300,1749.007614451647
1301,1749.007614451647
1302,1749.007614451647
1303,1749.007614451647
1304,1749.007614451647
1305,1749.007614451647
1306,1749.007614451647
1307,1749.007614451647
1308,1749.007614451647
1309,1749.007614451647
1310,1749.007614451647
1311,1749.007614451647
1312,1749.007614451647
1313,1749.007614451647
1314,1749.007614451647
1315,1749.007614451647
1316,1749.007614451647
1317,1749.007614451647
1318,1749.007614451647
1319,1749.007614451647
1320,1749.007614451647
1321,1749.007614451647
1322,1749.007614451647
1323,1749.007614451647
1324,1749.007614451647
1325,1749.007614451647
1326,1749.007614451647
1327,1749.007614451647
1328,1749.007614451647
1329,1749.007614451647
1330,1749.007614451647
1331,1749.007614451647
1332,1749.007614451647
1333,1749.007614451647
1334,1749.007614451647
1335,1749.007614451647
1336,1749.007614451647
1337,1749.007614451647
1338,1749.007614451647
1339,1749.007614451647
1340,1749.007614451647
1341,1749.007614451647
1342,1749.007614451647
1343,1749.007614451647
1344,1749.007614451647
1345,1749.007614451647
1346,1749.007614451647
1347,1749.007614451647
1348,1749.007614451647
1349,1749.007614451647
1350,1749.007614451647
1351,1749.007614451647
1352,1749.007614451647
1353,1749.007614451647
1354,1749.007614451647
1355,1749.007614451647
1356,1749.007614451647
1357,1749.007614451647
1358,1749.007614451647
1359,1749.007614451647
1360,1749.007614451647
1361,1749.007614451647
1362,1749.007614451647
1363,1749.007614451647
1364,1749.007614451647
1365,1749.007614451647
1366,1749.007614451647
1367,1749.007614451647
1368,1749.007614451647
1369,1749.007614451647
1370,1749.007614451647
1371,1749.007614451647
1372,1749.007614451647
1373,1749.007614451647
1374,1749.007614451647
1375,1749.007614451647
1376,1749.007614451647
1377,1749.007614451647
1378,1749.007614451647
1379,1749.007614451647
1380,1749.007614451647
1381,1749.007614451647
1382,1749.007614451647
1383,1749.007614451647
1384,1749.007614451647
1385,1749.007614451647
1386,1749.007614451647
1387,1749.007614451647
1388,1749.007614451647
1389,1749.007614451647
1390,1749.007614451647
1391,1749.007614451647
1392,1749.007614451647
1393,1749.007614451647
1394,1749.007614451647
1395,1749.007614451647
1396,1749.007614451647
1397,1749.007614451647
1398,1749.007614451647
1399,1749.007614451647
1400,1749.007614451647
1401,1749.007614451647
1402,1749.007614451647
1403,1749.007614451647
1404,1749.007614451647
1405,1749.007614451647
1406,1749.007614451647
1407,1749.007614451647
1408,1749.007614451647
1409,1749.007614451647
1410,1749.007614451647
1411,1749.007614451647
1412,1749.007614451647
1413,1749.007614451647
1414,1749.007614451647
1415,1749.007614451647
1416,1749.007614451647
1417,1749.007614451647
1418,1749.007614451647
1419,1749.007614451647
1420,1749.007614451647
1421,1749.007614451647
1422,1749.007614451647
1423,1749.007614451647
1424,1749.007614451647
1425,1749.007614451647
1426,1749.007614451647
1427,1749.007614451647
1428,1749.007614451647
1429,1749.007614451647
1430,1749.007614451647
1431,1749.007614451647
1432,1749.007614451647
1433,1749.007614451647
1434,1749.007614451647
1435,1749.007614451647
1436,1749.007614451647
1437,1749.007614451647
1438,1749.007614451647
1439,1749.007614451647
1440,1749.007614451647
1441,1749.007614451647
1442,1749.007614451647
1443,1749.007614451647
1444,1749.007614451647
1445,1749.007614451647
1446,1749.007614451647
1447,1749.007614451647
1448,1749.007614451647
1449,1749.007614451647
1450,1749.007614451647
1451,1749.007614451647
1452,1749.007614451647
1453,1749.007614451647
1454,1749.007614451647
1455,1749.007614451647
1456,1749.007614451647
1457,1749.007614451647
1458,1749.007614451647
1459,1749.007614451647
1460,1749.007614451647
1461,1749.007614451647
1462,1749.007614451647
1463,1749.007614451647
1464,1749.007614451647
1465,1749.007614451647
1466,1749.007614451647
1467,1749.007614451647
1468,1749.007614451647
1469,1749.007614451647
1470,1749.007614451647
1471,1749.007614451647
1472,1749.007614451647
1473,1749.007614451647
1474,1749.007614451647
1475,1749.007614451647
1476,1749.007614451647
1477,1749.007614451647
1478,1749.007614451647
1479,1749.007614451647
1480,1749.007614451647
1481,1749.007614451647
1482,1749.007614451647
1483,1749.007614451647
1484,1749.007614451647
1485,1749.007614451647
1486,1749.007614451647
1487,1749.007614451647
1488,1749.007614451647
1489,1749.007614451647
1490,1749.007614451647
1491,1749.007614451647
1492,1749.007614451647
1493,1749.007614451647
1494,1749.007614451647
1495,1749.007614451647
1496,1749.007614451647
1497,1749.007614451647
1498,1749.007614451647
1499,1749.007614451647
1500,1749.007614451647
1501,1749.007614451647
1502,1749.007614451647
1503,1749.007614451647
1504,1749.007614451647
1505,1749.007614451647
1506,1749.007614451647
1507,1749.007614451647
1508,1749.007614451647
1509,1749.007614451647
1510,1749.007614451647
1511,1749.007614451647
1512,1749.007614451647
1513,1749.007614451647
1514,1749.007614451647
1515,1749.007614451647
1516,1749.007614451647
1517,1749.007614451647
1518,1749.007614451647
1519,1749.007614451647
1520,1749.007614451647
1521,1749.007614451647
1522,1749.007614451647
1523,1749.007614451647
1524,1749.007614451647
1525,1749.007614451647
1526,1749.007614451647
1527,1749.007614451647
1528,1749.007614451647
1529,1749.007614451647
1530,1749.007614451647
1531,1749.007614451647
1532,1749.007614451647
1533,1749.007614451647
1534,1749.007614451647
1535,1749.007614451647
1536,1749.007614451647
1537,1749.007614451647
1538,1749.007614451647
1539,1749.007614451647
1540,1749.007614451647
1541,1749.007614451647
1542,1749.007614451647
1543,1749.007614451647
1544,1749.007614451647
1545,1749.007614451647
1546,1749.007614451647
1547,1749.007614451647
1548,1749.007614451647
1549,1749.007614451647
1550,1749.007614451647
1551,1749.007614451647
1552,1749.007614451647
1553,1749.007614451647
1554,1749.007614451647
1555,1749.007614451647
1556,1749.007614451647
1557,1749.007614451647
1558,1749.007614451647
1559,1749.007614451647
1560,1749.007614451647
1561,1749.007614451647
1562,1749.007614451647
1563,1749.007614451647
1564,1749.007614451647
1565,1749.007614451647
1566,1749.007614451647
1567,1749.007614451647
1568,1749.007614451647
1569,1749.007614451647
1570,1749.007614451647
1571,1749.007614451647
1572,1749.007614451647
1573,1749.007614451647
1574,1749.007614451647
1575,1749.007614451647
1576,1749.007614451647
1577,1749.007614451647
1578,1749.007614451647
1579,1749.007614451647
1580,1749.007614451647
1581,1749.007614451647
1582,1749.007614451647
1583,1749.007614451647
1584,1749.007614451647
1585,1749.007614451647
1586,1749.007614451647
1587,1749.007614451647
1588,1749.007614451647
1589,1749.007614451647
1590,1749.007614451647
1591,1749.007614451647
1592,1749.007614451647
1593,1749.007614451647
1594,1749.007614451647
1595,1749.007614451647
1596,1749.007614451647
1597,1749.007614451647
1598,1749.007614451647
1599,1749.007614451647
1600,1749.007614451647
1601,1749.007614451647
1602,1749.007614451647
1603,1749.007614451647
1604,1749.007614451647
1605,1749.007614451647
1606,1749.007614451647
1607,1749.007614451647
1608,1749.007614451647
1609,1749.007614451647
1610,1749.007614451647
1611,1749.007614451647
1612,1749.007614451647
1613,1749.007614451647
1614,1749.007614451647
1615,1749.007614451647
1616,1749.007614451647
1617,1749.007614451647
1618,1749.007614451647
1619,1749.007614451647
1620,1749.007614451647
1621,1749.007614451647
1622,1749.007614451647
1623,1749.007614451647
1624,1749.007614451647
1625,1749.007614451647
1626,1749.007614451647
1627,1749.007614451647
1628,1749.007614451647
1629,1749.007614451647
1630,1749.007614451647
1631,1749.007614451647
1632,1749.007614451647
1633,1749.007614451647
1634,1749.007614451647
1635,1749.007614451647
1636,1749.007614451647
1637,1749.007614451647
1638,1749.007614451647
1639,1749.007614451647
1640,1749.007614451647
1641,1749.007614451647
1642,1749.007614451647
1643,1749.007614451647
1644,1749.007614451647
1645,1749.007614451647
1646,1749.007614451647
1647,1749.007614451647
1648,1749.007614451647
1649,1749.007614451647
1650,1749.007614451647
1651,1749.007614451647
1652,1749.007614451647
1653,1749.007614451647
1654,1749.007614451647
1655,1749.007614451647
1656,1749.007614451647
1657,1749.007614451647
1658,1749.007614451647
1659,1749.007614451647
1660,1749.007614451647
1661,1749.007614451647
1662,1749.007614451647
1663,1749.007614451647
1664,1749.007614451647
1665,1749.007614451647
1666,1749.007614451647
1667,1749.007614451647
1668,1749.007614451647
1669,1749.007614451647
1670,1749.007614451647
1671,1749.007614451647
1672,1749.007614451647
1673,1749.007614451647
1674,1749.007614451647
1675,1749.007614451647
1676,1749.007614451647
1677,1749.007614451647
1678,1749.007614451647
1679,1749.007614451647
1680,1749.007614451647
1681,1749.007614451647
1682,1749.007614451647
1683,1749.007614451647
1684,1749.007614451647
1685,1749.007614451647
1686,1749.007614451647
1687,1749.007614451647
1688,1749.007614451647
1689,1749.007614451647
1690,1749.007614451647
1691,1749.007614451647
1692,1749.007614451647
1693,1749.007614451647
1694,1749.007614451647
1695,1749.007614451647
1696,1749.007614451647
1697,1749.007614451647
1698,1749.007614451647
1699,1749.007614451647
1700,1749.007614451647
1701,1749.007614451647
1702,1749.007614451647
1703,1749.007614451647
1704,1749.007614451647
1705,1749.007614451647
1706,1749.007614451647
1707,1749.007614451647
1708,1749.007614451647
1709,1749.007614451647
1710,1749.007614451647
1711,1749.007614451647
1712,1749.007614451647
1713,1749.007614451647
1714,1749.007614451647
1715,1749.007614451647
1716,1749.007614451647
1717,1749.007614451647
1718,1749.007614451647
1719,1749.007614451647
1720,1749.007614451647
1721,1749.007614451647
1722,1749.007614451647
1723,1749.007614451647
1724,1749.007614451647
1725,1749.007614451647
1726,1749.007614451647
1727,1749.007614451647
1728,1749.007614451647
1729,1749.007614451647
1730,1749.007614451647
1731,1749.007614451647
1732,1749.007614451647
1733,1749.007614451647
1734,1749.007614451647
1735,1749.007614451647
1736,1749.007614451647
1737,1749.007614451647
1738,1749.007614451647
1739,1749.007614451647
1740,1749.007614451647
1741,1749.007614451647
1742,1749.007614451647
1743,1749.007614451647
1744,1749.007614451647
1745,1749.007614451647
1746,1749.007614451647
1747,1749.007614451647
1748,1749.007614451647
1749,1749.007614451647
1750,1749.007614451647
1751,1749.007614451647
1752,1749.007614451647
1753,1749.007614451647
1754,1749.007614451647
1755,1749.007614451647
1756,1749.007614451647
1757,1749.007614451647
1758,1749.007614451647
1759,1749.007614451647
1760,1749.007614451647
1761,1749.007614451647
1762,1749.007614451647
1763,1749.007614451647
1764,1749.007614451647
1765,1749.007614451647
1766,1749.007614451647
1767,1749.007614451647
1768,1749.007614451647
1769,1749.007614451647
1770,1749.007614451647
1771,1749.007614451647
1772,1749.007614451647
1773,1749.007614451647
1774,1749.007614451647
1775,1749.007614451647
1776,1749.007614451647
1777,1749.007614451647
1778,1749.007614451647
1779,1749.007614451647
1780,1749.007614451647
1781,1749.007614451647
1782,1749.007614451647
1783,1749.007614451647
1784,1749.007614451647
1785,1749.007614451647
1786,1749.007614451647
1787,1749.007614451647
1788,1749.007614451647
1789,1749.007614451647
1790,1749.007614451647
1791,1749.007614451647
1792,1749.007614451647
1793,1749.007614451647
1794,1749.007614451647
1795,1749.007614451647
1796,1749.007614451647
1797,1749.007614451647
1798,1749.007614451647
1799,1749.007614451647
1800,1749.007614451647
1801,1749.007614451647
1802,1749.007614451647
1803,1749.007614451647
1804,1749.007614451647
1805,1749.007614451647
1806,1749.007614451647
1807,1749.007614451647
1808,1749.007614451647
1809,1749.007614451647
1810,1749.007614451647
1811,1749.007614451647
1812,1749.007614451647
1813,1749.007614451647
1814,1749.007614451647
1815,1749.007614451647
1816,1749.007614451647
1817,1749.007614451647
1818,1749.007614451647
1819,1749.007614451647
1820,1749.007614451647
1821,1749.007614451647
1822,1749.007614451647
1823,1749.007614451647
1824,1749.007614451647
1825,1749.007614451647
1826,1749.007614451647
1827,1749.007614451647
1828,1749.007614451647
1829,1749.007614451647
1830,1749.007614451647
1831,1749.007614451647
1832,1749.007614451647
1833,1749.007614451647
1834,1749.007614451647
1835,1749.007614451647
1836,1749.007614451647
1837,1749.007614451647
1838,1749.007614451647
1839,1749.007614451647
1840,1749.007614451647
1841,1749.007614451647
1842,1749.007614451647
1843,1749.007614451647
1844,1749.007614451647
1845,1749.007614451647
1846,1749.007614451647
1847,1749.007614451647
1848,1749.007614451647
1849,1749.007614451647
1850,1749.007614451647
1851,1749.007614451647
1852,1749.007614451647
1853,1749.007614451647
1854,1749.007614451647
1855,1749.007614451647
1856,1749.007614451647
1857,1749.007614451647
1858,1749.007614451647
1859,1749.007614451647
1860,1749.007614451647
1861,1749.007614451647
1862,1749.007614451647
1863,1749.007614451647
1864,1749.007614451647
1865,1749.007614451647
1866,1749.007614451647
1867,1749.007614451647
1868,1749.007614451647
1869,1749.007614451647
1870,1749.007614451647
1871,1749.007614451647
1872,1749.007614451647
1873,1749.007614451647
1874,1749.007614451647
1875,1749.007614451647
1876,1749.007614451647
1877,1749.007614451647
1878,1749.007614451647
1879,1749.007614451647
1880,1749.007614451647
1881,1749.007614451647
1882,1749.007614451647
1883,1749.007614451647
1884,1749.007614451647
1885,1749.007614451647
1886,1749.007614451647
1887,1749.007614451647
1888,1749.007614451647
1889,1749.007614451647
1890,1749.007614451647
1891,1749.007614451647
1892,1749.007614451647
1893,1749.007614451647
1894,1749.007614451647
1895,1749.007614451647
1896,1749.007614451647
1897,1749.007614451647
1898,1749.007614451647
1899,1749.007614451647
1900,1749.007614451647
1901,1749.007614451647
1902,1749.007614451647
1903,1749.007614451647
1904,1749.007614451647
1905,1749.007614451647
1906,1749.007614451647
1907,1749.007614451647
1908,1749.007614451647
1909,1749.007614451647
1910,1749.007614451647
1911,1749.007614451647
1912,1749.007614451647
1913,1749.007614451647
1914,1749.007614451647
1915,1749.007614451647
1916,1749.007614451647
1917,1749.007614451647
1918,1749.007614451647
1919,1749.007614451647
1920,1749.007614451647
1921,1749.007614451647
1922,1749.007614451647
1923,1749.007614451647
1924,1749.007614451647
1925,1749.007614451647
1926,1749.007614451647
1927,1749.007614451647
1928,1749.007614451647
1929,1749.007614451647
1930,1749.007614451647
1931,1749.007614451647
1932,1749.007614451647
1933,1749.007614451647
1934,1749.007614451647
1935,1749.007614451647
1936,1749.007614451647
1937,1749.007614451647
1938,1749.007614451647
1939,1749.007614451647
1940,1749.007614451647
1941,1749.007614451647
1942,1749.007614451647
1943,1749.007614451647
1944,1749.007614451647
1945,1749.007614451647
1946,1749.007614451647
1947,1749.007614451647
1948,1749.007614451647
1949,1749.007614451647
1950,1749.007614451647
1951,1749.007614451647
1952,1749.007614451647
1953,1749.007614451647
1954,1749.007614451647
1955,1749.007614451647
1956,1749.007614451647
1957,1749.007614451647
1958,1749.007614451647
1959,1749.007614451647
1960,1749.007614451647
1961,1749.007614451647
1962,1749.007614451647
1963,1749.007614451647
1964,1749.007614451647
1965,1749.007614451647
1966,1749.007614451647
1967,1749.007614451647
1968,1749.007614451647
1969,1749.007614451647
1970,1749.007614451647
1971,1749.007614451647
1972,1749.007614451647
1973,1749.007614451647
1974,1749.007614451647
1975,1749.007614451647
1976,1749.007614451647
1977,1749.007614451647
1978,1749.007614451647
1979,1749.007614451647
1980,1749.007614451647
1981,1749.007614451647
1982,1749.007614451647
1983,1749.007614451647
1984,1749.007614451647
1985,1749.007614451647
1986,1749.007614451647
1987,1749.007614451647
1988,1749.007614451647
1989,1749.007614451647
1990,1749.007614451647
1991,1749.007614451647
1992,1749.007614451647
1993,1749.007614451647
1994,1749.007614451647
1995,1749.007614451647
1996,1749.007614451647
1997,1749.007614451647
1998,1749.007614451647
1999,1749.007614451647
2000,1749.007614451647
2001,1749.007614451647
2002,1749.007614451647
2003,1749.007614451647
2004,1749.007614451647
2005,1749.007614451647
2006,1749.007614451647
2007,1749.007614451647
2008,1749.007614451647
2009,1749.007614451647
2010,1749.007614451647
2011,1749.007614451647
2012,1749.007614451647
2013,1749.007614451647
2014,1749.007614451647
2015,1749.007614451647
2016,1749.007614451647
2017,1749.007614451647
2018,1749.007614451647
2019,1749.007614451647
2020,1749.007614451647
2021,1749.007614451647
2022,1749.007614451647
2023,1749.007614451647
2024,1749.007614451647
2025,1749.007614451647
2026,1749.007614451647
2027,1749.007614451647
2028,1749.007614451647
2029,1749.007614451647
2030,1749.007614451647
2031,1749.007614451647
2032,1749.007614451647
2033,1749.007614451647
2034,1749.007614451647
2035,1749.007614451647
2036,1749.007614451647
2037,1749.007614451647
2038,1749.007614451647
2039,1749.007614451647
2040,1749.007614451647
2041,1749.007614451647
2042,1749.007614451647
2043,1749.007614451647
2044,1749.007614451647
2045,1749.007614451647
2046,1749.007614451647
2047,1749.007614451647
2048,1749.007614451647
2049,1749.007614451647
2050,1749.007614451647
2051,1749.007614451647
2052,1749.007614451647
2053,1749.007614451647
2054,1749.007614451647
2055,1749.007614451647
2056,1749.007614451647
2057,1749.007614451647
2058,1749.007614451647
2059,1749.007614451647
2060,1749.007614451647
2061,1749.007614451647
2062,1749.007614451647
2063,1749.007614451647
2064,1749.007614451647
2065,1749.007614451647
2066,1749.007614451647
2067,1749.007614451647
2068,1749.007614451647
2069,1749.007614451647
2070,1749.007614451647
2071,1749.007614451647
2072,1749.007614451647
2073,1749.007614451647
2074,1749.007614451647
2075,1749.007614451647
2076,1749.007614451647
2077,1749.007614451647
2078,1749.007614451647
2079,1749.007614451647
2080,1749.007614451647
2081,1749.007614451647
2082,1749.007614451647
2083,1749.007614451647
2084,1749.007614451647
2085,1749.007614451647
2086,1749.007614451647
2087,1749.007614451647
2088,1749.007614451647
2089,1749.007614451647
2090,1749.007614451647
2091,1749.007614451647
2092,1749.007614451647
2093,1749.007614451647
2094,1749.007614451647
2095,1749.007614451647
2096,1749.007614451647
2097,1749.007614451647
2098,1749.007614451647
2099,1749.007614451647
2100,1749.007614451647
2101,1749.007614451647
2102,1749.007614451647
2103,1749.007614451647
2104,1749.007614451647
2105,1749.007614451647
2106,1749.007614451647
2107,1749.007614451647
2108,1749.007614451647
2109,1749.007614451647
2110,1749.007614451647
2111,1749.007614451647
2112,1749.007614451647
2113,1749.007614451647
2114,1749.007614451647
2115,1749.007614451647
2116,1749.007614451647
2117,1749.007614451647
2118,1749.007614451647
2119,1749.007614451647
2120,1749.007614451647
2121,1749.007614451647
2122,1749.007614451647
2123,1749.007614451647
2124,1749.007614451647
2125,1749.007614451647
2126,1749.007614451647
2127,1749.007614451647
2128,1749.007614451647
2129,1749.007614451647
2130,1749.007614451647
2131,1749.007614451647
2132,1749.007614451647
2133,1749.007614451647
2134,1749.007614451647
2135,1749.007614451647
2136,1749.007614451647
2137,1749.007614451647
2138,1749.007614451647
2139,1749.007614451647
2140,1749.007614451647
2141,1749.007614451647
2142,1749.007614451647
2143,1749.007614451647
2144,1749.007614451647
2145,1749.007614451647
2146,1749.007614451647
2147,1749.007614451647
2148,1749.007614451647
2149,1749.007614451647
2150,1749.007614451647
2151,1749.007614451647
2152,1749.007614451647
2153,1749.007614451647
2154,1749.007614451647
2155,1749.007614451647
2156,1749.007614451647
2157,1749.007614451647
2158,1749.007614451647
2159,1749.007614451647
2160,1749.007614451647
2161,1749.007614451647
2162,1749.007614451647
2163,1749.007614451647
2164,1749.007614451647
2165,1749.007614451647
2166,1749.007614451647
2167,1749.007614451647
2168,1749.007614451647
2169,1749.007614451647
2170,1749.007614451647
2171,1749.007614451647
2172,1749.007614451647
2173,1749.007614451647
2174,1749.007614451647
2175,1749.007614451647
2176,1749.007614451647
2177,1749.007614451647
2178,1749.007614451647
2179,1749.007614451647
2180,1749.007614451647
2181,1749.007614451647
2182,1749.007614451647
2183,1749.007614451647
2184,1749.007614451647
2185,1749.007614451647
2186,1749.007614451647
2187,1749.007614451647
2188,1749.007614451647
2189,1749.007614451647
2190,1749.007614451647
2191,1749.007614451647
2192,1749.007614451647
2193,1749.007614451647
2194,1749.007614451647
2195,1749.007614451647
2196,1749.007614451647
2197,1749.007614451647
2198,1749.007614451647
2199,1749.007614451647
2200,1749.007614451647
2201,1749.007614451647
2202,1749.007614451647
2203,1749.007614451647
2204,1749.007614451647
2205,1749.007614451647
2206,1749.007614451647
2207,1749.007614451647
2208,1749.007614451647
2209,1749.007614451647
2210,1749.007614451647
2211,1749.007614451647
2212,1749.007614451647
2213,1749.007614451647
2214,1749.007614451647
2215,1749.007614451647
2216,1749.007614451647
2217,1749.007614451647
2218,1749.007614451647
2219,1749.007614451647
2220,1749.007614451647
2221,1749.007614451647
2222,1749.007614451647
2223,1749.007614451647
2224,1749.007614451647
2225,1749.007614451647
2226,1749.007614451647
2227,1749.007614451647
2228,1749.007614451647
2229,1749.007614451647
2230,1749.007614451647
2231,1749.007614451647
2232,1749.007614451647
2233,1749.007614451647
2234,1749.007614451647
2235,1749.007614451647
2236,1749.007614451647
2237,1749.007614451647
2238,1749.007614451647
2239,1749.007614451647
2240,1749.007614451647
2241,1749.007614451647
2242,1749.007614451647
2243,1749.007614451647
2244,1749.007614451647
2245,1749.007614451647
2246,1749.007614451647
2247,1749.007614451647
2248,1749.007614451647
2249,1749.007614451647
2250,1749.007614451647
2251,1749.007614451647
2252,1749.007614451647
2253,1749.007614451647
2254,1749.007614451647
2255,1749.007614451647
2256,1749.007614451647
2257,1749.007614451647
2258,1749.007614451647
2259,1749.007614451647
2260,1749.007614451647
2261,1749.007614451647
2262,1749.007614451647
2263,1749.007614451647
2264,1749.007614451647
2265,1749.007614451647
2266,1749.007614451647
2267,1749.007614451647
2268,1749.007614451647
2269,1749.007614451647
2270,1749.007614451647
2271,1749.007614451647
2272,1749.007614451647
2273,1749.007614451647
2274,1749.007614451647
2275,1749.007614451647
2276,1749.007614451647
2277,1749.007614451647
2278,1749.007614451647
2279,1749.007614451647
2280,1749.007614451647
2281,1749.007614451647
2282,1749.007614451647
2283,1749.007614451647
2284,1749.007614451647
2285,1749.007614451647
2286,1749.007614451647
2287,1749.007614451647
2288,1749.007614451647
2289,1749.007614451647
2290,1749.007614451647
2291,1749.007614451647
2292,1749.007614451647
2293,1749.007614451647
2294,1749.007614451647
2295,1749.007614451647
2296,1749.007614451647
2297,1749.007614451647
2298,1749.007614451647
2299,1749.007614451647
2300,1749.007614451647
2301,1749.007614451647
2302,1749.007614451647
2303,1749.007614451647
2304,1749.007614451647
2305,1749.007614451647
2306,1749.007614451647
2307,1749.007614451647
2308,1749.007614451647
2309,1749.007614451647
2310,1749.007614451647
2311,1749.007614451647
2312,1749.007614451647
2313,1749.007614451647
2314,1749.007614451647
2315,1749.007614451647
2316,1749.007614451647
2317,1749.007614451647
2318,1749.007614451647
2319,1749.007614451647
2320,1749.007614451647
2321,1749.007614451647
2322,1749.007614451647
2323,1749.007614451647
2324,1749.007614451647
2325,1749.007614451647
2326,1749.007614451647
2327,1749.007614451647
2328,1749.007614451647
2329,1749.007614451647
2330,1749.007614451647
2331,1749.007614451647
2332,1749.007614451647
2333,1749.007614451647
2334,1749.007614451647
2335,1749.007614451647
2336,1749.007614451647
2337,1749.007614451647
2338,1749.007614451647
2339,1749.007614451647
2340,1749.007614451647
2341,1749.007614451647
2342,1749.007614451647
2343,1749.007614451647
2344,1749.007614451647
2345,1749.007614451647
2346,1749.007614451647
2347,1749.007614451647
2348,1749.007614451647
2349,1749.007614451647
2350,1749.007614451647
2351,1749.007614451647
2352,1749.007614451647
2353,1749.007614451647
2354,1749.007614451647
2355,1749.007614451647
2356,1749.007614451647
2357,1749.007614451647
2358,1749.007614451647
2359,1749.007614451647
2360,1749.007614451647
2361,1749.007614451647
2362,1749.007614451647
2363,1749.007614451647
2364,1749.007614451647
2365,1749.007614451647
2366,1749.007614451647
2367,1749.007614451647
2368,1749.007614451647
2369,1749.007614451647
2370,1749.007614451647
2371,1749.007614451647
2372,1749.007614451647
2373,1749.007614451647
2374,1749.007614451647
2375,1749.007614451647
2376,1749.007614451647
2377,1749.007614451647
2378,1749.007614451647
2379,1749.007614451647
2380,1749.007614451647
2381,1749.007614451647
2382,1749.007614451647
2383,1749.007614451647
2384,1749.007614451647
2385,1749.007614451647
2386,1749.007614451647
2387,1749.007614451647
2388,1749.007614451647
2389,1749.007614451647
2390,1749.007614451647
2391,1749.007614451647
2392,1749.007614451647
2393,1749.007614451647
2394,1749.007614451647
2395,1749.007614451647
2396,1749.007614451647
2397,1749.007614451647
2398,1749.007614451647
2399,1749.007614451647
2400,1749.007614451647
2401,1749.007614451647
2402,1749.007614451647
2403,1749.007614451647
2404,1749.007614451647
2405,1749.007614451647
2406,1749.007614451647
2407,1749.007614451647
2408,1749.007614451647
2409,1749.007614451647
2410,1749.007614451647
2411,1749.007614451647
2412,1749.007614451647
2413,1749.007614451647
2414,1749.007614451647
2415,1749.007614451647
2416,1749.007614451647
2417,1749.007614451647
2418,1749.007614451647
2419,1749.007614451647
2420,1749.007614451647
2421,1749.007614451647
2422,1749.007614451647
2423,1749.007614451647
2424,1749.007614451647
2425,1749.007614451647
2426,1749.007614451647
2427,1749.007614451647
2428,1749.007614451647
2429,1749.007614451647
2430,1749.007614451647
2431,1749.007614451647
2432,1749.007614451647
2433,1749.007614451647
2434,1749.007614451647
2435,1749.007614451647
2436,1749.007614451647
2437,1749.007614451647
2438,1749.007614451647
2439,1749.007614451647
2440,1749.007614451647
2441,1749.007614451647
2442,1749.007614451647
2443,1749.007614451647
2444,1749.007614451647
2445,1749.007614451647
2446,1749.007614451647
2447,1749.007614451647
2448,1749.007614451647
2449,1749.007614451647
2450,1749.007614451647
2451,1749.007614451647
2452,1749.007614451647
2453,1749.007614451647
2454,1749.007614451647
2455,1749.007614451647
2456,1749.007614451647
2457,1749.007614451647
2458,1749.007614451647
2459,1749.007614451647
2460,1749.007614451647
2461,1749.007614451647
2462,1749.007614451647
2463,1749.007614451647
2464,1749.007614451647
2465,1749.007614451647
2466,1749.007614451647
2467,1749.007614451647
2468,1749.007614451647
2469,1749.007614451647
2470,1749.007614451647
2471,1749.007614451647
2472,1749.007614451647
2473,1749.007614451647
2474,1749.007614451647
2475,1749.007614451647
2476,1749.007614451647
2477,1749.007614451647
2478,1749.007614451647
2479,1749.007614451647
2480,1749.007614451647
2481,1749.007614451647
2482,1749.007614451647
2483,1749.007614451647
2484,1749.007614451647
2485,1749.007614451647
2486,1749.007614451647
2487,1749.007614451647
2488,1749.007614451647
2489,1749.007614451647
2490,1749.007614451647
2491,1749.007614451647
2492,1749.007614451647
2493,1749.007614451647
2494,1749.007614451647
2495,1749.007614451647
2496,1749.007614451647
2497,1749.007614451647
2498,1749.007614451647
2499,1749.007614451647
2500,1749.007614451647
2501,1749.007614451647
2502,1749.007614451647
2503,1749.007614451647
2504,1749.007614451647
2505,1749.007614451647
2506,1749.007614451647
2507,1749.007614451647
2508,1749.007614451647
2509,1749.007614451647
2510,1749.007614451647
2511,1749.007614451647
2512,1749.007614451647
2513,1749.007614451647
2514,1749.007614451647
2515,1749.007614451647
2516,1749.007614451647
2517,1749.007614451647
2518,1749.007614451647
2519,1749.007614451647
2520,1749.007614451647
2521,1749.007614451647
2522,1749.007614451647
2523,1749.007614451647
2524,1749.007614451647
2525,1749.007614451647
2526,1749.007614451647
2527,1749.007614451647
2528,1749.007614451647
2529,1749.007614451647
2530,1749.007614451647
2531,1749.007614451647
2532,1749.007614451647
2533,1749.007614451647
2534,1749.007614451647
2535,1749.007614451647
2536,1749.007614451647
2537,1749.007614451647
2538,1749.007614451647
2539,1749.007614451647
2540,1749.007614451647
2541,1749.007614451647
2542,1749.007614451647
2543,1749.007614451647
2544,1749.007614451647
2545,1749.007614451647
2546,1749.007614451647
2547,1749.007614451647
2548,1749.007614451647
2549,1749.007614451647
2550,1749.007614451647
2551,1749.007614451647
2552,1749.007614451647
2553,1749.007614451647
2554,1749.007614451647
2555,1749.007614451647
2556,1749.007614451647
2557,1749.007614451647
2558,1749.007614451647
2559,1749.007614451647
2560,1749.007614451647
2561,1749.007614451647
2562,1749.007614451647
2563,1749.007614451647
2564,1749.007614451647
2565,1749.007614451647
2566,1749.007614451647
2567,1749.007614451647
2568,1749.007614451647
2569,1749.007614451647
2570,1749.007614451647
2571,1749.007614451647
2572,1749.007614451647
2573,1749.007614451647
2574,1749.007614451647
2575,1749.007614451647
2576,1749.007614451647
2577,1749.007614451647
2578,1749.007614451647
2579,1749.007614451647
2580,1749.007614451647
2581,1749.007614451647
2582,1749.007614451647
2583,1749.007614451647
2584,1749.007614451647
2585,1749.007614451647
2586,1749.007614451647
2587,1749.007614451647
2588,1749.007614451647
2589,1749.007614451647
2590,1749.007614451647
2591,1749.007614451647
2592,1749.007614451647
2593,1749.007614451647
2594,1749.007614451647
2595,1749.007614451647
2596,1749.007614451647
2597,1749.007614451647
2598,1749.007614451647
2599,1749.007614451647
2600,1749.007614451647
2601,1749.007614451647
2602,1749.007614451647
2603,1749.007614451647
2604,1749.007614451647
2605,1749.007614451647
2606,1749.007614451647
2607,1749.007614451647
2608,1749.007614451647
2609,1749.007614451647
2610,1749.007614451647
2611,1749.007614451647
2612,1749.007614451647
2613,1749.007614451647
2614,1749.007614451647
2615,1749.007614451647
2616,1749.007614451647
2617,1749.007614451647
2618,1749.007614451647
2619,1749.007614451647
2620,1749.007614451647
2621,1749.007614451647
2622,1749.007614451647
2623,1749.007614451647
2624,1749.007614451647
2625,1749.007614451647
2626,1749.007614451647
2627,1749.007614451647
2628,1749.007614451647
2629,1749.007614451647
2630,1749.007614451647
2631,1749.007614451647
2632,1749.007614451647
2633,1749.007614451647
2634,1749.007614451647
2635,1749.007614451647
2636,1749.007614451647
2637,1749.007614451647
2638,1749.007614451647
2639,1749.007614451647
2640,1749.007614451647
2641,1749.007614451647
2642,1749.007614451647
2643,1749.007614451647
2644,1749.007614451647
2645,1749.007614451647
2646,1749.007614451647
2647,1749.007614451647
2648,1749.007614451647
2649,1749.007614451647
2650,1749.007614451647
2651,1749.007614451647
2652,1749.007614451647
2653,1749.007614451647
2654,1749.007614451647
2655,1749.007614451647
2656,1749.007614451647
2657,1749.007614451647
2658,1749.007614451647
2659,1749.007614451647
2660,1749.007614451647
2661,1749.007614451647
2662,1749.007614451647
2663,1749.007614451647
2664,1749.007614451647
2665,1749.007614451647
2666,1749.007614451647
2667,1749.007614451647
2668,1749.007614451647
2669,1749.007614451647
2670,1749.007614451647
2671,1749.007614451647
2672,1749.007614451647
2673,1749.007614451647
2674,1749.007614451647
2675,1749.007614451647
2676,1749.007614451647
2677,1749.007614451647
2678,1749.007614451647
2679,1749.007614451647
2680,1749.007614451647
2681,1749.007614451647
2682,1749.007614451647
2683,1749.007614451647
2684,1749.007614451647
2685,1749.007614451647
2686,1749.007614451647
2687,1749.007614451647
2688,1749.007614451647
2689,1749.007614451647
2690,1749.007614451647
2691,1749.007614451647
2692,1749.007614451647
2693,1749.007614451647
2694,1749.007614451647
2695,1749.007614451647
2696,1749.007614451647
2697,1749.007614451647
2698,1749.007614451647
2699,1749.007614451647
2700,1749.007614451647
2701,1749.007614451647
2702,1749.007614451647
2703,1749.007614451647
2704,1749.007614451647
2705,1749.007614451647
2706,1749.007614451647
2707,1749.007614451647
2708,1749.007614451647
2709,1749.007614451647
2710,1749.007614451647
2711,1749.007614451647
2712,1749.007614451647
2713,1749.007614451647
2714,1749.007614451647
2715,1749.007614451647
2716,1749.007614451647
2717,1749.007614451647
2718,1749.007614451647
2719,1749.007614451647
2720,1749.007614451647
2721,1749.007614451647
2722,1749.007614451647
2723,1749.007614451647
2724,1749.007614451647
2725,1749.007614451647
2726,1749.007614451647
2727,1749.007614451647
2728,1749.007614451647
2729,1749.007614451647
2730,1749.007614451647
2731,1749.007614451647
2732,1749.007614451647
2733,1749.007614451647
2734,1749.007614451647
2735,1749.007614451647
2736,1749.007614451647
2737,1749.007614451647
2738,1749.007614451647
2739,1749.007614451647
2740,1749.007614451647
2741,1749.007614451647
2742,1749.007614451647
2743,1749.007614451647
2744,1749.007614451647
2745,1749.007614451647
2746,1749.007614451647
2747,1749.007614451647
2748,1749.007614451647
2749,1749.007614451647
2750,1749.007614451647
2751,1749.007614451647
2752,1749.007614451647
2753,1749.007614451647
2754,1749.007614451647
2755,1749.007614451647
2756,1749.007614451647
2757,1749.007614451647
2758,1749.007614451647
2759,1749.007614451647
2760,1749.007614451647
2761,1749.007614451647
2762,1749.007614451647
2763,1749.007614451647
2764,1749.007614451647
2765,1749.007614451647
2766,1749.007614451647
2767,1749.007614451647
2768,1749.007614451647
2769,1749.007614451647
2770,1749.007614451647
2771,1749.007614451647
2772,1749.007614451647
2773,1749.007614451647
2774,1749.007614451647
2775,1749.007614451647
2776,1749.007614451647
2777,1749.007614451647
2778,1749.007614451647
2779,1749.007614451647
2780,1749.007614451647
2781,1749.007614451647
2782,1749.007614451647
2783,1749.007614451647
2784,1749.007614451647
2785,1749.007614451647
2786,1749.007614451647
2787,1749.007614451647
2788,1749.007614451647
2789,1749.007614451647
2790,1749.007614451647
2791,1749.007614451647
2792,1749.007614451647
2793,1749.007614451647
2794,1749.007614451647
2795,1749.007614451647
2796,1749.007614451647
2797,1749.007614451647
2798,1749.007614451647
2799,1749.007614451647
2800,1749.007614451647
2801,1749.007614451647
2802,1749.007614451647
2803,1749.007614451647
2804,1749.007614451647
2805,1749.007614451647
2806,1749.007614451647
2807,1749.007614451647
2808,1749.007614451647
2809,1749.007614451647
2810,1749.007614451647
2811,1749.007614451647
2812,1749.007614451647
2813,1749.007614451647
2814,1749.007614451647
2815,1749.007614451647
2816,1749.007614451647
2817,1749.007614451647
2818,1749.007614451647
2819,1749.007614451647
2820,1749.007614451647
2821,1749.007614451647
2822,1749.007614451647
2823,1749.007614451647
2824,1749.007614451647
2825,1749.007614451647
2826,1749.007614451647
2827,1749.007614451647
2828,1749.007614451647
2829,1749.007614451647
2830,1749.007614451647
2831,1749.007614451647
2832,1749.007614451647
2833,1749.007614451647
2834,1749.007614451647
2835,1749.007614451647
2836,1749.007614451647
2837,1749.007614451647
2838,1749.007614451647
2839,1749.007614451647
2840,1749.007614451647
2841,1749.007614451647
2842,1749.007614451647
2843,1749.007614451647
2844,1749.007614451647
2845,1749.007614451647
2846,1749.007614451647
2847,1749.007614451647
2848,1749.007614451647
2849,1749.007614451647
2850,1749.007614451647
2851,1749.007614451647
2852,1749.007614451647
2853,1749.007614451647
2854,1749.007614451647
2855,1749.007614451647
2856,1749.007614451647
2857,1749.007614451647
2858,1749.007614451647
2859,1749.007614451647
2860,1749.007614451647
2861,1749.007614451647
2862,1749.007614451647
2863,1749.007614451647
2864,1749.007614451647
2865,1749.007614451647
2866,1749.007614451647
2867,1749.007614451647
2868,1749.007614451647
2869,1749.007614451647
2870,1749.007614451647
2871,1749.007614451647
2872,1749.007614451647
2873,1749.007614451647
2874,1749.007614451647
2875,1749.007614451647
2876,1749.007614451647
2877,1749.007614451647
2878,1749.007614451647
2879,1749.007614451647
2880,1749.007614451647
2881,1749.007614451647
2882,1749.007614451647
2883,1749.007614451647
2884,1749.007614451647
2885,1749.007614451647
2886,1749.007614451647
2887,1749.007614451647
2888,1749.007614451647
2889,1749.007614451647
2890,1749.007614451647
2891,1749.007614451647
2892,1749.007614451647
2893,1749.007614451647
2894,1749.007614451647
2895,1749.007614451647
2896,1749.007614451647
2897,1749.007614451647
2898,1749.007614451647
2899,1749.007614451647
2900,1749.007614451647
2901,1749.007614451647
2902,1749.007614451647
2903,1749.007614451647
2904,1749.007614451647
2905,1749.007614451647
2906,1749.007614451647
2907,1749.007614451647
2908,1749.007614451647
2909,1749.007614451647
2910,1749.007614451647
2911,1749.007614451647
2912,1749.007614451647
2913,1749.007614451647
2914,1749.007614451647
2915,1749.007614451647
2916,1749.007614451647
2917,1749.007614451647
2918,1749.007614451647
2919,1749.007614451647
2920,1749.007614451647
2921,1749.007614451647
2922,1749.007614451647
2923,1749.007614451647
2924,1749.007614451647
2925,1749.007614451647
2926,1749.007614451647
2927,1749.007614451647
2928,1749.007614451647
2929,1749.007614451647
2930,1749.007614451647
2931,1749.007614451647
2932,1749.007614451647
2933,1749.007614451647
2934,1749.007614451647
2935,1749.007614451647
2936,1749.007614451647
2937,1749.007614451647
2938,1749.007614451647
2939,1749.007614451647
2940,1749.007614451647
2941,1749.007614451647
2942,1749.007614451647
2943,1749.007614451647
2944,1749.007614451647
2945,1749.007614451647
2946,1749.007614451647
2947,1749.007614451647
2948,1749.007614451647
2949,1749.007614451647
2950,1749.007614451647
2951,1749.007614451647
2952,1749.007614451647
2953,1749.007614451647
2954,1749.007614451647
2955,1749.007614451647
2956,1749.007614451647
2957,1749.007614451647
2958,1749.007614451647
2959,1749.007614451647
2960,1749.007614451647
2961,1749.007614451647
2962,1749.007614451647
2963,1749.007614451647
2964,1749.007614451647
2965,1749.007614451647
2966,1749.007614451647
2967,1749.007614451647
2968,1749.007614451647
2969,1749.007614451647
2970,1749.007614451647
2971,1749.007614451647
2972,1749.007614451647
2973,1749.007614451647
2974,1749.007614451647
2975,1749.007614451647
2976,1749.007614451647
2977,1749.007614451647
2978,1749.007614451647
2979,1749.007614451647
2980,1749.007614451647
2981,1749.007614451647
2982,1749.007614451647
2983,1749.007614451647
2984,1749.007614451647
2985,1749.007614451647
2986,1749.007614451647
2987,1749.007614451647
2988,1749.007614451647
2989,1749.007614451647
2990,1749.007614451647
2991,1749.007614451647
2992,1749.007614451647
2993,1749.007614451647
2994,1749.007614451647
2995,1749.007614451647
2996,1749.007614451647
2997,1749.007614451647
2998,1749.007614451647
2999,1749.007614451647
3000,1749.007614451647
3001,1749.007614451647
3002,1749.007614451647
3003,1749.007614451647
3004,1749.007614451647
3005,1749.007614451647
3006,1749.007614451647
3007,1749.007614451647
3008,1749.007614451647
3009,1749.007614451647
3010,1749.007614451647
3011,1749.007614451647
3012,1749.007614451647
3013,1749.007614451647
3014,1749.007614451647
3015,1749.007614451647
3016,1749.007614451647
3017,1749.007614451647
3018,1749.007614451647
3019,1749.007614451647
3020,1749.007614451647
3021,1749.007614451647
3022,1749.007614451647
3023,1749.007614451647
3024,1749.007614451647
3025,1749.007614451647
3026,1749.007614451647
3027,1749.007614451647
3028,1749.007614451647
3029,1749.007614451647
3030,1749.007614451647
3031,1749.007614451647
3032,1749.007614451647
3033,1749.007614451647
3034,1749.007614451647
3035,1749.007614451647
3036,1749.007614451647
3037,1749.007614451647
3038,1749.007614451647
3039,1749.007614451647
3040,1749.007614451647
3041,1749.007614451647
3042,1749.007614451647
3043,1749.007614451647
3044,1749.007614451647
3045,1749.007614451647
3046,1749.007614451647
3047,1749.007614451647
3048,1749.007614451647
3049,1749.007614451647
3050,1749.007614451647
3051,1749.007614451647
3052,1749.007614451647
3053,1749.007614451647
3054,1749.007614451647
3055,1749.007614451647
3056,1749.007614451647
3057,1749.007614451647
3058,1749.007614451647
3059,1749.007614451647
3060,1749.007614451647
3061,1749.007614451647
3062,1749.007614451647
3063,1749.007614451647
3064,1749.007614451647
3065,1749.007614451647
3066,1749.007614451647
3067,1749.007614451647
3068,1749.007614451647
3069,1749.007614451647
3070,1749.007614451647
3071,1749.007614451647
3072,1749.007614451647
3073,1749.007614451647
3074,1749.007614451647
3075,1749.007614451647
3076,1749.007614451647
3077,1749.007614451647
3078,1749.007614451647
3079,1749.007614451647
3080,1749.007614451647
3081,1749.007614451647
3082,1749.007614451647
3083,1749.007614451647
3084,1749.007614451647
3085,1749.007614451647
3086,1749.007614451647
3087,1749.007614451647
3088,1749.007614451647
3089,1749.007614451647
3090,1749.007614451647
3091,1749.007614451647
3092,1749.007614451647
3093,1749.007614451647
3094,1749.007614451647
3095,1749.007614451647
3096,1749.007614451647
3097,1749.007614451647
3098,1749.007614451647
3099,1749.007614451647
3100,1749.007614451647
3101,1749.007614451647
3102,1749.007614451647
3103,1749.007614451647
3104,1749.007614451647
3105,1749.007614451647
3106,1749.007614451647
3107,1749.007614451647
3108,1749.007614451647
3109,1749.007614451647
3110,1749.007614451647
3111,1749.007614451647
3112,1749.007614451647
3113,1749.007614451647
3114,1749.007614451647
3115,1749.007614451647
3116,1749.007614451647
3117,1749.007614451647
3118,1749.007614451647
3119,1749.007614451647
3120,1749.007614451647
3121,1749.007614451647
3122,1749.007614451647
3123,1749.007614451647
3124,1749.007614451647
3125,1749.007614451647
3126,1749.007614451647
3127,1749.007614451647
3128,1749.007614451647
3129,1749.007614451647
3130,1749.007614451647
3131,1749.007614451647
3132,1749.007614451647
3133,1749.007614451647
3134,1749.007614451647
3135,1749.007614451647
3136,1749.007614451647
3137,1749.007614451647
3138,1749.007614451647
3139,1749.007614451647
3140,1749.007614451647
3141,1749.007614451647
3142,1749.007614451647
3143,1749.007614451647
3144,1749.007614451647
3145,1749.007614451647
3146,1749.007614451647
3147,1749.007614451647
3148,1749.007614451647
3149,1749.007614451647
3150,1749.007614451647
3151,1749.007614451647
3152,1749.007614451647
3153,1749.007614451647
3154,1749.007614451647
3155,1749.007614451647
3156,1749.007614451647
3157,1749.007614451647
3158,1749.007614451647
3159,1749.007614451647
3160,1749.007614451647
3161,1749.007614451647
3162,1749.007614451647
3163,1749.007614451647
3164,1749.007614451647
3165,1749.007614451647
3166,1749.007614451647
3167,1749.007614451647
3168,1749.007614451647
3169,1749.007614451647
3170,1749.007614451647
3171,1749.007614451647
3172,1749.007614451647
3173,1749.007614451647
3174,1749.007614451647
3175,1749.007614451647
3176,1749.007614451647
3177,1749.007614451647
3178,1749.007614451647
3179,1749.007614451647
3180,1749.007614451647
3181,1749.007614451647
3182,1749.007614451647
3183,1749.007614451647
3184,1749.007614451647
3185,1749.007614451647
3186,1749.007614451647
3187,1749.007614451647
3188,1749.007614451647
3189,1749.007614451647
3190,1749.007614451647
3191,1749.007614451647
3192,1749.007614451647
3193,1749.007614451647
3194,1749.007614451647
3195,1749.007614451647
3196,1749.007614451647
3197,1749.007614451647
3198,1749.007614451647
3199,1749.007614451647
3200,1749.007614451647
3201,1749.007614451647
3202,1749.007614451647
3203,1749.007614451647
3204,1749.007614451647
3205,1749.007614451647
3206,1749.007614451647
3207,1749.007614451647
3208,1749.007614451647
3209,1749.007614451647
3210,1749.007614451647
3211,1749.007614451647
3212,1749.007614451647
3213,1749.007614451647
3214,1749.007614451647
3215,1749.007614451647
3216,1749.007614451647
3217,1749.007614451647
3218,1749.007614451647
3219,1749.007614451647
3220,1749.007614451647
3221,1749.007614451647
3222,1749.007614451647
3223,1749.007614451647
3224,1749.007614451647
3225,1749.007614451647
3226,1749.007614451647
3227,1749.007614451647
3228,1749.007614451647
3229,1749.007614451647
3230,1749.007614451647
3231,1749.007614451647
3232,1749.007614451647
3233,1749.007614451647
3234,1749.007614451647
3235,1749.007614451647
3236,1749.007614451647
3237,1749.007614451647
3238,1749.007614451647
3239,1749.007614451647
3240,1749.007614451647
3241,1749.007614451647
3242,1749.007614451647
3243,1749.007614451647
3244,1749.007614451647
3245,1749.007614451647
3246,1749.007614451647
3247,1749.007614451647
3248,1749.007614451647
3249,1749.007614451647
3250,1749.007614451647
3251,1749.007614451647
3252,1749.007614451647
3253,1749.007614451647
3254,1749.007614451647
3255,1749.007614451647
3256,1749.007614451647
3257,1749.007614451647
3258,1749.007614451647
3259,1749.007614451647
3260,1749.007614451647
3261,1749.007614451647
3262,1749.007614451647
3263,1749.007614451647
3264,1749.007614451647
3265,1749.007614451647
3266,1749.007614451647
3267,1749.007614451647
3268,1749.007614451647
3269,1749.007614451647
3270,1749.007614451647
3271,1749.007614451647
3272,1749.007614451647
3273,1749.007614451647
3274,1749.007614451647
3275,1749.007614451647
3276,1749.007614451647
3277,1749.007614451647
3278,1749.007614451647
3279,1749.007614451647
3280,1749.007614451647
3281,1749.007614451647
3282,1749.007614451647
3283,1749.007614451647
3284,1749.007614451647
3285,1749.007614451647
3286,1749.007614451647
3287,1749.007614451647
3288,1749.007614451647
3289,1749.007614451647
3290,1749.007614451647
3291,1749.007614451647
3292,1749.007614451647
3293,1749.007614451647
3294,1749.007614451647
3295,1749.007614451647
3296,1749.007614451647
3297,1749.007614451647
3298,1749.007614451647
3299,1749.007614451647
3300,1749.007614451647
3301,1749.007614451647
3302,1749.007614451647
3303,1749.007614451647
3304,1749.007614451647
3305,1749.007614451647
3306,1749.007614451647
3307,1749.007614451647
3308,1749.007614451647
3309,1749.007614451647
3310,1749.007614451647
3311,1749.007614451647
3312,1749.007614451647
3313,1749.007614451647
3314,1749.007614451647
3315,1749.007614451647
3316,1749.007614451647
3317,1749.007614451647
3318,1749.007614451647
3319,1749.007614451647
3320,1749.007614451647
3321,1749.007614451647
3322,1749.007614451647
3323,1749.007614451647
3324,1749.007614451647
3325,1749.007614451647
3326,1749.007614451647
3327,1749.007614451647
3328,1749.007614451647
3329,1749.007614451647
3330,1749.007614451647
3331,1749.007614451647
3332,1749.007614451647
3333,1749.007614451647
3334,1749.007614451647
3335,1749.007614451647
3336,1749.007614451647
3337,1749.007614451647
3338,1749.007614451647
3339,1749.007614451647
3340,1749.007614451647
3341,1749.007614451647
3342,1749.007614451647
3343,1749.007614451647
3344,1749.007614451647
3345,1749.007614451647
3346,1749.007614451647
3347,1749.007614451647
3348,1749.007614451647
3349,1749.007614451647
3350,1749.007614451647
3351,1749.007614451647
3352,1749.007614451647
3353,1749.007614451647
3354,1749.007614451647
3355,1749.007614451647
3356,1749.007614451647
3357,1749.007614451647
3358,1749.007614451647
3359,1749.007614451647
3360,1749.007614451647
3361,1749.007614451647
3362,1749.007614451647
3363,1749.007614451647
3364,1749.007614451647
3365,1749.007614451647
3366,1749.007614451647
3367,1749.007614451647
3368,1749.007614451647
3369,1749.007614451647
3370,1749.007614451647
3371,1749.007614451647
3372,1749.007614451647
3373,1749.007614451647
3374,1749.007614451647
3375,1749.007614451647
3376,1749.007614451647
3377,1749.007614451647
3378,1749.007614451647
3379,1749.007614451647
3380,1749.007614451647
3381,1749.007614451647
3382,1749.007614451647
3383,1749.007614451647
3384,1749.007614451647
3385,1749.007614451647
3386,1749.007614451647
3387,1749.007614451647
3388,1749.007614451647
3389,1749.007614451647
3390,1749.007614451647
3391,1749.007614451647
3392,1749.007614451647
3393,1749.007614451647
3394,1749.007614451647
3395,1749.007614451647
3396,1749.007614451647
3397,1749.007614451647
3398,1749.007614451647
3399,1749.007614451647
3400,1749.007614451647
3401,1749.007614451647
3402,1749.007614451647
3403,1749.007614451647
3404,1749.007614451647
3405,1749.007614451647
3406,1749.007614451647
3407,1749.007614451647
3408,1749.007614451647
3409,1749.007614451647
3410,1749.007614451647
3411,1749.007614451647
3412,1749.007614451647
3413,1749.007614451647
3414,1749.007614451647
3415,1749.007614451647
3416,1749.007614451647
3417,1749.007614451647
3418,1749.007614451647
3419,1749.007614451647
3420,1749.007614451647
3421,1749.007614451647
3422,1749.007614451647
3423,1749.007614451647
3424,1749.007614451647
3425,1749.007614451647
3426,1749.007614451647
3427,1749.007614451647
3428,1749.007614451647
3429,1749.007614451647
3430,1749.007614451647
3431,1749.007614451647
3432,1749.007614451647
3433,1749.007614451647
3434,1749.007614451647
3435,1749.007614451647
3436,1749.007614451647
3437,1749.007614451647
3438,1749.007614451647
3439,1749.007614451647
3440,1749.007614451647
3441,1749.007614451647
3442,1749.007614451647
3443,1749.007614451647
3444,1749.007614451647
3445,1749.007614451647
3446,1749.007614451647
3447,1749.007614451647
3448,1749.007614451647
3449,1749.007614451647
3450,1749.007614451647
3451,1749.007614451647
3452,1749.007614451647
3453,1749.007614451647
3454,1749.007614451647
3455,1749.007614451647
3456,1749.007614451647
3457,1749.007614451647
3458,1749.007614451647
3459,1749.007614451647
3460,1749.007614451647
3461,1749.007614451647
3462,1749.007614451647
3463,1749.007614451647
3464,1749.007614451647
3465,1749.007614451647
3466,1749.007614451647
3467,1749.007614451647
3468,1749.007614451647
3469,1749.007614451647
3470,1749.007614451647
3471,1749.007614451647
3472,1749.007614451647
3473,1749.007614451647
3474,1749.007614451647
3475,1749.007614451647
3476,1749.007614451647
3477,1749.007614451647
3478,1749.007614451647
3479,1749.007614451647
3480,1749.007614451647
3481,1749.007614451647
3482,1749.007614451647
3483,1749.007614451647
3484,1749.007614451647
3485,1749.007614451647
3486,1749.007614451647
3487,1749.007614451647
3488,1749.007614451647
3489,1749.007614451647
3490,1749.007614451647
3491,1749.007614451647
3492,1749.007614451647
3493,1749.007614451647
3494,1749.007614451647
3495,1749.007614451647
3496,1749.007614451647
3497,1749.007614451647
3498,1749.007614451647
3499,1749.007614451647
3500,1749.007614451647
3501,1749.007614451647
3502,1749.007614451647
3503,1749.007614451647
3504,1749.007614451647
3505,1749.007614451647
3506,1749.007614451647
3507,1749.007614451647
3508,1749.007614451647
3509,1749.007614451647
3510,1749.007614451647
3511,1749.007614451647
3512,1749.007614451647
3513,1749.007614451647
3514,1749.007614451647
3515,1749.007614451647
3516,1749.007614451647
3517,1749.007614451647
3518,1749.007614451647
3519,1749.007614451647
3520,1749.007614451647
3521,1749.007614451647
3522,1749.007614451647
3523,1749.007614451647
3524,1749.007614451647
3525,1749.007614451647
3526,1749.007614451647
3527,1749.007614451647
3528,1749.007614451647
3529,1749.007614451647
3530,1749.007614451647
3531,1749.007614451647
3532,1749.007614451647
3533,1749.007614451647
3534,1749.007614451647
3535,1749.007614451647
3536,1749.007614451647
3537,1749.007614451647
3538,1749.007614451647
3539,1749.007614451647
3540,1749.007614451647
3541,1749.007614451647
3542,1749.007614451647
3543,1749.007614451647
3544,1749.007614451647
3545,1749.007614451647
3546,1749.007614451647
3547,1749.007614451647
3548,1749.007614451647
3549,1749.007614451647
3550,1749.007614451647
3551,1749.007614451647
3552,1749.007614451647
3553,1749.007614451647
3554,1749.007614451647
3555,1749.007614451647
3556,1749.007614451647
3557,1749.007614451647
3558,1749.007614451647
3559,1749.007614451647
3560,1749.007614451647
3561,1749.007614451647
3562,1749.007614451647
3563,1749.007614451647
3564,1749.007614451647
3565,1749.007614451647
3566,1749.007614451647
3567,1749.007614451647
3568,1749.007614451647
3569,1749.007614451647
3570,1749.007614451647
3571,1749.007614451647
3572,1749.007614451647
3573,1749.007614451647
3574,1749.007614451647
3575,1749.007614451647
3576,1749.007614451647
3577,1749.007614451647
3578,1749.007614451647
3579,1749.007614451647
3580,1749.007614451647
3581,1749.007614451647
3582,1749.007614451647
3583,1749.007614451647
3584,1749.007614451647
3585,1749.007614451647
3586,1749.007614451647
3587,1749.007614451647
3588,1749.007614451647
3589,1749.007614451647
3590,1749.007614451647
3591,1749.007614451647
3592,1749.007614451647
3593,1749.007614451647
3594,1749.007614451647
3595,1749.007614451647
3596,1749.007614451647
3597,1749.007614451647
3598,1749.007614451647
3599,1749.007614451647
3600,1749.007614451647
3601,1749.007614451647
3602,1749.007614451647
3603,1749.007614451647
3604,1749.007614451647
3605,1749.007614451647
3606,1749.007614451647
3607,1749.007614451647
3608,1749.007614451647
3609,1749.007614451647
3610,1749.007614451647
3611,1749.007614451647
3612,1749.007614451647
3613,1749.007614451647
3614,1749.007614451647
3615,1749.007614451647
3616,1749.007614451647
3617,1749.007614451647
3618,1749.007614451647
3619,1749.007614451647
3620,1749.007614451647
3621,1749.007614451647
3622,1749.007614451647
3623,1749.007614451647
3624,1749.007614451647
3625,1749.007614451647
3626,1749.007614451647
3627,1749.007614451647
3628,1749.007614451647
3629,1749.007614451647
3630,1749.007614451647
3631,1749.007614451647
3632,1749.007614451647
3633,1749.007614451647
3634,1749.007614451647
3635,1749.007614451647
3636,1749.007614451647
3637,1749.007614451647
3638,1749.007614451647
3639,1749.007614451647
3640,1749.007614451647
3641,1749.007614451647
3642,1749.007614451647
3643,1749.007614451647
3644,1748.1326471276748
3645,1747.1018844642458
3646,1745.7924396560002
3647,1744.8747350011326
3648,1744.3726850627622
3649,1744.3726850627622
3650,1744.3726850627622
3651,1744.3726850627622
3652,1744.3726850627622
3653,1744.3726850627622
3654,1744.3726850627622
3655,1744.3726850627622
3656,1744.3726850627622
3657,1744.3726850627622
3658,1744.3726850627622
3659,1744.3726850627622
3660,1744.3726850627622
3661,1744.3726850627622
3662,1744.3726850627622
3663,1744.3726850627622
3664,1744.3726850627622
3665,1744.3726850627622
3666,1744.3726850627622
3667,1744.3726850627622
3668,1744.3726850627622
3669,1744.3726850627622
3670,1744.3726850627622
3671,1744.3726850627622
3672,1744.3726850627622
3673,1744.3726850627622
3674,1744.3726850627622
3675,1744.3726850627622
3676,1744.3726850627622
3677,1744.3726850627622
3678,1744.3726850627622
3679,1744.3726850627622
3680,1744.3726850627622
3681,1744.3726850627622
3682,1744.3726850627622
3683,1744.3726850627622
3684,1744.3726850627622
3685,1744.3726850627622
3686,1744.3726850627622
3687,1744.3726850627622
3688,1744.3726850627622
3689,1744.3726850627622
3690,1744.3726850627622
3691,1744.3726850627622
3692,1744.3726850627622
3693,1744.3726850627622
3694,1744.3726850627622
3695,1744.3726850627622
3696,1744.3726850627622
3697,1744.3726850627622
3698,1744.3726850627622
3699,1744.3726850627622
3700,1744.3726850627622
3701,1744.3726850627622
3702,1744.3726850627622
3703,1744.3726850627622
3704,1744.3726850627622
3705,1744.3726850627622
3706,1744.3726850627622
3707,1744.3726850627622
3708,1744.3726850627622
3709,1744.3726850627622
3710,1744.3726850627622
3711,1744.3726850627622
3712,1744.3726850627622
3713,1744.3726850627622
3714,1744.3726850627622
3715,1744.3726850627622
3716,1744.3726850627622
3717,1744.3726850627622
3718,1744.3726850627622
3719,1744.3726850627622
3720,1744.3726850627622
3721,1744.3726850627622
3722,1744.3726850627622
3723,1744.3726850627622
3724,1744.3726850627622
3725,1744.3726850627622
3726,1744.3726850627622
3727,1744.3726850627622
3728,1744.3726850627622
3729,1744.3726850627622
3730,1744.3726850627622
3731,1744.3726850627622
3732,1744.3726850627622
3733,1744.3726850627622
3734,1744.3726850627622
3735,1744.3726850627622
3736,1744.3726850627622
3737,1744.3726850627622
3738,1744.3726850627622
3739,1744.3726850627622
3740,1744.3726850627622
3741,1744.3726850627622
3742,1744.3726850627622
3743,1744.3726850627622
3744,1744.3726850627622
3745,1744.3726850627622
3746,1744.3726850627622
3747,1744.3726850627622
3748,1744.3726850627622
3749,1744.3726850627622
3750,1744.3726850627622
3751,1744.3726850627622
3752,1744.3726850627622
3753,1744.3726850627622
3754,1744.3726850627622
3755,1744.3726850627622
3756,1744.3726850627622
3757,1744.3726850627622
3758,1744.3726850627622
3759,1744.3726850627622
3760,1744.3726850627622
3761,1744.3726850627622
3762,1744.3726850627622
3763,1744.3726850627622
3764,1744.3726850627622
3765,1744.3726850627622
3766,1744.3726850627622
3767,1744.3726850627622
3768,1744.3726850627622
3769,1744.3726850627622
3770,1744.3726850627622
3771,1744.3726850627622
3772,1744.3726850627622
3773,1744.3726850627622
3774,1744.3726850627622
3775,1744.3726850627622
3776,1744.3726850627622
3777,1744.3726850627622
3778,1744.3726850627622
3779,1744.3726850627622
3780,1744.3726850627622
3781,1744.3726850627622
3782,1744.3726850627622
3783,1744.3726850627622
3784,1744.3726850627622
3785,1744.3726850627622
3786,1744.3726850627622
3787,1744.3726850627622
3788,1744.3726850627622
3789,1744.3726850627622
3790,1744.3726850627622
3791,1744.3726850627622
3792,1744.3726850627622
3793,1744.3726850627622
3794,1744.3726850627622
3795,1744.3726850627622
3796,1744.3726850627622
3797,1744.3726850627622
3798,1744.3726850627622
3799,1744.3726850627622
3800,1744.3726850627622
3801,1744.3726850627622
3802,1744.3726850627622
3803,1744.3726850627622
3804,1744.3726850627622
3805,1744.3726850627622
3806,1744.3726850627622
3807,1744.3726850627622
3808,1744.3726850627622
3809,1744.3726850627622
3810,1744.3726850627622
3811,1744.3726850627622
3812,1744.3726850627622
3813,1744.3726850627622
3814,1744.3726850627622
3815,1744.3726850627622
3816,1744.3726850627622
3817,1744.3726850627622
3818,1744.3726850627622
3819,1744.3726850627622
3820,1744.3726850627622
3821,1744.3726850627622
3822,1744.3726850627622
3823,1744.3726850627622
3824,1744.3726850627622
3825,1744.3726850627622
3826,1744.3726850627622
3827,1744.3726850627622
3828,1744.3726850627622
3829,1744.3726850627622
3830,1744.3726850627622
3831,1744.3726850627622
3832,1744.3726850627622
3833,1744.3726850627622
3834,1744.3726850627622
3835,1744.3726850627622
3836,1744.3726850627622
3837,1744.0182154880297
3838,1740.7177892079264
3839,1739.6870265444975
3840,1738.3775817362518
3841,1738.1988776308128
3842,1737.3366677793663
3843,1737.3366677793663
3844,1737.3366677793663
3845,1737.3366677793663
3846,1737.3366677793663
3847,1737.3366677793663
3848,1737.3366677793663
3849,1737.3366677793663
3850,1737.3366677793663
3851,1737.3366677793663
3852,1737.3366677793663
3853,1737.3366677793663
3854,1737.3366677793663
3855,1737.3366677793663
3856,1737.3366677793663
3857,1737.3366677793663
3858,1737.3366677793663
3859,1737.3366677793663
3860,1737.2446838639742
3861,1737.0659797585351
3862,1736.2037699070886
3863,1736.2037699070886
3864,1736.2037699070886
3865,1736.2037699070886
3866,1736.2037699070886
3867,1736.2037699070886
3868,1736.2037699070886
3869,1736.2037699070886
3870,1736.2037699070886
3871,1736.2037699070886
3872,1736.2037699070886
3873,1736.2037699070886
3874,1736.2037699070886
3875,1736.2037699070886
3876,1736.2037699070886
3877,1736.2037699070886
3878,1736.2037699070886
3879,1736.2037699070886
3880,1736.2037699070886
3881,1736.2037699070886
3882,1736.2037699070886
3883,1736.2037699070886
3884,1736.2037699070886
3885,1736.2037699070886
3886,1736.2037699070886
3887,1736.2037699070886
3888,1736.2037699070886
3889,1736.2037699070886
3890,1736.2037699070886
3891,1736.2037699070886
3892,1736.2037699070886
3893,1736.2037699070886
3894,1736.2037699070886
3895,1736.2037699070886
3896,1736.2037699070886
3897,1736.2037699070886
3898,1736.2037699070886
3899,1736.2037699070886
3900,1736.2037699070886
3901,1736.2037699070886
3902,1736.2037699070886
3903,1736.2037699070886
3904,1736.2037699070886
3905,1736.2037699070886
3906,1736.2037699070886
3907,1736.2037699070886
3908,1736.2037699070886
3909,1736.2037699070886
3910,1736.2037699070886
3911,1736.2037699070886
3912,1736.2037699070886
3913,1736.2037699070886
3914,1736.2037699070886
3915,1736.2037699070886
3916,1736.2037699070886
3917,1736.2037699070886
3918,1736.2037699070886
3919,1736.2037699070886
3920,1736.2037699070886
3921,1736.2037699070886
3922,1736.2037699070886
3923,1736.2037699070886
3924,1736.2037699070886
3925,1736.2037699070886
3926,1736.2037699070886
3927,1736.2037699070886
3928,1736.2037699070886
3929,1736.2037699070886
3930,1736.2037699070886
3931,1736.2037699070886
3932,1736.2037699070886
3933,1736.2037699070886
3934,1736.2037699070886
3935,1736.2037699070886
3936,1736.2037699070886
3937,1736.2037699070886
3938,1736.2037699070886
3939,1736.2037699070886
3940,1736.2037699070886
3941,1736.2037699070886
3942,1736.2037699070886
3943,1736.2037699070886
3944,1736.2037699070886
3945,1736.2037699070886
3946,1736.2037699070886
3947,1736.2037699070886
3948,1736.2037699070886
3949,1736.2037699070886
3950,1736.2037699070886
3951,1736.2037699070886
3952,1736.2037699070886
3953,1736.2037699070886
3954,1736.2037699070886
3955,1736.2037699070886
3956,1736.2037699070886
3957,1736.2037699070886
3958,1736.2037699070886
3959,1736.2037699070886
3960,1736.2037699070886
3961,1736.2037699070886
3962,1736.2037699070886
3963,1736.2037699070886
3964,1736.2037699070886
3965,1736.2037699070886
3966,1736.2037699070886
3967,1736.2037699070886
3968,1736.2037699070886
3969,1736.2037699070886
3970,1736.2037699070886
3971,1736.2037699070886
3972,1736.2037699070886
3973,1736.2037699070886
3974,1736.2037699070886
3975,1736.2037699070886
3976,1736.2037699070886
3977,1736.2037699070886
3978,1736.2037699070886
3979,1736.2037699070886
3980,1736.2037699070886
3981,1736.2037699070886
3982,1736.2037699070886
3983,1736.2037699070886
3984,1736.2037699070886
3985,1736.2037699070886
3986,1736.2037699070886
3987,1736.2037699070886
3988,1736.2037699070886
3989,1736.2037699070886
3990,1736.2037699070886
3991,1736.2037699070886
3992,1736.2037699070886
3993,1736.2037699070886
3994,1736.2037699070886
3995,1736.2037699070886
3996,1736.2037699070886
3997,1736.2037699070886
3998,1736.2037699070886
3999,1736.2037699070886
4000,1736.2037699070886
4001,1736.2037699070886
4002,1736.2037699070886
4003,1736.2037699070886
4004,1736.2037699070886
4005,1736.2037699070886
4006,1736.2037699070886
4007,1736.2037699070886
4008,1736.2037699070886
4009,1736.2037699070886
4010,1736.2037699070886
4011,1736.2037699070886
4012,1736.2037699070886
4013,1736.2037699070886
4014,1736.2037699070886
4015,1736.2037699070886
4016,1736.2037699070886
4017,1736.2037699070886
4018,1736.2037699070886
4019,1736.2037699070886
4020,1736.2037699070886
4021,1736.2037699070886
4022,1736.2037699070886
4023,1736.2037699070886
4024,1736.2037699070886
4025,1736.2037699070886
4026,1736.2037699070886
4027,1736.2037699070886
4028,1736.2037699070886
4029,1736.2037699070886
4030,1736.2037699070886
4031,1736.2037699070886
4032,1736.2037699070886
4033,1736.2037699070886
4034,1736.2037699070886
4035,1736.2037699070886
4036,1736.2037699070886
4037,1736.2037699070886
4038,1736.2037699070886
4039,1736.2037699070886
4040,1736.2037699070886
4041,1736.2037699070886
4042,1736.2037699070886
4043,1736.2037699070886
4044,1736.2037699070886
4045,1736.2037699070886
4046,1736.2037699070886
4047,1736.2037699070886
4048,1736.2037699070886
4049,1736.2037699070886
4050,1736.2037699070886
4051,1736.2037699070886
4052,1736.2037699070886
4053,1736.2037699070886
4054,1736.2037699070886
4055,1736.2037699070886
4056,1736.2037699070886
4057,1736.2037699070886
4058,1736.2037699070886
4059,1736.2037699070886
4060,1736.2037699070886
4061,1736.2037699070886
4062,1736.2037699070886
4063,1736.2037699070886
4064,1736.2037699070886
4065,1736.2037699070886
4066,1736.2037699070886
4067,1736.2037699070886
4068,1736.2037699070886
4069,1736.2037699070886
4070,1736.2037699070886
4071,1736.2037699070886
4072,1736.2037699070886
4073,1736.2037699070886
4074,1736.2037699070886
4075,1736.2037699070886
4076,1736.2037699070886
4077,1736.2037699070886
4078,1736.2037699070886
4079,1736.2037699070886
4080,1736.2037699070886
4081,1736.2037699070886
4082,1736.2037699070886
4083,1736.2037699070886
4084,1736.2037699070886
4085,1736.2037699070886
4086,1736.2037699070886
4087,1736.2037699070886
4088,1736.2037699070886
4089,1736.2037699070886
4090,1736.2037699070886
4091,1736.2037699070886
4092,1736.2037699070886
4093,1736.2037699070886
4094,1736.2037699070886
4095,1736.2037699070886
4096,1736.2037699070886
4097,1736.2037699070886
4098,1736.2037699070886
4099,1736.2037699070886
4100,1736.2037699070886
4101,1736.2037699070886
4102,1736.2037699070886
4103,1736.2037699070886
4104,1736.2037699070886
4105,1736.2037699070886
4106,1736.2037699070886
4107,1736.2037699070886
4108,1736.2037699070886
4109,1736.2037699070886
4110,1736.2037699070886
4111,1736.2037699070886
4112,1736.2037699070886
4113,1736.2037699070886
4114,1736.2037699070886
4115,1736.2037699070886
4116,1736.2037699070886
4117,1736.2037699070886
4118,1736.2037699070886
4119,1736.2037699070886
4120,1736.2037699070886
4121,1736.2037699070886
4122,1736.2037699070886
4123,1736.2037699070886
4124,1736.2037699070886
4125,1736.2037699070886
4126,1736.2037699070886
4127,1736.2037699070886
4128,1736.2037699070886
4129,1736.2037699070886
4130,1736.2037699070886
4131,1736.2037699070886
4132,1736.2037699070886
4133,1736.2037699070886
4134,1736.2037699070886
4135,1736.2037699070886
4136,1736.2037699070886
4137,1736.2037699070886
4138,1736.2037699070886
4139,1736.2037699070886
4140,1736.2037699070886
4141,1736.2037699070886
4142,1736.2037699070886
4143,1736.2037699070886
4144,1736.2037699070886
4145,1736.2037699070886
4146,1736.2037699070886
4147,1736.2037699070886
4148,1736.2037699070886
4149,1736.2037699070886
4150,1736.2037699070886
4151,1736.2037699070886
4152,1736.2037699070886
4153,1736.2037699070886
4154,1736.2037699070886
4155,1736.2037699070886
4156,1736.2037699070886
4157,1736.2037699070886
4158,1736.2037699070886
4159,1736.2037699070886
4160,1736.2037699070886
4161,1736.2037699070886
4162,1736.2037699070886
4163,1736.2037699070886
4164,1736.2037699070886
4165,1736.2037699070886
4166,1736.2037699070886
4167,1736.2037699070886
4168,1736.2037699070886
4169,1736.2037699070886
4170,1736.2037699070886
4171,1736.2037699070886
4172,1736.2037699070886
4173,1736.2037699070886
4174,1736.2037699070886
4175,1736.2037699070886
4176,1736.2037699070886
4177,1736.2037699070886
4178,1736.2037699070886
4179,1736.2037699070886
4180,1736.2037699070886
4181,1736.2037699070886
4182,1736.2037699070886
4183,1736.2037699070886
4184,1736.2037699070886
4185,1736.2037699070886
4186,1736.2037699070886
4187,1736.2037699070886
4188,1736.2037699070886
4189,1736.2037699070886
4190,1736.2037699070886
4191,1736.2037699070886
4192,1736.2037699070886
4193,1736.2037699070886
4194,1736.2037699070886
4195,1736.2037699070886
4196,1736.2037699070886
4197,1736.2037699070886
4198,1736.2037699070886
4199,1736.2037699070886
4200,1736.2037699070886
4201,1736.2037699070886
4202,1736.2037699070886
4203,1736.2037699070886
4204,1736.2037699070886
4205,1736.2037699070886
4206,1736.2037699070886
4207,1736.2037699070886
4208,1736.2037699070886
4209,1736.2037699070886
4210,1736.2037699070886
4211,1736.2037699070886
4212,1736.2037699070886
4213,1736.2037699070886
4214,1736.2037699070886
4215,1736.2037699070886
4216,1736.2037699070886
4217,1736.2037699070886
4218,1736.2037699070886
4219,1736.2037699070886
4220,1736.2037699070886
4221,1736.2037699070886
4222,1736.2037699070886
4223,1736.2037699070886
4224,1736.2037699070886
4225,1736.2037699070886
4226,1736.2037699070886
4227,1736.2037699070886
4228,1736.2037699070886
4229,1736.2037699070886
4230,1736.2037699070886
4231,1736.2037699070886
4232,1736.2037699070886
4233,1736.2037699070886
4234,1736.2037699070886
4235,1736.2037699070886
4236,1736.2037699070886
4237,1736.2037699070886
4238,1736.2037699070886
4239,1736.2037699070886
4240,1736.2037699070886
4241,1736.2037699070886
4242,1736.2037699070886
4243,1736.2037699070886
4244,1736.2037699070886
4245,1736.2037699070886
4246,1736.2037699070886
4247,1736.2037699070886
4248,1736.2037699070886
4249,1736.2037699070886
4250,1736.2037699070886
4251,1736.2037699070886
4252,1736.2037699070886
4253,1736.2037699070886
4254,1736.2037699070886
4255,1736.2037699070886
4256,1736.2037699070886
4257,1736.2037699070886
4258,1736.2037699070886
4259,1736.2037699070886
4260,1736.2037699070886
4261,1736.2037699070886
4262,1736.2037699070886
4263,1736.2037699070886
4264,1736.2037699070886
4265,1736.2037699070886
4266,1736.2037699070886
4267,1736.2037699070886
4268,1736.2037699070886
4269,1736.2037699070886
4270,1736.2037699070886
4271,1736.2037699070886
4272,1736.2037699070886
4273,1736.2037699070886
4274,1736.2037699070886
4275,1736.2037699070886
4276,1736.2037699070886
4277,1736.2037699070886
4278,1736.2037699070886
4279,1736.2037699070886
4280,1736.2037699070886
4281,1736.2037699070886
4282,1736.2037699070886
4283,1736.2037699070886
4284,1736.2037699070886
4285,1736.2037699070886
4286,1736.2037699070886
4287,1736.2037699070886
4288,1736.2037699070886
4289,1736.2037699070886
4290,1736.2037699070886
4291,1736.2037699070886
4292,1736.2037699070886
4293,1736.2037699070886
4294,1736.2037699070886
4295,1736.2037699070886
4296,1736.2037699070886
4297,1736.2037699070886
4298,1736.2037699070886
4299,1736.2037699070886
4300,1736.2037699070886
4301,1736.2037699070886
4302,1736.2037699070886
4303,1736.2037699070886
4304,1736.2037699070886
4305,1736.2037699070886
4306,1736.2037699070886
4307,1736.2037699070886
4308,1736.2037699070886
4309,1736.2037699070886
4310,1736.2037699070886
4311,1736.2037699070886
4312,1736.2037699070886
4313,1736.2037699070886
4314,1736.2037699070886
4315,1736.2037699070886
4316,1736.2037699070886
4317,1736.2037699070886
4318,1736.2037699070886
4319,1736.2037699070886
4320,1736.2037699070886
4321,1736.2037699070886
4322,1736.2037699070886
4323,1736.2037699070886
4324,1736.2037699070886
4325,1736.2037699070886
4326,1736.2037699070886
4327,1736.2037699070886
4328,1736.2037699070886
4329,1736.2037699070886
4330,1736.2037699070886
4331,1736.2037699070886
4332,1736.2037699070886
4333,1736.2037699070886
4334,1736.2037699070886
4335,1736.2037699070886
4336,1736.2037699070886
4337,1736.2037699070886
4338,1736.2037699070886
4339,1736.2037699070886
4340,1736.2037699070886
4341,1736.2037699070886
4342,1736.2037699070886
4343,1736.2037699070886
4344,1736.2037699070886
4345,1736.2037699070886
4346,1736.2037699070886
4347,1736.2037699070886
4348,1736.2037699070886
4349,1736.2037699070886
4350,1736.2037699070886
4351,1736.2037699070886
4352,1736.2037699070886
4353,1736.2037699070886
4354,1736.2037699070886
4355,1736.2037699070886
4356,1736.2037699070886
4357,1736.2037699070886
4358,1736.2037699070886
4359,1736.2037699070886
4360,1736.2037699070886
4361,1736.2037699070886
4362,1736.2037699070886
4363,1736.2037699070886
4364,1736.2037699070886
4365,1736.2037699070886
4366,1736.2037699070886
4367,1736.2037699070886
4368,1736.2037699070886
4369,1736.2037699070886
4370,1736.2037699070886
4371,1736.2037699070886
4372,1736.2037699070886
4373,1736.2037699070886
4374,1736.2037699070886
4375,1736.2037699070886
4376,1736.2037699070886
4377,1736.2037699070886
4378,1736.2037699070886
4379,1736.2037699070886
4380,1736.2037699070886
4381,1736.2037699070886
4382,1736.2037699070886
4383,1736.2037699070886
4384,1736.2037699070886
4385,1736.2037699070886
4386,1736.2037699070886
4387,1736.2037699070886
4388,1736.2037699070886
4389,1736.2037699070886
4390,1736.2037699070886
4391,1736.2037699070886
4392,1736.2037699070886
4393,1736.2037699070886
4394,1736.2037699070886
4395,1736.2037699070886
4396,1736.2037699070886
4397,1736.2037699070886
4398,1736.2037699070886
4399,1736.2037699070886
4400,1736.2037699070886
4401,1736.2037699070886
4402,1736.2037699070886
4403,1736.2037699070886
4404,1736.2037699070886
4405,1736.2037699070886
4406,1736.2037699070886
4407,1736.2037699070886
4408,1736.2037699070886
4409,1736.2037699070886
4410,1736.2037699070886
4411,1736.2037699070886
4412,1736.2037699070886
4413,1736.2037699070886
4414,1736.2037699070886
4415,1736.2037699070886
4416,1736.2037699070886
4417,1736.2037699070886
4418,1736.2037699070886
4419,1736.2037699070886
4420,1736.2037699070886
4421,1736.2037699070886
4422,1736.2037699070886
4423,1736.2037699070886
4424,1736.2037699070886
4425,1736.2037699070886
4426,1736.2037699070886
4427,1736.2037699070886
4428,1736.2037699070886
4429,1736.2037699070886
4430,1736.2037699070886
4431,1736.2037699070886
4432,1736.2037699070886
4433,1736.2037699070886
4434,1736.2037699070886
4435,1736.2037699070886
4436,1736.2037699070886
4437,1736.2037699070886
4438,1736.2037699070886
4439,1736.2037699070886
4440,1736.2037699070886
4441,1736.2037699070886
4442,1736.2037699070886
4443,1736.2037699070886
4444,1736.2037699070886
4445,1736.2037699070886
4446,1736.2037699070886
4447,1736.2037699070886
4448,1736.2037699070886
4449,1736.2037699070886
4450,1736.2037699070886
4451,1736.2037699070886
4452,1736.2037699070886
4453,1736.2037699070886
4454,1736.2037699070886
4455,1736.2037699070886
4456,1736.2037699070886
4457,1736.2037699070886
4458,1736.2037699070886
4459,1736.2037699070886
4460,1736.2037699070886
4461,1736.2037699070886
4462,1736.2037699070886
4463,1736.2037699070886
4464,1736.2037699070886
4465,1736.2037699070886
4466,1736.2037699070886
4467,1736.2037699070886
4468,1736.2037699070886
4469,1736.2037699070886
4470,1736.2037699070886
4471,1736.2037699070886
4472,1736.2037699070886
4473,1736.2037699070886
4474,1736.2037699070886
4475,1736.2037699070886
4476,1736.2037699070886
4477,1736.2037699070886
4478,1736.2037699070886
4479,1736.2037699070886
4480,1736.2037699070886
4481,1736.2037699070886
4482,1736.2037699070886
4483,1736.2037699070886
4484,1736.2037699070886
4485,1736.2037699070886
4486,1736.2037699070886
4487,1736.2037699070886
4488,1736.2037699070886
4489,1736.2037699070886
4490,1736.2037699070886
4491,1736.2037699070886
4492,1736.2037699070886
4493,1736.2037699070886
4494,1736.2037699070886
4495,1736.2037699070886
4496,1736.2037699070886
4497,1736.2037699070886
4498,1736.2037699070886
4499,1736.2037699070886
4500,1736.2037699070886
4501,1736.2037699070886
4502,1736.2037699070886
4503,1736.2037699070886
4504,1736.2037699070886
4505,1736.2037699070886
4506,1736.2037699070886
4507,1736.2037699070886
4508,1736.2037699070886
4509,1736.2037699070886
4510,1736.2037699070886
4511,1736.2037699070886
4512,1736.2037699070886
4513,1736.2037699070886
4514,1736.2037699070886
4515,1736.2037699070886
4516,1736.2037699070886
4517,1736.2037699070886
4518,1736.2037699070886
4519,1736.2037699070886
4520,1736.2037699070886
4521,1736.2037699070886
4522,1736.2037699070886
4523,1736.2037699070886
4524,1736.2037699070886
4525,1736.2037699070886
4526,1736.2037699070886
4527,1736.2037699070886
4528,1736.2037699070886
4529,1736.2037699070886
4530,1736.2037699070886
4531,1736.2037699070886
4532,1736.2037699070886
4533,1736.2037699070886
4534,1736.2037699070886
4535,1736.2037699070886
4536,1736.2037699070886
4537,1736.2037699070886
4538,1736.2037699070886
4539,1736.2037699070886
4540,1736.2037699070886
4541,1736.2037699070886
4542,1736.2037699070886
4543,1736.2037699070886
4544,1736.2037699070886
4545,1736.2037699070886
4546,1736.2037699070886
4547,1736.2037699070886
4548,1736.2037699070886
4549,1736.2037699070886
4550,1736.2037699070886
4551,1736.2037699070886
4552,1736.2037699070886
4553,1736.2037699070886
4554,1736.2037699070886
4555,1736.2037699070886
4556,1736.2037699070886
4557,1736.2037699070886
4558,1736.2037699070886
4559,1736.2037699070886
4560,1736.2037699070886
4561,1736.2037699070886
4562,1736.2037699070886
4563,1736.2037699070886
4564,1736.2037699070886
4565,1736.2037699070886
4566,1736.2037699070886
4567,1736.2037699070886
4568,1736.2037699070886
4569,1736.2037699070886
4570,1736.2037699070886
4571,1736.2037699070886
4572,1736.2037699070886
4573,1736.2037699070886
4574,1736.2037699070886
4575,1736.2037699070886
4576,1736.2037699070886
4577,1736.2037699070886
4578,1736.2037699070886
4579,1736.2037699070886
4580,1736.2037699070886
4581,1736.2037699070886
4582,1736.2037699070886
4583,1736.2037699070886
4584,1736.2037699070886
4585,1736.2037699070886
4586,1736.2037699070886
4587,1736.2037699070886
4588,1736.2037699070886
4589,1736.2037699070886
4590,1736.2037699070886
4591,1736.2037699070886
4592,1736.2037699070886
4593,1736.2037699070886
4594,1736.2037699070886
4595,1736.2037699070886
4596,1736.2037699070886
4597,1736.2037699070886
4598,1736.2037699070886
4599,1736.2037699070886
4600,1736.2037699070886
4601,1736.2037699070886
4602,1736.2037699070886
4603,1736.2037699070886
4604,1736.2037699070886
4605,1736.2037699070886
4606,1736.2037699070886
4607,1736.2037699070886
4608,1736.2037699070886
4609,1736.2037699070886
4610,1736.2037699070886
4611,1736.2037699070886
4612,1736.2037699070886
4613,1736.2037699070886
4614,1736.2037699070886
4615,1736.2037699070886
4616,1736.2037699070886
4617,1736.2037699070886
4618,1736.2037699070886
4619,1736.2037699070886
4620,1736.2037699070886
4621,1736.2037699070886
4622,1736.2037699070886
4623,1736.2037699070886
4624,1736.2037699070886
4625,1736.2037699070886
4626,1736.2037699070886
4627,1736.2037699070886
4628,1736.2037699070886
4629,1736.2037699070886
4630,1736.2037699070886
4631,1736.2037699070886
4632,1736.2037699070886
4633,1736.2037699070886
4634,1736.2037699070886
4635,1736.2037699070886
4636,1736.2037699070886
4637,1736.2037699070886
4638,1736.2037699070886
4639,1736.2037699070886
4640,1736.2037699070886
4641,1736.2037699070886
4642,1736.2037699070886
4643,1736.2037699070886
4644,1736.2037699070886
4645,1736.2037699070886
4646,1736.2037699070886
4647,1736.2037699070886
4648,1736.2037699070886
4649,1736.2037699070886
4650,1736.2037699070886
4651,1736.2037699070886
4652,1736.2037699070886
4653,1736.2037699070886
4654,1736.2037699070886
4655,1736.2037699070886
4656,1736.2037699070886
4657,1736.2037699070886
4658,1736.2037699070886
4659,1736.2037699070886
4660,1736.2037699070886
4661,1736.2037699070886
4662,1736.2037699070886
4663,1736.2037699070886
4664,1736.2037699070886
4665,1736.2037699070886
4666,1736.2037699070886
4667,1736.2037699070886
4668,1736.2037699070886
4669,1736.2037699070886
4670,1736.2037699070886
4671,1736.2037699070886
4672,1736.2037699070886
4673,1736.2037699070886
4674,1736.2037699070886
4675,1736.2037699070886
4676,1736.2037699070886
4677,1736.2037699070886
4678,1736.2037699070886
4679,1736.2037699070886
4680,1736.2037699070886
4681,1736.2037699070886
4682,1736.2037699070886
4683,1736.2037699070886
4684,1736.2037699070886
4685,1736.2037699070886
4686,1736.2037699070886
4687,1736.2037699070886
4688,1736.2037699070886
4689,1736.2037699070886
4690,1736.2037699070886
4691,1736.2037699070886
4692,1736.2037699070886
4693,1736.2037699070886
4694,1736.2037699070886
4695,1736.2037699070886
4696,1736.2037699070886
4697,1736.2037699070886
4698,1736.2037699070886
4699,1736.2037699070886
4700,1736.2037699070886
4701,1736.2037699070886
4702,1736.2037699070886
4703,1736.2037699070886
4704,1736.2037699070886
4705,1736.2037699070886
4706,1736.2037699070886
4707,1736.2037699070886
4708,1736.2037699070886
4709,1736.2037699070886
4710,1736.2037699070886
4711,1736.2037699070886
4712,1736.2037699070886
4713,1736.2037699070886
4714,1736.2037699070886
4715,1736.2037699070886
4716,1736.2037699070886
4717,1736.2037699070886
4718,1736.2037699070886
4719,1736.2037699070886
4720,1736.2037699070886
4721,1736.2037699070886
4722,1736.2037699070886
4723,1736.2037699070886
4724,1736.2037699070886
4725,1736.2037699070886
4726,1736.2037699070886
4727,1736.2037699070886
4728,1736.2037699070886
4729,1736.2037699070886
4730,1736.2037699070886
4731,1736.2037699070886
4732,1736.2037699070886
4733,1736.2037699070886
4734,1736.2037699070886
4735,1736.2037699070886
4736,1736.2037699070886
4737,1736.2037699070886
4738,1736.2037699070886
4739,1736.2037699070886
4740,1736.2037699070886
4741,1736.2037699070886
4742,1736.2037699070886
4743,1736.2037699070886
4744,1736.2037699070886
4745,1736.2037699070886
4746,1736.2037699070886
4747,1736.2037699070886
4748,1736.2037699070886
4749,1736.2037699070886
4750,1736.2037699070886
4751,1736.2037699070886
4752,1736.2037699070886
4753,1736.2037699070886
4754,1736.2037699070886
4755,1736.2037699070886
4756,1736.2037699070886
4757,1736.2037699070886
4758,1736.2037699070886
4759,1736.2037699070886
4760,1736.2037699070886
4761,1736.2037699070886
4762,1736.2037699070886
4763,1736.2037699070886
4764,1736.2037699070886
4765,1736.2037699070886
4766,1736.2037699070886
4767,1736.2037699070886
4768,1736.2037699070886
4769,1736.2037699070886
4770,1736.2037699070886
4771,1736.2037699070886
4772,1736.2037699070886
4773,1736.2037699070886
4774,1736.2037699070886
4775,1736.2037699070886
4776,1736.2037699070886
4777,1736.2037699070886
4778,1736.2037699070886
4779,1736.2037699070886
4780,1736.2037699070886
4781,1736.2037699070886
4782,1736.2037699070886
4783,1736.2037699070886
4784,1736.2037699070886
4785,1736.2037699070886
4786,1736.2037699070886
4787,1736.2037699070886
4788,1736.2037699070886
4789,1736.2037699070886
4790,1736.2037699070886
4791,1736.2037699070886
4792,1736.2037699070886
4793,1736.2037699070886
4794,1736.2037699070886
4795,1736.2037699070886
4796,1736.2037699070886
4797,1736.2037699070886
4798,1736.2037699070886
4799,1736.2037699070886
4800,1736.2037699070886
4801,1736.2037699070886
4802,1736.2037699070886
4803,1736.2037699070886
4804,1736.2037699070886
4805,1736.2037699070886
4806,1736.2037699070886
4807,1736.2037699070886
4808,1736.2037699070886
4809,1736.2037699070886
4810,1736.2037699070886
4811,1736.2037699070886
4812,1736.2037699070886
4813,1736.2037699070886
4814,1736.2037699070886
4815,1736.2037699070886
4816,1736.2037699070886
4817,1736.2037699070886
4818,1736.2037699070886
4819,1736.2037699070886
4820,1736.2037699070886
4821,1736.2037699070886
4822,1736.2037699070886
4823,1736.2037699070886
4824,1736.2037699070886
4825,1736.2037699070886
4826,1736.2037699070886
4827,1736.2037699070886
4828,1736.2037699070886
4829,1736.2037699070886
4830,1736.2037699070886
4831,1736.2037699070886
4832,1736.2037699070886
4833,1736.2037699070886
4834,1736.2037699070886
4835,1736.2037699070886
4836,1736.2037699070886
4837,1736.2037699070886
4838,1736.2037699070886
4839,1736.2037699070886
4840,1736.2037699070886
4841,1736.2037699070886
4842,1736.2037699070886
4843,1736.2037699070886
4844,1736.2037699070886
4845,1736.2037699070886
4846,1736.2037699070886
4847,1736.2037699070886
4848,1736.2037699070886
4849,1736.2037699070886
4850,1736.2037699070886
4851,1736.2037699070886
4852,1736.2037699070886
4853,1736.2037699070886
4854,1736.2037699070886
4855,1736.2037699070886
4856,1736.2037699070886
4857,1736.2037699070886
4858,1736.2037699070886
4859,1736.2037699070886
4860,1736.2037699070886
4861,1736.2037699070886
4862,1736.2037699070886
4863,1736.2037699070886
4864,1736.2037699070886
4865,1736.2037699070886
4866,1736.2037699070886
4867,1736.2037699070886
4868,1736.2037699070886
4869,1736.2037699070886
4870,1736.2037699070886
4871,1736.2037699070886
4872,1736.2037699070886
4873,1736.2037699070886
4874,1736.2037699070886
4875,1736.2037699070886
4876,1736.2037699070886
4877,1736.2037699070886
4878,1736.2037699070886
4879,1736.2037699070886
4880,1736.2037699070886
4881,1736.2037699070886
4882,1736.2037699070886
4883,1736.2037699070886
4884,1736.2037699070886
4885,1736.2037699070886
4886,1736.2037699070886
4887,1736.2037699070886
4888,1736.2037699070886
4889,1736.2037699070886
4890,1736.2037699070886
4891,1736.2037699070886
4892,1736.2037699070886
4893,1736.2037699070886
4894,1736.2037699070886
4895,1736.2037699070886
4896,1736.2037699070886
4897,1736.2037699070886
4898,1736.2037699070886
4899,1736.2037699070886
4900,1736.2037699070886
4901,1736.2037699070886
4902,1736.2037699070886
4903,1736.2037699070886
4904,1736.2037699070886
4905,1736.2037699070886
4906,1736.2037699070886
4907,1736.2037699070886
4908,1736.2037699070886
4909,1736.2037699070886
4910,1736.2037699070886
4911,1736.2037699070886
4912,1736.2037699070886
4913,1736.2037699070886
4914,1736.2037699070886
4915,1736.2037699070886
4916,1736.2037699070886
4917,1736.2037699070886
4918,1736.2037699070886
4919,1736.2037699070886
4920,1736.2037699070886
4921,1736.2037699070886
4922,1736.2037699070886
4923,1736.2037699070886
4924,1736.2037699070886
4925,1736.2037699070886
4926,1736.2037699070886
4927,1736.2037699070886
4928,1736.2037699070886
4929,1736.2037699070886
4930,1736.2037699070886
4931,1736.2037699070886
4932,1736.2037699070886
4933,1736.2037699070886
4934,1736.2037699070886
4935,1736.2037699070886
4936,1736.2037699070886
4937,1736.2037699070886
4938,1736.2037699070886
4939,1736.2037699070886
4940,1736.2037699070886
4941,1736.2037699070886
4942,1736.2037699070886
4943,1736.2037699070886
4944,1736.2037699070886
4945,1736.2037699070886
4946,1736.2037699070886
4947,1736.2037699070886
4948,1736.2037699070886
4949,1736.2037699070886
4950,1736.2037699070886
4951,1736.2037699070886
4952,1736.2037699070886
4953,1736.2037699070886
4954,1736.2037699070886
4955,1736.2037699070886
4956,1736.2037699070886
4957,1736.2037699070886
4958,1736.2037699070886
4959,1736.2037699070886
4960,1736.2037699070886
4961,1736.2037699070886
4962,1736.2037699070886
4963,1736.2037699070886
4964,1736.2037699070886
4965,1736.2037699070886
4966,1736.2037699070886
4967,1736.2037699070886
4968,1736.2037699070886
4969,1736.2037699070886
4970,1736.2037699070886
4971,1736.2037699070886
4972,1736.2037699070886
4973,1736.2037699070886
4974,1736.2037699070886
4975,1736.2037699070886
4976,1736.2037699070886
4977,1736.2037699070886
4978,1736.2037699070886
4979,1736.2037699070886
4980,1736.2037699070886
4981,1736.2037699070886
4982,1736.2037699070886
4983,1736.2037699070886
4984,1736.2037699070886
4985,1736.2037699070886
4986,1736.2037699070886
4987,1736.2037699070886
4988,1736.2037699070886
4989,1736.2037699070886
4990,1736.2037699070886
4991,1736.2037699070886
4992,1736.2037699070886
4993,1736.2037699070886
4994,1736.2037699070886
4995,1736.2037699070886
4996,1736.2037699070886
4997,1736.2037699070886
4998,1736.2037699070886
4999,1736.2037699070886
5000,1736.2037699070886
5001,1736.2037699070886
5002,1736.2037699070886
5003,1736.2037699070886
5004,1736.2037699070886
5005,1736.2037699070886
5006,1736.2037699070886
5007,1736.2037699070886
5008,1736.2037699070886
5009,1736.2037699070886
5010,1736.2037699070886
5011,1736.2037699070886
5012,1736.2037699070886
5013,1736.2037699070886
5014,1736.2037699070886
5015,1736.2037699070886
5016,1736.2037699070886
5017,1736.2037699070886
5018,1736.2037699070886
5019,1736.2037699070886
5020,1736.2037699070886
5021,1736.2037699070886
5022,1736.2037699070886
5023,1736.2037699070886
5024,1736.2037699070886
5025,1736.2037699070886
5026,1736.2037699070886
5027,1736.2037699070886
5028,1736.2037699070886
5029,1736.2037699070886
5030,1736.2037699070886
5031,1736.2037699070886
5032,1736.2037699070886
5033,1736.2037699070886
5034,1736.2037699070886
5035,1736.2037699070886
5036,1736.2037699070886
5037,1736.2037699070886
5038,1736.2037699070886
5039,1736.2037699070886
5040,1736.2037699070886
5041,1736.2037699070886
5042,1736.2037699070886
5043,1736.2037699070886
5044,1736.2037699070886
5045,1736.2037699070886
5046,1736.2037699070886
5047,1736.2037699070886
5048,1736.2037699070886
5049,1736.2037699070886
5050,1736.2037699070886
5051,1736.2037699070886
5052,1736.2037699070886
5053,1736.2037699070886
5054,1736.2037699070886
5055,1736.2037699070886
5056,1736.2037699070886
5057,1736.2037699070886
5058,1736.2037699070886
5059,1736.2037699070886
5060,1736.2037699070886
5061,1736.2037699070886
5062,1736.2037699070886
5063,1736.2037699070886
5064,1736.2037699070886
5065,1736.2037699070886
5066,1736.2037699070886
5067,1736.2037699070886
5068,1736.2037699070886
5069,1736.2037699070886
5070,1736.2037699070886
5071,1736.2037699070886
5072,1736.2037699070886
5073,1736.2037699070886
5074,1736.2037699070886
5075,1736.2037699070886
5076,1736.2037699070886
5077,1736.2037699070886
5078,1736.2037699070886
5079,1736.2037699070886
5080,1736.2037699070886
5081,1736.2037699070886
5082,1736.2037699070886
5083,1736.2037699070886
5084,1736.2037699070886
5085,1736.2037699070886
5086,1736.2037699070886
5087,1736.2037699070886
5088,1736.2037699070886
5089,1736.2037699070886
5090,1736.2037699070886
5091,1736.2037699070886
5092,1736.2037699070886
5093,1736.2037699070886
5094,1736.2037699070886
5095,1736.2037699070886
5096,1736.2037699070886
5097,1736.2037699070886
5098,1736.2037699070886
5099,1736.2037699070886
5100,1736.2037699070886
5101,1736.2037699070886
5102,1736.2037699070886
5103,1736.2037699070886
5104,1736.2037699070886
5105,1736.2037699070886
5106,1736.2037699070886
5107,1736.2037699070886
5108,1736.2037699070886
5109,1736.2037699070886
5110,1736.2037699070886
5111,1736.2037699070886
5112,1736.2037699070886
5113,1736.2037699070886
5114,1736.2037699070886
5115,1736.2037699070886
5116,1736.2037699070886
5117,1736.2037699070886
5118,1736.2037699070886
5119,1736.2037699070886
5120,1736.2037699070886
5121,1736.2037699070886
5122,1736.2037699070886
5123,1736.2037699070886
5124,1736.2037699070886
5125,1736.2037699070886
5126,1736.2037699070886
5127,1736.2037699070886
5128,1736.2037699070886
5129,1736.2037699070886
5130,1736.2037699070886
5131,1736.2037699070886
5132,1736.2037699070886
5133,1736.2037699070886
5134,1736.2037699070886
5135,1736.2037699070886
5136,1736.2037699070886
5137,1736.2037699070886
5138,1736.2037699070886
5139,1736.2037699070886
5140,1736.2037699070886
5141,1736.2037699070886
5142,1736.2037699070886
5143,1736.2037699070886
5144,1736.2037699070886
5145,1736.2037699070886
5146,1736.2037699070886
5147,1736.2037699070886
5148,1736.2037699070886
5149,1736.2037699070886
5150,1736.2037699070886
5151,1736.2037699070886
5152,1736.2037699070886
5153,1736.2037699070886
5154,1736.2037699070886
5155,1736.2037699070886
5156,1736.2037699070886
5157,1736.2037699070886
5158,1736.2037699070886
5159,1736.2037699070886
5160,1736.2037699070886
5161,1736.2037699070886
5162,1736.2037699070886
5163,1736.2037699070886
5164,1736.2037699070886
5165,1736.2037699070886
5166,1736.2037699070886
5167,1736.2037699070886
5168,1736.2037699070886
5169,1736.2037699070886
5170,1736.2037699070886
5171,1736.2037699070886
5172,1736.2037699070886
5173,1736.2037699070886
5174,1736.2037699070886
5175,1736.2037699070886
5176,1736.2037699070886
5177,1736.2037699070886
5178,1736.2037699070886
5179,1736.2037699070886
5180,1736.2037699070886
5181,1736.2037699070886
5182,1736.2037699070886
5183,1736.2037699070886
5184,1736.2037699070886
5185,1736.2037699070886
5186,1736.2037699070886
5187,1736.2037699070886
5188,1736.2037699070886
5189,1736.2037699070886
5190,1736.2037699070886
5191,1736.2037699070886
5192,1736.2037699070886
5193,1736.2037699070886
5194,1736.2037699070886
5195,1736.2037699070886
5196,1736.2037699070886
5197,1736.2037699070886
5198,1736.2037699070886
5199,1736.2037699070886
5200,1736.2037699070886
5201,1736.2037699070886
5202,1736.2037699070886
5203,1736.2037699070886
5204,1736.2037699070886
5205,1736.2037699070886
5206,1736.2037699070886
5207,1736.2037699070886
5208,1736.2037699070886
5209,1736.2037699070886
5210,1736.2037699070886
5211,1736.2037699070886
5212,1736.2037699070886
5213,1736.2037699070886
5214,1736.2037699070886
5215,1736.2037699070886
5216,1736.2037699070886
5217,1736.2037699070886
5218,1736.2037699070886
5219,1736.2037699070886
5220,1736.2037699070886
5221,1736.2037699070886
5222,1736.2037699070886
5223,1736.2037699070886
5224,1736.2037699070886
5225,1736.2037699070886
5226,1736.2037699070886
5227,1736.2037699070886
5228,1736.2037699070886
5229,1736.2037699070886
5230,1736.2037699070886
5231,1736.2037699070886
5232,1736.2037699070886
5233,1736.2037699070886
5234,1736.2037699070886
5235,1736.2037699070886
5236,1736.2037699070886
5237,1736.2037699070886
5238,1736.2037699070886
5239,1736.2037699070886
5240,1736.2037699070886
5241,1736.2037699070886
5242,1736.2037699070886
5243,1736.2037699070886
5244,1736.2037699070886
5245,1736.2037699070886
5246,1736.2037699070886
5247,1736.2037699070886
5248,1736.2037699070886
5249,1736.2037699070886
5250,1736.2037699070886
5251,1736.2037699070886
5252,1736.2037699070886
5253,1736.2037699070886
5254,1736.2037699070886
5255,1736.2037699070886
5256,1736.2037699070886
5257,1736.2037699070886
5258,1736.2037699070886
5259,1736.2037699070886
5260,1736.2037699070886
5261,1736.2037699070886
5262,1736.2037699070886
5263,1736.2037699070886
5264,1736.2037699070886
5265,1736.2037699070886
5266,1736.2037699070886
5267,1736.2037699070886
5268,1736.2037699070886
5269,1736.2037699070886
5270,1736.2037699070886
5271,1736.2037699070886
5272,1736.2037699070886
5273,1736.2037699070886
5274,1736.2037699070886
5275,1736.2037699070886
5276,1736.2037699070886
5277,1736.2037699070886
5278,1736.2037699070886
5279,1736.2037699070886
5280,1736.2037699070886
5281,1736.2037699070886
5282,1736.2037699070886
5283,1736.2037699070886
5284,1736.2037699070886
5285,1736.2037699070886
5286,1736.2037699070886
5287,1736.2037699070886
5288,1736.2037699070886
5289,1736.2037699070886
5290,1736.2037699070886
5291,1736.2037699070886
5292,1736.2037699070886
5293,1736.2037699070886
5294,1736.2037699070886
5295,1736.2037699070886
5296,1736.2037699070886
5297,1736.2037699070886
5298,1736.2037699070886
5299,1736.2037699070886
5300,1736.2037699070886
5301,1736.2037699070886
5302,1736.2037699070886
5303,1736.2037699070886
5304,1736.2037699070886
5305,1736.2037699070886
5306,1736.2037699070886
5307,1736.2037699070886
5308,1736.2037699070886
5309,1736.2037699070886
5310,1736.2037699070886
5311,1736.2037699070886
5312,1736.2037699070886
5313,1736.2037699070886
5314,1736.2037699070886
5315,1736.2037699070886
5316,1736.2037699070886
5317,1736.2037699070886
5318,1736.2037699070886
5319,1736.2037699070886
5320,1736.2037699070886
5321,1736.2037699070886
5322,1736.2037699070886
5323,1736.2037699070886
5324,1736.2037699070886
5325,1736.2037699070886
5326,1736.2037699070886
5327,1736.2037699070886
5328,1736.2037699070886
5329,1736.2037699070886
5330,1736.2037699070886
5331,1736.2037699070886
5332,1736.2037699070886
5333,1736.2037699070886
5334,1736.2037699070886
5335,1736.2037699070886
5336,1736.2037699070886
5337,1736.2037699070886
5338,1736.2037699070886
5339,1736.2037699070886
5340,1736.2037699070886
5341,1736.2037699070886
5342,1736.2037699070886
5343,1736.2037699070886
5344,1736.2037699070886
5345,1736.2037699070886
5346,1736.2037699070886
5347,1736.2037699070886
5348,1736.2037699070886
5349,1736.2037699070886
5350,1736.2037699070886
5351,1736.2037699070886
5352,1736.2037699070886
5353,1736.2037699070886
5354,1736.2037699070886
5355,1736.2037699070886
5356,1736.2037699070886
5357,1736.2037699070886
5358,1736.2037699070886
5359,1736.2037699070886
5360,1736.2037699070886
5361,1736.2037699070886
5362,1736.2037699070886
5363,1736.2037699070886
5364,1736.2037699070886
5365,1736.2037699070886
5366,1736.2037699070886
5367,1736.2037699070886
5368,1736.2037699070886
5369,1736.2037699070886
5370,1736.2037699070886
5371,1736.2037699070886
5372,1736.2037699070886
5373,1736.2037699070886
5374,1736.2037699070886
5375,1736.2037699070886
5376,1736.2037699070886
5377,1736.2037699070886
5378,1736.2037699070886
5379,1736.2037699070886
5380,1736.2037699070886
5381,1736.2037699070886
5382,1736.2037699070886
5383,1736.2037699070886
5384,1736.2037699070886
5385,1736.2037699070886
5386,1736.2037699070886
5387,1736.2037699070886
5388,1736.2037699070886
5389,1736.2037699070886
5390,1736.2037699070886
5391,1736.2037699070886
5392,1736.2037699070886
5393,1736.2037699070886
5394,1736.2037699070886
5395,1736.2037699070886
5396,1736.2037699070886
5397,1736.2037699070886
5398,1736.2037699070886
5399,1736.2037699070886
5400,1736.2037699070886
5401,1736.2037699070886
5402,1736.2037699070886
5403,1736.2037699070886
5404,1736.2037699070886
5405,1736.2037699070886
5406,1736.2037699070886
5407,1736.2037699070886
5408,1736.2037699070886
5409,1736.2037699070886
5410,1736.2037699070886
5411,1736.2037699070886
5412,1736.2037699070886
5413,1736.2037699070886
5414,1736.2037699070886
5415,1736.2037699070886
5416,1736.2037699070886
5417,1736.2037699070886
5418,1736.2037699070886
5419,1736.2037699070886
5420,1736.2037699070886
5421,1736.2037699070886
5422,1736.2037699070886
5423,1736.2037699070886
5424,1736.2037699070886
5425,1736.2037699070886
5426,1736.2037699070886
5427,1736.2037699070886
5428,1736.2037699070886
5429,1736.2037699070886
5430,1736.2037699070886
5431,1736.2037699070886
5432,1736.2037699070886
5433,1736.2037699070886
5434,1736.2037699070886
5435,1736.2037699070886
5436,1736.2037699070886
5437,1736.2037699070886
5438,1736.2037699070886
5439,1736.2037699070886
5440,1736.2037699070886
5441,1736.2037699070886
5442,1736.2037699070886
5443,1736.2037699070886
5444,1736.2037699070886
5445,1736.2037699070886
5446,1736.2037699070886
5447,1736.2037699070886
5448,1736.2037699070886
5449,1736.2037699070886
5450,1736.2037699070886
5451,1736.2037699070886
5452,1736.2037699070886
5453,1736.2037699070886
5454,1736.2037699070886
5455,1736.2037699070886
5456,1736.2037699070886
5457,1736.2037699070886
5458,1736.2037699070886
5459,1736.2037699070886
5460,1736.2037699070886
5461,1736.2037699070886
5462,1736.2037699070886
5463,1736.2037699070886
5464,1736.2037699070886
5465,1736.2037699070886
5466,1736.2037699070886
5467,1736.2037699070886
5468,1736.2037699070886
5469,1736.2037699070886
5470,1736.2037699070886
5471,1736.2037699070886
5472,1736.2037699070886
5473,1736.2037699070886
5474,1736.2037699070886
5475,1736.2037699070886
5476,1736.2037699070886
5477,1736.2037699070886
5478,1736.2037699070886
5479,1736.2037699070886
5480,1736.2037699070886
5481,1736.2037699070886
5482,1736.2037699070886
5483,1736.2037699070886
5484,1736.2037699070886
5485,1736.2037699070886
5486,1736.2037699070886
5487,1736.2037699070886
5488,1736.2037699070886
5489,1736.2037699070886
5490,1736.2037699070886
5491,1736.2037699070886
5492,1736.2037699070886
5493,1736.2037699070886
5494,1736.2037699070886
5495,1736.2037699070886
5496,1736.2037699070886
5497,1736.2037699070886
5498,1736.2037699070886
5499,1736.2037699070886
5500,1736.2037699070886
5501,1736.2037699070886
5502,1736.2037699070886
5503,1736.2037699070886
5504,1736.2037699070886
5505,1736.2037699070886
5506,1736.2037699070886
5507,1736.2037699070886
5508,1736.2037699070886
5509,1736.2037699070886
5510,1736.2037699070886
5511,1736.2037699070886
5512,1736.2037699070886
5513,1736.2037699070886
5514,1736.2037699070886
5515,1736.2037699070886
5516,1736.2037699070886
5517,1736.2037699070886
5518,1736.2037699070886
5519,1736.2037699070886
5520,1736.2037699070886
5521,1736.2037699070886
5522,1736.2037699070886
5523,1736.2037699070886
5524,1736.2037699070886
5525,1736.2037699070886
5526,1736.2037699070886
5527,1736.2037699070886
5528,1736.2037699070886
5529,1736.2037699070886
5530,1736.2037699070886
5531,1736.2037699070886
5532,1736.2037699070886
5533,1736.2037699070886
5534,1736.2037699070886
5535,1736.2037699070886
5536,1736.2037699070886
5537,1736.2037699070886
5538,1736.2037699070886
5539,1736.2037699070886
5540,1736.2037699070886
5541,1736.2037699070886
5542,1736.2037699070886
5543,1736.2037699070886
5544,1736.2037699070886
5545,1736.2037699070886
5546,1736.2037699070886
5547,1736.2037699070886
5548,1736.2037699070886
5549,1736.2037699070886
5550,1736.2037699070886
5551,1736.2037699070886
5552,1736.2037699070886
5553,1736.2037699070886
5554,1736.2037699070886
5555,1736.2037699070886
5556,1736.2037699070886
5557,1736.2037699070886
5558,1736.2037699070886
5559,1736.2037699070886
5560,1736.2037699070886
5561,1736.2037699070886
5562,1736.2037699070886
5563,1736.2037699070886
5564,1736.2037699070886
5565,1736.2037699070886
5566,1736.2037699070886
5567,1736.2037699070886
5568,1736.2037699070886
5569,1736.2037699070886
5570,1736.2037699070886
5571,1736.2037699070886
5572,1736.2037699070886
5573,1736.2037699070886
5574,1736.2037699070886
5575,1736.2037699070886
5576,1736.2037699070886
5577,1736.2037699070886
5578,1736.2037699070886
5579,1736.2037699070886
5580,1736.2037699070886
5581,1736.2037699070886
5582,1736.2037699070886
5583,1736.2037699070886
5584,1736.2037699070886
5585,1736.2037699070886
5586,1736.2037699070886
5587,1736.2037699070886
5588,1736.2037699070886
5589,1736.2037699070886
5590,1736.2037699070886
5591,1736.2037699070886
5592,1736.2037699070886
5593,1736.2037699070886
5594,1736.2037699070886
5595,1736.2037699070886
5596,1736.2037699070886
5597,1736.2037699070886
5598,1736.2037699070886
5599,1736.2037699070886
5600,1736.2037699070886
5601,1736.2037699070886
5602,1736.2037699070886
5603,1736.2037699070886
5604,1736.2037699070886
5605,1736.2037699070886
5606,1736.2037699070886
5607,1736.2037699070886
5608,1736.2037699070886
5609,1736.2037699070886
5610,1736.2037699070886
5611,1736.2037699070886
5612,1736.2037699070886
5613,1736.2037699070886
5614,1736.2037699070886
5615,1736.2037699070886
5616,1736.2037699070886
5617,1736.2037699070886
5618,1736.2037699070886
5619,1736.2037699070886
5620,1736.2037699070886
5621,1736.2037699070886
5622,1736.2037699070886
5623,1736.2037699070886
5624,1736.2037699070886
5625,1736.2037699070886
5626,1736.2037699070886
5627,1736.2037699070886
5628,1736.2037699070886
5629,1736.2037699070886
5630,1736.2037699070886
5631,1736.2037699070886
5632,1736.2037699070886
5633,1736.2037699070886
5634,1736.2037699070886
5635,1736.2037699070886
5636,1736.2037699070886
5637,1736.2037699070886
5638,1736.2037699070886
5639,1736.2037699070886
5640,1736.2037699070886
5641,1736.2037699070886
5642,1736.2037699070886
5643,1736.2037699070886
5644,1736.2037699070886
5645,1736.2037699070886
5646,1736.2037699070886
5647,1736.2037699070886
5648,1736.2037699070886
5649,1736.2037699070886
5650,1736.2037699070886
5651,1736.2037699070886
5652,1736.2037699070886
5653,1736.2037699070886
5654,1736.2037699070886
5655,1736.2037699070886
5656,1736.2037699070886
5657,1736.2037699070886
5658,1736.2037699070886
5659,1736.2037699070886
5660,1736.2037699070886
5661,1736.2037699070886
5662,1736.2037699070886
5663,1736.2037699070886
5664,1736.2037699070886
5665,1736.2037699070886
5666,1736.2037699070886
5667,1736.2037699070886
5668,1736.2037699070886
5669,1736.2037699070886
5670,1736.2037699070886
5671,1736.2037699070886
5672,1736.2037699070886
5673,1736.2037699070886
5674,1736.2037699070886
5675,1736.2037699070886
5676,1736.2037699070886
5677,1736.2037699070886
5678,1736.2037699070886
5679,1736.2037699070886
5680,1736.2037699070886
5681,1736.2037699070886
5682,1736.2037699070886
5683,1736.2037699070886
5684,1736.2037699070886
5685,1736.2037699070886
5686,1736.2037699070886
5687,1736.2037699070886
5688,1736.2037699070886
5689,1736.2037699070886
5690,1736.2037699070886
5691,1736.2037699070886
5692,1736.2037699070886
5693,1736.2037699070886
5694,1736.2037699070886
5695,1736.2037699070886
5696,1736.2037699070886
5697,1736.2037699070886
5698,1736.2037699070886
5699,1736.2037699070886
5700,1736.2037699070886
5701,1736.2037699070886
5702,1736.2037699070886
5703,1736.2037699070886
5704,1736.2037699070886
5705,1736.2037699070886
5706,1736.2037699070886
5707,1736.2037699070886
5708,1736.2037699070886
5709,1736.2037699070886
5710,1736.2037699070886
5711,1736.2037699070886
5712,1736.2037699070886
5713,1736.2037699070886
5714,1736.2037699070886
5715,1736.2037699070886
5716,1736.2037699070886
5717,1736.2037699070886
5718,1736.2037699070886
5719,1736.2037699070886
5720,1736.2037699070886
5721,1736.2037699070886
5722,1736.2037699070886
5723,1736.2037699070886
5724,1736.2037699070886
5725,1736.2037699070886
5726,1736.2037699070886
5727,1736.2037699070886
5728,1736.2037699070886
5729,1736.2037699070886
5730,1736.2037699070886
5731,1736.2037699070886
5732,1736.2037699070886
5733,1736.2037699070886
5734,1736.2037699070886
5735,1736.2037699070886
5736,1736.2037699070886
5737,1736.2037699070886
5738,1736.2037699070886
5739,1736.2037699070886
5740,1736.2037699070886
5741,1736.2037699070886
5742,1736.2037699070886
5743,1736.2037699070886
5744,1736.2037699070886
5745,1736.2037699070886
5746,1736.2037699070886
5747,1736.2037699070886
5748,1736.2037699070886
5749,1736.2037699070886
5750,1736.2037699070886
5751,1736.2037699070886
5752,1736.2037699070886
5753,1736.2037699070886
5754,1736.2037699070886
5755,1736.2037699070886
5756,1736.2037699070886
5757,1736.2037699070886
5758,1736.2037699070886
5759,1736.2037699070886
5760,1736.2037699070886
5761,1736.2037699070886
5762,1736.2037699070886
5763,1736.2037699070886
5764,1736.2037699070886
5765,1736.2037699070886
5766,1736.2037699070886
5767,1736.2037699070886
5768,1736.2037699070886
5769,1736.2037699070886
5770,1736.2037699070886
5771,1736.2037699070886
5772,1736.2037699070886
5773,1736.2037699070886
5774,1736.2037699070886
5775,1736.2037699070886
5776,1736.2037699070886
5777,1736.2037699070886
5778,1736.2037699070886
5779,1736.2037699070886
5780,1736.2037699070886
5781,1736.2037699070886
5782,1736.2037699070886
5783,1736.2037699070886
5784,1736.2037699070886
5785,1736.2037699070886
5786,1736.2037699070886
5787,1736.2037699070886
5788,1736.2037699070886
5789,1736.2037699070886
5790,1736.2037699070886
5791,1736.2037699070886
5792,1736.2037699070886
5793,1736.2037699070886
5794,1736.2037699070886
5795,1736.2037699070886
5796,1736.2037699070886
5797,1736.2037699070886
5798,1736.2037699070886
5799,1736.2037699070886
5800,1736.2037699070886
5801,1736.2037699070886
5802,1736.2037699070886
5803,1736.2037699070886
5804,1736.2037699070886
5805,1736.2037699070886
5806,1736.2037699070886
5807,1736.2037699070886
5808,1736.2037699070886
5809,1736.2037699070886
5810,1736.2037699070886
5811,1736.2037699070886
5812,1736.2037699070886
5813,1736.2037699070886
5814,1736.2037699070886
5815,1736.2037699070886
5816,1736.2037699070886
5817,1736.2037699070886
5818,1736.2037699070886
5819,1736.2037699070886
5820,1736.2037699070886
5821,1736.2037699070886
5822,1736.2037699070886
5823,1736.2037699070886
5824,1736.2037699070886
5825,1736.2037699070886
5826,1736.2037699070886
5827,1736.2037699070886
5828,1736.2037699070886
5829,1736.2037699070886
5830,1736.2037699070886
5831,1736.2037699070886
5832,1736.2037699070886
5833,1736.2037699070886
5834,1736.2037699070886
5835,1736.2037699070886
5836,1736.2037699070886
5837,1736.2037699070886
5838,1736.2037699070886
5839,1736.2037699070886
5840,1736.2037699070886
5841,1736.2037699070886
5842,1736.2037699070886
5843,1736.2037699070886
5844,1736.2037699070886
5845,1736.2037699070886
5846,1736.2037699070886
5847,1736.2037699070886
5848,1736.2037699070886
5849,1736.2037699070886
5850,1736.2037699070886
5851,1736.2037699070886
5852,1736.2037699070886
5853,1736.2037699070886
5854,1736.2037699070886
5855,1736.2037699070886
5856,1736.2037699070886
5857,1736.2037699070886
5858,1736.2037699070886
5859,1736.2037699070886
5860,1736.2037699070886
5861,1736.2037699070886
5862,1736.2037699070886
5863,1736.2037699070886
5864,1736.2037699070886
5865,1736.2037699070886
5866,1736.2037699070886
5867,1736.2037699070886
5868,1736.2037699070886
5869,1736.2037699070886
5870,1736.2037699070886
5871,1736.2037699070886
5872,1736.2037699070886
5873,1736.2037699070886
5874,1736.2037699070886
5875,1736.2037699070886
5876,1736.2037699070886
5877,1736.2037699070886
5878,1736.2037699070886
5879,1736.2037699070886
5880,1736.2037699070886
5881,1736.2037699070886
5882,1736.2037699070886
5883,1736.2037699070886
5884,1736.2037699070886
5885,1736.2037699070886
5886,1736.2037699070886
5887,1736.2037699070886
5888,1736.2037699070886
5889,1736.2037699070886
5890,1736.2037699070886
5891,1736.2037699070886
5892,1736.2037699070886
5893,1736.2037699070886
5894,1736.2037699070886
5895,1736.2037699070886
5896,1736.2037699070886
5897,1736.2037699070886
5898,1736.2037699070886
5899,1736.2037699070886
5900,1736.2037699070886
5901,1736.2037699070886
5902,1736.2037699070886
5903,1736.2037699070886
5904,1736.2037699070886
5905,1736.2037699070886
5906,1736.2037699070886
5907,1736.2037699070886
5908,1736.2037699070886
5909,1736.2037699070886
5910,1736.2037699070886
5911,1736.2037699070886
5912,1736.2037699070886
5913,1736.2037699070886
5914,1736.2037699070886
5915,1736.2037699070886
5916,1736.2037699070886
5917,1736.2037699070886
5918,1736.2037699070886
5919,1736.2037699070886
5920,1736.2037699070886
5921,1736.2037699070886
5922,1736.2037699070886
5923,1736.2037699070886
5924,1736.2037699070886
5925,1736.2037699070886
5926,1736.2037699070886
5927,1736.2037699070886
5928,1736.2037699070886
5929,1736.2037699070886
5930,1736.2037699070886
5931,1736.2037699070886
5932,1736.2037699070886
5933,1736.2037699070886
5934,1736.2037699070886
5935,1736.2037699070886
5936,1736.2037699070886
5937,1736.2037699070886
5938,1736.2037699070886
5939,1736.2037699070886
5940,1736.2037699070886
5941,1736.2037699070886
5942,1736.2037699070886
5943,1736.2037699070886
5944,1736.2037699070886
5945,1736.2037699070886
5946,1736.2037699070886
5947,1736.2037699070886
5948,1736.2037699070886
5949,1736.2037699070886
5950,1736.2037699070886
5951,1736.2037699070886
5952,1736.2037699070886
5953,1736.2037699070886
5954,1736.2037699070886
5955,1736.2037699070886
5956,1736.2037699070886
5957,1736.2037699070886
5958,1736.2037699070886
5959,1736.2037699070886
5960,1736.2037699070886
5961,1736.2037699070886
5962,1736.2037699070886
5963,1736.2037699070886
5964,1736.2037699070886
5965,1736.2037699070886
5966,1736.2037699070886
5967,1736.2037699070886
5968,1736.2037699070886
5969,1736.2037699070886
5970,1736.2037699070886
5971,1736.2037699070886
5972,1736.2037699070886
5973,1736.2037699070886
5974,1736.2037699070886
5975,1736.2037699070886
5976,1736.2037699070886
5977,1736.2037699070886
5978,1736.2037699070886
5979,1736.2037699070886
5980,1736.2037699070886
5981,1736.2037699070886
5982,1736.2037699070886
5983,1736.2037699070886
5984,1736.2037699070886
5985,1736.2037699070886
5986,1736.2037699070886
5987,1736.2037699070886
5988,1736.2037699070886
5989,1736.2037699070886
5990,1736.2037699070886
5991,1736.2037699070886
5992,1736.2037699070886
5993,1736.2037699070886
5994,1736.2037699070886
5995,1736.2037699070886
5996,1736.2037699070886
5997,1736.2037699070886
5998,1736.2037699070886
5999,1736.2037699070886
6000,1736.2037699070886
6001,1736.2037699070886
6002,1736.2037699070886
6003,1736.2037699070886
6004,1736.2037699070886
6005,1736.2037699070886
6006,1736.2037699070886
6007,1736.2037699070886
6008,1736.2037699070886
6009,1736.2037699070886
6010,1736.2037699070886
6011,1736.2037699070886
6012,1736.2037699070886
6013,1736.2037699070886
6014,1736.2037699070886
6015,1736.2037699070886
6016,1736.2037699070886
6017,1736.2037699070886
6018,1736.2037699070886
6019,1736.2037699070886
6020,1736.2037699070886
6021,1736.2037699070886
6022,1736.2037699070886
6023,1736.2037699070886
6024,1736.2037699070886
6025,1736.2037699070886
6026,1736.2037699070886
6027,1736.2037699070886
6028,1736.2037699070886
6029,1736.2037699070886
6030,1736.2037699070886
6031,1736.2037699070886
6032,1736.2037699070886
6033,1736.2037699070886
6034,1736.2037699070886
6035,1736.2037699070886
6036,1736.2037699070886
6037,1736.2037699070886
6038,1736.2037699070886
6039,1736.2037699070886
6040,1736.2037699070886
6041,1736.2037699070886
6042,1736.2037699070886
6043,1736.2037699070886
6044,1736.2037699070886
6045,1736.2037699070886
6046,1736.2037699070886
6047,1736.2037699070886
6048,1736.2037699070886
6049,1736.2037699070886
6050,1736.2037699070886
6051,1736.2037699070886
6052,1736.2037699070886
6053,1736.2037699070886
6054,1736.2037699070886
6055,1736.2037699070886
6056,1736.2037699070886
6057,1736.2037699070886
6058,1736.2037699070886
6059,1736.2037699070886
6060,1736.2037699070886
6061,1736.2037699070886
6062,1736.2037699070886
6063,1736.2037699070886
6064,1736.2037699070886
6065,1736.2037699070886
6066,1736.2037699070886
6067,1736.2037699070886
6068,1736.2037699070886
6069,1736.2037699070886
6070,1736.2037699070886
6071,1736.2037699070886
6072,1736.2037699070886
6073,1736.2037699070886
6074,1736.2037699070886
6075,1736.2037699070886
6076,1736.2037699070886
6077,1736.2037699070886
6078,1736.2037699070886
6079,1736.2037699070886
6080,1736.2037699070886
6081,1736.2037699070886
6082,1736.2037699070886
6083,1736.2037699070886
6084,1736.2037699070886
6085,1736.2037699070886
6086,1736.2037699070886
6087,1736.2037699070886
6088,1736.2037699070886
6089,1736.2037699070886
6090,1736.2037699070886
6091,1736.2037699070886
6092,1736.2037699070886
6093,1736.2037699070886
6094,1736.2037699070886
6095,1736.2037699070886
6096,1736.2037699070886
6097,1736.2037699070886
6098,1736.2037699070886
6099,1736.2037699070886
6100,1736.2037699070886
6101,1736.2037699070886
6102,1736.2037699070886
6103,1736.2037699070886
6104,1736.2037699070886
6105,1736.2037699070886
6106,1736.2037699070886
6107,1736.2037699070886
6108,1736.2037699070886
6109,1736.2037699070886
6110,1736.2037699070886
6111,1736.2037699070886
6112,1736.2037699070886
6113,1736.2037699070886
6114,1736.2037699070886
6115,1736.2037699070886
6116,1736.2037699070886
6117,1736.2037699070886
6118,1736.2037699070886
6119,1736.2037699070886
6120,1736.2037699070886
6121,1736.2037699070886
6122,1736.2037699070886
6123,1736.2037699070886
6124,1736.2037699070886
6125,1736.2037699070886
6126,1736.2037699070886
6127,1736.2037699070886
6128,1736.2037699070886
6129,1736.2037699070886
6130,1736.2037699070886
6131,1736.2037699070886
6132,1736.2037699070886
6133,1736.2037699070886
6134,1736.2037699070886
6135,1736.2037699070886
6136,1736.2037699070886
6137,1736.2037699070886
6138,1736.2037699070886
6139,1736.2037699070886
6140,1736.2037699070886
6141,1736.2037699070886
6142,1736.2037699070886
6143,1736.2037699070886
6144,1736.2037699070886
6145,1736.2037699070886
6146,1736.2037699070886
6147,1736.2037699070886
6148,1736.2037699070886
6149,1736.2037699070886
6150,1736.2037699070886
6151,1736.2037699070886
6152,1736.2037699070886
6153,1736.2037699070886
6154,1736.2037699070886
6155,1736.2037699070886
6156,1736.2037699070886
6157,1736.2037699070886
6158,1736.2037699070886
6159,1736.2037699070886
6160,1736.2037699070886
6161,1736.2037699070886
6162,1736.2037699070886
6163,1736.2037699070886
6164,1736.2037699070886
6165,1736.2037699070886
6166,1736.2037699070886
6167,1736.2037699070886
6168,1736.2037699070886
6169,1736.2037699070886
6170,1736.2037699070886
6171,1736.2037699070886
6172,1736.2037699070886
6173,1736.2037699070886
6174,1736.2037699070886
6175,1736.2037699070886
6176,1736.2037699070886
6177,1736.2037699070886
6178,1736.2037699070886
6179,1736.2037699070886
6180,1736.2037699070886
6181,1736.2037699070886
6182,1736.2037699070886
6183,1736.2037699070886
6184,1736.2037699070886
6185,1736.2037699070886
6186,1736.2037699070886
6187,1736.2037699070886
6188,1736.2037699070886
6189,1736.2037699070886
6190,1736.2037699070886
6191,1736.2037699070886
6192,1736.2037699070886
6193,1736.2037699070886
6194,1736.2037699070886
6195,1736.2037699070886
6196,1736.2037699070886
6197,1736.2037699070886
6198,1736.2037699070886
6199,1736.2037699070886
6200,1736.2037699070886
6201,1736.2037699070886
6202,1736.2037699070886
6203,1736.2037699070886
6204,1736.2037699070886
6205,1736.2037699070886
6206,1736.2037699070886
6207,1736.2037699070886
6208,1736.2037699070886
6209,1736.2037699070886
6210,1736.2037699070886
6211,1736.2037699070886
6212,1736.2037699070886
6213,1736.2037699070886
6214,1736.2037699070886
6215,1736.2037699070886
6216,1736.2037699070886
6217,1736.2037699070886
6218,1736.2037699070886
6219,1736.2037699070886
6220,1736.2037699070886
6221,1736.2037699070886
6222,1736.2037699070886
6223,1736.2037699070886
6224,1736.2037699070886
6225,1736.2037699070886
6226,1736.2037699070886
6227,1736.2037699070886
6228,1736.2037699070886
6229,1736.2037699070886
6230,1736.2037699070886
6231,1736.2037699070886
6232,1736.2037699070886
6233,1736.2037699070886
6234,1736.2037699070886
6235,1736.2037699070886
6236,1736.2037699070886
6237,1736.2037699070886
6238,1736.2037699070886
6239,1736.2037699070886
6240,1736.2037699070886
6241,1736.2037699070886
6242,1736.2037699070886
6243,1736.2037699070886
6244,1736.2037699070886
6245,1736.2037699070886
6246,1736.2037699070886
6247,1736.2037699070886
6248,1736.2037699070886
6249,1736.2037699070886
6250,1736.2037699070886
6251,1736.2037699070886
6252,1736.2037699070886
6253,1736.2037699070886
6254,1736.2037699070886
6255,1736.2037699070886
6256,1736.2037699070886
6257,1736.2037699070886
6258,1736.2037699070886
6259,1736.2037699070886
6260,1736.2037699070886
6261,1736.2037699070886
6262,1736.2037699070886
6263,1736.2037699070886
6264,1736.2037699070886
6265,1736.2037699070886
6266,1736.2037699070886
6267,1736.2037699070886
6268,1736.2037699070886
6269,1736.2037699070886
6270,1736.2037699070886
6271,1736.2037699070886
6272,1736.2037699070886
6273,1736.2037699070886
6274,1736.2037699070886
6275,1736.2037699070886
6276,1736.2037699070886
6277,1736.2037699070886
6278,1736.2037699070886
6279,1736.2037699070886
6280,1736.2037699070886
6281,1736.2037699070886
6282,1736.2037699070886
6283,1736.2037699070886
6284,1736.2037699070886
6285,1736.2037699070886
6286,1736.2037699070886
6287,1736.2037699070886
6288,1736.2037699070886
6289,1736.2037699070886
6290,1736.2037699070886
6291,1736.2037699070886
6292,1736.2037699070886
6293,1736.2037699070886
6294,1736.2037699070886
6295,1736.2037699070886
6296,1736.2037699070886
6297,1736.2037699070886
6298,1736.2037699070886
6299,1736.2037699070886
6300,1736.2037699070886
6301,1736.2037699070886
6302,1736.2037699070886
6303,1736.2037699070886
6304,1736.2037699070886
6305,1736.2037699070886
6306,1736.2037699070886
6307,1736.2037699070886
6308,1736.2037699070886
6309,1736.2037699070886
6310,1736.2037699070886
6311,1736.2037699070886
6312,1736.2037699070886
6313,1736.2037699070886
6314,1736.2037699070886
6315,1736.2037699070886
6316,1736.2037699070886
6317,1736.2037699070886
6318,1736.2037699070886
6319,1736.2037699070886
6320,1736.2037699070886
6321,1736.2037699070886
6322,1736.2037699070886
6323,1736.2037699070886
6324,1736.2037699070886
6325,1736.2037699070886
6326,1736.2037699070886
6327,1736.2037699070886
6328,1736.2037699070886
6329,1736.2037699070886
6330,1736.2037699070886
6331,1736.2037699070886
6332,1736.2037699070886
6333,1736.2037699070886
6334,1736.2037699070886
6335,1736.2037699070886
6336,1736.2037699070886
6337,1736.2037699070886
6338,1736.2037699070886
6339,1736.2037699070886
6340,1736.2037699070886
6341,1736.2037699070886
6342,1736.2037699070886
6343,1736.2037699070886
6344,1736.2037699070886
6345,1736.2037699070886
6346,1736.2037699070886
6347,1736.2037699070886
6348,1736.2037699070886
6349,1736.2037699070886
6350,1736.2037699070886
6351,1736.2037699070886
6352,1736.2037699070886
6353,1736.2037699070886
6354,1736.2037699070886
6355,1736.2037699070886
6356,1736.2037699070886
6357,1736.2037699070886
6358,1736.2037699070886
6359,1736.2037699070886
6360,1736.2037699070886
6361,1736.2037699070886
6362,1736.2037699070886
6363,1736.2037699070886
6364,1736.2037699070886
6365,1736.2037699070886
6366,1736.2037699070886
6367,1736.2037699070886
6368,1736.2037699070886
6369,1736.2037699070886
6370,1736.2037699070886
6371,1736.2037699070886
6372,1736.2037699070886
6373,1736.2037699070886
6374,1736.2037699070886
6375,1736.2037699070886
6376,1736.2037699070886
6377,1736.2037699070886
6378,1736.2037699070886
6379,1736.2037699070886
6380,1736.2037699070886
6381,1736.2037699070886
6382,1736.2037699070886
6383,1736.2037699070886
6384,1736.2037699070886
6385,1736.2037699070886
6386,1736.2037699070886
6387,1736.2037699070886
6388,1736.2037699070886
6389,1736.2037699070886
6390,1736.2037699070886
6391,1736.2037699070886
6392,1736.2037699070886
6393,1736.2037699070886
6394,1736.2037699070886
6395,1736.2037699070886
6396,1736.2037699070886
6397,1736.2037699070886
6398,1736.2037699070886
6399,1736.2037699070886
6400,1736.2037699070886
6401,1736.2037699070886
6402,1736.2037699070886
6403,1736.2037699070886
6404,1736.2037699070886
6405,1736.2037699070886
6406,1736.2037699070886
6407,1736.2037699070886
6408,1736.2037699070886
6409,1736.2037699070886
6410,1736.2037699070886
6411,1736.2037699070886
6412,1736.2037699070886
6413,1736.2037699070886
6414,1736.2037699070886
6415,1736.2037699070886
6416,1736.2037699070886
6417,1736.2037699070886
6418,1736.2037699070886
6419,1736.2037699070886
6420,1736.2037699070886
6421,1736.2037699070886
6422,1736.2037699070886
6423,1736.2037699070886
6424,1736.2037699070886
6425,1736.2037699070886
6426,1736.2037699070886
6427,1736.2037699070886
6428,1736.2037699070886
6429,1736.2037699070886
6430,1736.2037699070886
6431,1736.2037699070886
6432,1736.2037699070886
6433,1736.2037699070886
6434,1736.2037699070886
6435,1736.2037699070886
6436,1736.2037699070886
6437,1736.2037699070886
6438,1736.2037699070886
6439,1736.2037699070886
6440,1736.2037699070886
6441,1736.2037699070886
6442,1736.2037699070886
6443,1736.2037699070886
6444,1736.2037699070886
6445,1736.2037699070886
6446,1736.2037699070886
6447,1736.2037699070886
6448,1736.2037699070886
6449,1736.2037699070886
6450,1736.2037699070886
6451,1736.2037699070886
6452,1736.2037699070886
6453,1736.2037699070886
6454,1736.2037699070886
6455,1736.2037699070886
6456,1736.2037699070886
6457,1736.2037699070886
6458,1736.2037699070886
6459,1736.2037699070886
6460,1736.2037699070886
6461,1736.2037699070886
6462,1736.2037699070886
6463,1736.2037699070886
6464,1736.2037699070886
6465,1736.2037699070886
6466,1736.2037699070886
6467,1736.2037699070886
6468,1736.2037699070886
6469,1736.2037699070886
6470,1736.2037699070886
6471,1736.2037699070886
6472,1736.2037699070886
6473,1736.2037699070886
6474,1736.2037699070886
6475,1736.2037699070886
6476,1736.2037699070886
6477,1736.2037699070886
6478,1736.2037699070886
6479,1736.2037699070886
6480,1736.2037699070886
6481,1736.2037699070886
6482,1736.2037699070886
6483,1736.2037699070886
6484,1736.2037699070886
6485,1736.2037699070886
6486,1736.2037699070886
6487,1736.2037699070886
6488,1736.2037699070886
6489,1736.2037699070886
6490,1736.2037699070886
6491,1736.2037699070886
6492,1736.2037699070886
6493,1736.2037699070886
6494,1736.2037699070886
6495,1736.2037699070886
6496,1736.2037699070886
6497,1736.2037699070886
6498,1736.2037699070886
6499,1736.2037699070886
6500,1736.2037699070886
6501,1736.2037699070886
6502,1736.2037699070886
6503,1736.2037699070886
6504,1736.2037699070886
6505,1736.2037699070886
6506,1736.2037699070886
6507,1736.2037699070886
6508,1736.2037699070886
6509,1736.2037699070886
6510,1736.2037699070886
6511,1736.2037699070886
6512,1736.2037699070886
6513,1736.2037699070886
6514,1736.2037699070886
6515,1736.2037699070886
6516,1736.2037699070886
6517,1736.2037699070886
6518,1736.2037699070886
6519,1736.2037699070886
6520,1736.2037699070886
6521,1736.2037699070886
6522,1736.2037699070886
6523,1736.2037699070886
6524,1736.2037699070886
6525,1736.2037699070886
6526,1736.2037699070886
6527,1736.2037699070886
6528,1736.2037699070886
6529,1736.2037699070886
6530,1736.2037699070886
6531,1736.2037699070886
6532,1736.2037699070886
6533,1736.2037699070886
6534,1736.2037699070886
6535,1736.2037699070886
6536,1736.2037699070886
6537,1736.2037699070886
6538,1736.2037699070886
6539,1736.2037699070886
6540,1736.2037699070886
6541,1736.2037699070886
6542,1736.2037699070886
6543,1736.2037699070886
6544,1736.2037699070886
6545,1736.2037699070886
6546,1736.2037699070886
6547,1736.2037699070886
6548,1736.2037699070886
6549,1736.2037699070886
6550,1736.2037699070886
6551,1736.2037699070886
6552,1736.2037699070886
6553,1736.2037699070886
6554,1736.2037699070886
6555,1736.2037699070886
6556,1736.2037699070886
6557,1736.2037699070886
6558,1736.2037699070886
6559,1736.2037699070886
6560,1736.2037699070886
6561,1736.2037699070886
6562,1736.2037699070886
6563,1736.2037699070886
6564,1736.2037699070886
6565,1736.2037699070886
6566,1736.2037699070886
6567,1736.2037699070886
6568,1736.2037699070886
6569,1736.2037699070886
6570,1736.2037699070886
6571,1736.2037699070886
6572,1736.2037699070886
6573,1736.2037699070886
6574,1736.2037699070886
6575,1736.2037699070886
6576,1736.2037699070886
6577,1736.2037699070886
6578,1736.2037699070886
6579,1736.2037699070886
6580,1736.2037699070886
6581,1736.2037699070886
6582,1736.2037699070886
6583,1736.2037699070886
6584,1736.2037699070886
6585,1736.2037699070886
6586,1736.2037699070886
6587,1736.2037699070886
6588,1736.2037699070886
6589,1736.2037699070886
6590,1736.2037699070886
6591,1736.2037699070886
6592,1736.2037699070886
6593,1736.2037699070886
6594,1736.2037699070886
6595,1736.2037699070886
6596,1736.2037699070886
6597,1736.2037699070886
6598,1736.2037699070886
6599,1736.2037699070886
6600,1736.2037699070886
6601,1736.2037699070886
6602,1736.2037699070886
6603,1736.2037699070886
6604,1736.2037699070886
6605,1736.2037699070886
6606,1736.2037699070886
6607,1736.2037699070886
6608,1736.2037699070886
6609,1736.2037699070886
6610,1736.2037699070886
6611,1736.2037699070886
6612,1736.2037699070886
6613,1736.2037699070886
6614,1736.2037699070886
6615,1736.2037699070886
6616,1736.2037699070886
6617,1736.2037699070886
6618,1736.2037699070886
6619,1736.2037699070886
6620,1736.2037699070886
6621,1736.2037699070886
6622,1736.2037699070886
6623,1736.2037699070886
6624,1736.2037699070886
6625,1736.2037699070886
6626,1736.2037699070886
6627,1736.2037699070886
6628,1736.2037699070886
6629,1736.2037699070886
6630,1736.2037699070886
6631,1736.2037699070886
6632,1736.2037699070886
6633,1736.2037699070886
6634,1736.2037699070886
6635,1736.2037699070886
6636,1736.2037699070886
6637,1736.2037699070886
6638,1736.2037699070886
6639,1736.2037699070886
6640,1736.2037699070886
6641,1736.2037699070886
6642,1736.2037699070886
6643,1736.2037699070886
6644,1736.2037699070886
6645,1736.2037699070886
6646,1736.2037699070886
6647,1736.2037699070886
6648,1736.2037699070886
6649,1736.2037699070886
6650,1736.2037699070886
6651,1736.2037699070886
6652,1736.2037699070886
6653,1736.2037699070886
6654,1736.2037699070886
6655,1736.2037699070886
6656,1736.2037699070886
6657,1736.2037699070886
6658,1736.2037699070886
6659,1736.2037699070886
6660,1736.2037699070886
6661,1736.2037699070886
6662,1736.2037699070886
6663,1736.2037699070886
6664,1736.2037699070886
6665,1736.2037699070886
6666,1736.2037699070886
6667,1736.2037699070886
6668,1736.2037699070886
6669,1736.2037699070886
6670,1736.2037699070886
6671,1736.2037699070886
6672,1736.2037699070886
6673,1736.2037699070886
6674,1736.2037699070886
6675,1736.2037699070886
6676,1736.2037699070886
6677,1736.2037699070886
6678,1736.2037699070886
6679,1736.2037699070886
6680,1736.2037699070886
6681,1736.2037699070886
6682,1736.2037699070886
6683,1736.2037699070886
6684,1736.2037699070886
6685,1736.2037699070886
6686,1736.2037699070886
6687,1736.2037699070886
6688,1736.2037699070886
6689,1736.2037699070886
6690,1736.2037699070886
6691,1736.2037699070886
6692,1736.2037699070886
6693,1736.2037699070886
6694,1736.2037699070886
6695,1736.2037699070886
6696,1736.2037699070886
6697,1736.2037699070886
6698,1736.2037699070886
6699,1736.2037699070886
6700,1736.2037699070886
6701,1736.2037699070886
6702,1736.2037699070886
6703,1736.2037699070886
6704,1736.2037699070886
6705,1736.2037699070886
6706,1736.2037699070886
6707,1736.2037699070886
6708,1736.2037699070886
6709,1736.2037699070886
6710,1736.2037699070886
6711,1736.2037699070886
6712,1736.2037699070886
6713,1736.2037699070886
6714,1736.2037699070886
6715,1736.2037699070886
6716,1736.2037699070886
6717,1736.2037699070886
6718,1736.2037699070886
6719,1736.2037699070886
6720,1736.2037699070886
6721,1736.2037699070886
6722,1736.2037699070886
6723,1736.2037699070886
6724,1736.2037699070886
6725,1736.2037699070886
6726,1736.2037699070886
6727,1736.2037699070886
6728,1736.2037699070886
6729,1736.2037699070886
6730,1736.2037699070886
6731,1736.2037699070886
6732,1736.2037699070886
6733,1736.2037699070886
6734,1736.2037699070886
6735,1736.2037699070886
6736,1736.2037699070886
6737,1736.2037699070886
6738,1736.2037699070886
6739,1736.2037699070886
6740,1736.2037699070886
6741,1736.2037699070886
6742,1736.2037699070886
6743,1736.2037699070886
6744,1736.2037699070886
6745,1736.2037699070886
6746,1736.2037699070886
6747,1736.2037699070886
6748,1736.2037699070886
6749,1736.2037699070886
6750,1736.2037699070886
6751,1736.2037699070886
6752,1736.2037699070886
6753,1736.2037699070886
6754,1736.2037699070886
6755,1736.2037699070886
6756,1736.2037699070886
6757,1736.2037699070886
6758,1736.2037699070886
6759,1736.2037699070886
6760,1736.2037699070886
6761,1736.2037699070886
6762,1736.2037699070886
6763,1736.2037699070886
6764,1736.2037699070886
6765,1736.2037699070886
6766,1736.2037699070886
6767,1736.2037699070886
6768,1736.2037699070886
6769,1736.2037699070886
6770,1736.2037699070886
6771,1736.2037699070886
6772,1736.2037699070886
6773,1736.2037699070886
6774,1736.2037699070886
6775,1736.2037699070886
6776,1736.2037699070886
6777,1736.2037699070886
6778,1736.2037699070886
6779,1736.2037699070886
6780,1736.2037699070886
6781,1736.2037699070886
6782,1736.2037699070886
6783,1736.2037699070886
6784,1736.2037699070886
6785,1736.2037699070886
6786,1736.2037699070886
6787,1736.2037699070886
6788,1736.2037699070886
6789,1736.2037699070886
6790,1736.2037699070886
6791,1736.2037699070886
6792,1736.2037699070886
6793,1736.2037699070886
6794,1736.2037699070886
6795,1736.2037699070886
6796,1736.2037699070886
6797,1736.2037699070886
6798,1736.2037699070886
6799,1736.2037699070886
6800,1736.2037699070886
6801,1736.2037699070886
6802,1736.2037699070886
6803,1736.2037699070886
6804,1736.2037699070886
6805,1736.2037699070886
6806,1736.2037699070886
6807,1736.2037699070886
6808,1736.2037699070886
6809,1736.2037699070886
6810,1736.2037699070886
6811,1736.2037699070886
6812,1736.2037699070886
6813,1736.2037699070886
6814,1736.2037699070886
6815,1736.2037699070886
6816,1736.2037699070886
6817,1736.2037699070886
6818,1736.2037699070886
6819,1736.2037699070886
6820,1736.2037699070886
6821,1736.2037699070886
6822,1736.2037699070886
6823,1736.2037699070886
6824,1736.2037699070886
6825,1736.2037699070886
6826,1736.2037699070886
6827,1736.2037699070886
6828,1736.2037699070886
6829,1736.2037699070886
6830,1736.2037699070886
6831,1736.2037699070886
6832,1736.2037699070886
6833,1736.2037699070886
6834,1736.2037699070886
6835,1736.2037699070886
6836,1736.2037699070886
6837,1736.2037699070886
6838,1736.2037699070886
6839,1736.2037699070886
6840,1736.2037699070886
6841,1736.2037699070886
6842,1736.2037699070886
6843,1736.2037699070886
6844,1736.2037699070886
6845,1736.2037699070886
6846,1736.2037699070886
6847,1736.2037699070886
6848,1736.2037699070886
6849,1736.2037699070886
6850,1736.2037699070886
6851,1736.2037699070886
6852,1736.2037699070886
6853,1736.2037699070886
6854,1736.2037699070886
6855,1736.2037699070886
6856,1736.2037699070886
6857,1736.2037699070886
6858,1736.2037699070886
6859,1736.2037699070886
6860,1736.2037699070886
6861,1736.2037699070886
6862,1736.2037699070886
6863,1736.2037699070886
6864,1736.2037699070886
6865,1736.2037699070886
6866,1736.2037699070886
6867,1736.2037699070886
6868,1736.2037699070886
6869,1736.2037699070886
6870,1736.2037699070886
6871,1736.2037699070886
6872,1736.2037699070886
6873,1736.2037699070886
6874,1736.2037699070886
6875,1736.2037699070886
6876,1736.2037699070886
6877,1736.2037699070886
6878,1736.2037699070886
6879,1736.2037699070886
6880,1736.2037699070886
6881,1736.2037699070886
6882,1736.2037699070886
6883,1736.2037699070886
6884,1736.2037699070886
6885,1736.2037699070886
6886,1736.2037699070886
6887,1736.2037699070886
6888,1736.2037699070886
6889,1736.2037699070886
6890,1736.2037699070886
6891,1736.2037699070886
6892,1736.2037699070886
6893,1736.2037699070886
6894,1736.2037699070886
6895,1736.2037699070886
6896,1736.2037699070886
6897,1736.2037699070886
6898,1736.2037699070886
6899,1736.2037699070886
6900,1736.2037699070886
6901,1736.2037699070886
6902,1736.2037699070886
6903,1736.2037699070886
6904,1736.2037699070886
6905,1736.2037699070886
6906,1736.2037699070886
6907,1736.2037699070886
6908,1736.2037699070886
6909,1736.2037699070886
6910,1736.2037699070886
6911,1736.2037699070886
6912,1736.2037699070886
6913,1736.2037699070886
6914,1736.2037699070886
6915,1736.2037699070886
6916,1736.2037699070886
6917,1736.2037699070886
6918,1736.2037699070886
6919,1736.2037699070886
6920,1736.2037699070886
6921,1736.2037699070886
6922,1736.2037699070886
6923,1736.2037699070886
6924,1736.2037699070886
6925,1736.2037699070886
6926,1736.2037699070886
6927,1736.2037699070886
6928,1736.2037699070886
6929,1736.2037699070886
6930,1736.2037699070886
6931,1736.2037699070886
6932,1736.2037699070886
6933,1736.2037699070886
6934,1736.2037699070886
6935,1736.2037699070886
6936,1736.2037699070886
6937,1736.2037699070886
6938,1736.2037699070886
6939,1736.2037699070886
6940,1736.2037699070886
6941,1736.2037699070886
6942,1736.2037699070886
6943,1736.2037699070886
6944,1736.2037699070886
6945,1736.2037699070886
6946,1736.2037699070886
6947,1736.2037699070886
6948,1736.2037699070886
6949,1736.2037699070886
6950,1736.2037699070886
6951,1736.2037699070886
6952,1736.2037699070886
6953,1736.2037699070886
6954,1736.2037699070886
6955,1736.2037699070886
6956,1736.2037699070886
6957,1736.2037699070886
6958,1736.2037699070886
6959,1736.2037699070886
6960,1736.2037699070886
6961,1736.2037699070886
6962,1736.2037699070886
6963,1736.2037699070886
6964,1736.2037699070886
6965,1736.2037699070886
6966,1736.2037699070886
6967,1736.2037699070886
6968,1736.2037699070886
6969,1736.2037699070886
6970,1736.2037699070886
6971,1736.2037699070886
6972,1736.2037699070886
6973,1736.2037699070886
6974,1736.2037699070886
6975,1736.2037699070886
6976,1736.2037699070886
6977,1736.2037699070886
6978,1736.2037699070886
6979,1736.2037699070886
6980,1736.2037699070886
6981,1736.2037699070886
6982,1736.2037699070886
6983,1736.2037699070886
6984,1736.2037699070886
6985,1736.2037699070886
6986,1736.2037699070886
6987,1736.2037699070886
6988,1736.2037699070886
6989,1736.2037699070886
6990,1736.2037699070886
6991,1736.2037699070886
6992,1736.2037699070886
6993,1736.2037699070886
6994,1736.2037699070886
6995,1736.2037699070886
6996,1736.2037699070886
6997,1736.2037699070886
6998,1736.2037699070886
6999,1736.2037699070886
7000,1736.2037699070886
7001,1736.2037699070886
7002,1736.2037699070886
7003,1736.2037699070886
7004,1736.2037699070886
7005,1736.2037699070886
7006,1736.2037699070886
7007,1736.2037699070886
7008,1736.2037699070886
7009,1736.2037699070886
7010,1736.2037699070886
7011,1736.2037699070886
7012,1736.2037699070886
7013,1736.2037699070886
7014,1736.2037699070886
7015,1736.2037699070886
7016,1736.2037699070886
7017,1736.2037699070886
7018,1736.2037699070886
7019,1736.2037699070886
7020,1736.2037699070886
7021,1736.2037699070886
7022,1736.2037699070886
7023,1736.2037699070886
7024,1736.2037699070886
7025,1736.2037699070886
7026,1736.2037699070886
7027,1736.2037699070886
7028,1736.2037699070886
7029,1736.2037699070886
7030,1736.2037699070886
7031,1736.2037699070886
7032,1736.2037699070886
7033,1736.2037699070886
7034,1736.2037699070886
7035,1736.2037699070886
7036,1736.2037699070886
7037,1736.2037699070886
7038,1736.2037699070886
7039,1736.2037699070886
7040,1736.2037699070886
7041,1736.2037699070886
7042,1736.2037699070886
7043,1736.2037699070886
7044,1736.2037699070886
7045,1736.2037699070886
7046,1736.2037699070886
7047,1736.2037699070886
7048,1736.2037699070886
7049,1736.2037699070886
7050,1736.2037699070886
7051,1736.2037699070886
7052,1736.2037699070886
7053,1736.2037699070886
7054,1736.2037699070886
7055,1736.2037699070886
7056,1736.2037699070886
7057,1736.2037699070886
7058,1736.2037699070886
7059,1736.2037699070886
7060,1736.2037699070886
7061,1736.2037699070886
7062,1736.2037699070886
7063,1736.2037699070886
7064,1736.2037699070886
7065,1736.2037699070886
7066,1736.2037699070886
7067,1736.2037699070886
7068,1736.2037699070886
7069,1736.2037699070886
7070,1736.2037699070886
7071,1736.2037699070886
7072,1736.2037699070886
7073,1736.2037699070886
7074,1736.2037699070886
7075,1736.2037699070886
7076,1736.2037699070886
7077,1736.2037699070886
7078,1736.2037699070886
7079,1736.2037699070886
7080,1736.2037699070886
7081,1736.2037699070886
7082,1736.2037699070886
7083,1736.2037699070886
7084,1736.2037699070886
7085,1736.2037699070886
7086,1736.2037699070886
7087,1736.2037699070886
7088,1736.2037699070886
7089,1736.2037699070886
7090,1736.2037699070886
7091,1736.2037699070886
7092,1736.2037699070886
7093,1736.2037699070886
7094,1736.2037699070886
7095,1736.2037699070886
7096,1736.2037699070886
7097,1736.2037699070886
7098,1736.2037699070886
7099,1736.2037699070886
7100,1736.2037699070886
7101,1736.2037699070886
7102,1736.2037699070886
7103,1736.2037699070886
7104,1736.2037699070886
7105,1736.2037699070886
7106,1736.2037699070886
7107,1736.2037699070886
7108,1736.2037699070886
7109,1736.2037699070886
7110,1736.2037699070886
7111,1736.2037699070886
7112,1736.2037699070886
7113,1736.2037699070886
7114,1736.2037699070886
7115,1736.2037699070886
7116,1736.2037699070886
7117,1736.2037699070886
7118,1736.2037699070886
7119,1736.2037699070886
7120,1736.2037699070886
7121,1736.2037699070886
7122,1736.2037699070886
7123,1736.2037699070886
7124,1736.2037699070886
7125,1736.2037699070886
7126,1736.2037699070886
7127,1736.2037699070886
7128,1736.2037699070886
7129,1736.2037699070886
7130,1736.2037699070886
7131,1736.2037699070886
7132,1736.2037699070886
7133,1736.2037699070886
7134,1736.2037699070886
7135,1736.2037699070886
7136,1736.2037699070886
7137,1736.2037699070886
7138,1736.2037699070886
7139,1736.2037699070886
7140,1736.2037699070886
7141,1736.2037699070886
7142,1736.2037699070886
7143,1736.2037699070886
7144,1736.2037699070886
7145,1736.2037699070886
7146,1736.2037699070886
7147,1736.2037699070886
7148,1736.2037699070886
7149,1736.2037699070886
7150,1736.2037699070886
7151,1736.2037699070886
7152,1736.2037699070886
7153,1736.2037699070886
7154,1736.2037699070886
7155,1736.2037699070886
7156,1736.2037699070886
7157,1736.2037699070886
7158,1736.2037699070886
7159,1736.2037699070886
7160,1736.2037699070886
7161,1736.2037699070886
7162,1736.2037699070886
7163,1736.2037699070886
7164,1736.2037699070886
7165,1736.2037699070886
7166,1736.2037699070886
7167,1736.2037699070886
7168,1736.2037699070886
7169,1736.2037699070886
7170,1736.2037699070886
7171,1736.2037699070886
7172,1736.2037699070886
7173,1736.2037699070886
7174,1736.2037699070886
7175,1736.2037699070886
7176,1736.2037699070886
7177,1736.2037699070886
7178,1736.2037699070886
7179,1736.2037699070886
7180,1736.2037699070886
7181,1736.2037699070886
7182,1736.2037699070886
7183,1736.2037699070886
7184,1736.2037699070886
7185,1736.2037699070886
7186,1736.2037699070886
7187,1736.2037699070886
7188,1736.2037699070886
7189,1736.2037699070886
7190,1736.2037699070886
7191,1736.2037699070886
7192,1736.2037699070886
7193,1736.2037699070886
7194,1736.2037699070886
7195,1736.2037699070886
7196,1736.2037699070886
7197,1736.2037699070886
7198,1736.2037699070886
7199,1736.2037699070886
7200,1736.2037699070886
7201,1736.2037699070886
7202,1736.2037699070886
7203,1736.2037699070886
7204,1736.2037699070886
7205,1736.2037699070886
7206,1736.2037699070886
7207,1736.2037699070886
7208,1736.2037699070886
7209,1736.2037699070886
7210,1736.2037699070886
7211,1736.2037699070886
7212,1736.2037699070886
7213,1736.2037699070886
7214,1736.2037699070886
7215,1736.2037699070886
7216,1736.2037699070886
7217,1736.2037699070886
7218,1736.2037699070886
7219,1736.2037699070886
7220,1736.2037699070886
7221,1736.2037699070886
7222,1736.2037699070886
7223,1736.2037699070886
7224,1736.2037699070886
7225,1736.2037699070886
7226,1736.2037699070886
7227,1736.2037699070886
7228,1736.2037699070886
7229,1736.2037699070886
7230,1736.2037699070886
7231,1736.2037699070886
7232,1736.2037699070886
7233,1736.2037699070886
7234,1736.2037699070886
7235,1736.2037699070886
7236,1736.2037699070886
7237,1736.2037699070886
7238,1736.2037699070886
7239,1736.2037699070886
7240,1736.2037699070886
7241,1736.2037699070886
7242,1736.2037699070886
7243,1736.2037699070886
7244,1736.2037699070886
7245,1736.2037699070886
7246,1736.2037699070886
7247,1736.2037699070886
7248,1736.2037699070886
7249,1736.2037699070886
7250,1736.2037699070886
7251,1736.2037699070886
7252,1736.2037699070886
7253,1736.2037699070886
7254,1736.2037699070886
7255,1736.2037699070886
7256,1736.2037699070886
7257,1736.2037699070886
7258,1736.2037699070886
7259,1736.2037699070886
7260,1736.2037699070886
7261,1736.2037699070886
7262,1736.2037699070886
7263,1736.2037699070886
7264,1736.2037699070886
7265,1736.2037699070886
7266,1736.2037699070886
7267,1736.2037699070886
7268,1736.2037699070886
7269,1736.2037699070886
7270,1736.2037699070886
7271,1736.2037699070886
7272,1736.2037699070886
7273,1736.2037699070886
7274,1736.2037699070886
7275,1736.2037699070886
7276,1736.2037699070886
7277,1736.2037699070886
7278,1736.2037699070886
7279,1736.2037699070886
7280,1736.2037699070886
7281,1736.2037699070886
7282,1736.2037699070886
7283,1736.2037699070886
7284,1736.2037699070886
7285,1736.2037699070886
7286,1736.2037699070886
7287,1736.2037699070886
7288,1736.2037699070886
7289,1736.2037699070886
7290,1736.2037699070886
7291,1736.2037699070886
7292,1736.2037699070886
7293,1736.2037699070886
7294,1736.2037699070886
7295,1736.2037699070886
7296,1736.2037699070886
7297,1736.2037699070886
7298,1736.2037699070886
7299,1736.2037699070886
7300,1736.2037699070886
7301,1736.2037699070886
7302,1736.2037699070886
7303,1736.2037699070886
7304,1736.2037699070886
7305,1736.2037699070886
7306,1736.2037699070886
7307,1736.2037699070886
7308,1736.2037699070886
7309,1736.2037699070886
7310,1736.2037699070886
7311,1736.2037699070886
7312,1736.2037699070886
7313,1736.2037699070886
7314,1736.2037699070886
7315,1736.2037699070886
7316,1736.2037699070886
7317,1736.2037699070886
7318,1736.2037699070886
7319,1736.2037699070886
7320,1736.2037699070886
7321,1736.2037699070886
7322,1736.2037699070886
7323,1736.2037699070886
7324,1736.2037699070886
7325,1736.2037699070886
7326,1736.2037699070886
7327,1736.2037699070886
7328,1736.2037699070886
7329,1736.2037699070886
7330,1736.2037699070886
7331,1736.2037699070886
7332,1736.2037699070886
7333,1736.2037699070886
7334,1736.2037699070886
7335,1736.2037699070886
7336,1736.2037699070886
7337,1736.2037699070886
7338,1736.2037699070886
7339,1736.2037699070886
7340,1736.2037699070886
7341,1736.2037699070886
7342,1736.2037699070886
7343,1736.2037699070886
7344,1736.2037699070886
7345,1736.2037699070886
7346,1736.2037699070886
7347,1736.2037699070886
7348,1736.2037699070886
7349,1736.2037699070886
7350,1736.2037699070886
7351,1736.2037699070886
7352,1736.2037699070886
7353,1736.2037699070886
7354,1736.2037699070886
7355,1736.2037699070886
7356,1736.2037699070886
7357,1736.2037699070886
7358,1736.2037699070886
7359,1736.2037699070886
7360,1736.2037699070886
7361,1736.2037699070886
7362,1736.2037699070886
7363,1736.2037699070886
7364,1736.2037699070886
7365,1736.2037699070886
7366,1736.2037699070886
7367,1736.2037699070886
7368,1736.2037699070886
7369,1736.2037699070886
7370,1736.2037699070886
7371,1736.2037699070886
7372,1736.2037699070886
7373,1736.2037699070886
7374,1736.2037699070886
7375,1736.2037699070886
7376,1736.2037699070886
7377,1736.2037699070886
7378,1736.2037699070886
7379,1736.2037699070886
7380,1736.2037699070886
7381,1736.2037699070886
7382,1736.2037699070886
7383,1736.2037699070886
7384,1736.2037699070886
7385,1736.2037699070886
7386,1736.2037699070886
7387,1736.2037699070886
7388,1736.2037699070886
7389,1736.2037699070886
7390,1736.2037699070886
7391,1736.2037699070886
7392,1736.2037699070886
7393,1736.2037699070886
7394,1736.2037699070886
7395,1736.2037699070886
7396,1736.2037699070886
7397,1736.2037699070886
7398,1736.2037699070886
7399,1736.2037699070886
7400,1736.2037699070886
7401,1736.2037699070886
7402,1736.2037699070886
7403,1736.2037699070886
7404,1736.2037699070886
7405,1736.2037699070886
7406,1736.2037699070886
7407,1736.2037699070886
7408,1736.2037699070886
7409,1736.2037699070886
7410,1736.2037699070886
7411,1736.2037699070886
7412,1736.2037699070886
7413,1736.2037699070886
7414,1736.2037699070886
7415,1736.2037699070886
7416,1736.2037699070886
7417,1736.2037699070886
7418,1736.2037699070886
7419,1736.2037699070886
7420,1736.2037699070886
7421,1736.2037699070886
7422,1736.2037699070886
7423,1736.2037699070886
7424,1736.2037699070886
7425,1736.2037699070886
7426,1736.2037699070886
7427,1736.2037699070886
7428,1736.2037699070886
7429,1736.2037699070886
7430,1736.2037699070886
7431,1736.2037699070886
7432,1736.2037699070886
7433,1736.2037699070886
7434,1736.2037699070886
7435,1736.2037699070886
7436,1736.2037699070886
7437,1736.2037699070886
7438,1736.2037699070886
7439,1736.2037699070886
7440,1736.2037699070886
7441,1736.2037699070886
7442,1736.2037699070886
7443,1736.2037699070886
7444,1736.2037699070886
7445,1736.2037699070886
7446,1736.2037699070886
7447,1736.2037699070886
7448,1736.2037699070886
7449,1736.2037699070886
7450,1736.2037699070886
7451,1736.2037699070886
7452,1736.2037699070886
7453,1736.2037699070886
7454,1736.2037699070886
7455,1736.2037699070886
7456,1736.2037699070886
7457,1736.2037699070886
7458,1736.2037699070886
7459,1736.2037699070886
7460,1736.2037699070886
7461,1736.2037699070886
7462,1736.2037699070886
7463,1736.2037699070886
7464,1736.2037699070886
7465,1736.2037699070886
7466,1736.2037699070886
7467,1736.2037699070886
7468,1736.2037699070886
7469,1736.2037699070886
7470,1736.2037699070886
7471,1736.2037699070886
7472,1736.2037699070886
7473,1736.2037699070886
7474,1736.2037699070886
7475,1736.2037699070886
7476,1736.2037699070886
7477,1736.2037699070886
7478,1736.2037699070886
7479,1736.2037699070886
7480,1736.2037699070886
7481,1736.2037699070886
7482,1736.2037699070886
7483,1736.2037699070886
7484,1736.2037699070886
7485,1736.2037699070886
7486,1736.2037699070886
7487,1736.2037699070886
7488,1736.2037699070886
7489,1736.2037699070886
7490,1736.2037699070886
7491,1736.2037699070886
7492,1736.2037699070886
7493,1736.2037699070886
7494,1736.2037699070886
7495,1736.2037699070886
7496,1736.2037699070886
7497,1736.2037699070886
7498,1736.2037699070886
7499,1736.2037699070886
7500,1736.2037699070886
7501,1736.2037699070886
7502,1736.2037699070886
7503,1736.2037699070886
7504,1736.2037699070886
7505,1736.2037699070886
7506,1736.2037699070886
7507,1736.2037699070886
7508,1736.2037699070886
7509,1736.2037699070886
7510,1736.2037699070886
7511,1736.2037699070886
7512,1736.2037699070886
7513,1736.2037699070886
7514,1736.2037699070886
7515,1736.2037699070886
7516,1736.2037699070886
7517,1736.2037699070886
7518,1736.2037699070886
7519,1736.2037699070886
7520,1736.2037699070886
7521,1736.2037699070886
7522,1736.2037699070886
7523,1736.2037699070886
7524,1736.2037699070886
7525,1736.2037699070886
7526,1736.2037699070886
7527,1736.2037699070886
7528,1736.2037699070886
7529,1736.2037699070886
7530,1736.2037699070886
7531,1736.2037699070886
7532,1736.2037699070886
7533,1736.2037699070886
7534,1736.2037699070886
7535,1736.2037699070886
7536,1736.2037699070886
7537,1736.2037699070886
7538,1736.2037699070886
7539,1736.2037699070886
7540,1736.2037699070886
7541,1736.2037699070886
7542,1736.2037699070886
7543,1736.2037699070886
7544,1736.2037699070886
7545,1736.2037699070886
7546,1736.2037699070886
7547,1736.2037699070886
7548,1736.2037699070886
7549,1736.2037699070886
7550,1736.2037699070886
7551,1736.2037699070886
7552,1736.2037699070886
7553,1736.2037699070886
7554,1736.2037699070886
7555,1736.2037699070886
7556,1736.2037699070886
7557,1736.2037699070886
7558,1736.2037699070886
7559,1736.2037699070886
7560,1736.2037699070886
7561,1736.2037699070886
7562,1736.2037699070886
7563,1736.2037699070886
7564,1736.2037699070886
7565,1736.2037699070886
7566,1736.2037699070886
7567,1736.2037699070886
7568,1736.2037699070886
7569,1736.2037699070886
7570,1736.2037699070886
7571,1736.2037699070886
7572,1736.2037699070886
7573,1736.2037699070886
7574,1736.2037699070886
7575,1736.2037699070886
7576,1736.2037699070886
7577,1736.2037699070886
7578,1736.2037699070886
7579,1736.2037699070886
7580,1736.2037699070886
7581,1736.2037699070886
7582,1736.2037699070886
7583,1736.2037699070886
7584,1736.2037699070886
7585,1736.2037699070886
7586,1736.2037699070886
7587,1736.2037699070886
7588,1736.2037699070886
7589,1736.2037699070886
7590,1736.2037699070886
7591,1736.2037699070886
7592,1736.2037699070886
7593,1736.2037699070886
7594,1736.2037699070886
7595,1736.2037699070886
7596,1736.2037699070886
7597,1736.2037699070886
7598,1736.2037699070886
7599,1736.2037699070886
7600,1736.2037699070886
7601,1736.2037699070886
7602,1736.2037699070886
7603,1736.2037699070886
7604,1736.2037699070886
7605,1736.2037699070886
7606,1736.2037699070886
7607,1736.2037699070886
7608,1736.2037699070886
7609,1736.2037699070886
7610,1736.2037699070886
7611,1736.2037699070886
7612,1736.2037699070886
7613,1736.2037699070886
7614,1736.2037699070886
7615,1736.2037699070886
7616,1736.2037699070886
7617,1736.2037699070886
7618,1736.2037699070886
7619,1736.2037699070886
7620,1736.2037699070886
7621,1736.2037699070886
7622,1736.2037699070886
7623,1736.2037699070886
7624,1736.2037699070886
7625,1736.2037699070886
7626,1736.2037699070886
7627,1736.2037699070886
7628,1736.2037699070886
7629,1736.2037699070886
7630,1736.2037699070886
7631,1736.2037699070886
7632,1736.2037699070886
7633,1736.2037699070886
7634,1736.2037699070886
7635,1736.2037699070886
7636,1736.2037699070886
7637,1736.2037699070886
7638,1736.2037699070886
7639,1736.2037699070886
7640,1736.2037699070886
7641,1736.2037699070886
7642,1736.2037699070886
7643,1736.2037699070886
7644,1736.2037699070886
7645,1736.2037699070886
7646,1736.2037699070886
7647,1736.2037699070886
7648,1736.2037699070886
7649,1736.2037699070886
7650,1736.2037699070886
7651,1736.2037699070886
7652,1736.2037699070886
7653,1736.2037699070886
7654,1736.2037699070886
7655,1736.2037699070886
7656,1736.2037699070886
7657,1736.2037699070886
7658,1736.2037699070886
7659,1736.2037699070886
7660,1736.2037699070886
7661,1736.2037699070886
7662,1736.2037699070886
7663,1736.2037699070886
7664,1736.2037699070886
7665,1736.2037699070886
7666,1736.2037699070886
7667,1736.2037699070886
7668,1736.2037699070886
7669,1736.2037699070886
7670,1736.2037699070886
7671,1736.2037699070886
7672,1736.2037699070886
7673,1736.2037699070886
7674,1736.2037699070886
7675,1736.2037699070886
7676,1736.2037699070886
7677,1736.2037699070886
7678,1736.2037699070886
7679,1736.2037699070886
7680,1736.2037699070886
7681,1736.2037699070886
7682,1736.2037699070886
7683,1736.2037699070886
7684,1736.2037699070886
7685,1736.2037699070886
7686,1736.2037699070886
7687,1736.2037699070886
7688,1736.2037699070886
7689,1736.2037699070886
7690,1736.2037699070886
7691,1736.2037699070886
7692,1736.2037699070886
7693,1736.2037699070886
7694,1736.2037699070886
7695,1736.2037699070886
7696,1736.2037699070886
7697,1736.2037699070886
7698,1736.2037699070886
7699,1736.2037699070886
7700,1736.2037699070886
7701,1736.2037699070886
7702,1736.2037699070886
7703,1736.2037699070886
7704,1736.2037699070886
7705,1736.2037699070886
7706,1736.2037699070886
7707,1736.2037699070886
7708,1736.2037699070886
7709,1736.2037699070886
7710,1736.2037699070886
7711,1736.2037699070886
7712,1736.2037699070886
7713,1736.2037699070886
7714,1736.2037699070886
7715,1736.2037699070886
7716,1736.2037699070886
7717,1736.2037699070886
7718,1736.2037699070886
7719,1736.2037699070886
7720,1736.2037699070886
7721,1736.2037699070886
7722,1736.2037699070886
7723,1736.2037699070886
7724,1736.2037699070886
7725,1736.2037699070886
7726,1736.2037699070886
7727,1736.2037699070886
7728,1736.2037699070886
7729,1736.2037699070886
7730,1736.2037699070886
7731,1736.2037699070886
7732,1736.2037699070886
7733,1736.2037699070886
7734,1736.2037699070886
7735,1736.2037699070886
7736,1736.2037699070886
7737,1736.2037699070886
7738,1736.2037699070886
7739,1736.2037699070886
7740,1736.2037699070886
7741,1736.2037699070886
7742,1736.2037699070886
7743,1736.2037699070886
7744,1736.2037699070886
7745,1736.2037699070886
7746,1736.2037699070886
7747,1736.2037699070886
7748,1736.2037699070886
7749,1736.2037699070886
7750,1736.2037699070886
7751,1736.2037699070886
7752,1736.2037699070886
7753,1736.2037699070886
7754,1736.2037699070886
7755,1736.2037699070886
7756,1736.2037699070886
7757,1736.2037699070886
7758,1736.2037699070886
7759,1736.2037699070886
7760,1736.2037699070886
7761,1736.2037699070886
7762,1736.2037699070886
7763,1736.2037699070886
7764,1736.2037699070886
7765,1736.2037699070886
7766,1736.2037699070886
7767,1736.2037699070886
7768,1736.2037699070886
7769,1736.2037699070886
7770,1736.2037699070886
7771,1736.2037699070886
7772,1736.2037699070886
7773,1736.2037699070886
7774,1736.2037699070886
7775,1736.2037699070886
7776,1736.2037699070886
7777,1736.2037699070886
7778,1736.2037699070886
7779,1736.2037699070886
7780,1736.2037699070886
7781,1736.2037699070886
7782,1736.2037699070886
7783,1736.2037699070886
7784,1736.2037699070886
7785,1736.2037699070886
7786,1736.2037699070886
7787,1736.2037699070886
7788,1736.2037699070886
7789,1736.2037699070886
7790,1736.2037699070886
7791,1736.2037699070886
7792,1736.2037699070886
7793,1736.2037699070886
7794,1736.2037699070886
7795,1736.2037699070886
7796,1736.2037699070886
7797,1736.2037699070886
7798,1736.2037699070886
7799,1736.2037699070886
7800,1736.2037699070886
7801,1736.2037699070886
7802,1736.2037699070886
7803,1736.2037699070886
7804,1736.2037699070886
7805,1736.2037699070886
7806,1736.2037699070886
7807,1736.2037699070886
7808,1736.2037699070886
7809,1736.2037699070886
7810,1736.2037699070886
7811,1736.2037699070886
7812,1736.2037699070886
7813,1736.2037699070886
7814,1736.2037699070886
7815,1736.2037699070886
7816,1736.2037699070886
7817,1736.2037699070886
7818,1736.2037699070886
7819,1736.2037699070886
7820,1736.2037699070886
7821,1736.2037699070886
7822,1736.2037699070886
7823,1736.2037699070886
7824,1736.2037699070886
7825,1736.2037699070886
7826,1736.2037699070886
7827,1736.2037699070886
7828,1736.2037699070886
7829,1736.2037699070886
7830,1736.2037699070886
7831,1736.2037699070886
7832,1736.2037699070886
7833,1736.2037699070886
7834,1736.2037699070886
7835,1736.2037699070886
7836,1736.2037699070886
7837,1736.2037699070886
7838,1736.2037699070886
7839,1736.2037699070886
7840,1736.2037699070886
7841,1736.2037699070886
7842,1736.2037699070886
7843,1736.2037699070886
7844,1736.2037699070886
7845,1736.2037699070886
7846,1736.2037699070886
7847,1736.2037699070886
7848,1736.2037699070886
7849,1736.2037699070886
7850,1736.2037699070886
7851,1736.2037699070886
7852,1736.2037699070886
7853,1736.2037699070886
7854,1736.2037699070886
7855,1736.2037699070886
7856,1736.2037699070886
7857,1736.2037699070886
7858,1736.2037699070886
7859,1736.2037699070886
7860,1736.2037699070886
7861,1736.2037699070886
7862,1736.2037699070886
7863,1736.2037699070886
7864,1736.2037699070886
7865,1736.2037699070886
7866,1736.2037699070886
7867,1736.2037699070886
7868,1736.2037699070886
7869,1736.2037699070886
7870,1736.2037699070886
7871,1736.2037699070886
7872,1736.2037699070886
7873,1736.2037699070886
7874,1736.2037699070886
7875,1736.2037699070886
7876,1736.2037699070886
7877,1736.2037699070886
7878,1736.2037699070886
7879,1736.2037699070886
7880,1736.2037699070886
7881,1736.2037699070886
7882,1736.2037699070886
7883,1736.2037699070886
7884,1736.2037699070886
7885,1736.2037699070886
7886,1736.2037699070886
7887,1736.2037699070886
7888,1736.2037699070886
7889,1736.2037699070886
7890,1736.2037699070886
7891,1736.2037699070886
7892,1736.2037699070886
7893,1736.2037699070886
7894,1736.2037699070886
7895,1736.2037699070886
7896,1736.2037699070886
7897,1736.2037699070886
7898,1736.2037699070886
7899,1736.2037699070886
7900,1736.2037699070886
7901,1736.2037699070886
7902,1736.2037699070886
7903,1736.2037699070886
7904,1736.2037699070886
7905,1736.2037699070886
7906,1736.2037699070886
7907,1736.2037699070886
7908,1736.2037699070886
7909,1736.2037699070886
7910,1736.2037699070886
7911,1736.2037699070886
7912,1736.2037699070886
7913,1736.2037699070886
7914,1736.2037699070886
7915,1736.2037699070886
7916,1736.2037699070886
7917,1736.2037699070886
7918,1736.2037699070886
7919,1736.2037699070886
7920,1736.2037699070886
7921,1736.2037699070886
7922,1736.2037699070886
7923,1736.2037699070886
7924,1736.2037699070886
7925,1736.2037699070886
7926,1736.2037699070886
7927,1736.2037699070886
7928,1736.2037699070886
7929,1736.2037699070886
7930,1736.2037699070886
7931,1736.2037699070886
7932,1736.2037699070886
7933,1736.2037699070886
7934,1736.2037699070886
7935,1736.2037699070886
7936,1736.2037699070886
7937,1736.2037699070886
7938,1736.2037699070886
7939,1736.2037699070886
7940,1736.2037699070886
7941,1736.2037699070886
7942,1736.2037699070886
7943,1736.2037699070886
7944,1736.2037699070886
7945,1736.2037699070886
7946,1736.2037699070886
7947,1736.2037699070886
7948,1736.2037699070886
7949,1736.2037699070886
7950,1736.2037699070886
7951,1736.2037699070886
7952,1736.2037699070886
7953,1736.2037699070886
7954,1736.2037699070886
7955,1736.2037699070886
7956,1736.2037699070886
7957,1736.2037699070886
7958,1736.2037699070886
7959,1736.2037699070886
7960,1736.2037699070886
7961,1736.2037699070886
7962,1736.2037699070886
7963,1736.2037699070886
7964,1736.2037699070886
7965,1736.2037699070886
7966,1736.2037699070886
7967,1736.2037699070886
7968,1736.2037699070886
7969,1736.2037699070886
7970,1736.2037699070886
7971,1736.2037699070886
7972,1736.2037699070886
7973,1736.2037699070886
7974,1736.2037699070886
7975,1736.2037699070886
7976,1736.2037699070886
7977,1736.2037699070886
7978,1736.2037699070886
7979,1736.2037699070886
7980,1736.2037699070886
7981,1736.2037699070886
7982,1736.2037699070886
7983,1736.2037699070886
7984,1736.2037699070886
7985,1736.2037699070886
7986,1736.2037699070886
7987,1736.2037699070886
7988,1736.2037699070886
7989,1736.2037699070886
7990,1736.2037699070886
7991,1736.2037699070886
7992,1736.2037699070886
7993,1736.2037699070886
7994,1736.2037699070886
7995,1736.2037699070886
7996,1736.2037699070886
7997,1736.2037699070886
7998,1736.2037699070886
7999,1736.2037699070886
8000,1736.2037699070886
8001,1736.2037699070886
8002,1736.2037699070886
8003,1736.2037699070886
8004,1736.2037699070886
8005,1736.2037699070886
8006,1736.2037699070886
8007,1736.2037699070886
8008,1736.2037699070886
8009,1736.2037699070886
8010,1736.2037699070886
8011,1736.2037699070886
8012,1736.2037699070886
8013,1736.2037699070886
8014,1736.2037699070886
8015,1736.2037699070886
8016,1736.2037699070886
8017,1736.2037699070886
8018,1736.2037699070886
8019,1736.2037699070886
8020,1736.2037699070886
8021,1736.2037699070886
8022,1736.2037699070886
8023,1736.2037699070886
8024,1736.2037699070886
8025,1736.2037699070886
8026,1736.2037699070886
8027,1736.2037699070886
8028,1736.2037699070886
8029,1736.2037699070886
8030,1736.2037699070886
8031,1736.2037699070886
8032,1736.2037699070886
8033,1736.2037699070886
8034,1736.2037699070886
8035,1736.2037699070886
8036,1736.2037699070886
8037,1736.2037699070886
8038,1736.2037699070886
8039,1736.2037699070886
8040,1736.2037699070886
8041,1736.2037699070886
8042,1736.2037699070886
8043,1736.2037699070886
8044,1736.2037699070886
8045,1736.2037699070886
8046,1736.2037699070886
8047,1736.2037699070886
8048,1736.2037699070886
8049,1736.2037699070886
8050,1736.2037699070886
8051,1736.2037699070886
8052,1736.2037699070886
8053,1736.2037699070886
8054,1736.2037699070886
8055,1736.2037699070886
8056,1736.2037699070886
8057,1736.2037699070886
8058,1736.2037699070886
8059,1736.2037699070886
8060,1736.2037699070886
8061,1736.2037699070886
8062,1736.2037699070886
8063,1736.2037699070886
8064,1736.2037699070886
8065,1736.2037699070886
8066,1736.2037699070886
8067,1736.2037699070886
8068,1736.2037699070886
8069,1736.2037699070886
8070,1736.2037699070886
8071,1736.2037699070886
8072,1736.2037699070886
8073,1736.2037699070886
8074,1736.2037699070886
8075,1736.2037699070886
8076,1736.2037699070886
8077,1736.2037699070886
8078,1736.2037699070886
8079,1736.2037699070886
8080,1736.2037699070886
8081,1736.2037699070886
8082,1736.2037699070886
8083,1736.2037699070886
8084,1736.2037699070886
8085,1736.2037699070886
8086,1736.2037699070886
8087,1736.2037699070886
8088,1736.2037699070886
8089,1736.2037699070886
8090,1736.2037699070886
8091,1736.2037699070886
8092,1736.2037699070886
8093,1736.2037699070886
8094,1736.2037699070886
8095,1736.2037699070886
8096,1736.2037699070886
8097,1736.2037699070886
8098,1736.2037699070886
8099,1736.2037699070886
8100,1736.2037699070886
8101,1736.2037699070886
8102,1736.2037699070886
8103,1736.2037699070886
8104,1736.2037699070886
8105,1736.2037699070886
8106,1736.2037699070886
8107,1736.2037699070886
8108,1736.2037699070886
8109,1736.2037699070886
8110,1736.2037699070886
8111,1736.2037699070886
8112,1736.2037699070886
8113,1736.2037699070886
8114,1736.2037699070886
8115,1736.2037699070886
8116,1736.2037699070886
8117,1736.2037699070886
8118,1736.2037699070886
8119,1736.2037699070886
8120,1736.2037699070886
8121,1736.2037699070886
8122,1736.2037699070886
8123,1736.2037699070886
8124,1736.2037699070886
8125,1736.2037699070886
8126,1736.2037699070886
8127,1736.2037699070886
8128,1736.2037699070886
8129,1736.2037699070886
8130,1736.2037699070886
8131,1736.2037699070886
8132,1736.2037699070886
8133,1736.2037699070886
8134,1736.2037699070886
8135,1736.2037699070886
8136,1736.2037699070886
8137,1736.2037699070886
8138,1736.2037699070886
8139,1736.2037699070886
8140,1736.2037699070886
8141,1736.2037699070886
8142,1736.2037699070886
8143,1736.2037699070886
8144,1736.2037699070886
8145,1736.2037699070886
8146,1736.2037699070886
8147,1736.2037699070886
8148,1736.2037699070886
8149,1736.2037699070886
8150,1736.2037699070886
8151,1736.2037699070886
8152,1736.2037699070886
8153,1736.2037699070886
8154,1736.2037699070886
8155,1736.2037699070886
8156,1736.2037699070886
8157,1736.2037699070886
8158,1736.2037699070886
8159,1736.2037699070886
8160,1736.2037699070886
8161,1736.2037699070886
8162,1736.2037699070886
8163,1736.2037699070886
8164,1736.2037699070886
8165,1736.2037699070886
8166,1736.2037699070886
8167,1736.2037699070886
8168,1736.2037699070886
8169,1736.2037699070886
8170,1736.2037699070886
8171,1736.2037699070886
8172,1736.2037699070886
8173,1736.2037699070886
8174,1736.2037699070886
8175,1736.2037699070886
8176,1736.2037699070886
8177,1736.2037699070886
8178,1736.2037699070886
8179,1736.2037699070886
8180,1736.2037699070886
8181,1736.2037699070886
8182,1736.2037699070886
8183,1736.2037699070886
8184,1736.2037699070886
8185,1736.2037699070886
8186,1736.2037699070886
8187,1736.2037699070886
8188,1736.2037699070886
8189,1736.2037699070886
8190,1736.2037699070886
8191,1736.2037699070886
8192,1736.2037699070886
8193,1736.2037699070886
8194,1736.2037699070886
8195,1736.2037699070886
8196,1736.2037699070886
8197,1736.2037699070886
8198,1736.2037699070886
8199,1736.2037699070886
8200,1736.2037699070886
8201,1736.2037699070886
8202,1736.2037699070886
8203,1736.2037699070886
8204,1736.2037699070886
8205,1736.2037699070886
8206,1736.2037699070886
8207,1736.2037699070886
8208,1736.2037699070886
8209,1736.2037699070886
8210,1736.2037699070886
8211,1736.2037699070886
8212,1736.2037699070886
8213,1736.2037699070886
8214,1736.2037699070886
8215,1736.2037699070886
8216,1736.2037699070886
8217,1736.2037699070886
8218,1736.2037699070886
8219,1736.2037699070886
8220,1736.2037699070886
8221,1736.2037699070886
8222,1736.2037699070886
8223,1736.2037699070886
8224,1736.2037699070886
8225,1736.2037699070886
8226,1736.2037699070886
8227,1736.2037699070886
8228,1736.2037699070886
8229,1736.2037699070886
8230,1736.2037699070886
8231,1736.2037699070886
8232,1736.2037699070886
8233,1736.2037699070886
8234,1736.2037699070886
8235,1736.2037699070886
8236,1736.2037699070886
8237,1736.2037699070886
8238,1736.2037699070886
8239,1736.2037699070886
8240,1736.2037699070886
8241,1736.2037699070886
8242,1736.2037699070886
8243,1736.2037699070886
8244,1736.2037699070886
8245,1736.2037699070886
8246,1736.2037699070886
8247,1736.2037699070886
8248,1736.2037699070886
8249,1736.2037699070886
8250,1736.2037699070886
8251,1736.2037699070886
8252,1736.2037699070886
8253,1736.2037699070886
8254,1736.2037699070886
8255,1736.2037699070886
8256,1736.2037699070886
8257,1736.2037699070886
8258,1736.2037699070886
8259,1736.2037699070886
8260,1736.2037699070886
8261,1736.2037699070886
8262,1736.2037699070886
8263,1736.2037699070886
8264,1736.2037699070886
8265,1736.2037699070886
8266,1736.2037699070886
8267,1736.2037699070886
8268,1736.2037699070886
8269,1736.2037699070886
8270,1736.2037699070886
8271,1736.2037699070886
8272,1736.2037699070886
8273,1736.2037699070886
8274,1736.2037699070886
8275,1736.2037699070886
8276,1736.2037699070886
8277,1736.2037699070886
8278,1736.2037699070886
8279,1736.2037699070886
8280,1736.2037699070886
8281,1736.2037699070886
8282,1736.2037699070886
8283,1736.2037699070886
8284,1736.2037699070886
8285,1736.2037699070886
8286,1736.2037699070886
8287,1736.2037699070886
8288,1736.2037699070886
8289,1736.2037699070886
8290,1736.2037699070886
8291,1736.2037699070886
8292,1736.2037699070886
8293,1736.2037699070886
8294,1736.2037699070886
8295,1736.2037699070886
8296,1736.2037699070886
8297,1736.2037699070886
8298,1736.2037699070886
8299,1736.2037699070886
8300,1736.2037699070886
8301,1736.2037699070886
8302,1736.2037699070886
8303,1736.2037699070886
8304,1736.2037699070886
8305,1736.2037699070886
8306,1736.2037699070886
8307,1736.2037699070886
8308,1736.2037699070886
8309,1736.2037699070886
8310,1736.2037699070886
8311,1736.2037699070886
8312,1736.2037699070886
8313,1736.2037699070886
8314,1736.2037699070886
8315,1736.2037699070886
8316,1736.2037699070886
8317,1736.2037699070886
8318,1736.2037699070886
8319,1736.2037699070886
8320,1736.2037699070886
8321,1736.2037699070886
8322,1736.2037699070886
8323,1736.2037699070886
8324,1736.2037699070886
8325,1736.2037699070886
8326,1736.2037699070886
8327,1736.2037699070886
8328,1736.2037699070886
8329,1736.2037699070886
8330,1736.2037699070886
8331,1736.2037699070886
8332,1736.2037699070886
8333,1736.2037699070886
8334,1736.2037699070886
8335,1736.2037699070886
8336,1736.2037699070886
8337,1736.2037699070886
8338,1736.2037699070886
8339,1736.2037699070886
8340,1736.2037699070886
8341,1736.2037699070886
8342,1736.2037699070886
8343,1736.2037699070886
8344,1736.2037699070886
8345,1736.2037699070886
8346,1736.2037699070886
8347,1736.2037699070886
8348,1736.2037699070886
8349,1736.2037699070886
8350,1736.2037699070886
8351,1736.2037699070886
8352,1736.2037699070886
8353,1736.2037699070886
8354,1736.2037699070886
8355,1736.2037699070886
8356,1736.2037699070886
8357,1736.2037699070886
8358,1736.2037699070886
8359,1736.2037699070886
8360,1736.2037699070886
8361,1736.2037699070886
8362,1736.2037699070886
8363,1736.2037699070886
8364,1736.2037699070886
8365,1736.2037699070886
8366,1736.2037699070886
8367,1736.2037699070886
8368,1736.2037699070886
8369,1736.2037699070886
8370,1736.2037699070886
8371,1736.2037699070886
8372,1736.2037699070886
8373,1736.2037699070886
8374,1736.2037699070886
8375,1736.2037699070886
8376,1736.2037699070886
8377,1736.2037699070886
8378,1736.2037699070886
8379,1736.2037699070886
8380,1736.2037699070886
8381,1736.2037699070886
8382,1736.2037699070886
8383,1736.2037699070886
8384,1736.2037699070886
8385,1736.2037699070886
8386,1736.2037699070886
8387,1736.2037699070886
8388,1736.2037699070886
8389,1736.2037699070886
8390,1736.2037699070886
8391,1736.2037699070886
8392,1736.2037699070886
8393,1736.2037699070886
8394,1736.2037699070886
8395,1736.2037699070886
8396,1736.2037699070886
8397,1736.2037699070886
8398,1736.2037699070886
8399,1736.2037699070886
8400,1736.2037699070886
8401,1736.2037699070886
8402,1736.2037699070886
8403,1736.2037699070886
8404,1736.2037699070886
8405,1736.2037699070886
8406,1736.2037699070886
8407,1736.2037699070886
8408,1736.2037699070886
8409,1736.2037699070886
8410,1736.2037699070886
8411,1736.2037699070886
8412,1736.2037699070886
8413,1736.2037699070886
8414,1736.2037699070886
8415,1736.2037699070886
8416,1736.2037699070886
8417,1736.2037699070886
8418,1736.2037699070886
8419,1736.2037699070886
8420,1736.2037699070886
8421,1736.2037699070886
8422,1736.2037699070886
8423,1736.2037699070886
8424,1736.2037699070886
8425,1736.2037699070886
8426,1736.2037699070886
8427,1736.2037699070886
8428,1736.2037699070886
8429,1736.2037699070886
8430,1736.2037699070886
8431,1736.2037699070886
8432,1736.2037699070886
8433,1736.2037699070886
8434,1736.2037699070886
8435,1736.2037699070886
8436,1736.2037699070886
8437,1736.2037699070886
8438,1736.2037699070886
8439,1736.2037699070886
8440,1736.2037699070886
8441,1736.2037699070886
8442,1736.2037699070886
8443,1736.2037699070886
8444,1736.2037699070886
8445,1736.2037699070886
8446,1736.2037699070886
8447,1736.2037699070886
8448,1736.2037699070886
8449,1736.2037699070886
8450,1736.2037699070886
8451,1736.2037699070886
8452,1736.2037699070886
8453,1736.2037699070886
8454,1736.2037699070886
8455,1736.2037699070886
8456,1736.2037699070886
8457,1736.2037699070886
8458,1736.2037699070886
8459,1736.2037699070886
8460,1736.2037699070886
8461,1736.2037699070886
8462,1736.2037699070886
8463,1736.2037699070886
8464,1736.2037699070886
8465,1736.2037699070886
8466,1736.2037699070886
8467,1736.2037699070886
8468,1736.2037699070886
8469,1736.2037699070886
8470,1736.2037699070886
8471,1736.2037699070886
8472,1736.2037699070886
8473,1736.2037699070886
8474,1736.2037699070886
8475,1736.2037699070886
8476,1736.2037699070886
8477,1736.2037699070886
8478,1736.2037699070886
8479,1736.2037699070886
8480,1736.2037699070886
8481,1736.2037699070886
8482,1736.2037699070886
8483,1736.2037699070886
8484,1736.2037699070886
8485,1736.2037699070886
8486,1736.2037699070886
8487,1736.2037699070886
8488,1736.2037699070886
8489,1736.2037699070886
8490,1736.2037699070886
8491,1736.2037699070886
8492,1736.2037699070886
8493,1736.2037699070886
8494,1736.2037699070886
8495,1736.2037699070886
8496,1736.2037699070886
8497,1736.2037699070886
8498,1736.2037699070886
8499,1736.2037699070886
8500,1736.2037699070886
8501,1736.2037699070886
8502,1736.2037699070886
8503,1736.2037699070886
8504,1736.2037699070886
8505,1736.2037699070886
8506,1736.2037699070886
8507,1736.2037699070886
8508,1736.2037699070886
8509,1736.2037699070886
8510,1736.2037699070886
8511,1736.2037699070886
8512,1736.2037699070886
8513,1736.2037699070886
8514,1736.2037699070886
8515,1736.2037699070886
8516,1736.2037699070886
8517,1736.2037699070886
8518,1736.2037699070886
8519,1736.2037699070886
8520,1736.2037699070886
8521,1736.2037699070886
8522,1736.2037699070886
8523,1736.2037699070886
8524,1736.2037699070886
8525,1736.2037699070886
8526,1736.2037699070886
8527,1736.2037699070886
8528,1735.932530411859
8529,1735.9325304118588
8530,1735.9325304118588
8531,1735.9325304118588
8532,1735.9325304118588
8533,1735.9325304118588
8534,1735.9325304118588
8535,1735.9325304118588
8536,1735.9325304118588
8537,1735.9325304118588
8538,1735.9325304118588
8539,1735.9325304118588
8540,1735.9325304118588
8541,1735.9325304118588
8542,1735.9325304118588
8543,1735.9325304118588
8544,1735.9325304118588
8545,1735.9325304118588
8546,1735.9325304118588
8547,1735.9325304118588
8548,1735.9325304118588
8549,1735.9325304118588
8550,1735.9325304118588
8551,1735.9325304118588
8552,1735.9325304118588
8553,1735.9325304118588
8554,1735.9325304118588
8555,1735.9325304118588
8556,1735.9325304118588
8557,1735.9325304118588
8558,1735.9325304118588
8559,1735.9325304118588
8560,1735.9325304118588
8561,1735.9325304118588
8562,1735.9325304118588
8563,1735.9325304118588
8564,1735.9325304118588
8565,1735.9325304118588
8566,1735.9325304118588
8567,1735.9325304118588
8568,1735.9325304118588
8569,1735.9325304118588
8570,1735.692328316791
8571,1735.692328316791
8572,1735.692328316791
8573,1735.692328316791
8574,1735.692328316791
8575,1735.692328316791
8576,1735.692328316791
8577,1735.692328316791
8578,1735.692328316791
8579,1735.692328316791
8580,1735.692328316791
8581,1735.692328316791
8582,1735.692328316791
8583,1735.692328316791
8584,1735.692328316791
8585,1735.692328316791
8586,1735.692328316791
8587,1735.692328316791
8588,1735.692328316791
8589,1735.692328316791
8590,1735.692328316791
8591,1735.692328316791
8592,1735.692328316791
8593,1735.692328316791
8594,1735.692328316791
8595,1735.692328316791
8596,1735.692328316791
8597,1735.692328316791
8598,1735.692328316791
8599,1735.692328316791
8600,1735.692328316791
8601,1735.692328316791
8602,1735.692328316791
8603,1735.692328316791
8604,1735.692328316791
8605,1735.692328316791
8606,1735.692328316791
8607,1735.692328316791
8608,1735.692328316791
8609,1735.692328316791
8610,1735.692328316791
8611,1735.692328316791
8612,1735.692328316791
8613,1735.692328316791
8614,1735.692328316791
8615,1735.692328316791
8616,1735.692328316791
8617,1735.692328316791
8618,1735.692328316791
8619,1735.692328316791
8620,1735.692328316791
8621,1735.692328316791
8622,1735.692328316791
8623,1735.692328316791
8624,1735.692328316791
8625,1735.692328316791
8626,1735.692328316791
8627,1735.692328316791
8628,1735.692328316791
8629,1735.692328316791
8630,1735.692328316791
8631,1735.692328316791
8632,1735.692328316791
8633,1735.692328316791
8634,1735.692328316791
8635,1735.692328316791
8636,1735.692328316791
8637,1735.692328316791
8638,1735.692328316791
8639,1735.692328316791
8640,1735.692328316791
8641,1735.692328316791
8642,1735.692328316791
8643,1735.692328316791
8644,1735.692328316791
8645,1735.692328316791
8646,1735.692328316791
8647,1735.692328316791
8648,1735.692328316791
8649,1735.692328316791
8650,1735.692328316791
8651,1735.692328316791
8652,1735.692328316791
8653,1735.692328316791
8654,1735.692328316791
8655,1735.692328316791
8656,1735.692328316791
8657,1735.692328316791
8658,1735.692328316791
8659,1735.692328316791
8660,1735.692328316791
8661,1735.692328316791
8662,1735.692328316791
8663,1735.692328316791
8664,1735.692328316791
8665,1735.692328316791
8666,1735.692328316791
8667,1735.692328316791
8668,1735.692328316791
8669,1735.692328316791
8670,1735.692328316791
8671,1735.692328316791
8672,1735.692328316791
8673,1735.692328316791
8674,1735.692328316791
8675,1735.692328316791
8676,1735.692328316791
8677,1735.692328316791
8678,1735.692328316791
8679,1735.692328316791
8680,1735.692328316791
8681,1735.692328316791
8682,1735.692328316791
8683,1735.692328316791
8684,1735.692328316791
8685,1735.692328316791
8686,1735.692328316791
8687,1735.692328316791
8688,1735.692328316791
8689,1735.692328316791
8690,1735.692328316791
8691,1735.692328316791
8692,1735.692328316791
8693,1735.692328316791
8694,1735.692328316791
8695,1735.692328316791
8696,1735.692328316791
8697,1735.692328316791
8698,1735.692328316791
8699,1735.692328316791
8700,1735.692328316791
8701,1735.692328316791
8702,1735.692328316791
8703,1735.692328316791
8704,1735.692328316791
8705,1735.692328316791
8706,1735.692328316791
8707,1735.692328316791
8708,1735.692328316791
8709,1735.692328316791
8710,1735.692328316791
8711,1735.692328316791
8712,1735.692328316791
8713,1735.692328316791
8714,1735.692328316791
8715,1735.692328316791
8716,1735.692328316791
8717,1735.692328316791
8718,1735.692328316791
8719,1735.692328316791
8720,1735.692328316791
8721,1735.692328316791
8722,1735.692328316791
8723,1735.692328316791
8724,1735.692328316791
8725,1735.692328316791
8726,1735.692328316791
8727,1735.692328316791
8728,1735.692328316791
8729,1735.692328316791
8730,1735.692328316791
8731,1735.692328316791
8732,1735.692328316791
8733,1735.692328316791
8734,1735.692328316791
8735,1735.692328316791
8736,1735.692328316791
8737,1735.692328316791
8738,1735.692328316791
8739,1735.692328316791
8740,1735.692328316791
8741,1735.692328316791
8742,1735.692328316791
8743,1735.692328316791
8744,1735.692328316791
8745,1735.692328316791
8746,1735.692328316791
8747,1735.692328316791
8748,1735.692328316791
8749,1735.692328316791
8750,1735.692328316791
8751,1735.692328316791
8752,1735.692328316791
8753,1735.692328316791
8754,1735.692328316791
8755,1735.692328316791
8756,1735.692328316791
8757,1735.692328316791
8758,1735.692328316791
8759,1735.692328316791
8760,1735.692328316791
8761,1735.692328316791
8762,1735.692328316791
8763,1735.692328316791
8764,1735.692328316791
8765,1735.692328316791
8766,1735.692328316791
8767,1735.692328316791
8768,1735.692328316791
8769,1735.692328316791
8770,1735.692328316791
8771,1735.692328316791
8772,1735.692328316791
8773,1735.692328316791
8774,1735.692328316791
8775,1735.692328316791
8776,1735.692328316791
8777,1735.692328316791
8778,1735.692328316791
8779,1735.692328316791
8780,1735.692328316791
8781,1735.692328316791
8782,1735.692328316791
8783,1735.692328316791
8784,1735.692328316791
8785,1735.692328316791
8786,1735.692328316791
8787,1735.692328316791
8788,1735.692328316791
8789,1735.692328316791
8790,1735.692328316791
8791,1735.692328316791
8792,1735.692328316791
8793,1735.692328316791
8794,1735.692328316791
8795,1735.692328316791
8796,1735.692328316791
8797,1735.692328316791
8798,1735.692328316791
8799,1735.692328316791
8800,1735.692328316791
8801,1735.692328316791
8802,1735.692328316791
8803,1735.692328316791
8804,1735.692328316791
8805,1735.692328316791
8806,1735.692328316791
8807,1735.692328316791
8808,1735.692328316791
8809,1735.692328316791
8810,1735.692328316791
8811,1735.692328316791
8812,1735.692328316791
8813,1735.692328316791
8814,1735.692328316791
8815,1735.692328316791
8816,1735.692328316791
8817,1735.692328316791
8818,1735.692328316791
8819,1735.692328316791
8820,1735.692328316791
8821,1735.692328316791
8822,1735.692328316791
8823,1735.692328316791
8824,1735.692328316791
8825,1735.692328316791
8826,1735.692328316791
8827,1735.692328316791
8828,1735.692328316791
8829,1735.692328316791
8830,1735.692328316791
8831,1735.692328316791
8832,1735.692328316791
8833,1735.692328316791
8834,1735.692328316791
8835,1735.692328316791
8836,1735.692328316791
8837,1735.692328316791
8838,1735.692328316791
8839,1735.692328316791
8840,1735.692328316791
8841,1735.692328316791
8842,1735.692328316791
8843,1735.692328316791
8844,1735.692328316791
8845,1735.692328316791
8846,1735.692328316791
8847,1735.692328316791
8848,1735.692328316791
8849,1735.692328316791
8850,1735.692328316791
8851,1735.692328316791
8852,1735.692328316791
8853,1735.692328316791
8854,1735.692328316791
8855,1735.692328316791
8856,1735.692328316791
8857,1735.692328316791
8858,1735.692328316791
8859,1735.692328316791
8860,1735.692328316791
8861,1735.692328316791
8862,1735.692328316791
8863,1735.692328316791
8864,1735.692328316791
8865,1735.692328316791
8866,1735.692328316791
8867,1735.692328316791
8868,1735.692328316791
8869,1735.692328316791
8870,1735.692328316791
8871,1735.692328316791
8872,1735.692328316791
8873,1735.692328316791
8874,1735.692328316791
8875,1735.692328316791
8876,1735.692328316791
8877,1735.692328316791
8878,1735.692328316791
8879,1735.692328316791
8880,1735.692328316791
8881,1735.692328316791
8882,1735.692328316791
8883,1735.692328316791
8884,1735.692328316791
8885,1735.692328316791
8886,1735.692328316791
8887,1735.692328316791
8888,1735.692328316791
8889,1735.692328316791
8890,1735.692328316791
8891,1735.692328316791
8892,1735.692328316791
8893,1735.692328316791
8894,1735.692328316791
8895,1735.692328316791
8896,1735.692328316791
8897,1735.692328316791
8898,1735.692328316791
8899,1735.692328316791
8900,1735.692328316791
8901,1735.692328316791
8902,1735.692328316791
8903,1735.692328316791
8904,1735.692328316791
8905,1735.692328316791
8906,1735.692328316791
8907,1735.692328316791
8908,1735.692328316791
8909,1735.692328316791
8910,1735.692328316791
8911,1735.692328316791
8912,1735.692328316791
8913,1735.692328316791
8914,1735.692328316791
8915,1735.692328316791
8916,1735.692328316791
8917,1735.692328316791
8918,1735.692328316791
8919,1735.692328316791
8920,1735.692328316791
8921,1735.692328316791
8922,1735.692328316791
8923,1735.692328316791
8924,1735.692328316791
8925,1735.692328316791
8926,1735.692328316791
8927,1735.692328316791
8928,1735.692328316791
8929,1735.692328316791
8930,1735.692328316791
8931,1735.692328316791
8932,1735.692328316791
8933,1735.692328316791
8934,1735.692328316791
8935,1735.692328316791
8936,1735.692328316791
8937,1735.692328316791
8938,1735.692328316791
8939,1735.692328316791
8940,1735.692328316791
8941,1735.692328316791
8942,1735.692328316791
8943,1735.692328316791
8944,1735.692328316791
8945,1735.692328316791
8946,1735.692328316791
8947,1735.692328316791
8948,1735.692328316791
8949,1735.692328316791
8950,1735.692328316791
8951,1735.692328316791
8952,1735.692328316791
8953,1735.692328316791
8954,1735.692328316791
8955,1735.692328316791
8956,1735.692328316791
8957,1735.692328316791
8958,1735.692328316791
8959,1735.692328316791
8960,1735.692328316791
8961,1735.692328316791
8962,1735.692328316791
8963,1735.692328316791
8964,1735.692328316791
8965,1735.692328316791
8966,1735.692328316791
8967,1735.692328316791
8968,1735.692328316791
8969,1735.692328316791
8970,1735.692328316791
8971,1735.692328316791
8972,1735.692328316791
8973,1735.692328316791
8974,1735.692328316791
8975,1735.692328316791
8976,1735.692328316791
8977,1735.692328316791
8978,1735.692328316791
8979,1735.692328316791
8980,1735.692328316791
8981,1735.692328316791
8982,1735.692328316791
8983,1735.692328316791
8984,1735.692328316791
8985,1735.692328316791
8986,1735.692328316791
8987,1735.692328316791
8988,1735.692328316791
8989,1735.692328316791
8990,1735.692328316791
8991,1735.692328316791
8992,1735.692328316791
8993,1735.692328316791
8994,1735.692328316791
8995,1735.692328316791
8996,1735.692328316791
8997,1735.692328316791
8998,1735.692328316791
8999,1735.692328316791
9000,1735.692328316791
9001,1735.692328316791
9002,1735.692328316791
9003,1735.692328316791
9004,1735.692328316791
9005,1735.692328316791
9006,1735.692328316791
9007,1735.692328316791
9008,1735.692328316791
9009,1735.692328316791
9010,1735.692328316791
9011,1735.692328316791
9012,1735.692328316791
9013,1735.692328316791
9014,1735.692328316791
9015,1735.692328316791
9016,1735.692328316791
9017,1735.692328316791
9018,1735.692328316791
9019,1735.692328316791
9020,1735.692328316791
9021,1735.692328316791
9022,1735.692328316791
9023,1735.692328316791
9024,1735.692328316791
9025,1735.692328316791
9026,1735.692328316791
9027,1735.692328316791
9028,1735.692328316791
9029,1735.692328316791
9030,1735.692328316791
9031,1735.692328316791
9032,1735.692328316791
9033,1735.692328316791
9034,1735.692328316791
9035,1735.692328316791
9036,1735.692328316791
9037,1735.692328316791
9038,1735.692328316791
9039,1735.692328316791
9040,1735.692328316791
9041,1735.692328316791
9042,1735.692328316791
9043,1735.692328316791
9044,1735.692328316791
9045,1735.692328316791
9046,1735.692328316791
9047,1735.692328316791
9048,1735.692328316791
9049,1735.692328316791
9050,1735.692328316791
9051,1735.692328316791
9052,1735.692328316791
9053,1735.692328316791
9054,1735.692328316791
9055,1735.692328316791
9056,1735.692328316791
9057,1735.692328316791
9058,1735.692328316791
9059,1735.692328316791
9060,1735.692328316791
9061,1735.692328316791
9062,1735.692328316791
9063,1735.692328316791
9064,1735.692328316791
9065,1735.692328316791
9066,1735.692328316791
9067,1735.692328316791
9068,1735.692328316791
9069,1735.692328316791
9070,1735.692328316791
9071,1735.692328316791
9072,1735.692328316791
9073,1735.692328316791
9074,1735.692328316791
9075,1735.692328316791
9076,1735.692328316791
9077,1735.692328316791
9078,1735.692328316791
9079,1735.692328316791
9080,1735.692328316791
9081,1735.692328316791
9082,1735.692328316791
9083,1735.692328316791
9084,1735.692328316791
9085,1735.692328316791
9086,1735.692328316791
9087,1735.692328316791
9088,1735.692328316791
9089,1735.692328316791
9090,1735.692328316791
9091,1735.692328316791
9092,1735.692328316791
9093,1735.692328316791
9094,1735.692328316791
9095,1735.692328316791
9096,1735.692328316791
9097,1735.692328316791
9098,1735.692328316791
9099,1735.692328316791
9100,1735.692328316791
9101,1735.692328316791
9102,1735.692328316791
9103,1735.692328316791
9104,1735.692328316791
9105,1735.692328316791
9106,1735.692328316791
9107,1735.692328316791
9108,1735.692328316791
9109,1735.692328316791
9110,1735.692328316791
9111,1735.692328316791
9112,1735.692328316791
9113,1735.692328316791
9114,1735.692328316791
9115,1735.692328316791
9116,1735.692328316791
9117,1735.692328316791
9118,1735.692328316791
9119,1735.692328316791
9120,1735.692328316791
9121,1735.692328316791
9122,1735.692328316791
9123,1735.692328316791
9124,1735.692328316791
9125,1735.692328316791
9126,1735.692328316791
9127,1735.692328316791
9128,1735.692328316791
9129,1735.692328316791
9130,1735.692328316791
9131,1735.692328316791
9132,1735.692328316791
9133,1735.692328316791
9134,1735.692328316791
9135,1735.692328316791
9136,1735.692328316791
9137,1735.692328316791
9138,1735.692328316791
9139,1735.692328316791
9140,1735.692328316791
9141,1735.692328316791
9142,1735.692328316791
9143,1735.692328316791
9144,1735.692328316791
9145,1735.692328316791
9146,1735.692328316791
9147,1735.692328316791
9148,1735.692328316791
9149,1735.692328316791
9150,1735.692328316791
9151,1735.692328316791
9152,1735.692328316791
9153,1735.692328316791
9154,1735.692328316791
9155,1735.692328316791
9156,1735.692328316791
9157,1735.692328316791
9158,1735.692328316791
9159,1735.692328316791
9160,1735.692328316791
9161,1735.692328316791
9162,1735.692328316791
9163,1735.692328316791
9164,1735.692328316791
9165,1735.692328316791
9166,1735.692328316791
9167,1735.692328316791
9168,1735.692328316791
9169,1735.692328316791
9170,1735.692328316791
9171,1735.692328316791
9172,1735.692328316791
9173,1735.692328316791
9174,1735.692328316791
9175,1735.692328316791
9176,1735.692328316791
9177,1735.692328316791
9178,1735.692328316791
9179,1735.692328316791
9180,1735.692328316791
9181,1735.692328316791
9182,1735.692328316791
9183,1735.692328316791
9184,1735.692328316791
9185,1735.692328316791
9186,1735.692328316791
9187,1735.692328316791
9188,1735.692328316791
9189,1735.692328316791
9190,1735.692328316791
9191,1735.692328316791
9192,1735.692328316791
9193,1735.692328316791
9194,1735.692328316791
9195,1735.692328316791
9196,1735.692328316791
9197,1735.692328316791
9198,1735.692328316791
9199,1735.692328316791
9200,1735.692328316791
9201,1735.692328316791
9202,1735.692328316791
9203,1735.692328316791
9204,1735.692328316791
9205,1735.692328316791
9206,1735.692328316791
9207,1735.692328316791
9208,1735.692328316791
9209,1735.692328316791
9210,1735.692328316791
9211,1735.692328316791
9212,1735.692328316791
9213,1735.692328316791
9214,1735.692328316791
9215,1735.692328316791
9216,1735.692328316791
9217,1735.692328316791
9218,1735.692328316791
9219,1735.692328316791
9220,1735.692328316791
9221,1735.692328316791
9222,1735.692328316791
9223,1735.692328316791
9224,1735.692328316791
9225,1735.692328316791
9226,1735.692328316791
9227,1735.692328316791
9228,1735.692328316791
9229,1735.692328316791
9230,1735.692328316791
9231,1735.692328316791
9232,1735.692328316791
9233,1735.692328316791
9234,1735.692328316791
9235,1735.692328316791
9236,1735.692328316791
9237,1735.692328316791
9238,1735.692328316791
9239,1735.692328316791
9240,1735.692328316791
9241,1735.692328316791
9242,1735.692328316791
9243,1735.692328316791
9244,1735.692328316791
9245,1735.692328316791
9246,1735.692328316791
9247,1735.692328316791
9248,1735.692328316791
9249,1735.692328316791
9250,1735.692328316791
9251,1735.692328316791
9252,1735.692328316791
9253,1735.692328316791
9254,1735.692328316791
9255,1735.692328316791
9256,1735.692328316791
9257,1735.692328316791
9258,1735.692328316791
9259,1735.692328316791
9260,1735.692328316791
9261,1735.692328316791
9262,1735.692328316791
9263,1735.692328316791
9264,1735.692328316791
9265,1735.692328316791
9266,1735.692328316791
9267,1735.692328316791
9268,1735.692328316791
9269,1735.692328316791
9270,1735.692328316791
9271,1735.692328316791
9272,1735.692328316791
9273,1735.692328316791
9274,1735.692328316791
9275,1735.692328316791
9276,1735.692328316791
9277,1735.692328316791
9278,1735.692328316791
9279,1735.692328316791
9280,1735.692328316791
9281,1735.692328316791
9282,1735.692328316791
9283,1735.692328316791
9284,1735.692328316791
9285,1735.692328316791
9286,1735.692328316791
9287,1735.692328316791
9288,1735.692328316791
9289,1735.692328316791
9290,1735.692328316791
9291,1735.692328316791
9292,1735.692328316791
9293,1735.692328316791
9294,1735.692328316791
9295,1733.803766899978
9296,1732.4943220917326
9297,1731.9922721533621
9298,1731.992272153362
9299,1731.992272153362
9300,1731.992272153362
9301,1731.992272153362
9302,1731.992272153362
9303,1731.992272153362
9304,1731.992272153362
9305,1731.992272153362
9306,1731.992272153362
9307,1731.992272153362
9308,1731.992272153362
9309,1731.992272153362
9310,1731.992272153362
9311,1731.992272153362
9312,1731.992272153362
9313,1731.992272153362
9314,1731.992272153362
9315,1731.992272153362
9316,1731.992272153362
9317,1731.992272153362
9318,1731.992272153362
9319,1731.992272153362
9320,1731.992272153362
9321,1731.992272153362
9322,1731.992272153362
9323,1731.992272153362
9324,1731.992272153362
9325,1731.992272153362
9326,1731.992272153362
9327,1731.992272153362
9328,1731.992272153362
9329,1731.992272153362
9330,1731.992272153362
9331,1731.992272153362
9332,1731.992272153362
9333,1731.992272153362
9334,1731.992272153362
9335,1731.992272153362
9336,1731.992272153362
9337,1731.992272153362
9338,1731.992272153362
9339,1731.992272153362
9340,1731.992272153362
9341,1731.992272153362
9342,1731.992272153362
9343,1731.992272153362
9344,1731.992272153362
9345,1731.992272153362
9346,1731.992272153362
9347,1731.992272153362
9348,1731.992272153362
9349,1731.992272153362
9350,1731.992272153362
9351,1731.992272153362
9352,1731.992272153362
9353,1731.992272153362
9354,1731.992272153362
9355,1731.992272153362
9356,1731.992272153362
9357,1731.992272153362
9358,1731.992272153362
9359,1731.992272153362
9360,1731.992272153362
9361,1731.992272153362
9362,1731.992272153362
9363,1731.992272153362
9364,1731.992272153362
9365,1731.992272153362
9366,1731.992272153362
9367,1731.992272153362
9368,1731.992272153362
9369,1731.992272153362
9370,1731.992272153362
9371,1731.992272153362
9372,1731.992272153362
9373,1731.992272153362
9374,1731.992272153362
9375,1731.992272153362
9376,1731.992272153362
9377,1731.992272153362
9378,1731.992272153362
9379,1731.992272153362
9380,1731.992272153362
9381,1731.992272153362
9382,1731.992272153362
9383,1731.992272153362
9384,1731.992272153362
9385,1731.992272153362
9386,1731.992272153362
9387,1731.992272153362
9388,1731.992272153362
9389,1731.992272153362
9390,1731.992272153362
9391,1731.992272153362
9392,1731.992272153362
9393,1731.992272153362
9394,1731.992272153362
9395,1731.992272153362
9396,1731.992272153362
9397,1731.992272153362
9398,1731.992272153362
9399,1731.992272153362
9400,1731.992272153362
9401,1731.992272153362
9402,1731.992272153362
9403,1731.992272153362
9404,1731.992272153362
9405,1731.992272153362
9406,1731.992272153362
9407,1731.992272153362
9408,1731.992272153362
9409,1731.992272153362
9410,1731.992272153362
9411,1731.992272153362
9412,1731.992272153362
9413,1731.992272153362
9414,1731.992272153362
9415,1731.992272153362
9416,1731.992272153362
9417,1731.992272153362
9418,1731.992272153362
9419,1731.992272153362
9420,1731.992272153362
9421,1731.992272153362
9422,1731.992272153362
9423,1731.992272153362
9424,1731.992272153362
9425,1731.992272153362
9426,1731.992272153362
9427,1731.992272153362
9428,1731.992272153362
9429,1731.992272153362
9430,1731.992272153362
9431,1731.992272153362
9432,1731.992272153362
9433,1731.992272153362
9434,1731.992272153362
9435,1731.992272153362
9436,1731.992272153362
9437,1731.992272153362
9438,1731.992272153362
9439,1731.992272153362
9440,1731.992272153362
9441,1731.992272153362
9442,1731.992272153362
9443,1731.992272153362
9444,1731.992272153362
9445,1731.992272153362
9446,1731.992272153362
9447,1731.992272153362
9448,1731.992272153362
9449,1731.992272153362
9450,1731.992272153362
9451,1731.992272153362
9452,1731.992272153362
9453,1731.992272153362
9454,1731.992272153362
9455,1731.992272153362
9456,1731.992272153362
9457,1731.992272153362
9458,1731.992272153362
9459,1731.992272153362
9460,1731.992272153362
9461,1731.992272153362
9462,1731.992272153362
9463,1731.992272153362
9464,1731.992272153362
9465,1731.992272153362
9466,1731.992272153362
9467,1731.992272153362
9468,1731.992272153362
9469,1731.992272153362
9470,1731.992272153362
9471,1731.992272153362
9472,1731.992272153362
9473,1731.992272153362
9474,1731.992272153362
9475,1731.992272153362
9476,1731.992272153362
9477,1731.992272153362
9478,1731.992272153362
9479,1731.992272153362
9480,1731.992272153362
9481,1731.992272153362
9482,1731.992272153362
9483,1731.992272153362
9484,1731.992272153362
9485,1731.992272153362
9486,1731.992272153362
9487,1731.992272153362
9488,1731.992272153362
9489,1731.992272153362
9490,1731.992272153362
9491,1731.992272153362
9492,1731.992272153362
9493,1731.992272153362
9494,1731.992272153362
9495,1731.992272153362
9496,1731.992272153362
9497,1731.992272153362
9498,1731.992272153362
9499,1731.992272153362
9500,1731.992272153362
9501,1731.992272153362
9502,1731.992272153362
9503,1731.992272153362
9504,1731.992272153362
9505,1731.992272153362
9506,1731.992272153362
9507,1731.992272153362
9508,1731.992272153362
9509,1731.992272153362
9510,1731.992272153362
9511,1731.992272153362
9512,1731.992272153362
9513,1731.992272153362
9514,1731.992272153362
9515,1731.992272153362
9516,1731.992272153362
9517,1731.992272153362
9518,1731.992272153362
9519,1731.992272153362
9520,1731.992272153362
9521,1731.992272153362
9522,1731.992272153362
9523,1731.992272153362
9524,1731.992272153362
9525,1731.992272153362
9526,1731.992272153362
9527,1731.992272153362
9528,1731.992272153362
9529,1731.992272153362
9530,1731.992272153362
9531,1731.992272153362
9532,1731.992272153362
9533,1731.992272153362
9534,1731.992272153362
9535,1731.992272153362
9536,1731.992272153362
9537,1731.992272153362
9538,1731.992272153362
9539,1731.992272153362
9540,1731.992272153362
9541,1731.992272153362
9542,1731.992272153362
9543,1731.992272153362
9544,1731.992272153362
9545,1731.992272153362
9546,1731.992272153362
9547,1731.992272153362
9548,1731.992272153362
9549,1731.992272153362
9550,1731.992272153362
9551,1731.992272153362
9552,1731.992272153362
9553,1731.992272153362
9554,1731.992272153362
9555,1731.992272153362
9556,1731.992272153362
9557,1731.992272153362
9558,1731.992272153362
9559,1731.992272153362
9560,1731.992272153362
9561,1731.992272153362
9562,1731.992272153362
9563,1731.992272153362
9564,1731.992272153362
9565,1731.992272153362
9566,1731.992272153362
9567,1731.992272153362
9568,1731.992272153362
9569,1731.992272153362
9570,1731.992272153362
9571,1731.992272153362
9572,1731.992272153362
9573,1731.992272153362
9574,1731.992272153362
9575,1731.992272153362
9576,1731.992272153362
9577,1731.992272153362
9578,1731.992272153362
9579,1731.992272153362
9580,1731.992272153362
9581,1731.992272153362
9582,1731.992272153362
9583,1731.992272153362
9584,1731.992272153362
9585,1731.992272153362
9586,1731.992272153362
9587,1731.992272153362
9588,1731.992272153362
9589,1731.992272153362
9590,1731.992272153362
9591,1731.992272153362
9592,1731.992272153362
9593,1731.992272153362
9594,1731.992272153362
9595,1731.992272153362
9596,1731.992272153362
9597,1731.992272153362
9598,1731.992272153362
9599,1731.992272153362
9600,1731.992272153362
9601,1731.992272153362
9602,1731.992272153362
9603,1731.992272153362
9604,1731.992272153362
9605,1731.992272153362
9606,1731.992272153362
9607,1731.992272153362
9608,1731.992272153362
9609,1731.992272153362
9610,1731.992272153362
9611,1731.992272153362
9612,1731.992272153362
9613,1731.992272153362
9614,1731.992272153362
9615,1731.992272153362
9616,1731.992272153362
9617,1731.992272153362
9618,1731.992272153362
9619,1731.992272153362
9620,1731.992272153362
9621,1731.992272153362
9622,1731.992272153362
9623,1731.992272153362
9624,1731.992272153362
9625,1731.992272153362
9626,1731.992272153362
9627,1731.992272153362
9628,1731.992272153362
9629,1731.992272153362
9630,1731.992272153362
9631,1731.992272153362
9632,1731.992272153362
9633,1731.992272153362
9634,1731.992272153362
9635,1731.992272153362
9636,1731.992272153362
9637,1731.992272153362
9638,1731.992272153362
9639,1731.992272153362
9640,1731.992272153362
9641,1731.992272153362
9642,1731.992272153362
9643,1731.992272153362
9644,1731.992272153362
9645,1731.992272153362
9646,1731.992272153362
9647,1731.992272153362
9648,1731.992272153362
9649,1731.992272153362
9650,1731.992272153362
9651,1731.992272153362
9652,1731.992272153362
9653,1731.992272153362
9654,1731.992272153362
9655,1731.992272153362
9656,1731.992272153362
9657,1731.992272153362
9658,1731.992272153362
9659,1731.992272153362
9660,1731.992272153362
9661,1731.992272153362
9662,1731.992272153362
9663,1731.992272153362
9664,1731.992272153362
9665,1731.992272153362
9666,1731.992272153362
9667,1731.992272153362
9668,1731.992272153362
9669,1731.992272153362
9670,1731.992272153362
9671,1731.992272153362
9672,1731.992272153362
9673,1731.992272153362
9674,1731.992272153362
9675,1731.992272153362
9676,1731.992272153362
9677,1731.992272153362
9678,1731.992272153362
9679,1731.992272153362
9680,1731.992272153362
9681,1731.992272153362
9682,1731.992272153362
9683,1731.992272153362
9684,1731.992272153362
9685,1731.992272153362
9686,1731.992272153362
9687,1731.992272153362
9688,1731.992272153362
9689,1731.992272153362
9690,1731.992272153362
9691,1731.992272153362
9692,1731.992272153362
9693,1731.992272153362
9694,1731.992272153362
9695,1731.992272153362
9696,1731.992272153362
9697,1731.992272153362
9698,1731.992272153362
9699,1731.992272153362
9700,1731.992272153362
9701,1731.992272153362
9702,1731.992272153362
9703,1731.992272153362
9704,1731.992272153362
9705,1731.992272153362
9706,1731.992272153362
9707,1731.992272153362
9708,1731.992272153362
9709,1731.992272153362
9710,1731.992272153362
9711,1731.992272153362
9712,1731.992272153362
9713,1731.992272153362
9714,1731.992272153362
9715,1731.992272153362
9716,1731.992272153362
9717,1731.992272153362
9718,1731.992272153362
9719,1731.992272153362
9720,1731.992272153362
9721,1731.992272153362
9722,1731.992272153362
9723,1731.992272153362
9724,1731.992272153362
9725,1731.992272153362
9726,1731.992272153362
9727,1731.992272153362
9728,1731.992272153362
9729,1731.992272153362
9730,1731.992272153362
9731,1731.992272153362
9732,1731.992272153362
9733,1731.992272153362
9734,1731.992272153362
9735,1731.992272153362
9736,1731.992272153362
9737,1731.992272153362
9738,1731.992272153362
9739,1731.992272153362
9740,1731.992272153362
9741,1731.992272153362
9742,1731.992272153362
9743,1731.992272153362
9744,1731.992272153362
9745,1731.992272153362
9746,1731.992272153362
9747,1731.992272153362
9748,1731.992272153362
9749,1731.992272153362
9750,1731.992272153362
9751,1731.992272153362
9752,1731.992272153362
9753,1731.992272153362
9754,1731.992272153362
9755,1731.992272153362
9756,1731.992272153362
9757,1731.992272153362
9758,1731.992272153362
9759,1731.992272153362
9760,1731.992272153362
9761,1731.992272153362
9762,1731.992272153362
9763,1731.992272153362
9764,1731.992272153362
9765,1731.992272153362
9766,1731.992272153362
9767,1731.992272153362
9768,1731.992272153362
9769,1731.992272153362
9770,1731.992272153362
9771,1731.992272153362
9772,1731.992272153362
9773,1731.992272153362
9774,1731.992272153362
9775,1731.992272153362
9776,1731.992272153362
9777,1731.992272153362
9778,1731.992272153362
9779,1731.992272153362
9780,1731.992272153362
9781,1731.992272153362
9782,1731.992272153362
9783,1731.992272153362
9784,1731.992272153362
9785,1731.992272153362
9786,1731.992272153362
9787,1731.992272153362
9788,1731.992272153362
9789,1731.992272153362
9790,1731.992272153362
9791,1731.992272153362
9792,1731.992272153362
9793,1731.992272153362
9794,1731.992272153362
9795,1731.992272153362
9796,1731.992272153362
9797,1731.992272153362
9798,1731.992272153362
9799,1731.992272153362
9800,1731.992272153362
9801,1731.992272153362
9802,1731.992272153362
9803,1731.992272153362
9804,1731.992272153362
9805,1731.992272153362
9806,1731.992272153362
9807,1731.992272153362
9808,1731.992272153362
9809,1731.992272153362
9810,1731.992272153362
9811,1731.992272153362
9812,1731.992272153362
9813,1731.992272153362
9814,1731.992272153362
9815,1731.992272153362
9816,1731.992272153362
9817,1731.992272153362
9818,1731.992272153362
9819,1731.992272153362
9820,1731.992272153362
9821,1731.992272153362
9822,1731.992272153362
9823,1731.992272153362
9824,1731.992272153362
9825,1731.992272153362
9826,1731.992272153362
9827,1731.992272153362
9828,1731.992272153362
9829,1731.992272153362
9830,1731.992272153362
9831,1731.992272153362
9832,1731.992272153362
9833,1731.992272153362
9834,1731.992272153362
9835,1731.992272153362
9836,1731.992272153362
9837,1731.992272153362
9838,1731.992272153362
9839,1731.992272153362
9840,1731.992272153362
9841,1731.992272153362
9842,1731.992272153362
9843,1731.992272153362
9844,1731.992272153362
9845,1731.992272153362
9846,1731.992272153362
9847,1731.992272153362
9848,1731.992272153362
9849,1731.992272153362
9850,1731.992272153362
9851,1731.992272153362
9852,1731.992272153362
9853,1731.992272153362
9854,1731.992272153362
9855,1731.992272153362
9856,1731.992272153362
9857,1731.992272153362
9858,1731.992272153362
9859,1731.992272153362
9860,1731.992272153362
9861,1731.992272153362
9862,1731.992272153362
9863,1731.992272153362
9864,1731.992272153362
9865,1731.992272153362
9866,1731.992272153362
9867,1731.992272153362
9868,1731.992272153362
9869,1731.992272153362
9870,1731.992272153362
9871,1731.992272153362
9872,1731.992272153362
9873,1731.992272153362
9874,1731.992272153362
9875,1731.992272153362
9876,1731.992272153362
9877,1731.992272153362
9878,1731.992272153362
9879,1731.992272153362
9880,1731.992272153362
9881,1731.992272153362
9882,1731.992272153362
9883,1731.992272153362
9884,1731.992272153362
9885,1731.992272153362
9886,1731.992272153362
9887,1731.992272153362
9888,1731.992272153362
9889,1731.992272153362
9890,1731.992272153362
9891,1731.992272153362
9892,1731.992272153362
9893,1731.992272153362
9894,1731.992272153362
9895,1731.992272153362
9896,1731.992272153362
9897,1731.992272153362
9898,1731.992272153362
9899,1731.992272153362
9900,1731.992272153362
9901,1731.992272153362
9902,1731.992272153362
9903,1731.992272153362
9904,1731.992272153362
9905,1731.992272153362
9906,1731.992272153362
9907,1731.992272153362
9908,1731.992272153362
9909,1731.992272153362
9910,1731.992272153362
9911,1731.992272153362
9912,1731.992272153362
9913,1731.992272153362
9914,1731.992272153362
9915,1731.992272153362
9916,1731.992272153362
9917,1731.992272153362
9918,1731.992272153362
9919,1731.992272153362
9920,1731.992272153362
9921,1731.992272153362
9922,1731.992272153362
9923,1731.992272153362
9924,1731.992272153362
9925,1731.992272153362
9926,1731.992272153362
9927,1731.992272153362
9928,1731.992272153362
9929,1731.992272153362
9930,1731.992272153362
9931,1731.992272153362
9932,1731.992272153362
9933,1731.992272153362
9934,1731.992272153362
9935,1731.992272153362
9936,1731.992272153362
9937,1731.992272153362
9938,1731.992272153362
9939,1731.992272153362
9940,1731.992272153362
9941,1731.992272153362
9942,1731.992272153362
9943,1731.992272153362
9944,1731.992272153362
9945,1731.992272153362
9946,1731.992272153362
9947,1731.992272153362
9948,1731.992272153362
9949,1731.992272153362
9950,1731.992272153362
9951,1731.992272153362
9952,1731.992272153362
9953,1731.992272153362
9954,1731.992272153362
9955,1731.992272153362
9956,1731.992272153362
9957,1731.992272153362
9958,1731.992272153362
9959,1731.992272153362
9960,1731.992272153362
9961,1731.992272153362
9962,1731.992272153362
9963,1731.992272153362
9964,1731.992272153362
9965,1731.992272153362
9966,1731.992272153362
9967,1731.992272153362
9968,1731.992272153362
9969,1731.992272153362
9970,1731.992272153362
9971,1731.992272153362
9972,1731.992272153362
9973,1731.992272153362
9974,1731.992272153362
9975,1731.992272153362
9976,1731.992272153362
9977,1731.992272153362
9978,1731.992272153362
9979,1731.992272153362
9980,1731.992272153362
9981,1731.992272153362
9982,1731.992272153362
9983,1731.992272153362
9984,1731.992272153362
9985,1731.992272153362
9986,1731.992272153362
9987,1731.992272153362
9988,1731.992272153362
9989,1731.992272153362
9990,1731.992272153362
9991,1731.992272153362
9992,1731.992272153362
9993,1731.992272153362
9994,1731.992272153362
9995,1731.992272153362
9996,1731.992272153362
9997,1731.992272153362
9998,1731.992272153362
9999,1731.992272153362
10000,1731.992272153362
10001,1731.992272153362
10002,1731.992272153362
10003,1731.992272153362
10004,1731.992272153362
10005,1731.992272153362
10006,1731.992272153362
10007,1731.992272153362
10008,1731.992272153362
10009,1731.992272153362
10010,1731.992272153362
10011,1731.992272153362
10012,1731.992272153362
10013,1731.992272153362
10014,1731.992272153362
10015,1731.992272153362
10016,1731.992272153362
10017,1731.992272153362
10018,1731.992272153362
10019,1731.992272153362
10020,1731.992272153362
10021,1731.992272153362
10022,1731.992272153362
10023,1731.992272153362
10024,1731.992272153362
10025,1731.992272153362
10026,1731.992272153362
10027,1731.992272153362
10028,1731.992272153362
10029,1731.992272153362
10030,1731.992272153362
10031,1731.992272153362
10032,1731.992272153362
10033,1731.992272153362
10034,1731.992272153362
10035,1731.992272153362
10036,1731.992272153362
10037,1731.992272153362
10038,1731.992272153362
10039,1731.992272153362
10040,1731.992272153362
10041,1731.992272153362
10042,1731.992272153362
10043,1731.992272153362
10044,1731.992272153362
10045,1731.992272153362
10046,1731.992272153362
10047,1731.992272153362
10048,1731.992272153362
10049,1731.992272153362
10050,1731.992272153362
10051,1731.992272153362
10052,1731.992272153362
10053,1731.992272153362
10054,1731.992272153362
10055,1731.992272153362
10056,1731.992272153362
10057,1731.992272153362
10058,1731.992272153362
10059,1731.992272153362
10060,1731.992272153362
10061,1731.992272153362
10062,1731.992272153362
10063,1731.992272153362
10064,1731.992272153362
10065,1731.992272153362
10066,1731.992272153362
10067,1731.992272153362
10068,1731.992272153362
10069,1731.992272153362
10070,1731.992272153362
10071,1731.992272153362
10072,1731.992272153362
10073,1731.992272153362
10074,1731.992272153362
10075,1731.992272153362
10076,1731.992272153362
10077,1731.992272153362
10078,1731.992272153362
10079,1731.992272153362
10080,1731.992272153362
10081,1731.992272153362
10082,1731.992272153362
10083,1731.992272153362
10084,1731.992272153362
10085,1731.992272153362
10086,1731.992272153362
10087,1731.992272153362
10088,1731.992272153362
10089,1731.992272153362
10090,1731.992272153362
10091,1731.992272153362
10092,1731.992272153362
10093,1731.992272153362
10094,1731.992272153362
10095,1731.992272153362
10096,1731.992272153362
10097,1731.992272153362
10098,1731.992272153362
10099,1731.992272153362
10100,1731.992272153362
10101,1731.992272153362
10102,1731.992272153362
10103,1731.992272153362
10104,1731.992272153362
10105,1731.992272153362
10106,1731.992272153362
10107,1731.992272153362
10108,1731.992272153362
10109,1731.992272153362
10110,1731.992272153362
10111,1731.992272153362
10112,1731.992272153362
10113,1731.992272153362
10114,1731.992272153362
10115,1731.992272153362
10116,1731.992272153362
10117,1731.992272153362
10118,1731.992272153362
10119,1731.992272153362
10120,1731.992272153362
10121,1731.992272153362
10122,1731.992272153362
10123,1731.992272153362
10124,1731.992272153362
10125,1731.992272153362
10126,1731.992272153362
10127,1731.992272153362
10128,1731.992272153362
10129,1731.992272153362
10130,1731.992272153362
10131,1731.992272153362
10132,1731.992272153362
10133,1731.992272153362
10134,1731.992272153362
10135,1731.992272153362
10136,1731.992272153362
10137,1731.992272153362
10138,1731.992272153362
10139,1731.992272153362
10140,1731.992272153362
10141,1731.992272153362
10142,1731.992272153362
10143,1731.992272153362
10144,1731.992272153362
10145,1731.992272153362
10146,1731.992272153362
10147,1731.992272153362
10148,1731.992272153362
10149,1731.992272153362
10150,1731.992272153362
10151,1731.992272153362
10152,1731.992272153362
10153,1731.992272153362
10154,1731.992272153362
10155,1731.992272153362
10156,1731.992272153362
10157,1731.992272153362
10158,1731.992272153362
10159,1731.992272153362
10160,1731.992272153362
10161,1731.992272153362
10162,1731.992272153362
10163,1731.992272153362
10164,1731.992272153362
10165,1731.992272153362
10166,1731.992272153362
10167,1731.992272153362
10168,1731.992272153362
10169,1731.992272153362
10170,1731.992272153362
10171,1731.992272153362
10172,1731.992272153362
10173,1731.992272153362
10174,1731.992272153362
10175,1731.992272153362
10176,1731.992272153362
10177,1731.992272153362
10178,1731.992272153362
10179,1731.992272153362
10180,1731.992272153362
10181,1731.992272153362
10182,1731.992272153362
10183,1731.992272153362
10184,1731.992272153362
10185,1731.992272153362
10186,1731.992272153362
10187,1731.992272153362
10188,1731.992272153362
10189,1731.992272153362
10190,1731.992272153362
10191,1731.992272153362
10192,1731.992272153362
10193,1731.992272153362
10194,1731.992272153362
10195,1731.992272153362
10196,1731.992272153362
10197,1731.992272153362
10198,1731.992272153362
10199,1731.992272153362
10200,1731.992272153362
10201,1731.992272153362
10202,1731.992272153362
10203,1731.992272153362
10204,1731.992272153362
10205,1731.992272153362
10206,1731.992272153362
10207,1731.992272153362
10208,1731.992272153362
10209,1731.992272153362
10210,1731.992272153362
10211,1731.992272153362
10212,1731.992272153362
10213,1731.992272153362
10214,1731.992272153362
10215,1731.992272153362
10216,1731.992272153362
10217,1731.992272153362
10218,1731.992272153362
10219,1731.992272153362
10220,1731.992272153362
10221,1731.992272153362
10222,1731.992272153362
10223,1731.992272153362
10224,1731.992272153362
10225,1731.992272153362
10226,1731.992272153362
10227,1731.992272153362
10228,1731.992272153362
10229,1731.992272153362
10230,1731.992272153362
10231,1731.992272153362
10232,1731.992272153362
10233,1731.992272153362
10234,1731.992272153362
10235,1731.992272153362
10236,1731.992272153362
10237,1731.992272153362
10238,1731.992272153362
10239,1731.992272153362
10240,1731.992272153362
10241,1731.992272153362
10242,1731.992272153362
10243,1731.992272153362
10244,1731.992272153362
10245,1731.992272153362
10246,1731.992272153362
10247,1731.992272153362
10248,1731.992272153362
10249,1731.992272153362
10250,1731.992272153362
10251,1731.992272153362
10252,1731.992272153362
10253,1731.992272153362
10254,1731.992272153362
10255,1731.992272153362
10256,1731.992272153362
10257,1731.992272153362
10258,1731.992272153362
10259,1731.992272153362
10260,1731.992272153362
10261,1731.992272153362
10262,1731.992272153362
10263,1731.992272153362
10264,1731.992272153362
10265,1731.992272153362
10266,1731.992272153362
10267,1731.992272153362
10268,1731.992272153362
10269,1731.992272153362
10270,1731.992272153362
10271,1731.992272153362
10272,1731.992272153362
10273,1731.992272153362
10274,1731.992272153362
10275,1731.992272153362
10276,1731.992272153362
10277,1731.992272153362
10278,1731.992272153362
10279,1731.992272153362
10280,1731.992272153362
10281,1731.992272153362
10282,1731.992272153362
10283,1731.992272153362
10284,1731.992272153362
10285,1731.992272153362
10286,1731.992272153362
10287,1731.992272153362
10288,1731.992272153362
10289,1731.992272153362
10290,1731.992272153362
10291,1731.992272153362
10292,1731.992272153362
10293,1731.992272153362
10294,1731.992272153362
10295,1731.992272153362
10296,1731.992272153362
10297,1731.992272153362
10298,1731.992272153362
10299,1731.992272153362
10300,1731.992272153362
10301,1731.992272153362
10302,1731.992272153362
10303,1731.992272153362
10304,1731.992272153362
10305,1731.992272153362
10306,1731.992272153362
10307,1731.992272153362
10308,1731.992272153362
10309,1731.992272153362
10310,1731.992272153362
10311,1731.992272153362
10312,1731.992272153362
10313,1731.992272153362
10314,1731.992272153362
10315,1731.992272153362
10316,1731.992272153362
10317,1731.992272153362
10318,1731.992272153362
10319,1731.992272153362
10320,1731.992272153362
10321,1731.992272153362
10322,1731.992272153362
10323,1731.992272153362
10324,1731.992272153362
10325,1731.992272153362
10326,1731.992272153362
10327,1731.992272153362
10328,1731.992272153362
10329,1731.992272153362
10330,1731.992272153362
10331,1731.992272153362
10332,1731.992272153362
10333,1731.992272153362
10334,1731.992272153362
10335,1731.992272153362
10336,1731.992272153362
10337,1731.992272153362
10338,1731.992272153362
10339,1731.992272153362
10340,1731.992272153362
10341,1731.992272153362
10342,1731.992272153362
10343,1731.992272153362
10344,1731.992272153362
10345,1731.992272153362
10346,1731.992272153362
10347,1731.992272153362
10348,1731.992272153362
10349,1731.992272153362
10350,1731.992272153362
10351,1731.992272153362
10352,1731.992272153362
10353,1731.992272153362
10354,1731.992272153362
10355,1731.992272153362
10356,1731.992272153362
10357,1731.992272153362
10358,1731.992272153362
10359,1731.992272153362
10360,1731.992272153362
10361,1731.992272153362
10362,1731.992272153362
10363,1731.992272153362
10364,1731.992272153362
10365,1731.992272153362
10366,1731.992272153362
10367,1731.992272153362
10368,1731.992272153362
10369,1731.992272153362
10370,1731.992272153362
10371,1731.992272153362
10372,1731.992272153362
10373,1731.992272153362
10374,1731.992272153362
10375,1731.992272153362
10376,1731.992272153362
10377,1731.992272153362
10378,1731.992272153362
10379,1731.992272153362
10380,1731.992272153362
10381,1731.992272153362
10382,1731.992272153362
10383,1731.992272153362
10384,1731.992272153362
10385,1731.992272153362
10386,1731.992272153362
10387,1731.992272153362
10388,1731.992272153362
10389,1731.992272153362
10390,1731.992272153362
10391,1731.992272153362
10392,1731.992272153362
10393,1731.992272153362
10394,1731.992272153362
10395,1731.992272153362
10396,1731.992272153362
10397,1731.992272153362
10398,1731.992272153362
10399,1731.992272153362
10400,1731.992272153362
10401,1731.992272153362
10402,1731.992272153362
10403,1731.992272153362
10404,1731.992272153362
10405,1731.992272153362
10406,1731.992272153362
10407,1731.992272153362
10408,1731.992272153362
10409,1731.992272153362
10410,1731.992272153362
10411,1731.992272153362
10412,1731.992272153362
10413,1731.992272153362
10414,1731.992272153362
10415,1731.992272153362
10416,1731.992272153362
10417,1731.992272153362
10418,1731.992272153362
10419,1731.992272153362
10420,1731.992272153362
10421,1731.992272153362
10422,1731.992272153362
10423,1731.992272153362
10424,1731.992272153362
10425,1731.992272153362
10426,1731.992272153362
10427,1731.992272153362
10428,1731.992272153362
10429,1731.992272153362
10430,1731.992272153362
10431,1731.992272153362
10432,1731.992272153362
10433,1731.992272153362
10434,1731.992272153362
10435,1731.992272153362
10436,1731.992272153362
10437,1731.992272153362
10438,1731.992272153362
10439,1731.992272153362
10440,1731.992272153362
10441,1731.992272153362
10442,1731.992272153362
10443,1731.992272153362
10444,1731.992272153362
10445,1731.992272153362
10446,1731.992272153362
10447,1731.992272153362
10448,1731.992272153362
10449,1731.992272153362
10450,1731.992272153362
10451,1731.992272153362
10452,1731.992272153362
10453,1731.992272153362
10454,1731.992272153362
10455,1731.992272153362
10456,1731.992272153362
10457,1731.992272153362
10458,1731.992272153362
10459,1731.992272153362
10460,1731.992272153362
10461,1731.992272153362
10462,1731.992272153362
10463,1731.992272153362
10464,1731.992272153362
10465,1731.992272153362
10466,1731.992272153362
10467,1731.992272153362
10468,1731.992272153362
10469,1731.992272153362
10470,1731.992272153362
10471,1731.992272153362
10472,1731.992272153362
10473,1731.992272153362
10474,1731.992272153362
10475,1731.992272153362
10476,1731.992272153362
10477,1731.992272153362
10478,1731.992272153362
10479,1731.992272153362
10480,1731.992272153362
10481,1731.992272153362
10482,1731.992272153362
10483,1731.992272153362
10484,1731.992272153362
10485,1731.992272153362
10486,1731.992272153362
10487,1731.992272153362
10488,1731.992272153362
10489,1731.992272153362
10490,1731.992272153362
10491,1731.992272153362
10492,1731.992272153362
10493,1731.992272153362
10494,1731.992272153362
10495,1731.992272153362
10496,1731.992272153362
10497,1731.992272153362
10498,1731.992272153362
10499,1731.992272153362
10500,1731.992272153362
10501,1731.992272153362
10502,1731.992272153362
10503,1731.992272153362
10504,1731.992272153362
10505,1731.992272153362
10506,1731.992272153362
10507,1731.992272153362
10508,1731.992272153362
10509,1731.992272153362
10510,1731.992272153362
10511,1731.992272153362
10512,1731.992272153362
10513,1731.992272153362
10514,1731.992272153362
10515,1731.992272153362
10516,1731.992272153362
10517,1731.992272153362
10518,1731.992272153362
10519,1731.992272153362
10520,1731.992272153362
10521,1731.992272153362
10522,1731.992272153362
10523,1731.992272153362
10524,1731.992272153362
10525,1731.992272153362
10526,1731.992272153362
10527,1731.992272153362
10528,1731.992272153362
10529,1731.992272153362
10530,1731.992272153362
10531,1731.992272153362
10532,1731.992272153362
10533,1731.992272153362
10534,1731.992272153362
10535,1731.992272153362
10536,1731.992272153362
10537,1731.992272153362
10538,1731.992272153362
10539,1731.992272153362
10540,1731.992272153362
10541,1731.992272153362
10542,1731.992272153362
10543,1731.992272153362
10544,1731.992272153362
10545,1731.992272153362
10546,1731.992272153362
10547,1731.992272153362
10548,1731.992272153362
10549,1731.992272153362
10550,1731.992272153362
10551,1731.992272153362
10552,1731.992272153362
10553,1731.992272153362
10554,1731.992272153362
10555,1731.992272153362
10556,1731.992272153362
10557,1731.992272153362
10558,1731.992272153362
10559,1731.992272153362
10560,1731.992272153362
10561,1731.992272153362
10562,1731.992272153362
10563,1731.992272153362
10564,1731.992272153362
10565,1731.992272153362
10566,1731.992272153362
10567,1731.992272153362
10568,1731.992272153362
10569,1731.992272153362
10570,1731.992272153362
10571,1731.992272153362
10572,1731.992272153362
10573,1731.992272153362
10574,1731.992272153362
10575,1731.992272153362
10576,1731.992272153362
10577,1731.992272153362
10578,1731.992272153362
10579,1731.992272153362
10580,1731.992272153362
10581,1731.992272153362
10582,1731.992272153362
10583,1731.992272153362
10584,1731.992272153362
10585,1731.992272153362
10586,1731.992272153362
10587,1731.992272153362
10588,1731.992272153362
10589,1731.992272153362
10590,1731.992272153362
10591,1731.992272153362
10592,1731.992272153362
10593,1731.992272153362
10594,1731.992272153362
10595,1731.992272153362
10596,1731.992272153362
10597,1731.992272153362
10598,1731.992272153362
10599,1731.992272153362
10600,1731.992272153362
10601,1731.992272153362
10602,1731.992272153362
10603,1731.992272153362
10604,1731.992272153362
10605,1731.992272153362
10606,1731.992272153362
10607,1731.992272153362
10608,1731.992272153362
10609,1731.992272153362
10610,1731.992272153362
10611,1731.992272153362
10612,1731.992272153362
10613,1731.992272153362
10614,1731.992272153362
10615,1731.992272153362
10616,1731.992272153362
10617,1731.992272153362
10618,1731.992272153362
10619,1731.992272153362
10620,1731.992272153362
10621,1731.992272153362
10622,1731.992272153362
10623,1731.992272153362
10624,1731.992272153362
10625,1731.992272153362
10626,1731.992272153362
10627,1731.992272153362
10628,1731.992272153362
10629,1731.992272153362
10630,1731.992272153362
10631,1731.992272153362
10632,1731.992272153362
10633,1731.992272153362
10634,1731.992272153362
10635,1731.992272153362
10636,1731.992272153362
10637,1731.992272153362
10638,1731.992272153362
10639,1731.992272153362
10640,1731.992272153362
10641,1731.992272153362
10642,1731.992272153362
10643,1731.992272153362
10644,1731.992272153362
10645,1731.992272153362
10646,1731.992272153362
10647,1731.992272153362
10648,1731.992272153362
10649,1731.992272153362
10650,1731.992272153362
10651,1731.992272153362
10652,1731.992272153362
10653,1731.992272153362
10654,1731.992272153362
10655,1731.992272153362
10656,1731.992272153362
10657,1731.992272153362
10658,1731.992272153362
10659,1731.992272153362
10660,1731.992272153362
10661,1731.992272153362
10662,1731.992272153362
10663,1731.992272153362
10664,1731.992272153362
10665,1731.992272153362
10666,1731.992272153362
10667,1731.992272153362
10668,1731.992272153362
10669,1731.992272153362
10670,1731.992272153362
10671,1731.992272153362
10672,1731.992272153362
10673,1731.992272153362
10674,1731.992272153362
10675,1731.992272153362
10676,1731.992272153362
10677,1731.992272153362
10678,1731.992272153362
10679,1731.992272153362
10680,1731.992272153362
10681,1731.992272153362
10682,1731.992272153362
10683,1731.992272153362
10684,1731.992272153362
10685,1731.992272153362
10686,1731.992272153362
10687,1731.992272153362
10688,1731.992272153362
10689,1731.992272153362
10690,1731.992272153362
10691,1731.992272153362
10692,1731.992272153362
10693,1731.992272153362
10694,1731.992272153362
10695,1731.992272153362
10696,1731.992272153362
10697,1731.992272153362
10698,1731.992272153362
10699,1731.992272153362
10700,1731.992272153362
10701,1731.992272153362
10702,1731.992272153362
10703,1731.992272153362
10704,1731.992272153362
10705,1731.992272153362
10706,1731.992272153362
10707,1731.992272153362
10708,1731.992272153362
10709,1731.992272153362
10710,1731.992272153362
10711,1731.992272153362
10712,1731.992272153362
10713,1731.992272153362
10714,1731.992272153362
10715,1731.992272153362
10716,1731.992272153362
10717,1731.992272153362
10718,1731.992272153362
10719,1731.992272153362
10720,1731.992272153362
10721,1731.992272153362
10722,1731.992272153362
10723,1731.992272153362
10724,1731.992272153362
10725,1731.992272153362
10726,1731.992272153362
10727,1731.992272153362
10728,1731.992272153362
10729,1731.992272153362
10730,1731.992272153362
10731,1731.992272153362
10732,1731.992272153362
10733,1731.992272153362
10734,1731.992272153362
10735,1731.992272153362
10736,1731.992272153362
10737,1731.992272153362
10738,1731.992272153362
10739,1731.992272153362
10740,1731.992272153362
10741,1731.992272153362
10742,1731.992272153362
10743,1731.992272153362
10744,1731.992272153362
10745,1731.992272153362
10746,1731.992272153362
10747,1731.992272153362
10748,1731.992272153362
10749,1731.992272153362
10750,1731.992272153362
10751,1731.992272153362
10752,1731.992272153362
10753,1731.992272153362
10754,1731.992272153362
10755,1731.992272153362
10756,1731.992272153362
10757,1731.992272153362
10758,1731.992272153362
10759,1731.992272153362
10760,1731.992272153362
10761,1731.992272153362
10762,1731.992272153362
10763,1731.992272153362
10764,1731.992272153362
10765,1731.992272153362
10766,1731.992272153362
10767,1731.992272153362
10768,1731.992272153362
10769,1731.992272153362
10770,1731.992272153362
10771,1731.992272153362
10772,1731.992272153362
10773,1731.992272153362
10774,1731.992272153362
10775,1731.992272153362
10776,1731.992272153362
10777,1731.992272153362
10778,1731.992272153362
10779,1731.992272153362
10780,1731.992272153362
10781,1731.992272153362
10782,1731.992272153362
10783,1731.992272153362
10784,1731.992272153362
10785,1731.992272153362
10786,1731.992272153362
10787,1731.992272153362
10788,1731.992272153362
10789,1731.992272153362
10790,1731.992272153362
10791,1731.992272153362
10792,1731.992272153362
10793,1731.992272153362
10794,1731.992272153362
10795,1731.992272153362
10796,1731.992272153362
10797,1731.992272153362
10798,1731.992272153362
10799,1731.992272153362
10800,1731.992272153362
10801,1731.992272153362
10802,1731.992272153362
10803,1731.992272153362
10804,1731.992272153362
10805,1731.992272153362
10806,1731.992272153362
10807,1731.992272153362
10808,1731.992272153362
10809,1731.992272153362
10810,1731.992272153362
10811,1731.992272153362
10812,1731.992272153362
10813,1731.992272153362
10814,1731.992272153362
10815,1731.992272153362
10816,1731.992272153362
10817,1731.992272153362
10818,1731.992272153362
10819,1731.992272153362
10820,1731.992272153362
10821,1731.992272153362
10822,1731.992272153362
10823,1731.992272153362
10824,1731.992272153362
10825,1731.992272153362
10826,1731.992272153362
10827,1731.992272153362
10828,1731.992272153362
10829,1731.992272153362
10830,1731.992272153362
10831,1731.992272153362
10832,1731.992272153362
10833,1731.992272153362
10834,1731.992272153362
10835,1731.992272153362
10836,1731.992272153362
10837,1731.992272153362
10838,1731.992272153362
10839,1731.992272153362
10840,1731.992272153362
10841,1731.992272153362
10842,1731.992272153362
10843,1731.992272153362
10844,1731.992272153362
10845,1731.992272153362
10846,1731.992272153362
10847,1731.992272153362
10848,1731.992272153362
10849,1731.992272153362
10850,1731.992272153362
10851,1731.992272153362
10852,1731.992272153362
10853,1731.992272153362
10854,1731.992272153362
10855,1731.992272153362
10856,1731.992272153362
10857,1731.992272153362
10858,1731.992272153362
10859,1731.992272153362
10860,1731.992272153362
10861,1731.992272153362
10862,1731.992272153362
10863,1731.992272153362
10864,1731.992272153362
10865,1731.992272153362
10866,1731.992272153362
10867,1731.992272153362
10868,1731.992272153362
10869,1731.992272153362
10870,1731.992272153362
10871,1731.992272153362
10872,1731.992272153362
10873,1731.992272153362
10874,1731.992272153362
10875,1731.992272153362
10876,1731.992272153362
10877,1731.992272153362
10878,1731.992272153362
10879,1731.992272153362
10880,1731.992272153362
10881,1731.992272153362
10882,1731.992272153362
10883,1731.992272153362
10884,1731.992272153362
10885,1731.992272153362
10886,1731.992272153362
10887,1731.992272153362
10888,1731.992272153362
10889,1731.992272153362
10890,1731.992272153362
10891,1731.992272153362
10892,1731.992272153362
10893,1731.992272153362
10894,1731.992272153362
10895,1731.992272153362
10896,1731.992272153362
10897,1731.992272153362
10898,1731.992272153362
10899,1731.992272153362
10900,1731.992272153362
10901,1731.992272153362
10902,1731.992272153362
10903,1731.992272153362
10904,1731.992272153362
10905,1731.992272153362
10906,1731.992272153362
10907,1731.992272153362
10908,1731.992272153362
10909,1731.992272153362
10910,1731.992272153362
10911,1731.992272153362
10912,1731.992272153362
10913,1731.992272153362
10914,1731.992272153362
10915,1731.992272153362
10916,1731.992272153362
10917,1731.992272153362
10918,1731.992272153362
10919,1731.992272153362
10920,1731.992272153362
10921,1731.992272153362
10922,1731.992272153362
10923,1731.992272153362
10924,1731.992272153362
10925,1731.992272153362
10926,1731.992272153362
10927,1731.992272153362
10928,1731.992272153362
10929,1731.992272153362
10930,1731.992272153362
10931,1731.992272153362
10932,1731.992272153362
10933,1731.992272153362
10934,1731.992272153362
10935,1731.992272153362
10936,1731.992272153362
10937,1731.992272153362
10938,1731.992272153362
10939,1731.992272153362
10940,1731.992272153362
10941,1731.992272153362
10942,1731.992272153362
10943,1731.992272153362
10944,1731.992272153362
10945,1731.992272153362
10946,1731.992272153362
10947,1731.992272153362
10948,1731.992272153362
10949,1731.992272153362
10950,1731.992272153362
10951,1731.992272153362
10952,1731.992272153362
10953,1731.992272153362
10954,1731.992272153362
10955,1731.992272153362
10956,1731.992272153362
10957,1731.992272153362
10958,1731.992272153362
10959,1731.992272153362
10960,1731.992272153362
10961,1731.992272153362
10962,1731.992272153362
10963,1731.992272153362
10964,1731.992272153362
10965,1731.992272153362
10966,1731.992272153362
10967,1731.992272153362
10968,1731.992272153362
10969,1731.992272153362
10970,1731.992272153362
10971,1731.992272153362
10972,1731.992272153362
10973,1731.992272153362
10974,1731.992272153362
10975,1731.992272153362
10976,1731.992272153362
10977,1731.992272153362
10978,1731.992272153362
10979,1731.992272153362
10980,1731.992272153362
10981,1731.992272153362
10982,1731.992272153362
10983,1731.992272153362
10984,1731.992272153362
10985,1731.992272153362
10986,1731.992272153362
10987,1731.992272153362
10988,1731.992272153362
10989,1731.992272153362
10990,1731.992272153362
10991,1731.992272153362
10992,1731.992272153362
10993,1731.992272153362
10994,1731.992272153362
10995,1731.992272153362
10996,1731.992272153362
10997,1731.992272153362
10998,1731.992272153362
10999,1731.992272153362
11000,1731.992272153362
11001,1731.992272153362
11002,1731.992272153362
11003,1731.992272153362
11004,1731.992272153362
11005,1731.992272153362
11006,1731.992272153362
11007,1731.992272153362
11008,1731.992272153362
11009,1731.992272153362
11010,1731.992272153362
11011,1731.992272153362
11012,1731.992272153362
11013,1731.992272153362
11014,1731.992272153362
11015,1731.992272153362
11016,1731.992272153362
11017,1731.992272153362
11018,1731.992272153362
11019,1731.992272153362
11020,1731.992272153362
11021,1731.992272153362
11022,1731.992272153362
11023,1731.992272153362
11024,1731.992272153362
11025,1731.992272153362
11026,1731.992272153362
11027,1731.992272153362
11028,1731.992272153362
11029,1731.992272153362
11030,1731.992272153362
11031,1731.992272153362
11032,1731.992272153362
11033,1731.992272153362
11034,1731.992272153362
11035,1731.992272153362
11036,1731.992272153362
11037,1731.992272153362
11038,1731.992272153362
11039,1731.992272153362
11040,1731.992272153362
11041,1731.992272153362
11042,1731.992272153362
11043,1731.992272153362
11044,1731.992272153362
11045,1731.992272153362
11046,1731.992272153362
11047,1731.992272153362
11048,1731.992272153362
11049,1731.992272153362
11050,1731.992272153362
11051,1731.992272153362
11052,1731.992272153362
11053,1731.992272153362
11054,1731.992272153362
11055,1731.992272153362
11056,1731.992272153362
11057,1731.992272153362
11058,1731.992272153362
11059,1731.992272153362
11060,1731.992272153362
11061,1731.992272153362
11062,1731.992272153362
11063,1731.992272153362
11064,1731.992272153362
11065,1731.992272153362
11066,1731.992272153362
11067,1731.992272153362
11068,1731.992272153362
11069,1731.992272153362
11070,1731.992272153362
11071,1731.992272153362
11072,1731.992272153362
11073,1731.992272153362
11074,1731.992272153362
11075,1731.992272153362
11076,1731.992272153362
11077,1731.992272153362
11078,1731.992272153362
11079,1731.992272153362
11080,1731.992272153362
11081,1731.992272153362
11082,1731.992272153362
11083,1731.992272153362
11084,1731.992272153362
11085,1731.992272153362
11086,1731.992272153362
11087,1731.992272153362
11088,1731.992272153362
11089,1731.992272153362
11090,1731.992272153362
11091,1731.992272153362
11092,1731.992272153362
11093,1731.992272153362
11094,1731.992272153362
11095,1731.992272153362
11096,1731.992272153362
11097,1731.992272153362
11098,1731.992272153362
11099,1731.992272153362
11100,1731.992272153362
11101,1731.992272153362
11102,1731.992272153362
11103,1731.992272153362
11104,1731.992272153362
11105,1731.992272153362
11106,1731.992272153362
11107,1731.992272153362
11108,1731.992272153362
11109,1731.992272153362
11110,1731.992272153362
11111,1731.992272153362
11112,1731.992272153362
11113,1731.992272153362
11114,1731.992272153362
11115,1731.992272153362
11116,1731.992272153362
11117,1731.992272153362
11118,1731.992272153362
11119,1731.992272153362
11120,1731.992272153362
11121,1731.992272153362
11122,1731.992272153362
11123,1731.992272153362
11124,1731.992272153362
11125,1731.992272153362
11126,1731.992272153362
11127,1731.992272153362
11128,1731.992272153362
11129,1731.992272153362
11130,1731.992272153362
11131,1731.992272153362
11132,1731.992272153362
11133,1731.992272153362
11134,1731.992272153362
11135,1731.992272153362
11136,1731.992272153362
11137,1731.992272153362
11138,1731.992272153362
11139,1731.992272153362
11140,1731.992272153362
11141,1731.992272153362
11142,1731.992272153362
11143,1731.992272153362
11144,1731.992272153362
11145,1731.992272153362
11146,1731.992272153362
11147,1731.992272153362
11148,1731.992272153362
11149,1731.992272153362
11150,1731.992272153362
11151,1731.992272153362
11152,1731.992272153362
11153,1731.992272153362
11154,1731.992272153362
11155,1731.992272153362
11156,1731.992272153362
11157,1731.992272153362
11158,1731.992272153362
11159,1731.992272153362
11160,1731.992272153362
11161,1731.992272153362
11162,1731.992272153362
11163,1731.992272153362
11164,1731.992272153362
11165,1731.992272153362
11166,1731.992272153362
11167,1731.992272153362
11168,1731.992272153362
11169,1731.992272153362
11170,1731.992272153362
11171,1731.992272153362
11172,1731.992272153362
11173,1731.992272153362
11174,1731.992272153362
11175,1731.992272153362
11176,1731.992272153362
11177,1731.992272153362
11178,1731.992272153362
11179,1731.992272153362
11180,1731.992272153362
11181,1731.992272153362
11182,1731.992272153362
11183,1731.992272153362
11184,1731.992272153362
11185,1731.992272153362
11186,1731.992272153362
11187,1731.992272153362
11188,1731.992272153362
11189,1731.992272153362
11190,1731.992272153362
11191,1731.992272153362
11192,1731.992272153362
11193,1731.992272153362
11194,1731.992272153362
11195,1731.992272153362
11196,1731.992272153362
11197,1731.992272153362
11198,1731.992272153362
11199,1731.992272153362
11200,1731.992272153362
11201,1731.992272153362
11202,1731.992272153362
11203,1731.992272153362
11204,1731.992272153362
11205,1731.992272153362
11206,1731.992272153362
11207,1731.992272153362
11208,1731.992272153362
11209,1731.992272153362
11210,1731.992272153362
11211,1731.992272153362
11212,1731.992272153362
11213,1731.992272153362
11214,1731.992272153362
11215,1731.992272153362
11216,1731.992272153362
11217,1731.992272153362
11218,1731.992272153362
11219,1731.992272153362
11220,1731.992272153362
11221,1731.992272153362
11222,1731.992272153362
11223,1731.992272153362
11224,1731.992272153362
11225,1731.992272153362
11226,1731.992272153362
11227,1731.992272153362
11228,1731.992272153362
11229,1731.992272153362
11230,1731.992272153362
11231,1731.992272153362
11232,1731.992272153362
11233,1731.992272153362
11234,1731.992272153362
11235,1731.992272153362
11236,1731.992272153362
11237,1731.992272153362
11238,1731.992272153362
11239,1731.992272153362
11240,1731.992272153362
11241,1731.992272153362
11242,1731.992272153362
11243,1731.992272153362
11244,1731.992272153362
11245,1731.992272153362
11246,1731.992272153362
11247,1731.992272153362
11248,1731.992272153362
11249,1731.992272153362
11250,1731.992272153362
11251,1731.992272153362
11252,1731.992272153362
11253,1731.992272153362
11254,1731.992272153362
11255,1731.992272153362
11256,1731.992272153362
11257,1731.992272153362
11258,1731.992272153362
11259,1731.992272153362
11260,1731.992272153362
11261,1731.992272153362
11262,1731.992272153362
11263,1731.992272153362
11264,1731.992272153362
11265,1731.992272153362
11266,1731.992272153362
11267,1731.992272153362
11268,1731.992272153362
11269,1731.992272153362
11270,1731.992272153362
11271,1731.992272153362
11272,1731.992272153362
11273,1731.992272153362
11274,1731.992272153362
11275,1731.992272153362
11276,1731.992272153362
11277,1731.992272153362
11278,1731.992272153362
11279,1731.992272153362
11280,1731.992272153362
11281,1731.992272153362
11282,1731.992272153362
11283,1731.992272153362
11284,1731.992272153362
11285,1731.992272153362
11286,1731.992272153362
11287,1731.992272153362
11288,1731.992272153362
11289,1731.992272153362
11290,1731.992272153362
11291,1731.992272153362
11292,1731.992272153362
11293,1731.992272153362
11294,1731.992272153362
11295,1731.992272153362
11296,1731.992272153362
11297,1731.992272153362
11298,1731.992272153362
11299,1731.992272153362
11300,1731.992272153362
11301,1731.992272153362
11302,1731.992272153362
11303,1731.992272153362
11304,1731.992272153362
11305,1731.992272153362
11306,1731.992272153362
11307,1731.992272153362
11308,1731.992272153362
11309,1731.992272153362
11310,1731.992272153362
11311,1731.992272153362
11312,1731.992272153362
11313,1731.992272153362
11314,1731.992272153362
11315,1731.992272153362
11316,1731.992272153362
11317,1731.992272153362
11318,1731.992272153362
11319,1731.992272153362
11320,1731.992272153362
11321,1731.992272153362
11322,1731.992272153362
11323,1731.992272153362
11324,1731.992272153362
11325,1731.992272153362
11326,1731.992272153362
11327,1731.992272153362
11328,1731.992272153362
11329,1731.992272153362
11330,1731.992272153362
11331,1731.992272153362
11332,1731.992272153362
11333,1731.992272153362
11334,1731.992272153362
11335,1731.992272153362
11336,1731.992272153362
11337,1731.992272153362
11338,1731.992272153362
11339,1731.992272153362
11340,1731.992272153362
11341,1731.992272153362
11342,1731.992272153362
11343,1731.992272153362
11344,1731.992272153362
11345,1731.992272153362
11346,1731.992272153362
11347,1731.992272153362
11348,1731.992272153362
11349,1731.992272153362
11350,1731.992272153362
11351,1731.992272153362
11352,1731.992272153362
11353,1731.992272153362
11354,1731.992272153362
11355,1731.992272153362
11356,1731.992272153362
11357,1731.992272153362
11358,1731.992272153362
11359,1731.992272153362
11360,1731.992272153362
11361,1731.992272153362
11362,1731.992272153362
11363,1731.992272153362
11364,1731.992272153362
11365,1731.992272153362
11366,1731.992272153362
11367,1731.992272153362
11368,1731.992272153362
11369,1731.992272153362
11370,1731.992272153362
11371,1731.992272153362
11372,1731.992272153362
11373,1731.992272153362
11374,1731.992272153362
11375,1731.992272153362
11376,1731.992272153362
11377,1731.992272153362
11378,1731.992272153362
11379,1731.992272153362
11380,1731.992272153362
11381,1731.992272153362
11382,1731.992272153362
11383,1731.992272153362
11384,1731.992272153362
11385,1731.992272153362
11386,1731.992272153362
11387,1731.992272153362
11388,1731.992272153362
11389,1731.992272153362
11390,1731.992272153362
11391,1731.992272153362
11392,1731.992272153362
11393,1731.992272153362
11394,1731.992272153362
11395,1731.992272153362
11396,1731.992272153362
11397,1731.992272153362
11398,1731.992272153362
11399,1731.992272153362
11400,1731.992272153362
11401,1731.992272153362
11402,1731.992272153362
11403,1731.992272153362
11404,1731.992272153362
11405,1731.992272153362
11406,1731.992272153362
11407,1731.992272153362
11408,1731.992272153362
11409,1731.992272153362
11410,1731.992272153362
11411,1731.992272153362
11412,1731.992272153362
11413,1731.992272153362
11414,1731.992272153362
11415,1731.992272153362
11416,1731.992272153362
11417,1731.992272153362
11418,1731.992272153362
11419,1731.992272153362
11420,1731.992272153362
11421,1731.992272153362
11422,1731.992272153362
11423,1731.992272153362
11424,1731.992272153362
11425,1731.992272153362
11426,1731.992272153362
11427,1731.992272153362
11428,1731.992272153362
11429,1731.992272153362
11430,1731.992272153362
11431,1731.992272153362
11432,1731.992272153362
11433,1731.992272153362
11434,1731.992272153362
11435,1731.992272153362
11436,1731.992272153362
11437,1731.992272153362
11438,1731.992272153362
11439,1731.992272153362
11440,1731.992272153362
11441,1731.992272153362
11442,1731.992272153362
11443,1731.992272153362
11444,1731.992272153362
11445,1731.992272153362
11446,1731.992272153362
11447,1731.992272153362
11448,1731.992272153362
11449,1731.992272153362
11450,1731.992272153362
11451,1731.992272153362
11452,1731.992272153362
11453,1731.992272153362
11454,1731.992272153362
11455,1731.992272153362
11456,1731.992272153362
11457,1731.992272153362
11458,1731.992272153362
11459,1731.992272153362
11460,1731.992272153362
11461,1731.992272153362
11462,1731.992272153362
11463,1731.992272153362
11464,1731.992272153362
11465,1731.992272153362
11466,1731.992272153362
11467,1731.992272153362
11468,1731.992272153362
11469,1731.992272153362
11470,1731.992272153362
11471,1731.992272153362
11472,1731.992272153362
11473,1731.992272153362
11474,1731.992272153362
11475,1731.992272153362
11476,1731.992272153362
11477,1731.992272153362
11478,1731.992272153362
11479,1731.992272153362
11480,1731.992272153362
11481,1731.992272153362
11482,1731.992272153362
11483,1731.992272153362
11484,1731.992272153362
11485,1731.992272153362
11486,1731.992272153362
11487,1731.992272153362
11488,1731.992272153362
11489,1731.992272153362
11490,1731.992272153362
11491,1731.992272153362
11492,1731.992272153362
11493,1731.992272153362
11494,1731.992272153362
11495,1731.992272153362
11496,1731.992272153362
11497,1731.992272153362
11498,1731.992272153362
11499,1731.992272153362
11500,1731.992272153362
11501,1731.992272153362
11502,1731.992272153362
11503,1731.992272153362
11504,1731.992272153362
11505,1731.992272153362
11506,1731.992272153362
11507,1731.992272153362
11508,1731.992272153362
11509,1731.992272153362
11510,1731.992272153362
11511,1731.992272153362
11512,1731.992272153362
11513,1731.992272153362
11514,1731.992272153362
11515,1731.992272153362
11516,1731.992272153362
11517,1731.992272153362
11518,1731.992272153362
11519,1731.992272153362
11520,1731.992272153362
11521,1731.992272153362
11522,1731.992272153362
11523,1731.992272153362
11524,1731.992272153362
11525,1731.992272153362
11526,1731.992272153362
11527,1731.992272153362
11528,1731.992272153362
11529,1731.992272153362
11530,1731.992272153362
11531,1731.992272153362
11532,1731.992272153362
11533,1731.992272153362
11534,1731.992272153362
11535,1731.992272153362
11536,1731.992272153362
11537,1731.992272153362
11538,1731.992272153362
11539,1731.992272153362
11540,1731.992272153362
11541,1731.992272153362
11542,1731.992272153362
11543,1731.992272153362
11544,1731.992272153362
11545,1731.992272153362
11546,1731.992272153362
11547,1731.992272153362
11548,1731.992272153362
11549,1731.992272153362
11550,1731.992272153362
11551,1731.992272153362
11552,1731.992272153362
11553,1731.992272153362
11554,1731.992272153362
11555,1731.992272153362
11556,1731.992272153362
11557,1731.992272153362
11558,1731.992272153362
11559,1731.992272153362
11560,1731.992272153362
11561,1731.992272153362
11562,1731.992272153362
11563,1731.992272153362
11564,1731.992272153362
11565,1731.992272153362
11566,1731.992272153362
11567,1731.992272153362
11568,1731.992272153362
11569,1731.992272153362
11570,1731.992272153362
11571,1731.992272153362
11572,1731.992272153362
11573,1731.992272153362
11574,1731.992272153362
11575,1731.992272153362
11576,1731.992272153362
11577,1731.992272153362
11578,1731.992272153362
11579,1731.992272153362
11580,1731.992272153362
11581,1731.992272153362
11582,1731.992272153362
11583,1731.992272153362
11584,1731.992272153362
11585,1731.992272153362
11586,1731.992272153362
11587,1731.992272153362
11588,1731.992272153362
11589,1731.992272153362
11590,1731.992272153362
11591,1731.992272153362
11592,1731.992272153362
11593,1731.992272153362
11594,1731.992272153362
11595,1731.992272153362
11596,1731.992272153362
11597,1731.992272153362
11598,1731.992272153362
11599,1731.992272153362
11600,1731.992272153362
11601,1731.992272153362
11602,1731.992272153362
11603,1731.992272153362
11604,1731.992272153362
11605,1731.992272153362
11606,1731.992272153362
11607,1731.992272153362
11608,1731.992272153362
11609,1731.992272153362
11610,1731.992272153362
11611,1731.992272153362
11612,1731.992272153362
11613,1731.992272153362
11614,1731.992272153362
11615,1731.992272153362
11616,1731.992272153362
11617,1731.992272153362
11618,1731.992272153362
11619,1731.992272153362
11620,1731.992272153362
11621,1731.992272153362
11622,1731.992272153362
11623,1731.992272153362
11624,1731.992272153362
11625,1731.992272153362
11626,1731.992272153362
11627,1731.992272153362
11628,1731.992272153362
11629,1731.992272153362
11630,1731.992272153362
11631,1731.992272153362
11632,1731.992272153362
11633,1731.992272153362
11634,1731.992272153362
11635,1731.992272153362
11636,1731.992272153362
11637,1731.992272153362
11638,1731.992272153362
11639,1731.992272153362
11640,1731.992272153362
11641,1731.992272153362
11642,1731.992272153362
11643,1731.992272153362
11644,1731.992272153362
11645,1731.992272153362
11646,1731.992272153362
11647,1731.992272153362
11648,1731.992272153362
11649,1731.992272153362
11650,1731.992272153362
11651,1731.992272153362
11652,1731.992272153362
11653,1731.992272153362
11654,1731.992272153362
11655,1731.992272153362
11656,1731.992272153362
11657,1731.992272153362
11658,1731.992272153362
11659,1731.992272153362
11660,1731.992272153362
11661,1731.992272153362
11662,1731.992272153362
11663,1731.992272153362
11664,1731.992272153362
11665,1731.992272153362
11666,1731.992272153362
11667,1731.992272153362
11668,1731.992272153362
11669,1731.992272153362
11670,1731.992272153362
11671,1731.992272153362
11672,1731.992272153362
11673,1731.992272153362
11674,1731.992272153362
11675,1731.992272153362
11676,1731.992272153362
11677,1731.992272153362
11678,1731.992272153362
11679,1731.992272153362
11680,1731.992272153362
11681,1731.992272153362
11682,1731.992272153362
11683,1731.992272153362
11684,1731.992272153362
11685,1731.992272153362
11686,1731.992272153362
11687,1731.992272153362
11688,1731.992272153362
11689,1731.992272153362
11690,1731.992272153362
11691,1731.992272153362
11692,1731.992272153362
11693,1731.992272153362
11694,1731.992272153362
11695,1731.992272153362
11696,1731.992272153362
11697,1731.992272153362
11698,1731.992272153362
11699,1731.992272153362
11700,1731.992272153362
11701,1731.992272153362
11702,1731.992272153362
11703,1731.992272153362
11704,1731.992272153362
11705,1731.992272153362
11706,1731.992272153362
11707,1731.992272153362
11708,1731.992272153362
11709,1731.992272153362
11710,1731.992272153362
11711,1731.992272153362
11712,1731.992272153362
11713,1731.992272153362
11714,1731.992272153362
11715,1731.992272153362
11716,1731.992272153362
11717,1731.992272153362
11718,1731.992272153362
11719,1731.992272153362
11720,1731.992272153362
11721,1731.992272153362
11722,1731.992272153362
11723,1731.992272153362
11724,1731.992272153362
11725,1731.992272153362
11726,1731.992272153362
11727,1731.992272153362
11728,1731.992272153362
11729,1731.992272153362
11730,1731.992272153362
11731,1731.992272153362
11732,1731.992272153362
11733,1731.992272153362
11734,1731.992272153362
11735,1731.992272153362
11736,1731.992272153362
11737,1731.992272153362
11738,1731.992272153362
11739,1731.992272153362
11740,1731.992272153362
11741,1731.992272153362
11742,1731.992272153362
11743,1731.992272153362
11744,1731.992272153362
11745,1731.992272153362
11746,1731.992272153362
11747,1731.992272153362
11748,1731.992272153362
11749,1731.992272153362
11750,1731.992272153362
11751,1731.992272153362
11752,1731.992272153362
11753,1731.992272153362
11754,1731.992272153362
11755,1731.992272153362
11756,1731.992272153362
11757,1731.992272153362
11758,1731.992272153362
11759,1731.992272153362
11760,1731.992272153362
11761,1731.992272153362
11762,1731.992272153362
11763,1731.992272153362
11764,1731.992272153362
11765,1731.992272153362
11766,1731.992272153362
11767,1731.992272153362
11768,1731.992272153362
11769,1731.992272153362
11770,1731.992272153362
11771,1731.992272153362
11772,1731.992272153362
11773,1731.992272153362
11774,1731.992272153362
11775,1731.992272153362
11776,1731.992272153362
11777,1731.992272153362
11778,1731.992272153362
11779,1731.992272153362
11780,1731.992272153362
11781,1731.992272153362
11782,1731.992272153362
11783,1731.992272153362
11784,1731.992272153362
11785,1731.992272153362
11786,1731.992272153362
11787,1731.992272153362
11788,1731.992272153362
11789,1731.992272153362
11790,1731.992272153362
11791,1731.992272153362
11792,1731.992272153362
11793,1731.992272153362
11794,1731.992272153362
11795,1731.992272153362
11796,1731.992272153362
11797,1731.992272153362
11798,1731.992272153362
11799,1731.992272153362
11800,1731.992272153362
11801,1731.992272153362
11802,1731.992272153362
11803,1731.992272153362
11804,1731.992272153362
11805,1731.992272153362
11806,1731.992272153362
11807,1731.992272153362
11808,1731.992272153362
11809,1731.992272153362
11810,1731.992272153362
11811,1731.992272153362
11812,1731.992272153362
11813,1731.992272153362
11814,1731.992272153362
11815,1731.992272153362
11816,1731.992272153362
11817,1731.992272153362
11818,1731.992272153362
11819,1731.992272153362
11820,1731.992272153362
11821,1731.992272153362
11822,1731.992272153362
11823,1731.992272153362
11824,1731.992272153362
11825,1731.992272153362
11826,1731.992272153362
11827,1731.992272153362
11828,1731.992272153362
11829,1731.992272153362
11830,1731.992272153362
11831,1731.992272153362
11832,1731.992272153362
11833,1731.992272153362
11834,1731.992272153362
11835,1731.992272153362
11836,1731.992272153362
11837,1731.992272153362
11838,1731.992272153362
11839,1731.992272153362
11840,1731.992272153362
11841,1731.992272153362
11842,1731.992272153362
11843,1731.992272153362
11844,1731.992272153362
11845,1731.992272153362
11846,1731.992272153362
11847,1731.992272153362
11848,1731.992272153362
11849,1731.992272153362
11850,1731.992272153362
11851,1731.992272153362
11852,1731.992272153362
11853,1731.992272153362
11854,1731.992272153362
11855,1731.992272153362
11856,1731.992272153362
11857,1731.992272153362
11858,1731.992272153362
11859,1731.992272153362
11860,1731.992272153362
11861,1731.992272153362
11862,1731.992272153362
11863,1731.992272153362
11864,1731.992272153362
11865,1731.992272153362
11866,1731.992272153362
11867,1731.992272153362
11868,1731.992272153362
11869,1731.992272153362
11870,1731.992272153362
11871,1731.992272153362
11872,1731.992272153362
11873,1731.992272153362
11874,1731.992272153362
11875,1731.992272153362
11876,1731.992272153362
11877,1731.992272153362
11878,1731.992272153362
11879,1731.992272153362
11880,1731.992272153362
11881,1731.992272153362
11882,1731.992272153362
11883,1731.992272153362
11884,1731.992272153362
11885,1731.992272153362
11886,1731.992272153362
11887,1731.992272153362
11888,1731.992272153362
11889,1731.992272153362
11890,1731.992272153362
11891,1731.992272153362
11892,1731.992272153362
11893,1731.992272153362
11894,1731.992272153362
11895,1731.992272153362
11896,1731.992272153362
11897,1731.992272153362
11898,1731.992272153362
11899,1731.992272153362
11900,1731.992272153362
11901,1731.992272153362
11902,1731.992272153362
11903,1731.992272153362
11904,1731.992272153362
11905,1731.992272153362
11906,1731.992272153362
11907,1731.992272153362
11908,1731.992272153362
11909,1731.992272153362
11910,1731.992272153362
11911,1731.992272153362
11912,1731.992272153362
11913,1731.992272153362
11914,1731.992272153362
11915,1731.992272153362
11916,1731.992272153362
11917,1731.992272153362
11918,1731.992272153362
11919,1731.992272153362
11920,1731.992272153362
11921,1731.992272153362
11922,1731.992272153362
11923,1731.992272153362
11924,1731.992272153362
11925,1731.992272153362
11926,1731.992272153362
11927,1731.992272153362
11928,1731.992272153362
11929,1731.992272153362
11930,1731.992272153362
11931,1731.992272153362
11932,1731.992272153362
11933,1731.992272153362
11934,1731.992272153362
11935,1731.992272153362
11936,1731.992272153362
11937,1731.992272153362
11938,1731.992272153362
11939,1731.992272153362
11940,1731.992272153362
11941,1731.992272153362
11942,1731.992272153362
11943,1731.992272153362
11944,1731.992272153362
11945,1731.992272153362
11946,1731.992272153362
11947,1731.992272153362
11948,1731.992272153362
11949,1731.992272153362
11950,1731.992272153362
11951,1731.992272153362
11952,1731.992272153362
11953,1731.992272153362
11954,1731.992272153362
11955,1731.992272153362
11956,1731.992272153362
11957,1731.992272153362
11958,1731.992272153362
11959,1731.992272153362
11960,1731.992272153362
11961,1731.992272153362
11962,1731.992272153362
11963,1731.992272153362
11964,1731.992272153362
11965,1731.992272153362
11966,1731.992272153362
11967,1731.992272153362
11968,1731.992272153362
11969,1731.992272153362
11970,1731.992272153362
11971,1731.992272153362
11972,1731.992272153362
11973,1731.992272153362
11974,1731.992272153362
11975,1731.992272153362
11976,1731.992272153362
11977,1731.992272153362
11978,1731.992272153362
11979,1731.992272153362
11980,1731.992272153362
11981,1731.992272153362
11982,1731.992272153362
11983,1731.992272153362
11984,1731.992272153362
11985,1731.992272153362
11986,1731.992272153362
11987,1731.992272153362
11988,1731.992272153362
11989,1731.992272153362
11990,1731.992272153362
11991,1731.992272153362
11992,1731.992272153362
11993,1731.992272153362
11994,1731.992272153362
11995,1731.992272153362
11996,1731.992272153362
11997,1731.992272153362
11998,1731.992272153362
11999,1731.992272153362
12000,1731.992272153362
12001,1731.992272153362
12002,1731.992272153362
12003,1731.992272153362
12004,1731.992272153362
12005,1731.992272153362
12006,1731.992272153362
12007,1731.992272153362
12008,1731.992272153362
12009,1731.992272153362
12010,1731.992272153362
12011,1731.992272153362
12012,1731.992272153362
12013,1731.992272153362
12014,1731.992272153362
12015,1731.992272153362
12016,1731.992272153362
12017,1731.992272153362
12018,1731.992272153362
12019,1731.992272153362
12020,1731.992272153362
12021,1731.992272153362
12022,1731.992272153362
12023,1731.992272153362
12024,1731.992272153362
12025,1731.992272153362
12026,1731.992272153362
12027,1731.992272153362
12028,1731.992272153362
12029,1731.992272153362
12030,1731.992272153362
12031,1731.992272153362
12032,1731.992272153362
12033,1731.992272153362
12034,1731.992272153362
12035,1731.992272153362
12036,1731.992272153362
12037,1731.992272153362
12038,1731.992272153362
12039,1731.992272153362
12040,1731.992272153362
12041,1731.992272153362
12042,1731.992272153362
12043,1731.992272153362
12044,1731.992272153362
12045,1731.992272153362
12046,1731.992272153362
12047,1731.992272153362
12048,1731.992272153362
12049,1731.992272153362
12050,1731.992272153362
12051,1731.992272153362
12052,1731.992272153362
12053,1731.992272153362
12054,1731.992272153362
12055,1731.992272153362
12056,1731.992272153362
12057,1731.992272153362
12058,1731.992272153362
12059,1731.992272153362
12060,1731.992272153362
12061,1731.992272153362
12062,1731.992272153362
12063,1731.992272153362
12064,1731.992272153362
12065,1731.992272153362
12066,1731.992272153362
12067,1731.992272153362
12068,1731.992272153362
12069,1731.992272153362
12070,1731.992272153362
12071,1731.992272153362
12072,1731.992272153362
12073,1731.992272153362
12074,1731.992272153362
12075,1731.992272153362
12076,1731.992272153362
12077,1731.992272153362
12078,1731.992272153362
12079,1731.992272153362
12080,1731.992272153362
12081,1731.992272153362
12082,1731.992272153362
12083,1731.992272153362
12084,1731.992272153362
12085,1731.992272153362
12086,1731.992272153362
12087,1731.992272153362
12088,1731.992272153362
12089,1731.992272153362
12090,1731.992272153362
12091,1731.992272153362
12092,1731.992272153362
12093,1731.992272153362
12094,1731.992272153362
12095,1731.992272153362
12096,1731.992272153362
12097,1731.992272153362
12098,1731.992272153362
12099,1731.992272153362
12100,1731.992272153362
12101,1731.992272153362
12102,1731.992272153362
12103,1731.992272153362
12104,1731.992272153362
12105,1731.992272153362
12106,1731.992272153362
12107,1731.992272153362
12108,1731.992272153362
12109,1731.992272153362
12110,1731.992272153362
12111,1731.992272153362
12112,1731.992272153362
12113,1731.992272153362
12114,1731.992272153362
12115,1731.992272153362
12116,1731.992272153362
12117,1731.992272153362
12118,1731.992272153362
12119,1731.992272153362
12120,1731.992272153362
12121,1731.992272153362
12122,1731.992272153362
12123,1731.992272153362
12124,1731.992272153362
12125,1731.992272153362
12126,1731.992272153362
12127,1731.992272153362
12128,1731.992272153362
12129,1731.992272153362
12130,1731.992272153362
12131,1731.992272153362
12132,1731.992272153362
12133,1731.992272153362
12134,1731.992272153362
12135,1731.992272153362
12136,1731.992272153362
12137,1731.992272153362
12138,1731.992272153362
12139,1731.992272153362
12140,1731.992272153362
12141,1731.992272153362
12142,1731.992272153362
12143,1731.992272153362
12144,1731.992272153362
12145,1731.992272153362
12146,1731.992272153362
12147,1731.992272153362
12148,1731.992272153362
12149,1731.992272153362
12150,1731.992272153362
12151,1731.992272153362
12152,1731.992272153362
12153,1731.992272153362
12154,1731.992272153362
12155,1731.992272153362
12156,1731.992272153362
12157,1731.992272153362
12158,1731.992272153362
12159,1731.992272153362
12160,1731.992272153362
12161,1731.992272153362
12162,1731.992272153362
12163,1731.992272153362
12164,1731.992272153362
12165,1731.992272153362
12166,1731.992272153362
12167,1731.992272153362
12168,1731.992272153362
12169,1731.992272153362
12170,1731.992272153362
12171,1731.992272153362
12172,1731.992272153362
12173,1731.992272153362
12174,1731.992272153362
12175,1731.992272153362
12176,1731.992272153362
12177,1731.992272153362
12178,1731.992272153362
12179,1731.992272153362
12180,1731.992272153362
12181,1731.992272153362
12182,1731.992272153362
12183,1731.992272153362
12184,1731.992272153362
12185,1731.992272153362
12186,1731.992272153362
12187,1731.992272153362
12188,1731.992272153362
12189,1731.992272153362
12190,1731.992272153362
12191,1731.992272153362
12192,1731.992272153362
12193,1731.992272153362
12194,1731.992272153362
12195,1731.992272153362
12196,1731.992272153362
12197,1731.992272153362
12198,1731.992272153362
12199,1731.992272153362
12200,1731.992272153362
12201,1731.992272153362
12202,1731.992272153362
12203,1731.992272153362
12204,1731.992272153362
12205,1731.992272153362
12206,1731.992272153362
12207,1731.992272153362
12208,1731.992272153362
12209,1731.992272153362
12210,1731.992272153362
12211,1731.992272153362
12212,1731.992272153362
12213,1731.992272153362
12214,1731.992272153362
12215,1731.992272153362
12216,1731.992272153362
12217,1731.992272153362
12218,1731.992272153362
12219,1731.992272153362
12220,1731.992272153362
12221,1731.992272153362
12222,1731.992272153362
12223,1731.992272153362
12224,1731.992272153362
12225,1731.992272153362
12226,1731.992272153362
12227,1731.992272153362
12228,1731.992272153362
12229,1731.992272153362
12230,1731.992272153362
12231,1731.992272153362
12232,1731.992272153362
12233,1731.992272153362
12234,1731.992272153362
12235,1731.992272153362
12236,1731.992272153362
12237,1731.992272153362
12238,1731.992272153362
12239,1731.992272153362
12240,1731.992272153362
12241,1731.992272153362
12242,1731.992272153362
12243,1731.992272153362
12244,1731.992272153362
12245,1731.992272153362
12246,1731.992272153362
12247,1731.992272153362
12248,1731.992272153362
12249,1731.992272153362
12250,1731.992272153362
12251,1731.992272153362
12252,1731.992272153362
12253,1731.992272153362
12254,1731.992272153362
12255,1731.992272153362
12256,1731.992272153362
12257,1731.992272153362
12258,1731.992272153362
12259,1731.992272153362
12260,1731.992272153362
12261,1731.992272153362
12262,1731.992272153362
12263,1731.992272153362
12264,1731.992272153362
12265,1731.992272153362
12266,1731.992272153362
12267,1731.992272153362
12268,1731.992272153362
12269,1731.992272153362
12270,1731.992272153362
12271,1731.992272153362
12272,1731.992272153362
12273,1731.992272153362
12274,1731.992272153362
12275,1731.992272153362
12276,1731.992272153362
12277,1731.992272153362
12278,1731.992272153362
12279,1731.992272153362
12280,1731.992272153362
12281,1731.992272153362
12282,1731.992272153362
12283,1731.992272153362
12284,1731.992272153362
12285,1731.992272153362
12286,1731.992272153362
12287,1731.992272153362
12288,1731.992272153362
12289,1731.992272153362
12290,1731.992272153362
12291,1731.992272153362
12292,1731.992272153362
12293,1731.992272153362
12294,1731.992272153362
12295,1731.992272153362
12296,1731.992272153362
12297,1731.992272153362
12298,1731.992272153362
12299,1731.992272153362
12300,1731.992272153362
12301,1731.992272153362
12302,1731.992272153362
12303,1731.992272153362
12304,1731.992272153362
12305,1731.992272153362
12306,1731.992272153362
12307,1731.992272153362
12308,1731.992272153362
12309,1731.992272153362
12310,1731.992272153362
12311,1731.992272153362
12312,1731.992272153362
12313,1731.992272153362
12314,1731.992272153362
12315,1731.992272153362
12316,1731.992272153362
12317,1731.992272153362
12318,1731.992272153362
12319,1731.992272153362
12320,1731.992272153362
12321,1731.992272153362
12322,1731.992272153362
12323,1731.992272153362
12324,1731.992272153362
12325,1731.992272153362
12326,1731.992272153362
12327,1731.992272153362
12328,1731.992272153362
12329,1731.992272153362
12330,1731.992272153362
12331,1731.992272153362
12332,1731.992272153362
12333,1731.992272153362
12334,1731.992272153362
12335,1731.992272153362
12336,1731.992272153362
12337,1731.992272153362
12338,1731.992272153362
12339,1731.992272153362
12340,1731.992272153362
12341,1731.992272153362
12342,1731.992272153362
12343,1731.992272153362
12344,1731.992272153362
12345,1731.992272153362
12346,1731.992272153362
12347,1731.992272153362
12348,1731.992272153362
12349,1731.992272153362
12350,1731.992272153362
12351,1731.992272153362
12352,1731.992272153362
12353,1731.992272153362
12354,1731.992272153362
12355,1731.992272153362
12356,1731.992272153362
12357,1731.992272153362
12358,1731.992272153362
12359,1731.992272153362
12360,1731.992272153362
12361,1731.992272153362
12362,1731.992272153362
12363,1731.992272153362
12364,1731.992272153362
12365,1731.992272153362
12366,1731.992272153362
12367,1731.992272153362
12368,1731.992272153362
12369,1731.992272153362
12370,1731.992272153362
12371,1731.992272153362
12372,1731.992272153362
12373,1731.992272153362
12374,1731.992272153362
12375,1731.992272153362
12376,1731.992272153362
12377,1731.992272153362
12378,1731.992272153362
12379,1731.992272153362
12380,1731.992272153362
12381,1731.992272153362
12382,1731.992272153362
12383,1731.992272153362
12384,1731.992272153362
12385,1731.992272153362
12386,1731.992272153362
12387,1731.992272153362
12388,1731.992272153362
12389,1731.992272153362
12390,1731.992272153362
12391,1731.992272153362
12392,1731.992272153362
12393,1731.992272153362
12394,1731.992272153362
12395,1731.992272153362
12396,1731.992272153362
12397,1731.992272153362
12398,1731.992272153362
12399,1731.992272153362
12400,1731.992272153362
12401,1731.992272153362
12402,1731.992272153362
12403,1731.992272153362
12404,1731.992272153362
12405,1731.992272153362
12406,1731.992272153362
12407,1731.992272153362
12408,1731.992272153362
12409,1731.992272153362
12410,1731.992272153362
12411,1731.992272153362
12412,1731.992272153362
12413,1731.992272153362
12414,1731.992272153362
12415,1731.992272153362
12416,1731.992272153362
12417,1731.992272153362
12418,1731.992272153362
12419,1731.992272153362
12420,1731.992272153362
12421,1731.992272153362
12422,1731.992272153362
12423,1731.992272153362
12424,1731.992272153362
12425,1731.992272153362
12426,1731.992272153362
12427,1731.992272153362
12428,1731.992272153362
12429,1731.992272153362
12430,1731.992272153362
12431,1731.992272153362
12432,1731.992272153362
12433,1731.992272153362
12434,1731.992272153362
12435,1731.992272153362
12436,1731.992272153362
12437,1731.992272153362
12438,1731.992272153362
12439,1731.992272153362
12440,1731.992272153362
12441,1731.992272153362
12442,1731.992272153362
12443,1731.992272153362
12444,1731.992272153362
12445,1731.992272153362
12446,1731.992272153362
12447,1731.992272153362
12448,1731.992272153362
12449,1731.992272153362
12450,1731.992272153362
12451,1731.992272153362
12452,1731.992272153362
12453,1731.992272153362
12454,1731.992272153362
12455,1731.992272153362
12456,1731.992272153362
12457,1731.992272153362
12458,1731.992272153362
12459,1731.992272153362
12460,1731.992272153362
12461,1731.992272153362
12462,1731.992272153362
12463,1731.992272153362
12464,1731.992272153362
12465,1731.992272153362
12466,1731.992272153362
12467,1731.992272153362
12468,1731.992272153362
12469,1731.992272153362
12470,1731.992272153362
12471,1731.992272153362
12472,1731.992272153362
12473,1731.992272153362
12474,1731.992272153362
12475,1731.992272153362
12476,1731.992272153362
12477,1731.992272153362
12478,1731.992272153362
12479,1731.992272153362
12480,1731.992272153362
12481,1731.992272153362
12482,1731.992272153362
12483,1731.992272153362
12484,1731.992272153362
12485,1731.992272153362
12486,1731.992272153362
12487,1731.992272153362
12488,1731.992272153362
12489,1731.992272153362
12490,1731.992272153362
12491,1731.992272153362
12492,1731.992272153362
12493,1731.992272153362
12494,1731.992272153362
12495,1731.992272153362
12496,1731.992272153362
12497,1731.992272153362
12498,1731.992272153362
12499,1731.992272153362
12500,1731.992272153362
12501,1731.992272153362
12502,1731.992272153362
12503,1731.992272153362
12504,1731.992272153362
12505,1731.992272153362
12506,1731.992272153362
12507,1731.992272153362
12508,1731.992272153362
12509,1731.992272153362
12510,1731.992272153362
12511,1731.992272153362
12512,1731.992272153362
12513,1731.992272153362
12514,1731.992272153362
12515,1731.992272153362
12516,1731.992272153362
12517,1731.992272153362
12518,1731.992272153362
12519,1731.992272153362
12520,1731.992272153362
12521,1731.992272153362
12522,1731.992272153362
12523,1731.992272153362
12524,1731.992272153362
12525,1731.992272153362
12526,1731.992272153362
12527,1731.992272153362
12528,1731.992272153362
12529,1731.992272153362
12530,1731.992272153362
12531,1731.992272153362
12532,1731.992272153362
12533,1731.992272153362
12534,1731.992272153362
12535,1731.992272153362
12536,1731.992272153362
12537,1731.992272153362
12538,1731.992272153362
12539,1731.992272153362
12540,1731.992272153362
12541,1731.992272153362
12542,1731.992272153362
12543,1731.992272153362
12544,1731.992272153362
12545,1731.992272153362
12546,1731.992272153362
12547,1731.992272153362
12548,1731.992272153362
12549,1731.992272153362
12550,1731.992272153362
12551,1731.992272153362
12552,1731.992272153362
12553,1731.992272153362
12554,1731.992272153362
12555,1731.992272153362
12556,1731.992272153362
12557,1731.992272153362
12558,1731.992272153362
12559,1731.992272153362
12560,1731.992272153362
12561,1731.992272153362
12562,1731.992272153362
12563,1731.992272153362
12564,1731.992272153362
12565,1731.992272153362
12566,1731.992272153362
12567,1731.992272153362
12568,1731.992272153362
12569,1731.992272153362
12570,1731.992272153362
12571,1731.992272153362
12572,1731.992272153362
12573,1731.992272153362
12574,1731.992272153362
12575,1731.992272153362
12576,1731.992272153362
12577,1731.992272153362
12578,1731.992272153362
12579,1731.992272153362
12580,1731.992272153362
12581,1731.992272153362
12582,1731.992272153362
12583,1731.992272153362
12584,1731.992272153362
12585,1731.992272153362
12586,1731.992272153362
12587,1731.992272153362
12588,1731.992272153362
12589,1731.992272153362
12590,1731.992272153362
12591,1731.992272153362
12592,1731.992272153362
12593,1731.992272153362
12594,1731.992272153362
12595,1731.992272153362
12596,1731.992272153362
12597,1731.992272153362
12598,1731.992272153362
12599,1731.992272153362
12600,1731.992272153362
12601,1731.992272153362
12602,1731.992272153362
12603,1731.992272153362
12604,1731.992272153362
12605,1731.992272153362
12606,1731.992272153362
12607,1731.992272153362
12608,1731.992272153362
12609,1731.992272153362
12610,1731.992272153362
12611,1731.992272153362
12612,1731.992272153362
12613,1731.992272153362
12614,1731.992272153362
12615,1731.992272153362
12616,1731.992272153362
12617,1731.992272153362
12618,1731.992272153362
12619,1731.992272153362
12620,1731.992272153362
12621,1731.992272153362
12622,1731.992272153362
12623,1731.992272153362
12624,1731.992272153362
12625,1731.992272153362
12626,1731.992272153362
12627,1731.992272153362
12628,1731.992272153362
12629,1731.992272153362
12630,1731.992272153362
12631,1731.992272153362
12632,1731.992272153362
12633,1731.992272153362
12634,1731.992272153362
12635,1731.992272153362
12636,1731.992272153362
12637,1731.992272153362
12638,1731.992272153362
12639,1731.992272153362
12640,1731.992272153362
12641,1731.992272153362
12642,1731.992272153362
12643,1731.992272153362
12644,1731.992272153362
12645,1731.992272153362
12646,1731.992272153362
12647,1731.992272153362
12648,1731.992272153362
12649,1731.992272153362
12650,1731.992272153362
12651,1731.992272153362
12652,1731.992272153362
12653,1731.992272153362
12654,1731.992272153362
12655,1731.992272153362
12656,1731.992272153362
12657,1731.992272153362
12658,1731.992272153362
12659,1731.992272153362
12660,1731.992272153362
12661,1731.992272153362
12662,1731.992272153362
12663,1731.992272153362
12664,1731.992272153362
12665,1731.992272153362
12666,1731.992272153362
12667,1731.992272153362
12668,1731.992272153362
12669,1731.992272153362
12670,1731.992272153362
12671,1731.992272153362
12672,1731.992272153362
12673,1731.992272153362
12674,1731.992272153362
12675,1731.992272153362
12676,1731.992272153362
12677,1731.992272153362
12678,1731.992272153362
12679,1731.992272153362
12680,1731.992272153362
12681,1731.992272153362
12682,1731.992272153362
12683,1731.992272153362
12684,1731.992272153362
12685,1731.992272153362
12686,1731.992272153362
12687,1731.992272153362
12688,1731.992272153362
12689,1731.992272153362
12690,1731.992272153362
12691,1731.992272153362
12692,1731.992272153362
12693,1731.992272153362
12694,1731.992272153362
12695,1731.992272153362
12696,1731.992272153362
12697,1731.992272153362
12698,1731.992272153362
12699,1731.992272153362
12700,1731.992272153362
12701,1731.992272153362
12702,1731.992272153362
12703,1731.992272153362
12704,1731.992272153362
12705,1731.992272153362
12706,1731.992272153362
12707,1731.992272153362
12708,1731.992272153362
12709,1731.992272153362
12710,1731.992272153362
12711,1731.992272153362
12712,1731.992272153362
12713,1731.992272153362
12714,1731.992272153362
12715,1731.992272153362
12716,1731.992272153362
12717,1731.992272153362
12718,1731.992272153362
12719,1731.992272153362
12720,1731.992272153362
12721,1731.992272153362
12722,1731.992272153362
12723,1731.992272153362
12724,1731.992272153362
12725,1731.992272153362
12726,1731.992272153362
12727,1731.992272153362
12728,1731.992272153362
12729,1731.992272153362
12730,1731.992272153362
12731,1731.992272153362
12732,1731.992272153362
12733,1731.992272153362
12734,1731.992272153362
12735,1731.992272153362
12736,1731.992272153362
12737,1731.992272153362
12738,1731.992272153362
12739,1731.992272153362
12740,1731.992272153362
12741,1731.992272153362
12742,1731.992272153362
12743,1731.992272153362
12744,1731.992272153362
12745,1731.992272153362
12746,1731.992272153362
12747,1731.992272153362
12748,1731.992272153362
12749,1731.992272153362
12750,1731.992272153362
12751,1731.992272153362
12752,1731.992272153362
12753,1731.992272153362
12754,1731.992272153362
12755,1731.992272153362
12756,1731.992272153362
12757,1731.992272153362
12758,1731.992272153362
12759,1731.992272153362
12760,1731.992272153362
12761,1731.992272153362
12762,1731.992272153362
12763,1731.992272153362
12764,1731.992272153362
12765,1731.992272153362
12766,1731.992272153362
12767,1731.992272153362
12768,1731.992272153362
12769,1731.992272153362
12770,1731.992272153362
12771,1731.992272153362
12772,1731.992272153362
12773,1731.992272153362
12774,1731.992272153362
12775,1731.992272153362
12776,1731.992272153362
12777,1731.992272153362
12778,1731.992272153362
12779,1731.992272153362
12780,1731.992272153362
12781,1731.992272153362
12782,1731.992272153362
12783,1731.992272153362
12784,1731.992272153362
12785,1731.992272153362
12786,1731.992272153362
12787,1731.992272153362
12788,1731.992272153362
12789,1731.992272153362
12790,1731.992272153362
12791,1731.992272153362
12792,1731.992272153362
12793,1731.992272153362
12794,1731.992272153362
12795,1731.992272153362
12796,1731.992272153362
12797,1731.992272153362
12798,1731.992272153362
12799,1731.992272153362
12800,1731.992272153362
12801,1731.992272153362
12802,1731.992272153362
12803,1731.992272153362
12804,1731.992272153362
12805,1731.992272153362
12806,1731.992272153362
12807,1731.992272153362
12808,1731.992272153362
12809,1731.992272153362
12810,1731.992272153362
12811,1731.992272153362
12812,1731.992272153362
12813,1731.992272153362
12814,1731.992272153362
12815,1731.992272153362
12816,1731.992272153362
12817,1731.992272153362
12818,1731.992272153362
12819,1731.992272153362
12820,1731.992272153362
12821,1731.992272153362
12822,1731.992272153362
12823,1731.992272153362
12824,1731.992272153362
12825,1731.992272153362
12826,1731.992272153362
12827,1731.992272153362
12828,1731.992272153362
12829,1731.992272153362
12830,1731.992272153362
12831,1731.992272153362
12832,1731.992272153362
12833,1731.992272153362
12834,1731.992272153362
12835,1731.992272153362
12836,1731.992272153362
12837,1731.992272153362
12838,1731.992272153362
12839,1731.992272153362
12840,1731.992272153362
12841,1731.992272153362
12842,1731.992272153362
12843,1731.992272153362
12844,1731.992272153362
12845,1731.992272153362
12846,1731.992272153362
12847,1731.992272153362
12848,1731.992272153362
12849,1731.992272153362
12850,1731.992272153362
12851,1731.992272153362
12852,1731.992272153362
12853,1731.992272153362
12854,1731.992272153362
12855,1731.992272153362
12856,1731.992272153362
12857,1731.992272153362
12858,1731.992272153362
12859,1731.992272153362
12860,1731.992272153362
12861,1731.992272153362
12862,1731.992272153362
12863,1731.992272153362
12864,1731.992272153362
12865,1731.992272153362
12866,1731.992272153362
12867,1731.992272153362
12868,1731.992272153362
12869,1731.992272153362
12870,1731.992272153362
12871,1731.992272153362
12872,1731.992272153362
12873,1731.992272153362
12874,1731.992272153362
12875,1731.992272153362
12876,1731.992272153362
12877,1731.992272153362
12878,1731.992272153362
12879,1731.992272153362
12880,1731.992272153362
12881,1731.992272153362
12882,1731.992272153362
12883,1731.992272153362
12884,1731.992272153362
12885,1731.992272153362
12886,1731.992272153362
12887,1731.992272153362
12888,1731.992272153362
12889,1731.992272153362
12890,1731.992272153362
12891,1731.992272153362
12892,1731.992272153362
12893,1731.992272153362
12894,1731.992272153362
12895,1731.992272153362
12896,1731.992272153362
12897,1731.992272153362
12898,1731.992272153362
12899,1731.992272153362
12900,1731.992272153362
12901,1731.992272153362
12902,1731.992272153362
12903,1731.992272153362
12904,1731.992272153362
12905,1731.992272153362
12906,1731.992272153362
12907,1731.992272153362
12908,1731.992272153362
12909,1731.992272153362
12910,1731.992272153362
12911,1731.992272153362
12912,1731.992272153362
12913,1731.992272153362
12914,1731.992272153362
12915,1731.992272153362
12916,1731.992272153362
12917,1731.992272153362
12918,1731.992272153362
12919,1731.992272153362
12920,1731.992272153362
12921,1731.992272153362
12922,1731.992272153362
12923,1731.992272153362
12924,1731.992272153362
12925,1731.992272153362
12926,1731.992272153362
12927,1731.992272153362
12928,1731.992272153362
12929,1731.992272153362
12930,1731.992272153362
12931,1731.992272153362
12932,1731.992272153362
12933,1731.992272153362
12934,1731.992272153362
12935,1731.992272153362
12936,1731.992272153362
12937,1731.992272153362
12938,1731.992272153362
12939,1731.992272153362
12940,1731.992272153362
12941,1731.992272153362
12942,1731.992272153362
12943,1731.992272153362
12944,1731.992272153362
12945,1731.992272153362
12946,1731.992272153362
12947,1731.992272153362
12948,1731.992272153362
12949,1731.992272153362
12950,1731.992272153362
12951,1731.992272153362
12952,1731.992272153362
12953,1731.992272153362
12954,1731.992272153362
12955,1731.992272153362
12956,1731.992272153362
12957,1731.992272153362
12958,1731.992272153362
12959,1731.992272153362
12960,1731.992272153362
12961,1731.992272153362
12962,1731.992272153362
12963,1731.992272153362
12964,1731.992272153362
12965,1731.992272153362
12966,1731.992272153362
12967,1731.992272153362
12968,1731.992272153362
12969,1731.992272153362
12970,1731.992272153362
12971,1731.992272153362
12972,1731.992272153362
12973,1731.992272153362
12974,1731.992272153362
12975,1731.992272153362
12976,1731.992272153362
12977,1731.992272153362
12978,1731.992272153362
12979,1731.992272153362
12980,1731.992272153362
12981,1731.992272153362
12982,1731.992272153362
12983,1731.992272153362
12984,1731.992272153362
12985,1731.992272153362
12986,1731.992272153362
12987,1731.992272153362
12988,1731.992272153362
12989,1731.992272153362
12990,1731.992272153362
12991,1731.992272153362
12992,1731.992272153362
12993,1731.992272153362
12994,1731.992272153362
12995,1731.992272153362
12996,1731.992272153362
12997,1731.992272153362
12998,1731.992272153362
12999,1731.992272153362
13000,1731.992272153362
13001,1731.992272153362
13002,1731.992272153362
13003,1731.992272153362
13004,1731.992272153362
13005,1731.992272153362
13006,1731.992272153362
13007,1731.992272153362
13008,1731.992272153362
13009,1731.992272153362
13010,1731.992272153362
13011,1731.992272153362
13012,1731.992272153362
13013,1731.992272153362
13014,1731.992272153362
13015,1731.992272153362
13016,1731.992272153362
13017,1731.992272153362
13018,1731.992272153362
13019,1731.992272153362
13020,1731.992272153362
13021,1731.992272153362
13022,1731.992272153362
13023,1731.992272153362
13024,1731.992272153362
13025,1731.992272153362
13026,1731.992272153362
13027,1731.992272153362
13028,1731.992272153362
13029,1731.992272153362
13030,1731.992272153362
13031,1731.992272153362
13032,1731.992272153362
13033,1731.992272153362
13034,1731.992272153362
13035,1731.992272153362
13036,1731.992272153362
13037,1731.992272153362
13038,1731.992272153362
13039,1731.992272153362
13040,1731.992272153362
13041,1731.992272153362
13042,1731.992272153362
13043,1731.992272153362
13044,1731.992272153362
13045,1731.992272153362
13046,1731.992272153362
13047,1731.992272153362
13048,1731.992272153362
13049,1731.992272153362
13050,1731.992272153362
13051,1731.992272153362
13052,1731.992272153362
13053,1731.992272153362
13054,1731.992272153362
13055,1731.992272153362
13056,1731.992272153362
13057,1731.992272153362
13058,1731.992272153362
13059,1731.992272153362
13060,1731.992272153362
13061,1731.992272153362
13062,1731.992272153362
13063,1731.992272153362
13064,1731.992272153362
13065,1731.992272153362
13066,1731.992272153362
13067,1731.992272153362
13068,1731.992272153362
13069,1731.992272153362
13070,1731.992272153362
13071,1731.992272153362
13072,1731.992272153362
13073,1731.992272153362
13074,1731.992272153362
13075,1731.992272153362
13076,1731.992272153362
13077,1731.992272153362
13078,1731.992272153362
13079,1731.992272153362
13080,1731.992272153362
13081,1731.992272153362
13082,1731.992272153362
13083,1731.992272153362
13084,1731.992272153362
13085,1731.992272153362
13086,1731.992272153362
13087,1731.992272153362
13088,1731.992272153362
13089,1731.992272153362
13090,1731.992272153362
13091,1731.992272153362
13092,1731.992272153362
13093,1731.992272153362
13094,1731.992272153362
13095,1731.992272153362
13096,1731.992272153362
13097,1731.992272153362
13098,1731.992272153362
13099,1731.992272153362
13100,1731.992272153362
13101,1731.992272153362
13102,1731.992272153362
13103,1731.992272153362
13104,1731.992272153362
13105,1731.992272153362
13106,1731.992272153362
13107,1731.992272153362
13108,1731.992272153362
13109,1731.992272153362
13110,1731.992272153362
13111,1731.992272153362
13112,1731.992272153362
13113,1731.992272153362
13114,1731.992272153362
13115,1731.992272153362
13116,1731.992272153362
13117,1731.992272153362
13118,1731.992272153362
13119,1731.992272153362
13120,1731.992272153362
13121,1731.992272153362
13122,1731.992272153362
13123,1731.992272153362
13124,1731.992272153362
13125,1731.992272153362
13126,1731.992272153362
13127,1731.992272153362
13128,1731.992272153362
13129,1731.992272153362
13130,1731.992272153362
13131,1731.992272153362
13132,1731.992272153362
13133,1731.992272153362
13134,1731.992272153362
13135,1731.992272153362
13136,1731.992272153362
13137,1731.992272153362
13138,1731.992272153362
13139,1731.992272153362
13140,1731.992272153362
13141,1731.992272153362
13142,1731.992272153362
13143,1731.992272153362
13144,1731.992272153362
13145,1731.992272153362
13146,1731.992272153362
13147,1731.992272153362
13148,1731.992272153362
13149,1731.992272153362
13150,1731.992272153362
13151,1731.992272153362
13152,1731.992272153362
13153,1731.992272153362
13154,1731.992272153362
13155,1731.992272153362
13156,1731.992272153362
13157,1731.992272153362
13158,1731.992272153362
13159,1731.992272153362
13160,1731.992272153362
13161,1731.992272153362
13162,1731.992272153362
13163,1731.992272153362
13164,1731.992272153362
13165,1731.992272153362
13166,1731.992272153362
13167,1731.992272153362
13168,1731.992272153362
13169,1731.992272153362
13170,1731.992272153362
13171,1731.992272153362
13172,1731.992272153362
13173,1731.992272153362
13174,1731.992272153362
13175,1731.992272153362
13176,1731.992272153362
13177,1731.992272153362
13178,1731.992272153362
13179,1731.992272153362
13180,1731.992272153362
13181,1731.992272153362
13182,1731.992272153362
13183,1731.992272153362
13184,1731.992272153362
13185,1731.992272153362
13186,1731.992272153362
13187,1731.992272153362
13188,1731.992272153362
13189,1731.992272153362
13190,1731.992272153362
13191,1731.992272153362
13192,1731.992272153362
13193,1731.992272153362
13194,1731.992272153362
13195,1731.992272153362
13196,1731.992272153362
13197,1731.992272153362
13198,1731.992272153362
13199,1731.992272153362
13200,1731.992272153362
13201,1731.992272153362
13202,1731.992272153362
13203,1731.992272153362
13204,1731.992272153362
13205,1731.992272153362
13206,1731.992272153362
13207,1731.992272153362
13208,1731.992272153362
13209,1731.992272153362
13210,1731.992272153362
13211,1731.992272153362
13212,1731.992272153362
13213,1731.992272153362
13214,1731.992272153362
13215,1731.992272153362
13216,1731.992272153362
13217,1731.992272153362
13218,1731.992272153362
13219,1731.992272153362
13220,1731.992272153362
13221,1731.992272153362
13222,1731.992272153362
13223,1731.992272153362
13224,1731.992272153362
13225,1731.992272153362
13226,1731.992272153362
13227,1731.992272153362
13228,1731.992272153362
13229,1731.992272153362
13230,1731.992272153362
13231,1731.992272153362
13232,1731.992272153362
13233,1731.992272153362
13234,1731.992272153362
13235,1731.992272153362
13236,1731.992272153362
13237,1731.992272153362
13238,1731.992272153362
13239,1731.992272153362
13240,1731.992272153362
13241,1731.992272153362
13242,1731.992272153362
13243,1731.992272153362
13244,1731.992272153362
13245,1731.992272153362
13246,1731.992272153362
13247,1731.992272153362
13248,1731.992272153362
13249,1731.992272153362
13250,1731.992272153362
13251,1731.992272153362
13252,1731.992272153362
13253,1731.992272153362
13254,1731.992272153362
13255,1731.992272153362
13256,1731.992272153362
13257,1731.992272153362
13258,1731.992272153362
13259,1731.992272153362
13260,1731.992272153362
13261,1731.992272153362
13262,1731.992272153362
13263,1731.992272153362
13264,1731.992272153362
13265,1731.992272153362
13266,1731.992272153362
13267,1731.992272153362
13268,1731.992272153362
13269,1731.992272153362
13270,1731.992272153362
13271,1731.992272153362
13272,1731.992272153362
13273,1731.992272153362
13274,1731.992272153362
13275,1731.992272153362
13276,1731.992272153362
13277,1731.992272153362
13278,1731.992272153362
13279,1731.992272153362
13280,1731.992272153362
13281,1731.992272153362
13282,1731.992272153362
13283,1731.992272153362
13284,1731.992272153362
13285,1731.992272153362
13286,1731.992272153362
13287,1731.992272153362
13288,1731.992272153362
13289,1731.992272153362
13290,1731.992272153362
13291,1731.992272153362
13292,1731.992272153362
13293,1731.992272153362
13294,1731.992272153362
13295,1731.992272153362
13296,1731.992272153362
13297,1731.992272153362
13298,1731.992272153362
13299,1731.992272153362
13300,1731.992272153362
13301,1731.992272153362
13302,1731.992272153362
13303,1731.992272153362
13304,1731.992272153362
13305,1731.992272153362
13306,1731.992272153362
13307,1731.992272153362
13308,1731.992272153362
13309,1731.992272153362
13310,1731.992272153362
13311,1731.992272153362
13312,1731.992272153362
13313,1731.992272153362
13314,1731.992272153362
13315,1731.992272153362
13316,1731.992272153362
13317,1731.992272153362
13318,1731.992272153362
13319,1731.992272153362
13320,1731.992272153362
13321,1731.992272153362
13322,1731.992272153362
13323,1731.992272153362
13324,1731.992272153362
13325,1731.992272153362
13326,1731.992272153362
13327,1731.992272153362
13328,1731.992272153362
13329,1731.992272153362
13330,1731.992272153362
13331,1731.992272153362
13332,1731.992272153362
13333,1731.992272153362
13334,1731.992272153362
13335,1731.992272153362
13336,1731.992272153362
13337,1731.992272153362
13338,1731.992272153362
13339,1731.992272153362
13340,1731.992272153362
13341,1731.992272153362
13342,1731.992272153362
13343,1731.992272153362
13344,1731.992272153362
13345,1731.992272153362
13346,1731.992272153362
13347,1731.992272153362
13348,1731.992272153362
13349,1731.992272153362
13350,1731.992272153362
13351,1731.992272153362
13352,1731.992272153362
13353,1731.992272153362
13354,1731.992272153362
13355,1731.992272153362
13356,1731.992272153362
13357,1731.992272153362
13358,1731.992272153362
13359,1731.992272153362
13360,1731.992272153362
13361,1731.992272153362
13362,1731.992272153362
13363,1731.992272153362
13364,1731.992272153362
13365,1731.992272153362
13366,1731.992272153362
13367,1731.992272153362
13368,1731.992272153362
13369,1731.992272153362
13370,1731.992272153362
13371,1731.992272153362
13372,1731.992272153362
13373,1731.992272153362
13374,1731.992272153362
13375,1731.992272153362
13376,1731.992272153362
13377,1731.992272153362
13378,1731.992272153362
13379,1731.992272153362
13380,1731.992272153362
13381,1731.992272153362
13382,1731.992272153362
13383,1731.992272153362
13384,1731.992272153362
13385,1731.992272153362
13386,1731.992272153362
13387,1731.992272153362
13388,1731.992272153362
13389,1731.992272153362
13390,1731.992272153362
13391,1731.992272153362
13392,1731.992272153362
13393,1731.992272153362
13394,1731.992272153362
13395,1731.992272153362
13396,1731.992272153362
13397,1731.992272153362
13398,1731.992272153362
13399,1731.992272153362
13400,1731.992272153362
13401,1731.992272153362
13402,1731.992272153362
13403,1731.992272153362
13404,1731.992272153362
13405,1731.992272153362
13406,1731.992272153362
13407,1731.992272153362
13408,1731.992272153362
13409,1731.992272153362
13410,1731.992272153362
13411,1731.992272153362
13412,1731.992272153362
13413,1731.992272153362
13414,1731.992272153362
13415,1731.992272153362
13416,1731.992272153362
13417,1731.992272153362
13418,1731.992272153362
13419,1731.992272153362
13420,1731.992272153362
13421,1731.992272153362
13422,1731.992272153362
13423,1731.992272153362
13424,1731.992272153362
13425,1731.992272153362
13426,1731.992272153362
13427,1731.992272153362
13428,1731.992272153362
13429,1731.992272153362
13430,1731.992272153362
13431,1731.992272153362
13432,1731.992272153362
13433,1731.992272153362
13434,1731.992272153362
13435,1731.992272153362
13436,1731.992272153362
13437,1731.992272153362
13438,1731.992272153362
13439,1731.992272153362
13440,1731.992272153362
13441,1731.992272153362
13442,1731.992272153362
13443,1731.992272153362
13444,1731.992272153362
13445,1731.992272153362
13446,1731.992272153362
13447,1731.992272153362
13448,1731.992272153362
13449,1731.992272153362
13450,1731.992272153362
13451,1731.992272153362
13452,1731.992272153362
13453,1731.992272153362
13454,1731.992272153362
13455,1731.992272153362
13456,1731.992272153362
13457,1731.992272153362
13458,1731.992272153362
13459,1731.992272153362
13460,1731.992272153362
13461,1731.992272153362
13462,1731.992272153362
13463,1731.992272153362
13464,1731.992272153362
13465,1731.992272153362
13466,1731.992272153362
13467,1731.992272153362
13468,1731.992272153362
13469,1731.992272153362
13470,1731.992272153362
13471,1731.992272153362
13472,1731.992272153362
13473,1731.992272153362
13474,1731.992272153362
13475,1731.992272153362
13476,1731.992272153362
13477,1731.992272153362
13478,1731.992272153362
13479,1731.992272153362
13480,1731.992272153362
13481,1731.992272153362
13482,1731.992272153362
13483,1731.992272153362
13484,1731.992272153362
13485,1731.992272153362
13486,1731.992272153362
13487,1731.992272153362
13488,1731.992272153362
13489,1731.992272153362
13490,1731.992272153362
13491,1731.992272153362
13492,1731.992272153362
13493,1731.992272153362
13494,1731.992272153362
13495,1731.992272153362
13496,1731.992272153362
13497,1731.992272153362
13498,1731.992272153362
13499,1731.992272153362
13500,1731.992272153362
13501,1731.992272153362
13502,1731.992272153362
13503,1731.992272153362
13504,1731.992272153362
13505,1731.992272153362
13506,1731.992272153362
13507,1731.992272153362
13508,1731.992272153362
13509,1731.992272153362
13510,1731.992272153362
13511,1731.992272153362
13512,1731.992272153362
13513,1731.992272153362
13514,1731.992272153362
13515,1731.992272153362
13516,1731.992272153362
13517,1731.992272153362
13518,1731.992272153362
13519,1731.992272153362
13520,1731.992272153362
13521,1731.992272153362
13522,1731.992272153362
13523,1731.992272153362
13524,1731.992272153362
13525,1731.992272153362
13526,1731.992272153362
13527,1731.992272153362
13528,1731.992272153362
13529,1731.992272153362
13530,1731.992272153362
13531,1731.992272153362
13532,1731.992272153362
13533,1731.992272153362
13534,1731.992272153362
13535,1731.992272153362
13536,1731.992272153362
13537,1731.992272153362
13538,1731.992272153362
13539,1731.992272153362
13540,1731.992272153362
13541,1731.992272153362
13542,1731.992272153362
13543,1731.992272153362
13544,1731.992272153362
13545,1731.992272153362
13546,1731.992272153362
13547,1731.992272153362
13548,1731.992272153362
13549,1731.992272153362
13550,1731.992272153362
13551,1731.992272153362
13552,1731.992272153362
13553,1731.992272153362
13554,1731.992272153362
13555,1731.992272153362
13556,1731.992272153362
13557,1731.992272153362
13558,1731.992272153362
13559,1731.992272153362
13560,1731.992272153362
13561,1731.992272153362
13562,1731.992272153362
13563,1731.992272153362
13564,1731.992272153362
13565,1731.992272153362
13566,1731.992272153362
13567,1731.992272153362
13568,1731.992272153362
13569,1731.992272153362
13570,1731.992272153362
13571,1731.992272153362
13572,1731.992272153362
13573,1731.992272153362
13574,1731.992272153362
13575,1731.992272153362
13576,1731.992272153362
13577,1731.992272153362
13578,1731.992272153362
13579,1731.992272153362
13580,1731.992272153362
13581,1731.992272153362
13582,1731.992272153362
13583,1731.992272153362
13584,1731.992272153362
13585,1731.992272153362
13586,1731.992272153362
13587,1731.992272153362
13588,1731.992272153362
13589,1731.992272153362
13590,1731.992272153362
13591,1731.992272153362
13592,1731.992272153362
13593,1731.992272153362
13594,1731.992272153362
13595,1731.992272153362
13596,1731.992272153362
13597,1731.992272153362
13598,1731.992272153362
13599,1731.992272153362
13600,1731.992272153362
13601,1731.992272153362
13602,1731.992272153362
13603,1731.992272153362
13604,1731.992272153362
13605,1731.992272153362
13606,1731.992272153362
13607,1731.992272153362
13608,1731.992272153362
13609,1731.992272153362
13610,1731.992272153362
13611,1731.992272153362
13612,1731.992272153362
13613,1731.992272153362
13614,1731.992272153362
13615,1731.992272153362
13616,1731.992272153362
13617,1731.992272153362
13618,1731.992272153362
13619,1731.992272153362
13620,1731.992272153362
13621,1731.992272153362
13622,1731.992272153362
13623,1731.992272153362
13624,1731.992272153362
13625,1731.992272153362
13626,1731.992272153362
13627,1731.992272153362
13628,1731.992272153362
13629,1731.992272153362
13630,1731.992272153362
13631,1731.992272153362
13632,1731.992272153362
13633,1731.992272153362
13634,1731.992272153362
13635,1731.992272153362
13636,1731.992272153362
13637,1731.992272153362
13638,1731.992272153362
13639,1731.992272153362
13640,1731.992272153362
13641,1731.992272153362
13642,1731.992272153362
13643,1731.992272153362
13644,1731.992272153362
13645,1731.992272153362
13646,1731.992272153362
13647,1731.992272153362
13648,1731.992272153362
13649,1731.992272153362
13650,1731.992272153362
13651,1731.992272153362
13652,1731.992272153362
13653,1731.992272153362
13654,1731.992272153362
13655,1731.992272153362
13656,1731.992272153362
13657,1731.992272153362
13658,1731.992272153362
13659,1731.992272153362
13660,1731.992272153362
13661,1731.992272153362
13662,1731.992272153362
13663,1731.992272153362
13664,1731.992272153362
13665,1731.992272153362
13666,1731.992272153362
13667,1731.992272153362
13668,1731.992272153362
13669,1731.992272153362
13670,1731.992272153362
13671,1731.992272153362
13672,1731.992272153362
13673,1731.992272153362
13674,1731.992272153362
13675,1731.992272153362
13676,1731.992272153362
13677,1731.992272153362
13678,1731.992272153362
13679,1731.992272153362
13680,1731.992272153362
13681,1731.992272153362
13682,1731.992272153362
13683,1731.992272153362
13684,1731.992272153362
13685,1731.992272153362
13686,1731.992272153362
13687,1731.992272153362
13688,1731.992272153362
13689,1731.992272153362
13690,1731.992272153362
13691,1731.992272153362
13692,1731.992272153362
13693,1731.992272153362
13694,1731.992272153362
13695,1731.992272153362
13696,1731.992272153362
13697,1731.992272153362
13698,1731.992272153362
13699,1731.992272153362
13700,1731.992272153362
13701,1731.992272153362
13702,1731.992272153362
13703,1731.992272153362
13704,1731.992272153362
13705,1731.992272153362
13706,1731.992272153362
13707,1731.992272153362
13708,1731.992272153362
13709,1731.992272153362
13710,1731.992272153362
13711,1731.992272153362
13712,1731.992272153362
13713,1731.992272153362
13714,1731.992272153362
13715,1731.992272153362
13716,1731.992272153362
13717,1731.992272153362
13718,1731.992272153362
13719,1731.992272153362
13720,1731.992272153362
13721,1731.992272153362
13722,1731.992272153362
13723,1731.992272153362
13724,1731.992272153362
13725,1731.992272153362
13726,1731.992272153362
13727,1731.992272153362
13728,1731.992272153362
13729,1731.992272153362
13730,1731.992272153362
13731,1731.992272153362
13732,1731.992272153362
13733,1731.992272153362
13734,1731.992272153362
13735,1731.992272153362
13736,1731.992272153362
13737,1731.992272153362
13738,1731.992272153362
13739,1731.992272153362
13740,1731.992272153362
13741,1731.992272153362
13742,1731.992272153362
13743,1731.992272153362
13744,1731.992272153362
13745,1731.992272153362
13746,1731.992272153362
13747,1731.992272153362
13748,1731.992272153362
13749,1731.992272153362
13750,1731.992272153362
13751,1731.992272153362
13752,1731.992272153362
13753,1731.992272153362
13754,1731.992272153362
13755,1731.992272153362
13756,1731.992272153362
13757,1731.992272153362
13758,1731.992272153362
13759,1731.992272153362
13760,1731.992272153362
13761,1731.992272153362
13762,1731.992272153362
13763,1731.992272153362
13764,1731.992272153362
13765,1731.992272153362
13766,1731.992272153362
13767,1731.992272153362
13768,1731.992272153362
13769,1731.992272153362
13770,1731.992272153362
13771,1731.992272153362
13772,1731.992272153362
13773,1731.992272153362
13774,1731.992272153362
13775,1731.992272153362
13776,1731.992272153362
13777,1731.992272153362
13778,1731.992272153362
13779,1731.992272153362
13780,1731.992272153362
13781,1731.992272153362
13782,1731.992272153362
13783,1731.992272153362
13784,1731.992272153362
13785,1731.992272153362
13786,1731.992272153362
13787,1731.992272153362
13788,1731.992272153362
13789,1731.992272153362
13790,1731.992272153362
13791,1731.992272153362
13792,1731.992272153362
13793,1731.992272153362
13794,1731.992272153362
13795,1731.992272153362
13796,1731.992272153362
13797,1731.992272153362
13798,1731.992272153362
13799,1731.992272153362
13800,1731.992272153362
13801,1731.992272153362
13802,1731.992272153362
13803,1731.992272153362
13804,1731.992272153362
13805,1731.992272153362
13806,1731.992272153362
13807,1731.992272153362
13808,1731.992272153362
13809,1731.992272153362
13810,1731.992272153362
13811,1731.992272153362
13812,1731.992272153362
13813,1731.992272153362
13814,1731.992272153362
13815,1731.992272153362
13816,1731.992272153362
13817,1731.992272153362
13818,1731.992272153362
13819,1731.992272153362
13820,1731.992272153362
13821,1731.992272153362
13822,1731.992272153362
13823,1731.992272153362
13824,1731.992272153362
13825,1731.992272153362
13826,1731.992272153362
13827,1731.992272153362
13828,1731.992272153362
13829,1731.992272153362
13830,1731.992272153362
13831,1731.992272153362
13832,1731.992272153362
13833,1731.992272153362
13834,1731.992272153362
13835,1731.992272153362
13836,1731.992272153362
13837,1731.992272153362
13838,1731.992272153362
13839,1731.992272153362
13840,1731.992272153362
13841,1731.992272153362
13842,1731.992272153362
13843,1731.992272153362
13844,1731.992272153362
13845,1731.992272153362
13846,1731.992272153362
13847,1731.992272153362
13848,1731.992272153362
13849,1731.992272153362
13850,1731.992272153362
13851,1731.992272153362
13852,1731.992272153362
13853,1731.992272153362
13854,1731.992272153362
13855,1731.992272153362
13856,1731.992272153362
13857,1731.992272153362
13858,1731.992272153362
13859,1731.992272153362
13860,1731.992272153362
13861,1731.992272153362
13862,1731.992272153362
13863,1731.992272153362
13864,1731.992272153362
13865,1731.992272153362
13866,1731.992272153362
13867,1731.992272153362
13868,1731.992272153362
13869,1731.992272153362
13870,1731.992272153362
13871,1731.992272153362
13872,1731.992272153362
13873,1731.992272153362
13874,1731.992272153362
13875,1731.992272153362
13876,1731.992272153362
13877,1731.992272153362
13878,1731.992272153362
13879,1731.992272153362
13880,1731.992272153362
13881,1731.992272153362
13882,1731.992272153362
13883,1731.992272153362
13884,1731.992272153362
13885,1731.992272153362
13886,1731.992272153362
13887,1731.992272153362
13888,1731.992272153362
13889,1731.992272153362
13890,1731.992272153362
13891,1731.992272153362
13892,1731.992272153362
13893,1731.992272153362
13894,1731.992272153362
13895,1731.992272153362
13896,1731.992272153362
13897,1731.992272153362
13898,1731.992272153362
13899,1731.992272153362
13900,1731.992272153362
13901,1731.992272153362
13902,1731.992272153362
13903,1731.992272153362
13904,1731.992272153362
13905,1731.992272153362
13906,1731.992272153362
13907,1731.992272153362
13908,1731.992272153362
13909,1731.992272153362
13910,1731.992272153362
13911,1731.992272153362
13912,1731.992272153362
13913,1731.992272153362
13914,1731.992272153362
13915,1731.992272153362
13916,1731.992272153362
13917,1731.992272153362
13918,1731.992272153362
13919,1731.992272153362
13920,1731.992272153362
13921,1731.992272153362
13922,1731.992272153362
13923,1731.992272153362
13924,1731.992272153362
13925,1731.992272153362
13926,1731.992272153362
13927,1731.992272153362
13928,1731.992272153362
13929,1731.992272153362
13930,1731.992272153362
13931,1731.992272153362
13932,1731.992272153362
13933,1731.992272153362
13934,1731.992272153362
13935,1731.992272153362
13936,1731.992272153362
13937,1731.992272153362
13938,1731.992272153362
13939,1731.992272153362
13940,1731.992272153362
13941,1731.992272153362
13942,1731.992272153362
13943,1731.992272153362
13944,1731.992272153362
13945,1731.992272153362
13946,1731.992272153362
13947,1731.992272153362
13948,1731.992272153362
13949,1731.992272153362
13950,1731.992272153362
13951,1731.992272153362
13952,1731.992272153362
13953,1731.992272153362
13954,1731.992272153362
13955,1731.992272153362
13956,1731.992272153362
13957,1731.992272153362
13958,1731.992272153362
13959,1731.992272153362
13960,1731.992272153362
13961,1731.992272153362
13962,1731.992272153362
13963,1731.992272153362
13964,1731.992272153362
13965,1731.992272153362
13966,1731.992272153362
13967,1731.992272153362
13968,1731.992272153362
13969,1731.992272153362
13970,1731.992272153362
13971,1731.992272153362
13972,1731.992272153362
13973,1731.992272153362
13974,1731.992272153362
13975,1731.992272153362
13976,1731.992272153362
13977,1731.992272153362
13978,1731.992272153362
13979,1731.992272153362
13980,1731.992272153362
13981,1731.992272153362
13982,1731.992272153362
13983,1731.992272153362
13984,1731.992272153362
13985,1731.992272153362
13986,1731.992272153362
13987,1731.992272153362
13988,1731.992272153362
13989,1731.992272153362
13990,1731.992272153362
13991,1731.992272153362
13992,1731.992272153362
13993,1731.992272153362
13994,1731.992272153362
13995,1731.992272153362
13996,1731.992272153362
13997,1731.992272153362
13998,1731.992272153362
13999,1731.992272153362
14000,1731.992272153362
14001,1731.992272153362
14002,1731.992272153362
14003,1731.992272153362
14004,1731.992272153362
14005,1731.992272153362
14006,1731.992272153362
14007,1731.992272153362
14008,1731.992272153362
14009,1731.992272153362
14010,1731.992272153362
14011,1731.992272153362
14012,1731.992272153362
14013,1731.992272153362
14014,1731.992272153362
14015,1731.992272153362
14016,1731.992272153362
14017,1731.992272153362
14018,1731.992272153362
14019,1731.992272153362
14020,1731.992272153362
14021,1731.992272153362
14022,1731.992272153362
14023,1731.992272153362
14024,1731.992272153362
14025,1731.992272153362
14026,1731.992272153362
14027,1731.992272153362
14028,1731.992272153362
14029,1731.992272153362
14030,1731.992272153362
14031,1731.992272153362
14032,1731.992272153362
14033,1731.992272153362
14034,1731.992272153362
14035,1731.992272153362
14036,1731.992272153362
14037,1731.992272153362
14038,1731.992272153362
14039,1731.992272153362
14040,1731.992272153362
14041,1731.992272153362
14042,1731.992272153362
14043,1731.992272153362
14044,1731.992272153362
14045,1731.992272153362
14046,1731.992272153362
14047,1731.992272153362
14048,1731.992272153362
14049,1731.992272153362
14050,1731.992272153362
14051,1731.992272153362
14052,1731.992272153362
14053,1731.992272153362
14054,1731.992272153362
14055,1731.992272153362
14056,1731.992272153362
14057,1731.992272153362
14058,1731.992272153362
14059,1731.992272153362
14060,1731.992272153362
14061,1731.992272153362
14062,1731.992272153362
14063,1731.992272153362
14064,1731.992272153362
14065,1731.992272153362
14066,1731.992272153362
14067,1731.992272153362
14068,1731.992272153362
14069,1731.992272153362
14070,1731.992272153362
14071,1731.992272153362
14072,1731.992272153362
14073,1731.992272153362
14074,1731.992272153362
14075,1731.992272153362
14076,1731.992272153362
14077,1731.992272153362
14078,1731.992272153362
14079,1731.992272153362
14080,1731.992272153362
14081,1731.992272153362
14082,1731.992272153362
14083,1731.992272153362
14084,1731.992272153362
14085,1731.992272153362
14086,1731.992272153362
14087,1731.992272153362
14088,1731.992272153362
14089,1731.992272153362
14090,1731.992272153362
14091,1731.992272153362
14092,1731.992272153362
14093,1731.992272153362
14094,1731.992272153362
14095,1731.992272153362
14096,1731.992272153362
14097,1731.992272153362
14098,1731.992272153362
14099,1731.992272153362
14100,1731.992272153362
14101,1731.992272153362
14102,1731.992272153362
14103,1731.992272153362
14104,1731.992272153362
14105,1731.992272153362
14106,1731.992272153362
14107,1731.992272153362
14108,1731.992272153362
14109,1731.992272153362
14110,1731.992272153362
14111,1731.992272153362
14112,1731.992272153362
14113,1731.992272153362
14114,1731.992272153362
14115,1731.992272153362
14116,1731.992272153362
14117,1731.992272153362
14118,1731.992272153362
14119,1731.992272153362
14120,1731.992272153362
14121,1731.992272153362
14122,1731.992272153362
14123,1731.992272153362
14124,1731.992272153362
14125,1731.992272153362
14126,1731.992272153362
14127,1731.992272153362
14128,1731.992272153362
14129,1731.992272153362
14130,1731.992272153362
14131,1731.992272153362
14132,1731.992272153362
14133,1731.992272153362
14134,1731.992272153362
14135,1731.992272153362
14136,1731.992272153362
14137,1731.992272153362
14138,1731.992272153362
14139,1731.992272153362
14140,1731.992272153362
14141,1731.992272153362
14142,1731.992272153362
14143,1731.992272153362
14144,1731.992272153362
14145,1731.992272153362
14146,1731.992272153362
14147,1731.992272153362
14148,1731.992272153362
14149,1731.992272153362
14150,1731.992272153362
14151,1731.992272153362
14152,1731.992272153362
14153,1731.992272153362
14154,1731.992272153362
14155,1731.992272153362
14156,1731.992272153362
14157,1731.992272153362
14158,1731.992272153362
14159,1731.992272153362
14160,1731.992272153362
14161,1731.992272153362
14162,1731.992272153362
14163,1731.992272153362
14164,1731.992272153362
14165,1731.992272153362
14166,1731.992272153362
14167,1731.992272153362
14168,1731.992272153362
14169,1731.992272153362
14170,1731.992272153362
14171,1731.992272153362
14172,1731.992272153362
14173,1731.992272153362
14174,1731.992272153362
14175,1731.992272153362
14176,1731.992272153362
14177,1731.992272153362
14178,1731.992272153362
14179,1731.992272153362
14180,1731.992272153362
14181,1731.992272153362
14182,1731.992272153362
14183,1731.992272153362
14184,1731.992272153362
14185,1731.992272153362
14186,1731.992272153362
14187,1731.992272153362
14188,1731.992272153362
14189,1731.992272153362
14190,1731.992272153362
14191,1731.992272153362
14192,1731.992272153362
14193,1731.992272153362
14194,1731.992272153362
14195,1731.992272153362
14196,1731.992272153362
14197,1731.992272153362
14198,1731.992272153362
14199,1731.992272153362
14200,1731.992272153362
14201,1731.992272153362
14202,1731.992272153362
14203,1731.992272153362
14204,1731.992272153362
14205,1731.992272153362
14206,1731.992272153362
14207,1731.992272153362
14208,1731.992272153362
14209,1731.992272153362
14210,1731.992272153362
14211,1731.992272153362
14212,1731.992272153362
14213,1731.992272153362
14214,1731.992272153362
14215,1731.992272153362
14216,1731.992272153362
14217,1731.992272153362
14218,1731.992272153362
14219,1731.992272153362
14220,1731.992272153362
14221,1731.992272153362
14222,1731.992272153362
14223,1731.992272153362
14224,1731.992272153362
14225,1731.992272153362
14226,1731.992272153362
14227,1731.992272153362
14228,1731.992272153362
14229,1731.992272153362
14230,1731.992272153362
14231,1731.992272153362
14232,1731.992272153362
14233,1731.992272153362
14234,1731.992272153362
14235,1731.992272153362
14236,1731.992272153362
14237,1731.992272153362
14238,1731.992272153362
14239,1731.992272153362
14240,1731.992272153362
14241,1731.992272153362
14242,1731.992272153362
14243,1731.992272153362
14244,1731.992272153362
14245,1731.992272153362
14246,1731.992272153362
14247,1731.992272153362
14248,1731.992272153362
14249,1731.992272153362
14250,1731.992272153362
14251,1731.992272153362
14252,1731.992272153362
14253,1731.992272153362
14254,1731.992272153362
14255,1731.992272153362
14256,1731.992272153362
14257,1731.992272153362
14258,1731.992272153362
14259,1731.992272153362
14260,1731.992272153362
14261,1731.992272153362
14262,1731.992272153362
14263,1731.992272153362
14264,1731.992272153362
14265,1731.992272153362
14266,1731.992272153362
14267,1731.992272153362
14268,1731.992272153362
14269,1731.992272153362
14270,1731.992272153362
14271,1731.992272153362
14272,1731.992272153362
14273,1731.992272153362
14274,1731.992272153362
14275,1731.992272153362
14276,1731.992272153362
14277,1731.992272153362
14278,1731.992272153362
14279,1731.992272153362
14280,1731.992272153362
14281,1731.992272153362
14282,1731.992272153362
14283,1731.992272153362
14284,1731.992272153362
14285,1731.992272153362
14286,1731.992272153362
14287,1731.992272153362
14288,1731.992272153362
14289,1731.992272153362
14290,1731.992272153362
14291,1731.992272153362
14292,1731.992272153362
14293,1731.992272153362
14294,1731.992272153362
14295,1731.992272153362
14296,1731.992272153362
14297,1731.992272153362
14298,1731.992272153362
14299,1731.992272153362
14300,1731.992272153362
14301,1731.992272153362
14302,1731.992272153362
14303,1731.992272153362
14304,1731.992272153362
14305,1731.992272153362
14306,1731.992272153362
14307,1731.992272153362
14308,1731.992272153362
14309,1731.992272153362
14310,1731.992272153362
14311,1731.992272153362
14312,1731.992272153362
14313,1731.992272153362
14314,1731.992272153362
14315,1731.992272153362
14316,1731.992272153362
14317,1731.992272153362
14318,1731.992272153362
14319,1731.992272153362
14320,1731.992272153362
14321,1731.992272153362
14322,1731.992272153362
14323,1731.992272153362
14324,1731.992272153362
14325,1731.992272153362
14326,1731.992272153362
14327,1731.992272153362
14328,1731.992272153362
14329,1731.992272153362
14330,1731.992272153362
14331,1731.992272153362
14332,1731.992272153362
14333,1731.992272153362
14334,1731.992272153362
14335,1731.992272153362
14336,1731.992272153362
14337,1731.992272153362
14338,1731.992272153362
14339,1731.992272153362
14340,1731.992272153362
14341,1731.992272153362
14342,1731.992272153362
14343,1731.992272153362
14344,1731.992272153362
14345,1731.992272153362
14346,1731.992272153362
14347,1731.992272153362
14348,1731.992272153362
14349,1731.992272153362
14350,1731.992272153362
14351,1731.992272153362
14352,1731.992272153362
14353,1731.992272153362
14354,1731.992272153362
14355,1731.992272153362
14356,1731.992272153362
14357,1731.992272153362
14358,1731.992272153362
14359,1731.992272153362
14360,1731.992272153362
14361,1731.992272153362
14362,1731.992272153362
14363,1731.992272153362
14364,1731.992272153362
14365,1731.992272153362
14366,1731.992272153362
14367,1731.992272153362
14368,1731.992272153362
14369,1731.992272153362
14370,1731.992272153362
14371,1731.992272153362
14372,1731.992272153362
14373,1731.992272153362
14374,1731.992272153362
14375,1731.992272153362
14376,1731.992272153362
14377,1731.992272153362
14378,1731.992272153362
14379,1731.992272153362
14380,1731.992272153362
14381,1731.992272153362
14382,1731.992272153362
14383,1731.992272153362
14384,1731.992272153362
14385,1731.992272153362
14386,1731.992272153362
14387,1731.992272153362
14388,1731.992272153362
14389,1731.992272153362
14390,1731.992272153362
14391,1731.992272153362
14392,1731.992272153362
14393,1731.992272153362
14394,1731.992272153362
14395,1731.992272153362
14396,1731.992272153362
14397,1731.992272153362
14398,1731.992272153362
14399,1731.992272153362
14400,1731.992272153362
14401,1731.992272153362
14402,1731.992272153362
14403,1731.992272153362
14404,1731.992272153362
14405,1731.992272153362
14406,1731.992272153362
14407,1731.992272153362
14408,1731.992272153362
14409,1731.992272153362
14410,1731.992272153362
14411,1731.992272153362
14412,1731.992272153362
14413,1731.992272153362
14414,1731.992272153362
14415,1731.992272153362
14416,1731.992272153362
14417,1731.992272153362
14418,1731.992272153362
14419,1731.992272153362
14420,1731.992272153362
14421,1731.992272153362
14422,1731.992272153362
14423,1731.992272153362
14424,1731.992272153362
14425,1731.992272153362
14426,1731.992272153362
14427,1731.992272153362
14428,1731.992272153362
14429,1731.992272153362
14430,1731.992272153362
14431,1731.992272153362
14432,1731.992272153362
14433,1731.992272153362
14434,1731.992272153362
14435,1731.992272153362
14436,1731.992272153362
14437,1731.992272153362
14438,1731.992272153362
14439,1731.992272153362
14440,1731.992272153362
14441,1731.992272153362
14442,1731.992272153362
14443,1731.992272153362
14444,1731.992272153362
14445,1731.992272153362
14446,1731.992272153362
14447,1731.992272153362
14448,1731.992272153362
14449,1731.992272153362
14450,1731.992272153362
14451,1731.992272153362
14452,1731.992272153362
14453,1731.992272153362
14454,1731.992272153362
14455,1731.992272153362
14456,1731.992272153362
14457,1731.992272153362
14458,1731.992272153362
14459,1731.992272153362
14460,1731.992272153362
14461,1731.992272153362
14462,1731.992272153362
14463,1731.992272153362
14464,1731.992272153362
14465,1731.992272153362
14466,1731.992272153362
14467,1731.992272153362
14468,1731.992272153362
14469,1731.992272153362
14470,1731.992272153362
14471,1731.992272153362
14472,1731.992272153362
14473,1731.992272153362
14474,1731.992272153362
14475,1731.992272153362
14476,1731.992272153362
14477,1731.992272153362
14478,1731.992272153362
14479,1731.992272153362
14480,1731.992272153362
14481,1731.992272153362
14482,1731.992272153362
14483,1731.992272153362
14484,1731.992272153362
14485,1731.992272153362
14486,1731.992272153362
14487,1731.992272153362
14488,1731.992272153362
14489,1731.992272153362
14490,1731.992272153362
14491,1731.992272153362
14492,1731.992272153362
14493,1731.992272153362
14494,1731.992272153362
14495,1731.992272153362
14496,1731.992272153362
14497,1731.992272153362
14498,1731.992272153362
14499,1731.992272153362
14500,1731.992272153362
14501,1731.992272153362
14502,1731.992272153362
14503,1731.992272153362
14504,1731.992272153362
14505,1731.992272153362
14506,1731.992272153362
14507,1731.992272153362
14508,1731.992272153362
14509,1731.992272153362
14510,1731.992272153362
14511,1731.992272153362
14512,1731.992272153362
14513,1731.992272153362
14514,1731.992272153362
14515,1731.992272153362
14516,1731.992272153362
14517,1731.992272153362
14518,1731.992272153362
14519,1731.992272153362
14520,1731.992272153362
14521,1731.992272153362
14522,1731.992272153362
14523,1731.992272153362
14524,1731.992272153362
14525,1731.992272153362
14526,1731.992272153362
14527,1731.992272153362
14528,1731.992272153362
14529,1731.992272153362
14530,1731.992272153362
14531,1731.992272153362
14532,1731.992272153362
14533,1731.992272153362
14534,1731.992272153362
14535,1731.992272153362
14536,1731.992272153362
14537,1731.992272153362
14538,1731.992272153362
14539,1731.992272153362
14540,1731.992272153362
14541,1731.992272153362
14542,1731.992272153362
14543,1731.992272153362
14544,1731.992272153362
14545,1731.992272153362
14546,1731.992272153362
14547,1731.992272153362
14548,1731.992272153362
14549,1731.992272153362
14550,1731.992272153362
14551,1731.992272153362
14552,1731.992272153362
14553,1731.992272153362
14554,1731.992272153362
14555,1731.992272153362
14556,1731.992272153362
14557,1731.992272153362
14558,1731.992272153362
14559,1731.992272153362
14560,1731.992272153362
14561,1731.992272153362
14562,1731.992272153362
14563,1731.992272153362
14564,1731.992272153362
14565,1731.992272153362
14566,1731.992272153362
14567,1731.992272153362
14568,1731.992272153362
14569,1731.992272153362
14570,1731.992272153362
14571,1731.992272153362
14572,1731.992272153362
14573,1731.992272153362
14574,1731.992272153362
14575,1731.992272153362
14576,1731.992272153362
14577,1731.992272153362
14578,1731.992272153362
14579,1731.992272153362
14580,1731.992272153362
14581,1731.992272153362
14582,1731.992272153362
14583,1731.992272153362
14584,1731.992272153362
14585,1731.992272153362
14586,1731.992272153362
14587,1731.992272153362
14588,1731.992272153362
14589,1731.992272153362
14590,1731.992272153362
14591,1731.992272153362
14592,1731.992272153362
14593,1731.992272153362
14594,1731.992272153362
14595,1731.992272153362
14596,1731.992272153362
14597,1731.992272153362
14598,1731.992272153362
14599,1731.992272153362
14600,1731.992272153362
14601,1731.992272153362
14602,1731.992272153362
14603,1731.992272153362
14604,1731.992272153362
14605,1731.992272153362
14606,1731.992272153362
14607,1731.992272153362
14608,1731.992272153362
14609,1731.992272153362
14610,1731.992272153362
14611,1731.992272153362
14612,1731.992272153362
14613,1731.992272153362
14614,1731.992272153362
14615,1731.992272153362
14616,1731.992272153362
14617,1731.992272153362
14618,1731.992272153362
14619,1731.992272153362
14620,1731.992272153362
14621,1731.992272153362
14622,1731.992272153362
14623,1731.992272153362
14624,1731.992272153362
14625,1731.992272153362
14626,1731.992272153362
14627,1731.992272153362
14628,1731.992272153362
14629,1731.992272153362
14630,1731.992272153362
14631,1731.992272153362
14632,1731.992272153362
14633,1731.992272153362
14634,1731.992272153362
14635,1731.992272153362
14636,1731.992272153362
14637,1731.992272153362
14638,1731.992272153362
14639,1731.992272153362
14640,1731.992272153362
14641,1731.992272153362
14642,1731.992272153362
14643,1731.992272153362
14644,1731.992272153362
14645,1731.992272153362
14646,1731.992272153362
14647,1731.992272153362
14648,1731.992272153362
14649,1731.992272153362
14650,1731.992272153362
14651,1731.992272153362
14652,1731.992272153362
14653,1731.992272153362
14654,1731.992272153362
14655,1731.992272153362
14656,1731.992272153362
14657,1731.992272153362
14658,1731.992272153362
14659,1731.992272153362
14660,1731.992272153362
14661,1731.992272153362
14662,1731.992272153362
14663,1731.992272153362
14664,1731.992272153362
14665,1731.992272153362
14666,1731.992272153362
14667,1731.992272153362
14668,1731.992272153362
14669,1731.992272153362
14670,1731.992272153362
14671,1731.992272153362
14672,1731.992272153362
14673,1731.992272153362
14674,1731.992272153362
14675,1731.992272153362
14676,1731.992272153362
14677,1731.992272153362
14678,1731.992272153362
14679,1731.992272153362
14680,1731.992272153362
14681,1731.992272153362
14682,1731.992272153362
14683,1731.992272153362
14684,1731.992272153362
14685,1731.992272153362
14686,1731.992272153362
14687,1731.992272153362
14688,1731.992272153362
14689,1731.992272153362
14690,1731.992272153362
14691,1731.992272153362
14692,1731.992272153362
14693,1731.992272153362
14694,1731.992272153362
14695,1731.992272153362
14696,1731.992272153362
14697,1731.992272153362
14698,1731.992272153362
14699,1731.992272153362
14700,1731.992272153362
14701,1731.992272153362
14702,1731.992272153362
14703,1731.992272153362
14704,1731.992272153362
14705,1731.992272153362
14706,1731.992272153362
14707,1731.992272153362
14708,1731.992272153362
14709,1731.992272153362
14710,1731.992272153362
14711,1731.992272153362
14712,1731.992272153362
14713,1731.992272153362
14714,1731.992272153362
14715,1731.992272153362
14716,1731.992272153362
14717,1731.992272153362
14718,1731.992272153362
14719,1731.992272153362
14720,1731.992272153362
14721,1731.992272153362
14722,1731.992272153362
14723,1731.992272153362
14724,1731.992272153362
14725,1731.992272153362
14726,1731.992272153362
14727,1731.992272153362
14728,1731.992272153362
14729,1731.992272153362
14730,1731.992272153362
14731,1731.992272153362
14732,1731.992272153362
14733,1731.992272153362
14734,1731.992272153362
14735,1731.992272153362
14736,1731.992272153362
14737,1731.992272153362
14738,1731.992272153362
14739,1731.992272153362
14740,1731.992272153362
14741,1731.992272153362
14742,1731.992272153362
14743,1731.992272153362
14744,1731.992272153362
14745,1731.992272153362
14746,1731.992272153362
14747,1731.992272153362
14748,1731.992272153362
14749,1731.992272153362
14750,1731.992272153362
14751,1731.992272153362
14752,1731.992272153362
14753,1731.992272153362
14754,1731.992272153362
14755,1731.992272153362
14756,1731.992272153362
14757,1731.992272153362
14758,1731.992272153362
14759,1731.992272153362
14760,1731.992272153362
14761,1731.992272153362
14762,1731.992272153362
14763,1731.992272153362
14764,1731.992272153362
14765,1731.992272153362
14766,1731.992272153362
14767,1731.992272153362
14768,1731.992272153362
14769,1731.992272153362
14770,1731.992272153362
14771,1731.992272153362
14772,1731.992272153362
14773,1731.992272153362
14774,1731.992272153362
14775,1731.992272153362
14776,1731.992272153362
14777,1731.992272153362
14778,1731.992272153362
14779,1731.992272153362
14780,1731.992272153362
14781,1731.992272153362
14782,1731.992272153362
14783,1731.992272153362
14784,1731.992272153362
14785,1731.992272153362
14786,1731.992272153362
14787,1731.992272153362
14788,1731.992272153362
14789,1731.992272153362
14790,1731.992272153362
14791,1731.992272153362
14792,1731.992272153362
14793,1731.992272153362
14794,1731.992272153362
14795,1731.992272153362
14796,1731.992272153362
14797,1731.992272153362
14798,1731.992272153362
14799,1731.992272153362
14800,1731.992272153362
14801,1731.992272153362
14802,1731.992272153362
14803,1731.992272153362
14804,1731.992272153362
14805,1731.992272153362
14806,1731.992272153362
14807,1731.992272153362
14808,1731.992272153362
14809,1731.992272153362
14810,1731.992272153362
14811,1731.992272153362
14812,1731.992272153362
14813,1731.992272153362
14814,1731.992272153362
14815,1731.992272153362
14816,1731.992272153362
14817,1731.992272153362
14818,1731.992272153362
14819,1731.992272153362
14820,1731.992272153362
14821,1731.992272153362
14822,1731.992272153362
14823,1731.992272153362
14824,1731.992272153362
14825,1731.992272153362
14826,1731.992272153362
14827,1731.992272153362
14828,1731.992272153362
14829,1731.992272153362
14830,1731.992272153362
14831,1731.992272153362
14832,1731.992272153362
14833,1731.992272153362
14834,1731.992272153362
14835,1731.992272153362
14836,1731.992272153362
14837,1731.992272153362
14838,1731.992272153362
14839,1731.992272153362
14840,1731.992272153362
14841,1731.1463372494823
14842,1731.1463372494823
14843,1731.1463372494823
14844,1731.1463372494823
14845,1731.1463372494823
14846,1731.1463372494823
14847,1731.1463372494823
14848,1731.1463372494823
14849,1731.1463372494823
14850,1731.1463372494823
14851,1731.1463372494823
14852,1731.1463372494823
14853,1731.1463372494823
14854,1731.1463372494823
14855,1731.1463372494823
14856,1731.1463372494823
14857,1731.1463372494823
14858,1731.1463372494823
14859,1731.1463372494823
14860,1731.1463372494823
14861,1731.1463372494823
14862,1731.1463372494823
14863,1731.1463372494823
14864,1731.1463372494823
14865,1731.1463372494823
14866,1731.1463372494823
14867,1731.1463372494823
14868,1731.1463372494823
14869,1731.1463372494823
14870,1731.1463372494823
14871,1731.1463372494823
14872,1731.1463372494823
14873,1731.1463372494823
14874,1731.1463372494823
14875,1731.1463372494823
14876,1731.1463372494823
14877,1731.1463372494823
14878,1731.1463372494823
14879,1731.1463372494823
14880,1731.1463372494823
14881,1731.1463372494823
14882,1731.1463372494823
14883,1731.1463372494823
14884,1731.1463372494823
14885,1731.1463372494823
14886,1731.1463372494823
14887,1731.1463372494823
14888,1731.1463372494823
14889,1731.1463372494823
14890,1731.1463372494823
14891,1731.1463372494823
14892,1731.1463372494823
14893,1731.1463372494823
14894,1731.1463372494823
14895,1731.1463372494823
14896,1731.1463372494823
14897,1731.1463372494823
14898,1731.1463372494823
14899,1731.1463372494823
14900,1731.1463372494823
14901,1731.1463372494823
14902,1731.1463372494823
14903,1731.1463372494823
14904,1731.1463372494823
14905,1731.1463372494823
14906,1731.1463372494823
14907,1731.1463372494823
14908,1731.1463372494823
14909,1731.1463372494823
14910,1731.1463372494823
14911,1731.1463372494823
14912,1731.1463372494823
14913,1731.1463372494823
14914,1731.1463372494823
14915,1731.1463372494823
14916,1731.1463372494823
14917,1731.1463372494823
14918,1731.1463372494823
14919,1731.1463372494823
14920,1731.1463372494823
14921,1731.1463372494823
14922,1731.1463372494823
14923,1731.1463372494823
14924,1731.1463372494823
14925,1731.1463372494823
14926,1731.1463372494823
14927,1731.1463372494823
14928,1731.1463372494823
14929,1731.1463372494823
14930,1731.1463372494823
14931,1731.1463372494823
14932,1731.1463372494823
14933,1731.1463372494823
14934,1731.1463372494823
14935,1731.1463372494823
14936,1731.1463372494823
14937,1731.1463372494823
14938,1731.1463372494823
14939,1731.1463372494823
14940,1731.1463372494823
14941,1731.1463372494823
14942,1731.1463372494823
14943,1731.1463372494823
14944,1731.1463372494823
14945,1731.1463372494823
14946,1731.1463372494823
14947,1731.1463372494823
14948,1731.1463372494823
14949,1731.1463372494823
14950,1731.1463372494823
14951,1731.1463372494823
14952,1731.1463372494823
14953,1731.1463372494823
14954,1731.1463372494823
14955,1731.1463372494823
14956,1731.1463372494823
14957,1731.1463372494823
14958,1731.1463372494823
14959,1731.1463372494823
14960,1731.1463372494823
14961,1731.1463372494823
14962,1731.1463372494823
14963,1731.1463372494823
14964,1731.1463372494823
14965,1731.1463372494823
14966,1731.1463372494823
14967,1731.1463372494823
14968,1731.1463372494823
14969,1731.1463372494823
14970,1731.1463372494823
14971,1731.1463372494823
14972,1731.1463372494823
14973,1731.1463372494823
14974,1731.1463372494823
14975,1731.1463372494823
14976,1731.1463372494823
14977,1731.1463372494823
14978,1731.1463372494823
14979,1731.1463372494823
14980,1731.1463372494823
14981,1731.1463372494823
14982,1731.1463372494823
14983,1731.1463372494823
14984,1731.1463372494823
14985,1731.1463372494823
14986,1731.1463372494823
14987,1731.1463372494823
14988,1731.1463372494823
14989,1731.1463372494823
14990,1731.1463372494823
14991,1731.1463372494823
14992,1731.1463372494823
14993,1731.1463372494823
14994,1731.1463372494823
14995,1731.1463372494823
14996,1731.1463372494823
14997,1731.1463372494823
14998,1731.1463372494823
14999,1731.1463372494823
15000,1731.1463372494823
15001,1731.1463372494823
15002,1731.1463372494823
15003,1731.1463372494823
15004,1731.1463372494823
15005,1731.1463372494823
15006,1731.1463372494823
15007,1731.1463372494823
15008,1731.1463372494823
15009,1731.1463372494823
15010,1731.1463372494823
15011,1731.1463372494823
15012,1731.1463372494823
15013,1731.1463372494823
15014,1731.1463372494823
15015,1731.1463372494823
15016,1731.1463372494823
15017,1731.1463372494823
15018,1731.1463372494823
15019,1731.1463372494823
15020,1731.1463372494823
15021,1731.1463372494823
15022,1731.1463372494823
15023,1731.1463372494823
15024,1731.1463372494823
15025,1731.1463372494823
15026,1731.1463372494823
15027,1731.1463372494823
15028,1731.1463372494823
15029,1731.1463372494823
15030,1731.1463372494823
15031,1731.1463372494823
15032,1731.1463372494823
15033,1731.1463372494823
15034,1731.1463372494823
15035,1731.1463372494823
15036,1731.1463372494823
15037,1731.1463372494823
15038,1731.1463372494823
15039,1731.1463372494823
15040,1731.1463372494823
15041,1731.1463372494823
15042,1731.1463372494823
15043,1731.1463372494823
15044,1731.1463372494823
15045,1731.1463372494823
15046,1731.1463372494823
15047,1731.1463372494823
15048,1731.1463372494823
15049,1731.1463372494823
15050,1731.1463372494823
15051,1731.1463372494823
15052,1731.1463372494823
15053,1731.1463372494823
15054,1731.1463372494823
15055,1731.1463372494823
15056,1731.1463372494823
15057,1731.1463372494823
15058,1731.1463372494823
15059,1731.1463372494823
15060,1731.1463372494823
15061,1731.1463372494823
15062,1731.1463372494823
15063,1731.1463372494823
15064,1731.1463372494823
15065,1731.1463372494823
15066,1731.1463372494823
15067,1731.1463372494823
15068,1731.1463372494823
15069,1731.1463372494823
15070,1731.1463372494823
15071,1731.1463372494823
15072,1731.1463372494823
15073,1731.1463372494823
15074,1731.1463372494823
15075,1731.1463372494823
15076,1731.1463372494823
15077,1731.1463372494823
15078,1731.1463372494823
15079,1731.1463372494823
15080,1731.1463372494823
15081,1731.1463372494823
15082,1731.1463372494823
15083,1731.1463372494823
15084,1731.1463372494823
15085,1731.1463372494823
15086,1731.1463372494823
15087,1731.1463372494823
15088,1731.1463372494823
15089,1731.1463372494823
15090,1731.1463372494823
15091,1731.1463372494823
15092,1731.1463372494823
15093,1731.1463372494823
15094,1731.1463372494823
15095,1731.1463372494823
15096,1731.1463372494823
15097,1731.1463372494823
15098,1731.1463372494823
15099,1731.1463372494823
15100,1731.1463372494823
15101,1731.1463372494823
15102,1731.1463372494823
15103,1731.1463372494823
15104,1731.1463372494823
15105,1731.1463372494823
15106,1731.1463372494823
15107,1731.1463372494823
15108,1731.1463372494823
15109,1731.1463372494823
15110,1731.1463372494823
15111,1731.1463372494823
15112,1731.1463372494823
15113,1731.1463372494823
15114,1731.1463372494823
15115,1731.1463372494823
15116,1731.1463372494823
15117,1731.1463372494823
15118,1731.1463372494823
15119,1731.1463372494823
15120,1731.1463372494823
15121,1731.1463372494823
15122,1731.1463372494823
15123,1731.1463372494823
15124,1731.1463372494823
15125,1731.1463372494823
15126,1731.1463372494823
15127,1731.1463372494823
15128,1731.1463372494823
15129,1731.1463372494823
15130,1731.1463372494823
15131,1731.1463372494823
15132,1731.1463372494823
15133,1731.1463372494823
15134,1731.1463372494823
15135,1731.1463372494823
15136,1731.1463372494823
15137,1731.1463372494823
15138,1731.1463372494823
15139,1731.1463372494823
15140,1731.1463372494823
15141,1731.1463372494823
15142,1731.1463372494823
15143,1731.1463372494823
15144,1731.1463372494823
15145,1731.1463372494823
15146,1731.1463372494823
15147,1731.1463372494823
15148,1731.1463372494823
15149,1731.1463372494823
15150,1731.1463372494823
15151,1731.1463372494823
15152,1731.1463372494823
15153,1731.1463372494823
15154,1731.1463372494823
15155,1731.1463372494823
15156,1731.1463372494823
15157,1731.1463372494823
15158,1731.1463372494823
15159,1731.1463372494823
15160,1731.1463372494823
15161,1731.1463372494823
15162,1731.1463372494823
15163,1731.1463372494823
15164,1731.1463372494823
15165,1731.1463372494823
15166,1731.1463372494823
15167,1731.1463372494823
15168,1731.1463372494823
15169,1731.1463372494823
15170,1731.1463372494823
15171,1731.1463372494823
15172,1731.1463372494823
15173,1731.1463372494823
15174,1731.1463372494823
15175,1731.1463372494823
15176,1731.1463372494823
15177,1731.1463372494823
15178,1731.1463372494823
15179,1731.1463372494823
15180,1731.1463372494823
15181,1731.1463372494823
15182,1731.1463372494823
15183,1731.1463372494823
15184,1731.1463372494823
15185,1731.1463372494823
15186,1731.1463372494823
15187,1731.1463372494823
15188,1731.1463372494823
15189,1731.1463372494823
15190,1731.1463372494823
15191,1731.1463372494823
15192,1731.1463372494823
15193,1731.1463372494823
15194,1731.1463372494823
15195,1731.1463372494823
15196,1731.1463372494823
15197,1731.1463372494823
15198,1731.1463372494823
15199,1731.1463372494823
15200,1731.1463372494823
15201,1731.1463372494823
15202,1731.1463372494823
15203,1731.1463372494823
15204,1731.1463372494823
15205,1731.1463372494823
15206,1731.1463372494823
15207,1731.1463372494823
15208,1731.1463372494823
15209,1731.1463372494823
15210,1731.1463372494823
15211,1731.1463372494823
15212,1731.1463372494823
15213,1731.1463372494823
15214,1731.1463372494823
15215,1731.1463372494823
15216,1731.1463372494823
15217,1731.1463372494823
15218,1731.1463372494823
15219,1731.1463372494823
15220,1731.1463372494823
15221,1731.1463372494823
15222,1731.1463372494823
15223,1731.1463372494823
15224,1731.1463372494823
15225,1731.1463372494823
15226,1731.1463372494823
15227,1731.1463372494823
15228,1731.1463372494823
15229,1731.1463372494823
15230,1731.1463372494823
15231,1731.1463372494823
15232,1731.1463372494823
15233,1731.1463372494823
15234,1731.1463372494823
15235,1731.1463372494823
15236,1731.1463372494823
15237,1731.1463372494823
15238,1731.1463372494823
15239,1731.1463372494823
15240,1731.1463372494823
15241,1731.1463372494823
15242,1731.1463372494823
15243,1731.1463372494823
15244,1731.1463372494823
15245,1731.1463372494823
15246,1731.1463372494823
15247,1731.1463372494823
15248,1731.1463372494823
15249,1731.1463372494823
15250,1731.1463372494823
15251,1731.1463372494823
15252,1731.1463372494823
15253,1731.1463372494823
15254,1731.1463372494823
15255,1731.1463372494823
15256,1731.1463372494823
15257,1731.1463372494823
15258,1731.1463372494823
15259,1731.1463372494823
15260,1731.1463372494823
15261,1731.1463372494823
15262,1731.1463372494823
15263,1731.1463372494823
15264,1731.1463372494823
15265,1731.1463372494823
15266,1731.1463372494823
15267,1731.1463372494823
15268,1731.1463372494823
15269,1731.1463372494823
15270,1731.1463372494823
15271,1731.1463372494823
15272,1731.1463372494823
15273,1731.1463372494823
15274,1731.1463372494823
15275,1731.1463372494823
15276,1731.1463372494823
15277,1731.1463372494823
15278,1731.1463372494823
15279,1731.1463372494823
15280,1731.1463372494823
15281,1731.1463372494823
15282,1731.1463372494823
15283,1731.1463372494823
15284,1731.1463372494823
15285,1731.1463372494823
15286,1731.1463372494823
15287,1731.1463372494823
15288,1731.1463372494823
15289,1731.1463372494823
15290,1731.1463372494823
15291,1731.1463372494823
15292,1731.1463372494823
15293,1731.1463372494823
15294,1731.1463372494823
15295,1731.1463372494823
15296,1731.1463372494823
15297,1731.1463372494823
15298,1731.1463372494823
15299,1731.1463372494823
15300,1731.1463372494823
15301,1731.1463372494823
15302,1731.1463372494823
15303,1731.1463372494823
15304,1731.1463372494823
15305,1731.1463372494823
15306,1731.1463372494823
15307,1731.1463372494823
15308,1731.1463372494823
15309,1731.1463372494823
15310,1731.1463372494823
15311,1731.1463372494823
15312,1731.1463372494823
15313,1731.1463372494823
15314,1731.1463372494823
15315,1731.1463372494823
15316,1731.1463372494823
15317,1731.1463372494823
15318,1731.1463372494823
15319,1731.1463372494823
15320,1731.1463372494823
15321,1731.1463372494823
15322,1731.1463372494823
15323,1731.1463372494823
15324,1731.1463372494823
15325,1731.1463372494823
15326,1731.1463372494823
15327,1731.1463372494823
15328,1731.1463372494823
15329,1731.1463372494823
15330,1731.1463372494823
15331,1731.1463372494823
15332,1731.1463372494823
15333,1731.1463372494823
15334,1731.1463372494823
15335,1731.1463372494823
15336,1731.1463372494823
15337,1731.1463372494823
15338,1731.1463372494823
15339,1731.1463372494823
15340,1731.1463372494823
15341,1731.1463372494823
15342,1731.1463372494823
15343,1731.1463372494823
15344,1731.1463372494823
15345,1731.1463372494823
15346,1731.1463372494823
15347,1731.1463372494823
15348,1731.1463372494823
15349,1731.1463372494823
15350,1731.1463372494823
15351,1731.1463372494823
15352,1731.1463372494823
15353,1731.1463372494823
15354,1731.1463372494823
15355,1731.1463372494823
15356,1731.1463372494823
15357,1731.1463372494823
15358,1731.1463372494823
15359,1731.1463372494823
15360,1731.1463372494823
15361,1731.1463372494823
15362,1731.1463372494823
15363,1731.1463372494823
15364,1731.1463372494823
15365,1731.1463372494823
15366,1731.1463372494823
15367,1731.1463372494823
15368,1731.1463372494823
15369,1731.1463372494823
15370,1731.1463372494823
15371,1731.1463372494823
15372,1731.1463372494823
15373,1731.1463372494823
15374,1731.1463372494823
15375,1731.1463372494823
15376,1731.1463372494823
15377,1731.1463372494823
15378,1731.1463372494823
15379,1731.1463372494823
15380,1731.1463372494823
15381,1731.1463372494823
15382,1731.1463372494823
15383,1731.1463372494823
15384,1731.1463372494823
15385,1731.1463372494823
15386,1731.1463372494823
15387,1731.1463372494823
15388,1731.1463372494823
15389,1731.1463372494823
15390,1731.1463372494823
15391,1731.1463372494823
15392,1731.1463372494823
15393,1731.1463372494823
15394,1731.1463372494823
15395,1731.1463372494823
15396,1731.1463372494823
15397,1731.1463372494823
15398,1731.1463372494823
15399,1731.1463372494823
15400,1731.1463372494823
15401,1731.1463372494823
15402,1731.1463372494823
15403,1731.1463372494823
15404,1731.1463372494823
15405,1731.1463372494823
15406,1731.1463372494823
15407,1731.1463372494823
15408,1731.1463372494823
15409,1731.1463372494823
15410,1731.1463372494823
15411,1731.1463372494823
15412,1731.1463372494823
15413,1731.1463372494823
15414,1731.1463372494823
15415,1731.1463372494823
15416,1731.1463372494823
15417,1731.1463372494823
15418,1731.1463372494823
15419,1731.1463372494823
15420,1731.1463372494823
15421,1731.1463372494823
15422,1731.1463372494823
15423,1731.1463372494823
15424,1731.1463372494823
15425,1731.1463372494823
15426,1731.1463372494823
15427,1731.1463372494823
15428,1731.1463372494823
15429,1731.1463372494823
15430,1731.1463372494823
15431,1731.1463372494823
15432,1731.1463372494823
15433,1731.1463372494823
15434,1731.1463372494823
15435,1731.1463372494823
15436,1731.1463372494823
15437,1731.1463372494823
15438,1731.1463372494823
15439,1731.1463372494823
15440,1731.1463372494823
15441,1731.1463372494823
15442,1731.1463372494823
15443,1731.1463372494823
15444,1731.1463372494823
15445,1731.1463372494823
15446,1731.1463372494823
15447,1731.1463372494823
15448,1731.1463372494823
15449,1731.1463372494823
15450,1731.1463372494823
15451,1731.1463372494823
15452,1731.1463372494823
15453,1731.1463372494823
15454,1731.1463372494823
15455,1731.1463372494823
15456,1731.1463372494823
15457,1731.1463372494823
15458,1731.1463372494823
15459,1731.1463372494823
15460,1731.1463372494823
15461,1731.1463372494823
15462,1731.1463372494823
15463,1731.1463372494823
15464,1731.1463372494823
15465,1731.1463372494823
15466,1731.1463372494823
15467,1731.1463372494823
15468,1731.1463372494823
15469,1731.1463372494823
15470,1731.1463372494823
15471,1731.1463372494823
15472,1731.1463372494823
15473,1731.1463372494823
15474,1731.1463372494823
15475,1731.1463372494823
15476,1731.1463372494823
15477,1731.1463372494823
15478,1731.1463372494823
15479,1731.1463372494823
15480,1731.1463372494823
15481,1731.1463372494823
15482,1731.1463372494823
15483,1731.1463372494823
15484,1731.1463372494823
15485,1731.1463372494823
15486,1731.1463372494823
15487,1731.1463372494823
15488,1731.1463372494823
15489,1731.1463372494823
15490,1731.1463372494823
15491,1731.1463372494823
15492,1731.1463372494823
15493,1731.1463372494823
15494,1731.1463372494823
15495,1731.1463372494823
15496,1731.1463372494823
15497,1731.1463372494823
15498,1731.1463372494823
15499,1731.1463372494823
15500,1731.1463372494823
15501,1731.1463372494823
15502,1731.1463372494823
15503,1731.1463372494823
15504,1731.1463372494823
15505,1731.1463372494823
15506,1731.1463372494823
15507,1731.1463372494823
15508,1731.1463372494823
15509,1731.1463372494823
15510,1731.1463372494823
15511,1731.1463372494823
15512,1731.1463372494823
15513,1731.1463372494823
15514,1731.1463372494823
15515,1731.1463372494823
15516,1731.1463372494823
15517,1731.1463372494823
15518,1731.1463372494823
15519,1731.1463372494823
15520,1731.1463372494823
15521,1731.1463372494823
15522,1731.1463372494823
15523,1731.1463372494823
15524,1731.1463372494823
15525,1731.1463372494823
15526,1731.1463372494823
15527,1731.1463372494823
15528,1731.1463372494823
15529,1731.1463372494823
15530,1731.1463372494823
15531,1731.1463372494823
15532,1731.1463372494823
15533,1731.1463372494823
15534,1731.1463372494823
15535,1731.1463372494823
15536,1731.1463372494823
15537,1731.1463372494823
15538,1731.1463372494823
15539,1731.1463372494823
15540,1731.1463372494823
15541,1731.1463372494823
15542,1731.1463372494823
15543,1731.1463372494823
15544,1731.1463372494823
15545,1731.1463372494823
15546,1731.1463372494823
15547,1731.1463372494823
15548,1731.1463372494823
15549,1731.1463372494823
15550,1731.1463372494823
15551,1731.1463372494823
15552,1731.1463372494823
15553,1731.1463372494823
15554,1731.1463372494823
15555,1731.1463372494823
15556,1731.1463372494823
15557,1731.1463372494823
15558,1731.1463372494823
15559,1731.1463372494823
15560,1731.1463372494823
15561,1731.1463372494823
15562,1731.1463372494823
15563,1731.1463372494823
15564,1731.1463372494823
15565,1731.1463372494823
15566,1731.1463372494823
15567,1731.1463372494823
15568,1731.1463372494823
15569,1731.1463372494823
15570,1731.1463372494823
15571,1731.1463372494823
15572,1731.1463372494823
15573,1731.1463372494823
15574,1731.1463372494823
15575,1731.1463372494823
15576,1731.1463372494823
15577,1731.1463372494823
15578,1731.1463372494823
15579,1731.1463372494823
15580,1731.1463372494823
15581,1731.1463372494823
15582,1731.1463372494823
15583,1731.1463372494823
15584,1731.1463372494823
15585,1731.1463372494823
15586,1731.1463372494823
15587,1731.1463372494823
15588,1731.1463372494823
15589,1731.1463372494823
15590,1731.1463372494823
15591,1731.1463372494823
15592,1731.1463372494823
15593,1731.1463372494823
15594,1731.1463372494823
15595,1731.1463372494823
15596,1731.1463372494823
15597,1731.1463372494823
15598,1731.1463372494823
15599,1731.1463372494823
15600,1731.1463372494823
15601,1731.1463372494823
15602,1731.1463372494823
15603,1731.1463372494823
15604,1731.1463372494823
15605,1731.1463372494823
15606,1731.1463372494823
15607,1731.1463372494823
15608,1731.1463372494823
15609,1731.1463372494823
15610,1731.1463372494823
15611,1731.1463372494823
15612,1731.1463372494823
15613,1731.1463372494823
15614,1731.1463372494823
15615,1731.1463372494823
15616,1731.1463372494823
15617,1731.1463372494823
15618,1731.1463372494823
15619,1731.1463372494823
15620,1731.1463372494823
15621,1731.1463372494823
15622,1731.1463372494823
15623,1731.1463372494823
15624,1731.1463372494823
15625,1731.1463372494823
15626,1731.1463372494823
15627,1731.1463372494823
15628,1731.1463372494823
15629,1731.1463372494823
15630,1731.1463372494823
15631,1731.1463372494823
15632,1731.1463372494823
15633,1731.1463372494823
15634,1731.1463372494823
15635,1731.1463372494823
15636,1731.1463372494823
15637,1731.1463372494823
15638,1731.1463372494823
15639,1731.1463372494823
15640,1731.1463372494823
15641,1731.1463372494823
15642,1731.1463372494823
15643,1731.1463372494823
15644,1731.1463372494823
15645,1731.1463372494823
15646,1731.1463372494823
15647,1731.1463372494823
15648,1731.1463372494823
15649,1731.1463372494823
15650,1731.1463372494823
15651,1731.1463372494823
15652,1731.1463372494823
15653,1731.1463372494823
15654,1731.1463372494823
15655,1731.1463372494823
15656,1731.1463372494823
15657,1731.1463372494823
15658,1731.1463372494823
15659,1731.1463372494823
15660,1731.1463372494823
15661,1731.1463372494823
15662,1731.1463372494823
15663,1731.1463372494823
15664,1731.1463372494823
15665,1731.1463372494823
15666,1731.1463372494823
15667,1731.1463372494823
15668,1731.1463372494823
15669,1731.1463372494823
15670,1731.1463372494823
15671,1731.1463372494823
15672,1731.1463372494823
15673,1731.1463372494823
15674,1731.1463372494823
15675,1731.1463372494823
15676,1731.1463372494823
15677,1731.1463372494823
15678,1731.1463372494823
15679,1731.1463372494823
15680,1731.1463372494823
15681,1731.1463372494823
15682,1731.1463372494823
15683,1731.1463372494823
15684,1731.1463372494823
15685,1731.1463372494823
15686,1731.1463372494823
15687,1731.1463372494823
15688,1731.1463372494823
15689,1731.1463372494823
15690,1731.1463372494823
15691,1731.1463372494823
15692,1731.1463372494823
15693,1731.1463372494823
15694,1731.1463372494823
15695,1731.1463372494823
15696,1731.1463372494823
15697,1731.1463372494823
15698,1731.1463372494823
15699,1731.1463372494823
15700,1731.1463372494823
15701,1731.1463372494823
15702,1731.1463372494823
15703,1731.1463372494823
15704,1731.1463372494823
15705,1731.1463372494823
15706,1731.1463372494823
15707,1731.1463372494823
15708,1731.1463372494823
15709,1731.1463372494823
15710,1731.1463372494823
15711,1731.1463372494823
15712,1731.1463372494823
15713,1731.1463372494823
15714,1731.1463372494823
15715,1731.1463372494823
15716,1731.1463372494823
15717,1731.1463372494823
15718,1731.1463372494823
15719,1731.1463372494823
15720,1731.1463372494823
15721,1731.1463372494823
15722,1731.1463372494823
15723,1731.1463372494823
15724,1731.1463372494823
15725,1731.1463372494823
15726,1731.1463372494823
15727,1731.1463372494823
15728,1731.1463372494823
15729,1731.1463372494823
15730,1731.1463372494823
15731,1731.1463372494823
15732,1731.1463372494823
15733,1731.1463372494823
15734,1731.1463372494823
15735,1731.1463372494823
15736,1731.1463372494823
15737,1731.1463372494823
15738,1731.1463372494823
15739,1731.1463372494823
15740,1731.1463372494823
15741,1731.1463372494823
15742,1731.1463372494823
15743,1731.1463372494823
15744,1731.1463372494823
15745,1731.1463372494823
15746,1731.1463372494823
15747,1731.1463372494823
15748,1731.1463372494823
15749,1731.1463372494823
15750,1731.1463372494823
15751,1731.1463372494823
15752,1731.1463372494823
15753,1731.1463372494823
15754,1731.1463372494823
15755,1731.1463372494823
15756,1731.1463372494823
15757,1731.1463372494823
15758,1731.1463372494823
15759,1731.1463372494823
15760,1731.1463372494823
15761,1731.1463372494823
15762,1731.1463372494823
15763,1731.1463372494823
15764,1731.1463372494823
15765,1731.1463372494823
15766,1731.1463372494823
15767,1731.1463372494823
15768,1731.1463372494823
15769,1731.1463372494823
15770,1731.1463372494823
15771,1731.1463372494823
15772,1731.1463372494823
15773,1731.1463372494823
15774,1731.1463372494823
15775,1731.1463372494823
15776,1731.1463372494823
15777,1731.1463372494823
15778,1731.1463372494823
15779,1731.1463372494823
15780,1731.1463372494823
15781,1731.1463372494823
15782,1731.1463372494823
15783,1731.1463372494823
15784,1731.1463372494823
15785,1731.1463372494823
15786,1731.1463372494823
15787,1731.1463372494823
15788,1731.1463372494823
15789,1731.1463372494823
15790,1731.1463372494823
15791,1731.1463372494823
15792,1731.1463372494823
15793,1731.1463372494823
15794,1731.1463372494823
15795,1731.1463372494823
15796,1731.1463372494823
15797,1731.1463372494823
15798,1731.1463372494823
15799,1731.1463372494823
15800,1731.1463372494823
15801,1731.1463372494823
15802,1731.1463372494823
15803,1731.1463372494823
15804,1731.1463372494823
15805,1731.1463372494823
15806,1731.1463372494823
15807,1731.1463372494823
15808,1731.1463372494823
15809,1731.1463372494823
15810,1731.1463372494823
15811,1731.1463372494823
15812,1731.1463372494823
15813,1731.1463372494823
15814,1731.1463372494823
15815,1731.1463372494823
15816,1731.1463372494823
15817,1731.1463372494823
15818,1731.1463372494823
15819,1731.1463372494823
15820,1731.1463372494823
15821,1731.1463372494823
15822,1731.1463372494823
15823,1731.1463372494823
15824,1731.1463372494823
15825,1731.1463372494823
15826,1731.1463372494823
15827,1731.1463372494823
15828,1731.1463372494823
15829,1731.1463372494823
15830,1731.1463372494823
15831,1731.1463372494823
15832,1731.1463372494823
15833,1731.1463372494823
15834,1731.1463372494823
15835,1731.1463372494823
15836,1731.1463372494823
15837,1731.1463372494823
15838,1731.1463372494823
15839,1731.1463372494823
15840,1731.1463372494823
15841,1731.1463372494823
15842,1731.1463372494823
15843,1731.1463372494823
15844,1731.1463372494823
15845,1731.1463372494823
15846,1731.1463372494823
15847,1731.1463372494823
15848,1731.1463372494823
15849,1731.1463372494823
15850,1731.1463372494823
15851,1731.1463372494823
15852,1731.1463372494823
15853,1731.1463372494823
15854,1731.1463372494823
15855,1731.1463372494823
15856,1731.1463372494823
15857,1731.1463372494823
15858,1731.1463372494823
15859,1731.1463372494823
15860,1731.1463372494823
15861,1731.1463372494823
15862,1731.1463372494823
15863,1731.1463372494823
15864,1731.1463372494823
15865,1731.1463372494823
15866,1731.1463372494823
15867,1731.1463372494823
15868,1731.1463372494823
15869,1731.1463372494823
15870,1731.1463372494823
15871,1731.1463372494823
15872,1731.1463372494823
15873,1731.1463372494823
15874,1731.1463372494823
15875,1731.1463372494823
15876,1731.1463372494823
15877,1731.1463372494823
15878,1731.1463372494823
15879,1731.1463372494823
15880,1731.1463372494823
15881,1731.1463372494823
15882,1731.1463372494823
15883,1731.1463372494823
15884,1731.1463372494823
15885,1731.1463372494823
15886,1731.1463372494823
15887,1731.1463372494823
15888,1731.1463372494823
15889,1731.1463372494823
15890,1731.1463372494823
15891,1731.1463372494823
15892,1731.1463372494823
15893,1731.1463372494823
15894,1731.1463372494823
15895,1731.1463372494823
15896,1731.1463372494823
15897,1731.1463372494823
15898,1731.1463372494823
15899,1731.1463372494823
15900,1731.1463372494823
15901,1731.1463372494823
15902,1731.1463372494823
15903,1731.1463372494823
15904,1731.1463372494823
15905,1731.1463372494823
15906,1731.1463372494823
15907,1731.1463372494823
15908,1731.1463372494823
15909,1731.1463372494823
15910,1731.1463372494823
15911,1731.1463372494823
15912,1731.1463372494823
15913,1731.1463372494823
15914,1731.1463372494823
15915,1731.1463372494823
15916,1731.1463372494823
15917,1731.1463372494823
15918,1731.1463372494823
15919,1731.1463372494823
15920,1731.1463372494823
15921,1731.1463372494823
15922,1731.1463372494823
15923,1731.1463372494823
15924,1731.1463372494823
15925,1731.1463372494823
15926,1731.1463372494823
15927,1731.1463372494823
15928,1731.1463372494823
15929,1731.1463372494823
15930,1731.1463372494823
15931,1731.1463372494823
15932,1731.1463372494823
15933,1731.1463372494823
15934,1731.1463372494823
15935,1731.1463372494823
15936,1731.1463372494823
15937,1731.1463372494823
15938,1731.1463372494823
15939,1731.1463372494823
15940,1731.1463372494823
15941,1731.1463372494823
15942,1731.1463372494823
15943,1731.1463372494823
15944,1731.1463372494823
15945,1731.1463372494823
15946,1731.1463372494823
15947,1731.1463372494823
15948,1731.1463372494823
15949,1731.1463372494823
15950,1731.1463372494823
15951,1731.1463372494823
15952,1731.1463372494823
15953,1731.1463372494823
15954,1731.1463372494823
15955,1731.1463372494823
15956,1731.1463372494823
15957,1731.1463372494823
15958,1731.1463372494823
15959,1731.1463372494823
15960,1731.1463372494823
15961,1731.1463372494823
15962,1731.1463372494823
15963,1731.1463372494823
15964,1731.1463372494823
15965,1731.1463372494823
15966,1731.1463372494823
15967,1731.1463372494823
15968,1731.1463372494823
15969,1731.1463372494823
15970,1731.1463372494823
15971,1731.1463372494823
15972,1731.1463372494823
15973,1731.1463372494823
15974,1731.1463372494823
15975,1731.1463372494823
15976,1731.1463372494823
15977,1731.1463372494823
15978,1731.1463372494823
15979,1731.1463372494823
15980,1731.1463372494823
15981,1731.1463372494823
15982,1731.1463372494823
15983,1731.1463372494823
15984,1731.1463372494823
15985,1731.1463372494823
15986,1731.1463372494823
15987,1731.1463372494823
15988,1731.1463372494823
15989,1731.1463372494823
15990,1731.1463372494823
15991,1731.1463372494823
15992,1731.1463372494823
15993,1731.1463372494823
15994,1731.1463372494823
15995,1731.1463372494823
15996,1731.1463372494823
15997,1731.1463372494823
15998,1731.1463372494823
15999,1731.1463372494823
16000,1731.1463372494823
16001,1731.1463372494823
16002,1731.1463372494823
16003,1731.1463372494823
16004,1731.1463372494823
16005,1731.1463372494823
16006,1731.1463372494823
16007,1731.1463372494823
16008,1731.1463372494823
16009,1731.1463372494823
16010,1731.1463372494823
16011,1731.1463372494823
16012,1731.1463372494823
16013,1731.1463372494823
16014,1731.1463372494823
16015,1731.1463372494823
16016,1731.1463372494823
16017,1731.1463372494823
16018,1731.1463372494823
16019,1731.1463372494823
16020,1731.1463372494823
16021,1731.1463372494823
16022,1731.1463372494823
16023,1731.1463372494823
16024,1731.1463372494823
16025,1731.1463372494823
16026,1731.1463372494823
16027,1731.1463372494823
16028,1731.1463372494823
16029,1731.1463372494823
16030,1731.1463372494823
16031,1731.1463372494823
16032,1731.1463372494823
16033,1731.1463372494823
16034,1731.1463372494823
16035,1731.1463372494823
16036,1731.1463372494823
16037,1731.1463372494823
16038,1731.1463372494823
16039,1731.1463372494823
16040,1731.1463372494823
16041,1731.1463372494823
16042,1731.1463372494823
16043,1731.1463372494823
16044,1731.1463372494823
16045,1731.1463372494823
16046,1731.1463372494823
16047,1731.1463372494823
16048,1731.1463372494823
16049,1731.1463372494823
16050,1731.1463372494823
16051,1731.1463372494823
16052,1731.1463372494823
16053,1731.1463372494823
16054,1731.1463372494823
16055,1731.1463372494823
16056,1731.1463372494823
16057,1731.1463372494823
16058,1731.1463372494823
16059,1731.1463372494823
16060,1731.1463372494823
16061,1731.1463372494823
16062,1731.1463372494823
16063,1731.1463372494823
16064,1731.1463372494823
16065,1731.1463372494823
16066,1731.1463372494823
16067,1731.1463372494823
16068,1731.1463372494823
16069,1731.1463372494823
16070,1731.1463372494823
16071,1731.1463372494823
16072,1731.1463372494823
16073,1731.1463372494823
16074,1731.1463372494823
16075,1731.1463372494823
16076,1731.1463372494823
16077,1731.1463372494823
16078,1731.1463372494823
16079,1731.1463372494823
16080,1731.1463372494823
16081,1731.1463372494823
16082,1731.1463372494823
16083,1731.1463372494823
16084,1731.1463372494823
16085,1731.1463372494823
16086,1731.1463372494823
16087,1731.1463372494823
16088,1731.1463372494823
16089,1731.1463372494823
16090,1731.1463372494823
16091,1731.1463372494823
16092,1731.1463372494823
16093,1731.1463372494823
16094,1731.1463372494823
16095,1731.1463372494823
16096,1731.1463372494823
16097,1731.1463372494823
16098,1731.1463372494823
16099,1731.1463372494823
16100,1731.1463372494823
16101,1731.1463372494823
16102,1731.1463372494823
16103,1731.1463372494823
16104,1731.1463372494823
16105,1731.1463372494823
16106,1731.1463372494823
16107,1731.1463372494823
16108,1731.1463372494823
16109,1731.1463372494823
16110,1731.1463372494823
16111,1731.1463372494823
16112,1731.1463372494823
16113,1731.1463372494823
16114,1731.1463372494823
16115,1731.1463372494823
16116,1731.1463372494823
16117,1731.1463372494823
16118,1731.1463372494823
16119,1731.1463372494823
16120,1731.1463372494823
16121,1731.1463372494823
16122,1731.1463372494823
16123,1731.1463372494823
16124,1731.1463372494823
16125,1731.1463372494823
16126,1731.1463372494823
16127,1731.1463372494823
16128,1731.1463372494823
16129,1731.1463372494823
16130,1731.1463372494823
16131,1731.1463372494823
16132,1731.1463372494823
16133,1731.1463372494823
16134,1731.1463372494823
16135,1731.1463372494823
16136,1731.1463372494823
16137,1731.1463372494823
16138,1731.1463372494823
16139,1731.1463372494823
16140,1731.1463372494823
16141,1731.1463372494823
16142,1731.1463372494823
16143,1731.1463372494823
16144,1731.1463372494823
16145,1731.1463372494823
16146,1731.1463372494823
16147,1731.1463372494823
16148,1731.1463372494823
16149,1731.1463372494823
16150,1731.1463372494823
16151,1731.1463372494823
16152,1731.1463372494823
16153,1731.1463372494823
16154,1731.1463372494823
16155,1731.1463372494823
16156,1731.1463372494823
16157,1731.1463372494823
16158,1731.1463372494823
16159,1731.1463372494823
16160,1731.1463372494823
16161,1731.1463372494823
16162,1731.1463372494823
16163,1731.1463372494823
16164,1731.1463372494823
16165,1731.1463372494823
16166,1731.1463372494823
16167,1731.1463372494823
16168,1731.1463372494823
16169,1731.1463372494823
16170,1731.1463372494823
16171,1731.1463372494823
16172,1731.1463372494823
16173,1731.1463372494823
16174,1731.1463372494823
16175,1731.1463372494823
16176,1731.1463372494823
16177,1731.1463372494823
16178,1731.1463372494823
16179,1731.1463372494823
16180,1731.1463372494823
16181,1731.1463372494823
16182,1731.1463372494823
16183,1731.1463372494823
16184,1731.1463372494823
16185,1731.1463372494823
16186,1731.1463372494823
16187,1731.1463372494823
16188,1731.1463372494823
16189,1731.1463372494823
16190,1731.1463372494823
16191,1731.1463372494823
16192,1731.1463372494823
16193,1731.1463372494823
16194,1731.1463372494823
16195,1731.1463372494823
16196,1731.1463372494823
16197,1731.1463372494823
16198,1731.1463372494823
16199,1731.1463372494823
16200,1731.1463372494823
16201,1731.1463372494823
16202,1731.1463372494823
16203,1731.1463372494823
16204,1731.1463372494823
16205,1731.1463372494823
16206,1731.1463372494823
16207,1731.1463372494823
16208,1731.1463372494823
16209,1731.1463372494823
16210,1731.1463372494823
16211,1731.1463372494823
16212,1731.1463372494823
16213,1731.1463372494823
16214,1731.1463372494823
16215,1731.1463372494823
16216,1731.1463372494823
16217,1731.1463372494823
16218,1731.1463372494823
16219,1731.1463372494823
16220,1731.1463372494823
16221,1731.1463372494823
16222,1731.1463372494823
16223,1731.1463372494823
16224,1731.1463372494823
16225,1731.1463372494823
16226,1731.1463372494823
16227,1731.1463372494823
16228,1731.1463372494823
16229,1731.1463372494823
16230,1731.1463372494823
16231,1731.1463372494823
16232,1731.1463372494823
16233,1731.1463372494823
16234,1731.1463372494823
16235,1731.1463372494823
16236,1731.1463372494823
16237,1731.1463372494823
16238,1731.1463372494823
16239,1731.1463372494823
16240,1731.1463372494823
16241,1731.1463372494823
16242,1731.1463372494823
16243,1731.1463372494823
16244,1731.1463372494823
16245,1731.1463372494823
16246,1731.1463372494823
16247,1731.1463372494823
16248,1731.1463372494823
16249,1731.1463372494823
16250,1731.1463372494823
16251,1731.1463372494823
16252,1731.1463372494823
16253,1731.1463372494823
16254,1731.1463372494823
16255,1731.1463372494823
16256,1731.1463372494823
16257,1731.1463372494823
16258,1731.1463372494823
16259,1731.1463372494823
16260,1731.1463372494823
16261,1731.1463372494823
16262,1731.1463372494823
16263,1731.1463372494823
16264,1731.1463372494823
16265,1731.1463372494823
16266,1731.1463372494823
16267,1731.1463372494823
16268,1731.1463372494823
16269,1731.1463372494823
16270,1731.1463372494823
16271,1731.1463372494823
16272,1731.1463372494823
16273,1731.1463372494823
16274,1731.1463372494823
16275,1731.1463372494823
16276,1731.1463372494823
16277,1731.1463372494823
16278,1731.1463372494823
16279,1731.1463372494823
16280,1731.1463372494823
16281,1731.1463372494823
16282,1731.1463372494823
16283,1731.1463372494823
16284,1731.1463372494823
16285,1731.1463372494823
16286,1731.1463372494823
16287,1731.1463372494823
16288,1731.1463372494823
16289,1731.1463372494823
16290,1731.1463372494823
16291,1731.1463372494823
16292,1731.1463372494823
16293,1731.1463372494823
16294,1731.1463372494823
16295,1731.1463372494823
16296,1731.1463372494823
16297,1731.1463372494823
16298,1731.1463372494823
16299,1731.1463372494823
16300,1731.1463372494823
16301,1731.1463372494823
16302,1731.1463372494823
16303,1731.1463372494823
16304,1731.1463372494823
16305,1731.1463372494823
16306,1731.1463372494823
16307,1731.1463372494823
16308,1731.1463372494823
16309,1731.1463372494823
16310,1731.1463372494823
16311,1731.1463372494823
16312,1731.1463372494823
16313,1731.1463372494823
16314,1731.1463372494823
16315,1731.1463372494823
16316,1731.1463372494823
16317,1731.1463372494823
16318,1731.1463372494823
16319,1731.1463372494823
16320,1731.1463372494823
16321,1731.1463372494823
16322,1731.1463372494823
16323,1731.1463372494823
16324,1731.1463372494823
16325,1731.1463372494823
16326,1731.1463372494823
16327,1731.1463372494823
16328,1731.1463372494823
16329,1731.1463372494823
16330,1731.1463372494823
16331,1731.1463372494823
16332,1731.1463372494823
16333,1731.1463372494823
16334,1731.1463372494823
16335,1731.1463372494823
16336,1731.1463372494823
16337,1731.1463372494823
16338,1731.1463372494823
16339,1731.1463372494823
16340,1731.1463372494823
16341,1731.1463372494823
16342,1731.1463372494823
16343,1731.1463372494823
16344,1731.1463372494823
16345,1731.1463372494823
16346,1731.1463372494823
16347,1731.1463372494823
16348,1731.1463372494823
16349,1731.1463372494823
16350,1731.1463372494823
16351,1731.1463372494823
16352,1731.1463372494823
16353,1731.1463372494823
16354,1731.1463372494823
16355,1731.1463372494823
16356,1731.1463372494823
16357,1731.1463372494823
16358,1731.1463372494823
16359,1731.1463372494823
16360,1731.1463372494823
16361,1731.1463372494823
16362,1731.1463372494823
16363,1731.1463372494823
16364,1731.1463372494823
16365,1731.1463372494823
16366,1731.1463372494823
16367,1731.1463372494823
16368,1731.1463372494823
16369,1731.1463372494823
16370,1731.1463372494823
16371,1731.1463372494823
16372,1731.1463372494823
16373,1731.1463372494823
16374,1731.1463372494823
16375,1731.1463372494823
16376,1731.1463372494823
16377,1731.1463372494823
16378,1731.1463372494823
16379,1731.1463372494823
16380,1731.1463372494823
16381,1731.1463372494823
16382,1731.1463372494823
16383,1731.1463372494823
16384,1731.1463372494823
16385,1731.1463372494823
16386,1731.1463372494823
16387,1731.1463372494823
16388,1731.1463372494823
16389,1731.1463372494823
16390,1731.1463372494823
16391,1731.1463372494823
16392,1731.1463372494823
16393,1731.1463372494823
16394,1731.1463372494823
16395,1731.1463372494823
16396,1731.1463372494823
16397,1731.1463372494823
16398,1731.1463372494823
16399,1731.1463372494823
16400,1731.1463372494823
16401,1731.1463372494823
16402,1731.1463372494823
16403,1731.1463372494823
16404,1731.1463372494823
16405,1731.1463372494823
16406,1731.1463372494823
16407,1731.1463372494823
16408,1731.1463372494823
16409,1731.1463372494823
16410,1731.1463372494823
16411,1731.1463372494823
16412,1731.1463372494823
16413,1731.1463372494823
16414,1731.1463372494823
16415,1731.1463372494823
16416,1731.1463372494823
16417,1731.1463372494823
16418,1731.1463372494823
16419,1731.1463372494823
16420,1731.1463372494823
16421,1731.1463372494823
16422,1731.1463372494823
16423,1731.1463372494823
16424,1731.1463372494823
16425,1731.1463372494823
16426,1731.1463372494823
16427,1731.1463372494823
16428,1731.1463372494823
16429,1731.1463372494823
16430,1731.1463372494823
16431,1731.1463372494823
16432,1731.1463372494823
16433,1731.1463372494823
16434,1731.1463372494823
16435,1731.1463372494823
16436,1731.1463372494823
16437,1731.1463372494823
16438,1731.1463372494823
16439,1731.1463372494823
16440,1731.1463372494823
16441,1731.1463372494823
16442,1731.1463372494823
16443,1731.1463372494823
16444,1731.1463372494823
16445,1731.1463372494823
16446,1731.1463372494823
16447,1731.1463372494823
16448,1731.1463372494823
16449,1731.1463372494823
16450,1731.1463372494823
16451,1731.1463372494823
16452,1731.1463372494823
16453,1731.1463372494823
16454,1731.1463372494823
16455,1731.1463372494823
16456,1731.1463372494823
16457,1731.1463372494823
16458,1731.1463372494823
16459,1731.1463372494823
16460,1731.1463372494823
16461,1731.1463372494823
16462,1731.1463372494823
16463,1731.1463372494823
16464,1731.1463372494823
16465,1731.1463372494823
16466,1731.1463372494823
16467,1731.1463372494823
16468,1731.1463372494823
16469,1731.1463372494823
16470,1731.1463372494823
16471,1731.1463372494823
16472,1731.1463372494823
16473,1731.1463372494823
16474,1731.1463372494823
16475,1731.1463372494823
16476,1731.1463372494823
16477,1731.1463372494823
16478,1731.1463372494823
16479,1731.1463372494823
16480,1731.1463372494823
16481,1731.1463372494823
16482,1731.1463372494823
16483,1731.1463372494823
16484,1731.1463372494823
16485,1731.1463372494823
16486,1731.1463372494823
16487,1731.1463372494823
16488,1731.1463372494823
16489,1731.1463372494823
16490,1731.1463372494823
16491,1731.1463372494823
16492,1731.1463372494823
16493,1731.1463372494823
16494,1731.1463372494823
16495,1731.1463372494823
16496,1731.1463372494823
16497,1731.1463372494823
16498,1731.1463372494823
16499,1731.1463372494823
16500,1731.1463372494823
16501,1731.1463372494823
16502,1731.1463372494823
16503,1731.1463372494823
16504,1731.1463372494823
16505,1731.1463372494823
16506,1731.1463372494823
16507,1731.1463372494823
16508,1731.1463372494823
16509,1731.1463372494823
16510,1731.1463372494823
16511,1731.1463372494823
16512,1731.1463372494823
16513,1731.1463372494823
16514,1731.1463372494823
16515,1731.1463372494823
16516,1731.1463372494823
16517,1731.1463372494823
16518,1731.1463372494823
16519,1731.1463372494823
16520,1731.1463372494823
16521,1731.1463372494823
16522,1731.1463372494823
16523,1731.1463372494823
16524,1731.1463372494823
16525,1731.1463372494823
16526,1731.1463372494823
16527,1731.1463372494823
16528,1731.1463372494823
16529,1731.1463372494823
16530,1731.1463372494823
16531,1731.1463372494823
16532,1731.1463372494823
16533,1731.1463372494823
16534,1731.1463372494823
16535,1731.1463372494823
16536,1731.1463372494823
16537,1731.1463372494823
16538,1731.1463372494823
16539,1731.1463372494823
16540,1731.1463372494823
16541,1731.1463372494823
16542,1731.1463372494823
16543,1731.1463372494823
16544,1731.1463372494823
16545,1731.1463372494823
16546,1731.1463372494823
16547,1731.1463372494823
16548,1731.1463372494823
16549,1731.1463372494823
16550,1731.1463372494823
16551,1731.1463372494823
16552,1731.1463372494823
16553,1731.1463372494823
16554,1731.1463372494823
16555,1731.1463372494823
16556,1731.1463372494823
16557,1731.1463372494823
16558,1731.1463372494823
16559,1731.1463372494823
16560,1731.1463372494823
16561,1731.1463372494823
16562,1731.1463372494823
16563,1731.1463372494823
16564,1731.1463372494823
16565,1731.1463372494823
16566,1731.1463372494823
16567,1731.1463372494823
16568,1731.1463372494823
16569,1731.1463372494823
16570,1731.1463372494823
16571,1731.1463372494823
16572,1731.1463372494823
16573,1731.1463372494823
16574,1731.1463372494823
16575,1731.1463372494823
16576,1731.1463372494823
16577,1731.1463372494823
16578,1731.1463372494823
16579,1731.1463372494823
16580,1731.1463372494823
16581,1731.1463372494823
16582,1731.1463372494823
16583,1731.1463372494823
16584,1731.1463372494823
16585,1731.1463372494823
16586,1731.1463372494823
16587,1731.1463372494823
16588,1731.1463372494823
16589,1731.1463372494823
16590,1731.1463372494823
16591,1731.1463372494823
16592,1731.1463372494823
16593,1731.1463372494823
16594,1731.1463372494823
16595,1731.1463372494823
16596,1731.1463372494823
16597,1731.1463372494823
16598,1731.1463372494823
16599,1731.1463372494823
16600,1731.1463372494823
16601,1731.1463372494823
16602,1731.1463372494823
16603,1731.1463372494823
16604,1731.1463372494823
16605,1731.1463372494823
16606,1731.1463372494823
16607,1731.1463372494823
16608,1731.1463372494823
16609,1731.1463372494823
16610,1731.1463372494823
16611,1731.1463372494823
16612,1731.1463372494823
16613,1731.1463372494823
16614,1731.1463372494823
16615,1731.1463372494823
16616,1731.1463372494823
16617,1731.1463372494823
16618,1731.1463372494823
16619,1731.1463372494823
16620,1731.1463372494823
16621,1731.1463372494823
16622,1731.1463372494823
16623,1731.1463372494823
16624,1731.1463372494823
16625,1731.1463372494823
16626,1731.1463372494823
16627,1731.1463372494823
16628,1731.1463372494823
16629,1731.1463372494823
16630,1731.1463372494823
16631,1731.1463372494823
16632,1731.1463372494823
16633,1731.1463372494823
16634,1731.1463372494823
16635,1731.1463372494823
16636,1731.1463372494823
16637,1731.1463372494823
16638,1731.1463372494823
16639,1731.1463372494823
16640,1731.1463372494823
16641,1731.1463372494823
16642,1731.1463372494823
16643,1731.1463372494823
16644,1731.1463372494823
16645,1731.1463372494823
16646,1731.1463372494823
16647,1731.1463372494823
16648,1731.1463372494823
16649,1731.1463372494823
16650,1731.1463372494823
16651,1731.1463372494823
16652,1731.1463372494823
16653,1731.1463372494823
16654,1731.1463372494823
16655,1731.1463372494823
16656,1731.1463372494823
16657,1731.1463372494823
16658,1731.1463372494823
16659,1731.1463372494823
16660,1731.1463372494823
16661,1731.1463372494823
16662,1731.1463372494823
16663,1731.1463372494823
16664,1731.1463372494823
16665,1731.1463372494823
16666,1731.1463372494823
16667,1731.1463372494823
16668,1731.1463372494823
16669,1731.1463372494823
16670,1731.1463372494823
16671,1731.1463372494823
16672,1731.1463372494823
16673,1731.1463372494823
16674,1731.1463372494823
16675,1731.1463372494823
16676,1731.1463372494823
16677,1731.1463372494823
16678,1731.1463372494823
16679,1731.1463372494823
16680,1731.1463372494823
16681,1731.1463372494823
16682,1731.1463372494823
16683,1731.1463372494823
16684,1731.1463372494823
16685,1731.1463372494823
16686,1731.1463372494823
16687,1731.1463372494823
16688,1731.1463372494823
16689,1731.1463372494823
16690,1731.1463372494823
16691,1731.1463372494823
16692,1731.1463372494823
16693,1731.1463372494823
16694,1731.1463372494823
16695,1731.1463372494823
16696,1731.1463372494823
16697,1731.1463372494823
16698,1731.1463372494823
16699,1731.1463372494823
16700,1731.1463372494823
16701,1731.1463372494823
16702,1731.1463372494823
16703,1731.1463372494823
16704,1731.1463372494823
16705,1731.1463372494823
16706,1731.1463372494823
16707,1731.1463372494823
16708,1731.1463372494823
16709,1731.1463372494823
16710,1731.1463372494823
16711,1731.1463372494823
16712,1731.1463372494823
16713,1731.1463372494823
16714,1731.1463372494823
16715,1731.1463372494823
16716,1731.1463372494823
16717,1731.1463372494823
16718,1731.1463372494823
16719,1731.1463372494823
16720,1731.1463372494823
16721,1731.1463372494823
16722,1731.1463372494823
16723,1731.1463372494823
16724,1731.1463372494823
16725,1731.1463372494823
16726,1731.1463372494823
16727,1731.1463372494823
16728,1731.1463372494823
16729,1731.1463372494823
16730,1731.1463372494823
16731,1731.1463372494823
16732,1731.1463372494823
16733,1731.1463372494823
16734,1731.1463372494823
16735,1731.1463372494823
16736,1731.1463372494823
16737,1731.1463372494823
16738,1731.1463372494823
16739,1731.1463372494823
16740,1731.1463372494823
16741,1731.1463372494823
16742,1731.1463372494823
16743,1731.1463372494823
16744,1731.1463372494823
16745,1731.1463372494823
16746,1731.1463372494823
16747,1731.1463372494823
16748,1731.1463372494823
16749,1731.1463372494823
16750,1731.1463372494823
16751,1731.1463372494823
16752,1731.1463372494823
16753,1731.1463372494823
16754,1731.1463372494823
16755,1731.1463372494823
16756,1731.1463372494823
16757,1731.1463372494823
16758,1731.1463372494823
16759,1731.1463372494823
16760,1731.1463372494823
16761,1731.1463372494823
16762,1731.1463372494823
16763,1731.1463372494823
16764,1731.1463372494823
16765,1731.1463372494823
16766,1731.1463372494823
16767,1731.1463372494823
16768,1731.1463372494823
16769,1731.1463372494823
16770,1731.1463372494823
16771,1731.1463372494823
16772,1731.1463372494823
16773,1731.1463372494823
16774,1731.1463372494823
16775,1731.1463372494823
16776,1731.1463372494823
16777,1731.1463372494823
16778,1731.1463372494823
16779,1731.1463372494823
16780,1731.1463372494823
16781,1731.1463372494823
16782,1731.1463372494823
16783,1731.1463372494823
16784,1731.1463372494823
16785,1731.1463372494823
16786,1731.1463372494823
16787,1731.1463372494823
16788,1731.1463372494823
16789,1731.1463372494823
16790,1731.1463372494823
16791,1731.1463372494823
16792,1731.1463372494823
16793,1731.1463372494823
16794,1731.1463372494823
16795,1731.1463372494823
16796,1731.1463372494823
16797,1731.1463372494823
16798,1731.1463372494823
16799,1731.1463372494823
16800,1731.1463372494823
16801,1731.1463372494823
16802,1731.1463372494823
16803,1731.1463372494823
16804,1731.1463372494823
16805,1731.1463372494823
16806,1731.1463372494823
16807,1731.1463372494823
16808,1731.1463372494823
16809,1731.1463372494823
16810,1731.1463372494823
16811,1731.1463372494823
16812,1731.1463372494823
16813,1731.1463372494823
16814,1731.1463372494823
16815,1731.1463372494823
16816,1731.1463372494823
16817,1731.1463372494823
16818,1731.1463372494823
16819,1731.1463372494823
16820,1731.1463372494823
16821,1731.1463372494823
16822,1731.1463372494823
16823,1731.1463372494823
16824,1731.1463372494823
16825,1731.1463372494823
16826,1731.1463372494823
16827,1731.1463372494823
16828,1731.1463372494823
16829,1731.1463372494823
16830,1731.1463372494823
16831,1731.1463372494823
16832,1731.1463372494823
16833,1731.1463372494823
16834,1731.1463372494823
16835,1731.1463372494823
16836,1731.1463372494823
16837,1731.1463372494823
16838,1731.1463372494823
16839,1731.1463372494823
16840,1731.1463372494823
16841,1731.1463372494823
16842,1731.1463372494823
16843,1731.1463372494823
16844,1731.1463372494823
16845,1731.1463372494823
16846,1731.1463372494823
16847,1731.1463372494823
16848,1731.1463372494823
16849,1731.1463372494823
16850,1731.1463372494823
16851,1731.1463372494823
16852,1731.1463372494823
16853,1731.1463372494823
16854,1731.1463372494823
16855,1731.1463372494823
16856,1731.1463372494823
16857,1731.1463372494823
16858,1731.1463372494823
16859,1731.1463372494823
16860,1731.1463372494823
16861,1731.1463372494823
16862,1731.1463372494823
16863,1731.1463372494823
16864,1731.1463372494823
16865,1731.1463372494823
16866,1731.1463372494823
16867,1731.1463372494823
16868,1731.1463372494823
16869,1731.1463372494823
16870,1731.1463372494823
16871,1731.1463372494823
16872,1731.1463372494823
16873,1731.1463372494823
16874,1731.1463372494823
16875,1731.1463372494823
16876,1731.1463372494823
16877,1731.1463372494823
16878,1731.1463372494823
16879,1731.1463372494823
16880,1731.1463372494823
16881,1731.1463372494823
16882,1731.1463372494823
16883,1731.1463372494823
16884,1731.1463372494823
16885,1731.1463372494823
16886,1731.1463372494823
16887,1731.1463372494823
16888,1731.1463372494823
16889,1731.1463372494823
16890,1731.1463372494823
16891,1731.1463372494823
16892,1731.1463372494823
16893,1731.1463372494823
16894,1731.1463372494823
16895,1731.1463372494823
16896,1731.1463372494823
16897,1731.1463372494823
16898,1731.1463372494823
16899,1731.1463372494823
16900,1731.1463372494823
16901,1731.1463372494823
16902,1731.1463372494823
16903,1731.1463372494823
16904,1731.1463372494823
16905,1731.1463372494823
16906,1731.1463372494823
16907,1731.1463372494823
16908,1731.1463372494823
16909,1731.1463372494823
16910,1731.1463372494823
16911,1731.1463372494823
16912,1731.1463372494823
16913,1731.1463372494823
16914,1731.1463372494823
16915,1731.1463372494823
16916,1731.1463372494823
16917,1731.1463372494823
16918,1731.1463372494823
16919,1731.1463372494823
16920,1731.1463372494823
16921,1731.1463372494823
16922,1731.1463372494823
16923,1731.1463372494823
16924,1731.1463372494823
16925,1731.1463372494823
16926,1731.1463372494823
16927,1731.1463372494823
16928,1731.1463372494823
16929,1731.1463372494823
16930,1731.1463372494823
16931,1731.1463372494823
16932,1731.1463372494823
16933,1731.1463372494823
16934,1731.1463372494823
16935,1731.1463372494823
16936,1731.1463372494823
16937,1731.1463372494823
16938,1731.1463372494823
16939,1731.1463372494823
16940,1731.1463372494823
16941,1731.1463372494823
16942,1731.1463372494823
16943,1731.1463372494823
16944,1731.1463372494823
16945,1731.1463372494823
16946,1731.1463372494823
16947,1731.1463372494823
16948,1731.1463372494823
16949,1731.1463372494823
16950,1731.1463372494823
16951,1731.1463372494823
16952,1731.1463372494823
16953,1731.1463372494823
16954,1731.1463372494823
16955,1731.1463372494823
16956,1731.1463372494823
16957,1731.1463372494823
16958,1731.1463372494823
16959,1731.1463372494823
16960,1731.1463372494823
16961,1731.1463372494823
16962,1731.1463372494823
16963,1731.1463372494823
16964,1731.1463372494823
16965,1731.1463372494823
16966,1731.1463372494823
16967,1731.1463372494823
16968,1731.1463372494823
16969,1731.1463372494823
16970,1731.1463372494823
16971,1731.1463372494823
16972,1731.1463372494823
16973,1731.1463372494823
16974,1731.1463372494823
16975,1731.1463372494823
16976,1731.1463372494823
16977,1731.1463372494823
16978,1731.1463372494823
16979,1731.1463372494823
16980,1731.1463372494823
16981,1731.1463372494823
16982,1731.1463372494823
16983,1731.1463372494823
16984,1731.1463372494823
16985,1731.1463372494823
16986,1731.1463372494823
16987,1731.1463372494823
16988,1731.1463372494823
16989,1731.1463372494823
16990,1731.1463372494823
16991,1731.1463372494823
16992,1731.1463372494823
16993,1731.1463372494823
16994,1731.1463372494823
16995,1731.1463372494823
16996,1731.1463372494823
16997,1731.1463372494823
16998,1731.1463372494823
16999,1731.1463372494823
17000,1731.1463372494823
17001,1731.1463372494823
17002,1731.1463372494823
17003,1731.1463372494823
17004,1731.1463372494823
17005,1731.1463372494823
17006,1731.1463372494823
17007,1731.1463372494823
17008,1731.1463372494823
17009,1731.1463372494823
17010,1731.1463372494823
17011,1731.1463372494823
17012,1731.1463372494823
17013,1731.1463372494823
17014,1731.1463372494823
17015,1731.1463372494823
17016,1731.1463372494823
17017,1731.1463372494823
17018,1731.1463372494823
17019,1731.1463372494823
17020,1731.1463372494823
17021,1731.1463372494823
17022,1731.1463372494823
17023,1731.1463372494823
17024,1731.1463372494823
17025,1731.1463372494823
17026,1731.1463372494823
17027,1731.1463372494823
17028,1731.1463372494823
17029,1731.1463372494823
17030,1731.1463372494823
17031,1731.1463372494823
17032,1731.1463372494823
17033,1731.1463372494823
17034,1731.1463372494823
17035,1731.1463372494823
17036,1731.1463372494823
17037,1731.1463372494823
17038,1731.1463372494823
17039,1731.1463372494823
17040,1731.1463372494823
17041,1731.1463372494823
17042,1731.1463372494823
17043,1731.1463372494823
17044,1731.1463372494823
17045,1731.1463372494823
17046,1731.1463372494823
17047,1731.1463372494823
17048,1731.1463372494823
17049,1731.1463372494823
17050,1731.1463372494823
17051,1731.1463372494823
17052,1731.1463372494823
17053,1731.1463372494823
17054,1731.1463372494823
17055,1731.1463372494823
17056,1731.1463372494823
17057,1731.1463372494823
17058,1731.1463372494823
17059,1731.1463372494823
17060,1731.1463372494823
17061,1731.1463372494823
17062,1731.1463372494823
17063,1731.1463372494823
17064,1731.1463372494823
17065,1731.1463372494823
17066,1731.1463372494823
17067,1731.1463372494823
17068,1731.1463372494823
17069,1731.1463372494823
17070,1731.1463372494823
17071,1731.1463372494823
17072,1731.1463372494823
17073,1731.1463372494823
17074,1731.1463372494823
17075,1731.1463372494823
17076,1731.1463372494823
17077,1731.1463372494823
17078,1731.1463372494823
17079,1731.1463372494823
17080,1731.1463372494823
17081,1731.1463372494823
17082,1731.1463372494823
17083,1731.1463372494823
17084,1731.1463372494823
17085,1731.1463372494823
17086,1731.1463372494823
17087,1731.1463372494823
17088,1731.1463372494823
17089,1731.1463372494823
17090,1731.1463372494823
17091,1731.1463372494823
17092,1731.1463372494823
17093,1731.1463372494823
17094,1731.1463372494823
17095,1731.1463372494823
17096,1731.1463372494823
17097,1731.1463372494823
17098,1731.1463372494823
17099,1731.1463372494823
17100,1731.1463372494823
17101,1731.1463372494823
17102,1731.1463372494823
17103,1731.1463372494823
17104,1731.1463372494823
17105,1731.1463372494823
17106,1731.1463372494823
17107,1731.1463372494823
17108,1731.1463372494823
17109,1731.1463372494823
17110,1731.1463372494823
17111,1731.1463372494823
17112,1731.1463372494823
17113,1731.1463372494823
17114,1731.1463372494823
17115,1731.1463372494823
17116,1731.1463372494823
17117,1731.1463372494823
17118,1731.1463372494823
17119,1731.1463372494823
17120,1731.1463372494823
17121,1731.1463372494823
17122,1731.1463372494823
17123,1731.1463372494823
17124,1731.1463372494823
17125,1731.1463372494823
17126,1731.1463372494823
17127,1731.1463372494823
17128,1731.1463372494823
17129,1731.1463372494823
17130,1731.1463372494823
17131,1731.1463372494823
17132,1731.1463372494823
17133,1731.1463372494823
17134,1731.1463372494823
17135,1731.1463372494823
17136,1731.1463372494823
17137,1731.1463372494823
17138,1731.1463372494823
17139,1731.1463372494823
17140,1731.1463372494823
17141,1731.1463372494823
17142,1731.1463372494823
17143,1731.1463372494823
17144,1731.1463372494823
17145,1731.1463372494823
17146,1731.1463372494823
17147,1731.1463372494823
17148,1731.1463372494823
17149,1731.1463372494823
17150,1731.1463372494823
17151,1731.1463372494823
17152,1731.1463372494823
17153,1731.1463372494823
17154,1731.1463372494823
17155,1731.1463372494823
17156,1731.1463372494823
17157,1731.1463372494823
17158,1731.1463372494823
17159,1731.1463372494823
17160,1731.1463372494823
17161,1731.1463372494823
17162,1731.1463372494823
17163,1731.1463372494823
17164,1731.1463372494823
17165,1731.1463372494823
17166,1731.1463372494823
17167,1731.1463372494823
17168,1731.1463372494823
17169,1731.1463372494823
17170,1731.1463372494823
17171,1731.1463372494823
17172,1731.1463372494823
17173,1731.1463372494823
17174,1731.1463372494823
17175,1731.1463372494823
17176,1731.1463372494823
17177,1731.1463372494823
17178,1731.1463372494823
17179,1731.1463372494823
17180,1731.1463372494823
17181,1731.1463372494823
17182,1731.1463372494823
17183,1731.1463372494823
17184,1731.1463372494823
17185,1731.1463372494823
17186,1731.1463372494823
17187,1731.1463372494823
17188,1731.1463372494823
17189,1731.1463372494823
17190,1731.1463372494823
17191,1731.1463372494823
17192,1731.1463372494823
17193,1731.1463372494823
17194,1731.1463372494823
17195,1731.1463372494823
17196,1731.1463372494823
17197,1731.1463372494823
17198,1731.1463372494823
17199,1731.1463372494823
17200,1731.1463372494823
17201,1731.1463372494823
17202,1731.1463372494823
17203,1731.1463372494823
17204,1731.1463372494823
17205,1731.1463372494823
17206,1731.1463372494823
17207,1731.1463372494823
17208,1731.1463372494823
17209,1731.1463372494823
17210,1731.1463372494823
17211,1731.1463372494823
17212,1731.1463372494823
17213,1731.1463372494823
17214,1731.1463372494823
17215,1731.1463372494823
17216,1731.1463372494823
17217,1731.1463372494823
17218,1731.1463372494823
17219,1731.1463372494823
17220,1731.1463372494823
17221,1731.1463372494823
17222,1731.1463372494823
17223,1731.1463372494823
17224,1731.1463372494823
17225,1731.1463372494823
17226,1731.1463372494823
17227,1731.1463372494823
17228,1731.1463372494823
17229,1731.1463372494823
17230,1731.1463372494823
17231,1731.1463372494823
17232,1731.1463372494823
17233,1731.1463372494823
17234,1731.1463372494823
17235,1731.1463372494823
17236,1731.1463372494823
17237,1731.1463372494823
17238,1731.1463372494823
17239,1731.1463372494823
17240,1731.1463372494823
17241,1731.1463372494823
17242,1731.1463372494823
17243,1731.1463372494823
17244,1731.1463372494823
17245,1731.1463372494823
17246,1731.1463372494823
17247,1731.1463372494823
17248,1731.1463372494823
17249,1731.1463372494823
17250,1731.1463372494823
17251,1731.1463372494823
17252,1731.1463372494823
17253,1731.1463372494823
17254,1731.1463372494823
17255,1731.1463372494823
17256,1731.1463372494823
17257,1731.1463372494823
17258,1731.1463372494823
17259,1731.1463372494823
17260,1731.1463372494823
17261,1731.1463372494823
17262,1731.1463372494823
17263,1731.1463372494823
17264,1731.1463372494823
17265,1731.1463372494823
17266,1731.1463372494823
17267,1731.1463372494823
17268,1731.1463372494823
17269,1731.1463372494823
17270,1731.1463372494823
17271,1731.1463372494823
17272,1731.1463372494823
17273,1731.1463372494823
17274,1731.1463372494823
17275,1731.1463372494823
17276,1731.1463372494823
17277,1731.1463372494823
17278,1731.1463372494823
17279,1731.1463372494823
17280,1731.1463372494823
17281,1731.1463372494823
17282,1731.1463372494823
17283,1731.1463372494823
17284,1731.1463372494823
17285,1731.1463372494823
17286,1731.1463372494823
17287,1731.1463372494823
17288,1731.1463372494823
17289,1731.1463372494823
17290,1731.1463372494823
17291,1731.1463372494823
17292,1731.1463372494823
17293,1731.1463372494823
17294,1731.1463372494823
17295,1731.1463372494823
17296,1731.1463372494823
17297,1731.1463372494823
17298,1731.1463372494823
17299,1731.1463372494823
17300,1731.1463372494823
17301,1731.1463372494823
17302,1731.1463372494823
17303,1731.1463372494823
17304,1731.1463372494823
17305,1731.1463372494823
17306,1731.1463372494823
17307,1731.1463372494823
17308,1731.1463372494823
17309,1731.1463372494823
17310,1731.1463372494823
17311,1731.1463372494823
17312,1731.1463372494823
17313,1731.1463372494823
17314,1731.1463372494823
17315,1731.1463372494823
17316,1731.1463372494823
17317,1731.1463372494823
17318,1731.1463372494823
17319,1731.1463372494823
17320,1731.1463372494823
17321,1731.1463372494823
17322,1731.1463372494823
17323,1731.1463372494823
17324,1731.1463372494823
17325,1731.1463372494823
17326,1731.1463372494823
17327,1731.1463372494823
17328,1731.1463372494823
17329,1731.1463372494823
17330,1731.1463372494823
17331,1731.1463372494823
17332,1731.1463372494823
17333,1731.1463372494823
17334,1731.1463372494823
17335,1731.1463372494823
17336,1731.1463372494823
17337,1731.1463372494823
17338,1731.1463372494823
17339,1731.1463372494823
17340,1731.1463372494823
17341,1731.1463372494823
17342,1731.1463372494823
17343,1731.1463372494823
17344,1731.1463372494823
17345,1731.1463372494823
17346,1731.1463372494823
17347,1731.1463372494823
17348,1731.1463372494823
17349,1731.1463372494823
17350,1731.1463372494823
17351,1731.1463372494823
17352,1731.1463372494823
17353,1731.1463372494823
17354,1731.1463372494823
17355,1731.1463372494823
17356,1731.1463372494823
17357,1731.1463372494823
17358,1731.1463372494823
17359,1731.1463372494823
17360,1731.1463372494823
17361,1731.1463372494823
17362,1731.1463372494823
17363,1731.1463372494823
17364,1731.1463372494823
17365,1731.1463372494823
17366,1731.1463372494823
17367,1731.1463372494823
17368,1731.1463372494823
17369,1731.1463372494823
17370,1731.1463372494823
17371,1731.1463372494823
17372,1731.1463372494823
17373,1731.1463372494823
17374,1731.1463372494823
17375,1731.1463372494823
17376,1731.1463372494823
17377,1731.1463372494823
17378,1731.1463372494823
17379,1731.1463372494823
17380,1731.1463372494823
17381,1731.1463372494823
17382,1731.1463372494823
17383,1731.1463372494823
17384,1731.1463372494823
17385,1731.1463372494823
17386,1731.1463372494823
17387,1731.1463372494823
17388,1731.1463372494823
17389,1731.1463372494823
17390,1731.1463372494823
17391,1731.1463372494823
17392,1731.1463372494823
17393,1731.1463372494823
17394,1731.1463372494823
17395,1731.1463372494823
17396,1731.1463372494823
17397,1731.1463372494823
17398,1731.1463372494823
17399,1731.1463372494823
17400,1731.1463372494823
17401,1731.1463372494823
17402,1731.1463372494823
17403,1731.1463372494823
17404,1731.1463372494823
17405,1731.1463372494823
17406,1731.1463372494823
17407,1731.1463372494823
17408,1731.1463372494823
17409,1731.1463372494823
17410,1731.1463372494823
17411,1731.1463372494823
17412,1731.1463372494823
17413,1731.1463372494823
17414,1731.1463372494823
17415,1731.1463372494823
17416,1731.1463372494823
17417,1731.1463372494823
17418,1731.1463372494823
17419,1731.1463372494823
17420,1731.1463372494823
17421,1731.1463372494823
17422,1731.1463372494823
17423,1731.1463372494823
17424,1731.1463372494823
17425,1731.1463372494823
17426,1731.1463372494823
17427,1731.1463372494823
17428,1731.1463372494823
17429,1731.1463372494823
17430,1731.1463372494823
17431,1731.1463372494823
17432,1731.1463372494823
17433,1731.1463372494823
17434,1731.1463372494823
17435,1731.1463372494823
17436,1731.1463372494823
17437,1731.1463372494823
17438,1731.1463372494823
17439,1731.1463372494823
17440,1731.1463372494823
17441,1731.1463372494823
17442,1731.1463372494823
17443,1731.1463372494823
17444,1731.1463372494823
17445,1731.1463372494823
17446,1731.1463372494823
17447,1731.1463372494823
17448,1731.1463372494823
17449,1731.1463372494823
17450,1731.1463372494823
17451,1731.1463372494823
17452,1731.1463372494823
17453,1731.1463372494823
17454,1731.1463372494823
17455,1731.1463372494823
17456,1731.1463372494823
17457,1731.1463372494823
17458,1731.1463372494823
17459,1731.1463372494823
17460,1731.1463372494823
17461,1731.1463372494823
17462,1731.1463372494823
17463,1731.1463372494823
17464,1731.1463372494823
17465,1731.1463372494823
17466,1731.1463372494823
17467,1731.1463372494823
17468,1731.1463372494823
17469,1731.1463372494823
17470,1731.1463372494823
17471,1731.1463372494823
17472,1731.1463372494823
17473,1731.1463372494823
17474,1731.1463372494823
17475,1731.1463372494823
17476,1731.1463372494823
17477,1731.1463372494823
17478,1731.1463372494823
17479,1731.1463372494823
17480,1731.1463372494823
17481,1731.1463372494823
17482,1731.1463372494823
17483,1731.1463372494823
17484,1731.1463372494823
17485,1731.1463372494823
17486,1731.1463372494823
17487,1731.1463372494823
17488,1731.1463372494823
17489,1731.1463372494823
17490,1731.1463372494823
17491,1731.1463372494823
17492,1731.1463372494823
17493,1731.1463372494823
17494,1731.1463372494823
17495,1731.1463372494823
17496,1731.1463372494823
17497,1731.1463372494823
17498,1731.1463372494823
17499,1731.1463372494823
17500,1731.1463372494823
17501,1731.1463372494823
17502,1731.1463372494823
17503,1731.1463372494823
17504,1731.1463372494823
17505,1731.1463372494823
17506,1731.1463372494823
17507,1731.1463372494823
17508,1731.1463372494823
17509,1731.1463372494823
17510,1731.1463372494823
17511,1731.1463372494823
17512,1731.1463372494823
17513,1731.1463372494823
17514,1731.1463372494823
17515,1731.1463372494823
17516,1731.1463372494823
17517,1731.1463372494823
17518,1731.1463372494823
17519,1731.1463372494823
17520,1731.1463372494823
17521,1731.1463372494823
17522,1731.1463372494823
17523,1731.1463372494823
17524,1731.1463372494823
17525,1731.1463372494823
17526,1731.1463372494823
17527,1731.1463372494823
17528,1731.1463372494823
17529,1731.1463372494823
17530,1731.1463372494823
17531,1731.1463372494823
17532,1731.1463372494823
17533,1731.1463372494823
17534,1731.1463372494823
17535,1731.1463372494823
17536,1731.1463372494823
17537,1731.1463372494823
17538,1731.1463372494823
17539,1731.1463372494823
17540,1731.1463372494823
17541,1731.1463372494823
17542,1731.1463372494823
17543,1731.1463372494823
17544,1731.1463372494823
17545,1731.1463372494823
17546,1731.1463372494823
17547,1731.1463372494823
17548,1731.1463372494823
17549,1731.1463372494823
17550,1731.1463372494823
17551,1731.1463372494823
17552,1731.1463372494823
17553,1731.1463372494823
17554,1731.1463372494823
17555,1731.1463372494823
17556,1731.1463372494823
17557,1731.1463372494823
17558,1731.1463372494823
17559,1731.1463372494823
17560,1731.1463372494823
17561,1731.1463372494823
17562,1731.1463372494823
17563,1731.1463372494823
17564,1731.1463372494823
17565,1731.1463372494823
17566,1731.1463372494823
17567,1731.1463372494823
17568,1731.1463372494823
17569,1731.1463372494823
17570,1731.1463372494823
17571,1731.1463372494823
17572,1731.1463372494823
17573,1731.1463372494823
17574,1731.1463372494823
17575,1731.1463372494823
17576,1731.1463372494823
17577,1731.1463372494823
17578,1731.1463372494823
17579,1731.1463372494823
17580,1731.1463372494823
17581,1731.1463372494823
17582,1731.1463372494823
17583,1731.1463372494823
17584,1731.1463372494823
17585,1731.1463372494823
17586,1731.1463372494823
17587,1731.1463372494823
17588,1731.1463372494823
17589,1731.1463372494823
17590,1731.1463372494823
17591,1731.1463372494823
17592,1731.1463372494823
17593,1731.1463372494823
17594,1731.1463372494823
17595,1731.1463372494823
17596,1731.1463372494823
17597,1731.1463372494823
17598,1731.1463372494823
17599,1731.1463372494823
17600,1731.1463372494823
17601,1731.1463372494823
17602,1731.1463372494823
17603,1731.1463372494823
17604,1731.1463372494823
17605,1731.1463372494823
17606,1731.1463372494823
17607,1731.1463372494823
17608,1731.1463372494823
17609,1731.1463372494823
17610,1731.1463372494823
17611,1731.1463372494823
17612,1731.1463372494823
17613,1731.1463372494823
17614,1731.1463372494823
17615,1731.1463372494823
17616,1731.1463372494823
17617,1731.1463372494823
17618,1731.1463372494823
17619,1731.1463372494823
17620,1731.1463372494823
17621,1731.1463372494823
17622,1731.1463372494823
17623,1731.1463372494823
17624,1731.1463372494823
17625,1731.1463372494823
17626,1731.1463372494823
17627,1731.1463372494823
17628,1731.1463372494823
17629,1731.1463372494823
17630,1731.1463372494823
17631,1731.1463372494823
17632,1731.1463372494823
17633,1731.1463372494823
17634,1731.1463372494823
17635,1731.1463372494823
17636,1731.1463372494823
17637,1731.1463372494823
17638,1731.1463372494823
17639,1731.1463372494823
17640,1731.1463372494823
17641,1731.1463372494823
17642,1731.1463372494823
17643,1731.1463372494823
17644,1731.1463372494823
17645,1731.1463372494823
17646,1731.1463372494823
17647,1731.1463372494823
17648,1731.1463372494823
17649,1731.1463372494823
17650,1731.1463372494823
17651,1731.1463372494823
17652,1731.1463372494823
17653,1731.1463372494823
17654,1731.1463372494823
17655,1731.1463372494823
17656,1731.1463372494823
17657,1731.1463372494823
17658,1731.1463372494823
17659,1731.1463372494823
17660,1731.1463372494823
17661,1731.1463372494823
17662,1731.1463372494823
17663,1731.1463372494823
17664,1731.1463372494823
17665,1731.1463372494823
17666,1731.1463372494823
17667,1731.1463372494823
17668,1731.1463372494823
17669,1731.1463372494823
17670,1731.1463372494823
17671,1731.1463372494823
17672,1731.1463372494823
17673,1731.1463372494823
17674,1731.1463372494823
17675,1731.1463372494823
17676,1731.1463372494823
17677,1731.1463372494823
17678,1731.1463372494823
17679,1731.1463372494823
17680,1731.1463372494823
17681,1731.1463372494823
17682,1731.1463372494823
17683,1731.1463372494823
17684,1731.1463372494823
17685,1731.1463372494823
17686,1731.1463372494823
17687,1731.1463372494823
17688,1731.1463372494823
17689,1731.1463372494823
17690,1731.1463372494823
17691,1731.1463372494823
17692,1731.1463372494823
17693,1731.1463372494823
17694,1731.1463372494823
17695,1731.1463372494823
17696,1731.1463372494823
17697,1731.1463372494823
17698,1731.1463372494823
17699,1731.1463372494823
17700,1731.1463372494823
17701,1731.1463372494823
17702,1731.1463372494823
17703,1731.1463372494823
17704,1731.1463372494823
17705,1731.1463372494823
17706,1731.1463372494823
17707,1731.1463372494823
17708,1731.1463372494823
17709,1731.1463372494823
17710,1731.1463372494823
17711,1731.1463372494823
17712,1731.1463372494823
17713,1731.1463372494823
17714,1731.1463372494823
17715,1731.1463372494823
17716,1731.1463372494823
17717,1731.1463372494823
17718,1731.1463372494823
17719,1731.1463372494823
17720,1731.1463372494823
17721,1731.1463372494823
17722,1731.1463372494823
17723,1731.1463372494823
17724,1731.1463372494823
17725,1731.1463372494823
17726,1731.1463372494823
17727,1731.1463372494823
17728,1731.1463372494823
17729,1731.1463372494823
17730,1731.1463372494823
17731,1731.1463372494823
17732,1731.1463372494823
17733,1731.1463372494823
17734,1731.1463372494823
17735,1731.1463372494823
17736,1731.1463372494823
17737,1731.1463372494823
17738,1731.1463372494823
17739,1731.1463372494823
17740,1731.1463372494823
17741,1731.1463372494823
17742,1731.1463372494823
17743,1731.1463372494823
17744,1731.1463372494823
17745,1731.1463372494823
17746,1731.1463372494823
17747,1731.1463372494823
17748,1731.1463372494823
17749,1731.1463372494823
17750,1731.1463372494823
17751,1731.1463372494823
17752,1731.1463372494823
17753,1731.1463372494823
17754,1731.1463372494823
17755,1731.1463372494823
17756,1731.1463372494823
17757,1731.1463372494823
17758,1731.1463372494823
17759,1731.1463372494823
17760,1731.1463372494823
17761,1731.1463372494823
17762,1731.1463372494823
17763,1731.1463372494823
17764,1731.1463372494823
17765,1731.1463372494823
17766,1731.1463372494823
17767,1731.1463372494823
17768,1731.1463372494823
17769,1731.1463372494823
17770,1731.1463372494823
17771,1731.1463372494823
17772,1731.1463372494823
17773,1731.1463372494823
17774,1731.1463372494823
17775,1731.1463372494823
17776,1731.1463372494823
17777,1731.1463372494823
17778,1731.1463372494823
17779,1731.1463372494823
17780,1731.1463372494823
17781,1731.1463372494823
17782,1731.1463372494823
17783,1731.1463372494823
17784,1731.1463372494823
17785,1731.1463372494823
17786,1731.1463372494823
17787,1731.1463372494823
17788,1731.1463372494823
17789,1731.1463372494823
17790,1731.1463372494823
17791,1731.1463372494823
17792,1731.1463372494823
17793,1731.1463372494823
17794,1731.1463372494823
17795,1731.1463372494823
17796,1731.1463372494823
17797,1731.1463372494823
17798,1731.1463372494823
17799,1731.1463372494823
17800,1731.1463372494823
17801,1731.1463372494823
17802,1731.1463372494823
17803,1731.1463372494823
17804,1731.1463372494823
17805,1731.1463372494823
17806,1731.1463372494823
17807,1731.1463372494823
17808,1731.1463372494823
17809,1731.1463372494823
17810,1731.1463372494823
17811,1731.1463372494823
17812,1731.1463372494823
17813,1731.1463372494823
17814,1731.1463372494823
17815,1731.1463372494823
17816,1731.1463372494823
17817,1731.1463372494823
17818,1731.1463372494823
17819,1731.1463372494823
17820,1731.1463372494823
17821,1731.1463372494823
17822,1731.1463372494823
17823,1731.1463372494823
17824,1731.1463372494823
17825,1731.1463372494823
17826,1731.1463372494823
17827,1731.1463372494823
17828,1731.1463372494823
17829,1731.1463372494823
17830,1731.1463372494823
17831,1731.1463372494823
17832,1731.1463372494823
17833,1731.1463372494823
17834,1731.1463372494823
17835,1731.1463372494823
17836,1731.1463372494823
17837,1731.1463372494823
17838,1731.1463372494823
17839,1731.1463372494823
17840,1731.1463372494823
17841,1731.1463372494823
17842,1731.1463372494823
17843,1731.1463372494823
17844,1731.1463372494823
17845,1731.1463372494823
17846,1731.1463372494823
17847,1731.1463372494823
17848,1731.1463372494823
17849,1731.1463372494823
17850,1731.1463372494823
17851,1731.1463372494823
17852,1731.1463372494823
17853,1731.1463372494823
17854,1731.1463372494823
17855,1731.1463372494823
17856,1731.1463372494823
17857,1731.1463372494823
17858,1731.1463372494823
17859,1731.1463372494823
17860,1731.1463372494823
17861,1731.1463372494823
17862,1731.1463372494823
17863,1731.1463372494823
17864,1731.1463372494823
17865,1731.1463372494823
17866,1731.1463372494823
17867,1731.1463372494823
17868,1731.1463372494823
17869,1731.1463372494823
17870,1731.1463372494823
17871,1731.1463372494823
17872,1731.1463372494823
17873,1731.1463372494823
17874,1731.1463372494823
17875,1731.1463372494823
17876,1731.1463372494823
17877,1731.1463372494823
17878,1731.1463372494823
17879,1731.1463372494823
17880,1731.1463372494823
17881,1731.1463372494823
17882,1731.1463372494823
17883,1731.1463372494823
17884,1731.1463372494823
17885,1731.1463372494823
17886,1731.1463372494823
17887,1731.1463372494823
17888,1731.1463372494823
17889,1731.1463372494823
17890,1731.1463372494823
17891,1731.1463372494823
17892,1731.1463372494823
17893,1731.1463372494823
17894,1731.1463372494823
17895,1731.1463372494823
17896,1731.1463372494823
17897,1731.1463372494823
17898,1731.1463372494823
17899,1731.1463372494823
17900,1731.1463372494823
17901,1731.1463372494823
17902,1731.1463372494823
17903,1731.1463372494823
17904,1731.1463372494823
17905,1731.1463372494823
17906,1731.1463372494823
17907,1731.1463372494823
17908,1731.1463372494823
17909,1731.1463372494823
17910,1731.1463372494823
17911,1731.1463372494823
17912,1731.1463372494823
17913,1731.1463372494823
17914,1731.1463372494823
17915,1731.1463372494823
17916,1731.1463372494823
17917,1731.1463372494823
17918,1731.1463372494823
17919,1731.1463372494823
17920,1731.1463372494823
17921,1731.1463372494823
17922,1731.1463372494823
17923,1731.1463372494823
17924,1731.1463372494823
17925,1731.1463372494823
17926,1731.1463372494823
17927,1731.1463372494823
17928,1731.1463372494823
17929,1731.1463372494823
17930,1731.1463372494823
17931,1731.1463372494823
17932,1731.1463372494823
17933,1731.1463372494823
17934,1731.1463372494823
17935,1731.1463372494823
17936,1731.1463372494823
17937,1731.1463372494823
17938,1731.1463372494823
17939,1731.1463372494823
17940,1731.1463372494823
17941,1731.1463372494823
17942,1731.1463372494823
17943,1731.1463372494823
17944,1731.1463372494823
17945,1731.1463372494823
17946,1731.1463372494823
17947,1731.1463372494823
17948,1731.1463372494823
17949,1731.1463372494823
17950,1731.1463372494823
17951,1731.1463372494823
17952,1731.1463372494823
17953,1731.1463372494823
17954,1731.1463372494823
17955,1731.1463372494823
17956,1731.1463372494823
17957,1731.1463372494823
17958,1731.1463372494823
17959,1731.1463372494823
17960,1731.1463372494823
17961,1731.1463372494823
17962,1731.1463372494823
17963,1731.1463372494823
17964,1731.1463372494823
17965,1731.1463372494823
17966,1731.1463372494823
17967,1731.1463372494823
17968,1731.1463372494823
17969,1731.1463372494823
17970,1731.1463372494823
17971,1731.1463372494823
17972,1731.1463372494823
17973,1731.1463372494823
17974,1731.1463372494823
17975,1731.1463372494823
17976,1731.1463372494823
17977,1731.1463372494823
17978,1731.1463372494823
17979,1731.1463372494823
17980,1731.1463372494823
17981,1731.1463372494823
17982,1731.1463372494823
17983,1731.1463372494823
17984,1731.1463372494823
17985,1731.1463372494823
17986,1731.1463372494823
17987,1731.1463372494823
17988,1731.1463372494823
17989,1731.1463372494823
17990,1731.1463372494823
17991,1731.1463372494823
17992,1731.1463372494823
17993,1731.1463372494823
17994,1731.1463372494823
17995,1731.1463372494823
17996,1731.1463372494823
17997,1731.1463372494823
17998,1731.1463372494823
17999,1731.1463372494823
18000,1731.1463372494823
18001,1731.1463372494823
18002,1731.1463372494823
18003,1731.1463372494823
18004,1731.1463372494823
18005,1731.1463372494823
18006,1731.1463372494823
18007,1731.1463372494823
18008,1731.1463372494823
18009,1731.1463372494823
18010,1731.1463372494823
18011,1731.1463372494823
18012,1731.1463372494823
18013,1731.1463372494823
18014,1731.1463372494823
18015,1731.1463372494823
18016,1731.1463372494823
18017,1731.1463372494823
18018,1731.1463372494823
18019,1731.1463372494823
18020,1731.1463372494823
18021,1731.1463372494823
18022,1731.1463372494823
18023,1731.1463372494823
18024,1731.1463372494823
18025,1731.1463372494823
18026,1731.1463372494823
18027,1731.1463372494823
18028,1731.1463372494823
18029,1731.1463372494823
18030,1731.1463372494823
18031,1731.1463372494823
18032,1731.1463372494823
18033,1731.1463372494823
18034,1731.1463372494823
18035,1731.1463372494823
18036,1731.1463372494823
18037,1731.1463372494823
18038,1731.1463372494823
18039,1731.1463372494823
18040,1731.1463372494823
18041,1731.1463372494823
18042,1731.1463372494823
18043,1731.1463372494823
18044,1731.1463372494823
18045,1731.1463372494823
18046,1731.1463372494823
18047,1731.1463372494823
18048,1731.1463372494823
18049,1731.1463372494823
18050,1731.1463372494823
18051,1731.1463372494823
18052,1731.1463372494823
18053,1731.1463372494823
18054,1731.1463372494823
18055,1731.1463372494823
18056,1731.1463372494823
18057,1731.1463372494823
18058,1731.1463372494823
18059,1731.1463372494823
18060,1731.1463372494823
18061,1731.1463372494823
18062,1731.1463372494823
18063,1731.1463372494823
18064,1731.1463372494823
18065,1731.1463372494823
18066,1731.1463372494823
18067,1731.1463372494823
18068,1731.1463372494823
18069,1731.1463372494823
18070,1731.1463372494823
18071,1731.1463372494823
18072,1731.1463372494823
18073,1731.1463372494823
18074,1731.1463372494823
18075,1731.1463372494823
18076,1731.1463372494823
18077,1731.1463372494823
18078,1731.1463372494823
18079,1731.1463372494823
18080,1731.1463372494823
18081,1731.1463372494823
18082,1731.1463372494823
18083,1731.1463372494823
18084,1731.1463372494823
18085,1731.1463372494823
18086,1731.1463372494823
18087,1731.1463372494823
18088,1731.1463372494823
18089,1731.1463372494823
18090,1731.1463372494823
18091,1731.1463372494823
18092,1731.1463372494823
18093,1731.1463372494823
18094,1731.1463372494823
18095,1731.1463372494823
18096,1731.1463372494823
18097,1731.1463372494823
18098,1731.1463372494823
18099,1731.1463372494823
18100,1731.1463372494823
18101,1731.1463372494823
18102,1731.1463372494823
18103,1731.1463372494823
18104,1731.1463372494823
18105,1731.1463372494823
18106,1731.1463372494823
18107,1731.1463372494823
18108,1731.1463372494823
18109,1731.1463372494823
18110,1731.1463372494823
18111,1731.1463372494823
18112,1731.1463372494823
18113,1731.1463372494823
18114,1731.1463372494823
18115,1731.1463372494823
18116,1731.1463372494823
18117,1731.1463372494823
18118,1731.1463372494823
18119,1731.1463372494823
18120,1731.1463372494823
18121,1731.1463372494823
18122,1731.1463372494823
18123,1731.1463372494823
18124,1731.1463372494823
18125,1731.1463372494823
18126,1731.1463372494823
18127,1731.1463372494823
18128,1731.1463372494823
18129,1731.1463372494823
18130,1731.1463372494823
18131,1731.1463372494823
18132,1731.1463372494823
18133,1731.1463372494823
18134,1731.1463372494823
18135,1731.1463372494823
18136,1731.1463372494823
18137,1731.1463372494823
18138,1731.1463372494823
18139,1731.1463372494823
18140,1731.1463372494823
18141,1731.1463372494823
18142,1731.1463372494823
18143,1731.1463372494823
18144,1731.1463372494823
18145,1731.1463372494823
18146,1731.1463372494823
18147,1731.1463372494823
18148,1731.1463372494823
18149,1731.1463372494823
18150,1731.1463372494823
18151,1731.1463372494823
18152,1731.1463372494823
18153,1731.1463372494823
18154,1731.1463372494823
18155,1731.1463372494823
18156,1731.1463372494823
18157,1731.1463372494823
18158,1731.1463372494823
18159,1731.1463372494823
18160,1731.1463372494823
18161,1731.1463372494823
18162,1731.1463372494823
18163,1731.1463372494823
18164,1731.1463372494823
18165,1731.1463372494823
18166,1731.1463372494823
18167,1731.1463372494823
18168,1731.1463372494823
18169,1731.1463372494823
18170,1731.1463372494823
18171,1731.1463372494823
18172,1731.1463372494823
18173,1731.1463372494823
18174,1731.1463372494823
18175,1731.1463372494823
18176,1731.1463372494823
18177,1731.1463372494823
18178,1731.1463372494823
18179,1731.1463372494823
18180,1731.1463372494823
18181,1731.1463372494823
18182,1731.1463372494823
18183,1731.1463372494823
18184,1731.1463372494823
18185,1731.1463372494823
18186,1731.1463372494823
18187,1731.1463372494823
18188,1731.1463372494823
18189,1731.1463372494823
18190,1731.1463372494823
18191,1731.1463372494823
18192,1731.1463372494823
18193,1731.1463372494823
18194,1731.1463372494823
18195,1731.1463372494823
18196,1731.1463372494823
18197,1731.1463372494823
18198,1731.1463372494823
18199,1731.1463372494823
18200,1731.1463372494823
18201,1731.1463372494823
18202,1731.1463372494823
18203,1731.1463372494823
18204,1731.1463372494823
18205,1731.1463372494823
18206,1731.1463372494823
18207,1731.1463372494823
18208,1731.1463372494823
18209,1731.1463372494823
18210,1731.1463372494823
18211,1731.1463372494823
18212,1731.1463372494823
18213,1731.1463372494823
18214,1731.1463372494823
18215,1731.1463372494823
18216,1731.1463372494823
18217,1731.1463372494823
18218,1731.1463372494823
18219,1731.1463372494823
18220,1731.1463372494823
18221,1731.1463372494823
18222,1731.1463372494823
18223,1731.1463372494823
18224,1731.1463372494823
18225,1731.1463372494823
18226,1731.1463372494823
18227,1731.1463372494823
18228,1731.1463372494823
18229,1731.1463372494823
18230,1731.1463372494823
18231,1731.1463372494823
18232,1731.1463372494823
18233,1731.1463372494823
18234,1731.1463372494823
18235,1731.1463372494823
18236,1731.1463372494823
18237,1731.1463372494823
18238,1731.1463372494823
18239,1731.1463372494823
18240,1731.1463372494823
18241,1731.1463372494823
18242,1731.1463372494823
18243,1731.1463372494823
18244,1731.1463372494823
18245,1731.1463372494823
18246,1731.1463372494823
18247,1731.1463372494823
18248,1731.1463372494823
18249,1731.1463372494823
18250,1731.1463372494823
18251,1731.1463372494823
18252,1731.1463372494823
18253,1731.1463372494823
18254,1731.1463372494823
18255,1731.1463372494823
18256,1731.1463372494823
18257,1731.1463372494823
18258,1731.1463372494823
18259,1731.1463372494823
18260,1731.1463372494823
18261,1731.1463372494823
18262,1731.1463372494823
18263,1731.1463372494823
18264,1731.1463372494823
18265,1731.1463372494823
18266,1731.1463372494823
18267,1731.1463372494823
18268,1731.1463372494823
18269,1731.1463372494823
18270,1731.1463372494823
18271,1731.1463372494823
18272,1731.1463372494823
18273,1731.1463372494823
18274,1731.1463372494823
18275,1731.1463372494823
18276,1731.1463372494823
18277,1731.1463372494823
18278,1731.1463372494823
18279,1731.1463372494823
18280,1731.1463372494823
18281,1731.1463372494823
18282,1731.1463372494823
18283,1731.1463372494823
18284,1731.1463372494823
18285,1731.1463372494823
18286,1731.1463372494823
18287,1731.1463372494823
18288,1731.1463372494823
18289,1731.1463372494823
18290,1731.1463372494823
18291,1731.1463372494823
18292,1731.1463372494823
18293,1731.1463372494823
18294,1731.1463372494823
18295,1731.1463372494823
18296,1731.1463372494823
18297,1731.1463372494823
18298,1731.1463372494823
18299,1731.1463372494823
18300,1731.1463372494823
18301,1731.1463372494823
18302,1731.1463372494823
18303,1731.1463372494823
18304,1731.1463372494823
18305,1731.1463372494823
18306,1731.1463372494823
18307,1731.1463372494823
18308,1731.1463372494823
18309,1731.1463372494823
18310,1731.1463372494823
18311,1731.1463372494823
18312,1731.1463372494823
18313,1731.1463372494823
18314,1731.1463372494823
18315,1731.1463372494823
18316,1731.1463372494823
18317,1731.1463372494823
18318,1731.1463372494823
18319,1731.1463372494823
18320,1731.1463372494823
18321,1731.1463372494823
18322,1731.1463372494823
18323,1731.1463372494823
18324,1731.1463372494823
18325,1731.1463372494823
18326,1731.1463372494823
18327,1731.1463372494823
18328,1731.1463372494823
18329,1731.1463372494823
18330,1731.1463372494823
18331,1731.1463372494823
18332,1731.1463372494823
18333,1731.1463372494823
18334,1731.1463372494823
18335,1731.1463372494823
18336,1731.1463372494823
18337,1731.1463372494823
18338,1731.1463372494823
18339,1731.1463372494823
18340,1731.1463372494823
18341,1731.1463372494823
18342,1731.1463372494823
18343,1731.1463372494823
18344,1731.1463372494823
18345,1731.1463372494823
18346,1731.1463372494823
18347,1731.1463372494823
18348,1731.1463372494823
18349,1731.1463372494823
18350,1731.1463372494823
18351,1731.1463372494823
18352,1731.1463372494823
18353,1731.1463372494823
18354,1731.1463372494823
18355,1731.1463372494823
18356,1731.1463372494823
18357,1731.1463372494823
18358,1731.1463372494823
18359,1731.1463372494823
18360,1731.1463372494823
18361,1731.1463372494823
18362,1731.1463372494823
18363,1731.1463372494823
18364,1731.1463372494823
18365,1731.1463372494823
18366,1731.1463372494823
18367,1731.1463372494823
18368,1731.1463372494823
18369,1731.1463372494823
18370,1731.1463372494823
18371,1731.1463372494823
18372,1731.1463372494823
18373,1731.1463372494823
18374,1731.1463372494823
18375,1731.1463372494823
18376,1731.1463372494823
18377,1731.1463372494823
18378,1731.1463372494823
18379,1731.1463372494823
18380,1731.1463372494823
18381,1731.1463372494823
18382,1731.1463372494823
18383,1731.1463372494823
18384,1731.1463372494823
18385,1731.1463372494823
18386,1731.1463372494823
18387,1731.1463372494823
18388,1731.1463372494823
18389,1731.1463372494823
18390,1731.1463372494823
18391,1731.1463372494823
18392,1731.1463372494823
18393,1731.1463372494823
18394,1731.1463372494823
18395,1731.1463372494823
18396,1731.1463372494823
18397,1731.1463372494823
18398,1731.1463372494823
18399,1731.1463372494823
18400,1731.1463372494823
18401,1731.1463372494823
18402,1731.1463372494823
18403,1731.1463372494823
18404,1731.1463372494823
18405,1731.1463372494823
18406,1731.1463372494823
18407,1731.1463372494823
18408,1731.1463372494823
18409,1731.1463372494823
18410,1731.1463372494823
18411,1731.1463372494823
18412,1731.1463372494823
18413,1731.1463372494823
18414,1731.1463372494823
18415,1731.1463372494823
18416,1731.1463372494823
18417,1731.1463372494823
18418,1731.1463372494823
18419,1731.1463372494823
18420,1731.1463372494823
18421,1731.1463372494823
18422,1731.1463372494823
18423,1731.1463372494823
18424,1731.1463372494823
18425,1731.1463372494823
18426,1731.1463372494823
18427,1731.1463372494823
18428,1731.1463372494823
18429,1731.1463372494823
18430,1731.1463372494823
18431,1731.1463372494823
18432,1731.1463372494823
18433,1731.1463372494823
18434,1731.1463372494823
18435,1731.1463372494823
18436,1731.1463372494823
18437,1731.1463372494823
18438,1731.1463372494823
18439,1731.1463372494823
18440,1731.1463372494823
18441,1731.1463372494823
18442,1731.1463372494823
18443,1731.1463372494823
18444,1731.1463372494823
18445,1731.1463372494823
18446,1731.1463372494823
18447,1731.1463372494823
18448,1731.1463372494823
18449,1731.1463372494823
18450,1731.1463372494823
18451,1731.1463372494823
18452,1731.1463372494823
18453,1731.1463372494823
18454,1731.1463372494823
18455,1731.1463372494823
18456,1731.1463372494823
18457,1731.1463372494823
18458,1731.1463372494823
18459,1731.1463372494823
18460,1731.1463372494823
18461,1731.1463372494823
18462,1731.1463372494823
18463,1731.1463372494823
18464,1731.1463372494823
18465,1731.1463372494823
18466,1731.1463372494823
18467,1731.1463372494823
18468,1731.1463372494823
18469,1731.1463372494823
18470,1731.1463372494823
18471,1731.1463372494823
18472,1731.1463372494823
18473,1731.1463372494823
18474,1731.1463372494823
18475,1731.1463372494823
18476,1731.1463372494823
18477,1731.1463372494823
18478,1731.1463372494823
18479,1731.1463372494823
18480,1731.1463372494823
18481,1731.1463372494823
18482,1731.1463372494823
18483,1731.1463372494823
18484,1731.1463372494823
18485,1731.1463372494823
18486,1731.1463372494823
18487,1731.1463372494823
18488,1731.1463372494823
18489,1731.1463372494823
18490,1731.1463372494823
18491,1731.1463372494823
18492,1731.1463372494823
18493,1731.1463372494823
18494,1731.1463372494823
18495,1731.1463372494823
18496,1731.1463372494823
18497,1731.1463372494823
18498,1731.1463372494823
18499,1731.1463372494823
18500,1731.1463372494823
18501,1731.1463372494823
18502,1731.1463372494823
18503,1731.1463372494823
18504,1731.1463372494823
18505,1731.1463372494823
18506,1731.1463372494823
18507,1731.1463372494823
18508,1731.1463372494823
18509,1731.1463372494823
18510,1731.1463372494823
18511,1731.1463372494823
18512,1731.1463372494823
18513,1731.1463372494823
18514,1731.1463372494823
18515,1731.1463372494823
18516,1731.1463372494823
18517,1731.1463372494823
18518,1731.1463372494823
18519,1731.1463372494823
18520,1731.1463372494823
18521,1731.1463372494823
18522,1731.1463372494823
18523,1731.1463372494823
18524,1731.1463372494823
18525,1731.1463372494823
18526,1731.1463372494823
18527,1731.1463372494823
18528,1731.1463372494823
18529,1731.1463372494823
18530,1731.1463372494823
18531,1731.1463372494823
18532,1731.1463372494823
18533,1731.1463372494823
18534,1731.1463372494823
18535,1731.1463372494823
18536,1731.1463372494823
18537,1731.1463372494823
18538,1731.1463372494823
18539,1731.1463372494823
18540,1731.1463372494823
18541,1731.1463372494823
18542,1731.1463372494823
18543,1731.1463372494823
18544,1731.1463372494823
18545,1731.1463372494823
18546,1731.1463372494823
18547,1731.1463372494823
18548,1731.1463372494823
18549,1731.1463372494823
18550,1731.1463372494823
18551,1731.1463372494823
18552,1731.1463372494823
18553,1731.1463372494823
18554,1731.1463372494823
18555,1731.1463372494823
18556,1731.1463372494823
18557,1731.1463372494823
18558,1731.1463372494823
18559,1731.1463372494823
18560,1731.1463372494823
18561,1731.1463372494823
18562,1731.1463372494823
18563,1731.1463372494823
18564,1731.1463372494823
18565,1731.1463372494823
18566,1731.1463372494823
18567,1731.1463372494823
18568,1731.1463372494823
18569,1731.1463372494823
18570,1731.1463372494823
18571,1731.1463372494823
18572,1731.1463372494823
18573,1731.1463372494823
18574,1731.1463372494823
18575,1731.1463372494823
18576,1731.1463372494823
18577,1731.1463372494823
18578,1731.1463372494823
18579,1731.1463372494823
18580,1731.1463372494823
18581,1731.1463372494823
18582,1731.1463372494823
18583,1731.1463372494823
18584,1731.1463372494823
18585,1731.1463372494823
18586,1731.1463372494823
18587,1731.1463372494823
18588,1731.1463372494823
18589,1731.1463372494823
18590,1731.1463372494823
18591,1731.1463372494823
18592,1731.1463372494823
18593,1731.1463372494823
18594,1731.1463372494823
18595,1731.1463372494823
18596,1731.1463372494823
18597,1731.1463372494823
18598,1731.1463372494823
18599,1731.1463372494823
18600,1731.1463372494823
18601,1731.1463372494823
18602,1731.1463372494823
18603,1731.1463372494823
18604,1731.1463372494823
18605,1731.1463372494823
18606,1731.1463372494823
18607,1731.1463372494823
18608,1731.1463372494823
18609,1731.1463372494823
18610,1731.1463372494823
18611,1731.1463372494823
18612,1731.1463372494823
18613,1731.1463372494823
18614,1731.1463372494823
18615,1731.1463372494823
18616,1731.1463372494823
18617,1731.1463372494823
18618,1731.1463372494823
18619,1731.1463372494823
18620,1731.1463372494823
18621,1731.1463372494823
18622,1731.1463372494823
18623,1731.1463372494823
18624,1731.1463372494823
18625,1731.1463372494823
18626,1731.1463372494823
18627,1731.1463372494823
18628,1731.1463372494823
18629,1731.1463372494823
18630,1731.1463372494823
18631,1731.1463372494823
18632,1731.1463372494823
18633,1731.1463372494823
18634,1731.1463372494823
18635,1731.1463372494823
18636,1731.1463372494823
18637,1731.1463372494823
18638,1731.1463372494823
18639,1731.1463372494823
18640,1731.1463372494823
18641,1731.1463372494823
18642,1731.1463372494823
18643,1731.1463372494823
18644,1731.1463372494823
18645,1731.1463372494823
18646,1731.1463372494823
18647,1731.1463372494823
18648,1731.1463372494823
18649,1731.1463372494823
18650,1731.1463372494823
18651,1731.1463372494823
18652,1731.1463372494823
18653,1731.1463372494823
18654,1731.1463372494823
18655,1731.1463372494823
18656,1731.1463372494823
18657,1731.1463372494823
18658,1731.1463372494823
18659,1731.1463372494823
18660,1731.1463372494823
18661,1731.1463372494823
18662,1731.1463372494823
18663,1731.1463372494823
18664,1731.1463372494823
18665,1731.1463372494823
18666,1731.1463372494823
18667,1731.1463372494823
18668,1731.1463372494823
18669,1731.1463372494823
18670,1731.1463372494823
18671,1731.1463372494823
18672,1731.1463372494823
18673,1731.1463372494823
18674,1731.1463372494823
18675,1731.1463372494823
18676,1731.1463372494823
18677,1731.1463372494823
18678,1731.1463372494823
18679,1731.1463372494823
18680,1731.1463372494823
18681,1731.1463372494823
18682,1731.1463372494823
18683,1731.1463372494823
18684,1731.1463372494823
18685,1731.1463372494823
18686,1731.1463372494823
18687,1731.1463372494823
18688,1731.1463372494823
18689,1731.1463372494823
18690,1731.1463372494823
18691,1731.1463372494823
18692,1731.1463372494823
18693,1731.1463372494823
18694,1731.1463372494823
18695,1731.1463372494823
18696,1731.1463372494823
18697,1731.1463372494823
18698,1731.1463372494823
18699,1731.1463372494823
18700,1731.1463372494823
18701,1731.1463372494823
18702,1731.1463372494823
18703,1731.1463372494823
18704,1731.1463372494823
18705,1731.1463372494823
18706,1731.1463372494823
18707,1731.1463372494823
18708,1731.1463372494823
18709,1731.1463372494823
18710,1731.1463372494823
18711,1731.1463372494823
18712,1731.1463372494823
18713,1731.1463372494823
18714,1731.1463372494823
18715,1731.1463372494823
18716,1731.1463372494823
18717,1731.1463372494823
18718,1731.1463372494823
18719,1731.1463372494823
18720,1731.1463372494823
18721,1731.1463372494823
18722,1731.1463372494823
18723,1731.1463372494823
18724,1731.1463372494823
18725,1731.1463372494823
18726,1731.1463372494823
18727,1731.1463372494823
18728,1731.1463372494823
18729,1731.1463372494823
18730,1731.1463372494823
18731,1731.1463372494823
18732,1731.1463372494823
18733,1731.1463372494823
18734,1731.1463372494823
18735,1731.1463372494823
18736,1731.1463372494823
18737,1731.1463372494823
18738,1731.1463372494823
18739,1731.1463372494823
18740,1731.1463372494823
18741,1731.1463372494823
18742,1731.1463372494823
18743,1731.1463372494823
18744,1731.1463372494823
18745,1731.1463372494823
18746,1731.1463372494823
18747,1731.1463372494823
18748,1731.1463372494823
18749,1731.1463372494823
18750,1731.1463372494823
18751,1731.1463372494823
18752,1731.1463372494823
18753,1731.1463372494823
18754,1731.1463372494823
18755,1731.1463372494823
18756,1731.1463372494823
18757,1731.1463372494823
18758,1731.1463372494823
18759,1731.1463372494823
18760,1731.1463372494823
18761,1731.1463372494823
18762,1731.1463372494823
18763,1731.1463372494823
18764,1731.1463372494823
18765,1731.1463372494823
18766,1731.1463372494823
18767,1731.1463372494823
18768,1731.1463372494823
18769,1731.1463372494823
18770,1731.1463372494823
18771,1731.1463372494823
18772,1731.1463372494823
18773,1731.1463372494823
18774,1731.1463372494823
18775,1731.1463372494823
18776,1731.1463372494823
18777,1731.1463372494823
18778,1731.1463372494823
18779,1731.1463372494823
18780,1731.1463372494823
18781,1731.1463372494823
18782,1731.1463372494823
18783,1731.1463372494823
18784,1731.1463372494823
18785,1731.1463372494823
18786,1731.1463372494823
18787,1731.1463372494823
18788,1731.1463372494823
18789,1731.1463372494823
18790,1731.1463372494823
18791,1731.1463372494823
18792,1731.1463372494823
18793,1731.1463372494823
18794,1731.1463372494823
18795,1731.1463372494823
18796,1731.1463372494823
18797,1731.1463372494823
18798,1731.1463372494823
18799,1731.1463372494823
18800,1731.1463372494823
18801,1731.1463372494823
18802,1731.1463372494823
18803,1731.1463372494823
18804,1731.1463372494823
18805,1731.1463372494823
18806,1731.1463372494823
18807,1731.1463372494823
18808,1731.1463372494823
18809,1731.1463372494823
18810,1731.1463372494823
18811,1731.1463372494823
18812,1731.1463372494823
18813,1731.1463372494823
18814,1731.1463372494823
18815,1731.1463372494823
18816,1731.1463372494823
18817,1731.1463372494823
18818,1731.1463372494823
18819,1731.1463372494823
18820,1731.1463372494823
18821,1731.1463372494823
18822,1731.1463372494823
18823,1731.1463372494823
18824,1731.1463372494823
18825,1731.1463372494823
18826,1731.1463372494823
18827,1731.1463372494823
18828,1731.1463372494823
18829,1731.1463372494823
18830,1731.1463372494823
18831,1731.1463372494823
18832,1731.1463372494823
18833,1731.1463372494823
18834,1731.1463372494823
18835,1731.1463372494823
18836,1731.1463372494823
18837,1731.1463372494823
18838,1731.1463372494823
18839,1731.1463372494823
18840,1731.1463372494823
18841,1731.1463372494823
18842,1731.1463372494823
18843,1731.1463372494823
18844,1731.1463372494823
18845,1731.1463372494823
18846,1731.1463372494823
18847,1731.1463372494823
18848,1731.1463372494823
18849,1731.1463372494823
18850,1731.1463372494823
18851,1731.1463372494823
18852,1731.1463372494823
18853,1731.1463372494823
18854,1731.1463372494823
18855,1731.1463372494823
18856,1731.1463372494823
18857,1731.1463372494823
18858,1731.1463372494823
18859,1731.1463372494823
18860,1731.1463372494823
18861,1731.1463372494823
18862,1731.1463372494823
18863,1731.1463372494823
18864,1731.1463372494823
18865,1731.1463372494823
18866,1731.1463372494823
18867,1731.1463372494823
18868,1731.1463372494823
18869,1731.1463372494823
18870,1731.1463372494823
18871,1731.1463372494823
18872,1731.1463372494823
18873,1731.1463372494823
18874,1731.1463372494823
18875,1731.1463372494823
18876,1731.1463372494823
18877,1731.1463372494823
18878,1731.1463372494823
18879,1731.1463372494823
18880,1731.1463372494823
18881,1731.1463372494823
18882,1731.1463372494823
18883,1731.1463372494823
18884,1731.1463372494823
18885,1731.1463372494823
18886,1731.1463372494823
18887,1731.1463372494823
18888,1731.1463372494823
18889,1731.1463372494823
18890,1731.1463372494823
18891,1731.1463372494823
18892,1731.1463372494823
18893,1731.1463372494823
18894,1731.1463372494823
18895,1731.1463372494823
18896,1731.1463372494823
18897,1731.1463372494823
18898,1731.1463372494823
18899,1731.1463372494823
18900,1731.1463372494823
18901,1731.1463372494823
18902,1731.1463372494823
18903,1731.1463372494823
18904,1731.1463372494823
18905,1731.1463372494823
18906,1731.1463372494823
18907,1731.1463372494823
18908,1731.1463372494823
18909,1731.1463372494823
18910,1731.1463372494823
18911,1731.1463372494823
18912,1731.1463372494823
18913,1731.1463372494823
18914,1731.1463372494823
18915,1731.1463372494823
18916,1731.1463372494823
18917,1731.1463372494823
18918,1731.1463372494823
18919,1731.1463372494823
18920,1731.1463372494823
18921,1731.1463372494823
18922,1731.1463372494823
18923,1731.1463372494823
18924,1731.1463372494823
18925,1731.1463372494823
18926,1731.1463372494823
18927,1731.1463372494823
18928,1731.1463372494823
18929,1731.1463372494823
18930,1731.1463372494823
18931,1731.1463372494823
18932,1731.1463372494823
18933,1731.1463372494823
18934,1731.1463372494823
18935,1731.1463372494823
18936,1731.1463372494823
18937,1731.1463372494823
18938,1731.1463372494823
18939,1731.1463372494823
18940,1731.1463372494823
18941,1731.1463372494823
18942,1731.1463372494823
18943,1731.1463372494823
18944,1731.1463372494823
18945,1731.1463372494823
18946,1731.1463372494823
18947,1731.1463372494823
18948,1731.1463372494823
18949,1731.1463372494823
18950,1731.1463372494823
18951,1731.1463372494823
18952,1731.1463372494823
18953,1731.1463372494823
18954,1731.1463372494823
18955,1731.1463372494823
18956,1731.1463372494823
18957,1731.1463372494823
18958,1731.1463372494823
18959,1731.1463372494823
18960,1731.1463372494823
18961,1731.1463372494823
18962,1731.1463372494823
18963,1731.1463372494823
18964,1731.1463372494823
18965,1731.1463372494823
18966,1731.1463372494823
18967,1731.1463372494823
18968,1731.1463372494823
18969,1731.1463372494823
18970,1731.1463372494823
18971,1731.1463372494823
18972,1731.1463372494823
18973,1731.1463372494823
18974,1731.1463372494823
18975,1731.1463372494823
18976,1731.1463372494823
18977,1731.1463372494823
18978,1731.1463372494823
18979,1731.1463372494823
18980,1731.1463372494823
18981,1731.1463372494823
18982,1731.1463372494823
18983,1731.1463372494823
18984,1731.1463372494823
18985,1731.1463372494823
18986,1731.1463372494823
18987,1731.1463372494823
18988,1731.1463372494823
18989,1731.1463372494823
18990,1731.1463372494823
18991,1731.1463372494823
18992,1731.1463372494823
18993,1731.1463372494823
18994,1731.1463372494823
18995,1731.1463372494823
18996,1731.1463372494823
18997,1731.1463372494823
18998,1731.1463372494823
18999,1731.1463372494823
19000,1731.1463372494823
19001,1731.1463372494823
19002,1731.1463372494823
19003,1731.1463372494823
19004,1731.1463372494823
19005,1731.1463372494823
19006,1731.1463372494823
19007,1731.1463372494823
19008,1731.1463372494823
19009,1731.1463372494823
19010,1731.1463372494823
19011,1731.1463372494823
19012,1731.1463372494823
19013,1731.1463372494823
19014,1731.1463372494823
19015,1731.1463372494823
19016,1731.1463372494823
19017,1731.1463372494823
19018,1731.1463372494823
19019,1731.1463372494823
19020,1731.1463372494823
19021,1731.1463372494823
19022,1731.1463372494823
19023,1731.1463372494823
19024,1731.1463372494823
19025,1731.1463372494823
19026,1731.1463372494823
19027,1731.1463372494823
19028,1731.1463372494823
19029,1731.1463372494823
19030,1731.1463372494823
19031,1731.1463372494823
19032,1731.1463372494823
19033,1731.1463372494823
19034,1731.1463372494823
19035,1731.1463372494823
19036,1731.1463372494823
19037,1731.1463372494823
19038,1731.1463372494823
19039,1731.1463372494823
19040,1731.1463372494823
19041,1731.1463372494823
19042,1731.1463372494823
19043,1731.1463372494823
19044,1731.1463372494823
19045,1731.1463372494823
19046,1731.1463372494823
19047,1731.1463372494823
19048,1731.1463372494823
19049,1731.1463372494823
19050,1731.1463372494823
19051,1731.1463372494823
19052,1731.1463372494823
19053,1731.1463372494823
19054,1731.1463372494823
19055,1731.1463372494823
19056,1731.1463372494823
19057,1731.1463372494823
19058,1731.1463372494823
19059,1731.1463372494823
19060,1731.1463372494823
19061,1731.1463372494823
19062,1731.1463372494823
19063,1731.1463372494823
19064,1731.1463372494823
19065,1731.1463372494823
19066,1731.1463372494823
19067,1731.1463372494823
19068,1731.1463372494823
19069,1731.1463372494823
19070,1731.1463372494823
19071,1731.1463372494823
19072,1731.1463372494823
19073,1731.1463372494823
19074,1731.1463372494823
19075,1731.1463372494823
19076,1731.1463372494823
19077,1731.1463372494823
19078,1731.1463372494823
19079,1731.1463372494823
19080,1731.1463372494823
19081,1731.1463372494823
19082,1731.1463372494823
19083,1731.1463372494823
19084,1731.1463372494823
19085,1731.1463372494823
19086,1731.1463372494823
19087,1731.1463372494823
19088,1731.1463372494823
19089,1731.1463372494823
19090,1731.1463372494823
19091,1731.1463372494823
19092,1731.1463372494823
19093,1731.1463372494823
19094,1731.1463372494823
19095,1731.1463372494823
19096,1731.1463372494823
19097,1731.1463372494823
19098,1731.1463372494823
19099,1731.1463372494823
19100,1731.1463372494823
19101,1731.1463372494823
19102,1731.1463372494823
19103,1731.1463372494823
19104,1731.1463372494823
19105,1731.1463372494823
19106,1731.1463372494823
19107,1731.1463372494823
19108,1731.1463372494823
19109,1731.1463372494823
19110,1731.1463372494823
19111,1731.1463372494823
19112,1731.1463372494823
19113,1731.1463372494823
19114,1731.1463372494823
19115,1731.1463372494823
19116,1731.1463372494823
19117,1731.1463372494823
19118,1731.1463372494823
19119,1731.1463372494823
19120,1731.1463372494823
19121,1731.1463372494823
19122,1731.1463372494823
19123,1731.1463372494823
19124,1731.1463372494823
19125,1731.1463372494823
19126,1731.1463372494823
19127,1731.1463372494823
19128,1731.1463372494823
19129,1731.1463372494823
19130,1731.1463372494823
19131,1731.1463372494823
19132,1731.1463372494823
19133,1731.1463372494823
19134,1731.1463372494823
19135,1731.1463372494823
19136,1731.1463372494823
19137,1731.1463372494823
19138,1731.1463372494823
19139,1731.1463372494823
19140,1731.1463372494823
19141,1731.1463372494823
19142,1731.1463372494823
19143,1731.1463372494823
19144,1731.1463372494823
19145,1731.1463372494823
19146,1731.1463372494823
19147,1731.1463372494823
19148,1731.1463372494823
19149,1731.1463372494823
19150,1731.1463372494823
19151,1731.1463372494823
19152,1731.1463372494823
19153,1731.1463372494823
19154,1731.1463372494823
19155,1731.1463372494823
19156,1731.1463372494823
19157,1731.1463372494823
19158,1731.1463372494823
19159,1731.1463372494823
19160,1731.1463372494823
19161,1731.1463372494823
19162,1731.1463372494823
19163,1731.1463372494823
19164,1731.1463372494823
19165,1731.1463372494823
19166,1731.1463372494823
19167,1731.1463372494823
19168,1731.1463372494823
19169,1731.1463372494823
19170,1731.1463372494823
19171,1731.1463372494823
19172,1731.1463372494823
19173,1731.1463372494823
19174,1731.1463372494823
19175,1731.1463372494823
19176,1731.1463372494823
19177,1731.1463372494823
19178,1731.1463372494823
19179,1731.1463372494823
19180,1731.1463372494823
19181,1731.1463372494823
19182,1731.1463372494823
19183,1731.1463372494823
19184,1731.1463372494823
19185,1731.1463372494823
19186,1731.1463372494823
19187,1731.1463372494823
19188,1731.1463372494823
19189,1731.1463372494823
19190,1731.1463372494823
19191,1731.1463372494823
19192,1731.1463372494823
19193,1731.1463372494823
19194,1731.1463372494823
19195,1731.1463372494823
19196,1731.1463372494823
19197,1731.1463372494823
19198,1731.1463372494823
19199,1731.1463372494823
19200,1731.1463372494823
19201,1731.1463372494823
19202,1731.1463372494823
19203,1731.1463372494823
19204,1731.1463372494823
19205,1731.1463372494823
19206,1731.1463372494823
19207,1731.1463372494823
19208,1731.1463372494823
19209,1731.1463372494823
19210,1731.1463372494823
19211,1731.1463372494823
19212,1731.1463372494823
19213,1731.1463372494823
19214,1731.1463372494823
19215,1731.1463372494823
19216,1731.1463372494823
19217,1731.1463372494823
19218,1731.1463372494823
19219,1731.1463372494823
19220,1731.1463372494823
19221,1731.1463372494823
19222,1731.1463372494823
19223,1731.1463372494823
19224,1731.1463372494823
19225,1731.1463372494823
19226,1731.1463372494823
19227,1731.1463372494823
19228,1731.1463372494823
19229,1731.1463372494823
19230,1731.1463372494823
19231,1731.1463372494823
19232,1731.1463372494823
19233,1731.1463372494823
19234,1731.1463372494823
19235,1731.1463372494823
19236,1731.1463372494823
19237,1731.1463372494823
19238,1731.1463372494823
19239,1731.1463372494823
19240,1731.1463372494823
19241,1731.1463372494823
19242,1731.1463372494823
19243,1731.1463372494823
19244,1731.1463372494823
19245,1731.1463372494823
19246,1731.1463372494823
19247,1731.1463372494823
19248,1731.1463372494823
19249,1731.1463372494823
19250,1731.1463372494823
19251,1731.1463372494823
19252,1731.1463372494823
19253,1731.1463372494823
19254,1731.1463372494823
19255,1731.1463372494823
19256,1731.1463372494823
19257,1731.1463372494823
19258,1731.1463372494823
19259,1731.1463372494823
19260,1731.1463372494823
19261,1731.1463372494823
19262,1731.1463372494823
19263,1731.1463372494823
19264,1731.1463372494823
19265,1731.1463372494823
19266,1731.1463372494823
19267,1731.1463372494823
19268,1731.1463372494823
19269,1731.1463372494823
19270,1731.1463372494823
19271,1731.1463372494823
19272,1731.1463372494823
19273,1731.1463372494823
19274,1731.1463372494823
19275,1731.1463372494823
19276,1731.1463372494823
19277,1731.1463372494823
19278,1731.1463372494823
19279,1731.1463372494823
19280,1731.1463372494823
19281,1731.1463372494823
19282,1731.1463372494823
19283,1731.1463372494823
19284,1731.1463372494823
19285,1731.1463372494823
19286,1731.1463372494823
19287,1731.1463372494823
19288,1731.1463372494823
19289,1731.1463372494823
19290,1731.1463372494823
19291,1731.1463372494823
19292,1731.1463372494823
19293,1731.1463372494823
19294,1731.1463372494823
19295,1731.1463372494823
19296,1731.1463372494823
19297,1731.1463372494823
19298,1731.1463372494823
19299,1731.1463372494823
19300,1731.1463372494823
19301,1731.1463372494823
19302,1731.1463372494823
19303,1731.1463372494823
19304,1731.1463372494823
19305,1731.1463372494823
19306,1731.1463372494823
19307,1731.1463372494823
19308,1731.1463372494823
19309,1731.1463372494823
19310,1731.1463372494823
19311,1731.1463372494823
19312,1731.1463372494823
19313,1731.1463372494823
19314,1731.1463372494823
19315,1731.1463372494823
19316,1731.1463372494823
19317,1731.1463372494823
19318,1731.1463372494823
19319,1731.1463372494823
19320,1731.1463372494823
19321,1731.1463372494823
19322,1731.1463372494823
19323,1731.1463372494823
19324,1731.1463372494823
19325,1731.1463372494823
19326,1731.1463372494823
19327,1731.1463372494823
19328,1731.1463372494823
19329,1731.1463372494823
19330,1731.1463372494823
19331,1731.1463372494823
19332,1731.1463372494823
19333,1731.1463372494823
19334,1731.1463372494823
19335,1731.1463372494823
19336,1731.1463372494823
19337,1731.1463372494823
19338,1731.1463372494823
19339,1731.1463372494823
19340,1731.1463372494823
19341,1731.1463372494823
19342,1731.1463372494823
19343,1731.1463372494823
19344,1731.1463372494823
19345,1731.1463372494823
19346,1731.1463372494823
19347,1731.1463372494823
19348,1731.1463372494823
19349,1731.1463372494823
19350,1731.1463372494823
19351,1731.1463372494823
19352,1731.1463372494823
19353,1731.1463372494823
19354,1731.1463372494823
19355,1731.1463372494823
19356,1731.1463372494823
19357,1731.1463372494823
19358,1731.1463372494823
19359,1731.1463372494823
19360,1731.1463372494823
19361,1731.1463372494823
19362,1731.1463372494823
19363,1731.1463372494823
19364,1731.1463372494823
19365,1731.1463372494823
19366,1731.1463372494823
19367,1731.1463372494823
19368,1731.1463372494823
19369,1731.1463372494823
19370,1731.1463372494823
19371,1731.1463372494823
19372,1731.1463372494823
19373,1731.1463372494823
19374,1731.1463372494823
19375,1731.1463372494823
19376,1731.1463372494823
19377,1731.1463372494823
19378,1731.1463372494823
19379,1731.1463372494823
19380,1731.1463372494823
19381,1731.1463372494823
19382,1731.1463372494823
19383,1731.1463372494823
19384,1731.1463372494823
19385,1731.1463372494823
19386,1731.1463372494823
19387,1731.1463372494823
19388,1731.1463372494823
19389,1731.1463372494823
19390,1731.1463372494823
19391,1731.1463372494823
19392,1731.1463372494823
19393,1731.1463372494823
19394,1731.1463372494823
19395,1731.1463372494823
19396,1731.1463372494823
19397,1731.1463372494823
19398,1731.1463372494823
19399,1731.1463372494823
19400,1731.1463372494823
19401,1731.1463372494823
19402,1731.1463372494823
19403,1731.1463372494823
19404,1731.1463372494823
19405,1731.1463372494823
19406,1731.1463372494823
19407,1731.1463372494823
19408,1731.1463372494823
19409,1731.1463372494823
19410,1731.1463372494823
19411,1731.1463372494823
19412,1731.1463372494823
19413,1731.1463372494823
19414,1731.1463372494823
19415,1731.1463372494823
19416,1731.1463372494823
19417,1731.1463372494823
19418,1731.1463372494823
19419,1731.1463372494823
19420,1731.1463372494823
19421,1731.1463372494823
19422,1731.1463372494823
19423,1731.1463372494823
19424,1731.1463372494823
19425,1731.1463372494823
19426,1731.1463372494823
19427,1731.1463372494823
19428,1731.1463372494823
19429,1731.1463372494823
19430,1731.1463372494823
19431,1731.1463372494823
19432,1731.1463372494823
19433,1731.1463372494823
19434,1731.1463372494823
19435,1731.1463372494823
19436,1731.1463372494823
19437,1731.1463372494823
19438,1731.1463372494823
19439,1731.1463372494823
19440,1731.1463372494823
19441,1731.1463372494823
19442,1731.1463372494823
19443,1731.1463372494823
19444,1731.1463372494823
19445,1731.1463372494823
19446,1731.1463372494823
19447,1731.1463372494823
19448,1731.1463372494823
19449,1731.1463372494823
19450,1731.1463372494823
19451,1731.1463372494823
19452,1731.1463372494823
19453,1731.1463372494823
19454,1731.1463372494823
19455,1731.1463372494823
19456,1731.1463372494823
19457,1731.1463372494823
19458,1731.1463372494823
19459,1731.1463372494823
19460,1731.1463372494823
19461,1731.1463372494823
19462,1731.1463372494823
19463,1731.1463372494823
19464,1731.1463372494823
19465,1731.1463372494823
19466,1731.1463372494823
19467,1731.1463372494823
19468,1731.1463372494823
19469,1731.1463372494823
19470,1731.1463372494823
19471,1731.1463372494823
19472,1731.1463372494823
19473,1731.1463372494823
19474,1731.1463372494823
19475,1731.1463372494823
19476,1731.1463372494823
19477,1731.1463372494823
19478,1731.1463372494823
19479,1731.1463372494823
19480,1731.1463372494823
19481,1731.1463372494823
19482,1731.1463372494823
19483,1731.1463372494823
19484,1731.1463372494823
19485,1731.1463372494823
19486,1731.1463372494823
19487,1731.1463372494823
19488,1731.1463372494823
19489,1731.1463372494823
19490,1731.1463372494823
19491,1731.1463372494823
19492,1731.1463372494823
19493,1731.1463372494823
19494,1731.1463372494823
19495,1731.1463372494823
19496,1731.1463372494823
19497,1731.1463372494823
19498,1731.1463372494823
19499,1731.1463372494823
19500,1731.1463372494823
19501,1731.1463372494823
19502,1731.1463372494823
19503,1731.1463372494823
19504,1731.1463372494823
19505,1731.1463372494823
19506,1731.1463372494823
19507,1731.1463372494823
19508,1731.1463372494823
19509,1731.1463372494823
19510,1731.1463372494823
19511,1731.1463372494823
19512,1731.1463372494823
19513,1731.1463372494823
19514,1731.1463372494823
19515,1731.1463372494823
19516,1731.1463372494823
19517,1731.1463372494823
19518,1731.1463372494823
19519,1731.1463372494823
19520,1731.1463372494823
19521,1731.1463372494823
19522,1731.1463372494823
19523,1731.1463372494823
19524,1731.1463372494823
19525,1731.1463372494823
19526,1731.1463372494823
19527,1731.1463372494823
19528,1731.1463372494823
19529,1731.1463372494823
19530,1731.1463372494823
19531,1731.1463372494823
19532,1731.1463372494823
19533,1731.1463372494823
19534,1731.1463372494823
19535,1731.1463372494823
19536,1731.1463372494823
19537,1731.1463372494823
19538,1731.1463372494823
19539,1731.1463372494823
19540,1731.1463372494823
19541,1731.1463372494823
19542,1731.1463372494823
19543,1731.1463372494823
19544,1731.1463372494823
19545,1731.1463372494823
19546,1731.1463372494823
19547,1731.1463372494823
19548,1731.1463372494823
19549,1731.1463372494823
19550,1731.1463372494823
19551,1731.1463372494823
19552,1731.1463372494823
19553,1731.1463372494823
19554,1731.1463372494823
19555,1731.1463372494823
19556,1731.1463372494823
19557,1731.1463372494823
19558,1731.1463372494823
19559,1731.1463372494823
19560,1731.1463372494823
19561,1731.1463372494823
19562,1731.1463372494823
19563,1731.1463372494823
19564,1731.1463372494823
19565,1731.1463372494823
19566,1731.1463372494823
19567,1731.1463372494823
19568,1731.1463372494823
19569,1731.1463372494823
19570,1731.1463372494823
19571,1731.1463372494823
19572,1731.1463372494823
19573,1731.1463372494823
19574,1731.1463372494823
19575,1731.1463372494823
19576,1731.1463372494823
19577,1731.1463372494823
19578,1731.1463372494823
19579,1731.1463372494823
19580,1731.1463372494823
19581,1731.1463372494823
19582,1731.1463372494823
19583,1731.1463372494823
19584,1731.1463372494823
19585,1731.1463372494823
19586,1731.1463372494823
19587,1731.1463372494823
19588,1731.1463372494823
19589,1731.1463372494823
19590,1731.1463372494823
19591,1731.1463372494823
19592,1731.1463372494823
19593,1731.1463372494823
19594,1731.1463372494823
19595,1731.1463372494823
19596,1731.1463372494823
19597,1731.1463372494823
19598,1731.1463372494823
19599,1731.1463372494823
19600,1731.1463372494823
19601,1731.1463372494823
19602,1731.1463372494823
19603,1731.1463372494823
19604,1731.1463372494823
19605,1731.1463372494823
19606,1731.1463372494823
19607,1731.1463372494823
19608,1731.1463372494823
19609,1731.1463372494823
19610,1731.1463372494823
19611,1731.1463372494823
19612,1731.1463372494823
19613,1731.1463372494823
19614,1731.1463372494823
19615,1731.1463372494823
19616,1731.1463372494823
19617,1731.1463372494823
19618,1731.1463372494823
19619,1731.1463372494823
19620,1731.1463372494823
19621,1731.1463372494823
19622,1731.1463372494823
19623,1731.1463372494823
19624,1731.1463372494823
19625,1731.1463372494823
19626,1731.1463372494823
19627,1731.1463372494823
19628,1731.1463372494823
19629,1731.1463372494823
19630,1731.1463372494823
19631,1731.1463372494823
19632,1731.1463372494823
19633,1731.1463372494823
19634,1731.1463372494823
19635,1731.1463372494823
19636,1731.1463372494823
19637,1731.1463372494823
19638,1731.1463372494823
19639,1731.1463372494823
19640,1731.1463372494823
19641,1731.1463372494823
19642,1731.1463372494823
19643,1731.1463372494823
19644,1731.1463372494823
19645,1731.1463372494823
19646,1731.1463372494823
19647,1731.1463372494823
19648,1731.1463372494823
19649,1731.1463372494823
19650,1731.1463372494823
19651,1731.1463372494823
19652,1731.1463372494823
19653,1731.1463372494823
19654,1731.1463372494823
19655,1731.1463372494823
19656,1731.1463372494823
19657,1731.1463372494823
19658,1731.1463372494823
19659,1731.1463372494823
19660,1731.1463372494823
19661,1731.1463372494823
19662,1731.1463372494823
19663,1731.1463372494823
19664,1731.1463372494823
19665,1731.1463372494823
19666,1731.1463372494823
19667,1731.1463372494823
19668,1731.1463372494823
19669,1731.1463372494823
19670,1731.1463372494823
19671,1731.1463372494823
19672,1731.1463372494823
19673,1731.1463372494823
19674,1731.1463372494823
19675,1731.1463372494823
19676,1731.1463372494823
19677,1731.1463372494823
19678,1731.1463372494823
19679,1731.1463372494823
19680,1731.1463372494823
19681,1731.1463372494823
19682,1731.1463372494823
19683,1731.1463372494823
19684,1731.1463372494823
19685,1731.1463372494823
19686,1731.1463372494823
19687,1731.1463372494823
19688,1731.1463372494823
19689,1731.1463372494823
19690,1731.1463372494823
19691,1731.1463372494823
19692,1731.1463372494823
19693,1731.1463372494823
19694,1731.1463372494823
19695,1731.1463372494823
19696,1731.1463372494823
19697,1731.1463372494823
19698,1731.1463372494823
19699,1731.1463372494823
19700,1731.1463372494823
19701,1731.1463372494823
19702,1731.1463372494823
19703,1731.1463372494823
19704,1731.1463372494823
19705,1731.1463372494823
19706,1731.1463372494823
19707,1731.1463372494823
19708,1731.1463372494823
19709,1731.1463372494823
19710,1731.1463372494823
19711,1731.1463372494823
19712,1731.1463372494823
19713,1731.1463372494823
19714,1731.1463372494823
19715,1731.1463372494823
19716,1731.1463372494823
19717,1731.1463372494823
19718,1731.1463372494823
19719,1731.1463372494823
19720,1731.1463372494823
19721,1731.1463372494823
19722,1731.1463372494823
19723,1731.1463372494823
19724,1731.1463372494823
19725,1731.1463372494823
19726,1731.1463372494823
19727,1731.1463372494823
19728,1731.1463372494823
19729,1731.1463372494823
19730,1731.1463372494823
19731,1731.1463372494823
19732,1731.1463372494823
19733,1731.1463372494823
19734,1731.1463372494823
19735,1731.1463372494823
19736,1731.1463372494823
19737,1731.1463372494823
19738,1731.1463372494823
19739,1731.1463372494823
19740,1731.1463372494823
19741,1731.1463372494823
19742,1731.1463372494823
19743,1731.1463372494823
19744,1731.1463372494823
19745,1731.1463372494823
19746,1731.1463372494823
19747,1731.1463372494823
19748,1731.1463372494823
19749,1731.1463372494823
19750,1731.1463372494823
19751,1731.1463372494823
19752,1731.1463372494823
19753,1731.1463372494823
19754,1731.1463372494823
19755,1731.1463372494823
19756,1731.1463372494823
19757,1731.1463372494823
19758,1731.1463372494823
19759,1731.1463372494823
19760,1731.1463372494823
19761,1731.1463372494823
19762,1731.1463372494823
19763,1731.1463372494823
19764,1731.1463372494823
19765,1731.1463372494823
19766,1730.8187221611051
19767,1730.3166722227347
19768,1730.3166722227345
19769,1730.3166722227345
19770,1730.3166722227345
19771,1730.3166722227345
19772,1730.3166722227345
19773,1730.3166722227345
19774,1730.3166722227345
19775,1730.3166722227345
19776,1730.3166722227345
19777,1730.3166722227345
19778,1730.3166722227345
19779,1730.3166722227345
19780,1730.3166722227345
19781,1730.3166722227345
19782,1730.3166722227345
19783,1730.3166722227345
19784,1730.3166722227345
19785,1730.3166722227345
19786,1730.3166722227345
19787,1730.3166722227345
19788,1730.3166722227345
19789,1730.3166722227345
19790,1730.3166722227345
19791,1730.3166722227345
19792,1730.3166722227345
19793,1730.3166722227345
19794,1730.3166722227345
19795,1730.3166722227345
19796,1730.3166722227345
19797,1730.3166722227345
19798,1730.3166722227345
19799,1730.3166722227345
19800,1730.3166722227345
19801,1730.3166722227345
19802,1730.3166722227345
19803,1730.3166722227345
19804,1730.3166722227345
19805,1730.3166722227345
19806,1730.3166722227345
19807,1730.3166722227345
19808,1730.3166722227345
19809,1730.3166722227345
19810,1730.3166722227345
19811,1730.3166722227345
19812,1730.3166722227345
19813,1730.3166722227345
19814,1730.3166722227345
19815,1730.3166722227345
19816,1730.3166722227345
19817,1730.3166722227345
19818,1730.3166722227345
19819,1730.3166722227345
19820,1730.3166722227345
19821,1730.3166722227345
19822,1730.3166722227345
19823,1730.3166722227345
19824,1730.3166722227345
19825,1730.3166722227345
19826,1730.3166722227345
19827,1730.3166722227345
19828,1730.3166722227345
19829,1730.3166722227345
19830,1730.3166722227345
19831,1730.3166722227345
19832,1730.3166722227345
19833,1730.3166722227345
19834,1730.3166722227345
19835,1730.3166722227345
19836,1730.3166722227345
19837,1730.3166722227345
19838,1730.3166722227345
19839,1730.3166722227345
19840,1730.3166722227345
19841,1730.3166722227345
19842,1730.3166722227345
19843,1730.3166722227345
19844,1730.3166722227345
19845,1730.3166722227345
19846,1730.3166722227345
19847,1730.3166722227345
19848,1730.3166722227345
19849,1730.3166722227345
19850,1730.3166722227345
19851,1730.3166722227345
19852,1730.3166722227345
19853,1730.3166722227345
19854,1730.3166722227345
19855,1730.3166722227345
19856,1730.3166722227345
19857,1730.3166722227345
19858,1730.3166722227345
19859,1730.3166722227345
19860,1730.3166722227345
19861,1730.3166722227345
19862,1730.3166722227345
19863,1730.3166722227345
19864,1730.3166722227345
19865,1730.3166722227345
19866,1730.3166722227345
19867,1730.3166722227345
19868,1730.3166722227345
19869,1730.3166722227345
19870,1730.3166722227345
19871,1730.3166722227345
19872,1730.3166722227345
19873,1730.3166722227345
19874,1730.3166722227345
19875,1730.3166722227345
19876,1730.3166722227345
19877,1730.3166722227345
19878,1730.3166722227345
19879,1730.3166722227345
19880,1730.3166722227345
19881,1730.3166722227345
19882,1730.3166722227345
19883,1730.3166722227345
19884,1730.3166722227345
19885,1730.3166722227345
19886,1730.3166722227345
19887,1730.3166722227345
19888,1730.3166722227345
19889,1730.3166722227345
19890,1730.3166722227345
19891,1730.3166722227345
19892,1730.3166722227345
19893,1730.3166722227345
19894,1730.3166722227345
19895,1730.3166722227345
19896,1730.3166722227345
19897,1730.3166722227345
19898,1730.3166722227345
19899,1730.3166722227345
19900,1730.3166722227345
19901,1730.3166722227345
19902,1730.3166722227345
19903,1730.3166722227345
19904,1730.3166722227345
19905,1730.3166722227345
19906,1730.3166722227345
19907,1730.3166722227345
19908,1730.3166722227345
19909,1730.3166722227345
19910,1730.3166722227345
19911,1730.3166722227345
19912,1730.3166722227345
19913,1730.3166722227345
19914,1730.3166722227345
19915,1730.3166722227345
19916,1730.3166722227345
19917,1730.3166722227345
19918,1730.3166722227345
19919,1730.3166722227345
19920,1730.3166722227345
19921,1730.3166722227345
19922,1730.3166722227345
19923,1730.3166722227345
19924,1730.3166722227345
19925,1730.3166722227345
19926,1730.3166722227345
19927,1730.3166722227345
19928,1730.3166722227345
19929,1730.3166722227345
19930,1730.3166722227345
19931,1730.3166722227345
19932,1730.3166722227345
19933,1730.3166722227345
19934,1730.3166722227345
19935,1730.3166722227345
19936,1730.3166722227345
19937,1730.3166722227345
19938,1730.3166722227345
19939,1730.3166722227345
19940,1730.3166722227345
19941,1730.3166722227345
19942,1730.3166722227345
19943,1730.3166722227345
19944,1730.3166722227345
19945,1730.3166722227345
19946,1730.3166722227345
19947,1730.3166722227345
19948,1730.3166722227345
19949,1730.3166722227345
19950,1730.3166722227345
19951,1730.3166722227345
19952,1730.3166722227345
19953,1730.3166722227345
19954,1730.3166722227345
19955,1730.3166722227345
19956,1730.3166722227345
19957,1730.3166722227345
19958,1730.3166722227345
19959,1730.3166722227345
19960,1730.3166722227345
19961,1730.3166722227345
19962,1730.3166722227345
19963,1730.3166722227345
19964,1730.3166722227345
19965,1730.3166722227345
19966,1730.3166722227345
19967,1730.3166722227345
19968,1730.3166722227345
19969,1730.3166722227345
19970,1730.3166722227345
19971,1730.3166722227345
19972,1730.3166722227345
19973,1730.3166722227345
19974,1730.3166722227345
19975,1730.3166722227345
19976,1730.3166722227345
19977,1730.3166722227345
19978,1730.3166722227345
19979,1730.3166722227345
19980,1730.3166722227345
19981,1730.3166722227345
19982,1730.3166722227345
19983,1730.3166722227345
19984,1730.3166722227345
19985,1730.3166722227345
19986,1730.3166722227345
19987,1730.3166722227345
19988,1730.3166722227345
19989,1730.3166722227345
19990,1730.3166722227345
19991,1730.3166722227345
19992,1730.3166722227345
19993,1730.3166722227345
19994,1730.3166722227345
19995,1730.3166722227345
19996,1730.3166722227345
19997,1730.3166722227345
19998,1730.3166722227345
19999,1730.3166722227345
20000,1730.3166722227345
20001,1730.3166722227345
20002,1730.3166722227345
20003,1730.3166722227345
20004,1730.3166722227345
20005,1730.3166722227345
20006,1730.3166722227345
20007,1730.3166722227345
20008,1730.3166722227345
20009,1730.3166722227345
20010,1730.3166722227345
20011,1730.3166722227345
20012,1730.3166722227345
20013,1730.3166722227345
20014,1730.3166722227345
20015,1730.3166722227345
20016,1730.3166722227345
20017,1730.3166722227345
20018,1730.3166722227345
20019,1730.3166722227345
20020,1730.3166722227345
20021,1730.3166722227345
20022,1730.3166722227345
20023,1730.3166722227345
20024,1730.3166722227345
20025,1730.3166722227345
20026,1730.3166722227345
20027,1730.3166722227345
20028,1730.3166722227345
20029,1730.3166722227345
20030,1730.3166722227345
20031,1730.3166722227345
20032,1730.3166722227345
20033,1730.3166722227345
20034,1730.3166722227345
20035,1730.3166722227345
20036,1730.3166722227345
20037,1730.3166722227345
20038,1730.3166722227345
20039,1730.3166722227345
20040,1730.3166722227345
20041,1730.3166722227345
20042,1730.3166722227345
20043,1730.3166722227345
20044,1730.3166722227345
20045,1730.3166722227345
20046,1730.3166722227345
20047,1730.3166722227345
20048,1730.3166722227345
20049,1730.3166722227345
20050,1730.3166722227345
20051,1730.3166722227345
20052,1730.3166722227345
20053,1730.3166722227345
20054,1730.3166722227345
20055,1730.3166722227345
20056,1730.3166722227345
20057,1730.3166722227345
20058,1730.3166722227345
20059,1730.3166722227345
20060,1730.3166722227345
20061,1730.3166722227345
20062,1730.3166722227345
20063,1730.3166722227345
20064,1730.3166722227345
20065,1730.3166722227345
20066,1730.3166722227345
20067,1730.3166722227345
20068,1730.3166722227345
20069,1730.3166722227345
20070,1730.3166722227345
20071,1730.3166722227345
20072,1730.3166722227345
20073,1730.3166722227345
20074,1730.3166722227345
20075,1730.3166722227345
20076,1730.3166722227345
20077,1730.3166722227345
20078,1730.3166722227345
20079,1730.3166722227345
20080,1730.3166722227345
20081,1730.3166722227345
20082,1730.3166722227345
20083,1730.3166722227345
20084,1730.3166722227345
20085,1730.3166722227345
20086,1730.3166722227345
20087,1730.3166722227345
20088,1730.3166722227345
20089,1730.3166722227345
20090,1730.3166722227345
20091,1730.3166722227345
20092,1730.3166722227345
20093,1730.3166722227345
20094,1730.3166722227345
20095,1730.3166722227345
20096,1730.3166722227345
20097,1730.3166722227345
20098,1730.3166722227345
20099,1730.3166722227345
20100,1730.3166722227345
20101,1730.3166722227345
20102,1730.3166722227345
20103,1730.3166722227345
20104,1730.3166722227345
20105,1730.3166722227345
20106,1730.3166722227345
20107,1730.3166722227345
20108,1730.3166722227345
20109,1730.3166722227345
20110,1730.3166722227345
20111,1730.3166722227345
20112,1730.3166722227345
20113,1730.3166722227345
20114,1730.3166722227345
20115,1730.3166722227345
20116,1730.3166722227345
20117,1730.3166722227345
20118,1730.3166722227345
20119,1730.3166722227345
20120,1730.3166722227345
20121,1730.3166722227345
20122,1730.3166722227345
20123,1730.3166722227345
20124,1730.3166722227345
20125,1730.3166722227345
20126,1730.3166722227345
20127,1730.3166722227345
20128,1730.3166722227345
20129,1730.3166722227345
20130,1730.3166722227345
20131,1730.3166722227345
20132,1730.3166722227345
20133,1730.3166722227345
20134,1730.3166722227345
20135,1730.3166722227345
20136,1730.3166722227345
20137,1730.3166722227345
20138,1730.3166722227345
20139,1730.3166722227345
20140,1730.3166722227345
20141,1730.3166722227345
20142,1730.3166722227345
20143,1730.3166722227345
20144,1730.3166722227345
20145,1730.3166722227345
20146,1730.3166722227345
20147,1730.3166722227345
20148,1730.3166722227345
20149,1730.3166722227345
20150,1730.3166722227345
20151,1730.3166722227345
20152,1730.3166722227345
20153,1730.3166722227345
20154,1730.3166722227345
20155,1730.3166722227345
20156,1730.3166722227345
20157,1730.3166722227345
20158,1730.3166722227345
20159,1730.3166722227345
20160,1730.3166722227345
20161,1730.3166722227345
20162,1730.3166722227345
20163,1730.3166722227345
20164,1730.3166722227345
20165,1730.3166722227345
20166,1730.3166722227345
20167,1730.3166722227345
20168,1730.3166722227345
20169,1730.3166722227345
20170,1730.3166722227345
20171,1730.3166722227345
20172,1730.3166722227345
20173,1730.3166722227345
20174,1730.3166722227345
20175,1730.3166722227345
20176,1730.3166722227345
20177,1730.3166722227345
20178,1730.3166722227345
20179,1730.3166722227345
20180,1730.3166722227345
20181,1730.3166722227345
20182,1730.3166722227345
20183,1730.3166722227345
20184,1730.3166722227345
20185,1730.3166722227345
20186,1730.3166722227345
20187,1730.3166722227345
20188,1730.3166722227345
20189,1730.3166722227345
20190,1730.3166722227345
20191,1730.3166722227345
20192,1730.3166722227345
20193,1730.3166722227345
20194,1730.3166722227345
20195,1730.3166722227345
20196,1730.3166722227345
20197,1730.3166722227345
20198,1730.3166722227345
20199,1730.3166722227345
20200,1730.3166722227345
20201,1730.3166722227345
20202,1730.3166722227345
20203,1730.3166722227345
20204,1730.3166722227345
20205,1730.3166722227345
20206,1730.3166722227345
20207,1730.3166722227345
20208,1730.3166722227345
20209,1730.3166722227345
20210,1730.3166722227345
20211,1730.3166722227345
20212,1730.3166722227345
20213,1730.3166722227345
20214,1730.3166722227345
20215,1730.3166722227345
20216,1730.3166722227345
20217,1730.3166722227345
20218,1730.3166722227345
20219,1730.3166722227345
20220,1730.3166722227345
20221,1730.3166722227345
20222,1730.3166722227345
20223,1730.3166722227345
20224,1730.3166722227345
20225,1730.3166722227345
20226,1730.3166722227345
20227,1730.3166722227345
20228,1730.3166722227345
20229,1730.3166722227345
20230,1730.3166722227345
20231,1730.3166722227345
20232,1730.3166722227345
20233,1730.3166722227345
20234,1730.3166722227345
20235,1730.3166722227345
20236,1730.3166722227345
20237,1730.3166722227345
20238,1730.3166722227345
20239,1730.3166722227345
20240,1730.3166722227345
20241,1730.3166722227345
20242,1730.3166722227345
20243,1730.3166722227345
20244,1730.3166722227345
20245,1730.3166722227345
20246,1730.3166722227345
20247,1730.3166722227345
20248,1730.3166722227345
20249,1730.3166722227345
20250,1730.3166722227345
20251,1730.3166722227345
20252,1730.3166722227345
20253,1730.3166722227345
20254,1730.3166722227345
20255,1730.3166722227345
20256,1730.3166722227345
20257,1730.3166722227345
20258,1730.3166722227345
20259,1730.3166722227345
20260,1730.3166722227345
20261,1730.3166722227345
20262,1730.3166722227345
20263,1730.3166722227345
20264,1730.3166722227345
20265,1730.3166722227345
20266,1730.3166722227345
20267,1730.3166722227345
20268,1730.3166722227345
20269,1730.3166722227345
20270,1730.3166722227345
20271,1730.3166722227345
20272,1730.3166722227345
20273,1730.3166722227345
20274,1730.3166722227345
20275,1730.3166722227345
20276,1730.3166722227345
20277,1730.3166722227345
20278,1730.3166722227345
20279,1730.3166722227345
20280,1730.3166722227345
20281,1730.3166722227345
20282,1730.3166722227345
20283,1730.3166722227345
20284,1730.3166722227345
20285,1730.3166722227345
20286,1730.3166722227345
20287,1730.3166722227345
20288,1730.3166722227345
20289,1730.3166722227345
20290,1730.3166722227345
20291,1730.3166722227345
20292,1730.3166722227345
20293,1730.3166722227345
20294,1730.3166722227345
20295,1730.3166722227345
20296,1730.3166722227345
20297,1730.3166722227345
20298,1730.3166722227345
20299,1730.3166722227345
20300,1730.3166722227345
20301,1730.3166722227345
20302,1730.3166722227345
20303,1730.3166722227345
20304,1730.3166722227345
20305,1730.3166722227345
20306,1730.3166722227345
20307,1730.3166722227345
20308,1730.3166722227345
20309,1730.3166722227345
20310,1730.3166722227345
20311,1730.3166722227345
20312,1730.3166722227345
20313,1730.3166722227345
20314,1730.3166722227345
20315,1730.3166722227345
20316,1730.3166722227345
20317,1730.3166722227345
20318,1730.3166722227345
20319,1730.3166722227345
20320,1730.3166722227345
20321,1730.3166722227345
20322,1730.3166722227345
20323,1730.3166722227345
20324,1730.3166722227345
20325,1730.3166722227345
20326,1730.3166722227345
20327,1730.3166722227345
20328,1730.3166722227345
20329,1730.3166722227345
20330,1730.3166722227345
20331,1730.3166722227345
20332,1730.3166722227345
20333,1730.3166722227345
20334,1730.3166722227345
20335,1730.3166722227345
20336,1730.3166722227345
20337,1730.3166722227345
20338,1730.3166722227345
20339,1730.3166722227345
20340,1730.3166722227345
20341,1730.3166722227345
20342,1730.3166722227345
20343,1730.3166722227345
20344,1730.3166722227345
20345,1730.3166722227345
20346,1730.3166722227345
20347,1730.3166722227345
20348,1730.3166722227345
20349,1730.3166722227345
20350,1730.3166722227345
20351,1730.3166722227345
20352,1730.3166722227345
20353,1730.3166722227345
20354,1730.3166722227345
20355,1730.3166722227345
20356,1730.3166722227345
20357,1730.3166722227345
20358,1730.3166722227345
20359,1730.3166722227345
20360,1730.3166722227345
20361,1730.3166722227345
20362,1730.3166722227345
20363,1730.3166722227345
20364,1730.3166722227345
20365,1730.3166722227345
20366,1730.3166722227345
20367,1730.3166722227345
20368,1730.3166722227345
20369,1730.3166722227345
20370,1730.3166722227345
20371,1730.3166722227345
20372,1730.3166722227345
20373,1730.3166722227345
20374,1730.3166722227345
20375,1730.3166722227345
20376,1730.3166722227345
20377,1730.3166722227345
20378,1730.3166722227345
20379,1730.3166722227345
20380,1730.3166722227345
20381,1730.3166722227345
20382,1730.3166722227345
20383,1730.3166722227345
20384,1730.3166722227345
20385,1730.3166722227345
20386,1730.3166722227345
20387,1730.3166722227345
20388,1730.3166722227345
20389,1730.3166722227345
20390,1730.3166722227345
20391,1730.3166722227345
20392,1730.3166722227345
20393,1730.3166722227345
20394,1730.3166722227345
20395,1730.3166722227345
20396,1730.3166722227345
20397,1730.3166722227345
20398,1730.3166722227345
20399,1730.3166722227345
20400,1730.3166722227345
20401,1730.3166722227345
20402,1730.3166722227345
20403,1730.3166722227345
20404,1730.3166722227345
20405,1730.3166722227345
20406,1730.3166722227345
20407,1730.3166722227345
20408,1730.3166722227345
20409,1730.3166722227345
20410,1730.3166722227345
20411,1730.3166722227345
20412,1730.3166722227345
20413,1730.3166722227345
20414,1730.3166722227345
20415,1730.3166722227345
20416,1730.3166722227345
20417,1730.3166722227345
20418,1730.3166722227345
20419,1730.3166722227345
20420,1730.3166722227345
20421,1730.3166722227345
20422,1730.3166722227345
20423,1730.3166722227345
20424,1730.3166722227345
20425,1730.3166722227345
20426,1730.3166722227345
20427,1730.3166722227345
20428,1730.3166722227345
20429,1730.3166722227345
20430,1730.3166722227345
20431,1730.3166722227345
20432,1730.3166722227345
20433,1730.3166722227345
20434,1730.3166722227345
20435,1730.3166722227345
20436,1730.3166722227345
20437,1730.3166722227345
20438,1730.3166722227345
20439,1730.3166722227345
20440,1730.3166722227345
20441,1730.3166722227345
20442,1730.3166722227345
20443,1730.3166722227345
20444,1730.3166722227345
20445,1730.3166722227345
20446,1730.3166722227345
20447,1730.3166722227345
20448,1730.3166722227345
20449,1730.3166722227345
20450,1730.3166722227345
20451,1730.3166722227345
20452,1730.3166722227345
20453,1730.3166722227345
20454,1730.3166722227345
20455,1730.3166722227345
20456,1730.3166722227345
20457,1730.3166722227345
20458,1730.3166722227345
20459,1730.3166722227345
20460,1730.3166722227345
20461,1730.3166722227345
20462,1730.3166722227345
20463,1730.3166722227345
20464,1730.3166722227345
20465,1730.3166722227345
20466,1730.3166722227345
20467,1730.3166722227345
20468,1730.3166722227345
20469,1730.3166722227345
20470,1730.3166722227345
20471,1730.3166722227345
20472,1730.3166722227345
20473,1730.3166722227345
20474,1730.3166722227345
20475,1730.3166722227345
20476,1730.3166722227345
20477,1730.3166722227345
20478,1730.3166722227345
20479,1730.3166722227345
20480,1730.3166722227345
20481,1730.3166722227345
20482,1730.3166722227345
20483,1730.3166722227345
20484,1730.3166722227345
20485,1730.3166722227345
20486,1730.3166722227345
20487,1730.3166722227345
20488,1730.3166722227345
20489,1730.3166722227345
20490,1730.3166722227345
20491,1730.3166722227345
20492,1730.3166722227345
20493,1730.3166722227345
20494,1730.3166722227345
20495,1730.3166722227345
20496,1730.3166722227345
20497,1730.3166722227345
20498,1730.3166722227345
20499,1730.3166722227345
20500,1730.3166722227345
20501,1730.3166722227345
20502,1730.3166722227345
20503,1730.3166722227345
20504,1730.3166722227345
20505,1730.3166722227345
20506,1730.3166722227345
20507,1730.3166722227345
20508,1730.3166722227345
20509,1730.3166722227345
20510,1730.3166722227345
20511,1730.3166722227345
20512,1730.3166722227345
20513,1730.3166722227345
20514,1730.3166722227345
20515,1730.3166722227345
20516,1730.3166722227345
20517,1730.3166722227345
20518,1730.3166722227345
20519,1730.3166722227345
20520,1730.3166722227345
20521,1730.3166722227345
20522,1730.3166722227345
20523,1730.3166722227345
20524,1730.3166722227345
20525,1730.3166722227345
20526,1730.3166722227345
20527,1730.3166722227345
20528,1730.3166722227345
20529,1730.3166722227345
20530,1730.3166722227345
20531,1730.3166722227345
20532,1730.3166722227345
20533,1730.3166722227345
20534,1730.3166722227345
20535,1730.3166722227345
20536,1730.3166722227345
20537,1730.3166722227345
20538,1730.3166722227345
20539,1730.3166722227345
20540,1730.3166722227345
20541,1730.3166722227345
20542,1730.3166722227345
20543,1730.3166722227345
20544,1730.3166722227345
20545,1730.3166722227345
20546,1730.3166722227345
20547,1730.3166722227345
20548,1730.3166722227345
20549,1730.3166722227345
20550,1730.3166722227345
20551,1730.3166722227345
20552,1730.3166722227345
20553,1730.3166722227345
20554,1730.3166722227345
20555,1730.3166722227345
20556,1730.3166722227345
20557,1730.3166722227345
20558,1730.3166722227345
20559,1730.3166722227345
20560,1730.3166722227345
20561,1730.3166722227345
20562,1730.3166722227345
20563,1730.3166722227345
20564,1730.3166722227345
20565,1730.3166722227345
20566,1730.3166722227345
20567,1730.3166722227345
20568,1730.3166722227345
20569,1730.3166722227345
20570,1730.3166722227345
20571,1730.3166722227345
20572,1730.3166722227345
20573,1730.3166722227345
20574,1730.3166722227345
20575,1730.3166722227345
20576,1730.3166722227345
20577,1730.3166722227345
20578,1730.3166722227345
20579,1730.3166722227345
20580,1730.3166722227345
20581,1730.3166722227345
20582,1730.3166722227345
20583,1730.3166722227345
20584,1730.3166722227345
20585,1730.3166722227345
20586,1730.3166722227345
20587,1730.3166722227345
20588,1730.3166722227345
20589,1730.3166722227345
20590,1730.3166722227345
20591,1730.3166722227345
20592,1730.3166722227345
20593,1730.3166722227345
20594,1730.3166722227345
20595,1730.3166722227345
20596,1730.3166722227345
20597,1730.3166722227345
20598,1730.3166722227345
20599,1730.3166722227345
20600,1730.3166722227345
20601,1730.3166722227345
20602,1730.3166722227345
20603,1730.3166722227345
20604,1730.3166722227345
20605,1730.3166722227345
20606,1730.3166722227345
20607,1730.3166722227345
20608,1730.3166722227345
20609,1730.3166722227345
20610,1730.3166722227345
20611,1730.3166722227345
20612,1730.3166722227345
20613,1730.3166722227345
20614,1730.3166722227345
20615,1730.3166722227345
20616,1730.3166722227345
20617,1730.3166722227345
20618,1730.3166722227345
20619,1730.3166722227345
20620,1730.3166722227345
20621,1730.3166722227345
20622,1730.3166722227345
20623,1730.3166722227345
20624,1730.3166722227345
20625,1730.3166722227345
20626,1730.3166722227345
20627,1730.3166722227345
20628,1730.3166722227345
20629,1730.3166722227345
20630,1730.3166722227345
20631,1730.3166722227345
20632,1730.3166722227345
20633,1730.3166722227345
20634,1730.3166722227345
20635,1730.3166722227345
20636,1730.3166722227345
20637,1730.3166722227345
20638,1730.3166722227345
20639,1730.3166722227345
20640,1730.3166722227345
20641,1730.3166722227345
20642,1730.3166722227345
20643,1730.3166722227345
20644,1730.3166722227345
20645,1730.3166722227345
20646,1730.3166722227345
20647,1730.3166722227345
20648,1730.3166722227345
20649,1730.3166722227345
20650,1730.3166722227345
20651,1730.3166722227345
20652,1730.3166722227345
20653,1730.3166722227345
20654,1730.3166722227345
20655,1730.3166722227345
20656,1730.3166722227345
20657,1730.3166722227345
20658,1730.3166722227345
20659,1730.3166722227345
20660,1730.3166722227345
20661,1730.3166722227345
20662,1730.3166722227345
20663,1730.3166722227345
20664,1730.3166722227345
20665,1730.3166722227345
20666,1730.3166722227345
20667,1730.3166722227345
20668,1730.3166722227345
20669,1730.3166722227345
20670,1730.3166722227345
20671,1730.3166722227345
20672,1730.3166722227345
20673,1730.3166722227345
20674,1730.3166722227345
20675,1730.3166722227345
20676,1730.3166722227345
20677,1730.3166722227345
20678,1730.3166722227345
20679,1730.3166722227345
20680,1730.3166722227345
20681,1730.3166722227345
20682,1730.3166722227345
20683,1730.3166722227345
20684,1730.3166722227345
20685,1730.3166722227345
20686,1730.3166722227345
20687,1730.3166722227345
20688,1730.3166722227345
20689,1730.3166722227345
20690,1730.3166722227345
20691,1730.3166722227345
20692,1730.3166722227345
20693,1730.3166722227345
20694,1730.3166722227345
20695,1730.3166722227345
20696,1730.3166722227345
20697,1730.3166722227345
20698,1730.3166722227345
20699,1730.3166722227345
20700,1730.3166722227345
20701,1730.3166722227345
20702,1730.3166722227345
20703,1730.3166722227345
20704,1730.3166722227345
20705,1730.3166722227345
20706,1730.3166722227345
20707,1730.3166722227345
20708,1730.3166722227345
20709,1730.3166722227345
20710,1730.3166722227345
20711,1730.3166722227345
20712,1730.3166722227345
20713,1730.3166722227345
20714,1730.3166722227345
20715,1730.3166722227345
20716,1730.3166722227345
20717,1730.3166722227345
20718,1730.3166722227345
20719,1730.3166722227345
20720,1730.3166722227345
20721,1730.3166722227345
20722,1730.3166722227345
20723,1730.3166722227345
20724,1730.3166722227345
20725,1730.3166722227345
20726,1730.3166722227345
20727,1730.3166722227345
20728,1730.3166722227345
20729,1730.3166722227345
20730,1730.3166722227345
20731,1730.3166722227345
20732,1730.3166722227345
20733,1730.3166722227345
20734,1730.3166722227345
20735,1730.3166722227345
20736,1730.3166722227345
20737,1730.3166722227345
20738,1730.3166722227345
20739,1730.3166722227345
20740,1730.3166722227345
20741,1730.3166722227345
20742,1730.3166722227345
20743,1730.3166722227345
20744,1730.3166722227345
20745,1730.3166722227345
20746,1730.3166722227345
20747,1730.3166722227345
20748,1730.3166722227345
20749,1730.3166722227345
20750,1730.3166722227345
20751,1730.3166722227345
20752,1730.3166722227345
20753,1730.3166722227345
20754,1730.3166722227345
20755,1730.3166722227345
20756,1730.3166722227345
20757,1730.3166722227345
20758,1730.3166722227345
20759,1730.3166722227345
20760,1730.3166722227345
20761,1730.3166722227345
20762,1730.3166722227345
20763,1730.3166722227345
20764,1730.3166722227345
20765,1730.3166722227345
20766,1730.3166722227345
20767,1730.3166722227345
20768,1730.3166722227345
20769,1730.3166722227345
20770,1730.3166722227345
20771,1730.3166722227345
20772,1730.3166722227345
20773,1730.3166722227345
20774,1730.3166722227345
20775,1730.3166722227345
20776,1730.3166722227345
20777,1730.3166722227345
20778,1730.3166722227345
20779,1730.3166722227345
20780,1730.3166722227345
20781,1730.3166722227345
20782,1730.3166722227345
20783,1730.3166722227345
20784,1730.3166722227345
20785,1730.3166722227345
20786,1730.3166722227345
20787,1730.3166722227345
20788,1730.3166722227345
20789,1730.3166722227345
20790,1730.3166722227345
20791,1730.3166722227345
20792,1730.3166722227345
20793,1730.3166722227345
20794,1730.3166722227345
20795,1730.3166722227345
20796,1730.3166722227345
20797,1730.3166722227345
20798,1730.3166722227345
20799,1730.3166722227345
20800,1730.3166722227345
20801,1730.3166722227345
20802,1730.3166722227345
20803,1730.3166722227345
20804,1730.3166722227345
20805,1730.3166722227345
20806,1730.3166722227345
20807,1730.3166722227345
20808,1730.3166722227345
20809,1730.3166722227345
20810,1730.3166722227345
20811,1730.3166722227345
20812,1730.3166722227345
20813,1730.3166722227345
20814,1730.3166722227345
20815,1730.3166722227345
20816,1730.3166722227345
20817,1730.3166722227345
20818,1730.3166722227345
20819,1730.3166722227345
20820,1730.3166722227345
20821,1730.3166722227345
20822,1730.3166722227345
20823,1730.3166722227345
20824,1730.3166722227345
20825,1730.3166722227345
20826,1730.3166722227345
20827,1730.3166722227345
20828,1730.3166722227345
20829,1730.3166722227345
20830,1730.3166722227345
20831,1730.3166722227345
20832,1730.3166722227345
20833,1730.3166722227345
20834,1730.3166722227345
20835,1730.3166722227345
20836,1730.3166722227345
20837,1730.3166722227345
20838,1730.3166722227345
20839,1730.3166722227345
20840,1730.3166722227345
20841,1730.3166722227345
20842,1730.3166722227345
20843,1730.3166722227345
20844,1730.3166722227345
20845,1730.3166722227345
20846,1730.3166722227345
20847,1730.3166722227345
20848,1730.3166722227345
20849,1730.3166722227345
20850,1730.3166722227345
20851,1730.3166722227345
20852,1730.3166722227345
20853,1730.3166722227345
20854,1730.3166722227345
20855,1730.3166722227345
20856,1730.3166722227345
20857,1730.3166722227345
20858,1730.3166722227345
20859,1730.3166722227345
20860,1730.3166722227345
20861,1730.3166722227345
20862,1730.3166722227345
20863,1730.3166722227345
20864,1730.3166722227345
20865,1730.3166722227345
20866,1730.3166722227345
20867,1730.3166722227345
20868,1730.3166722227345
20869,1730.3166722227345
20870,1730.3166722227345
20871,1730.3166722227345
20872,1730.3166722227345
20873,1730.3166722227345
20874,1730.3166722227345
20875,1730.3166722227345
20876,1730.3166722227345
20877,1730.3166722227345
20878,1730.3166722227345
20879,1730.3166722227345
20880,1730.3166722227345
20881,1730.3166722227345
20882,1730.3166722227345
20883,1730.3166722227345
20884,1730.3166722227345
20885,1730.3166722227345
20886,1730.3166722227345
20887,1730.3166722227345
20888,1730.3166722227345
20889,1730.3166722227345
20890,1730.3166722227345
20891,1730.3166722227345
20892,1730.3166722227345
20893,1730.3166722227345
20894,1730.3166722227345
20895,1730.3166722227345
20896,1730.3166722227345
20897,1730.3166722227345
20898,1730.3166722227345
20899,1730.3166722227345
20900,1730.3166722227345
20901,1730.3166722227345
20902,1730.3166722227345
20903,1730.3166722227345
20904,1730.3166722227345
20905,1730.3166722227345
20906,1730.3166722227345
20907,1730.3166722227345
20908,1730.3166722227345
20909,1730.3166722227345
20910,1730.3166722227345
20911,1730.3166722227345
20912,1730.3166722227345
20913,1730.3166722227345
20914,1730.3166722227345
20915,1730.3166722227345
20916,1730.3166722227345
20917,1730.3166722227345
20918,1730.3166722227345
20919,1730.3166722227345
20920,1730.3166722227345
20921,1730.3166722227345
20922,1730.3166722227345
20923,1730.3166722227345
20924,1730.3166722227345
20925,1730.3166722227345
20926,1730.3166722227345
20927,1730.3166722227345
20928,1730.3166722227345
20929,1730.3166722227345
20930,1730.3166722227345
20931,1730.3166722227345
20932,1730.3166722227345
20933,1730.3166722227345
20934,1730.3166722227345
20935,1730.3166722227345
20936,1730.3166722227345
20937,1730.3166722227345
20938,1730.3166722227345
20939,1730.3166722227345
20940,1730.3166722227345
20941,1730.3166722227345
20942,1730.3166722227345
20943,1730.3166722227345
20944,1730.3166722227345
20945,1730.3166722227345
20946,1730.3166722227345
20947,1730.3166722227345
20948,1730.3166722227345
20949,1730.3166722227345
20950,1730.3166722227345
20951,1730.3166722227345
20952,1730.3166722227345
20953,1730.3166722227345
20954,1730.3166722227345
20955,1730.3166722227345
20956,1730.3166722227345
20957,1730.3166722227345
20958,1730.3166722227345
20959,1730.3166722227345
20960,1730.3166722227345
20961,1730.3166722227345
20962,1730.3166722227345
20963,1730.3166722227345
20964,1730.3166722227345
20965,1730.3166722227345
20966,1730.3166722227345
20967,1730.3166722227345
20968,1730.3166722227345
20969,1730.3166722227345
20970,1730.3166722227345
20971,1730.3166722227345
20972,1730.3166722227345
20973,1730.3166722227345
20974,1730.3166722227345
20975,1730.3166722227345
20976,1730.3166722227345
20977,1730.3166722227345
20978,1730.3166722227345
20979,1730.3166722227345
20980,1730.3166722227345
20981,1730.3166722227345
20982,1730.3166722227345
20983,1730.3166722227345
20984,1730.3166722227345
20985,1730.3166722227345
20986,1730.3166722227345
20987,1730.3166722227345
20988,1730.3166722227345
20989,1730.3166722227345
20990,1730.3166722227345
20991,1730.3166722227345
20992,1730.3166722227345
20993,1730.3166722227345
20994,1730.3166722227345
20995,1730.3166722227345
20996,1730.3166722227345
20997,1730.3166722227345
20998,1730.3166722227345
20999,1730.3166722227345
21000,1730.3166722227345
21001,1730.3166722227345
21002,1730.3166722227345
21003,1730.3166722227345
21004,1730.3166722227345
21005,1730.3166722227345
21006,1730.3166722227345
21007,1730.3166722227345
21008,1730.3166722227345
21009,1730.3166722227345
21010,1730.3166722227345
21011,1730.3166722227345
21012,1730.3166722227345
21013,1730.3166722227345
21014,1730.3166722227345
21015,1730.3166722227345
21016,1730.3166722227345
21017,1730.3166722227345
21018,1730.3166722227345
21019,1730.3166722227345
21020,1730.3166722227345
21021,1730.3166722227345
21022,1730.3166722227345
21023,1730.3166722227345
21024,1730.3166722227345
21025,1730.3166722227345
21026,1730.3166722227345
21027,1730.3166722227345
21028,1730.3166722227345
21029,1730.3166722227345
21030,1730.3166722227345
21031,1730.3166722227345
21032,1730.3166722227345
21033,1730.3166722227345
21034,1730.3166722227345
21035,1730.3166722227345
21036,1730.3166722227345
21037,1730.3166722227345
21038,1730.3166722227345
21039,1730.3166722227345
21040,1730.3166722227345
21041,1730.3166722227345
21042,1730.3166722227345
21043,1730.3166722227345
21044,1730.3166722227345
21045,1730.3166722227345
21046,1730.3166722227345
21047,1730.3166722227345
21048,1730.3166722227345
21049,1730.3166722227345
21050,1730.3166722227345
21051,1730.3166722227345
21052,1730.3166722227345
21053,1730.3166722227345
21054,1730.3166722227345
21055,1730.3166722227345
21056,1730.3166722227345
21057,1730.3166722227345
21058,1730.3166722227345
21059,1730.3166722227345
21060,1730.3166722227345
21061,1730.3166722227345
21062,1730.3166722227345
21063,1730.3166722227345
21064,1730.3166722227345
21065,1730.3166722227345
21066,1730.3166722227345
21067,1730.3166722227345
21068,1730.3166722227345
21069,1730.3166722227345
21070,1730.3166722227345
21071,1730.3166722227345
21072,1730.3166722227345
21073,1730.3166722227345
21074,1730.3166722227345
21075,1730.3166722227345
21076,1730.3166722227345
21077,1730.3166722227345
21078,1730.3166722227345
21079,1730.3166722227345
21080,1730.3166722227345
21081,1730.3166722227345
21082,1730.3166722227345
21083,1730.3166722227345
21084,1730.3166722227345
21085,1730.3166722227345
21086,1730.3166722227345
21087,1730.3166722227345
21088,1730.3166722227345
21089,1730.3166722227345
21090,1730.3166722227345
21091,1730.3166722227345
21092,1730.3166722227345
21093,1730.3166722227345
21094,1730.3166722227345
21095,1730.3166722227345
21096,1730.3166722227345
21097,1730.3166722227345
21098,1730.3166722227345
21099,1730.3166722227345
21100,1730.3166722227345
21101,1730.3166722227345
21102,1730.3166722227345
21103,1730.3166722227345
21104,1730.3166722227345
21105,1730.3166722227345
21106,1730.3166722227345
21107,1730.3166722227345
21108,1730.3166722227345
21109,1730.3166722227345
21110,1730.3166722227345
21111,1730.3166722227345
21112,1730.3166722227345
21113,1730.3166722227345
21114,1730.3166722227345
21115,1730.3166722227345
21116,1730.3166722227345
21117,1730.3166722227345
21118,1730.3166722227345
21119,1730.3166722227345
21120,1730.3166722227345
21121,1730.3166722227345
21122,1730.3166722227345
21123,1730.3166722227345
21124,1730.3166722227345
21125,1730.3166722227345
21126,1730.3166722227345
21127,1730.3166722227345
21128,1730.3166722227345
21129,1730.3166722227345
21130,1730.3166722227345
21131,1730.3166722227345
21132,1730.3166722227345
21133,1730.3166722227345
21134,1730.3166722227345
21135,1730.3166722227345
21136,1730.3166722227345
21137,1730.3166722227345
21138,1730.3166722227345
21139,1730.3166722227345
21140,1730.3166722227345
21141,1730.3166722227345
21142,1730.3166722227345
21143,1730.3166722227345
21144,1730.3166722227345
21145,1730.3166722227345
21146,1730.3166722227345
21147,1730.3166722227345
21148,1730.3166722227345
21149,1730.3166722227345
21150,1730.3166722227345
21151,1730.3166722227345
21152,1730.3166722227345
21153,1730.3166722227345
21154,1730.3166722227345
21155,1730.3166722227345
21156,1730.3166722227345
21157,1730.3166722227345
21158,1730.3166722227345
21159,1730.3166722227345
21160,1730.3166722227345
21161,1730.3166722227345
21162,1730.3166722227345
21163,1730.3166722227345
21164,1730.3166722227345
21165,1730.3166722227345
21166,1730.3166722227345
21167,1730.3166722227345
21168,1730.3166722227345
21169,1730.3166722227345
21170,1730.3166722227345
21171,1730.3166722227345
21172,1730.3166722227345
21173,1730.3166722227345
21174,1730.3166722227345
21175,1730.3166722227345
21176,1730.3166722227345
21177,1730.3166722227345
21178,1730.3166722227345
21179,1730.3166722227345
21180,1730.3166722227345
21181,1730.3166722227345
21182,1730.3166722227345
21183,1730.3166722227345
21184,1730.3166722227345
21185,1730.3166722227345
21186,1730.3166722227345
21187,1730.3166722227345
21188,1730.3166722227345
21189,1730.3166722227345
21190,1730.3166722227345
21191,1730.3166722227345
21192,1730.3166722227345
21193,1730.3166722227345
21194,1730.3166722227345
21195,1730.3166722227345
21196,1730.3166722227345
21197,1730.3166722227345
21198,1730.3166722227345
21199,1730.3166722227345
21200,1730.3166722227345
21201,1730.3166722227345
21202,1730.3166722227345
21203,1730.3166722227345
21204,1730.3166722227345
21205,1730.3166722227345
21206,1730.3166722227345
21207,1730.3166722227345
21208,1730.3166722227345
21209,1730.3166722227345
21210,1730.3166722227345
21211,1730.3166722227345
21212,1730.3166722227345
21213,1730.3166722227345
21214,1730.3166722227345
21215,1730.3166722227345
21216,1730.3166722227345
21217,1730.3166722227345
21218,1730.3166722227345
21219,1730.3166722227345
21220,1730.3166722227345
21221,1730.3166722227345
21222,1730.3166722227345
21223,1730.3166722227345
21224,1730.3166722227345
21225,1730.3166722227345
21226,1730.3166722227345
21227,1730.3166722227345
21228,1730.3166722227345
21229,1730.3166722227345
21230,1730.3166722227345
21231,1730.3166722227345
21232,1730.3166722227345
21233,1730.3166722227345
21234,1730.3166722227345
21235,1730.3166722227345
21236,1730.3166722227345
21237,1730.3166722227345
21238,1730.3166722227345
21239,1730.3166722227345
21240,1730.3166722227345
21241,1730.3166722227345
21242,1730.3166722227345
21243,1730.3166722227345
21244,1730.3166722227345
21245,1730.3166722227345
21246,1730.3166722227345
21247,1730.3166722227345
21248,1730.3166722227345
21249,1730.3166722227345
21250,1730.3166722227345
21251,1730.3166722227345
21252,1730.3166722227345
21253,1730.3166722227345
21254,1730.3166722227345
21255,1730.3166722227345
21256,1730.3166722227345
21257,1730.3166722227345
21258,1730.3166722227345
21259,1730.3166722227345
21260,1730.3166722227345
21261,1730.3166722227345
21262,1730.3166722227345
21263,1730.3166722227345
21264,1730.3166722227345
21265,1730.3166722227345
21266,1730.3166722227345
21267,1730.3166722227345
21268,1730.3166722227345
21269,1730.3166722227345
21270,1730.3166722227345
21271,1730.3166722227345
21272,1730.3166722227345
21273,1730.3166722227345
21274,1730.3166722227345
21275,1730.3166722227345
21276,1730.3166722227345
21277,1730.3166722227345
21278,1730.3166722227345
21279,1730.3166722227345
21280,1730.3166722227345
21281,1730.3166722227345
21282,1730.3166722227345
21283,1730.3166722227345
21284,1730.3166722227345
21285,1730.3166722227345
21286,1730.3166722227345
21287,1730.3166722227345
21288,1730.3166722227345
21289,1730.3166722227345
21290,1730.3166722227345
21291,1730.3166722227345
21292,1730.3166722227345
21293,1730.3166722227345
21294,1730.3166722227345
21295,1730.3166722227345
21296,1730.3166722227345
21297,1730.3166722227345
21298,1730.3166722227345
21299,1730.3166722227345
21300,1730.3166722227345
21301,1730.3166722227345
21302,1730.3166722227345
21303,1730.3166722227345
21304,1730.3166722227345
21305,1730.3166722227345
21306,1730.3166722227345
21307,1730.3166722227345
21308,1730.3166722227345
21309,1730.3166722227345
21310,1730.3166722227345
21311,1730.3166722227345
21312,1730.3166722227345
21313,1730.3166722227345
21314,1730.3166722227345
21315,1730.3166722227345
21316,1730.3166722227345
21317,1730.3166722227345
21318,1730.3166722227345
21319,1730.3166722227345
21320,1730.3166722227345
21321,1730.3166722227345
21322,1730.3166722227345
21323,1730.3166722227345
21324,1730.3166722227345
21325,1730.3166722227345
21326,1730.3166722227345
21327,1730.3166722227345
21328,1730.3166722227345
21329,1730.3166722227345
21330,1730.3166722227345
21331,1730.3166722227345
21332,1730.3166722227345
21333,1730.3166722227345
21334,1730.3166722227345
21335,1730.3166722227345
21336,1730.3166722227345
21337,1730.3166722227345
21338,1730.3166722227345
21339,1730.3166722227345
21340,1730.3166722227345
21341,1730.3166722227345
21342,1730.3166722227345
21343,1730.3166722227345
21344,1730.3166722227345
21345,1730.3166722227345
21346,1730.3166722227345
21347,1730.3166722227345
21348,1730.3166722227345
21349,1730.3166722227345
21350,1730.3166722227345
21351,1730.3166722227345
21352,1730.3166722227345
21353,1730.3166722227345
21354,1730.3166722227345
21355,1730.3166722227345
21356,1730.3166722227345
21357,1730.3166722227345
21358,1730.3166722227345
21359,1730.3166722227345
21360,1730.3166722227345
21361,1730.3166722227345
21362,1730.3166722227345
21363,1730.3166722227345
21364,1730.3166722227345
21365,1730.3166722227345
21366,1730.3166722227345
21367,1730.3166722227345
21368,1730.3166722227345
21369,1730.3166722227345
21370,1730.3166722227345
21371,1730.3166722227345
21372,1730.3166722227345
21373,1730.3166722227345
21374,1730.3166722227345
21375,1730.3166722227345
21376,1730.3166722227345
21377,1730.3166722227345
21378,1730.3166722227345
21379,1730.3166722227345
21380,1730.3166722227345
21381,1730.3166722227345
21382,1730.3166722227345
21383,1730.3166722227345
21384,1730.3166722227345
21385,1730.3166722227345
21386,1730.3166722227345
21387,1730.3166722227345
21388,1730.3166722227345
21389,1730.3166722227345
21390,1730.3166722227345
21391,1730.3166722227345
21392,1730.3166722227345
21393,1730.3166722227345
21394,1730.3166722227345
21395,1730.3166722227345
21396,1730.3166722227345
21397,1730.3166722227345
21398,1730.3166722227345
21399,1730.3166722227345
21400,1730.3166722227345
21401,1730.3166722227345
21402,1730.3166722227345
21403,1730.3166722227345
21404,1730.3166722227345
21405,1730.3166722227345
21406,1730.3166722227345
21407,1730.3166722227345
21408,1730.3166722227345
21409,1730.3166722227345
21410,1730.3166722227345
21411,1730.3166722227345
21412,1730.3166722227345
21413,1730.3166722227345
21414,1730.3166722227345
21415,1730.3166722227345
21416,1730.3166722227345
21417,1730.3166722227345
21418,1730.3166722227345
21419,1730.3166722227345
21420,1730.3166722227345
21421,1730.3166722227345
21422,1730.3166722227345
21423,1730.3166722227345
21424,1730.3166722227345
21425,1730.3166722227345
21426,1730.3166722227345
21427,1730.3166722227345
21428,1730.3166722227345
21429,1730.3166722227345
21430,1730.3166722227345
21431,1730.3166722227345
21432,1730.3166722227345
21433,1730.3166722227345
21434,1730.3166722227345
21435,1730.3166722227345
21436,1730.3166722227345
21437,1730.3166722227345
21438,1730.3166722227345
21439,1730.3166722227345
21440,1730.3166722227345
21441,1730.3166722227345
21442,1730.3166722227345
21443,1730.3166722227345
21444,1730.3166722227345
21445,1730.3166722227345
21446,1730.3166722227345
21447,1730.3166722227345
21448,1730.3166722227345
21449,1730.3166722227345
21450,1730.3166722227345
21451,1730.3166722227345
21452,1730.3166722227345
21453,1730.3166722227345
21454,1730.3166722227345
21455,1730.3166722227345
21456,1730.3166722227345
21457,1730.3166722227345
21458,1730.3166722227345
21459,1730.3166722227345
21460,1730.3166722227345
21461,1730.3166722227345
21462,1730.3166722227345
21463,1730.3166722227345
21464,1730.3166722227345
21465,1730.3166722227345
21466,1730.3166722227345
21467,1730.3166722227345
21468,1730.3166722227345
21469,1730.3166722227345
21470,1730.3166722227345
21471,1730.3166722227345
21472,1730.3166722227345
21473,1730.3166722227345
21474,1730.3166722227345
21475,1730.3166722227345
21476,1730.3166722227345
21477,1730.3166722227345
21478,1730.3166722227345
21479,1730.3166722227345
21480,1730.3166722227345
21481,1730.3166722227345
21482,1730.3166722227345
21483,1730.3166722227345
21484,1730.3166722227345
21485,1730.3166722227345
21486,1730.3166722227345
21487,1730.3166722227345
21488,1730.3166722227345
21489,1730.3166722227345
21490,1730.3166722227345
21491,1730.3166722227345
21492,1730.3166722227345
21493,1730.3166722227345
21494,1730.3166722227345
21495,1730.3166722227345
21496,1730.3166722227345
21497,1730.3166722227345
21498,1730.3166722227345
21499,1730.3166722227345
21500,1730.3166722227345
21501,1730.3166722227345
21502,1730.3166722227345
21503,1730.3166722227345
21504,1730.3166722227345
21505,1730.3166722227345
21506,1730.3166722227345
21507,1730.3166722227345
21508,1730.3166722227345
21509,1730.3166722227345
21510,1730.3166722227345
21511,1730.3166722227345
21512,1730.3166722227345
21513,1730.3166722227345
21514,1730.3166722227345
21515,1730.3166722227345
21516,1730.3166722227345
21517,1730.3166722227345
21518,1730.3166722227345
21519,1730.3166722227345
21520,1730.3166722227345
21521,1730.3166722227345
21522,1730.3166722227345
21523,1730.3166722227345
21524,1730.3166722227345
21525,1730.3166722227345
21526,1730.3166722227345
21527,1730.3166722227345
21528,1730.3166722227345
21529,1730.3166722227345
21530,1730.3166722227345
21531,1730.3166722227345
21532,1730.3166722227345
21533,1730.3166722227345
21534,1730.3166722227345
21535,1730.3166722227345
21536,1730.3166722227345
21537,1730.3166722227345
21538,1730.3166722227345
21539,1730.3166722227345
21540,1730.3166722227345
21541,1730.3166722227345
21542,1730.3166722227345
21543,1730.3166722227345
21544,1730.3166722227345
21545,1730.3166722227345
21546,1730.3166722227345
21547,1730.3166722227345
21548,1730.3166722227345
21549,1730.3166722227345
21550,1730.3166722227345
21551,1730.3166722227345
21552,1730.3166722227345
21553,1730.3166722227345
21554,1730.3166722227345
21555,1730.3166722227345
21556,1730.3166722227345
21557,1730.3166722227345
21558,1730.3166722227345
21559,1730.3166722227345
21560,1730.3166722227345
21561,1730.3166722227345
21562,1730.3166722227345
21563,1730.3166722227345
21564,1730.3166722227345
21565,1730.3166722227345
21566,1730.3166722227345
21567,1730.3166722227345
21568,1730.3166722227345
21569,1730.3166722227345
21570,1730.3166722227345
21571,1730.3166722227345
21572,1730.3166722227345
21573,1730.3166722227345
21574,1730.3166722227345
21575,1730.3166722227345
21576,1730.3166722227345
21577,1730.3166722227345
21578,1730.3166722227345
21579,1730.3166722227345
21580,1730.3166722227345
21581,1730.3166722227345
21582,1730.3166722227345
21583,1730.3166722227345
21584,1730.3166722227345
21585,1730.3166722227345
21586,1730.3166722227345
21587,1730.3166722227345
21588,1730.3166722227345
21589,1730.3166722227345
21590,1730.3166722227345
21591,1730.3166722227345
21592,1730.3166722227345
21593,1730.3166722227345
21594,1730.3166722227345
21595,1730.3166722227345
21596,1730.3166722227345
21597,1730.3166722227345
21598,1730.3166722227345
21599,1730.3166722227345
21600,1730.3166722227345
21601,1730.3166722227345
21602,1730.3166722227345
21603,1730.3166722227345
21604,1730.3166722227345
21605,1730.3166722227345
21606,1730.3166722227345
21607,1730.3166722227345
21608,1730.3166722227345
21609,1730.3166722227345
21610,1730.3166722227345
21611,1730.3166722227345
21612,1730.3166722227345
21613,1730.3166722227345
21614,1730.3166722227345
21615,1730.3166722227345
21616,1730.3166722227345
21617,1730.3166722227345
21618,1730.3166722227345
21619,1730.3166722227345
21620,1730.3166722227345
21621,1730.3166722227345
21622,1730.3166722227345
21623,1730.3166722227345
21624,1730.3166722227345
21625,1730.3166722227345
21626,1730.3166722227345
21627,1730.3166722227345
21628,1730.3166722227345
21629,1730.3166722227345
21630,1730.3166722227345
21631,1730.3166722227345
21632,1730.3166722227345
21633,1730.3166722227345
21634,1730.3166722227345
21635,1730.3166722227345
21636,1730.3166722227345
21637,1730.3166722227345
21638,1730.3166722227345
21639,1730.3166722227345
21640,1730.3166722227345
21641,1730.3166722227345
21642,1730.3166722227345
21643,1730.3166722227345
21644,1730.3166722227345
21645,1730.3166722227345
21646,1730.3166722227345
21647,1730.3166722227345
21648,1730.3166722227345
21649,1730.3166722227345
21650,1730.3166722227345
21651,1730.3166722227345
21652,1730.3166722227345
21653,1730.3166722227345
21654,1730.3166722227345
21655,1730.3166722227345
21656,1730.3166722227345
21657,1730.3166722227345
21658,1730.3166722227345
21659,1730.3166722227345
21660,1730.3166722227345
21661,1730.3166722227345
21662,1730.3166722227345
21663,1730.3166722227345
21664,1730.3166722227345
21665,1730.3166722227345
21666,1730.3166722227345
21667,1730.3166722227345
21668,1730.3166722227345
21669,1730.3166722227345
21670,1730.3166722227345
21671,1730.3166722227345
21672,1730.3166722227345
21673,1730.3166722227345
21674,1730.3166722227345
21675,1730.3166722227345
21676,1730.3166722227345
21677,1730.3166722227345
21678,1730.3166722227345
21679,1730.3166722227345
21680,1730.3166722227345
21681,1730.3166722227345
21682,1730.3166722227345
21683,1730.3166722227345
21684,1730.3166722227345
21685,1730.3166722227345
21686,1730.3166722227345
21687,1730.3166722227345
21688,1730.3166722227345
21689,1730.3166722227345
21690,1730.3166722227345
21691,1730.3166722227345
21692,1730.3166722227345
21693,1730.3166722227345
21694,1730.3166722227345
21695,1730.3166722227345
21696,1730.3166722227345
21697,1730.3166722227345
21698,1730.3166722227345
21699,1730.3166722227345
21700,1730.3166722227345
21701,1730.3166722227345
21702,1730.3166722227345
21703,1730.3166722227345
21704,1730.3166722227345
21705,1730.3166722227345
21706,1730.3166722227345
21707,1730.3166722227345
21708,1730.3166722227345
21709,1730.3166722227345
21710,1730.3166722227345
21711,1730.3166722227345
21712,1730.3166722227345
21713,1730.3166722227345
21714,1730.3166722227345
21715,1730.3166722227345
21716,1730.3166722227345
21717,1730.3166722227345
21718,1730.3166722227345
21719,1730.3166722227345
21720,1730.3166722227345
21721,1730.3166722227345
21722,1730.3166722227345
21723,1730.3166722227345
21724,1730.3166722227345
21725,1730.3166722227345
21726,1730.3166722227345
21727,1730.3166722227345
21728,1730.3166722227345
21729,1730.3166722227345
21730,1730.3166722227345
21731,1730.3166722227345
21732,1730.3166722227345
21733,1730.3166722227345
21734,1730.3166722227345
21735,1730.3166722227345
21736,1730.3166722227345
21737,1730.3166722227345
21738,1730.3166722227345
21739,1730.3166722227345
21740,1730.3166722227345
21741,1730.3166722227345
21742,1730.3166722227345
21743,1730.3166722227345
21744,1730.3166722227345
21745,1730.3166722227345
21746,1730.3166722227345
21747,1730.3166722227345
21748,1730.3166722227345
21749,1730.3166722227345
21750,1730.3166722227345
21751,1730.3166722227345
21752,1730.3166722227345
21753,1730.3166722227345
21754,1730.3166722227345
21755,1730.3166722227345
21756,1730.3166722227345
21757,1730.3166722227345
21758,1730.3166722227345
21759,1730.3166722227345
21760,1730.3166722227345
21761,1730.3166722227345
21762,1730.3166722227345
21763,1730.3166722227345
21764,1730.3166722227345
21765,1730.3166722227345
21766,1730.3166722227345
21767,1730.3166722227345
21768,1730.3166722227345
21769,1730.3166722227345
21770,1730.3166722227345
21771,1730.3166722227345
21772,1730.3166722227345
21773,1730.3166722227345
21774,1730.3166722227345
21775,1730.3166722227345
21776,1730.3166722227345
21777,1730.3166722227345
21778,1730.3166722227345
21779,1730.3166722227345
21780,1730.3166722227345
21781,1730.3166722227345
21782,1730.3166722227345
21783,1730.3166722227345
21784,1730.3166722227345
21785,1730.3166722227345
21786,1730.3166722227345
21787,1730.3166722227345
21788,1730.3166722227345
21789,1730.3166722227345
21790,1730.3166722227345
21791,1730.3166722227345
21792,1730.3166722227345
21793,1730.3166722227345
21794,1730.3166722227345
21795,1730.3166722227345
21796,1730.3166722227345
21797,1730.3166722227345
21798,1730.3166722227345
21799,1730.3166722227345
21800,1730.3166722227345
21801,1730.3166722227345
21802,1730.3166722227345
21803,1730.3166722227345
21804,1730.3166722227345
21805,1730.3166722227345
21806,1730.3166722227345
21807,1730.3166722227345
21808,1730.3166722227345
21809,1730.3166722227345
21810,1730.3166722227345
21811,1730.3166722227345
21812,1730.3166722227345
21813,1730.3166722227345
21814,1730.3166722227345
21815,1730.3166722227345
21816,1730.3166722227345
21817,1730.3166722227345
21818,1730.3166722227345
21819,1730.3166722227345
21820,1730.3166722227345
21821,1730.3166722227345
21822,1730.3166722227345
21823,1730.3166722227345
21824,1730.3166722227345
21825,1730.3166722227345
21826,1730.3166722227345
21827,1730.3166722227345
21828,1730.3166722227345
21829,1730.3166722227345
21830,1730.3166722227345
21831,1730.3166722227345
21832,1730.3166722227345
21833,1730.3166722227345
21834,1730.3166722227345
21835,1730.3166722227345
21836,1730.3166722227345
21837,1730.3166722227345
21838,1730.3166722227345
21839,1730.3166722227345
21840,1730.3166722227345
21841,1730.3166722227345
21842,1730.3166722227345
21843,1730.3166722227345
21844,1730.3166722227345
21845,1730.3166722227345
21846,1730.3166722227345
21847,1730.3166722227345
21848,1730.3166722227345
21849,1730.3166722227345
21850,1730.3166722227345
21851,1730.3166722227345
21852,1730.3166722227345
21853,1730.3166722227345
21854,1730.3166722227345
21855,1730.3166722227345
21856,1730.3166722227345
21857,1730.3166722227345
21858,1730.3166722227345
21859,1730.3166722227345
21860,1730.3166722227345
21861,1730.3166722227345
21862,1730.3166722227345
21863,1730.3166722227345
21864,1730.3166722227345
21865,1730.3166722227345
21866,1730.3166722227345
21867,1730.3166722227345
21868,1730.3166722227345
21869,1730.3166722227345
21870,1730.3166722227345
21871,1730.3166722227345
21872,1730.3166722227345
21873,1730.3166722227345
21874,1730.3166722227345
21875,1730.3166722227345
21876,1730.3166722227345
21877,1730.3166722227345
21878,1730.3166722227345
21879,1730.3166722227345
21880,1730.3166722227345
21881,1730.3166722227345
21882,1730.3166722227345
21883,1730.3166722227345
21884,1730.3166722227345
21885,1730.3166722227345
21886,1730.3166722227345
21887,1730.3166722227345
21888,1730.3166722227345
21889,1730.3166722227345
21890,1730.3166722227345
21891,1730.3166722227345
21892,1730.3166722227345
21893,1730.3166722227345
21894,1730.3166722227345
21895,1730.3166722227345
21896,1730.3166722227345
21897,1730.3166722227345
21898,1730.3166722227345
21899,1730.3166722227345
21900,1730.3166722227345
21901,1730.3166722227345
21902,1730.3166722227345
21903,1730.3166722227345
21904,1730.3166722227345
21905,1730.3166722227345
21906,1730.3166722227345
21907,1730.3166722227345
21908,1730.3166722227345
21909,1730.3166722227345
21910,1730.3166722227345
21911,1730.3166722227345
21912,1730.3166722227345
21913,1730.3166722227345
21914,1730.3166722227345
21915,1730.3166722227345
21916,1730.3166722227345
21917,1730.3166722227345
21918,1730.3166722227345
21919,1730.3166722227345
21920,1730.3166722227345
21921,1730.3166722227345
21922,1730.3166722227345
21923,1730.3166722227345
21924,1730.3166722227345
21925,1730.3166722227345
21926,1730.3166722227345
21927,1730.3166722227345
21928,1730.3166722227345
21929,1730.3166722227345
21930,1730.3166722227345
21931,1730.3166722227345
21932,1730.3166722227345
21933,1730.3166722227345
21934,1730.3166722227345
21935,1730.3166722227345
21936,1730.3166722227345
21937,1730.3166722227345
21938,1730.3166722227345
21939,1730.3166722227345
21940,1730.3166722227345
21941,1730.3166722227345
21942,1730.3166722227345
21943,1730.3166722227345
21944,1730.3166722227345
21945,1730.3166722227345
21946,1730.3166722227345
21947,1730.3166722227345
21948,1730.3166722227345
21949,1730.3166722227345
21950,1730.3166722227345
21951,1730.3166722227345
21952,1730.3166722227345
21953,1730.3166722227345
21954,1730.3166722227345
21955,1730.3166722227345
21956,1730.3166722227345
21957,1730.3166722227345
21958,1730.3166722227345
21959,1730.3166722227345
21960,1730.3166722227345
21961,1730.3166722227345
21962,1730.3166722227345
21963,1730.3166722227345
21964,1730.3166722227345
21965,1730.3166722227345
21966,1730.3166722227345
21967,1730.3166722227345
21968,1730.3166722227345
21969,1730.3166722227345
21970,1730.3166722227345
21971,1730.3166722227345
21972,1730.3166722227345
21973,1730.3166722227345
21974,1730.3166722227345
21975,1730.3166722227345
21976,1730.3166722227345
21977,1730.3166722227345
21978,1730.3166722227345
21979,1730.3166722227345
21980,1730.3166722227345
21981,1730.3166722227345
21982,1730.3166722227345
21983,1730.3166722227345
21984,1730.3166722227345
21985,1730.3166722227345
21986,1730.3166722227345
21987,1730.3166722227345
21988,1730.3166722227345
21989,1730.3166722227345
21990,1730.3166722227345
21991,1730.3166722227345
21992,1730.3166722227345
21993,1730.3166722227345
21994,1730.3166722227345
21995,1730.3166722227345
21996,1730.3166722227345
21997,1730.3166722227345
21998,1730.3166722227345
21999,1730.3166722227345
22000,1730.3166722227345
22001,1730.3166722227345
22002,1730.3166722227345
22003,1730.3166722227345
22004,1730.3166722227345
22005,1730.3166722227345
22006,1730.3166722227345
22007,1730.3166722227345
22008,1730.3166722227345
22009,1730.3166722227345
22010,1730.3166722227345
22011,1730.3166722227345
22012,1730.3166722227345
22013,1730.3166722227345
22014,1730.3166722227345
22015,1730.3166722227345
22016,1730.3166722227345
22017,1730.3166722227345
22018,1730.3166722227345
22019,1730.3166722227345
22020,1730.3166722227345
22021,1730.3166722227345
22022,1730.3166722227345
22023,1730.3166722227345
22024,1730.3166722227345
22025,1730.3166722227345
22026,1730.3166722227345
22027,1730.3166722227345
22028,1730.3166722227345
22029,1730.3166722227345
22030,1730.3166722227345
22031,1730.3166722227345
22032,1730.3166722227345
22033,1730.3166722227345
22034,1730.3166722227345
22035,1730.3166722227345
22036,1730.3166722227345
22037,1730.3166722227345
22038,1730.3166722227345
22039,1730.3166722227345
22040,1730.3166722227345
22041,1730.3166722227345
22042,1730.3166722227345
22043,1730.3166722227345
22044,1730.3166722227345
22045,1730.3166722227345
22046,1730.3166722227345
22047,1730.3166722227345
22048,1730.3166722227345
22049,1730.3166722227345
22050,1730.3166722227345
22051,1730.3166722227345
22052,1730.3166722227345
22053,1730.3166722227345
22054,1730.3166722227345
22055,1730.3166722227345
22056,1730.3166722227345
22057,1730.3166722227345
22058,1730.3166722227345
22059,1730.3166722227345
22060,1730.3166722227345
22061,1730.3166722227345
22062,1730.3166722227345
22063,1730.3166722227345
22064,1730.3166722227345
22065,1730.3166722227345
22066,1730.3166722227345
22067,1730.3166722227345
22068,1730.3166722227345
22069,1730.3166722227345
22070,1730.3166722227345
22071,1730.3166722227345
22072,1730.3166722227345
22073,1730.3166722227345
22074,1730.3166722227345
22075,1730.3166722227345
22076,1730.3166722227345
22077,1730.3166722227345
22078,1730.3166722227345
22079,1730.3166722227345
22080,1730.3166722227345
22081,1730.3166722227345
22082,1730.3166722227345
22083,1730.3166722227345
22084,1730.3166722227345
22085,1730.3166722227345
22086,1730.3166722227345
22087,1730.3166722227345
22088,1730.3166722227345
22089,1730.3166722227345
22090,1730.3166722227345
22091,1730.3166722227345
22092,1730.3166722227345
22093,1730.3166722227345
22094,1730.3166722227345
22095,1730.3166722227345
22096,1730.3166722227345
22097,1730.3166722227345
22098,1730.3166722227345
22099,1730.3166722227345
22100,1730.3166722227345
22101,1730.3166722227345
22102,1730.3166722227345
22103,1730.3166722227345
22104,1730.3166722227345
22105,1730.3166722227345
22106,1730.3166722227345
22107,1730.3166722227345
22108,1730.3166722227345
22109,1730.3166722227345
22110,1730.3166722227345
22111,1730.3166722227345
22112,1730.3166722227345
22113,1730.3166722227345
22114,1730.3166722227345
22115,1730.3166722227345
22116,1730.3166722227345
22117,1730.3166722227345
22118,1730.3166722227345
22119,1730.3166722227345
22120,1730.3166722227345
22121,1730.3166722227345
22122,1730.3166722227345
22123,1730.3166722227345
22124,1730.3166722227345
22125,1730.3166722227345
22126,1730.3166722227345
22127,1730.3166722227345
22128,1730.3166722227345
22129,1730.3166722227345
22130,1730.3166722227345
22131,1730.3166722227345
22132,1730.3166722227345
22133,1730.3166722227345
22134,1730.3166722227345
22135,1730.3166722227345
22136,1730.3166722227345
22137,1730.3166722227345
22138,1730.3166722227345
22139,1730.3166722227345
22140,1730.3166722227345
22141,1730.3166722227345
22142,1730.3166722227345
22143,1730.3166722227345
22144,1730.3166722227345
22145,1730.3166722227345
22146,1730.3166722227345
22147,1730.3166722227345
22148,1730.3166722227345
22149,1730.3166722227345
22150,1730.3166722227345
22151,1730.3166722227345
22152,1730.3166722227345
22153,1730.3166722227345
22154,1730.3166722227345
22155,1730.3166722227345
22156,1730.3166722227345
22157,1730.3166722227345
22158,1730.3166722227345
22159,1730.3166722227345
22160,1730.3166722227345
22161,1730.3166722227345
22162,1730.3166722227345
22163,1730.3166722227345
22164,1730.3166722227345
22165,1730.3166722227345
22166,1730.3166722227345
22167,1730.3166722227345
22168,1730.3166722227345
22169,1730.3166722227345
22170,1730.3166722227345
22171,1730.3166722227345
22172,1730.3166722227345
22173,1730.3166722227345
22174,1730.3166722227345
22175,1730.3166722227345
22176,1730.3166722227345
22177,1730.3166722227345
22178,1730.3166722227345
22179,1730.3166722227345
22180,1730.3166722227345
22181,1730.3166722227345
22182,1730.3166722227345
22183,1730.3166722227345
22184,1730.3166722227345
22185,1730.3166722227345
22186,1730.3166722227345
22187,1730.3166722227345
22188,1730.3166722227345
22189,1730.3166722227345
22190,1730.3166722227345
22191,1730.3166722227345
22192,1730.3166722227345
22193,1730.3166722227345
22194,1730.3166722227345
22195,1730.3166722227345
22196,1730.3166722227345
22197,1730.3166722227345
22198,1730.3166722227345
22199,1730.3166722227345
22200,1730.3166722227345
22201,1730.3166722227345
22202,1730.3166722227345
22203,1730.3166722227345
22204,1730.3166722227345
22205,1730.3166722227345
22206,1730.3166722227345
22207,1730.3166722227345
22208,1730.3166722227345
22209,1730.3166722227345
22210,1730.3166722227345
22211,1730.3166722227345
22212,1730.3166722227345
22213,1730.3166722227345
22214,1730.3166722227345
22215,1730.3166722227345
22216,1730.3166722227345
22217,1730.3166722227345
22218,1730.3166722227345
22219,1730.3166722227345
22220,1730.3166722227345
22221,1730.3166722227345
22222,1730.3166722227345
22223,1730.3166722227345
22224,1730.3166722227345
22225,1730.3166722227345
22226,1730.3166722227345
22227,1730.3166722227345
22228,1730.3166722227345
22229,1730.3166722227345
22230,1730.3166722227345
22231,1730.3166722227345
22232,1730.3166722227345
22233,1730.3166722227345
22234,1730.3166722227345
22235,1730.3166722227345
22236,1730.3166722227345
22237,1730.3166722227345
22238,1730.3166722227345
22239,1730.3166722227345
22240,1730.3166722227345
22241,1730.3166722227345
22242,1730.3166722227345
22243,1730.3166722227345
22244,1730.3166722227345
22245,1730.3166722227345
22246,1730.3166722227345
22247,1730.3166722227345
22248,1730.3166722227345
22249,1730.3166722227345
22250,1730.3166722227345
22251,1730.3166722227345
22252,1730.3166722227345
22253,1730.3166722227345
22254,1730.3166722227345
22255,1730.3166722227345
22256,1730.3166722227345
22257,1730.3166722227345
22258,1730.3166722227345
22259,1730.3166722227345
22260,1730.3166722227345
22261,1730.3166722227345
22262,1730.3166722227345
22263,1730.3166722227345
22264,1730.3166722227345
22265,1730.3166722227345
22266,1730.3166722227345
22267,1730.3166722227345
22268,1730.3166722227345
22269,1730.3166722227345
22270,1730.3166722227345
22271,1730.3166722227345
22272,1730.3166722227345
22273,1730.3166722227345
22274,1730.3166722227345
22275,1730.3166722227345
22276,1730.3166722227345
22277,1730.3166722227345
22278,1730.3166722227345
22279,1730.3166722227345
22280,1730.3166722227345
22281,1730.3166722227345
22282,1730.3166722227345
22283,1730.3166722227345
22284,1730.3166722227345
22285,1730.3166722227345
22286,1730.3166722227345
22287,1730.3166722227345
22288,1730.3166722227345
22289,1730.3166722227345
22290,1730.3166722227345
22291,1730.3166722227345
22292,1730.3166722227345
22293,1730.3166722227345
22294,1730.3166722227345
22295,1730.3166722227345
22296,1730.3166722227345
22297,1730.3166722227345
22298,1730.3166722227345
22299,1730.3166722227345
22300,1730.3166722227345
22301,1730.3166722227345
22302,1730.3166722227345
22303,1730.3166722227345
22304,1730.3166722227345
22305,1730.3166722227345
22306,1730.3166722227345
22307,1730.3166722227345
22308,1730.3166722227345
22309,1730.3166722227345
22310,1730.3166722227345
22311,1730.3166722227345
22312,1730.3166722227345
22313,1730.3166722227345
22314,1730.3166722227345
22315,1730.3166722227345
22316,1730.3166722227345
22317,1730.3166722227345
22318,1730.3166722227345
22319,1730.3166722227345
22320,1730.3166722227345
22321,1730.3166722227345
22322,1730.3166722227345
22323,1730.3166722227345
22324,1730.3166722227345
22325,1730.3166722227345
22326,1730.3166722227345
22327,1730.3166722227345
22328,1730.3166722227345
22329,1730.3166722227345
22330,1730.3166722227345
22331,1730.3166722227345
22332,1730.3166722227345
22333,1730.3166722227345
22334,1730.3166722227345
22335,1730.3166722227345
22336,1730.3166722227345
22337,1730.3166722227345
22338,1730.3166722227345
22339,1730.3166722227345
22340,1730.3166722227345
22341,1730.3166722227345
22342,1730.3166722227345
22343,1730.3166722227345
22344,1730.3166722227345
22345,1730.3166722227345
22346,1730.3166722227345
22347,1730.3166722227345
22348,1730.3166722227345
22349,1730.3166722227345
22350,1730.3166722227345
22351,1730.3166722227345
22352,1730.3166722227345
22353,1730.3166722227345
22354,1730.3166722227345
22355,1730.3166722227345
22356,1730.3166722227345
22357,1730.3166722227345
22358,1730.3166722227345
22359,1730.3166722227345
22360,1730.3166722227345
22361,1730.3166722227345
22362,1730.3166722227345
22363,1730.3166722227345
22364,1730.3166722227345
22365,1730.3166722227345
22366,1730.3166722227345
22367,1730.3166722227345
22368,1730.3166722227345
22369,1730.3166722227345
22370,1730.3166722227345
22371,1730.3166722227345
22372,1730.3166722227345
22373,1730.3166722227345
22374,1730.3166722227345
22375,1730.3166722227345
22376,1730.3166722227345
22377,1730.3166722227345
22378,1730.3166722227345
22379,1730.3166722227345
22380,1730.3166722227345
22381,1730.3166722227345
22382,1730.3166722227345
22383,1730.3166722227345
22384,1730.3166722227345
22385,1730.3166722227345
22386,1730.3166722227345
22387,1730.3166722227345
22388,1730.3166722227345
22389,1730.3166722227345
22390,1730.3166722227345
22391,1730.3166722227345
22392,1730.3166722227345
22393,1730.3166722227345
22394,1730.3166722227345
22395,1730.3166722227345
22396,1730.3166722227345
22397,1730.3166722227345
22398,1730.3166722227345
22399,1730.3166722227345
22400,1730.3166722227345
22401,1730.3166722227345
22402,1730.3166722227345
22403,1730.3166722227345
22404,1730.3166722227345
22405,1730.3166722227345
22406,1730.3166722227345
22407,1730.3166722227345
22408,1730.3166722227345
22409,1730.3166722227345
22410,1730.3166722227345
22411,1730.3166722227345
22412,1730.3166722227345
22413,1730.3166722227345
22414,1730.3166722227345
22415,1730.3166722227345
22416,1730.3166722227345
22417,1730.3166722227345
22418,1730.3166722227345
22419,1730.3166722227345
22420,1730.3166722227345
22421,1730.3166722227345
22422,1730.3166722227345
22423,1730.3166722227345
22424,1730.3166722227345
22425,1730.3166722227345
22426,1730.3166722227345
22427,1730.3166722227345
22428,1730.3166722227345
22429,1730.3166722227345
22430,1730.3166722227345
22431,1730.3166722227345
22432,1730.3166722227345
22433,1730.3166722227345
22434,1730.3166722227345
22435,1730.3166722227345
22436,1730.3166722227345
22437,1730.3166722227345
22438,1730.3166722227345
22439,1730.3166722227345
22440,1730.3166722227345
22441,1730.3166722227345
22442,1730.3166722227345
22443,1730.3166722227345
22444,1730.3166722227345
22445,1730.3166722227345
22446,1730.3166722227345
22447,1730.3166722227345
22448,1730.3166722227345
22449,1730.3166722227345
22450,1730.3166722227345
22451,1730.3166722227345
22452,1730.3166722227345
22453,1730.3166722227345
22454,1730.3166722227345
22455,1730.3166722227345
22456,1730.3166722227345
22457,1730.3166722227345
22458,1730.3166722227345
22459,1730.3166722227345
22460,1730.3166722227345
22461,1730.3166722227345
22462,1730.3166722227345
22463,1730.3166722227345
22464,1730.3166722227345
22465,1730.3166722227345
22466,1730.3166722227345
22467,1730.3166722227345
22468,1730.3166722227345
22469,1730.3166722227345
22470,1730.3166722227345
22471,1730.3166722227345
22472,1730.3166722227345
22473,1730.3166722227345
22474,1730.3166722227345
22475,1730.3166722227345
22476,1730.3166722227345
22477,1730.3166722227345
22478,1730.3166722227345
22479,1730.3166722227345
22480,1730.3166722227345
22481,1730.3166722227345
22482,1730.3166722227345
22483,1730.3166722227345
22484,1730.3166722227345
22485,1730.3166722227345
22486,1730.3166722227345
22487,1730.3166722227345
22488,1730.3166722227345
22489,1730.3166722227345
22490,1730.3166722227345
22491,1730.3166722227345
22492,1730.3166722227345
22493,1730.3166722227345
22494,1730.3166722227345
22495,1730.3166722227345
22496,1730.3166722227345
22497,1730.3166722227345
22498,1730.3166722227345
22499,1730.3166722227345
22500,1730.3166722227345
22501,1730.3166722227345
22502,1730.3166722227345
22503,1730.3166722227345
22504,1730.3166722227345
22505,1730.3166722227345
22506,1730.3166722227345
22507,1730.3166722227345
22508,1730.3166722227345
22509,1730.3166722227345
22510,1730.3166722227345
22511,1730.3166722227345
22512,1730.3166722227345
22513,1730.3166722227345
22514,1730.3166722227345
22515,1730.3166722227345
22516,1730.3166722227345
22517,1730.3166722227345
22518,1730.3166722227345
22519,1730.3166722227345
22520,1730.3166722227345
22521,1730.3166722227345
22522,1730.3166722227345
22523,1730.3166722227345
22524,1730.3166722227345
22525,1730.3166722227345
22526,1730.3166722227345
22527,1730.3166722227345
22528,1730.3166722227345
22529,1730.3166722227345
22530,1730.3166722227345
22531,1730.3166722227345
22532,1730.3166722227345
22533,1730.3166722227345
22534,1730.3166722227345
22535,1730.3166722227345
22536,1730.3166722227345
22537,1730.3166722227345
22538,1730.3166722227345
22539,1730.3166722227345
22540,1730.3166722227345
22541,1730.3166722227345
22542,1730.3166722227345
22543,1730.3166722227345
22544,1730.3166722227345
22545,1730.3166722227345
22546,1730.3166722227345
22547,1730.3166722227345
22548,1730.3166722227345
22549,1730.3166722227345
22550,1730.3166722227345
22551,1730.3166722227345
22552,1730.3166722227345
22553,1730.3166722227345
22554,1730.3166722227345
22555,1730.3166722227345
22556,1730.3166722227345
22557,1730.3166722227345
22558,1730.3166722227345
22559,1730.3166722227345
22560,1730.3166722227345
22561,1730.3166722227345
22562,1730.3166722227345
22563,1730.3166722227345
22564,1730.3166722227345
22565,1730.3166722227345
22566,1730.3166722227345
22567,1730.3166722227345
22568,1730.3166722227345
22569,1730.3166722227345
22570,1730.3166722227345
22571,1730.3166722227345
22572,1730.3166722227345
22573,1730.3166722227345
22574,1730.3166722227345
22575,1730.3166722227345
22576,1730.3166722227345
22577,1730.3166722227345
22578,1730.3166722227345
22579,1730.3166722227345
22580,1730.3166722227345
22581,1730.3166722227345
22582,1730.3166722227345
22583,1730.3166722227345
22584,1730.3166722227345
22585,1730.3166722227345
22586,1730.3166722227345
22587,1730.3166722227345
22588,1730.3166722227345
22589,1730.3166722227345
22590,1730.3166722227345
22591,1730.3166722227345
22592,1730.3166722227345
22593,1730.3166722227345
22594,1730.3166722227345
22595,1730.3166722227345
22596,1730.3166722227345
22597,1730.3166722227345
22598,1730.3166722227345
22599,1730.3166722227345
22600,1730.3166722227345
22601,1730.3166722227345
22602,1730.3166722227345
22603,1730.3166722227345
22604,1730.3166722227345
22605,1730.3166722227345
22606,1730.3166722227345
22607,1730.3166722227345
22608,1730.3166722227345
22609,1730.3166722227345
22610,1730.3166722227345
22611,1730.3166722227345
22612,1730.3166722227345
22613,1730.3166722227345
22614,1730.3166722227345
22615,1730.3166722227345
22616,1730.3166722227345
22617,1730.3166722227345
22618,1730.3166722227345
22619,1730.3166722227345
22620,1730.3166722227345
22621,1730.3166722227345
22622,1730.3166722227345
22623,1730.3166722227345
22624,1730.3166722227345
22625,1730.3166722227345
22626,1730.3166722227345
22627,1730.3166722227345
22628,1730.3166722227345
22629,1730.3166722227345
22630,1730.3166722227345
22631,1730.3166722227345
22632,1730.3166722227345
22633,1730.3166722227345
22634,1730.3166722227345
22635,1730.3166722227345
22636,1730.3166722227345
22637,1730.3166722227345
22638,1730.3166722227345
22639,1730.3166722227345
22640,1730.3166722227345
22641,1730.3166722227345
22642,1730.3166722227345
22643,1730.3166722227345
22644,1730.3166722227345
22645,1730.3166722227345
22646,1730.3166722227345
22647,1730.3166722227345
22648,1730.3166722227345
22649,1730.3166722227345
22650,1730.3166722227345
22651,1730.3166722227345
22652,1730.3166722227345
22653,1730.3166722227345
22654,1730.3166722227345
22655,1730.3166722227345
22656,1730.3166722227345
22657,1730.3166722227345
22658,1730.3166722227345
22659,1730.3166722227345
22660,1730.3166722227345
22661,1730.3166722227345
22662,1730.3166722227345
22663,1730.3166722227345
22664,1730.3166722227345
22665,1730.3166722227345
22666,1730.3166722227345
22667,1730.3166722227345
22668,1730.3166722227345
22669,1730.3166722227345
22670,1730.3166722227345
22671,1730.3166722227345
22672,1730.3166722227345
22673,1730.3166722227345
22674,1730.3166722227345
22675,1730.3166722227345
22676,1730.3166722227345
22677,1730.3166722227345
22678,1730.3166722227345
22679,1730.3166722227345
22680,1730.3166722227345
22681,1730.3166722227345
22682,1730.3166722227345
22683,1730.3166722227345
22684,1730.3166722227345
22685,1730.3166722227345
22686,1730.3166722227345
22687,1730.3166722227345
22688,1730.3166722227345
22689,1730.3166722227345
22690,1730.3166722227345
22691,1730.3166722227345
22692,1730.3166722227345
22693,1730.3166722227345
22694,1730.3166722227345
22695,1730.3166722227345
22696,1730.3166722227345
22697,1730.3166722227345
22698,1730.3166722227345
22699,1730.3166722227345
22700,1730.3166722227345
22701,1730.3166722227345
22702,1730.3166722227345
22703,1730.3166722227345
22704,1730.3166722227345
22705,1730.3166722227345
22706,1730.3166722227345
22707,1730.3166722227345
22708,1730.3166722227345
22709,1730.3166722227345
22710,1730.3166722227345
22711,1730.3166722227345
22712,1730.3166722227345
22713,1730.3166722227345
22714,1730.3166722227345
22715,1730.3166722227345
22716,1730.3166722227345
22717,1730.3166722227345
22718,1730.3166722227345
22719,1730.3166722227345
22720,1730.3166722227345
22721,1730.3166722227345
22722,1730.3166722227345
22723,1730.3166722227345
22724,1730.3166722227345
22725,1730.3166722227345
22726,1730.3166722227345
22727,1730.3166722227345
22728,1730.3166722227345
22729,1730.3166722227345
22730,1730.3166722227345
22731,1730.3166722227345
22732,1730.3166722227345
22733,1730.3166722227345
22734,1730.3166722227345
22735,1730.3166722227345
22736,1730.3166722227345
22737,1730.3166722227345
22738,1730.3166722227345
22739,1730.3166722227345
22740,1730.3166722227345
22741,1730.3166722227345
22742,1730.3166722227345
22743,1730.3166722227345
22744,1730.3166722227345
22745,1730.3166722227345
22746,1730.3166722227345
22747,1730.3166722227345
22748,1730.3166722227345
22749,1730.3166722227345
22750,1730.3166722227345
22751,1730.3166722227345
22752,1730.3166722227345
22753,1730.3166722227345
22754,1730.3166722227345
22755,1730.3166722227345
22756,1730.3166722227345
22757,1730.3166722227345
22758,1730.3166722227345
22759,1730.3166722227345
22760,1730.3166722227345
22761,1730.3166722227345
22762,1730.3166722227345
22763,1730.3166722227345
22764,1730.3166722227345
22765,1730.3166722227345
22766,1730.3166722227345
22767,1730.3166722227345
22768,1730.3166722227345
22769,1730.3166722227345
22770,1730.3166722227345
22771,1730.3166722227345
22772,1730.3166722227345
22773,1730.3166722227345
22774,1730.3166722227345
22775,1730.3166722227345
22776,1730.3166722227345
22777,1730.3166722227345
22778,1730.3166722227345
22779,1730.3166722227345
22780,1730.3166722227345
22781,1730.3166722227345
22782,1730.3166722227345
22783,1730.3166722227345
22784,1730.3166722227345
22785,1730.3166722227345
22786,1730.3166722227345
22787,1730.3166722227345
22788,1730.3166722227345
22789,1730.3166722227345
22790,1730.3166722227345
22791,1730.3166722227345
22792,1730.3166722227345
22793,1730.3166722227345
22794,1730.3166722227345
22795,1730.3166722227345
22796,1730.3166722227345
22797,1730.3166722227345
22798,1730.3166722227345
22799,1730.3166722227345
22800,1730.3166722227345
22801,1730.3166722227345
22802,1730.3166722227345
22803,1730.3166722227345
22804,1730.3166722227345
22805,1730.3166722227345
22806,1730.3166722227345
22807,1730.3166722227345
22808,1730.3166722227345
22809,1730.3166722227345
22810,1730.3166722227345
22811,1730.3166722227345
22812,1730.3166722227345
22813,1730.3166722227345
22814,1730.3166722227345
22815,1730.3166722227345
22816,1730.3166722227345
22817,1730.3166722227345
22818,1730.3166722227345
22819,1730.3166722227345
22820,1730.3166722227345
22821,1730.3166722227345
22822,1730.3166722227345
22823,1730.3166722227345
22824,1730.3166722227345
22825,1730.3166722227345
22826,1730.3166722227345
22827,1730.3166722227345
22828,1730.3166722227345
22829,1730.3166722227345
22830,1730.3166722227345
22831,1730.3166722227345
22832,1730.3166722227345
22833,1730.3166722227345
22834,1730.3166722227345
22835,1730.3166722227345
22836,1730.3166722227345
22837,1730.3166722227345
22838,1730.3166722227345
22839,1730.3166722227345
22840,1730.3166722227345
22841,1730.3166722227345
22842,1730.3166722227345
22843,1730.3166722227345
22844,1730.3166722227345
22845,1730.3166722227345
22846,1730.3166722227345
22847,1730.3166722227345
22848,1730.3166722227345
22849,1730.3166722227345
22850,1730.3166722227345
22851,1730.3166722227345
22852,1730.3166722227345
22853,1730.3166722227345
22854,1730.3166722227345
22855,1730.3166722227345
22856,1730.3166722227345
22857,1730.3166722227345
22858,1730.3166722227345
22859,1730.3166722227345
22860,1730.3166722227345
22861,1730.3166722227345
22862,1730.3166722227345
22863,1730.3166722227345
22864,1730.3166722227345
22865,1730.3166722227345
22866,1730.3166722227345
22867,1730.3166722227345
22868,1730.3166722227345
22869,1730.3166722227345
22870,1730.3166722227345
22871,1730.3166722227345
22872,1730.3166722227345
22873,1730.3166722227345
22874,1730.3166722227345
22875,1730.3166722227345
22876,1730.3166722227345
22877,1730.3166722227345
22878,1730.3166722227345
22879,1730.3166722227345
22880,1730.3166722227345
22881,1730.3166722227345
22882,1730.3166722227345
22883,1730.3166722227345
22884,1730.3166722227345
22885,1730.3166722227345
22886,1730.3166722227345
22887,1730.3166722227345
22888,1730.3166722227345
22889,1730.3166722227345
22890,1730.3166722227345
22891,1730.3166722227345
22892,1730.3166722227345
22893,1730.3166722227345
22894,1730.3166722227345
22895,1730.3166722227345
22896,1730.3166722227345
22897,1730.3166722227345
22898,1730.3166722227345
22899,1730.3166722227345
22900,1730.3166722227345
22901,1730.3166722227345
22902,1730.3166722227345
22903,1730.3166722227345
22904,1730.3166722227345
22905,1730.3166722227345
22906,1730.3166722227345
22907,1730.3166722227345
22908,1730.3166722227345
22909,1730.3166722227345
22910,1730.3166722227345
22911,1730.3166722227345
22912,1730.3166722227345
22913,1730.3166722227345
22914,1730.3166722227345
22915,1730.3166722227345
22916,1730.3166722227345
22917,1730.3166722227345
22918,1730.3166722227345
22919,1730.3166722227345
22920,1730.3166722227345
22921,1730.3166722227345
22922,1730.3166722227345
22923,1730.3166722227345
22924,1730.3166722227345
22925,1730.3166722227345
22926,1730.3166722227345
22927,1730.3166722227345
22928,1730.3166722227345
22929,1730.3166722227345
22930,1730.3166722227345
22931,1730.3166722227345
22932,1730.3166722227345
22933,1730.3166722227345
22934,1730.3166722227345
22935,1730.3166722227345
22936,1730.3166722227345
22937,1730.3166722227345
22938,1730.3166722227345
22939,1730.3166722227345
22940,1730.3166722227345
22941,1730.3166722227345
22942,1730.3166722227345
22943,1730.3166722227345
22944,1730.3166722227345
22945,1730.3166722227345
22946,1730.3166722227345
22947,1730.3166722227345
22948,1730.3166722227345
22949,1730.3166722227345
22950,1730.3166722227345
22951,1730.3166722227345
22952,1730.3166722227345
22953,1730.3166722227345
22954,1730.3166722227345
22955,1730.3166722227345
22956,1730.3166722227345
22957,1730.3166722227345
22958,1730.3166722227345
22959,1730.3166722227345
22960,1730.3166722227345
22961,1730.3166722227345
22962,1730.3166722227345
22963,1730.3166722227345
22964,1730.3166722227345
22965,1730.3166722227345
22966,1730.3166722227345
22967,1730.3166722227345
22968,1730.3166722227345
22969,1730.3166722227345
22970,1730.3166722227345
22971,1730.3166722227345
22972,1730.3166722227345
22973,1730.3166722227345
22974,1730.3166722227345
22975,1730.3166722227345
22976,1730.3166722227345
22977,1730.3166722227345
22978,1730.3166722227345
22979,1730.3166722227345
22980,1730.3166722227345
22981,1730.3166722227345
22982,1730.3166722227345
22983,1730.3166722227345
22984,1730.3166722227345
22985,1730.3166722227345
22986,1730.3166722227345
22987,1730.3166722227345
22988,1730.3166722227345
22989,1730.3166722227345
22990,1730.3166722227345
22991,1730.3166722227345
22992,1730.3166722227345
22993,1730.3166722227345
22994,1730.3166722227345
22995,1730.3166722227345
22996,1730.3166722227345
22997,1730.3166722227345
22998,1730.3166722227345
22999,1730.3166722227345
23000,1730.3166722227345
23001,1730.3166722227345
23002,1730.3166722227345
23003,1730.3166722227345
23004,1730.3166722227345
23005,1730.3166722227345
23006,1730.3166722227345
23007,1730.3166722227345
23008,1730.3166722227345
23009,1730.3166722227345
23010,1730.3166722227345
23011,1730.3166722227345
23012,1730.3166722227345
23013,1730.3166722227345
23014,1730.3166722227345
23015,1730.3166722227345
23016,1730.3166722227345
23017,1730.3166722227345
23018,1730.3166722227345
23019,1730.3166722227345
23020,1730.3166722227345
23021,1730.3166722227345
23022,1730.3166722227345
23023,1730.3166722227345
23024,1730.3166722227345
23025,1730.3166722227345
23026,1730.3166722227345
23027,1730.3166722227345
23028,1730.3166722227345
23029,1730.3166722227345
23030,1730.3166722227345
23031,1730.3166722227345
23032,1730.3166722227345
23033,1730.3166722227345
23034,1730.3166722227345
23035,1730.3166722227345
23036,1730.3166722227345
23037,1730.3166722227345
23038,1730.3166722227345
23039,1730.3166722227345
23040,1730.3166722227345
23041,1730.3166722227345
23042,1730.3166722227345
23043,1730.3166722227345
23044,1730.3166722227345
23045,1730.3166722227345
23046,1730.3166722227345
23047,1730.3166722227345
23048,1730.3166722227345
23049,1730.3166722227345
23050,1730.3166722227345
23051,1730.3166722227345
23052,1730.3166722227345
23053,1730.3166722227345
23054,1730.3166722227345
23055,1730.3166722227345
23056,1730.3166722227345
23057,1730.3166722227345
23058,1730.3166722227345
23059,1730.3166722227345
23060,1730.3166722227345
23061,1730.3166722227345
23062,1730.3166722227345
23063,1730.3166722227345
23064,1730.3166722227345
23065,1730.3166722227345
23066,1730.3166722227345
23067,1730.3166722227345
23068,1730.3166722227345
23069,1730.3166722227345
23070,1730.3166722227345
23071,1730.3166722227345
23072,1730.3166722227345
23073,1730.3166722227345
23074,1730.3166722227345
23075,1730.3166722227345
23076,1730.3166722227345
23077,1730.3166722227345
23078,1730.3166722227345
23079,1730.3166722227345
23080,1730.3166722227345
23081,1730.3166722227345
23082,1730.3166722227345
23083,1730.3166722227345
23084,1730.3166722227345
23085,1730.3166722227345
23086,1730.3166722227345
23087,1730.3166722227345
23088,1730.3166722227345
23089,1730.3166722227345
23090,1730.3166722227345
23091,1730.3166722227345
23092,1730.3166722227345
23093,1730.3166722227345
23094,1730.3166722227345
23095,1730.3166722227345
23096,1730.3166722227345
23097,1730.3166722227345
23098,1730.3166722227345
23099,1730.3166722227345
23100,1730.3166722227345
23101,1730.3166722227345
23102,1730.3166722227345
23103,1730.3166722227345
23104,1730.3166722227345
23105,1730.3166722227345
23106,1730.3166722227345
23107,1730.3166722227345
23108,1730.3166722227345
23109,1730.3166722227345
23110,1730.3166722227345
23111,1730.3166722227345
23112,1730.3166722227345
23113,1730.3166722227345
23114,1730.3166722227345
23115,1730.3166722227345
23116,1730.3166722227345
23117,1730.3166722227345
23118,1730.3166722227345
23119,1730.3166722227345
23120,1730.3166722227345
23121,1730.3166722227345
23122,1730.3166722227345
23123,1730.3166722227345
23124,1730.3166722227345
23125,1730.3166722227345
23126,1730.3166722227345
23127,1730.3166722227345
23128,1730.3166722227345
23129,1730.3166722227345
23130,1730.3166722227345
23131,1730.3166722227345
23132,1730.3166722227345
23133,1730.3166722227345
23134,1730.3166722227345
23135,1730.3166722227345
23136,1730.3166722227345
23137,1730.3166722227345
23138,1730.3166722227345
23139,1730.3166722227345
23140,1730.3166722227345
23141,1730.3166722227345
23142,1730.3166722227345
23143,1730.3166722227345
23144,1730.3166722227345
23145,1730.3166722227345
23146,1730.3166722227345
23147,1730.3166722227345
23148,1730.3166722227345
23149,1730.3166722227345
23150,1730.3166722227345
23151,1730.3166722227345
23152,1730.3166722227345
23153,1730.3166722227345
23154,1730.3166722227345
23155,1730.3166722227345
23156,1730.3166722227345
23157,1730.3166722227345
23158,1730.3166722227345
23159,1730.3166722227345
23160,1730.3166722227345
23161,1730.3166722227345
23162,1730.3166722227345
23163,1730.3166722227345
23164,1730.3166722227345
23165,1730.3166722227345
23166,1730.3166722227345
23167,1730.3166722227345
23168,1730.3166722227345
23169,1730.3166722227345
23170,1730.3166722227345
23171,1730.3166722227345
23172,1730.3166722227345
23173,1730.3166722227345
23174,1730.3166722227345
23175,1730.3166722227345
23176,1730.3166722227345
23177,1730.3166722227345
23178,1730.3166722227345
23179,1730.3166722227345
23180,1730.3166722227345
23181,1730.3166722227345
23182,1730.3166722227345
23183,1730.3166722227345
23184,1730.3166722227345
23185,1730.3166722227345
23186,1730.3166722227345
23187,1730.3166722227345
23188,1730.3166722227345
23189,1730.3166722227345
23190,1730.3166722227345
23191,1730.3166722227345
23192,1730.3166722227345
23193,1730.3166722227345
23194,1730.3166722227345
23195,1730.3166722227345
23196,1730.3166722227345
23197,1730.3166722227345
23198,1730.3166722227345
23199,1730.3166722227345
23200,1730.3166722227345
23201,1730.3166722227345
23202,1730.3166722227345
23203,1730.3166722227345
23204,1730.3166722227345
23205,1730.3166722227345
23206,1730.3166722227345
23207,1730.3166722227345
23208,1730.3166722227345
23209,1730.3166722227345
23210,1730.3166722227345
23211,1730.3166722227345
23212,1730.3166722227345
23213,1730.3166722227345
23214,1730.3166722227345
23215,1730.3166722227345
23216,1730.3166722227345
23217,1730.3166722227345
23218,1730.3166722227345
23219,1730.3166722227345
23220,1730.3166722227345
23221,1730.3166722227345
23222,1730.3166722227345
23223,1730.3166722227345
23224,1730.3166722227345
23225,1730.3166722227345
23226,1730.3166722227345
23227,1730.3166722227345
23228,1730.3166722227345
23229,1730.3166722227345
23230,1730.3166722227345
23231,1730.3166722227345
23232,1730.3166722227345
23233,1730.3166722227345
23234,1730.3166722227345
23235,1730.3166722227345
23236,1730.3166722227345
23237,1730.3166722227345
23238,1730.3166722227345
23239,1730.3166722227345
23240,1730.3166722227345
23241,1730.3166722227345
23242,1730.3166722227345
23243,1730.3166722227345
23244,1730.3166722227345
23245,1730.3166722227345
23246,1730.3166722227345
23247,1730.3166722227345
23248,1730.3166722227345
23249,1730.3166722227345
23250,1730.3166722227345
23251,1730.3166722227345
23252,1730.3166722227345
23253,1730.3166722227345
23254,1730.3166722227345
23255,1730.3166722227345
23256,1730.3166722227345
23257,1730.3166722227345
23258,1730.3166722227345
23259,1730.3166722227345
23260,1730.3166722227345
23261,1730.3166722227345
23262,1730.3166722227345
23263,1730.3166722227345
23264,1730.3166722227345
23265,1730.3166722227345
23266,1730.3166722227345
23267,1730.3166722227345
23268,1730.3166722227345
23269,1730.3166722227345
23270,1730.3166722227345
23271,1730.3166722227345
23272,1730.3166722227345
23273,1730.3166722227345
23274,1730.3166722227345
23275,1730.3166722227345
23276,1730.3166722227345
23277,1730.3166722227345
23278,1730.3166722227345
23279,1730.3166722227345
23280,1730.3166722227345
23281,1730.3166722227345
23282,1730.3166722227345
23283,1730.3166722227345
23284,1730.3166722227345
23285,1730.3166722227345
23286,1730.3166722227345
23287,1730.3166722227345
23288,1730.3166722227345
23289,1730.3166722227345
23290,1730.3166722227345
23291,1730.3166722227345
23292,1730.3166722227345
23293,1730.3166722227345
23294,1730.3166722227345
23295,1730.3166722227345
23296,1730.3166722227345
23297,1730.3166722227345
23298,1730.3166722227345
23299,1730.3166722227345
23300,1730.3166722227345
23301,1730.3166722227345
23302,1730.3166722227345
23303,1730.3166722227345
23304,1730.3166722227345
23305,1730.3166722227345
23306,1730.3166722227345
23307,1730.3166722227345
23308,1730.3166722227345
23309,1730.3166722227345
23310,1730.3166722227345
23311,1730.3166722227345
23312,1730.3166722227345
23313,1730.3166722227345
23314,1730.3166722227345
23315,1730.3166722227345
23316,1730.3166722227345
23317,1730.3166722227345
23318,1730.3166722227345
23319,1730.3166722227345
23320,1730.3166722227345
23321,1730.3166722227345
23322,1730.3166722227345
23323,1730.3166722227345
23324,1730.3166722227345
23325,1730.3166722227345
23326,1730.3166722227345
23327,1730.3166722227345
23328,1730.3166722227345
23329,1730.3166722227345
23330,1730.3166722227345
23331,1730.3166722227345
23332,1730.3166722227345
23333,1730.3166722227345
23334,1730.3166722227345
23335,1730.3166722227345
23336,1730.3166722227345
23337,1730.3166722227345
23338,1730.3166722227345
23339,1730.3166722227345
23340,1730.3166722227345
23341,1730.3166722227345
23342,1730.3166722227345
23343,1730.3166722227345
23344,1730.3166722227345
23345,1730.3166722227345
23346,1730.3166722227345
23347,1730.3166722227345
23348,1730.3166722227345
23349,1730.3166722227345
23350,1730.3166722227345
23351,1730.3166722227345
23352,1730.3166722227345
23353,1730.3166722227345
23354,1730.3166722227345
23355,1730.3166722227345
23356,1730.3166722227345
23357,1730.3166722227345
23358,1730.3166722227345
23359,1730.3166722227345
23360,1730.3166722227345
23361,1730.3166722227345
23362,1730.3166722227345
23363,1730.3166722227345
23364,1730.3166722227345
23365,1730.3166722227345
23366,1730.3166722227345
23367,1730.3166722227345
23368,1730.3166722227345
23369,1730.3166722227345
23370,1730.3166722227345
23371,1730.3166722227345
23372,1730.3166722227345
23373,1730.3166722227345
23374,1730.3166722227345
23375,1730.3166722227345
23376,1730.3166722227345
23377,1730.3166722227345
23378,1730.3166722227345
23379,1730.3166722227345
23380,1730.3166722227345
23381,1730.3166722227345
23382,1730.3166722227345
23383,1730.3166722227345
23384,1730.3166722227345
23385,1730.3166722227345
23386,1730.3166722227345
23387,1730.3166722227345
23388,1730.3166722227345
23389,1730.3166722227345
23390,1730.3166722227345
23391,1730.3166722227345
23392,1730.3166722227345
23393,1730.3166722227345
23394,1730.3166722227345
23395,1730.3166722227345
23396,1730.3166722227345
23397,1730.3166722227345
23398,1730.3166722227345
23399,1730.3166722227345
23400,1730.3166722227345
23401,1730.3166722227345
23402,1730.3166722227345
23403,1730.3166722227345
23404,1730.3166722227345
23405,1730.3166722227345
23406,1730.3166722227345
23407,1730.3166722227345
23408,1730.3166722227345
23409,1730.3166722227345
23410,1730.3166722227345
23411,1730.3166722227345
23412,1730.3166722227345
23413,1730.3166722227345
23414,1730.3166722227345
23415,1730.3166722227345
23416,1730.3166722227345
23417,1730.3166722227345
23418,1730.3166722227345
23419,1730.3166722227345
23420,1730.3166722227345
23421,1730.3166722227345
23422,1730.3166722227345
23423,1730.3166722227345
23424,1730.3166722227345
23425,1730.3166722227345
23426,1730.3166722227345
23427,1730.3166722227345
23428,1730.3166722227345
23429,1730.3166722227345
23430,1730.3166722227345
23431,1730.3166722227345
23432,1730.3166722227345
23433,1730.3166722227345
23434,1730.3166722227345
23435,1730.3166722227345
23436,1730.3166722227345
23437,1730.3166722227345
23438,1730.3166722227345
23439,1730.3166722227345
23440,1730.3166722227345
23441,1730.3166722227345
23442,1730.3166722227345
23443,1730.3166722227345
23444,1730.3166722227345
23445,1730.3166722227345
23446,1730.3166722227345
23447,1730.3166722227345
23448,1730.3166722227345
23449,1730.3166722227345
23450,1730.3166722227345
23451,1730.3166722227345
23452,1730.3166722227345
23453,1730.3166722227345
23454,1730.3166722227345
23455,1730.3166722227345
23456,1730.3166722227345
23457,1730.3166722227345
23458,1730.3166722227345
23459,1730.3166722227345
23460,1730.3166722227345
23461,1730.3166722227345
23462,1730.3166722227345
23463,1730.3166722227345
23464,1730.3166722227345
23465,1730.3166722227345
23466,1730.3166722227345
23467,1730.3166722227345
23468,1730.3166722227345
23469,1730.3166722227345
23470,1730.3166722227345
23471,1730.3166722227345
23472,1730.3166722227345
23473,1730.3166722227345
23474,1730.3166722227345
23475,1730.3166722227345
23476,1730.3166722227345
23477,1730.3166722227345
23478,1730.3166722227345
23479,1730.3166722227345
23480,1730.3166722227345
23481,1730.3166722227345
23482,1730.3166722227345
23483,1730.3166722227345
23484,1730.3166722227345
23485,1730.3166722227345
23486,1730.3166722227345
23487,1730.3166722227345
23488,1730.3166722227345
23489,1730.3166722227345
23490,1730.3166722227345
23491,1730.3166722227345
23492,1730.3166722227345
23493,1730.3166722227345
23494,1730.3166722227345
23495,1730.3166722227345
23496,1730.3166722227345
23497,1730.3166722227345
23498,1730.3166722227345
23499,1730.3166722227345
23500,1730.3166722227345
23501,1730.3166722227345
23502,1730.3166722227345
23503,1730.3166722227345
23504,1730.3166722227345
23505,1730.3166722227345
23506,1730.3166722227345
23507,1730.3166722227345
23508,1730.3166722227345
23509,1730.3166722227345
23510,1730.3166722227345
23511,1730.3166722227345
23512,1730.3166722227345
23513,1730.3166722227345
23514,1730.3166722227345
23515,1730.3166722227345
23516,1730.3166722227345
23517,1730.3166722227345
23518,1730.3166722227345
23519,1730.3166722227345
23520,1730.3166722227345
23521,1730.3166722227345
23522,1730.3166722227345
23523,1730.3166722227345
23524,1730.3166722227345
23525,1730.3166722227345
23526,1730.3166722227345
23527,1730.3166722227345
23528,1730.3166722227345
23529,1730.3166722227345
23530,1730.3166722227345
23531,1730.3166722227345
23532,1730.3166722227345
23533,1730.3166722227345
23534,1730.3166722227345
23535,1730.3166722227345
23536,1730.3166722227345
23537,1730.3166722227345
23538,1730.3166722227345
23539,1730.3166722227345
23540,1730.3166722227345
23541,1730.3166722227345
23542,1730.3166722227345
23543,1730.3166722227345
23544,1730.3166722227345
23545,1730.3166722227345
23546,1730.3166722227345
23547,1730.3166722227345
23548,1730.3166722227345
23549,1730.3166722227345
23550,1730.3166722227345
23551,1730.3166722227345
23552,1730.3166722227345
23553,1730.3166722227345
23554,1730.3166722227345
23555,1730.3166722227345
23556,1730.3166722227345
23557,1730.3166722227345
23558,1730.3166722227345
23559,1730.3166722227345
23560,1730.3166722227345
23561,1730.3166722227345
23562,1730.3166722227345
23563,1730.3166722227345
23564,1730.3166722227345
23565,1730.3166722227345
23566,1730.3166722227345
23567,1730.3166722227345
23568,1730.3166722227345
23569,1730.3166722227345
23570,1730.3166722227345
23571,1730.3166722227345
23572,1730.3166722227345
23573,1730.3166722227345
23574,1730.3166722227345
23575,1730.3166722227345
23576,1730.3166722227345
23577,1730.3166722227345
23578,1730.3166722227345
23579,1730.3166722227345
23580,1730.3166722227345
23581,1730.3166722227345
23582,1730.3166722227345
23583,1730.3166722227345
23584,1730.3166722227345
23585,1730.3166722227345
23586,1730.3166722227345
23587,1730.3166722227345
23588,1730.3166722227345
23589,1730.3166722227345
23590,1730.3166722227345
23591,1730.3166722227345
23592,1730.3166722227345
23593,1730.3166722227345
23594,1730.3166722227345
23595,1730.3166722227345
23596,1730.3166722227345
23597,1730.3166722227345
23598,1730.3166722227345
23599,1730.3166722227345
23600,1730.3166722227345
23601,1730.3166722227345
23602,1730.3166722227345
23603,1730.3166722227345
23604,1730.3166722227345
23605,1730.3166722227345
23606,1730.3166722227345
23607,1730.3166722227345
23608,1730.3166722227345
23609,1730.3166722227345
23610,1730.3166722227345
23611,1730.3166722227345
23612,1730.3166722227345
23613,1730.3166722227345
23614,1730.3166722227345
23615,1730.3166722227345
23616,1730.3166722227345
23617,1730.3166722227345
23618,1730.3166722227345
23619,1730.3166722227345
23620,1730.3166722227345
23621,1730.3166722227345
23622,1730.3166722227345
23623,1730.3166722227345
23624,1730.3166722227345
23625,1730.3166722227345
23626,1730.3166722227345
23627,1730.3166722227345
23628,1730.3166722227345
23629,1730.3166722227345
23630,1730.3166722227345
23631,1730.3166722227345
23632,1730.3166722227345
23633,1730.3166722227345
23634,1730.3166722227345
23635,1730.3166722227345
23636,1730.3166722227345
23637,1730.3166722227345
23638,1730.3166722227345
23639,1730.3166722227345
23640,1730.3166722227345
23641,1730.3166722227345
23642,1730.3166722227345
23643,1730.3166722227345
23644,1730.3166722227345
23645,1730.3166722227345
23646,1730.3166722227345
23647,1730.3166722227345
23648,1730.3166722227345
23649,1730.3166722227345
23650,1730.3166722227345
23651,1730.3166722227345
23652,1730.3166722227345
23653,1730.3166722227345
23654,1730.3166722227345
23655,1730.3166722227345
23656,1730.3166722227345
23657,1730.3166722227345
23658,1730.3166722227345
23659,1730.3166722227345
23660,1730.3166722227345
23661,1730.3166722227345
23662,1730.3166722227345
23663,1730.3166722227345
23664,1730.3166722227345
23665,1730.3166722227345
23666,1730.3166722227345
23667,1730.3166722227345
23668,1730.3166722227345
23669,1730.3166722227345
23670,1730.3166722227345
23671,1730.3166722227345
23672,1730.3166722227345
23673,1730.3166722227345
23674,1730.3166722227345
23675,1730.3166722227345
23676,1730.3166722227345
23677,1730.3166722227345
23678,1730.3166722227345
23679,1730.3166722227345
23680,1730.3166722227345
23681,1730.3166722227345
23682,1730.3166722227345
23683,1730.3166722227345
23684,1730.3166722227345
23685,1730.3166722227345
23686,1730.3166722227345
23687,1730.3166722227345
23688,1730.3166722227345
23689,1730.3166722227345
23690,1730.3166722227345
23691,1730.3166722227345
23692,1730.3166722227345
23693,1730.3166722227345
23694,1730.3166722227345
23695,1730.3166722227345
23696,1730.3166722227345
23697,1730.3166722227345
23698,1730.3166722227345
23699,1730.3166722227345
23700,1730.3166722227345
23701,1730.3166722227345
23702,1730.3166722227345
23703,1730.3166722227345
23704,1730.3166722227345
23705,1730.3166722227345
23706,1730.3166722227345
23707,1730.3166722227345
23708,1730.3166722227345
23709,1730.3166722227345
23710,1730.3166722227345
23711,1730.3166722227345
23712,1730.3166722227345
23713,1730.3166722227345
23714,1730.3166722227345
23715,1730.3166722227345
23716,1730.3166722227345
23717,1730.3166722227345
23718,1730.3166722227345
23719,1730.3166722227345
23720,1730.3166722227345
23721,1730.3166722227345
23722,1730.3166722227345
23723,1730.3166722227345
23724,1730.3166722227345
23725,1730.3166722227345
23726,1730.3166722227345
23727,1730.3166722227345
23728,1730.3166722227345
23729,1730.3166722227345
23730,1730.3166722227345
23731,1730.3166722227345
23732,1730.3166722227345
23733,1730.3166722227345
23734,1730.3166722227345
23735,1730.3166722227345
23736,1730.3166722227345
23737,1730.3166722227345
23738,1730.3166722227345
23739,1730.3166722227345
23740,1730.3166722227345
23741,1730.3166722227345
23742,1730.3166722227345
23743,1730.3166722227345
23744,1730.3166722227345
23745,1730.3166722227345
23746,1730.3166722227345
23747,1730.3166722227345
23748,1730.3166722227345
23749,1730.3166722227345
23750,1730.3166722227345
23751,1730.3166722227345
23752,1730.3166722227345
23753,1730.3166722227345
23754,1730.3166722227345
23755,1730.3166722227345
23756,1730.3166722227345
23757,1730.3166722227345
23758,1730.3166722227345
23759,1730.3166722227345
23760,1730.3166722227345
23761,1730.3166722227345
23762,1730.3166722227345
23763,1730.3166722227345
23764,1730.3166722227345
23765,1730.3166722227345
23766,1730.3166722227345
23767,1730.3166722227345
23768,1730.3166722227345
23769,1730.3166722227345
23770,1730.3166722227345
23771,1730.3166722227345
23772,1730.3166722227345
23773,1730.3166722227345
23774,1730.3166722227345
23775,1730.3166722227345
23776,1730.3166722227345
23777,1730.3166722227345
23778,1730.3166722227345
23779,1730.3166722227345
23780,1730.3166722227345
23781,1730.3166722227345
23782,1730.3166722227345
23783,1730.3166722227345
23784,1730.3166722227345
23785,1730.3166722227345
23786,1730.3166722227345
23787,1730.3166722227345
23788,1730.3166722227345
23789,1730.3166722227345
23790,1730.3166722227345
23791,1730.3166722227345
23792,1730.3166722227345
23793,1730.3166722227345
23794,1730.3166722227345
23795,1730.3166722227345
23796,1730.3166722227345
23797,1730.3166722227345
23798,1730.3166722227345
23799,1730.3166722227345
23800,1730.3166722227345
23801,1730.3166722227345
23802,1730.3166722227345
23803,1730.3166722227345
23804,1730.3166722227345
23805,1730.3166722227345
23806,1730.3166722227345
23807,1730.3166722227345
23808,1730.3166722227345
23809,1730.3166722227345
23810,1730.3166722227345
23811,1730.3166722227345
23812,1730.3166722227345
23813,1730.3166722227345
23814,1730.3166722227345
23815,1730.3166722227345
23816,1730.3166722227345
23817,1730.3166722227345
23818,1730.3166722227345
23819,1730.3166722227345
23820,1730.3166722227345
23821,1730.3166722227345
23822,1730.3166722227345
23823,1730.3166722227345
23824,1730.3166722227345
23825,1730.3166722227345
23826,1730.3166722227345
23827,1730.3166722227345
23828,1730.3166722227345
23829,1730.3166722227345
23830,1730.3166722227345
23831,1730.3166722227345
23832,1730.3166722227345
23833,1730.3166722227345
23834,1730.3166722227345
23835,1730.3166722227345
23836,1730.3166722227345
23837,1730.3166722227345
23838,1730.3166722227345
23839,1730.3166722227345
23840,1730.3166722227345
23841,1730.3166722227345
23842,1730.3166722227345
23843,1730.3166722227345
23844,1730.3166722227345
23845,1730.3166722227345
23846,1730.3166722227345
23847,1730.3166722227345
23848,1730.3166722227345
23849,1730.3166722227345
23850,1730.3166722227345
23851,1730.3166722227345
23852,1730.3166722227345
23853,1730.3166722227345
23854,1730.3166722227345
23855,1730.3166722227345
23856,1730.3166722227345
23857,1730.3166722227345
23858,1730.3166722227345
23859,1730.3166722227345
23860,1730.3166722227345
23861,1730.3166722227345
23862,1730.3166722227345
23863,1730.3166722227345
23864,1730.3166722227345
23865,1730.3166722227345
23866,1730.3166722227345
23867,1730.3166722227345
23868,1730.3166722227345
23869,1730.3166722227345
23870,1730.3166722227345
23871,1730.3166722227345
23872,1730.3166722227345
23873,1730.3166722227345
23874,1730.3166722227345
23875,1730.3166722227345
23876,1730.3166722227345
23877,1730.3166722227345
23878,1730.3166722227345
23879,1730.3166722227345
23880,1730.3166722227345
23881,1730.3166722227345
23882,1730.3166722227345
23883,1730.3166722227345
23884,1730.3166722227345
23885,1730.3166722227345
23886,1730.3166722227345
23887,1730.3166722227345
23888,1730.3166722227345
23889,1730.3166722227345
23890,1730.3166722227345
23891,1730.3166722227345
23892,1730.3166722227345
23893,1730.3166722227345
23894,1730.3166722227345
23895,1730.3166722227345
23896,1730.3166722227345
23897,1730.3166722227345
23898,1730.3166722227345
23899,1730.3166722227345
23900,1730.3166722227345
23901,1730.3166722227345
23902,1730.3166722227345
23903,1730.3166722227345
23904,1730.3166722227345
23905,1730.3166722227345
23906,1730.3166722227345
23907,1730.3166722227345
23908,1730.3166722227345
23909,1730.3166722227345
23910,1730.3166722227345
23911,1730.3166722227345
23912,1730.3166722227345
23913,1730.3166722227345
23914,1730.3166722227345
23915,1730.3166722227345
23916,1730.3166722227345
23917,1730.3166722227345
23918,1730.3166722227345
23919,1730.3166722227345
23920,1730.3166722227345
23921,1730.3166722227345
23922,1730.3166722227345
23923,1730.3166722227345
23924,1730.3166722227345
23925,1730.3166722227345
23926,1730.3166722227345
23927,1730.3166722227345
23928,1730.3166722227345
23929,1730.3166722227345
23930,1730.3166722227345
23931,1730.3166722227345
23932,1730.3166722227345
23933,1730.3166722227345
23934,1730.3166722227345
23935,1730.3166722227345
23936,1730.3166722227345
23937,1730.3166722227345
23938,1730.3166722227345
23939,1730.3166722227345
23940,1730.3166722227345
23941,1730.3166722227345
23942,1730.3166722227345
23943,1730.3166722227345
23944,1730.3166722227345
23945,1730.3166722227345
23946,1730.3166722227345
23947,1730.3166722227345
23948,1730.3166722227345
23949,1730.3166722227345
23950,1730.3166722227345
23951,1730.3166722227345
23952,1730.3166722227345
23953,1730.3166722227345
23954,1730.3166722227345
23955,1730.3166722227345
23956,1730.3166722227345
23957,1730.3166722227345
23958,1730.3166722227345
23959,1730.3166722227345
23960,1730.3166722227345
23961,1730.3166722227345
23962,1730.3166722227345
23963,1730.3166722227345
23964,1730.3166722227345
23965,1730.3166722227345
23966,1730.3166722227345
23967,1730.3166722227345
23968,1730.3166722227345
23969,1730.3166722227345
23970,1730.3166722227345
23971,1730.3166722227345
23972,1730.3166722227345
23973,1730.3166722227345
23974,1730.3166722227345
23975,1730.3166722227345
23976,1730.3166722227345
23977,1730.3166722227345
23978,1730.3166722227345
23979,1730.3166722227345
23980,1730.3166722227345
23981,1730.3166722227345
23982,1730.3166722227345
23983,1730.3166722227345
23984,1730.3166722227345
23985,1730.3166722227345
23986,1730.3166722227345
23987,1730.3166722227345
23988,1730.3166722227345
23989,1730.3166722227345
23990,1730.3166722227345
23991,1730.3166722227345
23992,1730.3166722227345
23993,1730.3166722227345
23994,1730.3166722227345
23995,1730.3166722227345
23996,1730.3166722227345
23997,1730.3166722227345
23998,1730.3166722227345
23999,1730.3166722227345
24000,1730.3166722227345
24001,1730.3166722227345
24002,1730.3166722227345
24003,1730.3166722227345
24004,1730.3166722227345
24005,1730.3166722227345
24006,1730.3166722227345
24007,1730.3166722227345
24008,1730.3166722227345
24009,1730.3166722227345
24010,1730.3166722227345
24011,1730.3166722227345
24012,1730.3166722227345
24013,1730.3166722227345
24014,1730.3166722227345
24015,1730.3166722227345
24016,1730.3166722227345
24017,1730.3166722227345
24018,1730.3166722227345
24019,1730.3166722227345
24020,1730.3166722227345
24021,1730.3166722227345
24022,1730.3166722227345
24023,1730.3166722227345
24024,1730.3166722227345
24025,1730.3166722227345
24026,1730.3166722227345
24027,1730.3166722227345
24028,1730.3166722227345
24029,1730.3166722227345
24030,1730.3166722227345
24031,1730.3166722227345
24032,1730.3166722227345
24033,1730.3166722227345
24034,1730.3166722227345
24035,1730.3166722227345
24036,1730.3166722227345
24037,1730.3166722227345
24038,1730.3166722227345
24039,1730.3166722227345
24040,1730.3166722227345
24041,1730.3166722227345
24042,1730.3166722227345
24043,1730.3166722227345
24044,1730.3166722227345
24045,1730.3166722227345
24046,1730.3166722227345
24047,1730.3166722227345
24048,1730.3166722227345
24049,1730.3166722227345
24050,1730.3166722227345
24051,1730.3166722227345
24052,1730.3166722227345
24053,1730.3166722227345
24054,1730.3166722227345
24055,1730.3166722227345
24056,1730.3166722227345
24057,1730.3166722227345
24058,1730.3166722227345
24059,1730.3166722227345
24060,1730.3166722227345
24061,1730.3166722227345
24062,1730.3166722227345
24063,1730.3166722227345
24064,1730.3166722227345
24065,1730.3166722227345
24066,1730.3166722227345
24067,1730.3166722227345
24068,1730.3166722227345
24069,1730.3166722227345
24070,1730.3166722227345
24071,1730.3166722227345
24072,1730.3166722227345
24073,1730.3166722227345
24074,1730.3166722227345
24075,1730.3166722227345
24076,1730.3166722227345
24077,1730.3166722227345
24078,1730.3166722227345
24079,1730.3166722227345
24080,1730.3166722227345
24081,1730.3166722227345
24082,1730.3166722227345
24083,1730.3166722227345
24084,1730.3166722227345
24085,1730.3166722227345
24086,1730.3166722227345
24087,1730.3166722227345
24088,1730.3166722227345
24089,1730.3166722227345
24090,1730.3166722227345
24091,1730.3166722227345
24092,1730.3166722227345
24093,1730.3166722227345
24094,1730.3166722227345
24095,1730.3166722227345
24096,1730.3166722227345
24097,1730.3166722227345
24098,1730.3166722227345
24099,1730.3166722227345
24100,1730.3166722227345
24101,1730.3166722227345
24102,1730.3166722227345
24103,1730.3166722227345
24104,1730.3166722227345
24105,1730.3166722227345
24106,1730.3166722227345
24107,1730.3166722227345
24108,1730.3166722227345
24109,1730.3166722227345
24110,1730.3166722227345
24111,1730.3166722227345
24112,1730.3166722227345
24113,1730.3166722227345
24114,1730.3166722227345
24115,1730.3166722227345
24116,1730.3166722227345
24117,1730.3166722227345
24118,1730.3166722227345
24119,1730.3166722227345
24120,1730.3166722227345
24121,1730.3166722227345
24122,1730.3166722227345
24123,1730.3166722227345
24124,1730.3166722227345
24125,1730.3166722227345
24126,1730.3166722227345
24127,1730.3166722227345
24128,1730.3166722227345
24129,1730.3166722227345
24130,1730.3166722227345
24131,1730.3166722227345
24132,1730.3166722227345
24133,1730.3166722227345
24134,1730.3166722227345
24135,1730.3166722227345
24136,1730.3166722227345
24137,1730.3166722227345
24138,1730.3166722227345
24139,1730.3166722227345
24140,1730.3166722227345
24141,1730.3166722227345
24142,1730.3166722227345
24143,1730.3166722227345
24144,1730.3166722227345
24145,1730.3166722227345
24146,1730.3166722227345
24147,1730.3166722227345
24148,1730.3166722227345
24149,1730.3166722227345
24150,1730.3166722227345
24151,1730.3166722227345
24152,1730.3166722227345
24153,1730.3166722227345
24154,1730.3166722227345
24155,1730.3166722227345
24156,1730.3166722227345
24157,1730.3166722227345
24158,1730.3166722227345
24159,1730.3166722227345
24160,1730.3166722227345
24161,1730.3166722227345
24162,1730.3166722227345
24163,1730.3166722227345
24164,1730.3166722227345
24165,1730.3166722227345
24166,1730.3166722227345
24167,1730.3166722227345
24168,1730.3166722227345
24169,1730.3166722227345
24170,1730.3166722227345
24171,1730.3166722227345
24172,1730.3166722227345
24173,1730.3166722227345
24174,1730.3166722227345
24175,1730.3166722227345
24176,1730.3166722227345
24177,1730.3166722227345
24178,1730.3166722227345
24179,1730.3166722227345
24180,1730.3166722227345
24181,1730.3166722227345
24182,1730.3166722227345
24183,1730.3166722227345
24184,1730.3166722227345
24185,1730.3166722227345
24186,1730.3166722227345
24187,1730.3166722227345
24188,1730.3166722227345
24189,1730.3166722227345
24190,1730.3166722227345
24191,1730.3166722227345
24192,1730.3166722227345
24193,1730.3166722227345
24194,1730.3166722227345
24195,1730.3166722227345
24196,1730.3166722227345
24197,1730.3166722227345
24198,1730.3166722227345
24199,1730.3166722227345
24200,1730.3166722227345
24201,1730.3166722227345
24202,1730.3166722227345
24203,1730.3166722227345
24204,1730.3166722227345
24205,1730.3166722227345
24206,1730.3166722227345
24207,1730.3166722227345
24208,1730.3166722227345
24209,1730.3166722227345
24210,1730.3166722227345
24211,1730.3166722227345
24212,1730.3166722227345
24213,1730.3166722227345
24214,1730.3166722227345
24215,1730.3166722227345
24216,1730.3166722227345
24217,1730.3166722227345
24218,1730.3166722227345
24219,1730.3166722227345
24220,1730.3166722227345
24221,1730.3166722227345
24222,1730.3166722227345
24223,1730.3166722227345
24224,1730.3166722227345
24225,1730.3166722227345
24226,1730.3166722227345
24227,1730.3166722227345
24228,1730.3166722227345
24229,1730.3166722227345
24230,1730.3166722227345
24231,1730.3166722227345
24232,1730.3166722227345
24233,1730.3166722227345
24234,1730.3166722227345
24235,1730.3166722227345
24236,1730.3166722227345
24237,1730.3166722227345
24238,1730.3166722227345
24239,1730.3166722227345
24240,1730.3166722227345
24241,1730.3166722227345
24242,1730.3166722227345
24243,1730.3166722227345
24244,1730.3166722227345
24245,1730.3166722227345
24246,1730.3166722227345
24247,1730.3166722227345
24248,1730.3166722227345
24249,1730.3166722227345
24250,1730.3166722227345
24251,1730.3166722227345
24252,1730.3166722227345
24253,1730.3166722227345
24254,1730.3166722227345
24255,1730.3166722227345
24256,1730.3166722227345
24257,1730.3166722227345
24258,1730.3166722227345
24259,1730.3166722227345
24260,1730.3166722227345
24261,1730.3166722227345
24262,1730.3166722227345
24263,1730.3166722227345
24264,1730.3166722227345
24265,1730.3166722227345
24266,1730.3166722227345
24267,1730.3166722227345
24268,1730.3166722227345
24269,1730.3166722227345
24270,1730.3166722227345
24271,1730.3166722227345
24272,1730.3166722227345
24273,1730.3166722227345
24274,1730.3166722227345
24275,1730.3166722227345
24276,1730.3166722227345
24277,1730.3166722227345
24278,1730.3166722227345
24279,1730.3166722227345
24280,1730.3166722227345
24281,1730.3166722227345
24282,1730.3166722227345
24283,1730.3166722227345
24284,1730.3166722227345
24285,1730.3166722227345
24286,1730.3166722227345
24287,1730.3166722227345
24288,1730.3166722227345
24289,1730.3166722227345
24290,1730.3166722227345
24291,1730.3166722227345
24292,1730.3166722227345
24293,1730.3166722227345
24294,1730.3166722227345
24295,1730.3166722227345
24296,1730.3166722227345
24297,1730.3166722227345
24298,1730.3166722227345
24299,1730.3166722227345
24300,1730.3166722227345
24301,1730.3166722227345
24302,1730.3166722227345
24303,1730.3166722227345
24304,1730.3166722227345
24305,1730.3166722227345
24306,1730.3166722227345
24307,1730.3166722227345
24308,1730.3166722227345
24309,1730.3166722227345
24310,1730.3166722227345
24311,1730.3166722227345
24312,1730.3166722227345
24313,1730.3166722227345
24314,1730.3166722227345
24315,1730.3166722227345
24316,1730.3166722227345
24317,1730.3166722227345
24318,1730.3166722227345
24319,1730.3166722227345
24320,1730.3166722227345
24321,1730.3166722227345
24322,1730.3166722227345
24323,1730.3166722227345
24324,1730.3166722227345
24325,1730.3166722227345
24326,1730.3166722227345
24327,1730.3166722227345
24328,1730.3166722227345
24329,1730.3166722227345
24330,1730.3166722227345
24331,1730.3166722227345
24332,1730.3166722227345
24333,1730.3166722227345
24334,1730.3166722227345
24335,1730.3166722227345
24336,1730.3166722227345
24337,1730.3166722227345
24338,1730.3166722227345
24339,1730.3166722227345
24340,1730.3166722227345
24341,1730.3166722227345
24342,1730.3166722227345
24343,1730.3166722227345
24344,1730.3166722227345
24345,1730.3166722227345
24346,1730.3166722227345
24347,1730.3166722227345
24348,1730.3166722227345
24349,1730.3166722227345
24350,1730.3166722227345
24351,1730.3166722227345
24352,1730.3166722227345
24353,1730.3166722227345
24354,1730.3166722227345
24355,1730.3166722227345
24356,1730.3166722227345
24357,1730.3166722227345
24358,1730.3166722227345
24359,1730.3166722227345
24360,1730.3166722227345
24361,1730.3166722227345
24362,1730.3166722227345
24363,1730.3166722227345
24364,1730.3166722227345
24365,1730.3166722227345
24366,1730.3166722227345
24367,1730.3166722227345
24368,1730.3166722227345
24369,1730.3166722227345
24370,1730.3166722227345
24371,1730.3166722227345
24372,1730.3166722227345
24373,1730.3166722227345
24374,1730.3166722227345
24375,1730.3166722227345
24376,1730.3166722227345
24377,1730.3166722227345
24378,1730.3166722227345
24379,1730.3166722227345
24380,1730.3166722227345
24381,1730.3166722227345
24382,1730.3166722227345
24383,1730.3166722227345
24384,1730.3166722227345
24385,1730.3166722227345
24386,1730.3166722227345
24387,1730.3166722227345
24388,1730.3166722227345
24389,1730.3166722227345
24390,1730.3166722227345
24391,1730.3166722227345
24392,1730.3166722227345
24393,1730.3166722227345
24394,1730.3166722227345
24395,1730.3166722227345
24396,1730.3166722227345
24397,1730.3166722227345
24398,1730.3166722227345
24399,1730.3166722227345
24400,1730.3166722227345
24401,1730.3166722227345
24402,1730.3166722227345
24403,1730.3166722227345
24404,1730.3166722227345
24405,1730.3166722227345
24406,1730.3166722227345
24407,1730.3166722227345
24408,1730.3166722227345
24409,1730.3166722227345
24410,1730.3166722227345
24411,1730.3166722227345
24412,1730.3166722227345
24413,1730.3166722227345
24414,1730.3166722227345
24415,1730.3166722227345
24416,1730.3166722227345
24417,1730.3166722227345
24418,1730.3166722227345
24419,1730.3166722227345
24420,1730.3166722227345
24421,1730.3166722227345
24422,1730.3166722227345
24423,1730.3166722227345
24424,1730.3166722227345
24425,1730.3166722227345
24426,1730.3166722227345
24427,1730.3166722227345
24428,1730.3166722227345
24429,1730.3166722227345
24430,1730.3166722227345
24431,1730.3166722227345
24432,1730.3166722227345
24433,1730.3166722227345
24434,1730.3166722227345
24435,1730.3166722227345
24436,1730.3166722227345
24437,1730.3166722227345
24438,1730.3166722227345
24439,1730.3166722227345
24440,1730.3166722227345
24441,1730.3166722227345
24442,1730.3166722227345
24443,1730.3166722227345
24444,1730.3166722227345
24445,1730.3166722227345
24446,1730.3166722227345
24447,1730.3166722227345
24448,1730.3166722227345
24449,1730.3166722227345
24450,1730.3166722227345
24451,1730.3166722227345
24452,1730.3166722227345
24453,1730.3166722227345
24454,1730.3166722227345
24455,1730.3166722227345
24456,1730.3166722227345
24457,1730.3166722227345
24458,1730.3166722227345
24459,1730.3166722227345
24460,1730.3166722227345
24461,1730.3166722227345
24462,1730.3166722227345
24463,1730.3166722227345
24464,1730.3166722227345
24465,1730.3166722227345
24466,1730.3166722227345
24467,1730.3166722227345
24468,1730.3166722227345
24469,1730.3166722227345
24470,1730.3166722227345
24471,1730.3166722227345
24472,1730.3166722227345
24473,1730.3166722227345
24474,1730.3166722227345
24475,1730.3166722227345
24476,1730.3166722227345
24477,1730.3166722227345
24478,1730.3166722227345
24479,1730.3166722227345
24480,1730.3166722227345
24481,1730.3166722227345
24482,1730.3166722227345
24483,1730.3166722227345
24484,1730.3166722227345
24485,1730.3166722227345
24486,1730.3166722227345
24487,1730.3166722227345
24488,1730.3166722227345
24489,1730.3166722227345
24490,1730.3166722227345
24491,1730.3166722227345
24492,1730.3166722227345
24493,1730.3166722227345
24494,1730.3166722227345
24495,1730.3166722227345
24496,1730.3166722227345
24497,1730.3166722227345
24498,1730.3166722227345
24499,1730.3166722227345
24500,1730.3166722227345
24501,1730.3166722227345
24502,1730.3166722227345
24503,1730.3166722227345
24504,1730.3166722227345
24505,1730.3166722227345
24506,1730.3166722227345
24507,1730.3166722227345
24508,1730.3166722227345
24509,1730.3166722227345
24510,1730.3166722227345
24511,1730.3166722227345
24512,1730.3166722227345
24513,1730.3166722227345
24514,1730.3166722227345
24515,1730.3166722227345
24516,1730.3166722227345
24517,1730.3166722227345
24518,1730.3166722227345
24519,1730.3166722227345
24520,1730.3166722227345
24521,1730.3166722227345
24522,1730.3166722227345
24523,1730.3166722227345
24524,1730.3166722227345
24525,1730.3166722227345
24526,1730.3166722227345
24527,1730.3166722227345
24528,1730.3166722227345
24529,1730.3166722227345
24530,1730.3166722227345
24531,1730.3166722227345
24532,1730.3166722227345
24533,1730.3166722227345
24534,1730.3166722227345
24535,1730.3166722227345
24536,1730.3166722227345
24537,1730.3166722227345
24538,1730.3166722227345
24539,1730.3166722227345
24540,1730.3166722227345
24541,1730.3166722227345
24542,1730.3166722227345
24543,1730.3166722227345
24544,1730.3166722227345
24545,1730.3166722227345
24546,1730.3166722227345
24547,1730.3166722227345
24548,1730.3166722227345
24549,1730.3166722227345
24550,1730.3166722227345
24551,1730.3166722227345
24552,1730.3166722227345
24553,1730.3166722227345
24554,1730.3166722227345
24555,1730.3166722227345
24556,1730.3166722227345
24557,1730.3166722227345
24558,1730.3166722227345
24559,1730.3166722227345
24560,1730.3166722227345
24561,1730.3166722227345
24562,1730.3166722227345
24563,1730.3166722227345
24564,1730.3166722227345
24565,1730.3166722227345
24566,1730.3166722227345
24567,1730.3166722227345
24568,1730.3166722227345
24569,1730.3166722227345
24570,1730.3166722227345
24571,1730.3166722227345
24572,1730.3166722227345
24573,1730.3166722227345
24574,1730.3166722227345
24575,1730.3166722227345
24576,1730.3166722227345
24577,1730.3166722227345
24578,1730.3166722227345
24579,1730.3166722227345
24580,1730.3166722227345
24581,1730.3166722227345
24582,1730.3166722227345
24583,1730.3166722227345
24584,1730.3166722227345
24585,1730.3166722227345
24586,1730.3166722227345
24587,1730.3166722227345
24588,1730.3166722227345
24589,1730.3166722227345
24590,1730.3166722227345
24591,1730.3166722227345
24592,1730.3166722227345
24593,1730.3166722227345
24594,1730.3166722227345
24595,1730.3166722227345
24596,1730.3166722227345
24597,1730.3166722227345
24598,1730.3166722227345
24599,1730.3166722227345
24600,1730.3166722227345
24601,1730.3166722227345
24602,1730.3166722227345
24603,1730.3166722227345
24604,1730.3166722227345
24605,1730.3166722227345
24606,1730.3166722227345
24607,1730.3166722227345
24608,1730.3166722227345
24609,1730.3166722227345
24610,1730.3166722227345
24611,1730.3166722227345
24612,1730.3166722227345
24613,1730.3166722227345
24614,1730.3166722227345
24615,1730.3166722227345
24616,1730.3166722227345
24617,1730.3166722227345
24618,1730.3166722227345
24619,1730.3166722227345
24620,1730.3166722227345
24621,1730.3166722227345
24622,1730.3166722227345
24623,1730.3166722227345
24624,1730.3166722227345
24625,1730.3166722227345
24626,1730.3166722227345
24627,1730.3166722227345
24628,1730.3166722227345
24629,1730.3166722227345
24630,1730.3166722227345
24631,1730.3166722227345
24632,1730.3166722227345
24633,1730.3166722227345
24634,1730.3166722227345
24635,1730.3166722227345
24636,1730.3166722227345
24637,1730.3166722227345
24638,1730.3166722227345
24639,1730.3166722227345
24640,1730.3166722227345
24641,1730.3166722227345
24642,1730.3166722227345
24643,1730.3166722227345
24644,1730.3166722227345
24645,1730.3166722227345
24646,1730.3166722227345
24647,1730.3166722227345
24648,1730.3166722227345
24649,1730.3166722227345
24650,1730.3166722227345
24651,1730.3166722227345
24652,1730.3166722227345
24653,1730.3166722227345
24654,1730.3166722227345
24655,1730.3166722227345
24656,1730.3166722227345
24657,1730.3166722227345
24658,1730.3166722227345
24659,1730.3166722227345
24660,1730.3166722227345
24661,1730.3166722227345
24662,1730.3166722227345
24663,1730.3166722227345
24664,1730.3166722227345
24665,1730.3166722227345
24666,1730.3166722227345
24667,1730.3166722227345
24668,1730.3166722227345
24669,1730.3166722227345
24670,1730.3166722227345
24671,1730.3166722227345
24672,1730.3166722227345
24673,1730.3166722227345
24674,1730.3166722227345
24675,1730.3166722227345
24676,1730.3166722227345
24677,1730.3166722227345
24678,1730.3166722227345
24679,1730.3166722227345
24680,1730.3166722227345
24681,1730.3166722227345
24682,1730.3166722227345
24683,1730.3166722227345
24684,1730.3166722227345
24685,1730.3166722227345
24686,1730.3166722227345
24687,1730.3166722227345
24688,1730.3166722227345
24689,1730.3166722227345
24690,1730.3166722227345
24691,1730.3166722227345
24692,1730.3166722227345
24693,1730.3166722227345
24694,1730.3166722227345
24695,1730.3166722227345
24696,1730.3166722227345
24697,1730.3166722227345
24698,1730.3166722227345
24699,1730.3166722227345
24700,1730.3166722227345
24701,1730.3166722227345
24702,1730.3166722227345
24703,1730.3166722227345
24704,1730.3166722227345
24705,1730.3166722227345
24706,1730.3166722227345
24707,1730.3166722227345
24708,1730.3166722227345
24709,1730.3166722227345
24710,1730.3166722227345
24711,1730.3166722227345
24712,1730.3166722227345
24713,1730.3166722227345
24714,1730.3166722227345
24715,1730.3166722227345
24716,1730.3166722227345
24717,1730.3166722227345
24718,1730.3166722227345
24719,1730.3166722227345
24720,1730.3166722227345
24721,1730.3166722227345
24722,1730.3166722227345
24723,1730.3166722227345
24724,1730.3166722227345
24725,1730.3166722227345
24726,1730.3166722227345
24727,1730.3166722227345
24728,1730.3166722227345
24729,1730.3166722227345
24730,1730.3166722227345
24731,1730.3166722227345
24732,1730.3166722227345
24733,1730.3166722227345
24734,1730.3166722227345
24735,1730.3166722227345
24736,1730.3166722227345
24737,1730.3166722227345
24738,1730.3166722227345
24739,1730.3166722227345
24740,1730.3166722227345
24741,1730.3166722227345
24742,1730.3166722227345
24743,1730.3166722227345
24744,1730.3166722227345
24745,1730.3166722227345
24746,1730.3166722227345
24747,1730.3166722227345
24748,1730.3166722227345
24749,1730.3166722227345
24750,1730.3166722227345
24751,1730.3166722227345
24752,1730.3166722227345
24753,1730.3166722227345
24754,1730.3166722227345
24755,1730.3166722227345
24756,1730.3166722227345
24757,1730.3166722227345
24758,1730.3166722227345
24759,1730.3166722227345
24760,1730.3166722227345
24761,1730.3166722227345
24762,1730.3166722227345
24763,1730.3166722227345
24764,1730.3166722227345
24765,1730.3166722227345
24766,1730.3166722227345
24767,1730.3166722227345
24768,1730.3166722227345
24769,1730.3166722227345
24770,1730.3166722227345
24771,1730.3166722227345
24772,1730.3166722227345
24773,1730.3166722227345
24774,1730.3166722227345
24775,1730.3166722227345
24776,1730.3166722227345
24777,1730.3166722227345
24778,1730.3166722227345
24779,1730.3166722227345
24780,1730.3166722227345
24781,1730.3166722227345
24782,1730.3166722227345
24783,1730.3166722227345
24784,1730.3166722227345
24785,1730.3166722227345
24786,1730.3166722227345
24787,1730.3166722227345
24788,1730.3166722227345
24789,1730.3166722227345
24790,1730.3166722227345
24791,1730.3166722227345
24792,1730.3166722227345
24793,1730.3166722227345
24794,1730.3166722227345
24795,1730.3166722227345
24796,1730.3166722227345
24797,1730.3166722227345
24798,1730.3166722227345
24799,1730.3166722227345
24800,1730.3166722227345
24801,1730.3166722227345
24802,1730.3166722227345
24803,1730.3166722227345
24804,1730.3166722227345
24805,1730.3166722227345
24806,1730.3166722227345
24807,1730.3166722227345
24808,1730.3166722227345
24809,1730.3166722227345
24810,1730.3166722227345
24811,1730.3166722227345
24812,1730.3166722227345
24813,1730.3166722227345
24814,1730.3166722227345
24815,1730.3166722227345
24816,1730.3166722227345
24817,1730.3166722227345
24818,1730.3166722227345
24819,1730.3166722227345
24820,1730.3166722227345
24821,1730.3166722227345
24822,1730.3166722227345
24823,1730.3166722227345
24824,1730.3166722227345
24825,1730.3166722227345
24826,1730.3166722227345
24827,1730.3166722227345
24828,1730.3166722227345
24829,1730.3166722227345
24830,1730.3166722227345
24831,1730.3166722227345
24832,1730.3166722227345
24833,1730.3166722227345
24834,1730.3166722227345
24835,1730.3166722227345
24836,1730.3166722227345
24837,1730.3166722227345
24838,1730.3166722227345
24839,1730.3166722227345
24840,1730.3166722227345
24841,1730.3166722227345
24842,1730.3166722227345
24843,1730.3166722227345
24844,1730.3166722227345
24845,1730.3166722227345
24846,1730.3166722227345
24847,1730.3166722227345
24848,1730.3166722227345
24849,1730.3166722227345
24850,1730.3166722227345
24851,1730.3166722227345
24852,1730.3166722227345
24853,1730.3166722227345
24854,1730.3166722227345
24855,1730.3166722227345
24856,1730.3166722227345
24857,1730.3166722227345
24858,1730.3166722227345
24859,1730.3166722227345
24860,1730.3166722227345
24861,1730.3166722227345
24862,1730.3166722227345
24863,1730.3166722227345
24864,1730.3166722227345
24865,1730.3166722227345
24866,1730.3166722227345
24867,1730.3166722227345
24868,1730.3166722227345
24869,1730.3166722227345
24870,1730.3166722227345
24871,1730.3166722227345
24872,1730.3166722227345
24873,1730.3166722227345
24874,1730.3166722227345
24875,1730.3166722227345
24876,1730.3166722227345
24877,1730.3166722227345
24878,1730.3166722227345
24879,1730.3166722227345
24880,1730.3166722227345
24881,1730.3166722227345
24882,1730.3166722227345
24883,1730.3166722227345
24884,1730.3166722227345
24885,1730.3166722227345
24886,1730.3166722227345
24887,1730.3166722227345
24888,1730.3166722227345
24889,1730.3166722227345
24890,1730.3166722227345
24891,1730.3166722227345
24892,1730.3166722227345
24893,1730.3166722227345
24894,1730.3166722227345
24895,1730.3166722227345
24896,1730.3166722227345
24897,1730.3166722227345
24898,1730.3166722227345
24899,1730.3166722227345
24900,1730.3166722227345
24901,1730.3166722227345
24902,1730.3166722227345
24903,1730.3166722227345
24904,1730.3166722227345
24905,1730.3166722227345
24906,1730.3166722227345
24907,1730.3166722227345
24908,1730.3166722227345
24909,1730.3166722227345
24910,1730.3166722227345
24911,1730.3166722227345
24912,1730.3166722227345
24913,1730.3166722227345
24914,1730.3166722227345
24915,1730.3166722227345
24916,1730.3166722227345
24917,1730.3166722227345
24918,1730.3166722227345
24919,1730.3166722227345
24920,1730.3166722227345
24921,1730.3166722227345
24922,1730.3166722227345
24923,1730.3166722227345
24924,1730.3166722227345
24925,1730.3166722227345
24926,1730.3166722227345
24927,1730.3166722227345
24928,1730.3166722227345
24929,1730.3166722227345
24930,1730.3166722227345
24931,1730.3166722227345
24932,1730.3166722227345
24933,1730.3166722227345
24934,1730.3166722227345
24935,1730.3166722227345
24936,1730.3166722227345
24937,1730.3166722227345
24938,1730.3166722227345
24939,1730.3166722227345
24940,1730.3166722227345
24941,1730.3166722227345
24942,1730.3166722227345
24943,1730.3166722227345
24944,1730.3166722227345
24945,1730.3166722227345
24946,1730.3166722227345
24947,1730.3166722227345
24948,1730.3166722227345
24949,1730.3166722227345
24950,1730.3166722227345
24951,1730.3166722227345
24952,1730.3166722227345
24953,1730.3166722227345
24954,1730.3166722227345
24955,1730.3166722227345
24956,1730.3166722227345
24957,1730.3166722227345
24958,1730.3166722227345
24959,1730.3166722227345
24960,1730.3166722227345
24961,1730.3166722227345
24962,1730.3166722227345
24963,1730.3166722227345
24964,1730.3166722227345
24965,1730.3166722227345
24966,1730.3166722227345
24967,1730.3166722227345
24968,1730.3166722227345
24969,1730.3166722227345
24970,1730.3166722227345
24971,1730.3166722227345
24972,1730.3166722227345
24973,1730.3166722227345
24974,1730.3166722227345
24975,1730.3166722227345
24976,1730.3166722227345
24977,1730.3166722227345
24978,1730.3166722227345
24979,1730.3166722227345
24980,1730.3166722227345
24981,1730.3166722227345
24982,1730.3166722227345
24983,1730.3166722227345
24984,1730.3166722227345
24985,1730.3166722227345
24986,1730.3166722227345
24987,1730.3166722227345
24988,1730.3166722227345
24989,1730.3166722227345
24990,1730.3166722227345
24991,1730.3166722227345
24992,1730.3166722227345
24993,1730.3166722227345
24994,1730.3166722227345
24995,1730.3166722227345
24996,1730.3166722227345
24997,1730.3166722227345
24998,1730.3166722227345
24999,1730.3166722227345
25000,1730.3166722227345
25001,1730.3166722227345
25002,1730.3166722227345
25003,1730.3166722227345
25004,1730.3166722227345
25005,1730.3166722227345
25006,1730.3166722227345
25007,1730.3166722227345
25008,1730.3166722227345
25009,1730.3166722227345
25010,1730.3166722227345
25011,1730.3166722227345
25012,1730.3166722227345
25013,1730.3166722227345
25014,1730.3166722227345
25015,1730.3166722227345
25016,1730.3166722227345
25017,1730.3166722227345
25018,1730.3166722227345
25019,1730.3166722227345
25020,1730.3166722227345
25021,1730.3166722227345
25022,1730.3166722227345
25023,1730.3166722227345
25024,1730.3166722227345
25025,1730.3166722227345
25026,1730.3166722227345
25027,1730.3166722227345
25028,1730.3166722227345
25029,1730.3166722227345
25030,1730.3166722227345
25031,1730.3166722227345
25032,1730.3166722227345
25033,1730.3166722227345
25034,1730.3166722227345
25035,1730.3166722227345
25036,1730.3166722227345
25037,1730.3166722227345
25038,1730.3166722227345
25039,1730.3166722227345
25040,1730.3166722227345
25041,1730.3166722227345
25042,1730.3166722227345
25043,1730.3166722227345
25044,1730.3166722227345
25045,1730.3166722227345
25046,1730.3166722227345
25047,1730.3166722227345
25048,1730.3166722227345
25049,1730.3166722227345
25050,1730.3166722227345
25051,1730.3166722227345
25052,1730.3166722227345
25053,1730.3166722227345
25054,1730.3166722227345
25055,1730.3166722227345
25056,1730.3166722227345
25057,1730.3166722227345
25058,1730.3166722227345
25059,1730.3166722227345
25060,1730.3166722227345
25061,1730.3166722227345
25062,1730.3166722227345
25063,1730.3166722227345
25064,1730.3166722227345
25065,1730.3166722227345
25066,1730.3166722227345
25067,1730.3166722227345
25068,1730.3166722227345
25069,1730.3166722227345
25070,1730.3166722227345
25071,1730.3166722227345
25072,1730.3166722227345
25073,1730.3166722227345
25074,1730.3166722227345
25075,1730.3166722227345
25076,1730.3166722227345
25077,1730.3166722227345
25078,1730.3166722227345
25079,1730.3166722227345
25080,1730.3166722227345
25081,1730.3166722227345
25082,1730.3166722227345
25083,1730.3166722227345
25084,1730.3166722227345
25085,1730.3166722227345
25086,1730.3166722227345
25087,1730.3166722227345
25088,1730.3166722227345
25089,1730.3166722227345
25090,1730.3166722227345
25091,1730.3166722227345
25092,1730.3166722227345
25093,1730.3166722227345
25094,1730.3166722227345
25095,1730.3166722227345
25096,1730.3166722227345
25097,1730.3166722227345
25098,1730.3166722227345
25099,1730.3166722227345
25100,1730.3166722227345
25101,1730.3166722227345
25102,1730.3166722227345
25103,1730.3166722227345
25104,1730.3166722227345
25105,1730.3166722227345
25106,1730.3166722227345
25107,1730.3166722227345
25108,1730.3166722227345
25109,1730.3166722227345
25110,1730.3166722227345
25111,1730.3166722227345
25112,1730.3166722227345
25113,1730.3166722227345
25114,1730.3166722227345
25115,1730.3166722227345
25116,1730.3166722227345
25117,1730.3166722227345
25118,1730.3166722227345
25119,1730.3166722227345
25120,1730.3166722227345
25121,1730.3166722227345
25122,1730.3166722227345
25123,1730.3166722227345
25124,1730.3166722227345
25125,1730.3166722227345
25126,1730.3166722227345
25127,1730.3166722227345
25128,1730.3166722227345
25129,1730.3166722227345
25130,1730.3166722227345
25131,1730.3166722227345
25132,1730.3166722227345
25133,1730.3166722227345
25134,1730.3166722227345
25135,1730.3166722227345
25136,1730.3166722227345
25137,1730.3166722227345
25138,1730.3166722227345
25139,1730.3166722227345
25140,1730.3166722227345
25141,1730.3166722227345
25142,1730.3166722227345
25143,1730.3166722227345
25144,1730.3166722227345
25145,1730.3166722227345
25146,1730.3166722227345
25147,1730.3166722227345
25148,1730.3166722227345
25149,1730.3166722227345
25150,1730.3166722227345
25151,1730.3166722227345
25152,1730.3166722227345
25153,1730.3166722227345
25154,1730.3166722227345
25155,1730.3166722227345
25156,1730.3166722227345
25157,1730.3166722227345
25158,1730.3166722227345
25159,1730.3166722227345
25160,1730.3166722227345
25161,1730.3166722227345
25162,1730.3166722227345
25163,1730.3166722227345
25164,1730.3166722227345
25165,1730.3166722227345
25166,1730.3166722227345
25167,1730.3166722227345
25168,1730.3166722227345
25169,1730.3166722227345
25170,1730.3166722227345
25171,1730.3166722227345
25172,1730.3166722227345
25173,1730.3166722227345
25174,1730.3166722227345
25175,1730.3166722227345
25176,1730.3166722227345
25177,1730.3166722227345
25178,1730.3166722227345
25179,1730.3166722227345
25180,1730.3166722227345
25181,1730.3166722227345
25182,1730.3166722227345
25183,1730.3166722227345
25184,1730.3166722227345
25185,1730.3166722227345
25186,1730.3166722227345
25187,1730.3166722227345
25188,1730.3166722227345
25189,1730.3166722227345
25190,1730.3166722227345
25191,1730.3166722227345
25192,1730.3166722227345
25193,1730.3166722227345
25194,1730.3166722227345
25195,1730.3166722227345
25196,1730.3166722227345
25197,1730.3166722227345
25198,1730.3166722227345
25199,1730.3166722227345
25200,1730.3166722227345
25201,1730.3166722227345
25202,1730.3166722227345
25203,1730.3166722227345
25204,1730.3166722227345
25205,1730.3166722227345
25206,1730.3166722227345
25207,1730.3166722227345
25208,1730.3166722227345
25209,1730.3166722227345
25210,1730.3166722227345
25211,1730.3166722227345
25212,1730.3166722227345
25213,1730.3166722227345
25214,1730.3166722227345
25215,1730.3166722227345
25216,1730.3166722227345
25217,1730.3166722227345
25218,1730.3166722227345
25219,1730.3166722227345
25220,1730.3166722227345
25221,1730.3166722227345
25222,1730.3166722227345
25223,1730.3166722227345
25224,1730.3166722227345
25225,1730.3166722227345
25226,1730.3166722227345
25227,1730.3166722227345
25228,1730.3166722227345
25229,1730.3166722227345
25230,1730.3166722227345
25231,1730.3166722227345
25232,1730.3166722227345
25233,1730.3166722227345
25234,1730.3166722227345
25235,1730.3166722227345
25236,1730.3166722227345
25237,1730.3166722227345
25238,1730.3166722227345
25239,1730.3166722227345
25240,1730.3166722227345
25241,1730.3166722227345
25242,1730.3166722227345
25243,1730.3166722227345
25244,1730.3166722227345
25245,1730.3166722227345
25246,1730.3166722227345
25247,1730.3166722227345
25248,1730.3166722227345
25249,1730.3166722227345
25250,1730.3166722227345
25251,1730.3166722227345
25252,1730.3166722227345
25253,1730.3166722227345
25254,1730.3166722227345
25255,1730.3166722227345
25256,1730.3166722227345
25257,1730.3166722227345
25258,1730.3166722227345
25259,1730.3166722227345
25260,1730.3166722227345
25261,1730.3166722227345
25262,1730.3166722227345
25263,1730.3166722227345
25264,1730.3166722227345
25265,1730.3166722227345
25266,1730.3166722227345
25267,1730.3166722227345
25268,1730.3166722227345
25269,1730.3166722227345
25270,1730.3166722227345
25271,1730.3166722227345
25272,1730.3166722227345
25273,1730.3166722227345
25274,1730.3166722227345
25275,1730.3166722227345
25276,1730.3166722227345
25277,1730.3166722227345
25278,1730.3166722227345
25279,1730.3166722227345
25280,1730.3166722227345
25281,1730.3166722227345
25282,1730.3166722227345
25283,1730.3166722227345
25284,1730.3166722227345
25285,1730.3166722227345
25286,1730.3166722227345
25287,1730.3166722227345
25288,1730.3166722227345
25289,1730.3166722227345
25290,1730.3166722227345
25291,1730.3166722227345
25292,1730.3166722227345
25293,1730.3166722227345
25294,1730.3166722227345
25295,1730.3166722227345
25296,1730.3166722227345
25297,1730.3166722227345
25298,1730.3166722227345
25299,1730.3166722227345
25300,1730.3166722227345
25301,1730.3166722227345
25302,1730.3166722227345
25303,1730.3166722227345
25304,1730.3166722227345
25305,1730.3166722227345
25306,1730.3166722227345
25307,1730.3166722227345
25308,1730.3166722227345
25309,1730.3166722227345
25310,1730.3166722227345
25311,1730.3166722227345
25312,1730.3166722227345
25313,1730.3166722227345
25314,1730.3166722227345
25315,1730.3166722227345
25316,1730.3166722227345
25317,1730.3166722227345
25318,1730.3166722227345
25319,1730.3166722227345
25320,1730.3166722227345
25321,1730.3166722227345
25322,1730.3166722227345
25323,1730.3166722227345
25324,1730.3166722227345
25325,1730.3166722227345
25326,1730.3166722227345
25327,1730.3166722227345
25328,1730.3166722227345
25329,1730.3166722227345
25330,1730.3166722227345
25331,1730.3166722227345
25332,1730.3166722227345
25333,1730.3166722227345
25334,1730.3166722227345
25335,1730.3166722227345
25336,1730.3166722227345
25337,1730.3166722227345
25338,1730.3166722227345
25339,1730.3166722227345
25340,1730.3166722227345
25341,1730.3166722227345
25342,1730.3166722227345
25343,1730.3166722227345
25344,1730.3166722227345
25345,1730.3166722227345
25346,1730.3166722227345
25347,1730.3166722227345
25348,1730.3166722227345
25349,1730.3166722227345
25350,1730.3166722227345
25351,1730.3166722227345
25352,1730.3166722227345
25353,1730.3166722227345
25354,1730.3166722227345
25355,1730.3166722227345
25356,1730.3166722227345
25357,1730.3166722227345
25358,1730.3166722227345
25359,1730.3166722227345
25360,1730.3166722227345
25361,1730.3166722227345
25362,1730.3166722227345
25363,1730.3166722227345
25364,1730.3166722227345
25365,1730.3166722227345
25366,1730.3166722227345
25367,1730.3166722227345
25368,1730.3166722227345
25369,1730.3166722227345
25370,1730.3166722227345
25371,1730.3166722227345
25372,1730.3166722227345
25373,1730.3166722227345
25374,1730.3166722227345
25375,1730.3166722227345
25376,1730.3166722227345
25377,1730.3166722227345
25378,1730.3166722227345
25379,1730.3166722227345
25380,1730.3166722227345
25381,1730.3166722227345
25382,1730.3166722227345
25383,1730.3166722227345
25384,1730.3166722227345
25385,1730.3166722227345
25386,1730.3166722227345
25387,1730.3166722227345
25388,1730.3166722227345
25389,1730.3166722227345
25390,1730.3166722227345
25391,1730.3166722227345
25392,1730.3166722227345
25393,1730.3166722227345
25394,1730.3166722227345
25395,1730.3166722227345
25396,1730.3166722227345
25397,1730.3166722227345
25398,1730.3166722227345
25399,1730.3166722227345
25400,1730.3166722227345
25401,1730.3166722227345
25402,1730.3166722227345
25403,1730.3166722227345
25404,1730.3166722227345
25405,1730.3166722227345
25406,1730.3166722227345
25407,1730.3166722227345
25408,1730.3166722227345
25409,1730.3166722227345
25410,1730.3166722227345
25411,1730.3166722227345
25412,1730.3166722227345
25413,1730.3166722227345
25414,1730.3166722227345
25415,1730.3166722227345
25416,1730.3166722227345
25417,1730.3166722227345
25418,1730.3166722227345
25419,1730.3166722227345
25420,1730.3166722227345
25421,1730.3166722227345
25422,1730.3166722227345
25423,1730.3166722227345
25424,1730.3166722227345
25425,1730.3166722227345
25426,1730.3166722227345
25427,1730.3166722227345
25428,1730.3166722227345
25429,1730.3166722227345
25430,1730.3166722227345
25431,1730.3166722227345
25432,1730.3166722227345
25433,1730.3166722227345
25434,1730.3166722227345
25435,1730.3166722227345
25436,1730.3166722227345
25437,1730.3166722227345
25438,1730.3166722227345
25439,1730.3166722227345
25440,1730.3166722227345
25441,1730.3166722227345
25442,1730.3166722227345
25443,1730.3166722227345
25444,1730.3166722227345
25445,1730.3166722227345
25446,1730.3166722227345
25447,1730.3166722227345
25448,1730.3166722227345
25449,1730.3166722227345
25450,1730.3166722227345
25451,1730.3166722227345
25452,1730.3166722227345
25453,1730.3166722227345
25454,1730.3166722227345
25455,1730.3166722227345
25456,1730.3166722227345
25457,1730.3166722227345
25458,1730.3166722227345
25459,1730.3166722227345
25460,1730.3166722227345
25461,1730.3166722227345
25462,1730.3166722227345
25463,1730.3166722227345
25464,1730.3166722227345
25465,1730.3166722227345
25466,1730.3166722227345
25467,1730.3166722227345
25468,1730.3166722227345
25469,1730.3166722227345
25470,1730.3166722227345
25471,1730.3166722227345
25472,1730.3166722227345
25473,1730.3166722227345
25474,1730.3166722227345
25475,1730.3166722227345
25476,1730.3166722227345
25477,1730.3166722227345
25478,1730.3166722227345
25479,1730.3166722227345
25480,1730.3166722227345
25481,1730.3166722227345
25482,1730.3166722227345
25483,1730.3166722227345
25484,1730.3166722227345
25485,1730.3166722227345
25486,1730.3166722227345
25487,1730.3166722227345
25488,1730.3166722227345
25489,1730.3166722227345
25490,1730.3166722227345
25491,1730.3166722227345
25492,1730.3166722227345
25493,1730.3166722227345
25494,1730.3166722227345
25495,1730.3166722227345
25496,1730.3166722227345
25497,1730.3166722227345
25498,1730.3166722227345
25499,1730.3166722227345
25500,1730.3166722227345
25501,1730.3166722227345
25502,1730.3166722227345
25503,1730.3166722227345
25504,1730.3166722227345
25505,1730.3166722227345
25506,1730.3166722227345
25507,1730.3166722227345
25508,1730.3166722227345
25509,1730.3166722227345
25510,1730.3166722227345
25511,1730.3166722227345
25512,1730.3166722227345
25513,1730.3166722227345
25514,1730.3166722227345
25515,1730.3166722227345
25516,1730.3166722227345
25517,1730.3166722227345
25518,1730.3166722227345
25519,1730.3166722227345
25520,1730.3166722227345
25521,1730.3166722227345
25522,1730.3166722227345
25523,1730.3166722227345
25524,1730.3166722227345
25525,1730.3166722227345
25526,1730.3166722227345
25527,1730.3166722227345
25528,1730.3166722227345
25529,1730.3166722227345
25530,1730.3166722227345
25531,1730.3166722227345
25532,1730.3166722227345
25533,1730.3166722227345
25534,1730.3166722227345
25535,1730.3166722227345
25536,1730.3166722227345
25537,1730.3166722227345
25538,1730.3166722227345
25539,1730.3166722227345
25540,1730.3166722227345
25541,1730.3166722227345
25542,1730.3166722227345
25543,1730.3166722227345
25544,1730.3166722227345
25545,1730.3166722227345
25546,1730.3166722227345
25547,1730.3166722227345
25548,1730.3166722227345
25549,1730.3166722227345
25550,1730.3166722227345
25551,1730.3166722227345
25552,1730.3166722227345
25553,1730.3166722227345
25554,1730.3166722227345
25555,1730.3166722227345
25556,1730.3166722227345
25557,1730.3166722227345
25558,1730.3166722227345
25559,1730.3166722227345
25560,1730.3166722227345
25561,1730.3166722227345
25562,1730.3166722227345
25563,1730.3166722227345
25564,1730.3166722227345
25565,1730.3166722227345
25566,1730.3166722227345
25567,1730.3166722227345
25568,1730.3166722227345
25569,1730.3166722227345
25570,1730.3166722227345
25571,1730.3166722227345
25572,1730.3166722227345
25573,1730.3166722227345
25574,1730.3166722227345
25575,1730.3166722227345
25576,1730.3166722227345
25577,1730.3166722227345
25578,1730.3166722227345
25579,1730.3166722227345
25580,1730.3166722227345
25581,1730.3166722227345
25582,1730.3166722227345
25583,1730.3166722227345
25584,1730.3166722227345
25585,1730.3166722227345
25586,1730.3166722227345
25587,1730.3166722227345
25588,1730.3166722227345
25589,1730.3166722227345
25590,1730.3166722227345
25591,1730.3166722227345
25592,1730.3166722227345
25593,1730.3166722227345
25594,1730.3166722227345
25595,1730.3166722227345
25596,1730.3166722227345
25597,1730.3166722227345
25598,1730.3166722227345
25599,1730.3166722227345
25600,1730.3166722227345
25601,1730.3166722227345
25602,1730.3166722227345
25603,1730.3166722227345
25604,1730.3166722227345
25605,1730.3166722227345
25606,1730.3166722227345
25607,1730.3166722227345
25608,1730.3166722227345
25609,1730.3166722227345
25610,1730.3166722227345
25611,1730.3166722227345
25612,1730.3166722227345
25613,1730.3166722227345
25614,1730.3166722227345
25615,1730.3166722227345
25616,1730.3166722227345
25617,1730.3166722227345
25618,1730.3166722227345
25619,1730.3166722227345
25620,1730.3166722227345
25621,1730.3166722227345
25622,1730.3166722227345
25623,1730.3166722227345
25624,1730.3166722227345
25625,1730.3166722227345
25626,1730.3166722227345
25627,1730.3166722227345
25628,1730.3166722227345
25629,1730.3166722227345
25630,1730.3166722227345
25631,1730.3166722227345
25632,1730.3166722227345
25633,1730.3166722227345
25634,1730.3166722227345
25635,1730.3166722227345
25636,1730.3166722227345
25637,1730.3166722227345
25638,1730.3166722227345
25639,1730.3166722227345
25640,1730.3166722227345
25641,1730.3166722227345
25642,1730.3166722227345
25643,1730.3166722227345
25644,1730.3166722227345
25645,1730.3166722227345
25646,1730.3166722227345
25647,1730.3166722227345
25648,1730.3166722227345
25649,1730.3166722227345
25650,1730.3166722227345
25651,1730.3166722227345
25652,1730.3166722227345
25653,1730.3166722227345
25654,1730.3166722227345
25655,1730.3166722227345
25656,1730.3166722227345
25657,1730.3166722227345
25658,1730.3166722227345
25659,1730.3166722227345
25660,1730.3166722227345
25661,1730.3166722227345
25662,1730.3166722227345
25663,1730.3166722227345
25664,1730.3166722227345
25665,1730.3166722227345
25666,1730.3166722227345
25667,1730.3166722227345
25668,1730.3166722227345
25669,1730.3166722227345
25670,1730.3166722227345
25671,1730.3166722227345
25672,1730.3166722227345
25673,1730.3166722227345
25674,1730.3166722227345
25675,1730.3166722227345
25676,1730.3166722227345
25677,1730.3166722227345
25678,1730.3166722227345
25679,1730.3166722227345
25680,1730.3166722227345
25681,1730.3166722227345
25682,1730.3166722227345
25683,1730.3166722227345
25684,1730.3166722227345
25685,1730.3166722227345
25686,1730.3166722227345
25687,1730.3166722227345
25688,1730.3166722227345
25689,1730.3166722227345
25690,1730.3166722227345
25691,1730.3166722227345
25692,1730.3166722227345
25693,1730.3166722227345
25694,1730.3166722227345
25695,1730.3166722227345
25696,1730.3166722227345
25697,1730.3166722227345
25698,1730.3166722227345
25699,1730.3166722227345
25700,1730.3166722227345
25701,1730.3166722227345
25702,1730.3166722227345
25703,1730.3166722227345
25704,1730.3166722227345
25705,1730.3166722227345
25706,1730.3166722227345
25707,1730.3166722227345
25708,1730.3166722227345
25709,1730.3166722227345
25710,1730.3166722227345
25711,1730.3166722227345
25712,1730.3166722227345
25713,1730.3166722227345
25714,1730.3166722227345
25715,1730.3166722227345
25716,1730.3166722227345
25717,1730.3166722227345
25718,1730.3166722227345
25719,1730.3166722227345
25720,1730.3166722227345
25721,1730.3166722227345
25722,1730.3166722227345
25723,1730.3166722227345
25724,1730.3166722227345
25725,1730.3166722227345
25726,1730.3166722227345
25727,1730.3166722227345
25728,1730.3166722227345
25729,1730.3166722227345
25730,1730.3166722227345
25731,1730.3166722227345
25732,1730.3166722227345
25733,1730.3166722227345
25734,1730.3166722227345
25735,1730.3166722227345
25736,1730.3166722227345
25737,1730.3166722227345
25738,1730.3166722227345
25739,1730.3166722227345
25740,1730.3166722227345
25741,1730.3166722227345
25742,1730.3166722227345
25743,1730.3166722227345
25744,1730.3166722227345
25745,1730.3166722227345
25746,1730.3166722227345
25747,1730.3166722227345
25748,1730.3166722227345
25749,1730.3166722227345
25750,1730.3166722227345
25751,1730.3166722227345
25752,1730.3166722227345
25753,1730.3166722227345
25754,1730.3166722227345
25755,1730.3166722227345
25756,1730.3166722227345
25757,1730.3166722227345
25758,1730.3166722227345
25759,1730.3166722227345
25760,1730.3166722227345
25761,1730.3166722227345
25762,1730.3166722227345
25763,1730.3166722227345
25764,1730.3166722227345
25765,1730.3166722227345
25766,1730.3166722227345
25767,1730.3166722227345
25768,1730.3166722227345
25769,1730.3166722227345
25770,1730.3166722227345
25771,1730.3166722227345
25772,1730.3166722227345
25773,1730.3166722227345
25774,1730.3166722227345
25775,1730.3166722227345
25776,1730.3166722227345
25777,1730.3166722227345
25778,1730.3166722227345
25779,1730.3166722227345
25780,1730.3166722227345
25781,1730.3166722227345
25782,1730.3166722227345
25783,1730.3166722227345
25784,1730.3166722227345
25785,1730.3166722227345
25786,1730.3166722227345
25787,1730.3166722227345
25788,1730.3166722227345
25789,1730.3166722227345
25790,1730.3166722227345
25791,1730.3166722227345
25792,1730.3166722227345
25793,1730.3166722227345
25794,1730.3166722227345
25795,1730.3166722227345
25796,1730.3166722227345
25797,1730.3166722227345
25798,1730.3166722227345
25799,1730.3166722227345
25800,1730.3166722227345
25801,1730.3166722227345
25802,1730.3166722227345
25803,1730.3166722227345
25804,1730.3166722227345
25805,1730.3166722227345
25806,1730.3166722227345
25807,1730.3166722227345
25808,1730.3166722227345
25809,1730.3166722227345
25810,1730.3166722227345
25811,1730.3166722227345
25812,1730.3166722227345
25813,1730.3166722227345
25814,1730.3166722227345
25815,1730.3166722227345
25816,1730.3166722227345
25817,1730.3166722227345
25818,1730.3166722227345
25819,1730.3166722227345
25820,1730.3166722227345
25821,1730.3166722227345
25822,1730.3166722227345
25823,1730.3166722227345
25824,1730.3166722227345
25825,1730.3166722227345
25826,1730.3166722227345
25827,1730.3166722227345
25828,1730.3166722227345
25829,1730.3166722227345
25830,1730.3166722227345
25831,1730.3166722227345
25832,1730.3166722227345
25833,1730.3166722227345
25834,1730.3166722227345
25835,1730.3166722227345
25836,1730.3166722227345
25837,1730.3166722227345
25838,1730.3166722227345
25839,1730.3166722227345
25840,1730.3166722227345
25841,1730.3166722227345
25842,1730.3166722227345
25843,1730.3166722227345
25844,1730.3166722227345
25845,1730.3166722227345
25846,1730.3166722227345
25847,1730.3166722227345
25848,1730.3166722227345
25849,1730.3166722227345
25850,1730.3166722227345
25851,1730.3166722227345
25852,1730.3166722227345
25853,1730.3166722227345
25854,1730.3166722227345
25855,1730.3166722227345
25856,1730.3166722227345
25857,1730.3166722227345
25858,1730.3166722227345
25859,1730.3166722227345
25860,1730.3166722227345
25861,1730.3166722227345
25862,1730.3166722227345
25863,1730.3166722227345
25864,1730.3166722227345
25865,1730.3166722227345
25866,1730.3166722227345
25867,1730.3166722227345
25868,1730.3166722227345
25869,1730.3166722227345
25870,1730.3166722227345
25871,1730.3166722227345
25872,1730.3166722227345
25873,1730.3166722227345
25874,1730.3166722227345
25875,1730.3166722227345
25876,1730.3166722227345
25877,1730.3166722227345
25878,1730.3166722227345
25879,1730.3166722227345
25880,1730.3166722227345
25881,1730.3166722227345
25882,1730.3166722227345
25883,1730.3166722227345
25884,1730.3166722227345
25885,1730.3166722227345
25886,1730.3166722227345
25887,1730.3166722227345
25888,1730.3166722227345
25889,1730.3166722227345
25890,1730.3166722227345
25891,1730.3166722227345
25892,1730.3166722227345
25893,1730.3166722227345
25894,1730.3166722227345
25895,1730.3166722227345
25896,1730.3166722227345
25897,1730.3166722227345
25898,1730.3166722227345
25899,1730.3166722227345
25900,1730.3166722227345
25901,1730.3166722227345
25902,1730.3166722227345
25903,1730.3166722227345
25904,1730.3166722227345
25905,1730.3166722227345
25906,1730.3166722227345
25907,1730.3166722227345
25908,1730.3166722227345
25909,1730.3166722227345
25910,1730.3166722227345
25911,1730.3166722227345
25912,1730.3166722227345
25913,1730.3166722227345
25914,1730.3166722227345
25915,1730.3166722227345
25916,1730.3166722227345
25917,1730.3166722227345
25918,1730.3166722227345
25919,1730.3166722227345
25920,1730.3166722227345
25921,1730.3166722227345
25922,1730.3166722227345
25923,1730.3166722227345
25924,1730.3166722227345
25925,1730.3166722227345
25926,1730.3166722227345
25927,1730.3166722227345
25928,1730.3166722227345
25929,1730.3166722227345
25930,1730.3166722227345
25931,1730.3166722227345
25932,1730.3166722227345
25933,1730.3166722227345
25934,1730.3166722227345
25935,1730.3166722227345
25936,1730.3166722227345
25937,1730.3166722227345
25938,1730.3166722227345
25939,1730.3166722227345
25940,1730.3166722227345
25941,1730.3166722227345
25942,1730.3166722227345
25943,1730.3166722227345
25944,1730.3166722227345
25945,1730.3166722227345
25946,1730.3166722227345
25947,1730.3166722227345
25948,1730.3166722227345
25949,1730.3166722227345
25950,1730.3166722227345
25951,1730.3166722227345
25952,1730.3166722227345
25953,1730.3166722227345
25954,1730.3166722227345
25955,1730.3166722227345
25956,1730.3166722227345
25957,1730.3166722227345
25958,1730.3166722227345
25959,1730.3166722227345
25960,1730.3166722227345
25961,1730.3166722227345
25962,1730.3166722227345
25963,1730.3166722227345
25964,1730.3166722227345
25965,1730.3166722227345
25966,1730.3166722227345
25967,1730.3166722227345
25968,1730.3166722227345
25969,1730.3166722227345
25970,1730.3166722227345
25971,1730.3166722227345
25972,1730.3166722227345
25973,1730.3166722227345
25974,1730.3166722227345
25975,1730.3166722227345
25976,1730.3166722227345
25977,1730.3166722227345
25978,1730.3166722227345
25979,1730.3166722227345
25980,1730.3166722227345
25981,1730.3166722227345
25982,1730.3166722227345
25983,1730.3166722227345
25984,1730.3166722227345
25985,1730.3166722227345
25986,1730.3166722227345
25987,1730.3166722227345
25988,1730.3166722227345
25989,1730.3166722227345
25990,1730.3166722227345
25991,1730.3166722227345
25992,1730.3166722227345
25993,1730.3166722227345
25994,1730.3166722227345
25995,1730.3166722227345
25996,1730.3166722227345
25997,1730.3166722227345
25998,1730.3166722227345
25999,1730.3166722227345
26000,1730.3166722227345
26001,1730.3166722227345
26002,1730.3166722227345
26003,1730.3166722227345
26004,1730.3166722227345
26005,1730.3166722227345
26006,1730.3166722227345
26007,1730.3166722227345
26008,1730.3166722227345
26009,1730.3166722227345
26010,1730.3166722227345
26011,1730.3166722227345
26012,1730.3166722227345
26013,1730.3166722227345
26014,1730.3166722227345
26015,1730.3166722227345
26016,1730.3166722227345
26017,1730.3166722227345
26018,1730.3166722227345
26019,1730.3166722227345
26020,1730.3166722227345
26021,1730.3166722227345
26022,1730.3166722227345
26023,1730.3166722227345
26024,1730.3166722227345
26025,1730.3166722227345
26026,1730.3166722227345
26027,1730.3166722227345
26028,1730.3166722227345
26029,1730.3166722227345
26030,1730.3166722227345
26031,1730.3166722227345
26032,1730.3166722227345
26033,1730.3166722227345
26034,1730.3166722227345
26035,1730.3166722227345
26036,1730.3166722227345
26037,1730.3166722227345
26038,1730.3166722227345
26039,1730.3166722227345
26040,1730.3166722227345
26041,1730.3166722227345
26042,1730.3166722227345
26043,1730.3166722227345
26044,1730.3166722227345
26045,1730.3166722227345
26046,1730.3166722227345
26047,1730.3166722227345
26048,1730.3166722227345
26049,1730.3166722227345
26050,1730.3166722227345
26051,1730.3166722227345
26052,1730.3166722227345
26053,1730.3166722227345
26054,1730.3166722227345
26055,1730.3166722227345
26056,1730.3166722227345
26057,1730.3166722227345
26058,1730.3166722227345
26059,1730.3166722227345
26060,1730.3166722227345
26061,1730.3166722227345
26062,1730.3166722227345
26063,1730.3166722227345
26064,1730.3166722227345
26065,1730.3166722227345
26066,1730.3166722227345
26067,1730.3166722227345
26068,1730.3166722227345
26069,1730.3166722227345
26070,1730.3166722227345
26071,1730.3166722227345
26072,1730.3166722227345
26073,1730.3166722227345
26074,1730.3166722227345
26075,1730.3166722227345
26076,1730.3166722227345
26077,1730.3166722227345
26078,1730.3166722227345
26079,1730.3166722227345
26080,1730.3166722227345
26081,1730.3166722227345
26082,1730.3166722227345
26083,1730.3166722227345
26084,1730.3166722227345
26085,1730.3166722227345
26086,1730.3166722227345
26087,1730.3166722227345
26088,1730.3166722227345
26089,1730.3166722227345
26090,1730.3166722227345
26091,1730.3166722227345
26092,1730.3166722227345
26093,1730.3166722227345
26094,1730.3166722227345
26095,1730.3166722227345
26096,1730.3166722227345
26097,1730.3166722227345
26098,1730.3166722227345
26099,1730.3166722227345
26100,1730.3166722227345
26101,1730.3166722227345
26102,1730.3166722227345
26103,1730.3166722227345
26104,1730.3166722227345
26105,1730.3166722227345
26106,1730.3166722227345
26107,1730.3166722227345
26108,1730.3166722227345
26109,1730.3166722227345
26110,1730.3166722227345
26111,1730.3166722227345
26112,1730.3166722227345
26113,1730.3166722227345
26114,1730.3166722227345
26115,1730.3166722227345
26116,1730.3166722227345
26117,1730.3166722227345
26118,1730.3166722227345
26119,1730.3166722227345
26120,1730.3166722227345
26121,1730.3166722227345
26122,1730.3166722227345
26123,1730.3166722227345
26124,1730.3166722227345
26125,1730.3166722227345
26126,1730.3166722227345
26127,1730.3166722227345
26128,1730.3166722227345
26129,1730.3166722227345
26130,1730.3166722227345
26131,1730.3166722227345
26132,1730.3166722227345
26133,1730.3166722227345
26134,1730.3166722227345
26135,1730.3166722227345
26136,1730.3166722227345
26137,1730.3166722227345
26138,1730.3166722227345
26139,1730.3166722227345
26140,1730.3166722227345
26141,1730.3166722227345
26142,1730.3166722227345
26143,1730.3166722227345
26144,1730.3166722227345
26145,1730.3166722227345
26146,1730.3166722227345
26147,1730.3166722227345
26148,1730.3166722227345
26149,1730.3166722227345
26150,1730.3166722227345
26151,1730.3166722227345
26152,1730.3166722227345
26153,1730.3166722227345
26154,1730.3166722227345
26155,1730.3166722227345
26156,1730.3166722227345
26157,1730.3166722227345
26158,1730.3166722227345
26159,1730.3166722227345
26160,1730.3166722227345
26161,1730.3166722227345
26162,1730.3166722227345
26163,1730.3166722227345
26164,1730.3166722227345
26165,1730.3166722227345
26166,1730.3166722227345
26167,1730.3166722227345
26168,1730.3166722227345
26169,1730.3166722227345
26170,1730.3166722227345
26171,1730.3166722227345
26172,1730.3166722227345
26173,1730.3166722227345
26174,1730.3166722227345
26175,1730.3166722227345
26176,1730.3166722227345
26177,1730.3166722227345
26178,1730.3166722227345
26179,1730.3166722227345
26180,1730.3166722227345
26181,1730.3166722227345
26182,1730.3166722227345
26183,1730.3166722227345
26184,1730.3166722227345
26185,1730.3166722227345
26186,1730.3166722227345
26187,1730.3166722227345
26188,1730.3166722227345
26189,1730.3166722227345
26190,1730.3166722227345
26191,1730.3166722227345
26192,1730.3166722227345
26193,1730.3166722227345
26194,1730.3166722227345
26195,1730.3166722227345
26196,1730.3166722227345
26197,1730.3166722227345
26198,1730.3166722227345
26199,1730.3166722227345
26200,1730.3166722227345
26201,1730.3166722227345
26202,1730.3166722227345
26203,1730.3166722227345
26204,1730.3166722227345
26205,1730.3166722227345
26206,1730.3166722227345
26207,1730.3166722227345
26208,1730.3166722227345
26209,1730.3166722227345
26210,1730.3166722227345
26211,1730.3166722227345
26212,1730.3166722227345
26213,1730.3166722227345
26214,1730.3166722227345
26215,1730.3166722227345
26216,1730.3166722227345
26217,1730.3166722227345
26218,1730.3166722227345
26219,1730.3166722227345
26220,1730.3166722227345
26221,1730.3166722227345
26222,1730.3166722227345
26223,1730.3166722227345
26224,1730.3166722227345
26225,1730.3166722227345
26226,1730.3166722227345
26227,1730.3166722227345
26228,1730.3166722227345
26229,1730.3166722227345
26230,1730.3166722227345
26231,1730.3166722227345
26232,1730.3166722227345
26233,1730.3166722227345
26234,1730.3166722227345
26235,1730.3166722227345
26236,1730.3166722227345
26237,1730.3166722227345
26238,1730.3166722227345
26239,1730.3166722227345
26240,1730.3166722227345
26241,1730.3166722227345
26242,1730.3166722227345
26243,1730.3166722227345
26244,1730.3166722227345
26245,1730.3166722227345
26246,1730.3166722227345
26247,1730.3166722227345
26248,1730.3166722227345
26249,1730.3166722227345
26250,1730.3166722227345
26251,1730.3166722227345
26252,1730.3166722227345
26253,1730.3166722227345
26254,1730.3166722227345
26255,1730.3166722227345
26256,1730.3166722227345
26257,1730.3166722227345
26258,1730.3166722227345
26259,1730.3166722227345
26260,1730.3166722227345
26261,1730.3166722227345
26262,1730.3166722227345
26263,1730.3166722227345
26264,1730.3166722227345
26265,1730.3166722227345
26266,1730.3166722227345
26267,1730.3166722227345
26268,1730.3166722227345
26269,1730.3166722227345
26270,1730.3166722227345
26271,1730.3166722227345
26272,1730.3166722227345
26273,1730.3166722227345
26274,1730.3166722227345
26275,1730.3166722227345
26276,1730.3166722227345
26277,1730.3166722227345
26278,1730.3166722227345
26279,1730.3166722227345
26280,1730.3166722227345
26281,1730.3166722227345
26282,1730.3166722227345
26283,1730.3166722227345
26284,1730.3166722227345
26285,1730.3166722227345
26286,1730.3166722227345
26287,1730.3166722227345
26288,1730.3166722227345
26289,1730.3166722227345
26290,1730.3166722227345
26291,1730.3166722227345
26292,1730.3166722227345
26293,1730.3166722227345
26294,1730.3166722227345
26295,1730.3166722227345
26296,1730.3166722227345
26297,1730.3166722227345
26298,1730.3166722227345
26299,1730.3166722227345
26300,1730.3166722227345
26301,1730.3166722227345
26302,1730.3166722227345
26303,1730.3166722227345
26304,1730.3166722227345
26305,1730.3166722227345
26306,1730.3166722227345
26307,1730.3166722227345
26308,1730.3166722227345
26309,1730.3166722227345
26310,1730.3166722227345
26311,1730.3166722227345
26312,1730.3166722227345
26313,1730.3166722227345
26314,1730.3166722227345
26315,1730.3166722227345
26316,1730.3166722227345
26317,1730.3166722227345
26318,1730.3166722227345
26319,1730.3166722227345
26320,1730.3166722227345
26321,1730.3166722227345
26322,1730.3166722227345
26323,1730.3166722227345
26324,1730.3166722227345
26325,1730.3166722227345
26326,1730.3166722227345
26327,1730.3166722227345
26328,1730.3166722227345
26329,1730.3166722227345
26330,1730.3166722227345
26331,1730.3166722227345
26332,1730.3166722227345
26333,1730.3166722227345
26334,1730.3166722227345
26335,1730.3166722227345
26336,1730.3166722227345
26337,1730.3166722227345
26338,1730.3166722227345
26339,1730.3166722227345
26340,1730.3166722227345
26341,1730.3166722227345
26342,1730.3166722227345
26343,1730.3166722227345
26344,1730.3166722227345
26345,1730.3166722227345
26346,1730.3166722227345
26347,1730.3166722227345
26348,1730.3166722227345
26349,1730.3166722227345
26350,1730.3166722227345
26351,1730.3166722227345
26352,1730.3166722227345
26353,1730.3166722227345
26354,1730.3166722227345
26355,1730.3166722227345
26356,1730.3166722227345
26357,1730.3166722227345
26358,1730.3166722227345
26359,1730.3166722227345
26360,1730.3166722227345
26361,1730.3166722227345
26362,1730.3166722227345
26363,1730.3166722227345
26364,1730.3166722227345
26365,1730.3166722227345
26366,1730.3166722227345
26367,1730.3166722227345
26368,1730.3166722227345
26369,1730.3166722227345
26370,1730.3166722227345
26371,1730.3166722227345
26372,1730.3166722227345
26373,1730.3166722227345
26374,1730.3166722227345
26375,1730.3166722227345
26376,1730.3166722227345
26377,1730.3166722227345
26378,1730.3166722227345
26379,1730.3166722227345
26380,1730.3166722227345
26381,1730.3166722227345
26382,1730.3166722227345
26383,1730.3166722227345
26384,1730.3166722227345
26385,1730.3166722227345
26386,1730.3166722227345
26387,1730.3166722227345
26388,1730.3166722227345
26389,1730.3166722227345
26390,1730.3166722227345
26391,1730.3166722227345
26392,1730.3166722227345
26393,1730.3166722227345
26394,1730.3166722227345
26395,1730.3166722227345
26396,1730.3166722227345
26397,1730.3166722227345
26398,1730.3166722227345
26399,1730.3166722227345
26400,1730.3166722227345
26401,1730.3166722227345
26402,1730.3166722227345
26403,1730.3166722227345
26404,1730.3166722227345
26405,1730.3166722227345
26406,1730.3166722227345
26407,1730.3166722227345
26408,1730.3166722227345
26409,1730.3166722227345
26410,1730.3166722227345
26411,1730.3166722227345
26412,1730.3166722227345
26413,1730.3166722227345
26414,1730.3166722227345
26415,1730.3166722227345
26416,1730.3166722227345
26417,1730.3166722227345
26418,1730.3166722227345
26419,1730.3166722227345
26420,1730.3166722227345
26421,1730.3166722227345
26422,1730.3166722227345
26423,1730.3166722227345
26424,1730.3166722227345
26425,1730.3166722227345
26426,1730.3166722227345
26427,1730.3166722227345
26428,1730.3166722227345
26429,1730.3166722227345
26430,1730.3166722227345
26431,1730.3166722227345
26432,1730.3166722227345
26433,1730.3166722227345
26434,1730.3166722227345
26435,1730.3166722227345
26436,1730.3166722227345
26437,1730.3166722227345
26438,1730.3166722227345
26439,1730.3166722227345
26440,1730.3166722227345
26441,1730.3166722227345
26442,1730.3166722227345
26443,1730.3166722227345
26444,1730.3166722227345
26445,1730.3166722227345
26446,1730.3166722227345
26447,1730.3166722227345
26448,1730.3166722227345
26449,1730.3166722227345
26450,1730.3166722227345
26451,1730.3166722227345
26452,1730.3166722227345
26453,1730.3166722227345
26454,1730.3166722227345
26455,1730.3166722227345
26456,1730.3166722227345
26457,1730.3166722227345
26458,1730.3166722227345
26459,1730.3166722227345
26460,1730.3166722227345
26461,1730.3166722227345
26462,1730.3166722227345
26463,1730.3166722227345
26464,1730.3166722227345
26465,1730.3166722227345
26466,1730.3166722227345
26467,1730.3166722227345
26468,1730.3166722227345
26469,1730.3166722227345
26470,1730.3166722227345
26471,1730.3166722227345
26472,1730.3166722227345
26473,1730.3166722227345
26474,1730.3166722227345
26475,1730.3166722227345
26476,1730.3166722227345
26477,1730.3166722227345
26478,1730.3166722227345
26479,1730.3166722227345
26480,1730.3166722227345
26481,1730.3166722227345
26482,1730.3166722227345
26483,1730.3166722227345
26484,1730.3166722227345
26485,1730.3166722227345
26486,1730.3166722227345
26487,1730.3166722227345
26488,1730.3166722227345
26489,1730.3166722227345
26490,1730.3166722227345
26491,1730.3166722227345
26492,1730.3166722227345
26493,1730.3166722227345
26494,1730.3166722227345
26495,1730.3166722227345
26496,1730.3166722227345
26497,1730.3166722227345
26498,1730.3166722227345
26499,1730.3166722227345
26500,1730.3166722227345
26501,1730.3166722227345
26502,1730.3166722227345
26503,1730.3166722227345
26504,1730.3166722227345
26505,1730.3166722227345
26506,1730.3166722227345
26507,1730.3166722227345
26508,1730.3166722227345
26509,1730.3166722227345
26510,1730.3166722227345
26511,1730.3166722227345
26512,1730.3166722227345
26513,1730.3166722227345
26514,1730.3166722227345
26515,1730.3166722227345
26516,1730.3166722227345
26517,1730.3166722227345
26518,1730.3166722227345
26519,1730.3166722227345
26520,1730.3166722227345
26521,1730.3166722227345
26522,1730.3166722227345
26523,1730.3166722227345
26524,1730.3166722227345
26525,1730.3166722227345
26526,1730.3166722227345
26527,1730.3166722227345
26528,1730.3166722227345
26529,1730.3166722227345
26530,1730.3166722227345
26531,1730.3166722227345
26532,1730.3166722227345
26533,1730.3166722227345
26534,1730.3166722227345
26535,1730.3166722227345
26536,1730.3166722227345
26537,1730.3166722227345
26538,1730.3166722227345
26539,1730.3166722227345
26540,1730.3166722227345
26541,1730.3166722227345
26542,1730.3166722227345
26543,1730.3166722227345
26544,1730.3166722227345
26545,1730.3166722227345
26546,1730.3166722227345
26547,1730.3166722227345
26548,1730.3166722227345
26549,1730.3166722227345
26550,1730.3166722227345
26551,1730.3166722227345
26552,1730.3166722227345
26553,1730.3166722227345
26554,1730.3166722227345
26555,1730.3166722227345
26556,1730.3166722227345
26557,1730.3166722227345
26558,1730.3166722227345
26559,1730.3166722227345
26560,1730.3166722227345
26561,1730.3166722227345
26562,1730.3166722227345
26563,1730.3166722227345
26564,1730.3166722227345
26565,1730.3166722227345
26566,1730.3166722227345
26567,1730.3166722227345
26568,1730.3166722227345
26569,1730.3166722227345
26570,1730.3166722227345
26571,1730.3166722227345
26572,1730.3166722227345
26573,1730.3166722227345
26574,1730.3166722227345
26575,1730.3166722227345
26576,1730.3166722227345
26577,1730.3166722227345
26578,1730.3166722227345
26579,1730.3166722227345
26580,1730.3166722227345
26581,1730.3166722227345
26582,1730.3166722227345
26583,1730.3166722227345
26584,1730.3166722227345
26585,1730.3166722227345
26586,1730.3166722227345
26587,1730.3166722227345
26588,1730.3166722227345
26589,1730.3166722227345
26590,1730.3166722227345
26591,1730.3166722227345
26592,1730.3166722227345
26593,1730.3166722227345
26594,1730.3166722227345
26595,1730.3166722227345
26596,1730.3166722227345
26597,1730.3166722227345
26598,1730.3166722227345
26599,1730.3166722227345
26600,1730.3166722227345
26601,1730.3166722227345
26602,1730.3166722227345
26603,1730.3166722227345
26604,1730.3166722227345
26605,1730.3166722227345
26606,1730.3166722227345
26607,1730.3166722227345
26608,1730.3166722227345
26609,1730.3166722227345
26610,1730.3166722227345
26611,1730.3166722227345
26612,1730.3166722227345
26613,1730.3166722227345
26614,1730.3166722227345
26615,1730.3166722227345
26616,1730.3166722227345
26617,1730.3166722227345
26618,1730.3166722227345
26619,1730.3166722227345
26620,1730.3166722227345
26621,1730.3166722227345
26622,1730.3166722227345
26623,1730.3166722227345
26624,1730.3166722227345
26625,1730.3166722227345
26626,1730.3166722227345
26627,1730.3166722227345
26628,1730.3166722227345
26629,1730.3166722227345
26630,1730.3166722227345
26631,1730.3166722227345
26632,1730.3166722227345
26633,1730.3166722227345
26634,1730.3166722227345
26635,1730.3166722227345
26636,1730.3166722227345
26637,1730.3166722227345
26638,1730.3166722227345
26639,1730.3166722227345
26640,1730.3166722227345
26641,1730.3166722227345
26642,1730.3166722227345
26643,1730.3166722227345
26644,1730.3166722227345
26645,1730.3166722227345
26646,1730.3166722227345
26647,1730.3166722227345
26648,1730.3166722227345
26649,1730.3166722227345
26650,1730.3166722227345
26651,1730.3166722227345
26652,1730.3166722227345
26653,1730.3166722227345
26654,1730.3166722227345
26655,1730.3166722227345
26656,1730.3166722227345
26657,1730.3166722227345
26658,1730.3166722227345
26659,1730.3166722227345
26660,1730.3166722227345
26661,1730.3166722227345
26662,1730.3166722227345
26663,1730.3166722227345
26664,1730.3166722227345
26665,1730.3166722227345
26666,1730.3166722227345
26667,1730.3166722227345
26668,1730.3166722227345
26669,1730.3166722227345
26670,1730.3166722227345
26671,1730.3166722227345
26672,1730.3166722227345
26673,1730.3166722227345
26674,1730.3166722227345
26675,1730.3166722227345
26676,1730.3166722227345
26677,1730.3166722227345
26678,1730.3166722227345
26679,1730.3166722227345
26680,1730.3166722227345
26681,1730.3166722227345
26682,1730.3166722227345
26683,1730.3166722227345
26684,1730.3166722227345
26685,1730.3166722227345
26686,1730.3166722227345
26687,1730.3166722227345
26688,1730.3166722227345
26689,1730.3166722227345
26690,1730.3166722227345
26691,1730.3166722227345
26692,1730.3166722227345
26693,1730.3166722227345
26694,1730.3166722227345
26695,1730.3166722227345
26696,1730.3166722227345
26697,1730.3166722227345
26698,1730.3166722227345
26699,1730.3166722227345
26700,1730.3166722227345
26701,1730.3166722227345
26702,1730.3166722227345
26703,1730.3166722227345
26704,1730.3166722227345
26705,1730.3166722227345
26706,1730.3166722227345
26707,1730.3166722227345
26708,1730.3166722227345
26709,1730.3166722227345
26710,1730.3166722227345
26711,1730.3166722227345
26712,1730.3166722227345
26713,1730.3166722227345
26714,1730.3166722227345
26715,1730.3166722227345
26716,1730.3166722227345
26717,1730.3166722227345
26718,1730.3166722227345
26719,1730.3166722227345
26720,1730.3166722227345
26721,1730.3166722227345
26722,1730.3166722227345
26723,1730.3166722227345
26724,1730.3166722227345
26725,1730.3166722227345
26726,1730.3166722227345
26727,1730.3166722227345
26728,1730.3166722227345
26729,1730.3166722227345
26730,1730.3166722227345
26731,1730.3166722227345
26732,1730.3166722227345
26733,1730.3166722227345
26734,1730.3166722227345
26735,1730.3166722227345
26736,1730.3166722227345
26737,1730.3166722227345
26738,1730.3166722227345
26739,1730.3166722227345
26740,1730.3166722227345
26741,1730.3166722227345
26742,1730.3166722227345
26743,1730.3166722227345
26744,1730.3166722227345
26745,1730.3166722227345
26746,1730.3166722227345
26747,1730.3166722227345
26748,1730.3166722227345
26749,1730.3166722227345
26750,1730.3166722227345
26751,1730.3166722227345
26752,1730.3166722227345
26753,1730.3166722227345
26754,1730.3166722227345
26755,1730.3166722227345
26756,1730.3166722227345
26757,1730.3166722227345
26758,1730.3166722227345
26759,1730.3166722227345
26760,1730.3166722227345
26761,1730.3166722227345
26762,1730.3166722227345
26763,1730.3166722227345
26764,1730.3166722227345
26765,1730.3166722227345
26766,1730.3166722227345
26767,1730.3166722227345
26768,1730.3166722227345
26769,1730.3166722227345
26770,1730.3166722227345
26771,1730.3166722227345
26772,1730.3166722227345
26773,1730.3166722227345
26774,1730.3166722227345
26775,1730.3166722227345
26776,1730.3166722227345
26777,1730.3166722227345
26778,1730.3166722227345
26779,1730.3166722227345
26780,1730.3166722227345
26781,1730.3166722227345
26782,1730.3166722227345
26783,1730.3166722227345
26784,1730.3166722227345
26785,1730.3166722227345
26786,1730.3166722227345
26787,1730.3166722227345
26788,1730.3166722227345
26789,1730.3166722227345
26790,1730.3166722227345
26791,1730.3166722227345
26792,1730.3166722227345
26793,1730.3166722227345
26794,1730.3166722227345
26795,1730.3166722227345
26796,1730.3166722227345
26797,1730.3166722227345
26798,1730.3166722227345
26799,1730.3166722227345
26800,1730.3166722227345
26801,1730.3166722227345
26802,1730.3166722227345
26803,1730.3166722227345
26804,1730.3166722227345
26805,1730.3166722227345
26806,1730.3166722227345
26807,1730.3166722227345
26808,1730.3166722227345
26809,1730.3166722227345
26810,1730.3166722227345
26811,1730.3166722227345
26812,1730.3166722227345
26813,1730.3166722227345
26814,1730.3166722227345
26815,1730.3166722227345
26816,1730.3166722227345
26817,1730.3166722227345
26818,1730.3166722227345
26819,1730.3166722227345
26820,1730.3166722227345
26821,1730.3166722227345
26822,1730.3166722227345
26823,1730.3166722227345
26824,1730.3166722227345
26825,1730.3166722227345
26826,1730.3166722227345
26827,1730.3166722227345
26828,1730.3166722227345
26829,1730.3166722227345
26830,1730.3166722227345
26831,1730.3166722227345
26832,1730.3166722227345
26833,1730.3166722227345
26834,1730.3166722227345
26835,1730.3166722227345
26836,1730.3166722227345
26837,1730.3166722227345
26838,1730.3166722227345
26839,1730.3166722227345
26840,1730.3166722227345
26841,1730.3166722227345
26842,1730.3166722227345
26843,1730.3166722227345
26844,1730.3166722227345
26845,1730.3166722227345
26846,1730.3166722227345
26847,1730.3166722227345
26848,1730.3166722227345
26849,1730.3166722227345
26850,1730.3166722227345
26851,1730.3166722227345
26852,1730.3166722227345
26853,1730.3166722227345
26854,1730.3166722227345
26855,1730.3166722227345
26856,1730.3166722227345
26857,1730.3166722227345
26858,1730.3166722227345
26859,1730.3166722227345
26860,1730.3166722227345
26861,1730.3166722227345
26862,1730.3166722227345
26863,1730.3166722227345
26864,1730.3166722227345
26865,1730.3166722227345
26866,1730.3166722227345
26867,1730.3166722227345
26868,1730.3166722227345
26869,1730.3166722227345
26870,1730.3166722227345
26871,1730.3166722227345
26872,1730.3166722227345
26873,1730.3166722227345
26874,1730.3166722227345
26875,1730.3166722227345
26876,1730.3166722227345
26877,1730.3166722227345
26878,1730.3166722227345
26879,1730.3166722227345
26880,1730.3166722227345
26881,1730.3166722227345
26882,1730.3166722227345
26883,1730.3166722227345
26884,1730.3166722227345
26885,1730.3166722227345
26886,1730.3166722227345
26887,1730.3166722227345
26888,1730.3166722227345
26889,1730.3166722227345
26890,1730.3166722227345
26891,1730.3166722227345
26892,1730.3166722227345
26893,1730.3166722227345
26894,1730.3166722227345
26895,1730.3166722227345
26896,1730.3166722227345
26897,1730.3166722227345
26898,1730.3166722227345
26899,1730.3166722227345
26900,1730.3166722227345
26901,1730.3166722227345
26902,1730.3166722227345
26903,1730.3166722227345
26904,1730.3166722227345
26905,1730.3166722227345
26906,1730.3166722227345
26907,1730.3166722227345
26908,1730.3166722227345
26909,1730.3166722227345
26910,1730.3166722227345
26911,1730.3166722227345
26912,1730.3166722227345
26913,1730.3166722227345
26914,1730.3166722227345
26915,1730.3166722227345
26916,1730.3166722227345
26917,1730.3166722227345
26918,1730.3166722227345
26919,1730.3166722227345
26920,1730.3166722227345
26921,1730.3166722227345
26922,1730.3166722227345
26923,1730.3166722227345
26924,1730.3166722227345
26925,1730.3166722227345
26926,1730.3166722227345
26927,1730.3166722227345
26928,1730.3166722227345
26929,1730.3166722227345
26930,1730.3166722227345
26931,1730.3166722227345
26932,1730.3166722227345
26933,1730.3166722227345
26934,1730.3166722227345
26935,1727.482464063927
26936,1726.9804141255565
26937,1726.9804141255565
26938,1726.9804141255565
26939,1726.9804141255565
26940,1726.9804141255565
26941,1726.9804141255565
26942,1726.9804141255565
26943,1726.9804141255565
26944,1726.9804141255565
26945,1726.9804141255565
26946,1726.9804141255565
26947,1726.9804141255565
26948,1726.9804141255565
26949,1726.9804141255565
26950,1726.9804141255565
26951,1726.9804141255565
26952,1726.9804141255565
26953,1726.9804141255565
26954,1726.9804141255565
26955,1726.9804141255565
26956,1726.9804141255565
26957,1726.9804141255565
26958,1726.9804141255565
26959,1726.9804141255565
26960,1726.9804141255565
26961,1726.9804141255565
26962,1726.9804141255565
26963,1726.9804141255565
26964,1726.9804141255565
26965,1726.9804141255565
26966,1726.9804141255565
26967,1726.9804141255565
26968,1726.9804141255565
26969,1726.9804141255565
26970,1726.9804141255565
26971,1726.9804141255565
26972,1726.9804141255565
26973,1726.9804141255565
26974,1726.9804141255565
26975,1726.9804141255565
26976,1726.9804141255565
26977,1726.9804141255565
26978,1726.9804141255565
26979,1726.9804141255565
26980,1726.9804141255565
26981,1726.9804141255565
26982,1726.9804141255565
26983,1726.9804141255565
26984,1726.9804141255565
26985,1726.9804141255565
26986,1726.9804141255565
26987,1726.9804141255565
26988,1726.9804141255565
26989,1726.9804141255565
26990,1726.9804141255565
26991,1726.9804141255565
26992,1726.9804141255565
26993,1726.9804141255565
26994,1726.9804141255565
26995,1726.9804141255565
26996,1726.9804141255565
26997,1726.9804141255565
26998,1726.9804141255565
26999,1726.9804141255565
27000,1726.9804141255565
27001,1726.9804141255565
27002,1726.9804141255565
27003,1726.9804141255565
27004,1726.9804141255565
27005,1726.9804141255565
27006,1726.9804141255565
27007,1726.9804141255565
27008,1726.9804141255565
27009,1726.9804141255565
27010,1726.9804141255565
27011,1726.9804141255565
27012,1726.9804141255565
27013,1726.9804141255565
27014,1726.9804141255565
27015,1726.9804141255565
27016,1726.9804141255565
27017,1726.9804141255565
27018,1726.9804141255565
27019,1726.9804141255565
27020,1726.9804141255565
27021,1726.9804141255565
27022,1726.9804141255565
27023,1726.9804141255565
27024,1726.9804141255565
27025,1726.9804141255565
27026,1726.9804141255565
27027,1726.9804141255565
27028,1726.9804141255565
27029,1726.9804141255565
27030,1726.9804141255565
27031,1726.9804141255565
27032,1726.9804141255565
27033,1726.9804141255565
27034,1726.9804141255565
27035,1726.9804141255565
27036,1726.9804141255565
27037,1726.9804141255565
27038,1726.9804141255565
27039,1726.9804141255565
27040,1726.9804141255565
27041,1726.9804141255565
27042,1726.9804141255565
27043,1726.9804141255565
27044,1726.9804141255565
27045,1726.9804141255565
27046,1726.9804141255565
27047,1726.9804141255565
27048,1726.9804141255565
27049,1726.9804141255565
27050,1726.9804141255565
27051,1726.9804141255565
27052,1726.9804141255565
27053,1726.9804141255565
27054,1726.9804141255565
27055,1726.9804141255565
27056,1726.9804141255565
27057,1726.9804141255565
27058,1726.9804141255565
27059,1726.9804141255565
27060,1726.9804141255565
27061,1726.9804141255565
27062,1726.9804141255565
27063,1726.9804141255565
27064,1726.9804141255565
27065,1726.9804141255565
27066,1726.9804141255565
27067,1726.9804141255565
27068,1726.9804141255565
27069,1726.9804141255565
27070,1726.9804141255565
27071,1726.9804141255565
27072,1726.9804141255565
27073,1726.9804141255565
27074,1726.9804141255565
27075,1726.9804141255565
27076,1726.9804141255565
27077,1726.9804141255565
27078,1726.9804141255565
27079,1726.9804141255565
27080,1726.9804141255565
27081,1726.9804141255565
27082,1726.9804141255565
27083,1726.9804141255565
27084,1726.9804141255565
27085,1726.9804141255565
27086,1726.9804141255565
27087,1726.9804141255565
27088,1726.9804141255565
27089,1726.9804141255565
27090,1726.9804141255565
27091,1726.9804141255565
27092,1726.9804141255565
27093,1726.9804141255565
27094,1726.9804141255565
27095,1726.9804141255565
27096,1726.9804141255565
27097,1726.9804141255565
27098,1726.9804141255565
27099,1726.9804141255565
27100,1726.9804141255565
27101,1726.9804141255565
27102,1726.9804141255565
27103,1726.9804141255565
27104,1726.9804141255565
27105,1726.9804141255565
27106,1726.9804141255565
27107,1726.9804141255565
27108,1726.9804141255565
27109,1726.9804141255565
27110,1726.9804141255565
27111,1726.9804141255565
27112,1726.9804141255565
27113,1726.9804141255565
27114,1726.9804141255565
27115,1726.9804141255565
27116,1726.9804141255565
27117,1726.9804141255565
27118,1726.9804141255565
27119,1726.9804141255565
27120,1726.9804141255565
27121,1726.9804141255565
27122,1726.9804141255565
27123,1726.9804141255565
27124,1726.9804141255565
27125,1726.9804141255565
27126,1726.9804141255565
27127,1726.9804141255565
27128,1726.9804141255565
27129,1726.9804141255565
27130,1726.9804141255565
27131,1726.9804141255565
27132,1726.9804141255565
27133,1726.9804141255565
27134,1726.9804141255565
27135,1726.9804141255565
27136,1726.9804141255565
27137,1726.9804141255565
27138,1726.9804141255565
27139,1726.9804141255565
27140,1726.9804141255565
27141,1726.9804141255565
27142,1726.9804141255565
27143,1726.9804141255565
27144,1726.9804141255565
27145,1726.9804141255565
27146,1726.9804141255565
27147,1726.9804141255565
27148,1726.9804141255565
27149,1726.9804141255565
27150,1726.9804141255565
27151,1726.9804141255565
27152,1726.9804141255565
27153,1726.9804141255565
27154,1726.9804141255565
27155,1726.9804141255565
27156,1726.9804141255565
27157,1726.9804141255565
27158,1726.9804141255565
27159,1726.9804141255565
27160,1726.9804141255565
27161,1726.9804141255565
27162,1726.9804141255565
27163,1726.9804141255565
27164,1726.9804141255565
27165,1726.9804141255565
27166,1726.9804141255565
27167,1726.9804141255565
27168,1726.9804141255565
27169,1726.9804141255565
27170,1726.9804141255565
27171,1726.9804141255565
27172,1726.9804141255565
27173,1726.9804141255565
27174,1726.9804141255565
27175,1726.9804141255565
27176,1726.9804141255565
27177,1726.9804141255565
27178,1726.9804141255565
27179,1726.9804141255565
27180,1726.9804141255565
27181,1726.9804141255565
27182,1726.9804141255565
27183,1726.9804141255565
27184,1726.9804141255565
27185,1726.9804141255565
27186,1726.9804141255565
27187,1726.9804141255565
27188,1726.9804141255565
27189,1726.9804141255565
27190,1726.9804141255565
27191,1726.9804141255565
27192,1726.9804141255565
27193,1726.9804141255565
27194,1726.9804141255565
27195,1726.9804141255565
27196,1726.9804141255565
27197,1726.9804141255565
27198,1726.9804141255565
27199,1726.9804141255565
27200,1726.9804141255565
27201,1726.9804141255565
27202,1726.9804141255565
27203,1726.9804141255565
27204,1726.9804141255565
27205,1726.9804141255565
27206,1726.9804141255565
27207,1726.9804141255565
27208,1726.9804141255565
27209,1726.9804141255565
27210,1726.9804141255565
27211,1726.9804141255565
27212,1726.9804141255565
27213,1726.9804141255565
27214,1726.9804141255565
27215,1726.9804141255565
27216,1726.9804141255565
27217,1726.9804141255565
27218,1726.9804141255565
27219,1726.9804141255565
27220,1726.9804141255565
27221,1726.9804141255565
27222,1726.9804141255565
27223,1726.9804141255565
27224,1726.9804141255565
27225,1726.9804141255565
27226,1726.9804141255565
27227,1726.9804141255565
27228,1726.9804141255565
27229,1726.9804141255565
27230,1726.9804141255565
27231,1726.9804141255565
27232,1726.9804141255565
27233,1726.9804141255565
27234,1726.9804141255565
27235,1726.9804141255565
27236,1726.9804141255565
27237,1726.9804141255565
27238,1726.9804141255565
27239,1726.9804141255565
27240,1726.9804141255565
27241,1726.9804141255565
27242,1726.9804141255565
27243,1726.9804141255565
27244,1726.9804141255565
27245,1726.9804141255565
27246,1726.9804141255565
27247,1726.9804141255565
27248,1726.9804141255565
27249,1726.9804141255565
27250,1726.9804141255565
27251,1726.9804141255565
27252,1726.9804141255565
27253,1726.9804141255565
27254,1726.9804141255565
27255,1726.9804141255565
27256,1726.9804141255565
27257,1726.9804141255565
27258,1726.9804141255565
27259,1726.9804141255565
27260,1726.9804141255565
27261,1726.9804141255565
27262,1726.9804141255565
27263,1726.9804141255565
27264,1726.9804141255565
27265,1726.9804141255565
27266,1726.9804141255565
27267,1726.9804141255565
27268,1726.9804141255565
27269,1726.9804141255565
27270,1726.9804141255565
27271,1726.9804141255565
27272,1726.9804141255565
27273,1726.9804141255565
27274,1726.9804141255565
27275,1726.9804141255565
27276,1726.9804141255565
27277,1726.9804141255565
27278,1726.9804141255565
27279,1726.9804141255565
27280,1726.9804141255565
27281,1726.9804141255565
27282,1726.9804141255565
27283,1726.9804141255565
27284,1726.9804141255565
27285,1726.9804141255565
27286,1726.9804141255565
27287,1726.9804141255565
27288,1726.9804141255565
27289,1726.9804141255565
27290,1726.9804141255565
27291,1726.9804141255565
27292,1726.9804141255565
27293,1726.9804141255565
27294,1726.9804141255565
27295,1726.9804141255565
27296,1726.9804141255565
27297,1726.9804141255565
27298,1726.9804141255565
27299,1726.9804141255565
27300,1726.9804141255565
27301,1726.9804141255565
27302,1726.9804141255565
27303,1726.9804141255565
27304,1726.9804141255565
27305,1726.9804141255565
27306,1726.9804141255565
27307,1726.9804141255565
27308,1726.9804141255565
27309,1726.9804141255565
27310,1726.9804141255565
27311,1726.9804141255565
27312,1726.9804141255565
27313,1726.9804141255565
27314,1726.9804141255565
27315,1726.9804141255565
27316,1726.9804141255565
27317,1726.9804141255565
27318,1726.9804141255565
27319,1726.9804141255565
27320,1726.9804141255565
27321,1726.9804141255565
27322,1726.9804141255565
27323,1726.9804141255565
27324,1726.9804141255565
27325,1726.9804141255565
27326,1726.9804141255565
27327,1726.9804141255565
27328,1726.9804141255565
27329,1726.9804141255565
27330,1726.9804141255565
27331,1726.9804141255565
27332,1726.9804141255565
27333,1726.9804141255565
27334,1726.9804141255565
27335,1726.9804141255565
27336,1726.9804141255565
27337,1726.9804141255565
27338,1726.9804141255565
27339,1726.9804141255565
27340,1726.9804141255565
27341,1726.9804141255565
27342,1726.9804141255565
27343,1726.9804141255565
27344,1726.9804141255565
27345,1726.9804141255565
27346,1726.9804141255565
27347,1726.9804141255565
27348,1726.9804141255565
27349,1726.9804141255565
27350,1726.9804141255565
27351,1726.9804141255565
27352,1726.9804141255565
27353,1726.9804141255565
27354,1726.9804141255565
27355,1726.9804141255565
27356,1726.9804141255565
27357,1726.9804141255565
27358,1726.9804141255565
27359,1726.9804141255565
27360,1726.9804141255565
27361,1726.9804141255565
27362,1726.9804141255565
27363,1726.9804141255565
27364,1726.9804141255565
27365,1726.9804141255565
27366,1726.9804141255565
27367,1726.9804141255565
27368,1726.9804141255565
27369,1726.9804141255565
27370,1726.9804141255565
27371,1726.9804141255565
27372,1726.9804141255565
27373,1726.9804141255565
27374,1726.9804141255565
27375,1726.9804141255565
27376,1726.9804141255565
27377,1726.9804141255565
27378,1726.9804141255565
27379,1726.9804141255565
27380,1726.9804141255565
27381,1726.9804141255565
27382,1726.9804141255565
27383,1726.9804141255565
27384,1726.9804141255565
27385,1726.9804141255565
27386,1726.9804141255565
27387,1726.9804141255565
27388,1726.9804141255565
27389,1726.9804141255565
27390,1726.9804141255565
27391,1726.9804141255565
27392,1726.9804141255565
27393,1726.9804141255565
27394,1726.9804141255565
27395,1726.9804141255565
27396,1726.9804141255565
27397,1726.9804141255565
27398,1726.9804141255565
27399,1726.9804141255565
27400,1726.9804141255565
27401,1726.9804141255565
27402,1726.9804141255565
27403,1726.9804141255565
27404,1726.9804141255565
27405,1726.9804141255565
27406,1726.9804141255565
27407,1726.9804141255565
27408,1726.9804141255565
27409,1726.9804141255565
27410,1726.9804141255565
27411,1726.9804141255565
27412,1726.9804141255565
27413,1726.9804141255565
27414,1726.9804141255565
27415,1726.9804141255565
27416,1726.9804141255565
27417,1726.9804141255565
27418,1726.9804141255565
27419,1726.9804141255565
27420,1726.9804141255565
27421,1726.9804141255565
27422,1726.9804141255565
27423,1726.9804141255565
27424,1726.9804141255565
27425,1726.9804141255565
27426,1726.9804141255565
27427,1726.9804141255565
27428,1726.9804141255565
27429,1726.9804141255565
27430,1726.9804141255565
27431,1726.9804141255565
27432,1726.9804141255565
27433,1726.9804141255565
27434,1726.9804141255565
27435,1726.9804141255565
27436,1726.9804141255565
27437,1726.9804141255565
27438,1726.9804141255565
27439,1726.9804141255565
27440,1726.9804141255565
27441,1726.9804141255565
27442,1726.9804141255565
27443,1726.9804141255565
27444,1726.9804141255565
27445,1726.9804141255565
27446,1726.9804141255565
27447,1726.9804141255565
27448,1726.9804141255565
27449,1726.9804141255565
27450,1726.9804141255565
27451,1726.9804141255565
27452,1726.9804141255565
27453,1726.9804141255565
27454,1726.9804141255565
27455,1726.9804141255565
27456,1726.9804141255565
27457,1726.9804141255565
27458,1726.9804141255565
27459,1726.9804141255565
27460,1726.9804141255565
27461,1726.9804141255565
27462,1726.9804141255565
27463,1726.9804141255565
27464,1726.9804141255565
27465,1726.9804141255565
27466,1726.9804141255565
27467,1726.9804141255565
27468,1726.9804141255565
27469,1726.9804141255565
27470,1726.9804141255565
27471,1726.9804141255565
27472,1726.9804141255565
27473,1726.9804141255565
27474,1726.9804141255565
27475,1726.9804141255565
27476,1726.9804141255565
27477,1726.9804141255565
27478,1726.9804141255565
27479,1726.9804141255565
27480,1726.9804141255565
27481,1726.9804141255565
27482,1726.9804141255565
27483,1726.9804141255565
27484,1726.9804141255565
27485,1726.9804141255565
27486,1726.9804141255565
27487,1726.9804141255565
27488,1726.9804141255565
27489,1726.9804141255565
27490,1726.9804141255565
27491,1726.9804141255565
27492,1726.9804141255565
27493,1726.9804141255565
27494,1726.9804141255565
27495,1726.9804141255565
27496,1726.9804141255565
27497,1726.9804141255565
27498,1726.9804141255565
27499,1726.9804141255565
27500,1726.9804141255565
27501,1726.9804141255565
27502,1726.9804141255565
27503,1726.9804141255565
27504,1726.9804141255565
27505,1726.9804141255565
27506,1726.9804141255565
27507,1726.9804141255565
27508,1726.9804141255565
27509,1726.9804141255565
27510,1726.9804141255565
27511,1726.9804141255565
27512,1726.9804141255565
27513,1726.9804141255565
27514,1726.9804141255565
27515,1726.9804141255565
27516,1726.9804141255565
27517,1726.9804141255565
27518,1726.9804141255565
27519,1726.9804141255565
27520,1726.9804141255565
27521,1726.9804141255565
27522,1726.9804141255565
27523,1726.9804141255565
27524,1726.9804141255565
27525,1726.9804141255565
27526,1726.9804141255565
27527,1726.9804141255565
27528,1726.9804141255565
27529,1726.9804141255565
27530,1726.9804141255565
27531,1726.9804141255565
27532,1726.9804141255565
27533,1726.9804141255565
27534,1726.9804141255565
27535,1726.9804141255565
27536,1726.9804141255565
27537,1726.9804141255565
27538,1726.9804141255565
27539,1726.9804141255565
27540,1726.9804141255565
27541,1726.9804141255565
27542,1726.9804141255565
27543,1726.9804141255565
27544,1726.9804141255565
27545,1726.9804141255565
27546,1726.9804141255565
27547,1726.9804141255565
27548,1726.9804141255565
27549,1726.9804141255565
27550,1726.9804141255565
27551,1726.9804141255565
27552,1726.9804141255565
27553,1726.9804141255565
27554,1726.9804141255565
27555,1726.9804141255565
27556,1726.9804141255565
27557,1726.9804141255565
27558,1726.9804141255565
27559,1726.9804141255565
27560,1726.9804141255565
27561,1726.9804141255565
27562,1726.9804141255565
27563,1726.9804141255565
27564,1726.9804141255565
27565,1726.9804141255565
27566,1726.9804141255565
27567,1726.9804141255565
27568,1726.9804141255565
27569,1726.9804141255565
27570,1726.9804141255565
27571,1726.9804141255565
27572,1726.9804141255565
27573,1726.9804141255565
27574,1726.9804141255565
27575,1726.9804141255565
27576,1726.9804141255565
27577,1726.9804141255565
27578,1726.9804141255565
27579,1726.9804141255565
27580,1726.9804141255565
27581,1726.9804141255565
27582,1726.9804141255565
27583,1726.9804141255565
27584,1726.9804141255565
27585,1726.9804141255565
27586,1726.9804141255565
27587,1726.9804141255565
27588,1726.9804141255565
27589,1726.9804141255565
27590,1726.9804141255565
27591,1726.9804141255565
27592,1726.9804141255565
27593,1726.9804141255565
27594,1726.9804141255565
27595,1726.9804141255565
27596,1726.9804141255565
27597,1726.9804141255565
27598,1726.9804141255565
27599,1726.9804141255565
27600,1726.9804141255565
27601,1726.9804141255565
27602,1726.9804141255565
27603,1726.9804141255565
27604,1726.9804141255565
27605,1726.9804141255565
27606,1726.9804141255565
27607,1726.9804141255565
27608,1726.9804141255565
27609,1726.9804141255565
27610,1726.9804141255565
27611,1726.9804141255565
27612,1726.9804141255565
27613,1726.9804141255565
27614,1726.9804141255565
27615,1726.9804141255565
27616,1726.9804141255565
27617,1726.9804141255565
27618,1726.9804141255565
27619,1726.9804141255565
27620,1726.9804141255565
27621,1726.9804141255565
27622,1726.9804141255565
27623,1726.9804141255565
27624,1726.9804141255565
27625,1726.9804141255565
27626,1726.9804141255565
27627,1726.9804141255565
27628,1726.9804141255565
27629,1726.9804141255565
27630,1726.9804141255565
27631,1726.9804141255565
27632,1726.9804141255565
27633,1726.9804141255565
27634,1726.9804141255565
27635,1726.9804141255565
27636,1726.9804141255565
27637,1726.9804141255565
27638,1726.9804141255565
27639,1726.9804141255565
27640,1726.9804141255565
27641,1726.9804141255565
27642,1726.9804141255565
27643,1726.9804141255565
27644,1726.9804141255565
27645,1726.9804141255565
27646,1726.9804141255565
27647,1726.9804141255565
27648,1726.9804141255565
27649,1726.9804141255565
27650,1726.9804141255565
27651,1726.9804141255565
27652,1726.9804141255565
27653,1726.9804141255565
27654,1726.9804141255565
27655,1726.9804141255565
27656,1726.9804141255565
27657,1726.9804141255565
27658,1726.9804141255565
27659,1726.9804141255565
27660,1726.9804141255565
27661,1726.9804141255565
27662,1726.9804141255565
27663,1726.9804141255565
27664,1726.9804141255565
27665,1726.9804141255565
27666,1726.9804141255565
27667,1726.9804141255565
27668,1726.9804141255565
27669,1726.9804141255565
27670,1726.9804141255565
27671,1726.9804141255565
27672,1726.9804141255565
27673,1726.9804141255565
27674,1726.9804141255565
27675,1726.9804141255565
27676,1726.9804141255565
27677,1726.9804141255565
27678,1726.9804141255565
27679,1726.9804141255565
27680,1726.9804141255565
27681,1726.9804141255565
27682,1726.9804141255565
27683,1726.9804141255565
27684,1726.9804141255565
27685,1726.9804141255565
27686,1726.9804141255565
27687,1726.9804141255565
27688,1726.9804141255565
27689,1726.9804141255565
27690,1726.9804141255565
27691,1726.9804141255565
27692,1726.9804141255565
27693,1726.9804141255565
27694,1726.9804141255565
27695,1726.9804141255565
27696,1726.9804141255565
27697,1726.9804141255565
27698,1726.9804141255565
27699,1726.9804141255565
27700,1726.9804141255565
27701,1726.9804141255565
27702,1726.9804141255565
27703,1726.9804141255565
27704,1726.9804141255565
27705,1726.9804141255565
27706,1726.9804141255565
27707,1726.9804141255565
27708,1726.9804141255565
27709,1726.9804141255565
27710,1726.9804141255565
27711,1726.9804141255565
27712,1726.9804141255565
27713,1726.9804141255565
27714,1726.9804141255565
27715,1726.9804141255565
27716,1726.9804141255565
27717,1726.9804141255565
27718,1726.9804141255565
27719,1726.9804141255565
27720,1726.9804141255565
27721,1726.9804141255565
27722,1726.9804141255565
27723,1726.9804141255565
27724,1726.9804141255565
27725,1726.9804141255565
27726,1726.9804141255565
27727,1726.9804141255565
27728,1726.9804141255565
27729,1726.9804141255565
27730,1726.9804141255565
27731,1726.9804141255565
27732,1726.9804141255565
27733,1726.9804141255565
27734,1726.9804141255565
27735,1726.9804141255565
27736,1726.9804141255565
27737,1726.9804141255565
27738,1726.9804141255565
27739,1726.9804141255565
27740,1726.9804141255565
27741,1726.9804141255565
27742,1726.9804141255565
27743,1726.9804141255565
27744,1726.9804141255565
27745,1726.9804141255565
27746,1726.9804141255565
27747,1726.9804141255565
27748,1726.9804141255565
27749,1726.9804141255565
27750,1726.9804141255565
27751,1726.9804141255565
27752,1726.9804141255565
27753,1726.9804141255565
27754,1726.9804141255565
27755,1726.9804141255565
27756,1726.9804141255565
27757,1726.9804141255565
27758,1726.9804141255565
27759,1726.9804141255565
27760,1726.9804141255565
27761,1726.9804141255565
27762,1726.9804141255565
27763,1726.9804141255565
27764,1726.9804141255565
27765,1726.9804141255565
27766,1726.9804141255565
27767,1726.9804141255565
27768,1726.9804141255565
27769,1726.9804141255565
27770,1726.9804141255565
27771,1726.9804141255565
27772,1726.9804141255565
27773,1726.9804141255565
27774,1726.9804141255565
27775,1726.9804141255565
27776,1726.9804141255565
27777,1726.9804141255565
27778,1726.9804141255565
27779,1726.9804141255565
27780,1726.9804141255565
27781,1726.9804141255565
27782,1726.9804141255565
27783,1726.9804141255565
27784,1726.9804141255565
27785,1726.9804141255565
27786,1726.9804141255565
27787,1726.9804141255565
27788,1726.9804141255565
27789,1726.9804141255565
27790,1726.9804141255565
27791,1726.9804141255565
27792,1726.9804141255565
27793,1726.9804141255565
27794,1726.9804141255565
27795,1726.9804141255565
27796,1726.9804141255565
27797,1726.9804141255565
27798,1726.9804141255565
27799,1726.9804141255565
27800,1726.9804141255565
27801,1726.9804141255565
27802,1726.9804141255565
27803,1726.9804141255565
27804,1726.9804141255565
27805,1726.9804141255565
27806,1726.9804141255565
27807,1726.9804141255565
27808,1726.9804141255565
27809,1726.9804141255565
27810,1726.9804141255565
27811,1726.9804141255565
27812,1726.9804141255565
27813,1726.9804141255565
27814,1726.9804141255565
27815,1726.9804141255565
27816,1726.9804141255565
27817,1726.9804141255565
27818,1726.9804141255565
27819,1726.9804141255565
27820,1726.9804141255565
27821,1726.9804141255565
27822,1726.9804141255565
27823,1726.9804141255565
27824,1726.9804141255565
27825,1726.9804141255565
27826,1726.9804141255565
27827,1726.9804141255565
27828,1726.9804141255565
27829,1726.9804141255565
27830,1726.9804141255565
27831,1726.9804141255565
27832,1726.9804141255565
27833,1726.9804141255565
27834,1726.9804141255565
27835,1726.9804141255565
27836,1726.9804141255565
27837,1726.9804141255565
27838,1726.9804141255565
27839,1726.9804141255565
27840,1726.9804141255565
27841,1726.9804141255565
27842,1726.9804141255565
27843,1726.9804141255565
27844,1726.9804141255565
27845,1726.9804141255565
27846,1726.9804141255565
27847,1726.9804141255565
27848,1726.9804141255565
27849,1726.9804141255565
27850,1726.9804141255565
27851,1726.9804141255565
27852,1726.9804141255565
27853,1726.9804141255565
27854,1726.9804141255565
27855,1726.9804141255565
27856,1726.9804141255565
27857,1726.9804141255565
27858,1726.9804141255565
27859,1726.9804141255565
27860,1726.9804141255565
27861,1726.9804141255565
27862,1726.9804141255565
27863,1726.9804141255565
27864,1726.9804141255565
27865,1726.9804141255565
27866,1726.9804141255565
27867,1726.9804141255565
27868,1726.9804141255565
27869,1726.9804141255565
27870,1726.9804141255565
27871,1726.9804141255565
27872,1726.9804141255565
27873,1726.9804141255565
27874,1726.9804141255565
27875,1726.9804141255565
27876,1726.9804141255565
27877,1726.9804141255565
27878,1726.9804141255565
27879,1726.9804141255565
27880,1726.9804141255565
27881,1726.9804141255565
27882,1726.9804141255565
27883,1726.9804141255565
27884,1726.9804141255565
27885,1726.9804141255565
27886,1726.9804141255565
27887,1726.9804141255565
27888,1726.9804141255565
27889,1726.9804141255565
27890,1726.9804141255565
27891,1726.9804141255565
27892,1726.9804141255565
27893,1726.9804141255565
27894,1726.9804141255565
27895,1726.9804141255565
27896,1726.9804141255565
27897,1726.9804141255565
27898,1726.9804141255565
27899,1726.9804141255565
27900,1726.9804141255565
27901,1726.9804141255565
27902,1726.9804141255565
27903,1726.9804141255565
27904,1726.9804141255565
27905,1726.9804141255565
27906,1726.9804141255565
27907,1726.9804141255565
27908,1726.9804141255565
27909,1726.9804141255565
27910,1726.9804141255565
27911,1726.9804141255565
27912,1726.9804141255565
27913,1726.9804141255565
27914,1726.9804141255565
27915,1726.9804141255565
27916,1726.9804141255565
27917,1726.9804141255565
27918,1726.9804141255565
27919,1726.9804141255565
27920,1726.9804141255565
27921,1726.9804141255565
27922,1726.9804141255565
27923,1726.9804141255565
27924,1726.9804141255565
27925,1726.9804141255565
27926,1726.9804141255565
27927,1726.9804141255565
27928,1726.9804141255565
27929,1726.9804141255565
27930,1726.9804141255565
27931,1726.9804141255565
27932,1726.9804141255565
27933,1726.9804141255565
27934,1726.9804141255565
27935,1726.9804141255565
27936,1726.9804141255565
27937,1726.9804141255565
27938,1726.9804141255565
27939,1726.9804141255565
27940,1726.9804141255565
27941,1726.9804141255565
27942,1726.9804141255565
27943,1726.9804141255565
27944,1726.9804141255565
27945,1726.9804141255565
27946,1726.9804141255565
27947,1726.9804141255565
27948,1726.9804141255565
27949,1726.9804141255565
27950,1726.9804141255565
27951,1726.9804141255565
27952,1726.9804141255565
27953,1726.9804141255565
27954,1726.9804141255565
27955,1726.9804141255565
27956,1726.9804141255565
27957,1726.9804141255565
27958,1726.9804141255565
27959,1726.9804141255565
27960,1726.9804141255565
27961,1726.9804141255565
27962,1726.9804141255565
27963,1726.9804141255565
27964,1726.9804141255565
27965,1726.9804141255565
27966,1726.9804141255565
27967,1726.9804141255565
27968,1726.9804141255565
27969,1726.9804141255565
27970,1726.9804141255565
27971,1726.9804141255565
27972,1726.9804141255565
27973,1726.9804141255565
27974,1726.9804141255565
27975,1726.9804141255565
27976,1726.9804141255565
27977,1726.9804141255565
27978,1726.9804141255565
27979,1726.9804141255565
27980,1726.9804141255565
27981,1726.9804141255565
27982,1726.9804141255565
27983,1726.9804141255565
27984,1726.9804141255565
27985,1726.9804141255565
27986,1726.9804141255565
27987,1726.9804141255565
27988,1726.9804141255565
27989,1726.9804141255565
27990,1726.9804141255565
27991,1726.9804141255565
27992,1726.9804141255565
27993,1726.9804141255565
27994,1726.9804141255565
27995,1726.9804141255565
27996,1726.9804141255565
27997,1726.9804141255565
27998,1726.9804141255565
27999,1726.9804141255565
28000,1726.9804141255565
28001,1726.9804141255565
28002,1726.9804141255565
28003,1726.9804141255565
28004,1726.9804141255565
28005,1726.9804141255565
28006,1726.9804141255565
28007,1726.9804141255565
28008,1726.9804141255565
28009,1726.9804141255565
28010,1726.9804141255565
28011,1726.9804141255565
28012,1726.9804141255565
28013,1726.9804141255565
28014,1726.9804141255565
28015,1726.9804141255565
28016,1726.9804141255565
28017,1726.9804141255565
28018,1726.9804141255565
28019,1726.9804141255565
28020,1726.9804141255565
28021,1726.9804141255565
28022,1726.9804141255565
28023,1726.9804141255565
28024,1726.9804141255565
28025,1726.9804141255565
28026,1726.9804141255565
28027,1726.9804141255565
28028,1726.9804141255565
28029,1726.9804141255565
28030,1726.9804141255565
28031,1726.9804141255565
28032,1726.9804141255565
28033,1726.9804141255565
28034,1726.9804141255565
28035,1726.9804141255565
28036,1726.9804141255565
28037,1726.9804141255565
28038,1726.9804141255565
28039,1726.9804141255565
28040,1726.9804141255565
28041,1726.9804141255565
28042,1726.9804141255565
28043,1726.9804141255565
28044,1726.9804141255565
28045,1726.9804141255565
28046,1726.9804141255565
28047,1726.9804141255565
28048,1726.9804141255565
28049,1726.9804141255565
28050,1726.9804141255565
28051,1726.9804141255565
28052,1726.9804141255565
28053,1726.9804141255565
28054,1726.9804141255565
28055,1726.9804141255565
28056,1726.9804141255565
28057,1726.9804141255565
28058,1726.9804141255565
28059,1726.9804141255565
28060,1726.9804141255565
28061,1726.9804141255565
28062,1726.9804141255565
28063,1726.9804141255565
28064,1726.9804141255565
28065,1726.9804141255565
28066,1726.9804141255565
28067,1726.9804141255565
28068,1726.9804141255565
28069,1726.9804141255565
28070,1726.9804141255565
28071,1726.9804141255565
28072,1726.9804141255565
28073,1726.9804141255565
28074,1726.9804141255565
28075,1726.9804141255565
28076,1726.9804141255565
28077,1726.9804141255565
28078,1726.9804141255565
28079,1726.9804141255565
28080,1726.9804141255565
28081,1726.9804141255565
28082,1726.9804141255565
28083,1726.9804141255565
28084,1726.9804141255565
28085,1726.9804141255565
28086,1726.9804141255565
28087,1726.9804141255565
28088,1726.9804141255565
28089,1726.9804141255565
28090,1726.9804141255565
28091,1726.9804141255565
28092,1726.9804141255565
28093,1726.9804141255565
28094,1726.9804141255565
28095,1726.9804141255565
28096,1726.9804141255565
28097,1726.9804141255565
28098,1726.9804141255565
28099,1726.9804141255565
28100,1726.9804141255565
28101,1726.9804141255565
28102,1726.9804141255565
28103,1726.9804141255565
28104,1726.9804141255565
28105,1726.9804141255565
28106,1726.9804141255565
28107,1726.9804141255565
28108,1726.9804141255565
28109,1726.9804141255565
28110,1726.9804141255565
28111,1726.9804141255565
28112,1726.9804141255565
28113,1726.9804141255565
28114,1726.9804141255565
28115,1726.9804141255565
28116,1726.9804141255565
28117,1726.9804141255565
28118,1726.9804141255565
28119,1726.9804141255565
28120,1726.9804141255565
28121,1726.9804141255565
28122,1726.9804141255565
28123,1726.9804141255565
28124,1726.9804141255565
28125,1726.9804141255565
28126,1726.9804141255565
28127,1726.9804141255565
28128,1726.9804141255565
28129,1726.9804141255565
28130,1726.9804141255565
28131,1726.9804141255565
28132,1726.9804141255565
28133,1726.9804141255565
28134,1726.9804141255565
28135,1726.9804141255565
28136,1726.9804141255565
28137,1726.9804141255565
28138,1726.9804141255565
28139,1726.9804141255565
28140,1726.9804141255565
28141,1726.9804141255565
28142,1726.9804141255565
28143,1726.9804141255565
28144,1726.9804141255565
28145,1726.9804141255565
28146,1726.9804141255565
28147,1726.9804141255565
28148,1726.9804141255565
28149,1726.9804141255565
28150,1726.9804141255565
28151,1726.9804141255565
28152,1726.9804141255565
28153,1726.9804141255565
28154,1726.9804141255565
28155,1726.9804141255565
28156,1726.9804141255565
28157,1726.9804141255565
28158,1726.9804141255565
28159,1726.9804141255565
28160,1726.9804141255565
28161,1726.9804141255565
28162,1726.9804141255565
28163,1726.9804141255565
28164,1726.9804141255565
28165,1726.9804141255565
28166,1726.9804141255565
28167,1726.9804141255565
28168,1726.9804141255565
28169,1726.9804141255565
28170,1726.9804141255565
28171,1726.9804141255565
28172,1726.9804141255565
28173,1726.9804141255565
28174,1726.9804141255565
28175,1726.9804141255565
28176,1726.9804141255565
28177,1726.9804141255565
28178,1726.9804141255565
28179,1726.9804141255565
28180,1726.9804141255565
28181,1726.9804141255565
28182,1726.9804141255565
28183,1726.9804141255565
28184,1726.9804141255565
28185,1726.9804141255565
28186,1726.9804141255565
28187,1726.9804141255565
28188,1726.9804141255565
28189,1726.9804141255565
28190,1726.9804141255565
28191,1726.9804141255565
28192,1726.9804141255565
28193,1726.9804141255565
28194,1726.9804141255565
28195,1726.9804141255565
28196,1726.9804141255565
28197,1726.9804141255565
28198,1726.9804141255565
28199,1726.9804141255565
28200,1726.9804141255565
28201,1726.9804141255565
28202,1726.9804141255565
28203,1726.9804141255565
28204,1726.9804141255565
28205,1726.9804141255565
28206,1726.9804141255565
28207,1726.9804141255565
28208,1726.9804141255565
28209,1726.9804141255565
28210,1726.9804141255565
28211,1726.9804141255565
28212,1726.9804141255565
28213,1726.9804141255565
28214,1726.9804141255565
28215,1726.9804141255565
28216,1726.9804141255565
28217,1726.9804141255565
28218,1726.9804141255565
28219,1726.9804141255565
28220,1726.9804141255565
28221,1726.9804141255565
28222,1726.9804141255565
28223,1726.9804141255565
28224,1726.9804141255565
28225,1726.9804141255565
28226,1726.9804141255565
28227,1726.9804141255565
28228,1726.9804141255565
28229,1726.9804141255565
28230,1726.9804141255565
28231,1726.9804141255565
28232,1726.9804141255565
28233,1726.9804141255565
28234,1726.9804141255565
28235,1726.9804141255565
28236,1726.9804141255565
28237,1726.9804141255565
28238,1726.9804141255565
28239,1726.9804141255565
28240,1726.9804141255565
28241,1726.9804141255565
28242,1726.9804141255565
28243,1726.9804141255565
28244,1726.9804141255565
28245,1726.9804141255565
28246,1726.9804141255565
28247,1726.9804141255565
28248,1726.9804141255565
28249,1726.9804141255565
28250,1726.9804141255565
28251,1726.9804141255565
28252,1726.9804141255565
28253,1726.9804141255565
28254,1726.9804141255565
28255,1726.9804141255565
28256,1726.9804141255565
28257,1726.9804141255565
28258,1726.9804141255565
28259,1726.9804141255565
28260,1726.9804141255565
28261,1726.9804141255565
28262,1726.9804141255565
28263,1726.9804141255565
28264,1726.9804141255565
28265,1726.9804141255565
28266,1726.9804141255565
28267,1726.9804141255565
28268,1726.9804141255565
28269,1726.9804141255565
28270,1726.9804141255565
28271,1726.9804141255565
28272,1726.9804141255565
28273,1726.9804141255565
28274,1726.9804141255565
28275,1726.9804141255565
28276,1726.9804141255565
28277,1726.9804141255565
28278,1726.9804141255565
28279,1726.9804141255565
28280,1726.9804141255565
28281,1726.9804141255565
28282,1726.9804141255565
28283,1726.9804141255565
28284,1726.9804141255565
28285,1726.9804141255565
28286,1726.9804141255565
28287,1726.9804141255565
28288,1726.9804141255565
28289,1726.9804141255565
28290,1726.9804141255565
28291,1726.9804141255565
28292,1726.9804141255565
28293,1726.9804141255565
28294,1726.9804141255565
28295,1726.9804141255565
28296,1726.9804141255565
28297,1726.9804141255565
28298,1726.9804141255565
28299,1726.9804141255565
28300,1726.9804141255565
28301,1726.9804141255565
28302,1726.9804141255565
28303,1726.9804141255565
28304,1726.9804141255565
28305,1726.9804141255565
28306,1726.9804141255565
28307,1726.9804141255565
28308,1726.9804141255565
28309,1726.9804141255565
28310,1726.9804141255565
28311,1726.9804141255565
28312,1726.9804141255565
28313,1726.9804141255565
28314,1726.9804141255565
28315,1726.9804141255565
28316,1726.9804141255565
28317,1726.9804141255565
28318,1726.9804141255565
28319,1726.9804141255565
28320,1726.9804141255565
28321,1726.9804141255565
28322,1726.9804141255565
28323,1726.9804141255565
28324,1726.9804141255565
28325,1726.9804141255565
28326,1726.9804141255565
28327,1726.9804141255565
28328,1726.9804141255565
28329,1726.9804141255565
28330,1726.9804141255565
28331,1726.9804141255565
28332,1726.9804141255565
28333,1726.9804141255565
28334,1726.9804141255565
28335,1726.9804141255565
28336,1726.9804141255565
28337,1726.9804141255565
28338,1726.9804141255565
28339,1726.9804141255565
28340,1726.9804141255565
28341,1726.9804141255565
28342,1726.9804141255565
28343,1726.9804141255565
28344,1726.9804141255565
28345,1726.9804141255565
28346,1726.9804141255565
28347,1726.9804141255565
28348,1726.9804141255565
28349,1726.9804141255565
28350,1726.9804141255565
28351,1726.9804141255565
28352,1726.9804141255565
28353,1726.9804141255565
28354,1726.9804141255565
28355,1726.9804141255565
28356,1726.9804141255565
28357,1726.9804141255565
28358,1726.9804141255565
28359,1726.9804141255565
28360,1726.9804141255565
28361,1726.9804141255565
28362,1726.9804141255565
28363,1726.9804141255565
28364,1726.9804141255565
28365,1726.9804141255565
28366,1726.9804141255565
28367,1726.9804141255565
28368,1726.9804141255565
28369,1726.9804141255565
28370,1726.9804141255565
28371,1726.9804141255565
28372,1726.9804141255565
28373,1726.9804141255565
28374,1726.9804141255565
28375,1726.9804141255565
28376,1726.9804141255565
28377,1726.9804141255565
28378,1726.9804141255565
28379,1726.9804141255565
28380,1726.9804141255565
28381,1726.9804141255565
28382,1726.9804141255565
28383,1726.9804141255565
28384,1726.9804141255565
28385,1726.9804141255565
28386,1726.9804141255565
28387,1726.9804141255565
28388,1726.9804141255565
28389,1726.9804141255565
28390,1726.9804141255565
28391,1726.9804141255565
28392,1726.9804141255565
28393,1726.9804141255565
28394,1726.9804141255565
28395,1726.9804141255565
28396,1726.9804141255565
28397,1726.9804141255565
28398,1726.9804141255565
28399,1726.9804141255565
28400,1726.9804141255565
28401,1726.9804141255565
28402,1726.9804141255565
28403,1726.9804141255565
28404,1726.9804141255565
28405,1726.9804141255565
28406,1726.9804141255565
28407,1726.9804141255565
28408,1726.9804141255565
28409,1726.9804141255565
28410,1726.9804141255565
28411,1726.9804141255565
28412,1726.9804141255565
28413,1726.9804141255565
28414,1726.9804141255565
28415,1726.9804141255565
28416,1726.9804141255565
28417,1726.9804141255565
28418,1726.9804141255565
28419,1726.9804141255565
28420,1726.9804141255565
28421,1726.9804141255565
28422,1726.9804141255565
28423,1726.9804141255565
28424,1726.9804141255565
28425,1726.9804141255565
28426,1726.9804141255565
28427,1726.9804141255565
28428,1726.9804141255565
28429,1726.9804141255565
28430,1726.9804141255565
28431,1726.9804141255565
28432,1726.9804141255565
28433,1726.9804141255565
28434,1726.9804141255565
28435,1726.9804141255565
28436,1726.9804141255565
28437,1726.9804141255565
28438,1726.9804141255565
28439,1726.9804141255565
28440,1726.9804141255565
28441,1726.9804141255565
28442,1726.9804141255565
28443,1726.9804141255565
28444,1726.9804141255565
28445,1726.9804141255565
28446,1726.9804141255565
28447,1726.9804141255565
28448,1726.9804141255565
28449,1726.9804141255565
28450,1726.9804141255565
28451,1726.9804141255565
28452,1726.9804141255565
28453,1726.9804141255565
28454,1726.9804141255565
28455,1726.9804141255565
28456,1726.9804141255565
28457,1726.9804141255565
28458,1726.9804141255565
28459,1726.9804141255565
28460,1726.9804141255565
28461,1726.9804141255565
28462,1726.9804141255565
28463,1726.9804141255565
28464,1726.9804141255565
28465,1726.9804141255565
28466,1726.9804141255565
28467,1726.9804141255565
28468,1726.9804141255565
28469,1726.9804141255565
28470,1726.9804141255565
28471,1726.9804141255565
28472,1726.9804141255565
28473,1726.9804141255565
28474,1726.9804141255565
28475,1726.9804141255565
28476,1726.9804141255565
28477,1726.9804141255565
28478,1726.9804141255565
28479,1726.9804141255565
28480,1726.9804141255565
28481,1726.9804141255565
28482,1726.9804141255565
28483,1726.9804141255565
28484,1726.9804141255565
28485,1726.9804141255565
28486,1726.9804141255565
28487,1726.9804141255565
28488,1726.9804141255565
28489,1726.9804141255565
28490,1726.9804141255565
28491,1726.9804141255565
28492,1726.9804141255565
28493,1726.9804141255565
28494,1726.9804141255565
28495,1726.9804141255565
28496,1726.9804141255565
28497,1726.9804141255565
28498,1726.9804141255565
28499,1726.9804141255565
28500,1726.9804141255565
28501,1726.9804141255565
28502,1726.9804141255565
28503,1726.9804141255565
28504,1726.9804141255565
28505,1726.9804141255565
28506,1726.9804141255565
28507,1726.9804141255565
28508,1726.9804141255565
28509,1726.9804141255565
28510,1726.9804141255565
28511,1726.9804141255565
28512,1726.9804141255565
28513,1726.9804141255565
28514,1726.9804141255565
28515,1726.9804141255565
28516,1726.9804141255565
28517,1726.9804141255565
28518,1726.9804141255565
28519,1726.9804141255565
28520,1726.9804141255565
28521,1726.9804141255565
28522,1726.9804141255565
28523,1726.9804141255565
28524,1726.9804141255565
28525,1726.9804141255565
28526,1726.9804141255565
28527,1726.9804141255565
28528,1726.9804141255565
28529,1726.9804141255565
28530,1726.9804141255565
28531,1726.9804141255565
28532,1726.9804141255565
28533,1726.9804141255565
28534,1726.9804141255565
28535,1726.9804141255565
28536,1726.9804141255565
28537,1726.9804141255565
28538,1726.9804141255565
28539,1726.9804141255565
28540,1726.9804141255565
28541,1726.9804141255565
28542,1726.9804141255565
28543,1726.9804141255565
28544,1726.9804141255565
28545,1726.9804141255565
28546,1726.9804141255565
28547,1726.9804141255565
28548,1726.9804141255565
28549,1726.9804141255565
28550,1726.9804141255565
28551,1726.9804141255565
28552,1726.9804141255565
28553,1726.9804141255565
28554,1726.9804141255565
28555,1726.9804141255565
28556,1726.9804141255565
28557,1726.9804141255565
28558,1726.9804141255565
28559,1726.9804141255565
28560,1726.9804141255565
28561,1726.9804141255565
28562,1726.9804141255565
28563,1726.9804141255565
28564,1726.9804141255565
28565,1726.9804141255565
28566,1726.9804141255565
28567,1726.9804141255565
28568,1726.9804141255565
28569,1726.9804141255565
28570,1726.9804141255565
28571,1726.9804141255565
28572,1726.9804141255565
28573,1726.9804141255565
28574,1726.9804141255565
28575,1726.9804141255565
28576,1726.9804141255565
28577,1726.9804141255565
28578,1726.9804141255565
28579,1726.9804141255565
28580,1726.9804141255565
28581,1726.9804141255565
28582,1726.9804141255565
28583,1726.9804141255565
28584,1726.9804141255565
28585,1726.9804141255565
28586,1726.9804141255565
28587,1726.9804141255565
28588,1726.9804141255565
28589,1726.9804141255565
28590,1726.9804141255565
28591,1726.9804141255565
28592,1726.9804141255565
28593,1726.9804141255565
28594,1726.9804141255565
28595,1726.9804141255565
28596,1726.9804141255565
28597,1726.9804141255565
28598,1726.9804141255565
28599,1726.9804141255565
28600,1726.9804141255565
28601,1726.9804141255565
28602,1726.9804141255565
28603,1726.9804141255565
28604,1726.9804141255565
28605,1726.9804141255565
28606,1726.9804141255565
28607,1726.9804141255565
28608,1726.9804141255565
28609,1726.9804141255565
28610,1726.9804141255565
28611,1726.9804141255565
28612,1726.9804141255565
28613,1726.9804141255565
28614,1726.9804141255565
28615,1726.9804141255565
28616,1726.9804141255565
28617,1726.9804141255565
28618,1726.9804141255565
28619,1726.9804141255565
28620,1726.9804141255565
28621,1726.9804141255565
28622,1726.9804141255565
28623,1726.9804141255565
28624,1726.9804141255565
28625,1726.9804141255565
28626,1726.9804141255565
28627,1726.9804141255565
28628,1726.9804141255565
28629,1726.9804141255565
28630,1726.9804141255565
28631,1726.9804141255565
28632,1726.9804141255565
28633,1726.9804141255565
28634,1726.9804141255565
28635,1726.9804141255565
28636,1726.9804141255565
28637,1726.9804141255565
28638,1726.9804141255565
28639,1726.9804141255565
28640,1726.9804141255565
28641,1726.9804141255565
28642,1726.9804141255565
28643,1726.9804141255565
28644,1726.9804141255565
28645,1726.9804141255565
28646,1726.9804141255565
28647,1726.9804141255565
28648,1726.9804141255565
28649,1726.9804141255565
28650,1726.9804141255565
28651,1726.9804141255565
28652,1726.9804141255565
28653,1726.9804141255565
28654,1726.9804141255565
28655,1726.9804141255565
28656,1726.9804141255565
28657,1726.9804141255565
28658,1726.9804141255565
28659,1726.9804141255565
28660,1726.9804141255565
28661,1726.9804141255565
28662,1726.9804141255565
28663,1726.9804141255565
28664,1726.9804141255565
28665,1726.9804141255565
28666,1726.9804141255565
28667,1726.9804141255565
28668,1726.9804141255565
28669,1726.9804141255565
28670,1726.9804141255565
28671,1726.9804141255565
28672,1726.9804141255565
28673,1726.9804141255565
28674,1726.9804141255565
28675,1726.9804141255565
28676,1726.9804141255565
28677,1726.9804141255565
28678,1726.9804141255565
28679,1726.9804141255565
28680,1726.9804141255565
28681,1726.9804141255565
28682,1726.9804141255565
28683,1726.9804141255565
28684,1726.9804141255565
28685,1726.9804141255565
28686,1726.9804141255565
28687,1726.9804141255565
28688,1726.9804141255565
28689,1726.9804141255565
28690,1726.9804141255565
28691,1726.9804141255565
28692,1726.9804141255565
28693,1726.9804141255565
28694,1726.9804141255565
28695,1726.9804141255565
28696,1726.9804141255565
28697,1726.9804141255565
28698,1726.9804141255565
28699,1726.9804141255565
28700,1726.9804141255565
28701,1726.9804141255565
28702,1726.9804141255565
28703,1726.9804141255565
28704,1726.9804141255565
28705,1726.9804141255565
28706,1726.9804141255565
28707,1726.9804141255565
28708,1726.9804141255565
28709,1726.9804141255565
28710,1726.9804141255565
28711,1726.9804141255565
28712,1726.9804141255565
28713,1726.9804141255565
28714,1726.9804141255565
28715,1726.9804141255565
28716,1726.9804141255565
28717,1726.9804141255565
28718,1726.9804141255565
28719,1726.9804141255565
28720,1726.9804141255565
28721,1726.9804141255565
28722,1726.9804141255565
28723,1726.9804141255565
28724,1726.9804141255565
28725,1726.9804141255565
28726,1726.9804141255565
28727,1726.9804141255565
28728,1726.9804141255565
28729,1726.9804141255565
28730,1726.9804141255565
28731,1726.9804141255565
28732,1726.9804141255565
28733,1726.9804141255565
28734,1726.9804141255565
28735,1726.9804141255565
28736,1726.9804141255565
28737,1726.9804141255565
28738,1726.9804141255565
28739,1726.9804141255565
28740,1726.9804141255565
28741,1726.9804141255565
28742,1726.9804141255565
28743,1726.9804141255565
28744,1726.9804141255565
28745,1726.9804141255565
28746,1726.9804141255565
28747,1726.9804141255565
28748,1726.9804141255565
28749,1726.9804141255565
28750,1726.9804141255565
28751,1726.9804141255565
28752,1726.9804141255565
28753,1726.9804141255565
28754,1726.9804141255565
28755,1726.9804141255565
28756,1726.9804141255565
28757,1726.9804141255565
28758,1726.9804141255565
28759,1726.9804141255565
28760,1726.9804141255565
28761,1726.9804141255565
28762,1726.9804141255565
28763,1726.9804141255565
28764,1726.9804141255565
28765,1726.9804141255565
28766,1726.9804141255565
28767,1726.9804141255565
28768,1726.9804141255565
28769,1726.9804141255565
28770,1726.9804141255565
28771,1726.9804141255565
28772,1726.9804141255565
28773,1726.9804141255565
28774,1726.9804141255565
28775,1726.9804141255565
28776,1726.9804141255565
28777,1726.9804141255565
28778,1726.9804141255565
28779,1726.9804141255565
28780,1726.9804141255565
28781,1726.9804141255565
28782,1726.9804141255565
28783,1726.9804141255565
28784,1726.9804141255565
28785,1726.9804141255565
28786,1726.9804141255565
28787,1726.9804141255565
28788,1726.9804141255565
28789,1726.9804141255565
28790,1726.9804141255565
28791,1726.9804141255565
28792,1726.9804141255565
28793,1726.9804141255565
28794,1726.9804141255565
28795,1726.9804141255565
28796,1726.9804141255565
28797,1726.9804141255565
28798,1726.9804141255565
28799,1726.9804141255565
28800,1726.9804141255565
28801,1726.9804141255565
28802,1726.9804141255565
28803,1726.9804141255565
28804,1726.9804141255565
28805,1726.9804141255565
28806,1726.9804141255565
28807,1726.9804141255565
28808,1726.9804141255565
28809,1726.9804141255565
28810,1726.9804141255565
28811,1726.9804141255565
28812,1726.9804141255565
28813,1726.9804141255565
28814,1726.9804141255565
28815,1726.9804141255565
28816,1726.9804141255565
28817,1726.9804141255565
28818,1726.9804141255565
28819,1726.9804141255565
28820,1726.9804141255565
28821,1726.9804141255565
28822,1726.9804141255565
28823,1726.9804141255565
28824,1726.9804141255565
28825,1726.9804141255565
28826,1726.9804141255565
28827,1726.9804141255565
28828,1726.9804141255565
28829,1726.9804141255565
28830,1726.9804141255565
28831,1726.9804141255565
28832,1726.9804141255565
28833,1726.9804141255565
28834,1726.9804141255565
28835,1726.9804141255565
28836,1726.9804141255565
28837,1726.9804141255565
28838,1726.9804141255565
28839,1726.9804141255565
28840,1726.9804141255565
28841,1726.9804141255565
28842,1726.9804141255565
28843,1726.9804141255565
28844,1726.9804141255565
28845,1726.9804141255565
28846,1726.9804141255565
28847,1726.9804141255565
28848,1726.9804141255565
28849,1726.9804141255565
28850,1726.9804141255565
28851,1726.9804141255565
28852,1726.9804141255565
28853,1726.9804141255565
28854,1726.9804141255565
28855,1726.9804141255565
28856,1726.9804141255565
28857,1726.9804141255565
28858,1726.9804141255565
28859,1726.9804141255565
28860,1726.9804141255565
28861,1726.9804141255565
28862,1726.9804141255565
28863,1726.9804141255565
28864,1726.9804141255565
28865,1726.9804141255565
28866,1726.9804141255565
28867,1726.9804141255565
28868,1726.9804141255565
28869,1726.9804141255565
28870,1726.9804141255565
28871,1726.9804141255565
28872,1726.9804141255565
28873,1726.9804141255565
28874,1726.9804141255565
28875,1726.9804141255565
28876,1726.9804141255565
28877,1726.9804141255565
28878,1726.9804141255565
28879,1726.9804141255565
28880,1726.9804141255565
28881,1726.9804141255565
28882,1726.9804141255565
28883,1726.9804141255565
28884,1726.9804141255565
28885,1726.9804141255565
28886,1726.9804141255565
28887,1726.9804141255565
28888,1726.9804141255565
28889,1726.9804141255565
28890,1726.9804141255565
28891,1726.9804141255565
28892,1726.9804141255565
28893,1726.9804141255565
28894,1726.9804141255565
28895,1726.9804141255565
28896,1726.9804141255565
28897,1726.9804141255565
28898,1726.9804141255565
28899,1726.9804141255565
28900,1726.9804141255565
28901,1726.9804141255565
28902,1726.9804141255565
28903,1726.9804141255565
28904,1726.9804141255565
28905,1726.9804141255565
28906,1726.9804141255565
28907,1726.9804141255565
28908,1726.9804141255565
28909,1726.9804141255565
28910,1726.9804141255565
28911,1726.9804141255565
28912,1726.9804141255565
28913,1726.9804141255565
28914,1726.9804141255565
28915,1726.9804141255565
28916,1726.9804141255565
28917,1726.9804141255565
28918,1726.9804141255565
28919,1726.9804141255565
28920,1726.9804141255565
28921,1726.9804141255565
28922,1726.9804141255565
28923,1726.9804141255565
28924,1726.9804141255565
28925,1726.9804141255565
28926,1726.9804141255565
28927,1726.9804141255565
28928,1726.9804141255565
28929,1726.9804141255565
28930,1726.9804141255565
28931,1726.9804141255565
28932,1726.9804141255565
28933,1726.9804141255565
28934,1726.9804141255565
28935,1726.9804141255565
28936,1726.9804141255565
28937,1726.9804141255565
28938,1726.9804141255565
28939,1726.9804141255565
28940,1726.9804141255565
28941,1726.9804141255565
28942,1726.9804141255565
28943,1726.9804141255565
28944,1726.9804141255565
28945,1726.9804141255565
28946,1726.9804141255565
28947,1726.9804141255565
28948,1726.9804141255565
28949,1726.9804141255565
28950,1726.9804141255565
28951,1726.9804141255565
28952,1726.9804141255565
28953,1726.9804141255565
28954,1726.9804141255565
28955,1726.9804141255565
28956,1726.9804141255565
28957,1726.9804141255565
28958,1726.9804141255565
28959,1726.9804141255565
28960,1726.9804141255565
28961,1726.9804141255565
28962,1726.9804141255565
28963,1726.9804141255565
28964,1726.9804141255565
28965,1726.9804141255565
28966,1726.9804141255565
28967,1726.9804141255565
28968,1726.9804141255565
28969,1726.9804141255565
28970,1726.9804141255565
28971,1726.9804141255565
28972,1726.9804141255565
28973,1726.9804141255565
28974,1726.9804141255565
28975,1726.9804141255565
28976,1726.9804141255565
28977,1726.9804141255565
28978,1726.9804141255565
28979,1726.9804141255565
28980,1726.9804141255565
28981,1726.9804141255565
28982,1726.9804141255565
28983,1726.9804141255565
28984,1726.9804141255565
28985,1726.9804141255565
28986,1726.9804141255565
28987,1726.9804141255565
28988,1726.9804141255565
28989,1726.9804141255565
28990,1726.9804141255565
28991,1726.9804141255565
28992,1726.9804141255565
28993,1726.9804141255565
28994,1726.9804141255565
28995,1726.9804141255565
28996,1726.9804141255565
28997,1726.9804141255565
28998,1726.9804141255565
28999,1726.9804141255565
29000,1726.9804141255565
29001,1726.9804141255565
29002,1726.9804141255565
29003,1726.9804141255565
29004,1726.9804141255565
29005,1726.9804141255565
29006,1726.9804141255565
29007,1726.9804141255565
29008,1726.9804141255565
29009,1726.9804141255565
29010,1726.9804141255565
29011,1726.9804141255565
29012,1726.9804141255565
29013,1726.9804141255565
29014,1726.9804141255565
29015,1726.9804141255565
29016,1726.9804141255565
29017,1726.9804141255565
29018,1726.9804141255565
29019,1726.9804141255565
29020,1726.9804141255565
29021,1726.9804141255565
29022,1726.9804141255565
29023,1726.9804141255565
29024,1726.9804141255565
29025,1726.9804141255565
29026,1726.9804141255565
29027,1726.9804141255565
29028,1726.9804141255565
29029,1726.9804141255565
29030,1726.9804141255565
29031,1726.9804141255565
29032,1726.9804141255565
29033,1726.9804141255565
29034,1726.9804141255565
29035,1726.9804141255565
29036,1726.9804141255565
29037,1726.9804141255565
29038,1726.9804141255565
29039,1726.9804141255565
29040,1726.9804141255565
29041,1726.9804141255565
29042,1726.9804141255565
29043,1726.9804141255565
29044,1726.9804141255565
29045,1726.9804141255565
29046,1726.9804141255565
29047,1726.9804141255565
29048,1726.9804141255565
29049,1726.9804141255565
29050,1726.9804141255565
29051,1726.9804141255565
29052,1726.9804141255565
29053,1726.9804141255565
29054,1726.9804141255565
29055,1726.9804141255565
29056,1726.9804141255565
29057,1726.9804141255565
29058,1726.9804141255565
29059,1726.9804141255565
29060,1726.9804141255565
29061,1726.9804141255565
29062,1726.9804141255565
29063,1726.9804141255565
29064,1726.9804141255565
29065,1726.9804141255565
29066,1726.9804141255565
29067,1726.9804141255565
29068,1726.9804141255565
29069,1726.9804141255565
29070,1726.9804141255565
29071,1726.9804141255565
29072,1726.9804141255565
29073,1726.9804141255565
29074,1726.9804141255565
29075,1726.9804141255565
29076,1726.9804141255565
29077,1726.9804141255565
29078,1726.9804141255565
29079,1726.9804141255565
29080,1726.9804141255565
29081,1726.9804141255565
29082,1726.9804141255565
29083,1726.9804141255565
29084,1726.9804141255565
29085,1726.9804141255565
29086,1726.9804141255565
29087,1726.9804141255565
29088,1726.9804141255565
29089,1726.9804141255565
29090,1726.9804141255565
29091,1726.9804141255565
29092,1726.9804141255565
29093,1726.9804141255565
29094,1726.9804141255565
29095,1726.9804141255565
29096,1726.9804141255565
29097,1726.9804141255565
29098,1726.9804141255565
29099,1726.9804141255565
29100,1726.9804141255565
29101,1726.9804141255565
29102,1726.9804141255565
29103,1726.9804141255565
29104,1726.9804141255565
29105,1726.9804141255565
29106,1726.9804141255565
29107,1726.9804141255565
29108,1726.9804141255565
29109,1726.9804141255565
29110,1726.9804141255565
29111,1726.9804141255565
29112,1726.9804141255565
29113,1726.9804141255565
29114,1726.9804141255565
29115,1726.9804141255565
29116,1726.9804141255565
29117,1726.9804141255565
29118,1726.9804141255565
29119,1726.9804141255565
29120,1726.9804141255565
29121,1726.9804141255565
29122,1726.9804141255565
29123,1726.9804141255565
29124,1726.9804141255565
29125,1726.9804141255565
29126,1726.9804141255565
29127,1726.9804141255565
29128,1726.9804141255565
29129,1726.9804141255565
29130,1726.9804141255565
29131,1726.9804141255565
29132,1726.9804141255565
29133,1726.9804141255565
29134,1726.9804141255565
29135,1726.9804141255565
29136,1726.9804141255565
29137,1726.9804141255565
29138,1726.9804141255565
29139,1726.9804141255565
29140,1726.9804141255565
29141,1726.9804141255565
29142,1726.9804141255565
29143,1726.9804141255565
29144,1726.9804141255565
29145,1726.9804141255565
29146,1726.9804141255565
29147,1726.9804141255565
29148,1726.9804141255565
29149,1726.9804141255565
29150,1726.9804141255565
29151,1726.9804141255565
29152,1726.9804141255565
29153,1726.9804141255565
29154,1726.9804141255565
29155,1726.9804141255565
29156,1726.9804141255565
29157,1726.9804141255565
29158,1726.9804141255565
29159,1726.9804141255565
29160,1726.9804141255565
29161,1726.9804141255565
29162,1726.9804141255565
29163,1726.9804141255565
29164,1726.9804141255565
29165,1726.9804141255565
29166,1726.9804141255565
29167,1726.9804141255565
29168,1726.9804141255565
29169,1726.9804141255565
29170,1726.9804141255565
29171,1726.9804141255565
29172,1726.9804141255565
29173,1726.9804141255565
29174,1726.9804141255565
29175,1726.9804141255565
29176,1726.9804141255565
29177,1726.9804141255565
29178,1726.9804141255565
29179,1726.9804141255565
29180,1726.9804141255565
29181,1726.9804141255565
29182,1726.9804141255565
29183,1726.9804141255565
29184,1726.9804141255565
29185,1726.9804141255565
29186,1726.9804141255565
29187,1726.9804141255565
29188,1726.9804141255565
29189,1726.9804141255565
29190,1726.9804141255565
29191,1726.9804141255565
29192,1726.9804141255565
29193,1726.9804141255565
29194,1726.9804141255565
29195,1726.9804141255565
29196,1726.9804141255565
29197,1726.9804141255565
29198,1726.9804141255565
29199,1726.9804141255565
29200,1726.9804141255565
29201,1726.9804141255565
29202,1726.9804141255565
29203,1726.9804141255565
29204,1726.9804141255565
29205,1726.9804141255565
29206,1726.9804141255565
29207,1726.9804141255565
29208,1726.9804141255565
29209,1726.9804141255565
29210,1726.9804141255565
29211,1726.9804141255565
29212,1726.9804141255565
29213,1726.9804141255565
29214,1726.9804141255565
29215,1726.9804141255565
29216,1726.9804141255565
29217,1726.9804141255565
29218,1726.9804141255565
29219,1726.9804141255565
29220,1726.9804141255565
29221,1726.9804141255565
29222,1726.9804141255565
29223,1726.9804141255565
29224,1726.9804141255565
29225,1726.9804141255565
29226,1726.9804141255565
29227,1726.9804141255565
29228,1726.9804141255565
29229,1726.9804141255565
29230,1726.9804141255565
29231,1726.9804141255565
29232,1726.9804141255565
29233,1726.9804141255565
29234,1726.9804141255565
29235,1726.9804141255565
29236,1726.9804141255565
29237,1726.9804141255565
29238,1726.9804141255565
29239,1726.9804141255565
29240,1726.9804141255565
29241,1726.9804141255565
29242,1726.9804141255565
29243,1726.9804141255565
29244,1726.9804141255565
29245,1726.9804141255565
29246,1726.9804141255565
29247,1726.9804141255565
29248,1726.9804141255565
29249,1726.9804141255565
29250,1726.9804141255565
29251,1726.9804141255565
29252,1726.9804141255565
29253,1726.9804141255565
29254,1726.9804141255565
29255,1726.9804141255565
29256,1726.9804141255565
29257,1726.9804141255565
29258,1726.9804141255565
29259,1726.9804141255565
29260,1726.9804141255565
29261,1726.9804141255565
29262,1726.9804141255565
29263,1726.9804141255565
29264,1726.9804141255565
29265,1726.9804141255565
29266,1726.9804141255565
29267,1726.9804141255565
29268,1726.9804141255565
29269,1726.9804141255565
29270,1726.9804141255565
29271,1726.9804141255565
29272,1726.9804141255565
29273,1726.9804141255565
29274,1726.9804141255565
29275,1726.9804141255565
29276,1726.9804141255565
29277,1726.9804141255565
29278,1726.9804141255565
29279,1726.9804141255565
29280,1726.9804141255565
29281,1726.9804141255565
29282,1726.9804141255565
29283,1726.9804141255565
29284,1726.9804141255565
29285,1726.9804141255565
29286,1726.9804141255565
29287,1726.9804141255565
29288,1726.9804141255565
29289,1726.9804141255565
29290,1726.9804141255565
29291,1726.9804141255565
29292,1726.9804141255565
29293,1726.9804141255565
29294,1726.9804141255565
29295,1726.9804141255565
29296,1726.9804141255565
29297,1726.9804141255565
29298,1726.9804141255565
29299,1726.9804141255565
29300,1726.9804141255565
29301,1726.9804141255565
29302,1726.9804141255565
29303,1726.9804141255565
29304,1726.9804141255565
29305,1726.9804141255565
29306,1726.9804141255565
29307,1726.9804141255565
29308,1726.9804141255565
29309,1726.9804141255565
29310,1726.9804141255565
29311,1726.9804141255565
29312,1726.9804141255565
29313,1726.9804141255565
29314,1726.9804141255565
29315,1726.9804141255565
29316,1726.9804141255565
29317,1726.9804141255565
29318,1726.9804141255565
29319,1726.9804141255565
29320,1726.9804141255565
29321,1726.9804141255565
29322,1726.9804141255565
29323,1726.9804141255565
29324,1726.9804141255565
29325,1726.9804141255565
29326,1726.9804141255565
29327,1726.9804141255565
29328,1726.9804141255565
29329,1726.9804141255565
29330,1726.9804141255565
29331,1726.9804141255565
29332,1726.9804141255565
29333,1726.9804141255565
29334,1726.9804141255565
29335,1726.9804141255565
29336,1726.9804141255565
29337,1726.9804141255565
29338,1726.9804141255565
29339,1726.9804141255565
29340,1726.9804141255565
29341,1726.9804141255565
29342,1726.9804141255565
29343,1726.9804141255565
29344,1726.9804141255565
29345,1726.9804141255565
29346,1726.9804141255565
29347,1726.9804141255565
29348,1726.9804141255565
29349,1726.9804141255565
29350,1726.9804141255565
29351,1726.9804141255565
29352,1726.9804141255565
29353,1726.9804141255565
29354,1726.9804141255565
29355,1726.9804141255565
29356,1726.9804141255565
29357,1726.9804141255565
29358,1726.9804141255565
29359,1726.9804141255565
29360,1726.9804141255565
29361,1726.9804141255565
29362,1726.9804141255565
29363,1726.9804141255565
29364,1726.9804141255565
29365,1726.9804141255565
29366,1726.9804141255565
29367,1726.9804141255565
29368,1726.9804141255565
29369,1726.9804141255565
29370,1726.9804141255565
29371,1726.9804141255565
29372,1726.9804141255565
29373,1726.9804141255565
29374,1726.9804141255565
29375,1726.9804141255565
29376,1726.9804141255565
29377,1726.9804141255565
29378,1726.9804141255565
29379,1726.9804141255565
29380,1726.9804141255565
29381,1726.9804141255565
29382,1726.9804141255565
29383,1726.9804141255565
29384,1726.9804141255565
29385,1726.9804141255565
29386,1726.9804141255565
29387,1726.9804141255565
29388,1726.9804141255565
29389,1726.9804141255565
29390,1726.9804141255565
29391,1726.9804141255565
29392,1726.9804141255565
29393,1726.9804141255565
29394,1726.9804141255565
29395,1726.9804141255565
29396,1726.9804141255565
29397,1726.9804141255565
29398,1726.9804141255565
29399,1726.9804141255565
29400,1726.9804141255565
29401,1726.9804141255565
29402,1726.9804141255565
29403,1726.9804141255565
29404,1726.9804141255565
29405,1726.9804141255565
29406,1726.9804141255565
29407,1726.9804141255565
29408,1726.9804141255565
29409,1726.9804141255565
29410,1726.9804141255565
29411,1726.9804141255565
29412,1726.9804141255565
29413,1726.9804141255565
29414,1726.9804141255565
29415,1726.9804141255565
29416,1726.9804141255565
29417,1726.9804141255565
29418,1726.9804141255565
29419,1726.9804141255565
29420,1726.9804141255565
29421,1726.9804141255565
29422,1726.9804141255565
29423,1726.9804141255565
29424,1726.9804141255565
29425,1726.9804141255565
29426,1726.9804141255565
29427,1726.9804141255565
29428,1726.9804141255565
29429,1726.9804141255565
29430,1726.9804141255565
29431,1726.9804141255565
29432,1726.9804141255565
29433,1726.9804141255565
29434,1726.9804141255565
29435,1726.9804141255565
29436,1726.9804141255565
29437,1726.9804141255565
29438,1726.9804141255565
29439,1726.9804141255565
29440,1726.9804141255565
29441,1726.9804141255565
29442,1726.9804141255565
29443,1726.9804141255565
29444,1726.9804141255565
29445,1726.9804141255565
29446,1726.9804141255565
29447,1726.9804141255565
29448,1726.9804141255565
29449,1726.9804141255565
29450,1726.9804141255565
29451,1726.9804141255565
29452,1726.9804141255565
29453,1726.9804141255565
29454,1726.9804141255565
29455,1726.9804141255565
29456,1726.9804141255565
29457,1726.9804141255565
29458,1726.9804141255565
29459,1726.9804141255565
29460,1726.9804141255565
29461,1726.9804141255565
29462,1726.9804141255565
29463,1726.9804141255565
29464,1726.9804141255565
29465,1726.9804141255565
29466,1726.9804141255565
29467,1726.9804141255565
29468,1726.9804141255565
29469,1726.9804141255565
29470,1726.9804141255565
29471,1726.9804141255565
29472,1726.9804141255565
29473,1726.9804141255565
29474,1726.9804141255565
29475,1726.9804141255565
29476,1726.9804141255565
29477,1726.9804141255565
29478,1726.9804141255565
29479,1726.9804141255565
29480,1726.9804141255565
29481,1726.9804141255565
29482,1726.9804141255565
29483,1726.9804141255565
29484,1726.9804141255565
29485,1726.9804141255565
29486,1726.9804141255565
29487,1726.9804141255565
29488,1726.9804141255565
29489,1726.9804141255565
29490,1726.9804141255565
29491,1726.9804141255565
29492,1726.9804141255565
29493,1726.9804141255565
29494,1726.9804141255565
29495,1726.9804141255565
29496,1726.9804141255565
29497,1726.9804141255565
29498,1726.9804141255565
29499,1726.9804141255565
29500,1726.9804141255565
29501,1726.9804141255565
29502,1726.9804141255565
29503,1726.9804141255565
29504,1726.9804141255565
29505,1726.9804141255565
29506,1726.9804141255565
29507,1726.9804141255565
29508,1726.9804141255565
29509,1726.9804141255565
29510,1726.9804141255565
29511,1726.9804141255565
29512,1726.9804141255565
29513,1726.9804141255565
29514,1726.9804141255565
29515,1726.9804141255565
29516,1726.9804141255565
29517,1726.9804141255565
29518,1726.9804141255565
29519,1726.9804141255565
29520,1726.9804141255565
29521,1726.9804141255565
29522,1726.9804141255565
29523,1726.9804141255565
29524,1726.9804141255565
29525,1726.9804141255565
29526,1726.9804141255565
29527,1726.9804141255565
29528,1726.9804141255565
29529,1726.9804141255565
29530,1726.9804141255565
29531,1726.9804141255565
29532,1726.9804141255565
29533,1726.9804141255565
29534,1726.9804141255565
29535,1726.9804141255565
29536,1726.9804141255565
29537,1726.9804141255565
29538,1726.9804141255565
29539,1726.9804141255565
29540,1726.9804141255565
29541,1726.9804141255565
29542,1726.9804141255565
29543,1726.9804141255565
29544,1726.9804141255565
29545,1726.9804141255565
29546,1726.9804141255565
29547,1726.9804141255565
29548,1726.9804141255565
29549,1726.9804141255565
29550,1726.9804141255565
29551,1726.9804141255565
29552,1726.9804141255565
29553,1726.9804141255565
29554,1726.9804141255565
29555,1726.9804141255565
29556,1726.9804141255565
29557,1726.9804141255565
29558,1726.9804141255565
29559,1726.9804141255565
29560,1726.9804141255565
29561,1726.9804141255565
29562,1726.9804141255565
29563,1726.9804141255565
29564,1726.9804141255565
29565,1726.9804141255565
29566,1726.9804141255565
29567,1726.9804141255565
29568,1726.9804141255565
29569,1726.9804141255565
29570,1726.9804141255565
29571,1726.9804141255565
29572,1726.9804141255565
29573,1726.9804141255565
29574,1726.9804141255565
29575,1726.9804141255565
29576,1726.9804141255565
29577,1726.9804141255565
29578,1726.9804141255565
29579,1726.9804141255565
29580,1726.9804141255565
29581,1726.9804141255565
29582,1726.9804141255565
29583,1726.9804141255565
29584,1726.9804141255565
29585,1726.9804141255565
29586,1726.9804141255565
29587,1726.9804141255565
29588,1726.9804141255565
29589,1726.9804141255565
29590,1726.9804141255565
29591,1726.9804141255565
29592,1726.9804141255565
29593,1726.9804141255565
29594,1726.9804141255565
29595,1726.9804141255565
29596,1726.9804141255565
29597,1726.9804141255565
29598,1726.9804141255565
29599,1726.9804141255565
29600,1726.9804141255565
29601,1726.9804141255565
29602,1726.9804141255565
29603,1726.9804141255565
29604,1726.9804141255565
29605,1726.9804141255565
29606,1726.9804141255565
29607,1726.9804141255565
29608,1726.9804141255565
29609,1726.9804141255565
29610,1726.9804141255565
29611,1726.9804141255565
29612,1726.9804141255565
29613,1726.9804141255565
29614,1726.9804141255565
29615,1726.9804141255565
29616,1726.9804141255565
29617,1726.9804141255565
29618,1726.9804141255565
29619,1726.9804141255565
29620,1726.9804141255565
29621,1726.9804141255565
29622,1726.9804141255565
29623,1726.9804141255565
29624,1726.9804141255565
29625,1726.9804141255565
29626,1726.9804141255565
29627,1726.9804141255565
29628,1726.9804141255565
29629,1726.9804141255565
29630,1726.9804141255565
29631,1726.9804141255565
29632,1726.9804141255565
29633,1726.9804141255565
29634,1726.9804141255565
29635,1726.9804141255565
29636,1726.9804141255565
29637,1726.9804141255565
29638,1726.9804141255565
29639,1726.9804141255565
29640,1726.9804141255565
29641,1726.9804141255565
29642,1726.9804141255565
29643,1726.9804141255565
29644,1726.9804141255565
29645,1726.9804141255565
29646,1726.9804141255565
29647,1726.9804141255565
29648,1726.9804141255565
29649,1726.9804141255565
29650,1726.9804141255565
29651,1726.9804141255565
29652,1726.9804141255565
29653,1726.9804141255565
29654,1726.9804141255565
29655,1726.9804141255565
29656,1726.9804141255565
29657,1726.9804141255565
29658,1726.9804141255565
29659,1726.9804141255565
29660,1726.9804141255565
29661,1726.9804141255565
29662,1726.9804141255565
29663,1726.9804141255565
29664,1726.9804141255565
29665,1726.9804141255565
29666,1726.9804141255565
29667,1726.9804141255565
29668,1726.9804141255565
29669,1726.9804141255565
29670,1726.9804141255565
29671,1726.9804141255565
29672,1726.9804141255565
29673,1726.9804141255565
29674,1726.9804141255565
29675,1726.9804141255565
29676,1726.9804141255565
29677,1726.9804141255565
29678,1726.9804141255565
29679,1726.9804141255565
29680,1726.9804141255565
29681,1726.9804141255565
29682,1726.9804141255565
29683,1726.9804141255565
29684,1726.9804141255565
29685,1726.9804141255565
29686,1726.9804141255565
29687,1726.9804141255565
29688,1726.9804141255565
29689,1726.9804141255565
29690,1726.9804141255565
29691,1726.9804141255565
29692,1726.9804141255565
29693,1726.9804141255565
29694,1726.9804141255565
29695,1726.9804141255565
29696,1726.9804141255565
29697,1726.9804141255565
29698,1726.9804141255565
29699,1726.9804141255565
29700,1726.9804141255565
29701,1726.9804141255565
29702,1726.9804141255565
29703,1726.9804141255565
29704,1726.9804141255565
29705,1726.9804141255565
29706,1726.9804141255565
29707,1726.9804141255565
29708,1726.9804141255565
29709,1726.9804141255565
29710,1726.9804141255565
29711,1726.9804141255565
29712,1726.9804141255565
29713,1726.9804141255565
29714,1726.9804141255565
29715,1726.9804141255565
29716,1726.9804141255565
29717,1726.9804141255565
29718,1726.9804141255565
29719,1726.9804141255565
29720,1726.9804141255565
29721,1726.9804141255565
29722,1726.9804141255565
29723,1726.9804141255565
29724,1726.9804141255565
29725,1726.9804141255565
29726,1726.9804141255565
29727,1726.9804141255565
29728,1726.9804141255565
29729,1726.9804141255565
29730,1726.9804141255565
29731,1726.9804141255565
29732,1726.9804141255565
29733,1726.9804141255565
29734,1726.9804141255565
29735,1726.9804141255565
29736,1726.9804141255565
29737,1726.9804141255565
29738,1726.9804141255565
29739,1726.9804141255565
29740,1726.9804141255565
29741,1726.9804141255565
29742,1726.9804141255565
29743,1726.9804141255565
29744,1726.9804141255565
29745,1726.9804141255565
29746,1726.9804141255565
29747,1726.9804141255565
29748,1726.9804141255565
29749,1726.9804141255565
29750,1726.9804141255565
29751,1726.9804141255565
29752,1726.9804141255565
29753,1726.9804141255565
29754,1726.9804141255565
29755,1726.9804141255565
29756,1726.9804141255565
29757,1726.9804141255565
29758,1726.9804141255565
29759,1726.9804141255565
29760,1726.9804141255565
29761,1726.9804141255565
29762,1726.9804141255565
29763,1726.9804141255565
29764,1726.9804141255565
29765,1726.9804141255565
29766,1726.9804141255565
29767,1726.9804141255565
29768,1726.9804141255565
29769,1726.9804141255565
29770,1726.9804141255565
29771,1726.9804141255565
29772,1726.9804141255565
29773,1726.9804141255565
29774,1726.9804141255565
29775,1726.9804141255565
29776,1726.9804141255565
29777,1726.9804141255565
29778,1726.9804141255565
29779,1726.9804141255565
29780,1726.9804141255565
29781,1726.9804141255565
29782,1726.9804141255565
29783,1726.9804141255565
29784,1726.9804141255565
29785,1726.9804141255565
29786,1726.9804141255565
29787,1726.9804141255565
29788,1726.9804141255565
29789,1726.9804141255565
29790,1726.9804141255565
29791,1726.9804141255565
29792,1726.9804141255565
29793,1726.9804141255565
29794,1726.9804141255565
29795,1726.9804141255565
29796,1726.9804141255565
29797,1726.9804141255565
29798,1726.9804141255565
29799,1726.9804141255565
29800,1726.9804141255565
29801,1726.9804141255565
29802,1726.9804141255565
29803,1726.9804141255565
29804,1726.9804141255565
29805,1726.9804141255565
29806,1726.9804141255565
29807,1726.9804141255565
29808,1726.9804141255565
29809,1726.9804141255565
29810,1726.9804141255565
29811,1726.9804141255565
29812,1726.9804141255565
29813,1726.9804141255565
29814,1726.9804141255565
29815,1726.9804141255565
29816,1726.9804141255565
29817,1726.9804141255565
29818,1726.9804141255565
29819,1726.9804141255565
29820,1726.9804141255565
29821,1726.9804141255565
29822,1726.9804141255565
29823,1726.9804141255565
29824,1726.9804141255565
29825,1726.9804141255565
29826,1726.9804141255565
29827,1726.9804141255565
29828,1726.9804141255565
29829,1726.9804141255565
29830,1726.9804141255565
29831,1726.9804141255565
29832,1726.9804141255565
29833,1726.9804141255565
29834,1726.9804141255565
29835,1726.9804141255565
29836,1726.9804141255565
29837,1726.9804141255565
29838,1726.9804141255565
29839,1726.9804141255565
29840,1726.9804141255565
29841,1726.9804141255565
29842,1726.9804141255565
29843,1726.9804141255565
29844,1726.9804141255565
29845,1726.9804141255565
29846,1726.9804141255565
29847,1726.9804141255565
29848,1726.9804141255565
29849,1726.9804141255565
29850,1726.9804141255565
29851,1726.9804141255565
29852,1726.9804141255565
29853,1726.9804141255565
29854,1726.9804141255565
29855,1726.9804141255565
29856,1726.9804141255565
29857,1726.9804141255565
29858,1726.9804141255565
29859,1726.9804141255565
29860,1726.9804141255565
29861,1726.9804141255565
29862,1726.9804141255565
29863,1726.9804141255565
29864,1726.9804141255565
29865,1726.9804141255565
29866,1726.9804141255565
29867,1726.9804141255565
29868,1726.9804141255565
29869,1726.9804141255565
29870,1726.9804141255565
29871,1726.9804141255565
29872,1726.9804141255565
29873,1726.9804141255565
29874,1726.9804141255565
29875,1726.9804141255565
29876,1726.9804141255565
29877,1726.9804141255565
29878,1726.9804141255565
29879,1726.9804141255565
29880,1726.9804141255565
29881,1726.9804141255565
29882,1726.9804141255565
29883,1726.9804141255565
29884,1726.9804141255565
29885,1726.9804141255565
29886,1726.9804141255565
29887,1726.9804141255565
29888,1726.9804141255565
29889,1726.9804141255565
29890,1726.9804141255565
29891,1726.9804141255565
29892,1726.9804141255565
29893,1726.9804141255565
29894,1726.9804141255565
29895,1726.9804141255565
29896,1726.9804141255565
29897,1726.9804141255565
29898,1726.9804141255565
29899,1726.9804141255565
29900,1726.9804141255565
29901,1726.9804141255565
29902,1726.9804141255565
29903,1726.9804141255565
29904,1726.9804141255565
29905,1726.9804141255565
29906,1726.9804141255565
29907,1726.9804141255565
29908,1726.9804141255565
29909,1726.9804141255565
29910,1726.9804141255565
29911,1726.9804141255565
29912,1726.9804141255565
29913,1726.9804141255565
29914,1726.9804141255565
29915,1726.9804141255565
29916,1726.9804141255565
29917,1726.9804141255565
29918,1726.9804141255565
29919,1726.9804141255565
29920,1726.9804141255565
29921,1726.9804141255565
29922,1726.9804141255565
29923,1726.9804141255565
29924,1726.9804141255565
29925,1726.9804141255565
29926,1726.9804141255565
29927,1726.9804141255565
29928,1726.9804141255565
29929,1726.9804141255565
29930,1726.9804141255565
29931,1726.9804141255565
29932,1726.9804141255565
29933,1726.9804141255565
29934,1726.9804141255565
29935,1726.9804141255565
29936,1726.9804141255565
29937,1726.9804141255565
29938,1726.9804141255565
29939,1726.9804141255565
29940,1726.9804141255565
29941,1726.9804141255565
29942,1726.9804141255565
29943,1726.9804141255565
29944,1726.9804141255565
29945,1726.9804141255565
29946,1726.9804141255565
29947,1726.9804141255565
29948,1726.9804141255565
29949,1726.9804141255565
29950,1726.9804141255565
29951,1726.9804141255565
29952,1726.9804141255565
29953,1726.9804141255565
29954,1726.9804141255565
29955,1726.9804141255565
29956,1726.9804141255565
29957,1726.9804141255565
29958,1726.9804141255565
29959,1726.9804141255565
29960,1726.9804141255565
29961,1726.9804141255565
29962,1726.9804141255565
29963,1726.9804141255565
29964,1726.9804141255565
29965,1726.9804141255565
29966,1726.9804141255565
29967,1726.9804141255565
29968,1726.9804141255565
29969,1726.9804141255565
29970,1726.9804141255565
29971,1726.9804141255565
29972,1726.9804141255565
29973,1726.9804141255565
29974,1726.9804141255565
29975,1726.9804141255565
29976,1726.9804141255565
29977,1726.9804141255565
29978,1726.9804141255565
29979,1726.9804141255565
29980,1726.9804141255565
29981,1726.9804141255565
29982,1726.9804141255565
29983,1726.9804141255565
29984,1726.9804141255565
29985,1726.9804141255565
29986,1726.9804141255565
29987,1726.9804141255565
29988,1726.9804141255565
29989,1726.9804141255565
29990,1726.9804141255565
29991,1726.9804141255565
29992,1726.9804141255565
29993,1726.9804141255565
29994,1726.9804141255565
29995,1726.9804141255565
29996,1726.9804141255565
29997,1726.9804141255565
29998,1726.9804141255565
29999,1726.9804141255565
30000,1726.9804141255565
