iter,best_objective
1,4151.838085509801
2,4076.1518810104703
3,4001.45938802089
4,3931.3251707548056
5,3864.265337693857
6,3797.371294909036
7,3731.2213609081914
8,3666.7321659358595
9,3602.483912852325
10,3541.7388101747033
11,3482.4543141431254
12,3423.3999775250254
13,3365.578942403047
14,3308.427799409236
15,3252.194602055521
16,3194.009058842304
17,3139.894509325516
18,3087.6113852588223
19,3036.6375257766604
20,2986.6001420615426
21,2937.132851362083
22,2888.33022708977
23,2839.670243286533
24,2791.66522079247
25,2748.2862335007094
26,2705.726510959127
27,2664.1982625728056
28,2623.538171036158
29,2583.66610605098
30,2544.590594720594
31,2507.8210420988935
32,2471.5798939816377
33,2436.1020780408107
34,2400.8924492041
35,2356.5834560262047
36,2321.599595134837
37,2287.5895270353926
38,2253.59680439058
39,2219.67015900657
40,2186.293027057116
41,2154.1873353275646
42,2122.5674440388198
43,2094.2858029662693
44,2066.906964267528
45,2039.8364338759793
46,2015.7540921290104
47,1991.6867249256543
48,1968.7617896083295
49,1946.2607858005565
50,1923.9031694083699
51,1903.0244601717868
52,1883.5934175879775
53,1834.0842749633357
54,1815.0527332754891
55,1796.3686974857947
56,1777.9772856420957
57,1759.6351403286199
58,1741.6351403286199
59,1724.2377355827525
60,1707.35219614264
61,1689.8197139881463
62,1674.795174782433
63,1661.0897605162336
64,1619.7832746474276
65,1609.8978594761118
66,1601.781988666262
67,1590.3759460978056
68,1566.3526994455958
69,1558.2497954177152
70,1550.7604491795514
71,1536.9085932688654
72,1529.82884386713
73,1522.78120451635
74,1514.8567519580195
75,1508.2911046985828
76,1502.6651046118677
77,1496.1054691046888
78,1490.174706825149
79,1466.1595703264372
80,1460.728991720708
81,1456.0540078504234
82,1448.0551855401714
83,1435.4596187359407
84,1422.9165687051618
85,1418.2777734014062
86,1413.204960189893
87,1408.3959295668205
88,1404.0285851930544
89,1400.1156920492322
90,1396.3430138157407
91,1392.7804084696052
92,1389.1690126369572
93,1363.3312805352691
94,1360.1338247772749
95,1339.012790318173
96,1335.959404026571
97,1333.607880760549
98,1329.8689685653424
99,1327.8208426295653
100,1314.2359245717753
101,1312.4074084185627
102,1310.7333400003895
103,1308.584433086886
104,1305.838973954224
105,1303.9446039136726
106,1302.2709840426808
107,1284.986092192484
108,1282.3409944327373
109,1277.0671224275231
110,1271.8540616044666
111,1258.5486390083827
112,1252.689290482765
113,1250.3754808226427
114,1242.1954678597176
115,1233.2511959497185
116,1226.3075309533474
117,1222.666012741768
118,1221.1254372252379
119,1219.6260121415332
120,1218.8271269391462
121,1218.223114925258
122,1216.6109308001633
123,1214.4397191544194
124,1211.2048397241579
125,1209.9575451167075
126,1209.0612182468178
127,1208.3921876303573
128,1208.0044512192535
129,1207.2871366683098
130,1207.2869356958745
131,1204.0634573382627
132,1199.1132279860135
133,1198.7596978778083
134,1197.7627568590678
135,1197.7627568590678
136,1197.7627568590678
137,1197.7627568590678
138,1197.7627568590678
139,1197.7627568590678
140,1197.7627568590678
141,1197.7627568590678
142,1197.7627568590678
143,1197.7627568590678
144,1197.3228677743791
145,1197.3228677743791
146,1197.3228677743791
147,1197.3228677743791
148,1197.3228677743791
149,1197.3228677743791
150,1197.3228677743791
151,1197.3228677743791
152,1196.9666459006921
153,1196.9666459006921
154,1196.9666459006921
155,1196.9666459006921
156,1196.9666459006921
157,1196.9666459006921
158,1196.9666459006921
159,1196.9666459006921
160,1196.3525175888208
161,1192.4006940685492
162,1192.4006940685492
163,1192.4006940685492
164,1192.4006940685492
165,1192.4006940685492
166,1192.4006940685492
167,1192.4006940685492
168,1192.4006940685492
169,1192.4006940685492
170,1192.4006940685492
171,1192.4006940685492
172,1192.4006940685492
173,1192.4006940685492
174,1192.4006940685492
175,1192.4006940685492
176,1192.4006940685492
177,1192.4006940685492
178,1192.4006940685492
179,1192.4006940685492
180,1192.4006940685492
181,1192.4006940685492
182,1192.4006940685492
183,1192.4006940685492
184,1192.4006940685492
185,1192.4006940685492
186,1192.4006940685492
187,1192.4006940685492
188,1192.4006940685492
189,1192.4006940685492
190,1192.4006940685492
191,1192.4006940685492
192,1192.4006940685492
193,1192.4006940685492
194,1192.4006940685492
195,1192.4006940685492
196,1192.4006940685492
197,1188.057394971431
198,1188.057394971431
199,1183.2886515772113
200,1183.2886515772113
201,1176.1485692085125
202,1176.1485692085125
203,1176.1485692085125
204,1176.1485692085125
205,1176.1485692085125
206,1176.1485692085125
207,1176.1485692085125
208,1176.1485692085125
209,1176.1485692085125
210,1176.1485692085125
211,1176.1485692085125
212,1176.1485692085125
213,1176.1485692085125
214,1176.1485692085125
215,1176.1485692085125
216,1176.1485692085125
217,1176.1485692085125
218,1176.1485692085125
219,1176.1485692085125
220,1176.1485692085125
221,1176.1485692085125
222,1176.1485692085125
223,1176.1485692085125
224,1176.1485692085125
225,1176.1485692085125
226,1176.1485692085125
227,1176.1485692085125
228,1176.1485692085125
229,1176.1485692085125
230,1176.1485692085125
231,1176.1485692085125
232,1176.1485692085125
233,1176.1485692085125
234,1176.1485692085125
235,1176.1485692085125
236,1176.1485692085125
237,1176.1485692085125
238,1176.1485692085125
239,1176.1485692085125
240,1176.1485692085125
241,1176.1485692085125
242,1176.1485692085125
243,1176.1485692085125
244,1176.1485692085125
245,1176.1485692085125
246,1176.1485692085125
247,1176.1485692085125
248,1176.1485692085125
249,1176.1485692085125
250,1176.1485692085125
251,1176.1485692085125
252,1176.1485692085125
253,1176.1485692085125
254,1176.1485692085125
255,1176.1485692085125
256,1176.1485692085125
257,1176.1485692085125
258,1176.1485692085125
259,1176.1485692085125
260,1176.1485692085125
261,1176.1485692085125
262,1176.1485692085125
263,1176.1485692085125
264,1176.1485692085125
265,1176.1485692085125
266,1176.1485692085125
267,1176.1485692085125
268,1176.1485692085125
269,1176.1485692085125
270,1176.1485692085125
271,1176.1485692085125
272,1176.1485692085125
273,1176.1485692085125
274,1176.1485692085125
275,1176.1485692085125
276,1176.1485692085125
277,1176.1485692085125
278,1176.1485692085125
279,1176.1485692085125
280,1176.1485692085125
281,1176.1485692085125
282,1176.1485692085125
283,1176.1485692085125
284,1176.1485692085125
285,1176.1485692085125
286,1176.1485692085125
287,1176.1485692085125
288,1176.1485692085125
289,1176.1485692085125
290,1176.1485692085125
291,1176.1485692085125
292,1176.1485692085125
293,1176.1485692085125
294,1176.1485692085125
295,1176.1485692085125
296,1176.1485692085125
297,1176.1485692085125
298,1176.1485692085125
299,1176.1485692085125
300,1176.1485692085125
301,1176.1485692085125
302,1176.1485692085125
303,1176.1485692085125
304,1176.1485692085125
305,1176.1485692085125
306,1176.1485692085125
307,1176.1485692085125
308,1176.1485692085125
309,1176.1485692085125
310,1176.1485692085125
311,1176.1485692085125
312,1176.1485692085125
313,1176.1485692085125
314,1176.1485692085125
315,1176.1485692085125
316,1176.1485692085125
317,1176.1485692085125
318,1176.1485692085125
319,1176.1485692085125
320,1176.1485692085125
321,1176.1485692085125
322,1176.1485692085125
323,1176.1485692085125
324,1176.1485692085125
325,1176.1485692085125
326,1176.1485692085125
327,1176.1485692085125
328,1176.1485692085125
329,1176.1485692085125
330,1176.1485692085125
331,1176.1485692085125
332,1176.1485692085125
333,1176.1485692085125
334,1176.1485692085125
335,1176.1485692085125
336,1176.1485692085125
337,1176.1485692085125
338,1176.1485692085125
339,1176.1485692085125
340,1176.1485692085125
341,1176.1485692085125
342,1176.1485692085125
343,1176.1485692085125
344,1176.1485692085125
345,1176.1485692085125
346,1176.1485692085125
347,1176.1485692085125
348,1176.1485692085125
349,1176.1485692085125
350,1176.1485692085125
351,1176.1485692085125
352,1176.1485692085125
353,1176.1485692085125
354,1176.1485692085125
355,1176.1485692085125
356,1176.1485692085125
357,1176.1485692085125
358,1176.1485692085125
359,1176.1485692085125
360,1176.1485692085125
361,1176.1485692085125
362,1176.1485692085125
363,1176.1485692085125
364,1176.1485692085125
365,1176.1485692085125
366,1176.1485692085125
367,1176.1485692085125
368,1176.1485692085125
369,1176.1485692085125
370,1176.1485692085125
371,1176.1485692085125
372,1176.1485692085125
373,1176.1485692085125
374,1176.1485692085125
375,1176.1485692085125
376,1176.1485692085125
377,1176.1485692085125
378,1176.1485692085125
379,1176.1485692085125
380,1176.1485692085125
381,1176.1485692085125
382,1176.1485692085125
383,1176.1485692085125
384,1176.1485692085125
385,1176.1485692085125
386,1176.1485692085125
387,1176.1485692085125
388,1176.1485692085125
389,1176.1485692085125
390,1176.1485692085125
391,1176.1485692085125
392,1176.1485692085125
393,1176.1485692085125
394,1176.1485692085125
395,1176.1485692085125
396,1176.1485692085125
397,1176.1485692085125
398,1176.1485692085125
399,1176.1485692085125
400,1176.1485692085125
401,1176.1485692085125
402,1176.1485692085125
403,1176.1485692085125
404,1176.1485692085125
405,1176.1485692085125
406,1176.1485692085125
407,1176.1485692085125
408,1176.1485692085125
409,1176.1485692085125
410,1176.1485692085125
411,1176.1485692085125
412,1176.1485692085125
413,1176.1485692085125
414,1176.1485692085125
415,1176.1485692085125
416,1176.1485692085125
417,1176.1485692085125
418,1176.1485692085125
419,1176.1485692085125
420,1176.1485692085125
421,1176.1485692085125
422,1176.1485692085125
423,1176.1485692085125
424,1176.1485692085125
425,1176.1485692085125
426,1176.1485692085125
427,1176.1485692085125
428,1176.1485692085125
429,1176.1485692085125
430,1176.1485692085125
431,1176.1485692085125
432,1176.1485692085125
433,1176.1485692085125
434,1176.1485692085125
435,1176.1485692085125
436,1176.1485692085125
437,1176.1485692085125
438,1176.1485692085125
439,1176.1485692085125
440,1176.1485692085125
441,1176.1485692085125
442,1176.1485692085125
443,1176.1485692085125
444,1176.1485692085125
445,1176.1485692085125
446,1176.1485692085125
447,1176.1485692085125
448,1176.1485692085125
449,1176.1485692085125
450,1176.1485692085125
451,1176.1485692085125
452,1176.1485692085125
453,1176.1485692085125
454,1176.1485692085125
455,1176.1485692085125
456,1176.1485692085125
457,1176.1485692085125
458,1176.1485692085125
459,1176.1485692085125
460,1176.1485692085125
461,1176.1485692085125
462,1176.1485692085125
463,1176.1485692085125
464,1176.1485692085125
465,1176.1485692085125
466,1176.1485692085125
467,1176.1485692085125
468,1176.1485692085125
469,1176.1485692085125
470,1176.1485692085125
471,1176.1485692085125
472,1176.1485692085125
473,1176.1485692085125
474,1176.1485692085125
475,1176.1485692085125
476,1176.1485692085125
477,1176.1485692085125
478,1176.1485692085125
479,1176.1485692085125
480,1176.1485692085125
481,1176.1485692085125
482,1176.1485692085125
483,1176.1485692085125
484,1176.1485692085125
485,1176.1485692085125
486,1176.1485692085125
487,1176.1485692085125
488,1176.1485692085125
489,1176.1485692085125
490,1176.1485692085125
491,1176.1485692085125
492,1176.1485692085125
493,1176.1485692085125
494,1176.1485692085125
495,1176.1485692085125
496,1176.1485692085125
497,1176.1485692085125
498,1176.1485692085125
499,1176.1485692085125
500,1176.1485692085125
501,1176.1485692085125
502,1176.1485692085125
503,1176.1485692085125
504,1176.1485692085125
505,1176.1485692085125
506,1176.1485692085125
507,1176.1485692085125
508,1176.1485692085125
509,1176.1485692085125
510,1176.1485692085125
511,1176.1485692085125
512,1176.1485692085125
513,1176.1485692085125
514,1176.1485692085125
515,1176.1485692085125
516,1176.1485692085125
517,1176.1485692085125
518,1176.1485692085125
519,1176.1485692085125
520,1176.1485692085125
521,1176.1485692085125
522,1176.1485692085125
523,1176.1485692085125
524,1176.1485692085125
525,1176.1485692085125
526,1176.1485692085125
527,1176.1485692085125
528,1176.1485692085125
529,1176.1485692085125
530,1176.1485692085125
531,1176.1485692085125
532,1176.1485692085125
533,1176.1485692085125
534,1176.1485692085125
535,1176.1485692085125
536,1176.1485692085125
537,1176.1485692085125
538,1176.1485692085125
539,1176.1485692085125
540,1176.1485692085125
541,1176.1485692085125
542,1176.1485692085125
543,1176.1485692085125
544,1176.1485692085125
545,1176.1485692085125
546,1176.1485692085125
547,1176.1485692085125
548,1176.1485692085125
549,1176.1485692085125
550,1176.1485692085125
551,1176.1485692085125
552,1176.1485692085125
553,1176.1485692085125
554,1176.1485692085125
555,1176.1485692085125
556,1176.1485692085125
557,1176.1485692085125
558,1176.1485692085125
559,1176.1485692085125
560,1176.1485692085125
561,1176.1485692085125
562,1176.1485692085125
563,1176.1485692085125
564,1176.1485692085125
565,1176.1485692085125
566,1176.1485692085125
567,1176.1485692085125
568,1176.1485692085125
569,1176.1485692085125
570,1176.1485692085125
571,1176.1485692085125
572,1176.1485692085125
573,1176.1485692085125
574,1176.1485692085125
575,1176.1485692085125
576,1176.1485692085125
577,1176.1485692085125
578,1176.1485692085125
579,1176.1485692085125
580,1176.1485692085125
581,1176.1485692085125
582,1176.1485692085125
583,1176.1485692085125
584,1176.1485692085125
585,1176.1485692085125
586,1176.1485692085125
587,1176.1485692085125
588,1176.1485692085125
589,1176.1485692085125
590,1176.1485692085125
591,1176.1485692085125
592,1176.1485692085125
593,1176.1485692085125
594,1176.1485692085125
595,1176.1485692085125
596,1176.1485692085125
597,1176.1485692085125
598,1176.1485692085125
599,1176.1485692085125
600,1176.1485692085125
601,1176.1485692085125
602,1176.1485692085125
603,1176.1485692085125
604,1176.1485692085125
605,1176.1485692085125
606,1176.1485692085125
607,1176.1485692085125
608,1176.1485692085125
609,1176.1485692085125
610,1176.1485692085125
611,1176.1485692085125
612,1176.1485692085125
613,1176.1485692085125
614,1176.1485692085125
615,1176.1485692085125
616,1176.1485692085125
617,1176.1485692085125
618,1176.1485692085125
619,1176.1485692085125
620,1176.1485692085125
621,1176.1485692085125
622,1176.1485692085125
623,1176.1485692085125
624,1176.1485692085125
625,1176.1485692085125
626,1176.1485692085125
627,1176.1485692085125
628,1176.1485692085125
629,1176.1485692085125
630,1176.1485692085125
631,1176.1485692085125
632,1176.1485692085125
633,1176.1485692085125
634,1176.1485692085125
635,1176.1485692085125
636,1176.1485692085125
637,1176.1485692085125
638,1176.1485692085125
639,1176.1485692085125
640,1176.1485692085125
641,1176.1485692085125
642,1176.1485692085125
643,1176.1485692085125
644,1176.1485692085125
645,1176.1485692085125
646,1176.1485692085125
647,1176.1485692085125
648,1176.1485692085125
649,1176.1485692085125
650,1176.1485692085125
651,1176.1485692085125
652,1176.1485692085125
653,1176.1485692085125
654,1176.1485692085125
655,1176.1485692085125
656,1176.1485692085125
657,1176.1485692085125
658,1176.1485692085125
659,1176.1485692085125
660,1176.1485692085125
661,1176.1485692085125
662,1176.1485692085125
663,1176.1485692085125
664,1176.1485692085125
665,1176.1485692085125
666,1176.1485692085125
667,1176.1485692085125
668,1176.1485692085125
669,1176.1485692085125
670,1176.1485692085125
671,1176.1485692085125
672,1176.1485692085125
673,1176.1485692085125
674,1176.1485692085125
675,1176.1485692085125
676,1176.1485692085125
677,1176.1485692085125
678,1176.1485692085125
679,1176.1485692085125
680,1176.1485692085125
681,1176.1485692085125
682,1176.1485692085125
683,1176.1485692085125
684,1176.1485692085125
685,1176.1485692085125
686,1176.1485692085125
687,1176.1485692085125
688,1176.1485692085125
689,1176.1485692085125
690,1176.1485692085125
691,1176.1485692085125
692,1176.1485692085125
693,1176.1485692085125
694,1176.1485692085125
695,1176.1485692085125
696,1176.1485692085125
697,1176.1485692085125
698,1176.1485692085125
699,1176.1485692085125
700,1176.1485692085125
701,1176.1485692085125
702,1176.1485692085125
703,1176.1485692085125
704,1176.1485692085125
705,1176.1485692085125
706,1176.1485692085125
707,1176.1485692085125
708,1176.1485692085125
709,1176.1485692085125
710,1176.1485692085125
711,1176.1485692085125
712,1176.1485692085125
713,1176.1485692085125
714,1176.1485692085125
715,1176.1485692085125
716,1176.1485692085125
717,1176.1485692085125
718,1176.1485692085125
719,1176.1485692085125
720,1176.1485692085125
721,1176.1485692085125
722,1176.1485692085125
723,1176.1485692085125
724,1176.1485692085125
725,1176.1485692085125
726,1176.1485692085125
727,1176.1485692085125
728,1176.1485692085125
729,1176.1485692085125
730,1176.1485692085125
731,1176.1485692085125
732,1176.1485692085125
733,1176.1485692085125
734,1176.1485692085125
735,1176.1485692085125
736,1176.1485692085125
737,1176.1485692085125
738,1176.1485692085125
739,1176.1485692085125
740,1176.1485692085125
741,1176.1485692085125
742,1176.1485692085125
743,1176.1485692085125
744,1176.1485692085125
745,1176.1485692085125
746,1176.1485692085125
747,1176.1485692085125
748,1176.1485692085125
749,1176.1485692085125
750,1176.1485692085125
751,1176.1485692085125
752,1176.1485692085125
753,1176.1485692085125
754,1176.1485692085125
755,1176.1485692085125
756,1176.1485692085125
757,1176.1485692085125
758,1176.1485692085125
759,1176.1485692085125
760,1176.1485692085125
761,1176.1485692085125
762,1176.1485692085125
763,1176.1485692085125
764,1176.1485692085125
765,1176.1485692085125
766,1176.1485692085125
767,1176.1485692085125
768,1176.1485692085125
769,1176.1485692085125
770,1176.1485692085125
771,1176.1485692085125
772,1176.1485692085125
773,1176.1485692085125
774,1176.1485692085125
775,1176.1485692085125
776,1176.1485692085125
777,1176.1485692085125
778,1176.1485692085125
779,1176.1485692085125
780,1176.1485692085125
781,1176.1485692085125
782,1176.1485692085125
783,1176.1485692085125
784,1176.1485692085125
785,1176.1485692085125
786,1176.1485692085125
787,1176.1485692085125
788,1176.1485692085125
789,1176.1485692085125
790,1176.1485692085125
791,1176.1485692085125
792,1176.1485692085125
793,1176.1485692085125
794,1176.1485692085125
795,1176.1485692085125
796,1176.1485692085125
797,1176.1485692085125
798,1176.1485692085125
799,1176.1485692085125
800,1176.1485692085125
801,1176.1485692085125
802,1176.1485692085125
803,1176.1485692085125
804,1176.1485692085125
805,1176.1485692085125
806,1176.1485692085125
807,1176.1485692085125
808,1176.1485692085125
809,1176.1485692085125
810,1176.1485692085125
811,1176.1485692085125
812,1176.1485692085125
813,1176.1485692085125
814,1176.1485692085125
815,1176.1485692085125
816,1176.1485692085125
817,1176.1485692085125
818,1176.1485692085125
819,1176.1485692085125
820,1176.1485692085125
821,1176.1485692085125
822,1176.1485692085125
823,1176.1485692085125
824,1176.1485692085125
825,1176.1485692085125
826,1176.1485692085125
827,1176.1485692085125
828,1176.1485692085125
829,1176.1485692085125
830,1176.1485692085125
831,1176.1485692085125
832,1176.1485692085125
833,1176.1485692085125
834,1176.1485692085125
835,1176.1485692085125
836,1176.1485692085125
837,1176.1485692085125
838,1176.1485692085125
839,1176.1485692085125
840,1176.1485692085125
841,1176.1485692085125
842,1176.1485692085125
843,1176.1485692085125
844,1176.1485692085125
845,1176.1485692085125
846,1176.1485692085125
847,1176.1485692085125
848,1176.1485692085125
849,1176.1485692085125
850,1176.1485692085125
851,1176.1485692085125
852,1176.1485692085125
853,1176.1485692085125
854,1176.1485692085125
855,1176.1485692085125
856,1176.1485692085125
857,1176.1485692085125
858,1176.1485692085125
859,1176.1485692085125
860,1176.1485692085125
861,1176.1485692085125
862,1176.1485692085125
863,1176.1485692085125
864,1176.1485692085125
865,1176.1485692085125
866,1176.1485692085125
867,1176.1485692085125
868,1176.1485692085125
869,1176.1485692085125
870,1176.1485692085125
871,1176.1485692085125
872,1176.1485692085125
873,1176.1485692085125
874,1176.1485692085125
875,1176.1485692085125
876,1176.1485692085125
877,1176.1485692085125
878,1176.1485692085125
879,1176.1485692085125
880,1176.1485692085125
881,1176.1485692085125
882,1176.1485692085125
883,1176.1485692085125
884,1176.1485692085125
885,1176.1485692085125
886,1176.1485692085125
887,1176.1485692085125
888,1176.1485692085125
889,1176.1485692085125
890,1176.1485692085125
891,1176.1485692085125
892,1176.1485692085125
893,1176.1485692085125
894,1176.1485692085125
895,1176.1485692085125
896,1176.1485692085125
897,1176.1485692085125
898,1176.1485692085125
899,1176.1485692085125
900,1176.1485692085125
901,1176.1485692085125
902,1176.1485692085125
903,1176.1485692085125
904,1176.1485692085125
905,1176.1485692085125
906,1176.1485692085125
907,1176.1485692085125
908,1176.1485692085125
909,1176.1485692085125
910,1176.1485692085125
911,1176.1485692085125
912,1176.1485692085125
913,1176.1485692085125
914,1176.1485692085125
915,1176.1485692085125
916,1176.1485692085125
917,1176.1485692085125
918,1176.1485692085125
919,1176.1485692085125
920,1176.1485692085125
921,1176.1485692085125
922,1176.1485692085125
923,1176.1485692085125
924,1176.1485692085125
925,1176.1485692085125
926,1176.1485692085125
927,1176.1485692085125
928,1176.1485692085125
929,1176.1485692085125
930,1176.1485692085125
931,1176.1485692085125
932,1176.1485692085125
933,1176.1485692085125
934,1176.1485692085125
935,1176.1485692085125
936,1176.1485692085125
937,1176.1485692085125
938,1176.1485692085125
939,1176.1485692085125
940,1176.1485692085125
941,1176.1485692085125
942,1176.1485692085125
943,1176.1485692085125
944,1176.1485692085125
945,1176.1485692085125
946,1176.1485692085125
947,1176.1485692085125
948,1176.1485692085125
949,1176.1485692085125
950,1176.1485692085125
951,1176.1485692085125
952,1176.1485692085125
953,1176.1485692085125
954,1176.1485692085125
955,1176.1485692085125
956,1176.1485692085125
957,1176.1485692085125
958,1176.1485692085125
959,1176.1485692085125
960,1176.1485692085125
961,1176.1485692085125
962,1176.1485692085125
963,1176.1485692085125
964,1176.1485692085125
965,1176.1485692085125
966,1176.1485692085125
967,1176.1485692085125
968,1176.1485692085125
969,1176.1485692085125
970,1176.1485692085125
971,1176.1485692085125
972,1176.1485692085125
973,1176.1485692085125
974,1176.1485692085125
975,1176.1485692085125
976,1176.1485692085125
977,1176.1485692085125
978,1176.1485692085125
979,1176.1485692085125
980,1176.1485692085125
981,1176.1485692085125
982,1176.1485692085125
983,1176.1485692085125
984,1176.1485692085125
985,1176.1485692085125
986,1176.1485692085125
987,1176.1485692085125
988,1176.1485692085125
989,1176.1485692085125
990,1176.1485692085125
991,1176.1485692085125
992,1176.1485692085125
993,1176.1485692085125
994,1176.1485692085125
995,1176.1485692085125
996,1176.1485692085125
997,1176.1485692085125
998,1176.1485692085125
999,1176.1485692085125
1000,1176.1485692085125
1001,1176.1485692085125
1002,1176.1485692085125
1003,1176.1485692085125
1004,1176.1485692085125
1005,1176.1485692085125
1006,1176.1485692085125
1007,1176.1485692085125
1008,1176.1485692085125
1009,1176.1485692085125
1010,1176.1485692085125
1011,1176.1485692085125
1012,1176.1485692085125
1013,1176.1485692085125
1014,1176.1485692085125
1015,1176.1485692085125
1016,1176.1485692085125
1017,1176.1485692085125
1018,1176.1485692085125
1019,1176.1485692085125
1020,1176.1485692085125
1021,1176.1485692085125
1022,1176.1485692085125
1023,1176.1485692085125
1024,1176.1485692085125
1025,1176.1485692085125
1026,1176.1485692085125
1027,1176.1485692085125
1028,1176.1485692085125
1029,1176.1485692085125
1030,1176.1485692085125
1031,1176.1485692085125
1032,1176.1485692085125
1033,1176.1485692085125
1034,1176.1485692085125
1035,1176.1485692085125
1036,1176.1485692085125
1037,1176.1485692085125
1038,1176.1485692085125
1039,1176.1485692085125
1040,1176.1485692085125
1041,1176.1485692085125
1042,1176.1485692085125
1043,1176.1485692085125
1044,1176.1485692085125
1045,1176.1485692085125
1046,1176.1485692085125
1047,1176.1485692085125
1048,1176.1485692085125
1049,1176.1485692085125
1050,1176.1485692085125
1051,1176.1485692085125
1052,1176.1485692085125
1053,1176.1485692085125
1054,1176.1485692085125
1055,1176.1485692085125
1056,1176.1485692085125
1057,1176.1485692085125
1058,1176.1485692085125
1059,1176.1485692085125
1060,1176.1485692085125
1061,1176.1485692085125
1062,1176.1485692085125
1063,1176.1485692085125
1064,1176.1485692085125
1065,1176.1485692085125
1066,1176.1485692085125
1067,1176.1485692085125
1068,1176.1485692085125
1069,1176.1485692085125
1070,1176.1485692085125
1071,1176.1485692085125
1072,1176.1485692085125
1073,1176.1485692085125
1074,1176.1485692085125
1075,1176.1485692085125
1076,1176.1485692085125
1077,1176.1485692085125
1078,1176.1485692085125
1079,1176.1485692085125
1080,1176.1485692085125
1081,1176.1485692085125
1082,1176.1485692085125
1083,1176.1485692085125
1084,1176.1485692085125
1085,1176.1485692085125
1086,1176.1485692085125
1087,1176.1485692085125
1088,1176.1485692085125
1089,1176.1485692085125
1090,1176.1485692085125
1091,1176.1485692085125
1092,1176.1485692085125
1093,1176.1485692085125
1094,1176.1485692085125
1095,1176.1485692085125
1096,1176.1485692085125
1097,1176.1485692085125
1098,1176.1485692085125
1099,1176.1485692085125
1100,1176.1485692085125
1101,1176.1485692085125
1102,1176.1485692085125
1103,1176.1485692085125
1104,1176.1485692085125
1105,1176.1485692085125
1106,1176.1485692085125
1107,1176.1485692085125
1108,1176.1485692085125
1109,1176.1485692085125
1110,1176.1485692085125
1111,1176.1485692085125
1112,1176.1485692085125
1113,1176.1485692085125
1114,1176.1485692085125
1115,1176.1485692085125
1116,1176.1485692085125
1117,1176.1485692085125
1118,1176.1485692085125
1119,1176.1485692085125
1120,1176.1485692085125
1121,1176.1485692085125
1122,1176.1485692085125
1123,1176.1485692085125
1124,1176.1485692085125
1125,1176.1485692085125
1126,1176.1485692085125
1127,1176.1485692085125
1128,1176.1485692085125
1129,1176.1485692085125
1130,1176.1485692085125
1131,1176.1485692085125
1132,1176.1485692085125
1133,1176.1485692085125
1134,1176.1485692085125
1135,1176.1485692085125
1136,1176.1485692085125
1137,1176.1485692085125
1138,1176.1485692085125
1139,1176.1485692085125
1140,1176.1485692085125
1141,1176.1485692085125
1142,1176.1485692085125
1143,1176.1485692085125
1144,1176.1485692085125
1145,1176.1485692085125
1146,1176.1485692085125
1147,1176.1485692085125
1148,1176.1485692085125
1149,1176.1485692085125
1150,1176.1485692085125
1151,1176.1485692085125
1152,1176.1485692085125
1153,1176.1485692085125
1154,1176.1485692085125
1155,1176.1485692085125
1156,1176.1485692085125
1157,1176.1485692085125
1158,1176.1485692085125
1159,1176.1485692085125
1160,1176.1485692085125
1161,1176.1485692085125
1162,1176.1485692085125
1163,1176.1485692085125
1164,1176.1485692085125
1165,1176.1485692085125
1166,1176.1485692085125
1167,1176.1485692085125
1168,1176.1485692085125
1169,1176.1485692085125
1170,1176.1485692085125
1171,1176.1485692085125
1172,1176.1485692085125
1173,1176.1485692085125
1174,1176.1485692085125
1175,1176.1485692085125
1176,1176.1485692085125
1177,1176.1485692085125
1178,1176.1485692085125
1179,1176.1485692085125
1180,1176.1485692085125
1181,1176.1485692085125
1182,1176.1485692085125
1183,1176.1485692085125
1184,1176.1485692085125
1185,1176.1485692085125
1186,1176.1485692085125
1187,1176.1485692085125
1188,1176.1485692085125
1189,1176.1485692085125
1190,1176.1485692085125
1191,1176.1485692085125
1192,1176.1485692085125
1193,1176.1485692085125
1194,1176.1485692085125
1195,1176.1485692085125
1196,1176.1485692085125
1197,1176.1485692085125
1198,1176.1485692085125
1199,1176.1485692085125
1200,1176.1485692085125
1201,1176.1485692085125
1202,1176.1485692085125
1203,1176.1485692085125
1204,1176.1485692085125
1205,1176.1485692085125
1206,1176.1485692085125
1207,1176.1485692085125
1208,1176.1485692085125
1209,1176.1485692085125
1210,1176.1485692085125
1211,1176.1485692085125
1212,1176.1485692085125
1213,1176.1485692085125
1214,1176.1485692085125
1215,1176.1485692085125
1216,1176.1485692085125
1217,1176.1485692085125
1218,1176.1485692085125
1219,1176.1485692085125
1220,1176.1485692085125
1221,1176.1485692085125
1222,1176.1485692085125
1223,1176.1485692085125
1224,1176.1485692085125
1225,1176.1485692085125
1226,1176.1485692085125
1227,1176.1485692085125
1228,1176.1485692085125
1229,1176.1485692085125
1230,1176.1485692085125
1231,1176.1485692085125
1232,1176.1485692085125
1233,1176.1485692085125
1234,1176.1485692085125
1235,1176.1485692085125
1236,1176.1485692085125
1237,1176.1485692085125
1238,1176.1485692085125
1239,1176.1485692085125
1240,1176.1485692085125
1241,1176.1485692085125
1242,1176.1485692085125
1243,1176.1485692085125
1244,1176.1485692085125
1245,1176.1485692085125
1246,1176.1485692085125
1247,1176.1485692085125
1248,1176.1485692085125
1249,1176.1485692085125
1250,1176.1485692085125
1251,1176.1485692085125
1252,1176.1485692085125
1253,1176.1485692085125
1254,1176.1485692085125
1255,1176.1485692085125
1256,1176.1485692085125
1257,1176.1485692085125
1258,1176.1485692085125
1259,1176.1485692085125
1260,1176.1485692085125
1261,1176.1485692085125
1262,1176.1485692085125
1263,1176.1485692085125
1264,1176.1485692085125
1265,1176.1485692085125
1266,1176.1485692085125
1267,1176.1485692085125
1268,1176.1485692085125
1269,1176.1485692085125
1270,1176.1485692085125
1271,1176.1485692085125
1272,1176.1485692085125
1273,1176.1485692085125
1274,1176.1485692085125
1275,1176.1485692085125
1276,1176.1485692085125
1277,1176.1485692085125
1278,1176.1485692085125
1279,1176.1485692085125
1280,1176.1485692085125
1281,1176.1485692085125
1282,1176.1485692085125
1283,1176.1485692085125
1284,1176.1485692085125
1285,1176.1485692085125
1286,1176.1485692085125
1287,1176.1485692085125
1288,1176.1485692085125
1289,1176.1485692085125
1290,1176.1485692085125
1291,1176.1485692085125
1292,1176.1485692085125
1293,1176.1485692085125
1294,1176.1485692085125
1295,1176.1485692085125
1296,1176.1485692085125
1297,1176.1485692085125
1298,1176.1485692085125
1299,1176.1485692085125
1300,1176.1485692085125
1301,1176.1485692085125
1302,1176.1485692085125
1303,1176.1485692085125
1304,1176.1485692085125
1305,1176.1485692085125
1306,1176.1485692085125
1307,1176.1485692085125
1308,1176.1485692085125
1309,1176.1485692085125
1310,1176.1485692085125
1311,1176.1485692085125
1312,1176.1485692085125
1313,1176.1485692085125
1314,1176.1485692085125
1315,1176.1485692085125
1316,1176.1485692085125
1317,1176.1485692085125
1318,1176.1485692085125
1319,1176.1485692085125
1320,1176.1485692085125
1321,1176.1485692085125
1322,1176.1485692085125
1323,1176.1485692085125
1324,1176.1485692085125
1325,1176.1485692085125
1326,1176.1485692085125
1327,1176.1485692085125
1328,1176.1485692085125
1329,1176.1485692085125
1330,1176.1485692085125
1331,1176.1485692085125
1332,1176.1485692085125
1333,1176.1485692085125
1334,1176.1485692085125
1335,1176.1485692085125
1336,1176.1485692085125
1337,1176.1485692085125
1338,1176.1485692085125
1339,1176.1485692085125
1340,1176.1485692085125
1341,1176.1485692085125
1342,1176.1485692085125
1343,1176.1485692085125
1344,1176.1485692085125
1345,1176.1485692085125
1346,1176.1485692085125
1347,1176.1485692085125
1348,1176.1485692085125
1349,1176.1485692085125
1350,1176.1485692085125
1351,1176.1485692085125
1352,1176.1485692085125
1353,1176.1485692085125
1354,1176.1485692085125
1355,1176.1485692085125
1356,1176.1485692085125
1357,1176.1485692085125
1358,1176.1485692085125
1359,1176.1485692085125
1360,1176.1485692085125
1361,1176.1485692085125
1362,1176.1485692085125
1363,1176.1485692085125
1364,1176.1485692085125
1365,1176.1485692085125
1366,1176.1485692085125
1367,1176.1485692085125
1368,1176.1485692085125
1369,1176.1485692085125
1370,1176.1485692085125
1371,1176.1485692085125
1372,1176.1485692085125
1373,1176.1485692085125
1374,1176.1485692085125
1375,1176.1485692085125
1376,1176.1485692085125
1377,1176.1485692085125
1378,1176.1485692085125
1379,1176.1485692085125
1380,1176.1485692085125
1381,1176.1485692085125
1382,1176.1485692085125
1383,1176.1485692085125
1384,1176.1485692085125
1385,1176.1485692085125
1386,1176.1485692085125
1387,1176.1485692085125
1388,1176.1485692085125
1389,1176.1485692085125
1390,1176.1485692085125
1391,1176.1485692085125
1392,1176.1485692085125
1393,1176.1485692085125
1394,1176.1485692085125
1395,1176.1485692085125
1396,1176.1485692085125
1397,1176.1485692085125
1398,1176.1485692085125
1399,1176.1485692085125
1400,1176.1485692085125
1401,1176.1485692085125
1402,1176.1485692085125
1403,1176.1485692085125
1404,1176.1485692085125
1405,1176.1485692085125
1406,1176.1485692085125
1407,1176.1485692085125
1408,1176.1485692085125
1409,1176.1485692085125
1410,1176.1485692085125
1411,1176.1485692085125
1412,1176.1485692085125
1413,1176.1485692085125
1414,1176.1485692085125
1415,1176.1485692085125
1416,1176.1485692085125
1417,1176.1485692085125
1418,1176.1485692085125
1419,1176.1485692085125
1420,1176.1485692085125
1421,1176.1485692085125
1422,1176.1485692085125
1423,1176.1485692085125
1424,1176.1485692085125
1425,1176.1485692085125
1426,1176.1485692085125
1427,1176.1485692085125
1428,1176.1485692085125
1429,1176.1485692085125
1430,1176.1485692085125
1431,1176.1485692085125
1432,1176.1485692085125
1433,1176.1485692085125
1434,1176.1485692085125
1435,1176.1485692085125
1436,1176.1485692085125
1437,1176.1485692085125
1438,1176.1485692085125
1439,1176.1485692085125
1440,1176.1485692085125
1441,1176.1485692085125
1442,1176.1485692085125
1443,1176.1485692085125
1444,1176.1485692085125
1445,1176.1485692085125
1446,1176.1485692085125
1447,1176.1485692085125
1448,1176.1485692085125
1449,1176.1485692085125
1450,1176.1485692085125
1451,1176.1485692085125
1452,1176.1485692085125
1453,1176.1485692085125
1454,1176.1485692085125
1455,1176.1485692085125
1456,1176.1485692085125
1457,1176.1485692085125
1458,1176.1485692085125
1459,1176.1485692085125
1460,1176.1485692085125
1461,1176.1485692085125
1462,1176.1485692085125
1463,1176.1485692085125
1464,1176.1485692085125
1465,1176.1485692085125
1466,1176.1485692085125
1467,1176.1485692085125
1468,1176.1485692085125
1469,1176.1485692085125
1470,1176.1485692085125
1471,1176.1485692085125
1472,1176.1485692085125
1473,1176.1485692085125
1474,1176.1485692085125
1475,1176.1485692085125
1476,1176.1485692085125
1477,1176.1485692085125
1478,1176.1485692085125
1479,1176.1485692085125
1480,1176.1485692085125
1481,1176.1485692085125
1482,1176.1485692085125
1483,1176.1485692085125
1484,1176.1485692085125
1485,1176.1485692085125
1486,1176.1485692085125
1487,1176.1485692085125
1488,1176.1485692085125
1489,1176.1485692085125
1490,1176.1485692085125
1491,1176.1485692085125
1492,1176.1485692085125
1493,1176.1485692085125
1494,1176.1485692085125
1495,1176.1485692085125
1496,1176.1485692085125
1497,1176.1485692085125
1498,1176.1485692085125
1499,1176.1485692085125
1500,1176.1485692085125
1501,1176.1485692085125
1502,1176.1485692085125
1503,1176.1485692085125
1504,1176.1485692085125
1505,1176.1485692085125
1506,1176.1485692085125
1507,1176.1485692085125
1508,1176.1485692085125
1509,1176.1485692085125
1510,1176.1485692085125
1511,1176.1485692085125
1512,1176.1485692085125
1513,1176.1485692085125
1514,1176.1485692085125
1515,1176.1485692085125
1516,1176.1485692085125
1517,1176.1485692085125
1518,1176.1485692085125
1519,1176.1485692085125
1520,1176.1485692085125
1521,1176.1485692085125
1522,1176.1485692085125
1523,1176.1485692085125
1524,1176.1485692085125
1525,1176.1485692085125
1526,1176.1485692085125
1527,1176.1485692085125
1528,1176.1485692085125
1529,1176.1485692085125
1530,1176.1485692085125
1531,1176.1485692085125
1532,1176.1485692085125
1533,1176.1485692085125
1534,1176.1485692085125
1535,1176.1485692085125
1536,1176.1485692085125
1537,1176.1485692085125
1538,1176.1485692085125
1539,1176.1485692085125
1540,1176.1485692085125
1541,1176.1485692085125
1542,1176.1485692085125
1543,1176.1485692085125
1544,1176.1485692085125
1545,1176.1485692085125
1546,1176.1485692085125
1547,1176.1485692085125
1548,1176.1485692085125
1549,1176.1485692085125
1550,1176.1485692085125
1551,1176.1485692085125
1552,1176.1485692085125
1553,1176.1485692085125
1554,1176.1485692085125
1555,1176.1485692085125
1556,1176.1485692085125
1557,1176.1485692085125
1558,1176.1485692085125
1559,1176.1485692085125
1560,1176.1485692085125
1561,1176.1485692085125
1562,1176.1485692085125
1563,1176.1485692085125
1564,1176.1485692085125
1565,1176.1485692085125
1566,1176.1485692085125
1567,1176.1485692085125
1568,1176.1485692085125
1569,1176.1485692085125
1570,1176.1485692085125
1571,1176.1485692085125
1572,1176.1485692085125
1573,1176.1485692085125
1574,1176.1485692085125
1575,1176.1485692085125
1576,1176.1485692085125
1577,1176.1485692085125
1578,1176.1485692085125
1579,1176.1485692085125
1580,1176.1485692085125
1581,1176.1485692085125
1582,1176.1485692085125
1583,1176.1485692085125
1584,1176.1485692085125
1585,1176.1485692085125
1586,1176.1485692085125
1587,1176.1485692085125
1588,1176.1485692085125
1589,1176.1485692085125
1590,1176.1485692085125
1591,1176.1485692085125
1592,1176.1485692085125
1593,1176.1485692085125
1594,1176.1485692085125
1595,1176.1485692085125
1596,1176.1485692085125
1597,1176.1485692085125
1598,1176.1485692085125
1599,1176.1485692085125
1600,1176.1485692085125
1601,1176.1485692085125
1602,1176.1485692085125
1603,1176.1485692085125
1604,1176.1485692085125
1605,1176.1485692085125
1606,1176.1485692085125
1607,1176.1485692085125
1608,1176.1485692085125
1609,1176.1485692085125
1610,1176.1485692085125
1611,1176.1485692085125
1612,1176.1485692085125
1613,1176.1485692085125
1614,1176.1485692085125
1615,1176.1485692085125
1616,1176.1485692085125
1617,1176.1485692085125
1618,1176.1485692085125
1619,1176.1485692085125
1620,1176.1485692085125
1621,1176.1485692085125
1622,1176.1485692085125
1623,1176.1485692085125
1624,1176.1485692085125
1625,1176.1485692085125
1626,1176.1485692085125
1627,1176.1485692085125
1628,1176.1485692085125
1629,1176.1485692085125
1630,1176.1485692085125
1631,1176.1485692085125
1632,1176.1485692085125
1633,1176.1485692085125
1634,1176.1485692085125
1635,1176.1485692085125
1636,1176.1485692085125
1637,1176.1485692085125
1638,1176.1485692085125
1639,1176.1485692085125
1640,1176.1485692085125
1641,1176.1485692085125
1642,1176.1485692085125
1643,1176.1485692085125
1644,1176.1485692085125
1645,1176.1485692085125
1646,1176.1485692085125
1647,1176.1485692085125
1648,1176.1485692085125
1649,1176.1485692085125
1650,1176.1485692085125
1651,1176.1485692085125
1652,1176.1485692085125
1653,1176.1485692085125
1654,1176.1485692085125
1655,1176.1485692085125
1656,1176.1485692085125
1657,1176.1485692085125
1658,1176.1485692085125
1659,1176.1485692085125
1660,1176.1485692085125
1661,1176.1485692085125
1662,1176.1485692085125
1663,1176.1485692085125
1664,1176.1485692085125
1665,1176.1485692085125
1666,1176.1485692085125
1667,1176.1485692085125
1668,1176.1485692085125
1669,1176.1485692085125
1670,1176.1485692085125
1671,1176.1485692085125
1672,1176.1485692085125
1673,1176.1485692085125
1674,1176.1485692085125
1675,1176.1485692085125
1676,1176.1485692085125
1677,1176.1485692085125
1678,1176.1485692085125
1679,1176.1485692085125
1680,1176.1485692085125
1681,1176.1485692085125
1682,1176.1485692085125
1683,1176.1485692085125
1684,1176.1485692085125
1685,1176.1485692085125
1686,1176.1485692085125
1687,1176.1485692085125
1688,1176.1485692085125
1689,1176.1485692085125
1690,1176.1485692085125
1691,1176.1485692085125
1692,1176.1485692085125
1693,1176.1485692085125
1694,1176.1485692085125
1695,1176.1485692085125
1696,1176.1485692085125
1697,1176.1485692085125
1698,1176.1485692085125
1699,1176.1485692085125
1700,1176.1485692085125
1701,1176.1485692085125
1702,1176.1485692085125
1703,1176.1485692085125
1704,1176.1485692085125
1705,1176.1485692085125
1706,1176.1485692085125
1707,1176.1485692085125
1708,1176.1485692085125
1709,1176.1485692085125
1710,1176.1485692085125
1711,1176.1485692085125
1712,1176.1485692085125
1713,1176.1485692085125
1714,1176.1485692085125
1715,1176.1485692085125
1716,1176.1485692085125
1717,1176.1485692085125
1718,1176.1485692085125
1719,1176.1485692085125
1720,1176.1485692085125
1721,1176.1485692085125
1722,1176.1485692085125
1723,1176.1485692085125
1724,1176.1485692085125
1725,1176.1485692085125
1726,1176.1485692085125
1727,1176.1485692085125
1728,1176.1485692085125
1729,1176.1485692085125
1730,1176.1485692085125
1731,1176.1485692085125
1732,1176.1485692085125
1733,1176.1485692085125
1734,1176.1485692085125
1735,1176.1485692085125
1736,1176.1485692085125
1737,1176.1485692085125
1738,1176.1485692085125
1739,1176.1485692085125
1740,1176.1485692085125
1741,1176.1485692085125
1742,1176.1485692085125
1743,1176.1485692085125
1744,1176.1485692085125
1745,1176.1485692085125
1746,1176.1485692085125
1747,1176.1485692085125
1748,1176.1485692085125
1749,1176.1485692085125
1750,1176.1485692085125
1751,1176.1485692085125
1752,1176.1485692085125
1753,1176.1485692085125
1754,1176.1485692085125
1755,1176.1485692085125
1756,1176.1485692085125
1757,1176.1485692085125
1758,1176.1485692085125
1759,1176.1485692085125
1760,1176.1485692085125
1761,1176.1485692085125
1762,1176.1485692085125
1763,1176.1485692085125
1764,1176.1485692085125
1765,1176.1485692085125
1766,1176.1485692085125
1767,1176.1485692085125
1768,1176.1485692085125
1769,1176.1485692085125
1770,1176.1485692085125
1771,1176.1485692085125
1772,1176.1485692085125
1773,1176.1485692085125
1774,1176.1485692085125
1775,1176.1485692085125
1776,1176.1485692085125
1777,1176.1485692085125
1778,1176.1485692085125
1779,1176.1485692085125
1780,1176.1485692085125
1781,1176.1485692085125
1782,1176.1485692085125
1783,1176.1485692085125
1784,1176.1485692085125
1785,1176.1485692085125
1786,1176.1485692085125
1787,1176.1485692085125
1788,1176.1485692085125
1789,1176.1485692085125
1790,1176.1485692085125
1791,1176.1485692085125
1792,1176.1485692085125
1793,1176.1485692085125
1794,1176.1485692085125
1795,1176.1485692085125
1796,1176.1485692085125
1797,1176.1485692085125
1798,1176.1485692085125
1799,1176.1485692085125
1800,1176.1485692085125
1801,1176.1485692085125
1802,1176.1485692085125
1803,1176.1485692085125
1804,1176.1485692085125
1805,1176.1485692085125
1806,1176.1485692085125
1807,1176.1485692085125
1808,1176.1485692085125
1809,1176.1485692085125
1810,1176.1485692085125
1811,1176.1485692085125
1812,1176.1485692085125
1813,1176.1485692085125
1814,1176.1485692085125
1815,1176.1485692085125
1816,1176.1485692085125
1817,1176.1485692085125
1818,1176.1485692085125
1819,1176.1485692085125
1820,1176.1485692085125
1821,1176.1485692085125
1822,1176.1485692085125
1823,1176.1485692085125
1824,1176.1485692085125
1825,1176.1485692085125
1826,1176.1485692085125
1827,1176.1485692085125
1828,1176.1485692085125
1829,1176.1485692085125
1830,1176.1485692085125
1831,1176.1485692085125
1832,1176.1485692085125
1833,1176.1485692085125
1834,1176.1485692085125
1835,1176.1485692085125
1836,1176.1485692085125
1837,1176.1485692085125
1838,1176.1485692085125
1839,1176.1485692085125
1840,1176.1485692085125
1841,1176.1485692085125
1842,1176.1485692085125
1843,1176.1485692085125
1844,1176.1485692085125
1845,1176.1485692085125
1846,1176.1485692085125
1847,1176.1485692085125
1848,1176.1485692085125
1849,1176.1485692085125
1850,1176.1485692085125
1851,1176.1485692085125
1852,1176.1485692085125
1853,1176.1485692085125
1854,1176.1485692085125
1855,1176.1485692085125
1856,1176.1485692085125
1857,1176.1485692085125
1858,1176.1485692085125
1859,1176.1485692085125
1860,1176.1485692085125
1861,1176.1485692085125
1862,1176.1485692085125
1863,1176.1485692085125
1864,1176.1485692085125
1865,1176.1485692085125
1866,1176.1485692085125
1867,1176.1485692085125
1868,1176.1485692085125
1869,1176.1485692085125
1870,1176.1485692085125
1871,1176.1485692085125
1872,1176.1485692085125
1873,1176.1485692085125
1874,1176.1485692085125
1875,1176.1485692085125
1876,1176.1485692085125
1877,1176.1485692085125
1878,1176.1485692085125
1879,1176.1485692085125
1880,1176.1485692085125
1881,1176.1485692085125
1882,1176.1485692085125
1883,1176.1485692085125
1884,1176.1485692085125
1885,1176.1485692085125
1886,1176.1485692085125
1887,1176.1485692085125
1888,1176.1485692085125
1889,1176.1485692085125
1890,1176.1485692085125
1891,1176.1485692085125
1892,1176.1485692085125
1893,1176.1485692085125
1894,1176.1485692085125
1895,1176.1485692085125
1896,1176.1485692085125
1897,1176.1485692085125
1898,1176.1485692085125
1899,1176.1485692085125
1900,1176.1485692085125
1901,1176.1485692085125
1902,1176.1485692085125
1903,1176.1485692085125
1904,1176.1485692085125
1905,1176.1485692085125
1906,1176.1485692085125
1907,1176.1485692085125
1908,1176.1485692085125
1909,1176.1485692085125
1910,1176.1485692085125
1911,1176.1485692085125
1912,1176.1485692085125
1913,1176.1485692085125
1914,1176.1485692085125
1915,1176.1485692085125
1916,1176.1485692085125
1917,1176.1485692085125
1918,1176.1485692085125
1919,1176.1485692085125
1920,1176.1485692085125
1921,1176.1485692085125
1922,1176.1485692085125
1923,1176.1485692085125
1924,1176.1485692085125
1925,1176.1485692085125
1926,1176.1485692085125
1927,1176.1485692085125
1928,1176.1485692085125
1929,1176.1485692085125
1930,1176.1485692085125
1931,1176.1485692085125
1932,1176.1485692085125
1933,1176.1485692085125
1934,1176.1485692085125
1935,1176.1485692085125
1936,1176.1485692085125
1937,1176.1485692085125
1938,1176.1485692085125
1939,1176.1485692085125
1940,1176.1485692085125
1941,1176.1485692085125
1942,1176.1485692085125
1943,1176.1485692085125
1944,1176.1485692085125
1945,1176.1485692085125
1946,1176.1485692085125
1947,1176.1485692085125
1948,1176.1485692085125
1949,1176.1485692085125
1950,1176.1485692085125
1951,1176.1485692085125
1952,1176.1485692085125
1953,1176.1485692085125
1954,1176.1485692085125
1955,1176.1485692085125
1956,1176.1485692085125
1957,1176.1485692085125
1958,1176.1485692085125
1959,1176.1485692085125
1960,1176.1485692085125
1961,1176.1485692085125
1962,1176.1485692085125
1963,1176.1485692085125
1964,1176.1485692085125
1965,1176.1485692085125
1966,1176.1485692085125
1967,1176.1485692085125
1968,1176.1485692085125
1969,1176.1485692085125
1970,1176.1485692085125
1971,1176.1485692085125
1972,1176.1485692085125
1973,1176.1485692085125
1974,1176.1485692085125
1975,1176.1485692085125
1976,1176.1485692085125
1977,1176.1485692085125
1978,1176.1485692085125
1979,1176.1485692085125
1980,1176.1485692085125
1981,1176.1485692085125
1982,1176.1485692085125
1983,1176.1485692085125
1984,1176.1485692085125
1985,1176.1485692085125
1986,1176.1485692085125
1987,1176.1485692085125
1988,1176.1485692085125
1989,1176.1485692085125
1990,1176.1485692085125
1991,1176.1485692085125
1992,1176.1485692085125
1993,1176.1485692085125
1994,1176.1485692085125
1995,1176.1485692085125
1996,1176.1485692085125
1997,1176.1485692085125
1998,1176.1485692085125
1999,1176.1485692085125
2000,1176.1485692085125
2001,1176.1485692085125
2002,1176.1485692085125
2003,1176.1485692085125
2004,1176.1485692085125
2005,1176.1485692085125
2006,1176.1485692085125
2007,1176.1485692085125
2008,1176.1485692085125
2009,1176.1485692085125
2010,1176.1485692085125
2011,1176.1485692085125
2012,1176.1485692085125
2013,1176.1485692085125
2014,1176.1485692085125
2015,1176.1485692085125
2016,1176.1485692085125
2017,1176.1485692085125
2018,1176.1485692085125
2019,1176.1485692085125
2020,1176.1485692085125
2021,1176.1485692085125
2022,1176.1485692085125
2023,1176.1485692085125
2024,1176.1485692085125
2025,1176.1485692085125
2026,1176.1485692085125
2027,1176.1485692085125
2028,1176.1485692085125
2029,1176.1485692085125
2030,1176.1485692085125
2031,1176.1485692085125
2032,1176.1485692085125
2033,1176.1485692085125
2034,1176.1485692085125
2035,1176.1485692085125
2036,1176.1485692085125
2037,1176.1485692085125
2038,1176.1485692085125
2039,1176.1485692085125
2040,1176.1485692085125
2041,1176.1485692085125
2042,1176.1485692085125
2043,1176.1485692085125
2044,1176.1485692085125
2045,1176.1485692085125
2046,1176.1485692085125
2047,1176.1485692085125
2048,1176.1485692085125
2049,1176.1485692085125
2050,1176.1485692085125
2051,1176.1485692085125
2052,1176.1485692085125
2053,1176.1485692085125
2054,1176.1485692085125
2055,1176.1485692085125
2056,1176.1485692085125
2057,1176.1485692085125
2058,1176.1485692085125
2059,1176.1485692085125
2060,1176.1485692085125
2061,1176.1485692085125
2062,1176.1485692085125
2063,1176.1485692085125
2064,1176.1485692085125
2065,1176.1485692085125
2066,1176.1485692085125
2067,1176.1485692085125
2068,1176.1485692085125
2069,1176.1485692085125
2070,1176.1485692085125
2071,1176.1485692085125
2072,1176.1485692085125
2073,1176.1485692085125
2074,1176.1485692085125
2075,1176.1485692085125
2076,1176.1485692085125
2077,1176.1485692085125
2078,1176.1485692085125
2079,1176.1485692085125
2080,1176.1485692085125
2081,1176.1485692085125
2082,1176.1485692085125
2083,1176.1485692085125
2084,1176.1485692085125
2085,1176.1485692085125
2086,1176.1485692085125
2087,1176.1485692085125
2088,1176.1485692085125
2089,1176.1485692085125
2090,1176.1485692085125
2091,1176.1485692085125
2092,1176.1485692085125
2093,1176.1485692085125
2094,1176.1485692085125
2095,1176.1485692085125
2096,1176.1485692085125
2097,1176.1485692085125
2098,1176.1485692085125
2099,1176.1485692085125
2100,1176.1485692085125
2101,1176.1485692085125
2102,1176.1485692085125
2103,1176.1485692085125
2104,1176.1485692085125
2105,1176.1485692085125
2106,1176.1485692085125
2107,1176.1485692085125
2108,1176.1485692085125
2109,1176.1485692085125
2110,1176.1485692085125
2111,1176.1485692085125
2112,1176.1485692085125
2113,1176.1485692085125
2114,1176.1485692085125
2115,1176.1485692085125
2116,1176.1485692085125
2117,1176.1485692085125
2118,1176.1485692085125
2119,1176.1485692085125
2120,1176.1485692085125
2121,1176.1485692085125
2122,1176.1485692085125
2123,1176.1485692085125
2124,1176.1485692085125
2125,1176.1485692085125
2126,1176.1485692085125
2127,1176.1485692085125
2128,1176.1485692085125
2129,1176.1485692085125
2130,1176.1485692085125
2131,1176.1485692085125
2132,1176.1485692085125
2133,1176.1485692085125
2134,1176.1485692085125
2135,1176.1485692085125
2136,1176.1485692085125
2137,1176.1485692085125
2138,1176.1485692085125
2139,1176.1485692085125
2140,1176.1485692085125
2141,1176.1485692085125
2142,1176.1485692085125
2143,1176.1485692085125
2144,1176.1485692085125
2145,1176.1485692085125
2146,1176.1485692085125
2147,1176.1485692085125
2148,1176.1485692085125
2149,1176.1485692085125
2150,1176.1485692085125
2151,1176.1485692085125
2152,1176.1485692085125
2153,1176.1485692085125
2154,1176.1485692085125
2155,1176.1485692085125
2156,1176.1485692085125
2157,1176.1485692085125
2158,1176.1485692085125
2159,1176.1485692085125
2160,1176.1485692085125
2161,1176.1485692085125
2162,1176.1485692085125
2163,1176.1485692085125
2164,1176.1485692085125
2165,1176.1485692085125
2166,1176.1485692085125
2167,1176.1485692085125
2168,1176.1485692085125
2169,1176.1485692085125
2170,1176.1485692085125
2171,1176.1485692085125
2172,1176.1485692085125
2173,1176.1485692085125
2174,1176.1485692085125
2175,1176.1485692085125
2176,1176.1485692085125
2177,1176.1485692085125
2178,1176.1485692085125
2179,1176.1485692085125
2180,1176.1485692085125
2181,1176.1485692085125
2182,1176.1485692085125
2183,1176.1485692085125
2184,1176.1485692085125
2185,1176.1485692085125
2186,1176.1485692085125
2187,1176.1485692085125
2188,1176.1485692085125
2189,1176.1485692085125
2190,1176.1485692085125
2191,1176.1485692085125
2192,1176.1485692085125
2193,1176.1485692085125
2194,1176.1485692085125
2195,1176.1485692085125
2196,1176.1485692085125
2197,1176.1485692085125
2198,1176.1485692085125
2199,1176.1485692085125
2200,1176.1485692085125
2201,1176.1485692085125
2202,1176.1485692085125
2203,1176.1485692085125
2204,1176.1485692085125
2205,1176.1485692085125
2206,1176.1485692085125
2207,1176.1485692085125
2208,1176.1485692085125
2209,1176.1485692085125
2210,1176.1485692085125
2211,1176.1485692085125
2212,1176.1485692085125
2213,1176.1485692085125
2214,1176.1485692085125
2215,1176.1485692085125
2216,1176.1485692085125
2217,1176.1485692085125
2218,1176.1485692085125
2219,1176.1485692085125
2220,1176.1485692085125
2221,1176.1485692085125
2222,1176.1485692085125
2223,1176.1485692085125
2224,1176.1485692085125
2225,1176.1485692085125
2226,1176.1485692085125
2227,1176.1485692085125
2228,1176.1485692085125
2229,1176.1485692085125
2230,1176.1485692085125
2231,1176.1485692085125
2232,1176.1485692085125
2233,1176.1485692085125
2234,1176.1485692085125
2235,1176.1485692085125
2236,1176.1485692085125
2237,1176.1485692085125
2238,1176.1485692085125
2239,1176.1485692085125
2240,1176.1485692085125
2241,1176.1485692085125
2242,1176.1485692085125
2243,1176.1485692085125
2244,1176.1485692085125
2245,1176.1485692085125
2246,1176.1485692085125
2247,1176.1485692085125
2248,1176.1485692085125
2249,1176.1485692085125
2250,1176.1485692085125
2251,1176.1485692085125
2252,1176.1485692085125
2253,1176.1485692085125
2254,1176.1485692085125
2255,1176.1485692085125
2256,1176.1485692085125
2257,1176.1485692085125
2258,1176.1485692085125
2259,1176.1485692085125
2260,1176.1485692085125
2261,1176.1485692085125
2262,1176.1485692085125
2263,1176.1485692085125
2264,1176.1485692085125
2265,1176.1485692085125
2266,1176.1485692085125
2267,1176.1485692085125
2268,1176.1485692085125
2269,1176.1485692085125
2270,1176.1485692085125
2271,1176.1485692085125
2272,1176.1485692085125
2273,1176.1485692085125
2274,1176.1485692085125
2275,1176.1485692085125
2276,1176.1485692085125
2277,1176.1485692085125
2278,1176.1485692085125
2279,1176.1485692085125
2280,1176.1485692085125
2281,1176.1485692085125
2282,1176.1485692085125
2283,1176.1485692085125
2284,1176.1485692085125
2285,1176.1485692085125
2286,1176.1485692085125
2287,1176.1485692085125
2288,1176.1485692085125
2289,1176.1485692085125
2290,1176.1485692085125
2291,1176.1485692085125
2292,1176.1485692085125
2293,1176.1485692085125
2294,1176.1485692085125
2295,1176.1485692085125
2296,1176.1485692085125
2297,1176.1485692085125
2298,1176.1485692085125
2299,1176.1485692085125
2300,1176.1485692085125
2301,1176.1485692085125
2302,1176.1485692085125
2303,1176.1485692085125
2304,1176.1485692085125
2305,1176.1485692085125
2306,1176.1485692085125
2307,1176.1485692085125
2308,1176.1485692085125
2309,1176.1485692085125
2310,1176.1485692085125
2311,1176.1485692085125
2312,1176.1485692085125
2313,1176.1485692085125
2314,1176.1485692085125
2315,1176.1485692085125
2316,1176.1485692085125
2317,1176.1485692085125
2318,1176.1485692085125
2319,1176.1485692085125
2320,1176.1485692085125
2321,1176.1485692085125
2322,1176.1485692085125
2323,1176.1485692085125
2324,1176.1485692085125
2325,1176.1485692085125
2326,1176.1485692085125
2327,1176.1485692085125
2328,1176.1485692085125
2329,1176.1485692085125
2330,1176.1485692085125
2331,1176.1485692085125
2332,1176.1485692085125
2333,1176.1485692085125
2334,1176.1485692085125
2335,1176.1485692085125
2336,1176.1485692085125
2337,1176.1485692085125
2338,1176.1485692085125
2339,1176.1485692085125
2340,1176.1485692085125
2341,1176.1485692085125
2342,1176.1485692085125
2343,1176.1485692085125
2344,1176.1485692085125
2345,1176.1485692085125
2346,1176.1485692085125
2347,1176.1485692085125
2348,1176.1485692085125
2349,1176.1485692085125
2350,1176.1485692085125
2351,1176.1485692085125
2352,1176.1485692085125
2353,1176.1485692085125
2354,1176.1485692085125
2355,1176.1485692085125
2356,1176.1485692085125
2357,1176.1485692085125
2358,1176.1485692085125
2359,1176.1485692085125
2360,1176.1485692085125
2361,1176.1485692085125
2362,1176.1485692085125
2363,1176.1485692085125
2364,1176.1485692085125
2365,1176.1485692085125
2366,1176.1485692085125
2367,1176.1485692085125
2368,1176.1485692085125
2369,1176.1485692085125
2370,1176.1485692085125
2371,1176.1485692085125
2372,1176.1485692085125
2373,1176.1485692085125
2374,1176.1485692085125
2375,1176.1485692085125
2376,1176.1485692085125
2377,1176.1485692085125
2378,1176.1485692085125
2379,1176.1485692085125
2380,1176.1485692085125
2381,1176.1485692085125
2382,1176.1485692085125
2383,1176.1485692085125
2384,1176.1485692085125
2385,1176.1485692085125
2386,1176.1485692085125
2387,1176.1485692085125
2388,1176.1485692085125
2389,1176.1485692085125
2390,1176.1485692085125
2391,1176.1485692085125
2392,1176.1485692085125
2393,1176.1485692085125
2394,1176.1485692085125
2395,1176.1485692085125
2396,1176.1485692085125
2397,1176.1485692085125
2398,1176.1485692085125
2399,1176.1485692085125
2400,1176.1485692085125
2401,1176.1485692085125
2402,1176.1485692085125
2403,1176.1485692085125
2404,1176.1485692085125
2405,1176.1485692085125
2406,1176.1485692085125
2407,1176.1485692085125
2408,1176.1485692085125
2409,1176.1485692085125
2410,1176.1485692085125
2411,1176.1485692085125
2412,1176.1485692085125
2413,1176.1485692085125
2414,1176.1485692085125
2415,1176.1485692085125
2416,1176.1485692085125
2417,1176.1485692085125
2418,1176.1485692085125
2419,1176.1485692085125
2420,1176.1485692085125
2421,1176.1485692085125
2422,1176.1485692085125
2423,1176.1485692085125
2424,1176.1485692085125
2425,1176.1485692085125
2426,1176.1485692085125
2427,1176.1485692085125
2428,1176.1485692085125
2429,1176.1485692085125
2430,1176.1485692085125
2431,1176.1485692085125
2432,1176.1485692085125
2433,1176.1485692085125
2434,1176.1485692085125
2435,1176.1485692085125
2436,1176.1485692085125
2437,1176.1485692085125
2438,1176.1485692085125
2439,1176.1485692085125
2440,1176.1485692085125
2441,1176.1485692085125
2442,1176.1485692085125
2443,1176.1485692085125
2444,1176.1485692085125
2445,1176.1485692085125
2446,1176.1485692085125
2447,1176.1485692085125
2448,1176.1485692085125
2449,1176.1485692085125
2450,1176.1485692085125
2451,1176.1485692085125
2452,1176.1485692085125
2453,1176.1485692085125
2454,1176.1485692085125
2455,1176.1485692085125
2456,1176.1485692085125
2457,1176.1485692085125
2458,1176.1485692085125
2459,1176.1485692085125
2460,1176.1485692085125
2461,1176.1485692085125
2462,1176.1485692085125
2463,1176.1485692085125
2464,1176.1485692085125
2465,1176.1485692085125
2466,1176.1485692085125
2467,1176.1485692085125
2468,1176.1485692085125
2469,1176.1485692085125
2470,1176.1485692085125
2471,1176.1485692085125
2472,1176.1485692085125
2473,1176.1485692085125
2474,1176.1485692085125
2475,1176.1485692085125
2476,1176.1485692085125
2477,1176.1485692085125
2478,1176.1485692085125
2479,1176.1485692085125
2480,1176.1485692085125
2481,1176.1485692085125
2482,1176.1485692085125
2483,1176.1485692085125
2484,1176.1485692085125
2485,1176.1485692085125
2486,1176.1485692085125
2487,1176.1485692085125
2488,1176.1485692085125
2489,1176.1485692085125
2490,1176.1485692085125
2491,1176.1485692085125
2492,1176.1485692085125
2493,1176.1485692085125
2494,1176.1485692085125
2495,1176.1485692085125
2496,1176.1485692085125
2497,1176.1485692085125
2498,1176.1485692085125
2499,1176.1485692085125
2500,1176.1485692085125
2501,1176.1485692085125
2502,1176.1485692085125
2503,1176.1485692085125
2504,1176.1485692085125
2505,1176.1485692085125
2506,1176.1485692085125
2507,1176.1485692085125
2508,1176.1485692085125
2509,1176.1485692085125
2510,1176.1485692085125
2511,1176.1485692085125
2512,1176.1485692085125
2513,1176.1485692085125
2514,1176.1485692085125
2515,1176.1485692085125
2516,1176.1485692085125
2517,1176.1485692085125
2518,1176.1485692085125
2519,1176.1485692085125
2520,1176.1485692085125
2521,1176.1485692085125
2522,1176.1485692085125
2523,1176.1485692085125
2524,1176.1485692085125
2525,1176.1485692085125
2526,1176.1485692085125
2527,1176.1485692085125
2528,1176.1485692085125
2529,1176.1485692085125
2530,1176.1485692085125
2531,1176.1485692085125
2532,1176.1485692085125
2533,1176.1485692085125
2534,1176.1485692085125
2535,1176.1485692085125
2536,1176.1485692085125
2537,1176.1485692085125
2538,1176.1485692085125
2539,1176.1485692085125
2540,1176.1485692085125
2541,1176.1485692085125
2542,1176.1485692085125
2543,1176.1485692085125
2544,1176.1485692085125
2545,1176.1485692085125
2546,1176.1485692085125
2547,1176.1485692085125
2548,1176.1485692085125
2549,1176.1485692085125
2550,1176.1485692085125
2551,1176.1485692085125
2552,1176.1485692085125
2553,1176.1485692085125
2554,1176.1485692085125
2555,1176.1485692085125
2556,1176.1485692085125
2557,1176.1485692085125
2558,1176.1485692085125
2559,1176.1485692085125
2560,1176.1485692085125
2561,1176.1485692085125
2562,1176.1485692085125
2563,1176.1485692085125
2564,1176.1485692085125
2565,1176.1485692085125
2566,1176.1485692085125
2567,1176.1485692085125
2568,1176.1485692085125
2569,1176.1485692085125
2570,1176.1485692085125
2571,1176.1485692085125
2572,1176.1485692085125
2573,1176.1485692085125
2574,1176.1485692085125
2575,1176.1485692085125
2576,1176.1485692085125
2577,1176.1485692085125
2578,1176.1485692085125
2579,1176.1485692085125
2580,1176.1485692085125
2581,1176.1485692085125
2582,1176.1485692085125
2583,1176.1485692085125
2584,1176.1485692085125
2585,1176.1485692085125
2586,1176.1485692085125
2587,1176.1485692085125
2588,1176.1485692085125
2589,1176.1485692085125
2590,1176.1485692085125
2591,1176.1485692085125
2592,1176.1485692085125
2593,1176.1485692085125
2594,1176.1485692085125
2595,1176.1485692085125
2596,1176.1485692085125
2597,1176.1485692085125
2598,1176.1485692085125
2599,1176.1485692085125
2600,1176.1485692085125
2601,1176.1485692085125
2602,1176.1485692085125
2603,1176.1485692085125
2604,1176.1485692085125
2605,1176.1485692085125
2606,1176.1485692085125
2607,1176.1485692085125
2608,1176.1485692085125
2609,1176.1485692085125
2610,1176.1485692085125
2611,1176.1485692085125
2612,1176.1485692085125
2613,1176.1485692085125
2614,1176.1485692085125
2615,1176.1485692085125
2616,1176.1485692085125
2617,1176.1485692085125
2618,1176.1485692085125
2619,1176.1485692085125
2620,1176.1485692085125
2621,1176.1485692085125
2622,1176.1485692085125
2623,1176.1485692085125
2624,1176.1485692085125
2625,1176.1485692085125
2626,1176.1485692085125
2627,1176.1485692085125
2628,1176.1485692085125
2629,1176.1485692085125
2630,1176.1485692085125
2631,1176.1485692085125
2632,1176.1485692085125
2633,1176.1485692085125
2634,1176.1485692085125
2635,1176.1485692085125
2636,1176.1485692085125
2637,1176.1485692085125
2638,1176.1485692085125
2639,1176.1485692085125
2640,1176.1485692085125
2641,1176.1485692085125
2642,1176.1485692085125
2643,1176.1485692085125
2644,1176.1485692085125
2645,1176.1485692085125
2646,1176.1485692085125
2647,1176.1485692085125
2648,1176.1485692085125
2649,1176.1485692085125
2650,1176.1485692085125
2651,1176.1485692085125
2652,1176.1485692085125
2653,1176.1485692085125
2654,1176.1485692085125
2655,1176.1485692085125
2656,1176.1485692085125
2657,1176.1485692085125
2658,1176.1485692085125
2659,1176.1485692085125
2660,1176.1485692085125
2661,1176.1485692085125
2662,1176.1485692085125
2663,1176.1485692085125
2664,1176.1485692085125
2665,1176.1485692085125
2666,1176.1485692085125
2667,1176.1485692085125
2668,1176.1485692085125
2669,1176.1485692085125
2670,1176.1485692085125
2671,1176.1485692085125
2672,1176.1485692085125
2673,1176.1485692085125
2674,1176.1485692085125
2675,1176.1485692085125
2676,1176.1485692085125
2677,1176.1485692085125
2678,1176.1485692085125
2679,1176.1485692085125
2680,1176.1485692085125
2681,1176.1485692085125
2682,1176.1485692085125
2683,1176.1485692085125
2684,1176.1485692085125
2685,1176.1485692085125
2686,1176.1485692085125
2687,1176.1485692085125
2688,1176.1485692085125
2689,1176.1485692085125
2690,1176.1485692085125
2691,1176.1485692085125
2692,1176.1485692085125
2693,1176.1485692085125
2694,1176.1485692085125
2695,1176.1485692085125
2696,1176.1485692085125
2697,1176.1485692085125
2698,1176.1485692085125
2699,1176.1485692085125
2700,1176.1485692085125
2701,1176.1485692085125
2702,1176.1485692085125
2703,1176.1485692085125
2704,1176.1485692085125
2705,1176.1485692085125
2706,1176.1485692085125
2707,1176.1485692085125
2708,1176.1485692085125
2709,1176.1485692085125
2710,1176.1485692085125
2711,1176.1485692085125
2712,1176.1485692085125
2713,1176.1485692085125
2714,1176.1485692085125
2715,1176.1485692085125
2716,1176.1485692085125
2717,1176.1485692085125
2718,1176.1485692085125
2719,1176.1485692085125
2720,1176.1485692085125
2721,1176.1485692085125
2722,1176.1485692085125
2723,1176.1485692085125
2724,1176.1485692085125
2725,1176.1485692085125
2726,1176.1485692085125
2727,1176.1485692085125
2728,1176.1485692085125
2729,1176.1485692085125
2730,1176.1485692085125
2731,1176.1485692085125
2732,1176.1485692085125
2733,1176.1485692085125
2734,1176.1485692085125
2735,1176.1485692085125
2736,1176.1485692085125
2737,1176.1485692085125
2738,1176.1485692085125
2739,1176.1485692085125
2740,1176.1485692085125
2741,1176.1485692085125
2742,1176.1485692085125
2743,1176.1485692085125
2744,1176.1485692085125
2745,1176.1485692085125
2746,1176.1485692085125
2747,1176.1485692085125
2748,1176.1485692085125
2749,1176.1485692085125
2750,1176.1485692085125
2751,1176.1485692085125
2752,1176.1485692085125
2753,1176.1485692085125
2754,1176.1485692085125
2755,1176.1485692085125
2756,1176.1485692085125
2757,1176.1485692085125
2758,1176.1485692085125
2759,1176.1485692085125
2760,1176.1485692085125
2761,1176.1485692085125
2762,1176.1485692085125
2763,1176.1485692085125
2764,1176.1485692085125
2765,1176.1485692085125
2766,1176.1485692085125
2767,1176.1485692085125
2768,1176.1485692085125
2769,1176.1485692085125
2770,1176.1485692085125
2771,1176.1485692085125
2772,1176.1485692085125
2773,1176.1485692085125
2774,1176.1485692085125
2775,1176.1485692085125
2776,1176.1485692085125
2777,1176.1485692085125
2778,1176.1485692085125
2779,1176.1485692085125
2780,1176.1485692085125
2781,1176.1485692085125
2782,1176.1485692085125
2783,1176.1485692085125
2784,1176.1485692085125
2785,1176.1485692085125
2786,1176.1485692085125
2787,1176.1485692085125
2788,1176.1485692085125
2789,1176.1485692085125
2790,1176.1485692085125
2791,1176.1485692085125
2792,1176.1485692085125
2793,1176.1485692085125
2794,1176.1485692085125
2795,1176.1485692085125
2796,1176.1485692085125
2797,1176.1485692085125
2798,1176.1485692085125
2799,1176.1485692085125
2800,1176.1485692085125
2801,1176.1485692085125
2802,1176.1485692085125
2803,1176.1485692085125
2804,1176.1485692085125
2805,1176.1485692085125
2806,1176.1485692085125
2807,1176.1485692085125
2808,1176.1485692085125
2809,1176.1485692085125
2810,1176.1485692085125
2811,1176.1485692085125
2812,1176.1485692085125
2813,1176.1485692085125
2814,1176.1485692085125
2815,1176.1485692085125
2816,1176.1485692085125
2817,1176.1485692085125
2818,1176.1485692085125
2819,1176.1485692085125
2820,1176.1485692085125
2821,1176.1485692085125
2822,1176.1485692085125
2823,1176.1485692085125
2824,1176.1485692085125
2825,1176.1485692085125
2826,1176.1485692085125
2827,1176.1485692085125
2828,1176.1485692085125
2829,1176.1485692085125
2830,1176.1485692085125
2831,1176.1485692085125
2832,1176.1485692085125
2833,1176.1485692085125
2834,1176.1485692085125
2835,1176.1485692085125
2836,1176.1485692085125
2837,1176.1485692085125
2838,1176.1485692085125
2839,1176.1485692085125
2840,1176.1485692085125
2841,1176.1485692085125
2842,1176.1485692085125
2843,1176.1485692085125
2844,1176.1485692085125
2845,1176.1485692085125
2846,1176.1485692085125
2847,1176.1485692085125
2848,1176.1485692085125
2849,1176.1485692085125
2850,1176.1485692085125
2851,1176.1485692085125
2852,1176.1485692085125
2853,1176.1485692085125
2854,1176.1485692085125
2855,1176.1485692085125
2856,1176.1485692085125
2857,1176.1485692085125
2858,1176.1485692085125
2859,1176.1485692085125
2860,1176.1485692085125
2861,1176.1485692085125
2862,1176.1485692085125
2863,1176.1485692085125
2864,1176.1485692085125
2865,1176.1485692085125
2866,1176.1485692085125
2867,1176.1485692085125
2868,1176.1485692085125
2869,1176.1485692085125
2870,1176.1485692085125
2871,1176.1485692085125
2872,1176.1485692085125
2873,1176.1485692085125
2874,1176.1485692085125
2875,1176.1485692085125
2876,1176.1485692085125
2877,1176.1485692085125
2878,1176.1485692085125
2879,1176.1485692085125
2880,1176.1485692085125
2881,1176.1485692085125
2882,1176.1485692085125
2883,1176.1485692085125
2884,1176.1485692085125
2885,1176.1485692085125
2886,1176.1485692085125
2887,1176.1485692085125
2888,1176.1485692085125
2889,1176.1485692085125
2890,1176.1485692085125
2891,1176.1485692085125
2892,1176.1485692085125
2893,1176.1485692085125
2894,1176.1485692085125
2895,1176.1485692085125
2896,1176.1485692085125
2897,1176.1485692085125
2898,1176.1485692085125
2899,1176.1485692085125
2900,1176.1485692085125
2901,1176.1485692085125
2902,1176.1485692085125
2903,1176.1485692085125
2904,1176.1485692085125
2905,1176.1485692085125
2906,1176.1485692085125
2907,1176.1485692085125
2908,1176.1485692085125
2909,1176.1485692085125
2910,1176.1485692085125
2911,1176.1485692085125
2912,1176.1485692085125
2913,1176.1485692085125
2914,1176.1485692085125
2915,1176.1485692085125
2916,1176.1485692085125
2917,1176.1485692085125
2918,1176.1485692085125
2919,1176.1485692085125
2920,1176.1485692085125
2921,1176.1485692085125
2922,1176.1485692085125
2923,1176.1485692085125
2924,1176.1485692085125
2925,1176.1485692085125
2926,1176.1485692085125
2927,1176.1485692085125
2928,1176.1485692085125
2929,1176.1485692085125
2930,1176.1485692085125
2931,1176.1485692085125
2932,1176.1485692085125
2933,1176.1485692085125
2934,1176.1485692085125
2935,1176.1485692085125
2936,1176.1485692085125
2937,1176.1485692085125
2938,1176.1485692085125
2939,1176.1485692085125
2940,1176.1485692085125
2941,1176.1485692085125
2942,1176.1485692085125
2943,1176.1485692085125
2944,1176.1485692085125
2945,1176.1485692085125
2946,1176.1485692085125
2947,1176.1485692085125
2948,1176.1485692085125
2949,1176.1485692085125
2950,1176.1485692085125
2951,1176.1485692085125
2952,1176.1485692085125
2953,1176.1485692085125
2954,1176.1485692085125
2955,1176.1485692085125
2956,1176.1485692085125
2957,1176.1485692085125
2958,1176.1485692085125
2959,1176.1485692085125
2960,1176.1485692085125
2961,1176.1485692085125
2962,1176.1485692085125
2963,1176.1485692085125
2964,1176.1485692085125
2965,1176.1485692085125
2966,1176.1485692085125
2967,1176.1485692085125
2968,1176.1485692085125
2969,1176.1485692085125
2970,1176.1485692085125
2971,1176.1485692085125
2972,1176.1485692085125
2973,1176.1485692085125
2974,1176.1485692085125
2975,1176.1485692085125
2976,1176.1485692085125
2977,1176.1485692085125
2978,1176.1485692085125
2979,1176.1485692085125
2980,1176.1485692085125
2981,1176.1485692085125
2982,1176.1485692085125
2983,1176.1485692085125
2984,1176.1485692085125
2985,1176.1485692085125
2986,1176.1485692085125
2987,1176.1485692085125
2988,1176.1485692085125
2989,1176.1485692085125
2990,1176.1485692085125
2991,1176.1485692085125
2992,1176.1485692085125
2993,1176.1485692085125
2994,1176.1485692085125
2995,1176.1485692085125
2996,1176.1485692085125
2997,1176.1485692085125
2998,1176.1485692085125
2999,1176.1485692085125
3000,1176.1485692085125
3001,1176.1485692085125
3002,1176.1485692085125
3003,1176.1485692085125
3004,1176.1485692085125
3005,1176.1485692085125
3006,1176.1485692085125
3007,1176.1485692085125
3008,1176.1485692085125
3009,1176.1485692085125
3010,1176.1485692085125
3011,1176.1485692085125
3012,1176.1485692085125
3013,1176.1485692085125
3014,1176.1485692085125
3015,1176.1485692085125
3016,1176.1485692085125
3017,1176.1485692085125
3018,1176.1485692085125
3019,1176.1485692085125
3020,1176.1485692085125
3021,1176.1485692085125
3022,1176.1485692085125
3023,1176.1485692085125
3024,1176.1485692085125
3025,1176.1485692085125
3026,1176.1485692085125
3027,1176.1485692085125
3028,1176.1485692085125
3029,1176.1485692085125
3030,1176.1485692085125
3031,1176.1485692085125
3032,1176.1485692085125
3033,1176.1485692085125
3034,1176.1485692085125
3035,1176.1485692085125
3036,1176.1485692085125
3037,1176.1485692085125
3038,1176.1485692085125
3039,1176.1485692085125
3040,1176.1485692085125
3041,1176.1485692085125
3042,1176.1485692085125
3043,1176.1485692085125
3044,1176.1485692085125
3045,1176.1485692085125
3046,1176.1485692085125
3047,1176.1485692085125
3048,1176.1485692085125
3049,1176.1485692085125
3050,1176.1485692085125
3051,1176.1485692085125
3052,1176.1485692085125
3053,1176.1485692085125
3054,1176.1485692085125
3055,1176.1485692085125
3056,1176.1485692085125
3057,1176.1485692085125
3058,1176.1485692085125
3059,1176.1485692085125
3060,1176.1485692085125
3061,1176.1485692085125
3062,1176.1485692085125
3063,1176.1485692085125
3064,1176.1485692085125
3065,1176.1485692085125
3066,1176.1485692085125
3067,1176.1485692085125
3068,1176.1485692085125
3069,1176.1485692085125
3070,1176.1485692085125
3071,1176.1485692085125
3072,1176.1485692085125
3073,1176.1485692085125
3074,1176.1485692085125
3075,1176.1485692085125
3076,1176.1485692085125
3077,1176.1485692085125
3078,1176.1485692085125
3079,1176.1485692085125
3080,1176.1485692085125
3081,1176.1485692085125
3082,1176.1485692085125
3083,1176.1485692085125
3084,1176.1485692085125
3085,1176.1485692085125
3086,1176.1485692085125
3087,1176.1485692085125
3088,1176.1485692085125
3089,1176.1485692085125
3090,1176.1485692085125
3091,1176.1485692085125
3092,1176.1485692085125
3093,1176.1485692085125
3094,1176.1485692085125
3095,1176.1485692085125
3096,1176.1485692085125
3097,1176.1485692085125
3098,1176.1485692085125
3099,1176.1485692085125
3100,1176.1485692085125
3101,1176.1485692085125
3102,1176.1485692085125
3103,1176.1485692085125
3104,1176.1485692085125
3105,1176.1485692085125
3106,1176.1485692085125
3107,1176.1485692085125
3108,1176.1485692085125
3109,1176.1485692085125
3110,1176.1485692085125
3111,1176.1485692085125
3112,1176.1485692085125
3113,1176.1485692085125
3114,1176.1485692085125
3115,1176.1485692085125
3116,1176.1485692085125
3117,1176.1485692085125
3118,1176.1485692085125
3119,1176.1485692085125
3120,1176.1485692085125
3121,1176.1485692085125
3122,1176.1485692085125
3123,1176.1485692085125
3124,1176.1485692085125
3125,1176.1485692085125
3126,1176.1485692085125
3127,1176.1485692085125
3128,1176.1485692085125
3129,1176.1485692085125
3130,1176.1485692085125
3131,1176.1485692085125
3132,1176.1485692085125
3133,1176.1485692085125
3134,1176.1485692085125
3135,1176.1485692085125
3136,1176.1485692085125
3137,1176.1485692085125
3138,1176.1485692085125
3139,1176.1485692085125
3140,1176.1485692085125
3141,1176.1485692085125
3142,1176.1485692085125
3143,1176.1485692085125
3144,1176.1485692085125
3145,1176.1485692085125
3146,1176.1485692085125
3147,1176.1485692085125
3148,1176.1485692085125
3149,1176.1485692085125
3150,1176.1485692085125
3151,1176.1485692085125
3152,1176.1485692085125
3153,1176.1485692085125
3154,1176.1485692085125
3155,1176.1485692085125
3156,1176.1485692085125
3157,1176.1485692085125
3158,1176.1485692085125
3159,1176.1485692085125
3160,1176.1485692085125
3161,1176.1485692085125
3162,1176.1485692085125
3163,1176.1485692085125
3164,1176.1485692085125
3165,1176.1485692085125
3166,1176.1485692085125
3167,1176.1485692085125
3168,1176.1485692085125
3169,1176.1485692085125
3170,1176.1485692085125
3171,1176.1485692085125
3172,1176.1485692085125
3173,1176.1485692085125
3174,1176.1485692085125
3175,1176.1485692085125
3176,1176.1485692085125
3177,1176.1485692085125
3178,1176.1485692085125
3179,1176.1485692085125
3180,1176.1485692085125
3181,1176.1485692085125
3182,1176.1485692085125
3183,1176.1485692085125
3184,1176.1485692085125
3185,1176.1485692085125
3186,1176.1485692085125
3187,1176.1485692085125
3188,1176.1485692085125
3189,1176.1485692085125
3190,1176.1485692085125
3191,1176.1485692085125
3192,1176.1485692085125
3193,1176.1485692085125
3194,1176.1485692085125
3195,1176.1485692085125
3196,1176.1485692085125
3197,1176.1485692085125
3198,1176.1485692085125
3199,1176.1485692085125
3200,1176.1485692085125
3201,1176.1485692085125
3202,1176.1485692085125
3203,1176.1485692085125
3204,1176.1485692085125
3205,1176.1485692085125
3206,1176.1485692085125
3207,1176.1485692085125
3208,1176.1485692085125
3209,1176.1485692085125
3210,1176.1485692085125
3211,1176.1485692085125
3212,1176.1485692085125
3213,1176.1485692085125
3214,1176.1485692085125
3215,1176.1485692085125
3216,1176.1485692085125
3217,1176.1485692085125
3218,1176.1485692085125
3219,1176.1485692085125
3220,1176.1485692085125
3221,1176.1485692085125
3222,1176.1485692085125
3223,1176.1485692085125
3224,1176.1485692085125
3225,1176.1485692085125
3226,1176.1485692085125
3227,1176.1485692085125
3228,1176.1485692085125
3229,1176.1485692085125
3230,1176.1485692085125
3231,1176.1485692085125
3232,1176.1485692085125
3233,1176.1485692085125
3234,1176.1485692085125
3235,1176.1485692085125
3236,1176.1485692085125
3237,1176.1485692085125
3238,1176.1485692085125
3239,1176.1485692085125
3240,1176.1485692085125
3241,1176.1485692085125
3242,1176.1485692085125
3243,1176.1485692085125
3244,1176.1485692085125
3245,1176.1485692085125
3246,1176.1485692085125
3247,1176.1485692085125
3248,1176.1485692085125
3249,1176.1485692085125
3250,1176.1485692085125
3251,1176.1485692085125
3252,1176.1485692085125
3253,1176.1485692085125
3254,1176.1485692085125
3255,1176.1485692085125
3256,1176.1485692085125
3257,1176.1485692085125
3258,1176.1485692085125
3259,1176.1485692085125
3260,1176.1485692085125
3261,1176.1485692085125
3262,1176.1485692085125
3263,1176.1485692085125
3264,1176.1485692085125
3265,1176.1485692085125
3266,1176.1485692085125
3267,1176.1485692085125
3268,1176.1485692085125
3269,1176.1485692085125
3270,1176.1485692085125
3271,1176.1485692085125
3272,1176.1485692085125
3273,1176.1485692085125
3274,1176.1485692085125
3275,1176.1485692085125
3276,1176.1485692085125
3277,1176.1485692085125
3278,1176.1485692085125
3279,1176.1485692085125
3280,1176.1485692085125
3281,1176.1485692085125
3282,1176.1485692085125
3283,1176.1485692085125
3284,1176.1485692085125
3285,1176.1485692085125
3286,1176.1485692085125
3287,1176.1485692085125
3288,1176.1485692085125
3289,1176.1485692085125
3290,1176.1485692085125
3291,1176.1485692085125
3292,1176.1485692085125
3293,1176.1485692085125
3294,1176.1485692085125
3295,1176.1485692085125
3296,1176.1485692085125
3297,1176.1485692085125
3298,1176.1485692085125
3299,1176.1485692085125
3300,1176.1485692085125
3301,1176.1485692085125
3302,1176.1485692085125
3303,1176.1485692085125
3304,1176.1485692085125
3305,1176.1485692085125
3306,1176.1485692085125
3307,1176.1485692085125
3308,1176.1485692085125
3309,1176.1485692085125
3310,1176.1485692085125
3311,1176.1485692085125
3312,1176.1485692085125
3313,1176.1485692085125
3314,1176.1485692085125
3315,1176.1485692085125
3316,1176.1485692085125
3317,1176.1485692085125
3318,1176.1485692085125
3319,1176.1485692085125
3320,1176.1485692085125
3321,1176.1485692085125
3322,1176.1485692085125
3323,1176.1485692085125
3324,1176.1485692085125
3325,1176.1485692085125
3326,1176.1485692085125
3327,1176.1485692085125
3328,1176.1485692085125
3329,1176.1485692085125
3330,1176.1485692085125
3331,1176.1485692085125
3332,1176.1485692085125
3333,1176.1485692085125
3334,1176.1485692085125
3335,1176.1485692085125
3336,1176.1485692085125
3337,1176.1485692085125
3338,1176.1485692085125
3339,1176.1485692085125
3340,1176.1485692085125
3341,1176.1485692085125
3342,1176.1485692085125
3343,1176.1485692085125
3344,1176.1485692085125
3345,1176.1485692085125
3346,1176.1485692085125
3347,1176.1485692085125
3348,1176.1485692085125
3349,1176.1485692085125
3350,1176.1485692085125
3351,1176.1485692085125
3352,1176.1485692085125
3353,1176.1485692085125
3354,1176.1485692085125
3355,1176.1485692085125
3356,1176.1485692085125
3357,1176.1485692085125
3358,1176.1485692085125
3359,1176.1485692085125
3360,1176.1485692085125
3361,1176.1485692085125
3362,1176.1485692085125
3363,1176.1485692085125
3364,1176.1485692085125
3365,1176.1485692085125
3366,1176.1485692085125
3367,1176.1485692085125
3368,1176.1485692085125
3369,1176.1485692085125
3370,1176.1485692085125
3371,1176.1485692085125
3372,1176.1485692085125
3373,1176.1485692085125
3374,1176.1485692085125
3375,1176.1485692085125
3376,1176.1485692085125
3377,1176.1485692085125
3378,1176.1485692085125
3379,1176.1485692085125
3380,1176.1485692085125
3381,1176.1485692085125
3382,1176.1485692085125
3383,1176.1485692085125
3384,1176.1485692085125
3385,1176.1485692085125
3386,1176.1485692085125
3387,1176.1485692085125
3388,1176.1485692085125
3389,1176.1485692085125
3390,1176.1485692085125
3391,1176.1485692085125
3392,1176.1485692085125
3393,1176.1485692085125
3394,1176.1485692085125
3395,1176.1485692085125
3396,1176.1485692085125
3397,1176.1485692085125
3398,1176.1485692085125
3399,1176.1485692085125
3400,1176.1485692085125
3401,1176.1485692085125
3402,1176.1485692085125
3403,1176.1485692085125
3404,1176.1485692085125
3405,1176.1485692085125
3406,1176.1485692085125
3407,1176.1485692085125
3408,1176.1485692085125
3409,1176.1485692085125
3410,1176.1485692085125
3411,1176.1485692085125
3412,1176.1485692085125
3413,1176.1485692085125
3414,1176.1485692085125
3415,1176.1485692085125
3416,1176.1485692085125
3417,1176.1485692085125
3418,1176.1485692085125
3419,1176.1485692085125
3420,1176.1485692085125
3421,1176.1485692085125
3422,1176.1485692085125
3423,1176.1485692085125
3424,1176.1485692085125
3425,1176.1485692085125
3426,1176.1485692085125
3427,1176.1485692085125
3428,1176.1485692085125
3429,1176.1485692085125
3430,1176.1485692085125
3431,1176.1485692085125
3432,1176.1485692085125
3433,1176.1485692085125
3434,1176.1485692085125
3435,1176.1485692085125
3436,1176.1485692085125
3437,1176.1485692085125
3438,1176.1485692085125
3439,1176.1485692085125
3440,1176.1485692085125
3441,1176.1485692085125
3442,1176.1485692085125
3443,1176.1485692085125
3444,1176.1485692085125
3445,1176.1485692085125
3446,1176.1485692085125
3447,1176.1485692085125
3448,1176.1485692085125
3449,1176.1485692085125
3450,1176.1485692085125
3451,1176.1485692085125
3452,1176.1485692085125
3453,1176.1485692085125
3454,1176.1485692085125
3455,1176.1485692085125
3456,1176.1485692085125
3457,1176.1485692085125
3458,1176.1485692085125
3459,1176.1485692085125
3460,1176.1485692085125
3461,1176.1485692085125
3462,1176.1485692085125
3463,1176.1485692085125
3464,1176.1485692085125
3465,1176.1485692085125
3466,1176.1485692085125
3467,1176.1485692085125
3468,1176.1485692085125
3469,1176.1485692085125
3470,1176.1485692085125
3471,1176.1485692085125
3472,1176.1485692085125
3473,1176.1485692085125
3474,1176.1485692085125
3475,1176.1485692085125
3476,1176.1485692085125
3477,1176.1485692085125
3478,1176.1485692085125
3479,1176.1485692085125
3480,1176.1485692085125
3481,1176.1485692085125
3482,1176.1485692085125
3483,1176.1485692085125
3484,1176.1485692085125
3485,1176.1485692085125
3486,1176.1485692085125
3487,1176.1485692085125
3488,1176.1485692085125
3489,1176.1485692085125
3490,1176.1485692085125
3491,1176.1485692085125
3492,1176.1485692085125
3493,1176.1485692085125
3494,1176.1485692085125
3495,1176.1485692085125
3496,1176.1485692085125
3497,1176.1485692085125
3498,1176.1485692085125
3499,1176.1485692085125
3500,1176.1485692085125
3501,1176.1485692085125
3502,1176.1485692085125
3503,1176.1485692085125
3504,1176.1485692085125
3505,1176.1485692085125
3506,1176.1485692085125
3507,1176.1485692085125
3508,1176.1485692085125
3509,1176.1485692085125
3510,1176.1485692085125
3511,1176.1485692085125
3512,1176.1485692085125
3513,1176.1485692085125
3514,1176.1485692085125
3515,1176.1485692085125
3516,1176.1485692085125
3517,1176.1485692085125
3518,1176.1485692085125
3519,1176.1485692085125
3520,1176.1485692085125
3521,1176.1485692085125
3522,1176.1485692085125
3523,1176.1485692085125
3524,1176.1485692085125
3525,1176.1485692085125
3526,1176.1485692085125
3527,1176.1485692085125
3528,1176.1485692085125
3529,1176.1485692085125
3530,1176.1485692085125
3531,1176.1485692085125
3532,1176.1485692085125
3533,1176.1485692085125
3534,1176.1485692085125
3535,1176.1485692085125
3536,1176.1485692085125
3537,1176.1485692085125
3538,1176.1485692085125
3539,1176.1485692085125
3540,1176.1485692085125
3541,1176.1485692085125
3542,1176.1485692085125
3543,1176.1485692085125
3544,1176.1485692085125
3545,1176.1485692085125
3546,1176.1485692085125
3547,1176.1485692085125
3548,1176.1485692085125
3549,1176.1485692085125
3550,1176.1485692085125
3551,1176.1485692085125
3552,1176.1485692085125
3553,1176.1485692085125
3554,1176.1485692085125
3555,1176.1485692085125
3556,1176.1485692085125
3557,1176.1485692085125
3558,1176.1485692085125
3559,1176.1485692085125
3560,1176.1485692085125
3561,1176.1485692085125
3562,1176.1485692085125
3563,1176.1485692085125
3564,1176.1485692085125
3565,1176.1485692085125
3566,1176.1485692085125
3567,1176.1485692085125
3568,1176.1485692085125
3569,1176.1485692085125
3570,1176.1485692085125
3571,1176.1485692085125
3572,1176.1485692085125
3573,1176.1485692085125
3574,1176.1485692085125
3575,1176.1485692085125
3576,1176.1485692085125
3577,1176.1485692085125
3578,1176.1485692085125
3579,1176.1485692085125
3580,1176.1485692085125
3581,1176.1485692085125
3582,1176.1485692085125
3583,1176.1485692085125
3584,1176.1485692085125
3585,1176.1485692085125
3586,1176.1485692085125
3587,1176.1485692085125
3588,1176.1485692085125
3589,1176.1485692085125
3590,1176.1485692085125
3591,1176.1485692085125
3592,1176.1485692085125
3593,1176.1485692085125
3594,1176.1485692085125
3595,1176.1485692085125
3596,1176.1485692085125
3597,1176.1485692085125
3598,1176.1485692085125
3599,1176.1485692085125
3600,1176.1485692085125
3601,1176.1485692085125
3602,1176.1485692085125
3603,1176.1485692085125
3604,1176.1485692085125
3605,1176.1485692085125
3606,1176.1485692085125
3607,1176.1485692085125
3608,1176.1485692085125
3609,1176.1485692085125
3610,1176.1485692085125
3611,1176.1485692085125
3612,1176.1485692085125
3613,1176.1485692085125
3614,1176.1485692085125
3615,1176.1485692085125
3616,1176.1485692085125
3617,1176.1485692085125
3618,1176.1485692085125
3619,1176.1485692085125
3620,1176.1485692085125
3621,1176.1485692085125
3622,1176.1485692085125
3623,1176.1485692085125
3624,1176.1485692085125
3625,1176.1485692085125
3626,1176.1485692085125
3627,1176.1485692085125
3628,1176.1485692085125
3629,1176.1485692085125
3630,1176.1485692085125
3631,1176.1485692085125
3632,1176.1485692085125
3633,1176.1485692085125
3634,1176.1485692085125
3635,1176.1485692085125
3636,1176.1485692085125
3637,1176.1485692085125
3638,1176.1485692085125
3639,1176.1485692085125
3640,1176.1485692085125
3641,1176.1485692085125
3642,1176.1485692085125
3643,1176.1485692085125
3644,1176.1485692085125
3645,1176.1485692085125
3646,1176.1485692085125
3647,1176.1485692085125
3648,1176.1485692085125
3649,1176.1485692085125
3650,1176.1485692085125
3651,1176.1485692085125
3652,1176.1485692085125
3653,1176.1485692085125
3654,1176.1485692085125
3655,1176.1485692085125
3656,1176.1485692085125
3657,1176.1485692085125
3658,1176.1485692085125
3659,1176.1485692085125
3660,1176.1485692085125
3661,1176.1485692085125
3662,1176.1485692085125
3663,1176.1485692085125
3664,1176.1485692085125
3665,1176.1485692085125
3666,1176.1485692085125
3667,1176.1485692085125
3668,1176.1485692085125
3669,1176.1485692085125
3670,1176.1485692085125
3671,1176.1485692085125
3672,1176.1485692085125
3673,1176.1485692085125
3674,1176.1485692085125
3675,1176.1485692085125
3676,1176.1485692085125
3677,1176.1485692085125
3678,1176.1485692085125
3679,1176.1485692085125
3680,1176.1485692085125
3681,1176.1485692085125
3682,1176.1485692085125
3683,1176.1485692085125
3684,1176.1485692085125
3685,1176.1485692085125
3686,1176.1485692085125
3687,1176.1485692085125
3688,1176.1485692085125
3689,1176.1485692085125
3690,1176.1485692085125
3691,1176.1485692085125
3692,1176.1485692085125
3693,1176.1485692085125
3694,1176.1485692085125
3695,1176.1485692085125
3696,1176.1485692085125
3697,1176.1485692085125
3698,1176.1485692085125
3699,1176.1485692085125
3700,1176.1485692085125
3701,1176.1485692085125
3702,1176.1485692085125
3703,1176.1485692085125
3704,1176.1485692085125
3705,1176.1485692085125
3706,1176.1485692085125
3707,1176.1485692085125
3708,1176.1485692085125
3709,1176.1485692085125
3710,1176.1485692085125
3711,1176.1485692085125
3712,1176.1485692085125
3713,1176.1485692085125
3714,1176.1485692085125
3715,1176.1485692085125
3716,1176.1485692085125
3717,1176.1485692085125
3718,1176.1485692085125
3719,1176.1485692085125
3720,1176.1485692085125
3721,1176.1485692085125
3722,1176.1485692085125
3723,1176.1485692085125
3724,1176.1485692085125
3725,1176.1485692085125
3726,1176.1485692085125
3727,1176.1485692085125
3728,1176.1485692085125
3729,1176.1485692085125
3730,1176.1485692085125
3731,1176.1485692085125
3732,1176.1485692085125
3733,1176.1485692085125
3734,1176.1485692085125
3735,1176.1485692085125
3736,1176.1485692085125
3737,1176.1485692085125
3738,1176.1485692085125
3739,1176.1485692085125
3740,1176.1485692085125
3741,1176.1485692085125
3742,1176.1485692085125
3743,1176.1485692085125
3744,1176.1485692085125
3745,1176.1485692085125
3746,1176.1485692085125
3747,1176.1485692085125
3748,1176.1485692085125
3749,1176.1485692085125
3750,1176.1485692085125
3751,1176.1485692085125
3752,1176.1485692085125
3753,1176.1485692085125
3754,1176.1485692085125
3755,1176.1485692085125
3756,1176.1485692085125
3757,1176.1485692085125
3758,1176.1485692085125
3759,1176.1485692085125
3760,1176.1485692085125
3761,1176.1485692085125
3762,1176.1485692085125
3763,1176.1485692085125
3764,1176.1485692085125
3765,1176.1485692085125
3766,1176.1485692085125
3767,1176.1485692085125
3768,1176.1485692085125
3769,1176.1485692085125
3770,1176.1485692085125
3771,1176.1485692085125
3772,1176.1485692085125
3773,1176.1485692085125
3774,1176.1485692085125
3775,1176.1485692085125
3776,1176.1485692085125
3777,1176.1485692085125
3778,1176.1485692085125
3779,1176.1485692085125
3780,1176.1485692085125
3781,1176.1485692085125
3782,1176.1485692085125
3783,1176.1485692085125
3784,1176.1485692085125
3785,1176.1485692085125
3786,1176.1485692085125
3787,1176.1485692085125
3788,1176.1485692085125
3789,1176.1485692085125
3790,1176.1485692085125
3791,1176.1485692085125
3792,1176.1485692085125
3793,1176.1485692085125
3794,1176.1485692085125
3795,1176.1485692085125
3796,1176.1485692085125
3797,1176.1485692085125
3798,1176.1485692085125
3799,1176.1485692085125
3800,1176.1485692085125
3801,1176.1485692085125
3802,1176.1485692085125
3803,1176.1485692085125
3804,1176.1485692085125
3805,1176.1485692085125
3806,1176.1485692085125
3807,1176.1485692085125
3808,1176.1485692085125
3809,1176.1485692085125
3810,1176.1485692085125
3811,1176.1485692085125
3812,1176.1485692085125
3813,1176.1485692085125
3814,1176.1485692085125
3815,1176.1485692085125
3816,1176.1485692085125
3817,1176.1485692085125
3818,1176.1485692085125
3819,1176.1485692085125
3820,1176.1485692085125
3821,1176.1485692085125
3822,1176.1485692085125
3823,1176.1485692085125
3824,1176.1485692085125
3825,1176.1485692085125
3826,1176.1485692085125
3827,1176.1485692085125
3828,1176.1485692085125
3829,1176.1485692085125
3830,1176.1485692085125
3831,1176.1485692085125
3832,1176.1485692085125
3833,1176.1485692085125
3834,1176.1485692085125
3835,1176.1485692085125
3836,1176.1485692085125
3837,1176.1485692085125
3838,1176.1485692085125
3839,1176.1485692085125
3840,1176.1485692085125
3841,1176.1485692085125
3842,1176.1485692085125
3843,1176.1485692085125
3844,1176.1485692085125
3845,1176.1485692085125
3846,1176.1485692085125
3847,1176.1485692085125
3848,1176.1485692085125
3849,1176.1485692085125
3850,1176.1485692085125
3851,1176.1485692085125
3852,1176.1485692085125
3853,1176.1485692085125
3854,1176.1485692085125
3855,1176.1485692085125
3856,1176.1485692085125
3857,1176.1485692085125
3858,1176.1485692085125
3859,1176.1485692085125
3860,1176.1485692085125
3861,1176.1485692085125
3862,1176.1485692085125
3863,1176.1485692085125
3864,1176.1485692085125
3865,1176.1485692085125
3866,1176.1485692085125
3867,1176.1485692085125
3868,1176.1485692085125
3869,1176.1485692085125
3870,1176.1485692085125
3871,1176.1485692085125
3872,1176.1485692085125
3873,1176.1485692085125
3874,1176.1485692085125
3875,1176.1485692085125
3876,1176.1485692085125
3877,1176.1485692085125
3878,1176.1485692085125
3879,1176.1485692085125
3880,1176.1485692085125
3881,1176.1485692085125
3882,1176.1485692085125
3883,1176.1485692085125
3884,1176.1485692085125
3885,1176.1485692085125
3886,1176.1485692085125
3887,1176.1485692085125
3888,1176.1485692085125
3889,1176.1485692085125
3890,1176.1485692085125
3891,1176.1485692085125
3892,1176.1485692085125
3893,1176.1485692085125
3894,1176.1485692085125
3895,1176.1485692085125
3896,1176.1485692085125
3897,1176.1485692085125
3898,1176.1485692085125
3899,1176.1485692085125
3900,1176.1485692085125
3901,1176.1485692085125
3902,1176.1485692085125
3903,1176.1485692085125
3904,1176.1485692085125
3905,1176.1485692085125
3906,1176.1485692085125
3907,1176.1485692085125
3908,1176.1485692085125
3909,1176.1485692085125
3910,1176.1485692085125
3911,1176.1485692085125
3912,1176.1485692085125
3913,1176.1485692085125
3914,1176.1485692085125
3915,1176.1485692085125
3916,1176.1485692085125
3917,1176.1485692085125
3918,1176.1485692085125
3919,1176.1485692085125
3920,1176.1485692085125
3921,1176.1485692085125
3922,1176.1485692085125
3923,1176.1485692085125
3924,1176.1485692085125
3925,1176.1485692085125
3926,1176.1485692085125
3927,1176.1485692085125
3928,1176.1485692085125
3929,1176.1485692085125
3930,1176.1485692085125
3931,1176.1485692085125
3932,1176.1485692085125
3933,1176.1485692085125
3934,1176.1485692085125
3935,1176.1485692085125
3936,1176.1485692085125
3937,1176.1485692085125
3938,1176.1485692085125
3939,1176.1485692085125
3940,1176.1485692085125
3941,1176.1485692085125
3942,1176.1485692085125
3943,1176.1485692085125
3944,1176.1485692085125
3945,1176.1485692085125
3946,1176.1485692085125
3947,1176.1485692085125
3948,1176.1485692085125
3949,1176.1485692085125
3950,1176.1485692085125
3951,1176.1485692085125
3952,1176.1485692085125
3953,1176.1485692085125
3954,1176.1485692085125
3955,1176.1485692085125
3956,1176.1485692085125
3957,1176.1485692085125
3958,1176.1485692085125
3959,1176.1485692085125
3960,1176.1485692085125
3961,1176.1485692085125
3962,1176.1485692085125
3963,1176.1485692085125
3964,1176.1485692085125
3965,1176.1485692085125
3966,1176.1485692085125
3967,1176.1485692085125
3968,1176.1485692085125
3969,1176.1485692085125
3970,1176.1485692085125
3971,1176.1485692085125
3972,1176.1485692085125
3973,1176.1485692085125
3974,1176.1485692085125
3975,1176.1485692085125
3976,1176.1485692085125
3977,1176.1485692085125
3978,1176.1485692085125
3979,1176.1485692085125
3980,1176.1485692085125
3981,1176.1485692085125
3982,1176.1485692085125
3983,1176.1485692085125
3984,1176.1485692085125
3985,1176.1485692085125
3986,1176.1485692085125
3987,1176.1485692085125
3988,1176.1485692085125
3989,1176.1485692085125
3990,1176.1485692085125
3991,1176.1485692085125
3992,1176.1485692085125
3993,1176.1485692085125
3994,1176.1485692085125
3995,1176.1485692085125
3996,1176.1485692085125
3997,1176.1485692085125
3998,1176.1485692085125
3999,1176.1485692085125
4000,1176.1485692085125
4001,1176.1485692085125
4002,1176.1485692085125
4003,1176.1485692085125
4004,1176.1485692085125
4005,1176.1485692085125
4006,1176.1485692085125
4007,1176.1485692085125
4008,1176.1485692085125
4009,1176.1485692085125
4010,1176.1485692085125
4011,1176.1485692085125
4012,1176.1485692085125
4013,1176.1485692085125
4014,1176.1485692085125
4015,1176.1485692085125
4016,1176.1485692085125
4017,1176.1485692085125
4018,1176.1485692085125
4019,1176.1485692085125
4020,1176.1485692085125
4021,1176.1485692085125
4022,1176.1485692085125
4023,1176.1485692085125
4024,1176.1485692085125
4025,1176.1485692085125
4026,1176.1485692085125
4027,1176.1485692085125
4028,1176.1485692085125
4029,1176.1485692085125
4030,1176.1485692085125
4031,1176.1485692085125
4032,1176.1485692085125
4033,1176.1485692085125
4034,1176.1485692085125
4035,1176.1485692085125
4036,1176.1485692085125
4037,1176.1485692085125
4038,1176.1485692085125
4039,1176.1485692085125
4040,1176.1485692085125
4041,1176.1485692085125
4042,1176.1485692085125
4043,1176.1485692085125
4044,1176.1485692085125
4045,1176.1485692085125
4046,1176.1485692085125
4047,1176.1485692085125
4048,1176.1485692085125
4049,1176.1485692085125
4050,1176.1485692085125
4051,1176.1485692085125
4052,1176.1485692085125
4053,1176.1485692085125
4054,1176.1485692085125
4055,1176.1485692085125
4056,1176.1485692085125
4057,1176.1485692085125
4058,1176.1485692085125
4059,1176.1485692085125
4060,1176.1485692085125
4061,1176.1485692085125
4062,1176.1485692085125
4063,1176.1485692085125
4064,1176.1485692085125
4065,1176.1485692085125
4066,1176.1485692085125
4067,1176.1485692085125
4068,1176.1485692085125
4069,1176.1485692085125
4070,1176.1485692085125
4071,1176.1485692085125
4072,1176.1485692085125
4073,1176.1485692085125
4074,1176.1485692085125
4075,1176.1485692085125
4076,1176.1485692085125
4077,1176.1485692085125
4078,1176.1485692085125
4079,1176.1485692085125
4080,1176.1485692085125
4081,1176.1485692085125
4082,1176.1485692085125
4083,1176.1485692085125
4084,1176.1485692085125
4085,1176.1485692085125
4086,1176.1485692085125
4087,1176.1485692085125
4088,1176.1485692085125
4089,1176.1485692085125
4090,1176.1485692085125
4091,1176.1485692085125
4092,1176.1485692085125
4093,1176.1485692085125
4094,1176.1485692085125
4095,1176.1485692085125
4096,1176.1485692085125
4097,1176.1485692085125
4098,1176.1485692085125
4099,1176.1485692085125
4100,1176.1485692085125
4101,1176.1485692085125
4102,1176.1485692085125
4103,1176.1485692085125
4104,1176.1485692085125
4105,1176.1485692085125
4106,1176.1485692085125
4107,1176.1485692085125
4108,1176.1485692085125
4109,1176.1485692085125
4110,1176.1485692085125
4111,1176.1485692085125
4112,1176.1485692085125
4113,1176.1485692085125
4114,1176.1485692085125
4115,1176.1485692085125
4116,1176.1485692085125
4117,1176.1485692085125
4118,1176.1485692085125
4119,1176.1485692085125
4120,1176.1485692085125
4121,1176.1485692085125
4122,1176.1485692085125
4123,1176.1485692085125
4124,1176.1485692085125
4125,1176.1485692085125
4126,1176.1485692085125
4127,1176.1485692085125
4128,1176.1485692085125
4129,1176.1485692085125
4130,1176.1485692085125
4131,1176.1485692085125
4132,1176.1485692085125
4133,1176.1485692085125
4134,1176.1485692085125
4135,1176.1485692085125
4136,1176.1485692085125
4137,1176.1485692085125
4138,1176.1485692085125
4139,1176.1485692085125
4140,1176.1485692085125
4141,1176.1485692085125
4142,1176.1485692085125
4143,1176.1485692085125
4144,1176.1485692085125
4145,1176.1485692085125
4146,1176.1485692085125
4147,1176.1485692085125
4148,1176.1485692085125
4149,1176.1485692085125
4150,1176.1485692085125
4151,1176.1485692085125
4152,1176.1485692085125
4153,1176.1485692085125
4154,1176.1485692085125
4155,1176.1485692085125
4156,1176.1485692085125
4157,1176.1485692085125
4158,1176.1485692085125
4159,1176.1485692085125
4160,1176.1485692085125
4161,1176.1485692085125
4162,1176.1485692085125
4163,1176.1485692085125
4164,1176.1485692085125
4165,1176.1485692085125
4166,1176.1485692085125
4167,1176.1485692085125
4168,1176.1485692085125
4169,1176.1485692085125
4170,1176.1485692085125
4171,1176.1485692085125
4172,1176.1485692085125
4173,1176.1485692085125
4174,1176.1485692085125
4175,1176.1485692085125
4176,1176.1485692085125
4177,1176.1485692085125
4178,1176.1485692085125
4179,1176.1485692085125
4180,1176.1485692085125
4181,1176.1485692085125
4182,1176.1485692085125
4183,1176.1485692085125
4184,1176.1485692085125
4185,1176.1485692085125
4186,1176.1485692085125
4187,1176.1485692085125
4188,1176.1485692085125
4189,1176.1485692085125
4190,1176.1485692085125
4191,1176.1485692085125
4192,1176.1485692085125
4193,1176.1485692085125
4194,1176.1485692085125
4195,1176.1485692085125
4196,1176.1485692085125
4197,1176.1485692085125
4198,1176.1485692085125
4199,1176.1485692085125
4200,1176.1485692085125
4201,1176.1485692085125
4202,1176.1485692085125
4203,1176.1485692085125
4204,1176.1485692085125
4205,1176.1485692085125
4206,1176.1485692085125
4207,1176.1485692085125
4208,1176.1485692085125
4209,1176.1485692085125
4210,1176.1485692085125
4211,1176.1485692085125
4212,1176.1485692085125
4213,1176.1485692085125
4214,1176.1485692085125
4215,1176.1485692085125
4216,1176.1485692085125
4217,1176.1485692085125
4218,1176.1485692085125
4219,1176.1485692085125
4220,1176.1485692085125
4221,1176.1485692085125
4222,1176.1485692085125
4223,1176.1485692085125
4224,1176.1485692085125
4225,1176.1485692085125
4226,1176.1485692085125
4227,1176.1485692085125
4228,1176.1485692085125
4229,1176.1485692085125
4230,1176.1485692085125
4231,1176.1485692085125
4232,1176.1485692085125
4233,1176.1485692085125
4234,1176.1485692085125
4235,1176.1485692085125
4236,1176.1485692085125
4237,1176.1485692085125
4238,1176.1485692085125
4239,1176.1485692085125
4240,1176.1485692085125
4241,1176.1485692085125
4242,1176.1485692085125
4243,1176.1485692085125
4244,1176.1485692085125
4245,1176.1485692085125
4246,1176.1485692085125
4247,1176.1485692085125
4248,1176.1485692085125
4249,1176.1485692085125
4250,1176.1485692085125
4251,1176.1485692085125
4252,1176.1485692085125
4253,1176.1485692085125
4254,1176.1485692085125
4255,1176.1485692085125
4256,1176.1485692085125
4257,1176.1485692085125
4258,1176.1485692085125
4259,1176.1485692085125
4260,1176.1485692085125
4261,1176.1485692085125
4262,1176.1485692085125
4263,1176.1485692085125
4264,1176.1485692085125
4265,1176.1485692085125
4266,1176.1485692085125
4267,1176.1485692085125
4268,1176.1485692085125
4269,1176.1485692085125
4270,1176.1485692085125
4271,1176.1485692085125
4272,1176.1485692085125
4273,1176.1485692085125
4274,1176.1485692085125
4275,1176.1485692085125
4276,1176.1485692085125
4277,1176.1485692085125
4278,1176.1485692085125
4279,1176.1485692085125
4280,1176.1485692085125
4281,1176.1485692085125
4282,1176.1485692085125
4283,1176.1485692085125
4284,1176.1485692085125
4285,1176.1485692085125
4286,1176.1485692085125
4287,1176.1485692085125
4288,1176.1485692085125
4289,1176.1485692085125
4290,1176.1485692085125
4291,1176.1485692085125
4292,1176.1485692085125
4293,1176.1485692085125
4294,1176.1485692085125
4295,1176.1485692085125
4296,1176.1485692085125
4297,1176.1485692085125
4298,1176.1485692085125
4299,1176.1485692085125
4300,1176.1485692085125
4301,1176.1485692085125
4302,1176.1485692085125
4303,1176.1485692085125
4304,1176.1485692085125
4305,1176.1485692085125
4306,1176.1485692085125
4307,1176.1485692085125
4308,1176.1485692085125
4309,1176.1485692085125
4310,1176.1485692085125
4311,1176.1485692085125
4312,1176.1485692085125
4313,1176.1485692085125
4314,1176.1485692085125
4315,1176.1485692085125
4316,1176.1485692085125
4317,1176.1485692085125
4318,1176.1485692085125
4319,1176.1485692085125
4320,1176.1485692085125
4321,1176.1485692085125
4322,1176.1485692085125
4323,1176.1485692085125
4324,1176.1485692085125
4325,1176.1485692085125
4326,1176.1485692085125
4327,1176.1485692085125
4328,1176.1485692085125
4329,1176.1485692085125
4330,1176.1485692085125
4331,1176.1485692085125
4332,1176.1485692085125
4333,1176.1485692085125
4334,1176.1485692085125
4335,1176.1485692085125
4336,1176.1485692085125
4337,1176.1485692085125
4338,1176.1485692085125
4339,1176.1485692085125
4340,1176.1485692085125
4341,1176.1485692085125
4342,1176.1485692085125
4343,1176.1485692085125
4344,1176.1485692085125
4345,1176.1485692085125
4346,1176.1485692085125
4347,1176.1485692085125
4348,1176.1485692085125
4349,1176.1485692085125
4350,1176.1485692085125
4351,1176.1485692085125
4352,1176.1485692085125
4353,1176.1485692085125
4354,1176.1485692085125
4355,1176.1485692085125
4356,1176.1485692085125
4357,1176.1485692085125
4358,1176.1485692085125
4359,1176.1485692085125
4360,1176.1485692085125
4361,1176.1485692085125
4362,1176.1485692085125
4363,1176.1485692085125
4364,1176.1485692085125
4365,1176.1485692085125
4366,1176.1485692085125
4367,1176.1485692085125
4368,1176.1485692085125
4369,1176.1485692085125
4370,1176.1485692085125
4371,1176.1485692085125
4372,1176.1485692085125
4373,1176.1485692085125
4374,1176.1485692085125
4375,1176.1485692085125
4376,1176.1485692085125
4377,1176.1485692085125
4378,1176.1485692085125
4379,1176.1485692085125
4380,1176.1485692085125
4381,1176.1485692085125
4382,1176.1485692085125
4383,1176.1485692085125
4384,1176.1485692085125
4385,1176.1485692085125
4386,1176.1485692085125
4387,1176.1485692085125
4388,1176.1485692085125
4389,1176.1485692085125
4390,1176.1485692085125
4391,1176.1485692085125
4392,1176.1485692085125
4393,1176.1485692085125
4394,1176.1485692085125
4395,1176.1485692085125
4396,1176.1485692085125
4397,1176.1485692085125
4398,1176.1485692085125
4399,1176.1485692085125
4400,1176.1485692085125
4401,1176.1485692085125
4402,1176.1485692085125
4403,1176.1485692085125
4404,1176.1485692085125
4405,1176.1485692085125
4406,1176.1485692085125
4407,1176.1485692085125
4408,1176.1485692085125
4409,1176.1485692085125
4410,1176.1485692085125
4411,1176.1485692085125
4412,1176.1485692085125
4413,1176.1485692085125
4414,1176.1485692085125
4415,1176.1485692085125
4416,1176.1485692085125
4417,1176.1485692085125
4418,1176.1485692085125
4419,1176.1485692085125
4420,1176.1485692085125
4421,1176.1485692085125
4422,1176.1485692085125
4423,1176.1485692085125
4424,1176.1485692085125
4425,1176.1485692085125
4426,1176.1485692085125
4427,1176.1485692085125
4428,1176.1485692085125
4429,1176.1485692085125
4430,1176.1485692085125
4431,1176.1485692085125
4432,1176.1485692085125
4433,1176.1485692085125
4434,1176.1485692085125
4435,1176.1485692085125
4436,1176.1485692085125
4437,1176.1485692085125
4438,1176.1485692085125
4439,1176.1485692085125
4440,1176.1485692085125
4441,1176.1485692085125
4442,1176.1485692085125
4443,1176.1485692085125
4444,1176.1485692085125
4445,1176.1485692085125
4446,1176.1485692085125
4447,1176.1485692085125
4448,1176.1485692085125
4449,1176.1485692085125
4450,1176.1485692085125
4451,1176.1485692085125
4452,1176.1485692085125
4453,1176.1485692085125
4454,1176.1485692085125
4455,1176.1485692085125
4456,1176.1485692085125
4457,1176.1485692085125
4458,1176.1485692085125
4459,1176.1485692085125
4460,1176.1485692085125
4461,1176.1485692085125
4462,1176.1485692085125
4463,1176.1485692085125
4464,1176.1485692085125
4465,1176.1485692085125
4466,1176.1485692085125
4467,1176.1485692085125
4468,1176.1485692085125
4469,1176.1485692085125
4470,1176.1485692085125
4471,1176.1485692085125
4472,1176.1485692085125
4473,1176.1485692085125
4474,1176.1485692085125
4475,1176.1485692085125
4476,1176.1485692085125
4477,1176.1485692085125
4478,1176.1485692085125
4479,1176.1485692085125
4480,1176.1485692085125
4481,1176.1485692085125
4482,1176.1485692085125
4483,1176.1485692085125
4484,1176.1485692085125
4485,1176.1485692085125
4486,1176.1485692085125
4487,1176.1485692085125
4488,1176.1485692085125
4489,1176.1485692085125
4490,1176.1485692085125
4491,1176.1485692085125
4492,1176.1485692085125
4493,1176.1485692085125
4494,1176.1485692085125
4495,1176.1485692085125
4496,1176.1485692085125
4497,1176.1485692085125
4498,1176.1485692085125
4499,1176.1485692085125
4500,1176.1485692085125
4501,1176.1485692085125
4502,1176.1485692085125
4503,1176.1485692085125
4504,1176.1485692085125
4505,1176.1485692085125
4506,1176.1485692085125
4507,1176.1485692085125
4508,1176.1485692085125
4509,1176.1485692085125
4510,1176.1485692085125
4511,1176.1485692085125
4512,1176.1485692085125
4513,1176.1485692085125
4514,1176.1485692085125
4515,1176.1485692085125
4516,1176.1485692085125
4517,1176.1485692085125
4518,1176.1485692085125
4519,1176.1485692085125
4520,1176.1485692085125
4521,1176.1485692085125
4522,1176.1485692085125
4523,1176.1485692085125
4524,1176.1485692085125
4525,1176.1485692085125
4526,1176.1485692085125
4527,1176.1485692085125
4528,1176.1485692085125
4529,1176.1485692085125
4530,1176.1485692085125
4531,1176.1485692085125
4532,1176.1485692085125
4533,1176.1485692085125
4534,1176.1485692085125
4535,1176.1485692085125
4536,1176.1485692085125
4537,1176.1485692085125
4538,1176.1485692085125
4539,1176.1485692085125
4540,1176.1485692085125
4541,1176.1485692085125
4542,1176.1485692085125
4543,1176.1485692085125
4544,1176.1485692085125
4545,1176.1485692085125
4546,1176.1485692085125
4547,1176.1485692085125
4548,1176.1485692085125
4549,1176.1485692085125
4550,1176.1485692085125
4551,1176.1485692085125
4552,1176.1485692085125
4553,1176.1485692085125
4554,1176.1485692085125
4555,1176.1485692085125
4556,1176.1485692085125
4557,1176.1485692085125
4558,1176.1485692085125
4559,1176.1485692085125
4560,1176.1485692085125
4561,1176.1485692085125
4562,1176.1485692085125
4563,1176.1485692085125
4564,1176.1485692085125
4565,1176.1485692085125
4566,1176.1485692085125
4567,1176.1485692085125
4568,1176.1485692085125
4569,1176.1485692085125
4570,1176.1485692085125
4571,1176.1485692085125
4572,1176.1485692085125
4573,1176.1485692085125
4574,1176.1485692085125
4575,1176.1485692085125
4576,1176.1485692085125
4577,1176.1485692085125
4578,1176.1485692085125
4579,1176.1485692085125
4580,1176.1485692085125
4581,1176.1485692085125
4582,1176.1485692085125
4583,1176.1485692085125
4584,1176.1485692085125
4585,1176.1485692085125
4586,1176.1485692085125
4587,1176.1485692085125
4588,1176.1485692085125
4589,1176.1485692085125
4590,1176.1485692085125
4591,1176.1485692085125
4592,1176.1485692085125
4593,1176.1485692085125
4594,1176.1485692085125
4595,1176.1485692085125
4596,1176.1485692085125
4597,1176.1485692085125
4598,1176.1485692085125
4599,1176.1485692085125
4600,1176.1485692085125
4601,1176.1485692085125
4602,1176.1485692085125
4603,1176.1485692085125
4604,1176.1485692085125
4605,1176.1485692085125
4606,1176.1485692085125
4607,1176.1485692085125
4608,1176.1485692085125
4609,1176.1485692085125
4610,1176.1485692085125
4611,1176.1485692085125
4612,1176.1485692085125
4613,1176.1485692085125
4614,1176.1485692085125
4615,1176.1485692085125
4616,1176.1485692085125
4617,1176.1485692085125
4618,1176.1485692085125
4619,1176.1485692085125
4620,1176.1485692085125
4621,1176.1485692085125
4622,1176.1485692085125
4623,1176.1485692085125
4624,1176.1485692085125
4625,1176.1485692085125
4626,1176.1485692085125
4627,1176.1485692085125
4628,1176.1485692085125
4629,1176.1485692085125
4630,1176.1485692085125
4631,1176.1485692085125
4632,1176.1485692085125
4633,1176.1485692085125
4634,1176.1485692085125
4635,1176.1485692085125
4636,1176.1485692085125
4637,1176.1485692085125
4638,1176.1485692085125
4639,1176.1485692085125
4640,1176.1485692085125
4641,1176.1485692085125
4642,1176.1485692085125
4643,1176.1485692085125
4644,1176.1485692085125
4645,1176.1485692085125
4646,1176.1485692085125
4647,1176.1485692085125
4648,1176.1485692085125
4649,1176.1485692085125
4650,1176.1485692085125
4651,1176.1485692085125
4652,1176.1485692085125
4653,1176.1485692085125
4654,1176.1485692085125
4655,1176.1485692085125
4656,1176.1485692085125
4657,1176.1485692085125
4658,1176.1485692085125
4659,1176.1485692085125
4660,1176.1485692085125
4661,1176.1485692085125
4662,1176.1485692085125
4663,1176.1485692085125
4664,1176.1485692085125
4665,1176.1485692085125
4666,1176.1485692085125
4667,1176.1485692085125
4668,1176.1485692085125
4669,1176.1485692085125
4670,1176.1485692085125
4671,1176.1485692085125
4672,1176.1485692085125
4673,1176.1485692085125
4674,1176.1485692085125
4675,1176.1485692085125
4676,1176.1485692085125
4677,1176.1485692085125
4678,1176.1485692085125
4679,1176.1485692085125
4680,1176.1485692085125
4681,1176.1485692085125
4682,1176.1485692085125
4683,1176.1485692085125
4684,1176.1485692085125
4685,1176.1485692085125
4686,1176.1485692085125
4687,1176.1485692085125
4688,1176.1485692085125
4689,1176.1485692085125
4690,1176.1485692085125
4691,1176.1485692085125
4692,1176.1485692085125
4693,1176.1485692085125
4694,1176.1485692085125
4695,1176.1485692085125
4696,1176.1485692085125
4697,1176.1485692085125
4698,1176.1485692085125
4699,1176.1485692085125
4700,1176.1485692085125
4701,1176.1485692085125
4702,1176.1485692085125
4703,1176.1485692085125
4704,1176.1485692085125
4705,1176.1485692085125
4706,1176.1485692085125
4707,1176.1485692085125
4708,1176.1485692085125
4709,1176.1485692085125
4710,1176.1485692085125
4711,1176.1485692085125
4712,1176.1485692085125
4713,1176.1485692085125
4714,1176.1485692085125
4715,1176.1485692085125
4716,1176.1485692085125
4717,1176.1485692085125
4718,1176.1485692085125
4719,1176.1485692085125
4720,1176.1485692085125
4721,1176.1485692085125
4722,1176.1485692085125
4723,1176.1485692085125
4724,1176.1485692085125
4725,1176.1485692085125
4726,1176.1485692085125
4727,1176.1485692085125
4728,1176.1485692085125
4729,1176.1485692085125
4730,1176.1485692085125
4731,1176.1485692085125
4732,1176.1485692085125
4733,1176.1485692085125
4734,1176.1485692085125
4735,1176.1485692085125
4736,1176.1485692085125
4737,1176.1485692085125
4738,1176.1485692085125
4739,1176.1485692085125
4740,1176.1485692085125
4741,1176.1485692085125
4742,1176.1485692085125
4743,1176.1485692085125
4744,1176.1485692085125
4745,1176.1485692085125
4746,1176.1485692085125
4747,1176.1485692085125
4748,1176.1485692085125
4749,1176.1485692085125
4750,1176.1485692085125
4751,1176.1485692085125
4752,1176.1485692085125
4753,1176.1485692085125
4754,1176.1485692085125
4755,1176.1485692085125
4756,1176.1485692085125
4757,1176.1485692085125
4758,1176.1485692085125
4759,1176.1485692085125
4760,1176.1485692085125
4761,1176.1485692085125
4762,1176.1485692085125
4763,1176.1485692085125
4764,1176.1485692085125
4765,1176.1485692085125
4766,1176.1485692085125
4767,1176.1485692085125
4768,1176.1485692085125
4769,1176.1485692085125
4770,1176.1485692085125
4771,1176.1485692085125
4772,1176.1485692085125
4773,1176.1485692085125
4774,1176.1485692085125
4775,1176.1485692085125
4776,1176.1485692085125
4777,1176.1485692085125
4778,1176.1485692085125
4779,1176.1485692085125
4780,1176.1485692085125
4781,1176.1485692085125
4782,1176.1485692085125
4783,1176.1485692085125
4784,1176.1485692085125
4785,1176.1485692085125
4786,1176.1485692085125
4787,1176.1485692085125
4788,1176.1485692085125
4789,1176.1485692085125
4790,1176.1485692085125
4791,1176.1485692085125
4792,1176.1485692085125
4793,1176.1485692085125
4794,1176.1485692085125
4795,1176.1485692085125
4796,1176.1485692085125
4797,1176.1485692085125
4798,1176.1485692085125
4799,1176.1485692085125
4800,1176.1485692085125
4801,1176.1485692085125
4802,1176.1485692085125
4803,1176.1485692085125
4804,1176.1485692085125
4805,1176.1485692085125
4806,1176.1485692085125
4807,1176.1485692085125
4808,1176.1485692085125
4809,1176.1485692085125
4810,1176.1485692085125
4811,1176.1485692085125
4812,1176.1485692085125
4813,1176.1485692085125
4814,1176.1485692085125
4815,1176.1485692085125
4816,1176.1485692085125
4817,1176.1485692085125
4818,1176.1485692085125
4819,1176.1485692085125
4820,1176.1485692085125
4821,1176.1485692085125
4822,1176.1485692085125
4823,1176.1485692085125
4824,1176.1485692085125
4825,1176.1485692085125
4826,1176.1485692085125
4827,1176.1485692085125
4828,1176.1485692085125
4829,1176.1485692085125
4830,1176.1485692085125
4831,1176.1485692085125
4832,1176.1485692085125
4833,1176.1485692085125
4834,1176.1485692085125
4835,1176.1485692085125
4836,1176.1485692085125
4837,1176.1485692085125
4838,1176.1485692085125
4839,1176.1485692085125
4840,1176.1485692085125
4841,1176.1485692085125
4842,1176.1485692085125
4843,1176.1485692085125
4844,1176.1485692085125
4845,1176.1485692085125
4846,1176.1485692085125
4847,1176.1485692085125
4848,1176.1485692085125
4849,1176.1485692085125
4850,1176.1485692085125
4851,1176.1485692085125
4852,1176.1485692085125
4853,1176.1485692085125
4854,1176.1485692085125
4855,1176.1485692085125
4856,1176.1485692085125
4857,1176.1485692085125
4858,1176.1485692085125
4859,1176.1485692085125
4860,1176.1485692085125
4861,1176.1485692085125
4862,1176.1485692085125
4863,1176.1485692085125
4864,1176.1485692085125
4865,1176.1485692085125
4866,1176.1485692085125
4867,1176.1485692085125
4868,1176.1485692085125
4869,1176.1485692085125
4870,1176.1485692085125
4871,1176.1485692085125
4872,1176.1485692085125
4873,1176.1485692085125
4874,1176.1485692085125
4875,1176.1485692085125
4876,1176.1485692085125
4877,1176.1485692085125
4878,1176.1485692085125
4879,1176.1485692085125
4880,1176.1485692085125
4881,1176.1485692085125
4882,1176.1485692085125
4883,1176.1485692085125
4884,1176.1485692085125
4885,1176.1485692085125
4886,1176.1485692085125
4887,1176.1485692085125
4888,1176.1485692085125
4889,1176.1485692085125
4890,1176.1485692085125
4891,1176.1485692085125
4892,1176.1485692085125
4893,1176.1485692085125
4894,1176.1485692085125
4895,1176.1485692085125
4896,1176.1485692085125
4897,1176.1485692085125
4898,1176.1485692085125
4899,1176.1485692085125
4900,1176.1485692085125
4901,1176.1485692085125
4902,1176.1485692085125
4903,1176.1485692085125
4904,1176.1485692085125
4905,1176.1485692085125
4906,1176.1485692085125
4907,1176.1485692085125
4908,1176.1485692085125
4909,1176.1485692085125
4910,1176.1485692085125
4911,1176.1485692085125
4912,1176.1485692085125
4913,1176.1485692085125
4914,1176.1485692085125
4915,1176.1485692085125
4916,1176.1485692085125
4917,1176.1485692085125
4918,1176.1485692085125
4919,1176.1485692085125
4920,1176.1485692085125
4921,1176.1485692085125
4922,1176.1485692085125
4923,1176.1485692085125
4924,1176.1485692085125
4925,1176.1485692085125
4926,1176.1485692085125
4927,1176.1485692085125
4928,1176.1485692085125
4929,1176.1485692085125
4930,1176.1485692085125
4931,1176.1485692085125
4932,1176.1485692085125
4933,1176.1485692085125
4934,1176.1485692085125
4935,1176.1485692085125
4936,1176.1485692085125
4937,1176.1485692085125
4938,1176.1485692085125
4939,1176.1485692085125
4940,1176.1485692085125
4941,1176.1485692085125
4942,1176.1485692085125
4943,1176.1485692085125
4944,1176.1485692085125
4945,1176.1485692085125
4946,1176.1485692085125
4947,1176.1485692085125
4948,1176.1485692085125
4949,1176.1485692085125
4950,1176.1485692085125
4951,1176.1485692085125
4952,1176.1485692085125
4953,1176.1485692085125
4954,1176.1485692085125
4955,1176.1485692085125
4956,1176.1485692085125
4957,1176.1485692085125
4958,1176.1485692085125
4959,1176.1485692085125
4960,1176.1485692085125
4961,1176.1485692085125
4962,1176.1485692085125
4963,1176.1485692085125
4964,1176.1485692085125
4965,1176.1485692085125
4966,1176.1485692085125
4967,1176.1485692085125
4968,1176.1485692085125
4969,1176.1485692085125
4970,1176.1485692085125
4971,1176.1485692085125
4972,1176.1485692085125
4973,1176.1485692085125
4974,1176.1485692085125
4975,1176.1485692085125
4976,1176.1485692085125
4977,1176.1485692085125
4978,1176.1485692085125
4979,1176.1485692085125
4980,1176.1485692085125
4981,1176.1485692085125
4982,1176.1485692085125
4983,1176.1485692085125
4984,1176.1485692085125
4985,1176.1485692085125
4986,1176.1485692085125
4987,1176.1485692085125
4988,1176.1485692085125
4989,1176.1485692085125
4990,1176.1485692085125
4991,1176.1485692085125
4992,1176.1485692085125
4993,1176.1485692085125
4994,1176.1485692085125
4995,1176.1485692085125
4996,1176.1485692085125
4997,1176.1485692085125
4998,1176.1485692085125
4999,1176.1485692085125
5000,1176.1485692085125
5001,1176.1485692085125
5002,1176.1485692085125
5003,1176.1485692085125
5004,1176.1485692085125
5005,1176.1485692085125
5006,1176.1485692085125
5007,1176.1485692085125
5008,1176.1485692085125
5009,1176.1485692085125
5010,1176.1485692085125
5011,1176.1485692085125
5012,1176.1485692085125
5013,1176.1485692085125
5014,1176.1485692085125
5015,1176.1485692085125
5016,1176.1485692085125
5017,1176.1485692085125
5018,1176.1485692085125
5019,1176.1485692085125
5020,1176.1485692085125
5021,1176.1485692085125
5022,1176.1485692085125
5023,1176.1485692085125
5024,1176.1485692085125
5025,1176.1485692085125
5026,1176.1485692085125
5027,1176.1485692085125
5028,1176.1485692085125
5029,1176.1485692085125
5030,1176.1485692085125
5031,1176.1485692085125
5032,1176.1485692085125
5033,1176.1485692085125
5034,1176.1485692085125
5035,1176.1485692085125
5036,1176.1485692085125
5037,1176.1485692085125
5038,1176.1485692085125
5039,1176.1485692085125
5040,1176.1485692085125
5041,1176.1485692085125
5042,1176.1485692085125
5043,1176.1485692085125
5044,1176.1485692085125
5045,1176.1485692085125
5046,1176.1485692085125
5047,1176.1485692085125
5048,1176.1485692085125
5049,1176.1485692085125
5050,1176.1485692085125
5051,1176.1485692085125
5052,1176.1485692085125
5053,1176.1485692085125
5054,1176.1485692085125
5055,1176.1485692085125
5056,1176.1485692085125
5057,1176.1485692085125
5058,1176.1485692085125
5059,1176.1485692085125
5060,1176.1485692085125
5061,1176.1485692085125
5062,1176.1485692085125
5063,1176.1485692085125
5064,1176.1485692085125
5065,1176.1485692085125
5066,1176.1485692085125
5067,1176.1485692085125
5068,1176.1485692085125
5069,1176.1485692085125
5070,1176.1485692085125
5071,1176.1485692085125
5072,1176.1485692085125
5073,1176.1485692085125
5074,1176.1485692085125
5075,1176.1485692085125
5076,1176.1485692085125
5077,1176.1485692085125
5078,1176.1485692085125
5079,1176.1485692085125
5080,1176.1485692085125
5081,1176.1485692085125
5082,1176.1485692085125
5083,1176.1485692085125
5084,1176.1485692085125
5085,1176.1485692085125
5086,1176.1485692085125
5087,1176.1485692085125
5088,1176.1485692085125
5089,1176.1485692085125
5090,1176.1485692085125
5091,1176.1485692085125
5092,1176.1485692085125
5093,1176.1485692085125
5094,1176.1485692085125
5095,1176.1485692085125
5096,1176.1485692085125
5097,1176.1485692085125
5098,1176.1485692085125
5099,1176.1485692085125
5100,1176.1485692085125
5101,1176.1485692085125
5102,1176.1485692085125
5103,1176.1485692085125
5104,1176.1485692085125
5105,1176.1485692085125
5106,1176.1485692085125
5107,1176.1485692085125
5108,1176.1485692085125
5109,1176.1485692085125
5110,1176.1485692085125
5111,1176.1485692085125
5112,1176.1485692085125
5113,1176.1485692085125
5114,1176.1485692085125
5115,1176.1485692085125
5116,1176.1485692085125
5117,1176.1485692085125
5118,1176.1485692085125
5119,1176.1485692085125
5120,1176.1485692085125
5121,1176.1485692085125
5122,1176.1485692085125
5123,1176.1485692085125
5124,1176.1485692085125
5125,1176.1485692085125
5126,1176.1485692085125
5127,1176.1485692085125
5128,1176.1485692085125
5129,1176.1485692085125
5130,1176.1485692085125
5131,1176.1485692085125
5132,1176.1485692085125
5133,1176.1485692085125
5134,1176.1485692085125
5135,1176.1485692085125
5136,1176.1485692085125
5137,1176.1485692085125
5138,1176.1485692085125
5139,1176.1485692085125
5140,1176.1485692085125
5141,1176.1485692085125
5142,1176.1485692085125
5143,1176.1485692085125
5144,1176.1485692085125
5145,1176.1485692085125
5146,1176.1485692085125
5147,1176.1485692085125
5148,1176.1485692085125
5149,1176.1485692085125
5150,1176.1485692085125
5151,1176.1485692085125
5152,1176.1485692085125
5153,1176.1485692085125
5154,1176.1485692085125
5155,1176.1485692085125
5156,1176.1485692085125
5157,1176.1485692085125
5158,1176.1485692085125
5159,1176.1485692085125
5160,1176.1485692085125
5161,1176.1485692085125
5162,1176.1485692085125
5163,1176.1485692085125
5164,1176.1485692085125
5165,1176.1485692085125
5166,1176.1485692085125
5167,1176.1485692085125
5168,1176.1485692085125
5169,1176.1485692085125
5170,1176.1485692085125
5171,1176.1485692085125
5172,1176.1485692085125
5173,1176.1485692085125
5174,1176.1485692085125
5175,1176.1485692085125
5176,1176.1485692085125
5177,1176.1485692085125
5178,1176.1485692085125
5179,1176.1485692085125
5180,1176.1485692085125
5181,1176.1485692085125
5182,1176.1485692085125
5183,1176.1485692085125
5184,1176.1485692085125
5185,1176.1485692085125
5186,1176.1485692085125
5187,1176.1485692085125
5188,1176.1485692085125
5189,1176.1485692085125
5190,1176.1485692085125
5191,1176.1485692085125
5192,1176.1485692085125
5193,1176.1485692085125
5194,1176.1485692085125
5195,1176.1485692085125
5196,1176.1485692085125
5197,1176.1485692085125
5198,1176.1485692085125
5199,1176.1485692085125
5200,1176.1485692085125
5201,1176.1485692085125
5202,1176.1485692085125
5203,1176.1485692085125
5204,1176.1485692085125
5205,1176.1485692085125
5206,1176.1485692085125
5207,1176.1485692085125
5208,1176.1485692085125
5209,1176.1485692085125
5210,1176.1485692085125
5211,1176.1485692085125
5212,1176.1485692085125
5213,1176.1485692085125
5214,1176.1485692085125
5215,1176.1485692085125
5216,1176.1485692085125
5217,1176.1485692085125
5218,1176.1485692085125
5219,1176.1485692085125
5220,1176.1485692085125
5221,1176.1485692085125
5222,1176.1485692085125
5223,1176.1485692085125
5224,1176.1485692085125
5225,1176.1485692085125
5226,1176.1485692085125
5227,1176.1485692085125
5228,1176.1485692085125
5229,1176.1485692085125
5230,1176.1485692085125
5231,1176.1485692085125
5232,1176.1485692085125
5233,1176.1485692085125
5234,1176.1485692085125
5235,1176.1485692085125
5236,1176.1485692085125
5237,1176.1485692085125
5238,1176.1485692085125
5239,1176.1485692085125
5240,1176.1485692085125
5241,1176.1485692085125
5242,1176.1485692085125
5243,1176.1485692085125
5244,1176.1485692085125
5245,1176.1485692085125
5246,1176.1485692085125
5247,1176.1485692085125
5248,1176.1485692085125
5249,1176.1485692085125
5250,1176.1485692085125
5251,1176.1485692085125
5252,1176.1485692085125
5253,1176.1485692085125
5254,1176.1485692085125
5255,1176.1485692085125
5256,1176.1485692085125
5257,1176.1485692085125
5258,1176.1485692085125
5259,1176.1485692085125
5260,1176.1485692085125
5261,1176.1485692085125
5262,1176.1485692085125
5263,1176.1485692085125
5264,1176.1485692085125
5265,1176.1485692085125
5266,1176.1485692085125
5267,1176.1485692085125
5268,1176.1485692085125
5269,1176.1485692085125
5270,1176.1485692085125
5271,1176.1485692085125
5272,1176.1485692085125
5273,1176.1485692085125
5274,1176.1485692085125
5275,1176.1485692085125
5276,1176.1485692085125
5277,1176.1485692085125
5278,1176.1485692085125
5279,1176.1485692085125
5280,1176.1485692085125
5281,1176.1485692085125
5282,1176.1485692085125
5283,1176.1485692085125
5284,1176.1485692085125
5285,1176.1485692085125
5286,1176.1485692085125
5287,1176.1485692085125
5288,1176.1485692085125
5289,1176.1485692085125
5290,1176.1485692085125
5291,1176.1485692085125
5292,1176.1485692085125
5293,1176.1485692085125
5294,1176.1485692085125
5295,1176.1485692085125
5296,1176.1485692085125
5297,1176.1485692085125
5298,1176.1485692085125
5299,1176.1485692085125
5300,1176.1485692085125
5301,1176.1485692085125
5302,1176.1485692085125
5303,1176.1485692085125
5304,1176.1485692085125
5305,1176.1485692085125
5306,1176.1485692085125
5307,1176.1485692085125
5308,1176.1485692085125
5309,1176.1485692085125
5310,1176.1485692085125
5311,1176.1485692085125
5312,1176.1485692085125
5313,1176.1485692085125
5314,1176.1485692085125
5315,1176.1485692085125
5316,1176.1485692085125
5317,1176.1485692085125
5318,1176.1485692085125
5319,1176.1485692085125
5320,1176.1485692085125
5321,1176.1485692085125
5322,1176.1485692085125
5323,1176.1485692085125
5324,1176.1485692085125
5325,1176.1485692085125
5326,1176.1485692085125
5327,1176.1485692085125
5328,1176.1485692085125
5329,1176.1485692085125
5330,1176.1485692085125
5331,1176.1485692085125
5332,1176.1485692085125
5333,1176.1485692085125
5334,1176.1485692085125
5335,1176.1485692085125
5336,1176.1485692085125
5337,1176.1485692085125
5338,1176.1485692085125
5339,1176.1485692085125
5340,1176.1485692085125
5341,1176.1485692085125
5342,1176.1485692085125
5343,1176.1485692085125
5344,1176.1485692085125
5345,1176.1485692085125
5346,1176.1485692085125
5347,1176.1485692085125
5348,1176.1485692085125
5349,1176.1485692085125
5350,1176.1485692085125
5351,1176.1485692085125
5352,1176.1485692085125
5353,1176.1485692085125
5354,1176.1485692085125
5355,1176.1485692085125
5356,1176.1485692085125
5357,1176.1485692085125
5358,1176.1485692085125
5359,1176.1485692085125
5360,1176.1485692085125
5361,1176.1485692085125
5362,1176.1485692085125
5363,1176.1485692085125
5364,1176.1485692085125
5365,1176.1485692085125
5366,1176.1485692085125
5367,1176.1485692085125
5368,1176.1485692085125
5369,1176.1485692085125
5370,1176.1485692085125
5371,1176.1485692085125
5372,1176.1485692085125
5373,1176.1485692085125
5374,1176.1485692085125
5375,1176.1485692085125
5376,1176.1485692085125
5377,1176.1485692085125
5378,1176.1485692085125
5379,1176.1485692085125
5380,1176.1485692085125
5381,1176.1485692085125
5382,1176.1485692085125
5383,1176.1485692085125
5384,1176.1485692085125
5385,1176.1485692085125
5386,1176.1485692085125
5387,1176.1485692085125
5388,1176.1485692085125
5389,1176.1485692085125
5390,1176.1485692085125
5391,1176.1485692085125
5392,1176.1485692085125
5393,1176.1485692085125
5394,1176.1485692085125
5395,1176.1485692085125
5396,1176.1485692085125
5397,1176.1485692085125
5398,1176.1485692085125
5399,1176.1485692085125
5400,1176.1485692085125
5401,1176.1485692085125
5402,1176.1485692085125
5403,1176.1485692085125
5404,1176.1485692085125
5405,1176.1485692085125
5406,1176.1485692085125
5407,1176.1485692085125
5408,1176.1485692085125
5409,1176.1485692085125
5410,1176.1485692085125
5411,1176.1485692085125
5412,1176.1485692085125
5413,1176.1485692085125
5414,1176.1485692085125
5415,1176.1485692085125
5416,1176.1485692085125
5417,1176.1485692085125
5418,1176.1485692085125
5419,1176.1485692085125
5420,1176.1485692085125
5421,1176.1485692085125
5422,1176.1485692085125
5423,1176.1485692085125
5424,1176.1485692085125
5425,1176.1485692085125
5426,1176.1485692085125
5427,1176.1485692085125
5428,1176.1485692085125
5429,1176.1485692085125
5430,1176.1485692085125
5431,1176.1485692085125
5432,1176.1485692085125
5433,1176.1485692085125
5434,1176.1485692085125
5435,1176.1485692085125
5436,1176.1485692085125
5437,1176.1485692085125
5438,1176.1485692085125
5439,1176.1485692085125
5440,1176.1485692085125
5441,1176.1485692085125
5442,1176.1485692085125
5443,1176.1485692085125
5444,1176.1485692085125
5445,1176.1485692085125
5446,1176.1485692085125
5447,1176.1485692085125
5448,1176.1485692085125
5449,1176.1485692085125
5450,1176.1485692085125
5451,1176.1485692085125
5452,1176.1485692085125
5453,1176.1485692085125
5454,1176.1485692085125
5455,1176.1485692085125
5456,1176.1485692085125
5457,1176.1485692085125
5458,1176.1485692085125
5459,1176.1485692085125
5460,1176.1485692085125
5461,1176.1485692085125
5462,1176.1485692085125
5463,1176.1485692085125
5464,1176.1485692085125
5465,1176.1485692085125
5466,1176.1485692085125
5467,1176.1485692085125
5468,1176.1485692085125
5469,1176.1485692085125
5470,1176.1485692085125
5471,1176.1485692085125
5472,1176.1485692085125
5473,1176.1485692085125
5474,1176.1485692085125
5475,1176.1485692085125
5476,1176.1485692085125
5477,1176.1485692085125
5478,1176.1485692085125
5479,1176.1485692085125
5480,1176.1485692085125
5481,1176.1485692085125
5482,1176.1485692085125
5483,1176.1485692085125
5484,1176.1485692085125
5485,1176.1485692085125
5486,1176.1485692085125
5487,1176.1485692085125
5488,1176.1485692085125
5489,1176.1485692085125
5490,1176.1485692085125
5491,1176.1485692085125
5492,1176.1485692085125
5493,1176.1485692085125
5494,1176.1485692085125
5495,1176.1485692085125
5496,1176.1485692085125
5497,1176.1485692085125
5498,1176.1485692085125
5499,1176.1485692085125
5500,1176.1485692085125
5501,1176.1485692085125
5502,1176.1485692085125
5503,1176.1485692085125
5504,1176.1485692085125
5505,1176.1485692085125
5506,1176.1485692085125
5507,1176.1485692085125
5508,1176.1485692085125
5509,1176.1485692085125
5510,1176.1485692085125
5511,1176.1485692085125
5512,1176.1485692085125
5513,1176.1485692085125
5514,1176.1485692085125
5515,1176.1485692085125
5516,1176.1485692085125
5517,1176.1485692085125
5518,1176.1485692085125
5519,1176.1485692085125
5520,1176.1485692085125
5521,1176.1485692085125
5522,1176.1485692085125
5523,1176.1485692085125
5524,1176.1485692085125
5525,1176.1485692085125
5526,1176.1485692085125
5527,1176.1485692085125
5528,1176.1485692085125
5529,1176.1485692085125
5530,1176.1485692085125
5531,1176.1485692085125
5532,1176.1485692085125
5533,1176.1485692085125
5534,1176.1485692085125
5535,1176.1485692085125
5536,1176.1485692085125
5537,1176.1485692085125
5538,1176.1485692085125
5539,1176.1485692085125
5540,1176.1485692085125
5541,1176.1485692085125
5542,1176.1485692085125
5543,1176.1485692085125
5544,1176.1485692085125
5545,1176.1485692085125
5546,1176.1485692085125
5547,1176.1485692085125
5548,1176.1485692085125
5549,1176.1485692085125
5550,1176.1485692085125
5551,1176.1485692085125
5552,1176.1485692085125
5553,1176.1485692085125
5554,1176.1485692085125
5555,1176.1485692085125
5556,1176.1485692085125
5557,1176.1485692085125
5558,1176.1485692085125
5559,1176.1485692085125
5560,1176.1485692085125
5561,1176.1485692085125
5562,1176.1485692085125
5563,1176.1485692085125
5564,1176.1485692085125
5565,1176.1485692085125
5566,1176.1485692085125
5567,1176.1485692085125
5568,1176.1485692085125
5569,1176.1485692085125
5570,1176.1485692085125
5571,1176.1485692085125
5572,1176.1485692085125
5573,1176.1485692085125
5574,1176.1485692085125
5575,1176.1485692085125
5576,1176.1485692085125
5577,1176.1485692085125
5578,1176.1485692085125
5579,1176.1485692085125
5580,1176.1485692085125
5581,1176.1485692085125
5582,1176.1485692085125
5583,1176.1485692085125
5584,1176.1485692085125
5585,1176.1485692085125
5586,1176.1485692085125
5587,1176.1485692085125
5588,1176.1485692085125
5589,1176.1485692085125
5590,1176.1485692085125
5591,1176.1485692085125
5592,1176.1485692085125
5593,1176.1485692085125
5594,1176.1485692085125
5595,1176.1485692085125
5596,1176.1485692085125
5597,1176.1485692085125
5598,1176.1485692085125
5599,1176.1485692085125
5600,1176.1485692085125
5601,1176.1485692085125
5602,1176.1485692085125
5603,1176.1485692085125
5604,1176.1485692085125
5605,1176.1485692085125
5606,1176.1485692085125
5607,1176.1485692085125
5608,1176.1485692085125
5609,1176.1485692085125
5610,1176.1485692085125
5611,1176.1485692085125
5612,1176.1485692085125
5613,1176.1485692085125
5614,1176.1485692085125
5615,1176.1485692085125
5616,1176.1485692085125
5617,1176.1485692085125
5618,1176.1485692085125
5619,1176.1485692085125
5620,1176.1485692085125
5621,1176.1485692085125
5622,1176.1485692085125
5623,1176.1485692085125
5624,1176.1485692085125
5625,1176.1485692085125
5626,1176.1485692085125
5627,1176.1485692085125
5628,1176.1485692085125
5629,1176.1485692085125
5630,1176.1485692085125
5631,1176.1485692085125
5632,1176.1485692085125
5633,1176.1485692085125
5634,1176.1485692085125
5635,1176.1485692085125
5636,1176.1485692085125
5637,1176.1485692085125
5638,1176.1485692085125
5639,1176.1485692085125
5640,1176.1485692085125
5641,1176.1485692085125
5642,1176.1485692085125
5643,1176.1485692085125
5644,1176.1485692085125
5645,1176.1485692085125
5646,1176.1485692085125
5647,1176.1485692085125
5648,1176.1485692085125
5649,1176.1485692085125
5650,1176.1485692085125
5651,1176.1485692085125
5652,1176.1485692085125
5653,1176.1485692085125
5654,1176.1485692085125
5655,1176.1485692085125
5656,1176.1485692085125
5657,1176.1485692085125
5658,1176.1485692085125
5659,1176.1485692085125
5660,1176.1485692085125
5661,1176.1485692085125
5662,1176.1485692085125
5663,1176.1485692085125
5664,1176.1485692085125
5665,1176.1485692085125
5666,1176.1485692085125
5667,1176.1485692085125
5668,1176.1485692085125
5669,1176.1485692085125
5670,1176.1485692085125
5671,1176.1485692085125
5672,1176.1485692085125
5673,1176.1485692085125
5674,1176.1485692085125
5675,1176.1485692085125
5676,1176.1485692085125
5677,1176.1485692085125
5678,1176.1485692085125
5679,1176.1485692085125
5680,1176.1485692085125
5681,1176.1485692085125
5682,1176.1485692085125
5683,1176.1485692085125
5684,1176.1485692085125
5685,1176.1485692085125
5686,1176.1485692085125
5687,1176.1485692085125
5688,1176.1485692085125
5689,1176.1485692085125
5690,1176.1485692085125
5691,1176.1485692085125
5692,1176.1485692085125
5693,1176.1485692085125
5694,1176.1485692085125
5695,1176.1485692085125
5696,1176.1485692085125
5697,1176.1485692085125
5698,1176.1485692085125
5699,1176.1485692085125
5700,1176.1485692085125
5701,1176.1485692085125
5702,1176.1485692085125
5703,1176.1485692085125
5704,1176.1485692085125
5705,1176.1485692085125
5706,1176.1485692085125
5707,1176.1485692085125
5708,1176.1485692085125
5709,1176.1485692085125
5710,1176.1485692085125
5711,1176.1485692085125
5712,1176.1485692085125
5713,1176.1485692085125
5714,1176.1485692085125
5715,1176.1485692085125
5716,1176.1485692085125
5717,1176.1485692085125
5718,1176.1485692085125
5719,1176.1485692085125
5720,1176.1485692085125
5721,1176.1485692085125
5722,1176.1485692085125
5723,1176.1485692085125
5724,1176.1485692085125
5725,1176.1485692085125
5726,1176.1485692085125
5727,1176.1485692085125
5728,1176.1485692085125
5729,1176.1485692085125
5730,1176.1485692085125
5731,1176.1485692085125
5732,1176.1485692085125
5733,1176.1485692085125
5734,1176.1485692085125
5735,1176.1485692085125
5736,1176.1485692085125
5737,1176.1485692085125
5738,1176.1485692085125
5739,1176.1485692085125
5740,1176.1485692085125
5741,1176.1485692085125
5742,1176.1485692085125
5743,1176.1485692085125
5744,1176.1485692085125
5745,1176.1485692085125
5746,1176.1485692085125
5747,1176.1485692085125
5748,1176.1485692085125
5749,1176.1485692085125
5750,1176.1485692085125
5751,1176.1485692085125
5752,1176.1485692085125
5753,1176.1485692085125
5754,1176.1485692085125
5755,1176.1485692085125
5756,1176.1485692085125
5757,1176.1485692085125
5758,1176.1485692085125
5759,1176.1485692085125
5760,1176.1485692085125
5761,1176.1485692085125
5762,1176.1485692085125
5763,1176.1485692085125
5764,1176.1485692085125
5765,1176.1485692085125
5766,1176.1485692085125
5767,1176.1485692085125
5768,1176.1485692085125
5769,1176.1485692085125
5770,1176.1485692085125
5771,1176.1485692085125
5772,1176.1485692085125
5773,1176.1485692085125
5774,1176.1485692085125
5775,1176.1485692085125
5776,1176.1485692085125
5777,1176.1485692085125
5778,1176.1485692085125
5779,1176.1485692085125
5780,1176.1485692085125
5781,1176.1485692085125
5782,1176.1485692085125
5783,1176.1485692085125
5784,1176.1485692085125
5785,1176.1485692085125
5786,1176.1485692085125
5787,1176.1485692085125
5788,1176.1485692085125
5789,1176.1485692085125
5790,1176.1485692085125
5791,1176.1485692085125
5792,1176.1485692085125
5793,1176.1485692085125
5794,1176.1485692085125
5795,1176.1485692085125
5796,1176.1485692085125
5797,1176.1485692085125
5798,1176.1485692085125
5799,1176.1485692085125
5800,1176.1485692085125
5801,1176.1485692085125
5802,1176.1485692085125
5803,1176.1485692085125
5804,1176.1485692085125
5805,1176.1485692085125
5806,1176.1485692085125
5807,1176.1485692085125
5808,1176.1485692085125
5809,1176.1485692085125
5810,1176.1485692085125
5811,1176.1485692085125
5812,1176.1485692085125
5813,1176.1485692085125
5814,1176.1485692085125
5815,1176.1485692085125
5816,1176.1485692085125
5817,1176.1485692085125
5818,1176.1485692085125
5819,1176.1485692085125
5820,1176.1485692085125
5821,1176.1485692085125
5822,1176.1485692085125
5823,1176.1485692085125
5824,1176.1485692085125
5825,1176.1485692085125
5826,1176.1485692085125
5827,1176.1485692085125
5828,1176.1485692085125
5829,1176.1485692085125
5830,1176.1485692085125
5831,1176.1485692085125
5832,1176.1485692085125
5833,1176.1485692085125
5834,1176.1485692085125
5835,1176.1485692085125
5836,1176.1485692085125
5837,1176.1485692085125
5838,1176.1485692085125
5839,1176.1485692085125
5840,1176.1485692085125
5841,1176.1485692085125
5842,1176.1485692085125
5843,1176.1485692085125
5844,1176.1485692085125
5845,1176.1485692085125
5846,1176.1485692085125
5847,1176.1485692085125
5848,1176.1485692085125
5849,1176.1485692085125
5850,1176.1485692085125
5851,1176.1485692085125
5852,1176.1485692085125
5853,1176.1485692085125
5854,1176.1485692085125
5855,1176.1485692085125
5856,1176.1485692085125
5857,1176.1485692085125
5858,1176.1485692085125
5859,1176.1485692085125
5860,1176.1485692085125
5861,1176.1485692085125
5862,1176.1485692085125
5863,1176.1485692085125
5864,1176.1485692085125
5865,1176.1485692085125
5866,1176.1485692085125
5867,1176.1485692085125
5868,1176.1485692085125
5869,1176.1485692085125
5870,1176.1485692085125
5871,1176.1485692085125
5872,1176.1485692085125
5873,1176.1485692085125
5874,1176.1485692085125
5875,1176.1485692085125
5876,1176.1485692085125
5877,1176.1485692085125
5878,1176.1485692085125
5879,1176.1485692085125
5880,1176.1485692085125
5881,1176.1485692085125
5882,1176.1485692085125
5883,1176.1485692085125
5884,1176.1485692085125
5885,1176.1485692085125
5886,1176.1485692085125
5887,1176.1485692085125
5888,1176.1485692085125
5889,1176.1485692085125
5890,1176.1485692085125
5891,1176.1485692085125
5892,1176.1485692085125
5893,1176.1485692085125
5894,1176.1485692085125
5895,1176.1485692085125
5896,1176.1485692085125
5897,1176.1485692085125
5898,1176.1485692085125
5899,1176.1485692085125
5900,1176.1485692085125
5901,1176.1485692085125
5902,1176.1485692085125
5903,1176.1485692085125
5904,1176.1485692085125
5905,1176.1485692085125
5906,1176.1485692085125
5907,1176.1485692085125
5908,1176.1485692085125
5909,1176.1485692085125
5910,1176.1485692085125
5911,1176.1485692085125
5912,1176.1485692085125
5913,1176.1485692085125
5914,1176.1485692085125
5915,1176.1485692085125
5916,1176.1485692085125
5917,1176.1485692085125
5918,1176.1485692085125
5919,1176.1485692085125
5920,1176.1485692085125
5921,1176.1485692085125
5922,1176.1485692085125
5923,1176.1485692085125
5924,1176.1485692085125
5925,1176.1485692085125
5926,1176.1485692085125
5927,1176.1485692085125
5928,1176.1485692085125
5929,1176.1485692085125
5930,1176.1485692085125
5931,1176.1485692085125
5932,1176.1485692085125
5933,1176.1485692085125
5934,1176.1485692085125
5935,1176.1485692085125
5936,1176.1485692085125
5937,1176.1485692085125
5938,1176.1485692085125
5939,1176.1485692085125
5940,1176.1485692085125
5941,1176.1485692085125
5942,1176.1485692085125
5943,1176.1485692085125
5944,1176.1485692085125
5945,1176.1485692085125
5946,1176.1485692085125
5947,1176.1485692085125
5948,1176.1485692085125
5949,1176.1485692085125
5950,1176.1485692085125
5951,1176.1485692085125
5952,1176.1485692085125
5953,1176.1485692085125
5954,1176.1485692085125
5955,1176.1485692085125
5956,1176.1485692085125
5957,1176.1485692085125
5958,1176.1485692085125
5959,1176.1485692085125
5960,1176.1485692085125
5961,1176.1485692085125
5962,1176.1485692085125
5963,1176.1485692085125
5964,1176.1485692085125
5965,1176.1485692085125
5966,1176.1485692085125
5967,1176.1485692085125
5968,1176.1485692085125
5969,1176.1485692085125
5970,1176.1485692085125
5971,1176.1485692085125
5972,1176.1485692085125
5973,1176.1485692085125
5974,1176.1485692085125
5975,1176.1485692085125
5976,1176.1485692085125
5977,1176.1485692085125
5978,1176.1485692085125
5979,1176.1485692085125
5980,1176.1485692085125
5981,1176.1485692085125
5982,1176.1485692085125
5983,1176.1485692085125
5984,1176.1485692085125
5985,1176.1485692085125
5986,1176.1485692085125
5987,1176.1485692085125
5988,1176.1485692085125
5989,1176.1485692085125
5990,1176.1485692085125
5991,1176.1485692085125
5992,1176.1485692085125
5993,1176.1485692085125
5994,1176.1485692085125
5995,1176.1485692085125
5996,1176.1485692085125
5997,1176.1485692085125
5998,1176.1485692085125
5999,1176.1485692085125
6000,1176.1485692085125
6001,1176.1485692085125
6002,1176.1485692085125
6003,1176.1485692085125
6004,1176.1485692085125
6005,1176.1485692085125
6006,1176.1485692085125
6007,1176.1485692085125
6008,1176.1485692085125
6009,1176.1485692085125
6010,1176.1485692085125
6011,1176.1485692085125
6012,1176.1485692085125
6013,1176.1485692085125
6014,1176.1485692085125
6015,1176.1485692085125
6016,1176.1485692085125
6017,1176.1485692085125
6018,1176.1485692085125
6019,1176.1485692085125
6020,1176.1485692085125
6021,1176.1485692085125
6022,1176.1485692085125
6023,1176.1485692085125
6024,1176.1485692085125
6025,1176.1485692085125
6026,1176.1485692085125
6027,1176.1485692085125
6028,1176.1485692085125
6029,1176.1485692085125
6030,1176.1485692085125
6031,1176.1485692085125
6032,1176.1485692085125
6033,1176.1485692085125
6034,1176.1485692085125
6035,1176.1485692085125
6036,1176.1485692085125
6037,1176.1485692085125
6038,1176.1485692085125
6039,1176.1485692085125
6040,1176.1485692085125
6041,1176.1485692085125
6042,1176.1485692085125
6043,1176.1485692085125
6044,1176.1485692085125
6045,1176.1485692085125
6046,1176.1485692085125
6047,1176.1485692085125
6048,1176.1485692085125
6049,1176.1485692085125
6050,1176.1485692085125
6051,1176.1485692085125
6052,1176.1485692085125
6053,1176.1485692085125
6054,1176.1485692085125
6055,1176.1485692085125
6056,1176.1485692085125
6057,1176.1485692085125
6058,1176.1485692085125
6059,1176.1485692085125
6060,1176.1485692085125
6061,1176.1485692085125
6062,1176.1485692085125
6063,1176.1485692085125
6064,1176.1485692085125
6065,1176.1485692085125
6066,1176.1485692085125
6067,1176.1485692085125
6068,1176.1485692085125
6069,1176.1485692085125
6070,1176.1485692085125
6071,1176.1485692085125
6072,1176.1485692085125
6073,1176.1485692085125
6074,1176.1485692085125
6075,1176.1485692085125
6076,1176.1485692085125
6077,1176.1485692085125
6078,1176.1485692085125
6079,1176.1485692085125
6080,1176.1485692085125
6081,1176.1485692085125
6082,1176.1485692085125
6083,1176.1485692085125
6084,1176.1485692085125
6085,1176.1485692085125
6086,1176.1485692085125
6087,1176.1485692085125
6088,1176.1485692085125
6089,1176.1485692085125
6090,1176.1485692085125
6091,1176.1485692085125
6092,1176.1485692085125
6093,1176.1485692085125
6094,1176.1485692085125
6095,1176.1485692085125
6096,1176.1485692085125
6097,1176.1485692085125
6098,1176.1485692085125
6099,1176.1485692085125
6100,1176.1485692085125
6101,1176.1485692085125
6102,1176.1485692085125
6103,1176.1485692085125
6104,1176.1485692085125
6105,1176.1485692085125
6106,1176.1485692085125
6107,1176.1485692085125
6108,1176.1485692085125
6109,1176.1485692085125
6110,1176.1485692085125
6111,1176.1485692085125
6112,1176.1485692085125
6113,1176.1485692085125
6114,1176.1485692085125
6115,1176.1485692085125
6116,1176.1485692085125
6117,1176.1485692085125
6118,1176.1485692085125
6119,1176.1485692085125
6120,1176.1485692085125
6121,1176.1485692085125
6122,1176.1485692085125
6123,1176.1485692085125
6124,1176.1485692085125
6125,1176.1485692085125
6126,1176.1485692085125
6127,1176.1485692085125
6128,1176.1485692085125
6129,1176.1485692085125
6130,1176.1485692085125
6131,1176.1485692085125
6132,1176.1485692085125
6133,1176.1485692085125
6134,1176.1485692085125
6135,1176.1485692085125
6136,1176.1485692085125
6137,1176.1485692085125
6138,1176.1485692085125
6139,1176.1485692085125
6140,1176.1485692085125
6141,1176.1485692085125
6142,1176.1485692085125
6143,1176.1485692085125
6144,1176.1485692085125
6145,1176.1485692085125
6146,1176.1485692085125
6147,1176.1485692085125
6148,1176.1485692085125
6149,1176.1485692085125
6150,1176.1485692085125
6151,1176.1485692085125
6152,1176.1485692085125
6153,1176.1485692085125
6154,1176.1485692085125
6155,1176.1485692085125
6156,1176.1485692085125
6157,1176.1485692085125
6158,1176.1485692085125
6159,1176.1485692085125
6160,1176.1485692085125
6161,1176.1485692085125
6162,1176.1485692085125
6163,1176.1485692085125
6164,1176.1485692085125
6165,1176.1485692085125
6166,1176.1485692085125
6167,1176.1485692085125
6168,1176.1485692085125
6169,1176.1485692085125
6170,1176.1485692085125
6171,1176.1485692085125
6172,1176.1485692085125
6173,1176.1485692085125
6174,1176.1485692085125
6175,1176.1485692085125
6176,1176.1485692085125
6177,1176.1485692085125
6178,1176.1485692085125
6179,1176.1485692085125
6180,1176.1485692085125
6181,1176.1485692085125
6182,1176.1485692085125
6183,1176.1485692085125
6184,1176.1485692085125
6185,1176.1485692085125
6186,1176.1485692085125
6187,1176.1485692085125
6188,1176.1485692085125
6189,1176.1485692085125
6190,1176.1485692085125
6191,1176.1485692085125
6192,1176.1485692085125
6193,1176.1485692085125
6194,1176.1485692085125
6195,1176.1485692085125
6196,1176.1485692085125
6197,1176.1485692085125
6198,1176.1485692085125
6199,1176.1485692085125
6200,1176.1485692085125
6201,1176.1485692085125
6202,1176.1485692085125
6203,1176.1485692085125
6204,1176.1485692085125
6205,1176.1485692085125
6206,1176.1485692085125
6207,1176.1485692085125
6208,1176.1485692085125
6209,1176.1485692085125
6210,1176.1485692085125
6211,1176.1485692085125
6212,1176.1485692085125
6213,1176.1485692085125
6214,1176.1485692085125
6215,1176.1485692085125
6216,1176.1485692085125
6217,1176.1485692085125
6218,1176.1485692085125
6219,1176.1485692085125
6220,1176.1485692085125
6221,1176.1485692085125
6222,1176.1485692085125
6223,1176.1485692085125
6224,1176.1485692085125
6225,1176.1485692085125
6226,1176.1485692085125
6227,1176.1485692085125
6228,1176.1485692085125
6229,1176.1485692085125
6230,1176.1485692085125
6231,1176.1485692085125
6232,1176.1485692085125
6233,1176.1485692085125
6234,1176.1485692085125
6235,1176.1485692085125
6236,1176.1485692085125
6237,1176.1485692085125
6238,1176.1485692085125
6239,1176.1485692085125
6240,1176.1485692085125
6241,1176.1485692085125
6242,1176.1485692085125
6243,1176.1485692085125
6244,1176.1485692085125
6245,1176.1485692085125
6246,1176.1485692085125
6247,1176.1485692085125
6248,1176.1485692085125
6249,1176.1485692085125
6250,1176.1485692085125
6251,1176.1485692085125
6252,1176.1485692085125
6253,1176.1485692085125
6254,1176.1485692085125
6255,1176.1485692085125
6256,1176.1485692085125
6257,1176.1485692085125
6258,1176.1485692085125
6259,1176.1485692085125
6260,1176.1485692085125
6261,1176.1485692085125
6262,1176.1485692085125
6263,1176.1485692085125
6264,1176.1485692085125
6265,1176.1485692085125
6266,1176.1485692085125
6267,1176.1485692085125
6268,1176.1485692085125
6269,1176.1485692085125
6270,1176.1485692085125
6271,1176.1485692085125
6272,1176.1485692085125
6273,1176.1485692085125
6274,1176.1485692085125
6275,1176.1485692085125
6276,1176.1485692085125
6277,1176.1485692085125
6278,1176.1485692085125
6279,1176.1485692085125
6280,1176.1485692085125
6281,1176.1485692085125
6282,1176.1485692085125
6283,1176.1485692085125
6284,1176.1485692085125
6285,1176.1485692085125
6286,1176.1485692085125
6287,1176.1485692085125
6288,1176.1485692085125
6289,1176.1485692085125
6290,1176.1485692085125
6291,1176.1485692085125
6292,1176.1485692085125
6293,1176.1485692085125
6294,1176.1485692085125
6295,1176.1485692085125
6296,1176.1485692085125
6297,1176.1485692085125
6298,1176.1485692085125
6299,1176.1485692085125
6300,1176.1485692085125
6301,1176.1485692085125
6302,1176.1485692085125
6303,1176.1485692085125
6304,1176.1485692085125
6305,1176.1485692085125
6306,1176.1485692085125
6307,1176.1485692085125
6308,1176.1485692085125
6309,1176.1485692085125
6310,1176.1485692085125
6311,1176.1485692085125
6312,1176.1485692085125
6313,1176.1485692085125
6314,1176.1485692085125
6315,1176.1485692085125
6316,1176.1485692085125
6317,1176.1485692085125
6318,1176.1485692085125
6319,1176.1485692085125
6320,1176.1485692085125
6321,1176.1485692085125
6322,1176.1485692085125
6323,1176.1485692085125
6324,1176.1485692085125
6325,1176.1485692085125
6326,1176.1485692085125
6327,1176.1485692085125
6328,1176.1485692085125
6329,1176.1485692085125
6330,1176.1485692085125
6331,1176.1485692085125
6332,1176.1485692085125
6333,1176.1485692085125
6334,1176.1485692085125
6335,1176.1485692085125
6336,1176.1485692085125
6337,1176.1485692085125
6338,1176.1485692085125
6339,1176.1485692085125
6340,1176.1485692085125
6341,1176.1485692085125
6342,1176.1485692085125
6343,1176.1485692085125
6344,1176.1485692085125
6345,1176.1485692085125
6346,1176.1485692085125
6347,1176.1485692085125
6348,1176.1485692085125
6349,1176.1485692085125
6350,1176.1485692085125
6351,1176.1485692085125
6352,1176.1485692085125
6353,1176.1485692085125
6354,1176.1485692085125
6355,1176.1485692085125
6356,1176.1485692085125
6357,1176.1485692085125
6358,1176.1485692085125
6359,1176.1485692085125
6360,1176.1485692085125
6361,1176.1485692085125
6362,1176.1485692085125
6363,1176.1485692085125
6364,1176.1485692085125
6365,1176.1485692085125
6366,1176.1485692085125
6367,1176.1485692085125
6368,1176.1485692085125
6369,1176.1485692085125
6370,1176.1485692085125
6371,1176.1485692085125
6372,1176.1485692085125
6373,1176.1485692085125
6374,1176.1485692085125
6375,1176.1485692085125
6376,1176.1485692085125
6377,1176.1485692085125
6378,1176.1485692085125
6379,1176.1485692085125
6380,1176.1485692085125
6381,1176.1485692085125
6382,1176.1485692085125
6383,1176.1485692085125
6384,1176.1485692085125
6385,1176.1485692085125
6386,1176.1485692085125
6387,1176.1485692085125
6388,1176.1485692085125
6389,1176.1485692085125
6390,1176.1485692085125
6391,1176.1485692085125
6392,1176.1485692085125
6393,1176.1485692085125
6394,1176.1485692085125
6395,1176.1485692085125
6396,1176.1485692085125
6397,1176.1485692085125
6398,1176.1485692085125
6399,1176.1485692085125
6400,1176.1485692085125
6401,1176.1485692085125
6402,1176.1485692085125
6403,1176.1485692085125
6404,1176.1485692085125
6405,1176.1485692085125
6406,1176.1485692085125
6407,1176.1485692085125
6408,1176.1485692085125
6409,1176.1485692085125
6410,1176.1485692085125
6411,1176.1485692085125
6412,1176.1485692085125
6413,1176.1485692085125
6414,1176.1485692085125
6415,1176.1485692085125
6416,1176.1485692085125
6417,1176.1485692085125
6418,1176.1485692085125
6419,1176.1485692085125
6420,1176.1485692085125
6421,1176.1485692085125
6422,1176.1485692085125
6423,1176.1485692085125
6424,1176.1485692085125
6425,1176.1485692085125
6426,1176.1485692085125
6427,1176.1485692085125
6428,1176.1485692085125
6429,1176.1485692085125
6430,1176.1485692085125
6431,1176.1485692085125
6432,1176.1485692085125
6433,1176.1485692085125
6434,1176.1485692085125
6435,1176.1485692085125
6436,1176.1485692085125
6437,1176.1485692085125
6438,1176.1485692085125
6439,1176.1485692085125
6440,1176.1485692085125
6441,1176.1485692085125
6442,1176.1485692085125
6443,1176.1485692085125
6444,1176.1485692085125
6445,1176.1485692085125
6446,1176.1485692085125
6447,1176.1485692085125
6448,1176.1485692085125
6449,1176.1485692085125
6450,1176.1485692085125
6451,1176.1485692085125
6452,1176.1485692085125
6453,1176.1485692085125
6454,1176.1485692085125
6455,1176.1485692085125
6456,1176.1485692085125
6457,1176.1485692085125
6458,1176.1485692085125
6459,1176.1485692085125
6460,1176.1485692085125
6461,1176.1485692085125
6462,1176.1485692085125
6463,1176.1485692085125
6464,1176.1485692085125
6465,1176.1485692085125
6466,1176.1485692085125
6467,1176.1485692085125
6468,1176.1485692085125
6469,1176.1485692085125
6470,1176.1485692085125
6471,1176.1485692085125
6472,1176.1485692085125
6473,1176.1485692085125
6474,1176.1485692085125
6475,1176.1485692085125
6476,1176.1485692085125
6477,1176.1485692085125
6478,1176.1485692085125
6479,1176.1485692085125
6480,1176.1485692085125
6481,1176.1485692085125
6482,1176.1485692085125
6483,1176.1485692085125
6484,1176.1485692085125
6485,1176.1485692085125
6486,1176.1485692085125
6487,1176.1485692085125
6488,1176.1485692085125
6489,1176.1485692085125
6490,1176.1485692085125
6491,1176.1485692085125
6492,1176.1485692085125
6493,1176.1485692085125
6494,1176.1485692085125
6495,1176.1485692085125
6496,1176.1485692085125
6497,1176.1485692085125
6498,1176.1485692085125
6499,1176.1485692085125
6500,1176.1485692085125
6501,1176.1485692085125
6502,1176.1485692085125
6503,1176.1485692085125
6504,1176.1485692085125
6505,1176.1485692085125
6506,1176.1485692085125
6507,1176.1485692085125
6508,1176.1485692085125
6509,1176.1485692085125
6510,1176.1485692085125
6511,1176.1485692085125
6512,1176.1485692085125
6513,1176.1485692085125
6514,1176.1485692085125
6515,1176.1485692085125
6516,1176.1485692085125
6517,1176.1485692085125
6518,1176.1485692085125
6519,1176.1485692085125
6520,1176.1485692085125
6521,1176.1485692085125
6522,1176.1485692085125
6523,1176.1485692085125
6524,1176.1485692085125
6525,1176.1485692085125
6526,1176.1485692085125
6527,1176.1485692085125
6528,1176.1485692085125
6529,1176.1485692085125
6530,1176.1485692085125
6531,1176.1485692085125
6532,1176.1485692085125
6533,1176.1485692085125
6534,1176.1485692085125
6535,1176.1485692085125
6536,1176.1485692085125
6537,1176.1485692085125
6538,1176.1485692085125
6539,1176.1485692085125
6540,1176.1485692085125
6541,1176.1485692085125
6542,1176.1485692085125
6543,1176.1485692085125
6544,1176.1485692085125
6545,1176.1485692085125
6546,1176.1485692085125
6547,1176.1485692085125
6548,1176.1485692085125
6549,1176.1485692085125
6550,1176.1485692085125
6551,1176.1485692085125
6552,1176.1485692085125
6553,1176.1485692085125
6554,1176.1485692085125
6555,1176.1485692085125
6556,1176.1485692085125
6557,1176.1485692085125
6558,1176.1485692085125
6559,1176.1485692085125
6560,1176.1485692085125
6561,1176.1485692085125
6562,1176.1485692085125
6563,1176.1485692085125
6564,1176.1485692085125
6565,1176.1485692085125
6566,1176.1485692085125
6567,1176.1485692085125
6568,1176.1485692085125
6569,1176.1485692085125
6570,1176.1485692085125
6571,1176.1485692085125
6572,1176.1485692085125
6573,1176.1485692085125
6574,1176.1485692085125
6575,1176.1485692085125
6576,1176.1485692085125
6577,1176.1485692085125
6578,1176.1485692085125
6579,1176.1485692085125
6580,1176.1485692085125
6581,1176.1485692085125
6582,1176.1485692085125
6583,1176.1485692085125
6584,1176.1485692085125
6585,1176.1485692085125
6586,1176.1485692085125
6587,1176.1485692085125
6588,1176.1485692085125
6589,1176.1485692085125
6590,1176.1485692085125
6591,1176.1485692085125
6592,1176.1485692085125
6593,1176.1485692085125
6594,1176.1485692085125
6595,1176.1485692085125
6596,1176.1485692085125
6597,1176.1485692085125
6598,1176.1485692085125
6599,1176.1485692085125
6600,1176.1485692085125
6601,1176.1485692085125
6602,1176.1485692085125
6603,1176.1485692085125
6604,1176.1485692085125
6605,1176.1485692085125
6606,1176.1485692085125
6607,1176.1485692085125
6608,1176.1485692085125
6609,1176.1485692085125
6610,1176.1485692085125
6611,1176.1485692085125
6612,1176.1485692085125
6613,1176.1485692085125
6614,1176.1485692085125
6615,1176.1485692085125
6616,1176.1485692085125
6617,1176.1485692085125
6618,1176.1485692085125
6619,1176.1485692085125
6620,1176.1485692085125
6621,1176.1485692085125
6622,1176.1485692085125
6623,1176.1485692085125
6624,1176.1485692085125
6625,1176.1485692085125
6626,1176.1485692085125
6627,1176.1485692085125
6628,1176.1485692085125
6629,1176.1485692085125
6630,1176.1485692085125
6631,1176.1485692085125
6632,1176.1485692085125
6633,1176.1485692085125
6634,1176.1485692085125
6635,1176.1485692085125
6636,1176.1485692085125
6637,1176.1485692085125
6638,1176.1485692085125
6639,1176.1485692085125
6640,1176.1485692085125
6641,1176.1485692085125
6642,1176.1485692085125
6643,1176.1485692085125
6644,1176.1485692085125
6645,1176.1485692085125
6646,1176.1485692085125
6647,1176.1485692085125
6648,1176.1485692085125
6649,1176.1485692085125
6650,1176.1485692085125
6651,1176.1485692085125
6652,1176.1485692085125
6653,1176.1485692085125
6654,1176.1485692085125
6655,1176.1485692085125
6656,1176.1485692085125
6657,1176.1485692085125
6658,1176.1485692085125
6659,1176.1485692085125
6660,1176.1485692085125
6661,1176.1485692085125
6662,1176.1485692085125
6663,1176.1485692085125
6664,1176.1485692085125
6665,1176.1485692085125
6666,1176.1485692085125
6667,1176.1485692085125
6668,1176.1485692085125
6669,1176.1485692085125
6670,1176.1485692085125
6671,1176.1485692085125
6672,1176.1485692085125
6673,1176.1485692085125
6674,1176.1485692085125
6675,1176.1485692085125
6676,1176.1485692085125
6677,1176.1485692085125
6678,1176.1485692085125
6679,1176.1485692085125
6680,1176.1485692085125
6681,1176.1485692085125
6682,1176.1485692085125
6683,1176.1485692085125
6684,1176.1485692085125
6685,1176.1485692085125
6686,1176.1485692085125
6687,1176.1485692085125
6688,1176.1485692085125
6689,1176.1485692085125
6690,1176.1485692085125
6691,1176.1485692085125
6692,1176.1485692085125
6693,1176.1485692085125
6694,1176.1485692085125
6695,1176.1485692085125
6696,1176.1485692085125
6697,1176.1485692085125
6698,1176.1485692085125
6699,1176.1485692085125
6700,1176.1485692085125
6701,1176.1485692085125
6702,1176.1485692085125
6703,1176.1485692085125
6704,1176.1485692085125
6705,1176.1485692085125
6706,1176.1485692085125
6707,1176.1485692085125
6708,1176.1485692085125
6709,1176.1485692085125
6710,1176.1485692085125
6711,1176.1485692085125
6712,1176.1485692085125
6713,1176.1485692085125
6714,1176.1485692085125
6715,1176.1485692085125
6716,1176.1485692085125
6717,1176.1485692085125
6718,1176.1485692085125
6719,1176.1485692085125
6720,1176.1485692085125
6721,1176.1485692085125
6722,1176.1485692085125
6723,1176.1485692085125
6724,1176.1485692085125
6725,1176.1485692085125
6726,1176.1485692085125
6727,1176.1485692085125
6728,1176.1485692085125
6729,1176.1485692085125
6730,1176.1485692085125
6731,1176.1485692085125
6732,1176.1485692085125
6733,1176.1485692085125
6734,1176.1485692085125
6735,1176.1485692085125
6736,1176.1485692085125
6737,1176.1485692085125
6738,1176.1485692085125
6739,1176.1485692085125
6740,1176.1485692085125
6741,1176.1485692085125
6742,1176.1485692085125
6743,1176.1485692085125
6744,1176.1485692085125
6745,1176.1485692085125
6746,1176.1485692085125
6747,1176.1485692085125
6748,1176.1485692085125
6749,1176.1485692085125
6750,1176.1485692085125
6751,1176.1485692085125
6752,1176.1485692085125
6753,1176.1485692085125
6754,1176.1485692085125
6755,1176.1485692085125
6756,1176.1485692085125
6757,1176.1485692085125
6758,1176.1485692085125
6759,1176.1485692085125
6760,1176.1485692085125
6761,1176.1485692085125
6762,1176.1485692085125
6763,1176.1485692085125
6764,1176.1485692085125
6765,1176.1485692085125
6766,1176.1485692085125
6767,1176.1485692085125
6768,1176.1485692085125
6769,1176.1485692085125
6770,1176.1485692085125
6771,1176.1485692085125
6772,1176.1485692085125
6773,1176.1485692085125
6774,1176.1485692085125
6775,1176.1485692085125
6776,1176.1485692085125
6777,1176.1485692085125
6778,1176.1485692085125
6779,1176.1485692085125
6780,1176.1485692085125
6781,1176.1485692085125
6782,1176.1485692085125
6783,1176.1485692085125
6784,1176.1485692085125
6785,1176.1485692085125
6786,1176.1485692085125
6787,1176.1485692085125
6788,1176.1485692085125
6789,1176.1485692085125
6790,1176.1485692085125
6791,1176.1485692085125
6792,1176.1485692085125
6793,1176.1485692085125
6794,1176.1485692085125
6795,1176.1485692085125
6796,1176.1485692085125
6797,1176.1485692085125
6798,1176.1485692085125
6799,1176.1485692085125
6800,1176.1485692085125
6801,1176.1485692085125
6802,1176.1485692085125
6803,1176.1485692085125
6804,1176.1485692085125
6805,1176.1485692085125
6806,1176.1485692085125
6807,1176.1485692085125
6808,1176.1485692085125
6809,1176.1485692085125
6810,1176.1485692085125
6811,1176.1485692085125
6812,1176.1485692085125
6813,1176.1485692085125
6814,1176.1485692085125
6815,1176.1485692085125
6816,1176.1485692085125
6817,1176.1485692085125
6818,1176.1485692085125
6819,1176.1485692085125
6820,1176.1485692085125
6821,1176.1485692085125
6822,1176.1485692085125
6823,1176.1485692085125
6824,1176.1485692085125
6825,1176.1485692085125
6826,1176.1485692085125
6827,1176.1485692085125
6828,1176.1485692085125
6829,1176.1485692085125
6830,1176.1485692085125
6831,1176.1485692085125
6832,1176.1485692085125
6833,1176.1485692085125
6834,1176.1485692085125
6835,1176.1485692085125
6836,1176.1485692085125
6837,1176.1485692085125
6838,1176.1485692085125
6839,1176.1485692085125
6840,1176.1485692085125
6841,1176.1485692085125
6842,1176.1485692085125
6843,1176.1485692085125
6844,1176.1485692085125
6845,1176.1485692085125
6846,1176.1485692085125
6847,1176.1485692085125
6848,1176.1485692085125
6849,1176.1485692085125
6850,1176.1485692085125
6851,1176.1485692085125
6852,1176.1485692085125
6853,1176.1485692085125
6854,1176.1485692085125
6855,1176.1485692085125
6856,1176.1485692085125
6857,1176.1485692085125
6858,1176.1485692085125
6859,1176.1485692085125
6860,1176.1485692085125
6861,1176.1485692085125
6862,1176.1485692085125
6863,1176.1485692085125
6864,1176.1485692085125
6865,1176.1485692085125
6866,1176.1485692085125
6867,1176.1485692085125
6868,1176.1485692085125
6869,1176.1485692085125
6870,1176.1485692085125
6871,1176.1485692085125
6872,1176.1485692085125
6873,1176.1485692085125
6874,1176.1485692085125
6875,1176.1485692085125
6876,1176.1485692085125
6877,1176.1485692085125
6878,1176.1485692085125
6879,1176.1485692085125
6880,1176.1485692085125
6881,1176.1485692085125
6882,1176.1485692085125
6883,1176.1485692085125
6884,1176.1485692085125
6885,1176.1485692085125
6886,1176.1485692085125
6887,1176.1485692085125
6888,1176.1485692085125
6889,1176.1485692085125
6890,1176.1485692085125
6891,1176.1485692085125
6892,1176.1485692085125
6893,1176.1485692085125
6894,1176.1485692085125
6895,1176.1485692085125
6896,1176.1485692085125
6897,1176.1485692085125
6898,1176.1485692085125
6899,1176.1485692085125
6900,1176.1485692085125
6901,1176.1485692085125
6902,1176.1485692085125
6903,1176.1485692085125
6904,1176.1485692085125
6905,1176.1485692085125
6906,1176.1485692085125
6907,1176.1485692085125
6908,1176.1485692085125
6909,1176.1485692085125
6910,1176.1485692085125
6911,1176.1485692085125
6912,1176.1485692085125
6913,1176.1485692085125
6914,1176.1485692085125
6915,1176.1485692085125
6916,1176.1485692085125
6917,1176.1485692085125
6918,1176.1485692085125
6919,1176.1485692085125
6920,1176.1485692085125
6921,1176.1485692085125
6922,1176.1485692085125
6923,1176.1485692085125
6924,1176.1485692085125
6925,1176.1485692085125
6926,1176.1485692085125
6927,1176.1485692085125
6928,1176.1485692085125
6929,1176.1485692085125
6930,1176.1485692085125
6931,1176.1485692085125
6932,1176.1485692085125
6933,1176.1485692085125
6934,1176.1485692085125
6935,1176.1485692085125
6936,1176.1485692085125
6937,1176.1485692085125
6938,1176.1485692085125
6939,1176.1485692085125
6940,1176.1485692085125
6941,1176.1485692085125
6942,1176.1485692085125
6943,1176.1485692085125
6944,1176.1485692085125
6945,1176.1485692085125
6946,1176.1485692085125
6947,1176.1485692085125
6948,1176.1485692085125
6949,1176.1485692085125
6950,1176.1485692085125
6951,1176.1485692085125
6952,1176.1485692085125
6953,1176.1485692085125
6954,1176.1485692085125
6955,1176.1485692085125
6956,1176.1485692085125
6957,1176.1485692085125
6958,1176.1485692085125
6959,1176.1485692085125
6960,1176.1485692085125
6961,1176.1485692085125
6962,1176.1485692085125
6963,1176.1485692085125
6964,1176.1485692085125
6965,1176.1485692085125
6966,1176.1485692085125
6967,1176.1485692085125
6968,1176.1485692085125
6969,1176.1485692085125
6970,1176.1485692085125
6971,1176.1485692085125
6972,1176.1485692085125
6973,1176.1485692085125
6974,1176.1485692085125
6975,1176.1485692085125
6976,1176.1485692085125
6977,1176.1485692085125
6978,1176.1485692085125
6979,1176.1485692085125
6980,1176.1485692085125
6981,1176.1485692085125
6982,1176.1485692085125
6983,1176.1485692085125
6984,1176.1485692085125
6985,1176.1485692085125
6986,1176.1485692085125
6987,1176.1485692085125
6988,1176.1485692085125
6989,1176.1485692085125
6990,1176.1485692085125
6991,1176.1485692085125
6992,1176.1485692085125
6993,1176.1485692085125
6994,1176.1485692085125
6995,1176.1485692085125
6996,1176.1485692085125
6997,1176.1485692085125
6998,1176.1485692085125
6999,1176.1485692085125
7000,1176.1485692085125
7001,1176.1485692085125
7002,1176.1485692085125
7003,1176.1485692085125
7004,1176.1485692085125
7005,1176.1485692085125
7006,1176.1485692085125
7007,1176.1485692085125
7008,1176.1485692085125
7009,1176.1485692085125
7010,1176.1485692085125
7011,1176.1485692085125
7012,1176.1485692085125
7013,1176.1485692085125
7014,1176.1485692085125
7015,1176.1485692085125
7016,1176.1485692085125
7017,1176.1485692085125
7018,1176.1485692085125
7019,1176.1485692085125
7020,1176.1485692085125
7021,1176.1485692085125
7022,1176.1485692085125
7023,1176.1485692085125
7024,1176.1485692085125
7025,1176.1485692085125
7026,1176.1485692085125
7027,1176.1485692085125
7028,1176.1485692085125
7029,1176.1485692085125
7030,1176.1485692085125
7031,1176.1485692085125
7032,1176.1485692085125
7033,1176.1485692085125
7034,1176.1485692085125
7035,1176.1485692085125
7036,1176.1485692085125
7037,1176.1485692085125
7038,1176.1485692085125
7039,1176.1485692085125
7040,1176.1485692085125
7041,1176.1485692085125
7042,1176.1485692085125
7043,1176.1485692085125
7044,1176.1485692085125
7045,1176.1485692085125
7046,1176.1485692085125
7047,1176.1485692085125
7048,1176.1485692085125
7049,1176.1485692085125
7050,1176.1485692085125
7051,1176.1485692085125
7052,1176.1485692085125
7053,1176.1485692085125
7054,1176.1485692085125
7055,1176.1485692085125
7056,1176.1485692085125
7057,1176.1485692085125
7058,1176.1485692085125
7059,1176.1485692085125
7060,1176.1485692085125
7061,1176.1485692085125
7062,1176.1485692085125
7063,1176.1485692085125
7064,1176.1485692085125
7065,1176.1485692085125
7066,1176.1485692085125
7067,1176.1485692085125
7068,1176.1485692085125
7069,1176.1485692085125
7070,1176.1485692085125
7071,1176.1485692085125
7072,1176.1485692085125
7073,1176.1485692085125
7074,1176.1485692085125
7075,1176.1485692085125
7076,1176.1485692085125
7077,1176.1485692085125
7078,1176.1485692085125
7079,1176.1485692085125
7080,1176.1485692085125
7081,1176.1485692085125
7082,1176.1485692085125
7083,1176.1485692085125
7084,1176.1485692085125
7085,1176.1485692085125
7086,1176.1485692085125
7087,1176.1485692085125
7088,1176.1485692085125
7089,1176.1485692085125
7090,1176.1485692085125
7091,1176.1485692085125
7092,1176.1485692085125
7093,1176.1485692085125
7094,1176.1485692085125
7095,1176.1485692085125
7096,1176.1485692085125
7097,1176.1485692085125
7098,1176.1485692085125
7099,1176.1485692085125
7100,1176.1485692085125
7101,1176.1485692085125
7102,1176.1485692085125
7103,1176.1485692085125
7104,1176.1485692085125
7105,1176.1485692085125
7106,1176.1485692085125
7107,1176.1485692085125
7108,1176.1485692085125
7109,1176.1485692085125
7110,1176.1485692085125
7111,1176.1485692085125
7112,1176.1485692085125
7113,1176.1485692085125
7114,1176.1485692085125
7115,1176.1485692085125
7116,1176.1485692085125
7117,1176.1485692085125
7118,1176.1485692085125
7119,1176.1485692085125
7120,1176.1485692085125
7121,1176.1485692085125
7122,1176.1485692085125
7123,1176.1485692085125
7124,1176.1485692085125
7125,1176.1485692085125
7126,1176.1485692085125
7127,1176.1485692085125
7128,1176.1485692085125
7129,1176.1485692085125
7130,1176.1485692085125
7131,1176.1485692085125
7132,1176.1485692085125
7133,1176.1485692085125
7134,1176.1485692085125
7135,1176.1485692085125
7136,1176.1485692085125
7137,1176.1485692085125
7138,1176.1485692085125
7139,1176.1485692085125
7140,1176.1485692085125
7141,1176.1485692085125
7142,1176.1485692085125
7143,1176.1485692085125
7144,1176.1485692085125
7145,1176.1485692085125
7146,1176.1485692085125
7147,1176.1485692085125
7148,1176.1485692085125
7149,1176.1485692085125
7150,1176.1485692085125
7151,1176.1485692085125
7152,1176.1485692085125
7153,1176.1485692085125
7154,1176.1485692085125
7155,1176.1485692085125
7156,1176.1485692085125
7157,1176.1485692085125
7158,1176.1485692085125
7159,1176.1485692085125
7160,1176.1485692085125
7161,1176.1485692085125
7162,1176.1485692085125
7163,1176.1485692085125
7164,1176.1485692085125
7165,1176.1485692085125
7166,1176.1485692085125
7167,1176.1485692085125
7168,1176.1485692085125
7169,1176.1485692085125
7170,1176.1485692085125
7171,1176.1485692085125
7172,1176.1485692085125
7173,1176.1485692085125
7174,1176.1485692085125
7175,1176.1485692085125
7176,1176.1485692085125
7177,1176.1485692085125
7178,1176.1485692085125
7179,1176.1485692085125
7180,1176.1485692085125
7181,1176.1485692085125
7182,1176.1485692085125
7183,1176.1485692085125
7184,1176.1485692085125
7185,1176.1485692085125
7186,1176.1485692085125
7187,1176.1485692085125
7188,1176.1485692085125
7189,1176.1485692085125
7190,1176.1485692085125
7191,1176.1485692085125
7192,1176.1485692085125
7193,1176.1485692085125
7194,1176.1485692085125
7195,1176.1485692085125
7196,1176.1485692085125
7197,1176.1485692085125
7198,1176.1485692085125
7199,1176.1485692085125
7200,1176.1485692085125
7201,1176.1485692085125
7202,1176.1485692085125
7203,1176.1485692085125
7204,1176.1485692085125
7205,1176.1485692085125
7206,1176.1485692085125
7207,1176.1485692085125
7208,1176.1485692085125
7209,1176.1485692085125
7210,1176.1485692085125
7211,1176.1485692085125
7212,1176.1485692085125
7213,1176.1485692085125
7214,1176.1485692085125
7215,1176.1485692085125
7216,1176.1485692085125
7217,1176.1485692085125
7218,1176.1485692085125
7219,1176.1485692085125
7220,1176.1485692085125
7221,1176.1485692085125
7222,1176.1485692085125
7223,1176.1485692085125
7224,1176.1485692085125
7225,1176.1485692085125
7226,1176.1485692085125
7227,1176.1485692085125
7228,1176.1485692085125
7229,1176.1485692085125
7230,1176.1485692085125
7231,1176.1485692085125
7232,1176.1485692085125
7233,1176.1485692085125
7234,1176.1485692085125
7235,1176.1485692085125
7236,1176.1485692085125
7237,1176.1485692085125
7238,1176.1485692085125
7239,1176.1485692085125
7240,1176.1485692085125
7241,1176.1485692085125
7242,1176.1485692085125
7243,1176.1485692085125
7244,1176.1485692085125
7245,1176.1485692085125
7246,1176.1485692085125
7247,1176.1485692085125
7248,1176.1485692085125
7249,1176.1485692085125
7250,1176.1485692085125
7251,1176.1485692085125
7252,1176.1485692085125
7253,1176.1485692085125
7254,1176.1485692085125
7255,1176.1485692085125
7256,1176.1485692085125
7257,1176.1485692085125
7258,1176.1485692085125
7259,1176.1485692085125
7260,1176.1485692085125
7261,1176.1485692085125
7262,1176.1485692085125
7263,1176.1485692085125
7264,1176.1485692085125
7265,1176.1485692085125
7266,1176.1485692085125
7267,1176.1485692085125
7268,1176.1485692085125
7269,1176.1485692085125
7270,1176.1485692085125
7271,1176.1485692085125
7272,1176.1485692085125
7273,1176.1485692085125
7274,1176.1485692085125
7275,1176.1485692085125
7276,1176.1485692085125
7277,1176.1485692085125
7278,1176.1485692085125
7279,1176.1485692085125
7280,1176.1485692085125
7281,1176.1485692085125
7282,1176.1485692085125
7283,1176.1485692085125
7284,1176.1485692085125
7285,1176.1485692085125
7286,1176.1485692085125
7287,1176.1485692085125
7288,1176.1485692085125
7289,1176.1485692085125
7290,1176.1485692085125
7291,1176.1485692085125
7292,1176.1485692085125
7293,1176.1485692085125
7294,1176.1485692085125
7295,1176.1485692085125
7296,1176.1485692085125
7297,1176.1485692085125
7298,1176.1485692085125
7299,1176.1485692085125
7300,1176.1485692085125
7301,1176.1485692085125
7302,1176.1485692085125
7303,1176.1485692085125
7304,1176.1485692085125
7305,1176.1485692085125
7306,1176.1485692085125
7307,1176.1485692085125
7308,1176.1485692085125
7309,1176.1485692085125
7310,1176.1485692085125
7311,1176.1485692085125
7312,1176.1485692085125
7313,1176.1485692085125
7314,1176.1485692085125
7315,1176.1485692085125
7316,1176.1485692085125
7317,1176.1485692085125
7318,1176.1485692085125
7319,1176.1485692085125
7320,1176.1485692085125
7321,1176.1485692085125
7322,1176.1485692085125
7323,1176.1485692085125
7324,1176.1485692085125
7325,1176.1485692085125
7326,1176.1485692085125
7327,1176.1485692085125
7328,1176.1485692085125
7329,1176.1485692085125
7330,1176.1485692085125
7331,1176.1485692085125
7332,1176.1485692085125
7333,1176.1485692085125
7334,1176.1485692085125
7335,1176.1485692085125
7336,1176.1485692085125
7337,1176.1485692085125
7338,1176.1485692085125
7339,1176.1485692085125
7340,1176.1485692085125
7341,1176.1485692085125
7342,1176.1485692085125
7343,1176.1485692085125
7344,1176.1485692085125
7345,1176.1485692085125
7346,1176.1485692085125
7347,1176.1485692085125
7348,1176.1485692085125
7349,1176.1485692085125
7350,1176.1485692085125
7351,1176.1485692085125
7352,1176.1485692085125
7353,1176.1485692085125
7354,1176.1485692085125
7355,1176.1485692085125
7356,1176.1485692085125
7357,1176.1485692085125
7358,1176.1485692085125
7359,1176.1485692085125
7360,1176.1485692085125
7361,1176.1485692085125
7362,1176.1485692085125
7363,1176.1485692085125
7364,1176.1485692085125
7365,1176.1485692085125
7366,1176.1485692085125
7367,1176.1485692085125
7368,1176.1485692085125
7369,1176.1485692085125
7370,1176.1485692085125
7371,1176.1485692085125
7372,1176.1485692085125
7373,1176.1485692085125
7374,1176.1485692085125
7375,1176.1485692085125
7376,1176.1485692085125
7377,1176.1485692085125
7378,1176.1485692085125
7379,1176.1485692085125
7380,1176.1485692085125
7381,1176.1485692085125
7382,1176.1485692085125
7383,1176.1485692085125
7384,1176.1485692085125
7385,1176.1485692085125
7386,1176.1485692085125
7387,1176.1485692085125
7388,1176.1485692085125
7389,1176.1485692085125
7390,1176.1485692085125
7391,1176.1485692085125
7392,1176.1485692085125
7393,1176.1485692085125
7394,1176.1485692085125
7395,1176.1485692085125
7396,1176.1485692085125
7397,1176.1485692085125
7398,1176.1485692085125
7399,1176.1485692085125
7400,1176.1485692085125
7401,1176.1485692085125
7402,1176.1485692085125
7403,1176.1485692085125
7404,1176.1485692085125
7405,1176.1485692085125
7406,1176.1485692085125
7407,1176.1485692085125
7408,1176.1485692085125
7409,1176.1485692085125
7410,1176.1485692085125
7411,1176.1485692085125
7412,1176.1485692085125
7413,1176.1485692085125
7414,1176.1485692085125
7415,1176.1485692085125
7416,1176.1485692085125
7417,1176.1485692085125
7418,1176.1485692085125
7419,1176.1485692085125
7420,1176.1485692085125
7421,1176.1485692085125
7422,1176.1485692085125
7423,1176.1485692085125
7424,1176.1485692085125
7425,1176.1485692085125
7426,1176.1485692085125
7427,1176.1485692085125
7428,1176.1485692085125
7429,1176.1485692085125
7430,1176.1485692085125
7431,1176.1485692085125
7432,1176.1485692085125
7433,1176.1485692085125
7434,1176.1485692085125
7435,1176.1485692085125
7436,1176.1485692085125
7437,1176.1485692085125
7438,1176.1485692085125
7439,1176.1485692085125
7440,1176.1485692085125
7441,1176.1485692085125
7442,1176.1485692085125
7443,1176.1485692085125
7444,1176.1485692085125
7445,1176.1485692085125
7446,1176.1485692085125
7447,1176.1485692085125
7448,1176.1485692085125
7449,1176.1485692085125
7450,1176.1485692085125
7451,1176.1485692085125
7452,1176.1485692085125
7453,1176.1485692085125
7454,1176.1485692085125
7455,1176.1485692085125
7456,1176.1485692085125
7457,1176.1485692085125
7458,1176.1485692085125
7459,1176.1485692085125
7460,1176.1485692085125
7461,1176.1485692085125
7462,1176.1485692085125
7463,1176.1485692085125
7464,1176.1485692085125
7465,1176.1485692085125
7466,1176.1485692085125
7467,1176.1485692085125
7468,1176.1485692085125
7469,1176.1485692085125
7470,1176.1485692085125
7471,1176.1485692085125
7472,1176.1485692085125
7473,1176.1485692085125
7474,1176.1485692085125
7475,1176.1485692085125
7476,1176.1485692085125
7477,1176.1485692085125
7478,1176.1485692085125
7479,1176.1485692085125
7480,1176.1485692085125
7481,1176.1485692085125
7482,1176.1485692085125
7483,1176.1485692085125
7484,1176.1485692085125
7485,1176.1485692085125
7486,1176.1485692085125
7487,1176.1485692085125
7488,1176.1485692085125
7489,1176.1485692085125
7490,1176.1485692085125
7491,1176.1485692085125
7492,1176.1485692085125
7493,1176.1485692085125
7494,1176.1485692085125
7495,1176.1485692085125
7496,1176.1485692085125
7497,1176.1485692085125
7498,1176.1485692085125
7499,1176.1485692085125
7500,1176.1485692085125
7501,1176.1485692085125
7502,1176.1485692085125
7503,1176.1485692085125
7504,1176.1485692085125
7505,1176.1485692085125
7506,1176.1485692085125
7507,1176.1485692085125
7508,1176.1485692085125
7509,1176.1485692085125
7510,1176.1485692085125
7511,1176.1485692085125
7512,1176.1485692085125
7513,1176.1485692085125
7514,1176.1485692085125
7515,1176.1485692085125
7516,1176.1485692085125
7517,1176.1485692085125
7518,1176.1485692085125
7519,1176.1485692085125
7520,1176.1485692085125
7521,1176.1485692085125
7522,1176.1485692085125
7523,1176.1485692085125
7524,1176.1485692085125
7525,1176.1485692085125
7526,1176.1485692085125
7527,1176.1485692085125
7528,1176.1485692085125
7529,1176.1485692085125
7530,1176.1485692085125
7531,1176.1485692085125
7532,1176.1485692085125
7533,1176.1485692085125
7534,1176.1485692085125
7535,1176.1485692085125
7536,1176.1485692085125
7537,1176.1485692085125
7538,1176.1485692085125
7539,1176.1485692085125
7540,1176.1485692085125
7541,1176.1485692085125
7542,1176.1485692085125
7543,1176.1485692085125
7544,1176.1485692085125
7545,1176.1485692085125
7546,1176.1485692085125
7547,1176.1485692085125
7548,1176.1485692085125
7549,1176.1485692085125
7550,1176.1485692085125
7551,1176.1485692085125
7552,1176.1485692085125
7553,1176.1485692085125
7554,1176.1485692085125
7555,1176.1485692085125
7556,1176.1485692085125
7557,1176.1485692085125
7558,1176.1485692085125
7559,1176.1485692085125
7560,1176.1485692085125
7561,1176.1485692085125
7562,1176.1485692085125
7563,1176.1485692085125
7564,1176.1485692085125
7565,1176.1485692085125
7566,1176.1485692085125
7567,1176.1485692085125
7568,1176.1485692085125
7569,1176.1485692085125
7570,1176.1485692085125
7571,1176.1485692085125
7572,1176.1485692085125
7573,1176.1485692085125
7574,1176.1485692085125
7575,1176.1485692085125
7576,1176.1485692085125
7577,1176.1485692085125
7578,1176.1485692085125
7579,1176.1485692085125
7580,1176.1485692085125
7581,1176.1485692085125
7582,1176.1485692085125
7583,1176.1485692085125
7584,1176.1485692085125
7585,1176.1485692085125
7586,1176.1485692085125
7587,1176.1485692085125
7588,1176.1485692085125
7589,1176.1485692085125
7590,1176.1485692085125
7591,1176.1485692085125
7592,1176.1485692085125
7593,1176.1485692085125
7594,1176.1485692085125
7595,1176.1485692085125
7596,1176.1485692085125
7597,1176.1485692085125
7598,1176.1485692085125
7599,1176.1485692085125
7600,1176.1485692085125
7601,1176.1485692085125
7602,1176.1485692085125
7603,1176.1485692085125
7604,1176.1485692085125
7605,1176.1485692085125
7606,1176.1485692085125
7607,1176.1485692085125
7608,1176.1485692085125
7609,1176.1485692085125
7610,1176.1485692085125
7611,1176.1485692085125
7612,1176.1485692085125
7613,1176.1485692085125
7614,1176.1485692085125
7615,1176.1485692085125
7616,1176.1485692085125
7617,1176.1485692085125
7618,1176.1485692085125
7619,1176.1485692085125
7620,1176.1485692085125
7621,1176.1485692085125
7622,1176.1485692085125
7623,1176.1485692085125
7624,1176.1485692085125
7625,1176.1485692085125
7626,1176.1485692085125
7627,1176.1485692085125
7628,1176.1485692085125
7629,1176.1485692085125
7630,1176.1485692085125
7631,1176.1485692085125
7632,1176.1485692085125
7633,1176.1485692085125
7634,1176.1485692085125
7635,1176.1485692085125
7636,1176.1485692085125
7637,1176.1485692085125
7638,1176.1485692085125
7639,1176.1485692085125
7640,1176.1485692085125
7641,1176.1485692085125
7642,1176.1485692085125
7643,1176.1485692085125
7644,1176.1485692085125
7645,1176.1485692085125
7646,1176.1485692085125
7647,1176.1485692085125
7648,1176.1485692085125
7649,1176.1485692085125
7650,1176.1485692085125
7651,1176.1485692085125
7652,1176.1485692085125
7653,1176.1485692085125
7654,1176.1485692085125
7655,1176.1485692085125
7656,1176.1485692085125
7657,1176.1485692085125
7658,1176.1485692085125
7659,1176.1485692085125
7660,1176.1485692085125
7661,1176.1485692085125
7662,1176.1485692085125
7663,1176.1485692085125
7664,1176.1485692085125
7665,1176.1485692085125
7666,1176.1485692085125
7667,1176.1485692085125
7668,1176.1485692085125
7669,1176.1485692085125
7670,1176.1485692085125
7671,1176.1485692085125
7672,1176.1485692085125
7673,1176.1485692085125
7674,1176.1485692085125
7675,1176.1485692085125
7676,1176.1485692085125
7677,1176.1485692085125
7678,1176.1485692085125
7679,1176.1485692085125
7680,1176.1485692085125
7681,1176.1485692085125
7682,1176.1485692085125
7683,1176.1485692085125
7684,1176.1485692085125
7685,1176.1485692085125
7686,1176.1485692085125
7687,1176.1485692085125
7688,1176.1485692085125
7689,1176.1485692085125
7690,1176.1485692085125
7691,1176.1485692085125
7692,1176.1485692085125
7693,1176.1485692085125
7694,1176.1485692085125
7695,1176.1485692085125
7696,1176.1485692085125
7697,1176.1485692085125
7698,1176.1485692085125
7699,1176.1485692085125
7700,1176.1485692085125
7701,1176.1485692085125
7702,1176.1485692085125
7703,1176.1485692085125
7704,1176.1485692085125
7705,1176.1485692085125
7706,1176.1485692085125
7707,1176.1485692085125
7708,1176.1485692085125
7709,1176.1485692085125
7710,1176.1485692085125
7711,1176.1485692085125
7712,1176.1485692085125
7713,1176.1485692085125
7714,1176.1485692085125
7715,1176.1485692085125
7716,1176.1485692085125
7717,1176.1485692085125
7718,1176.1485692085125
7719,1176.1485692085125
7720,1176.1485692085125
7721,1176.1485692085125
7722,1176.1485692085125
7723,1176.1485692085125
7724,1176.1485692085125
7725,1176.1485692085125
7726,1176.1485692085125
7727,1176.1485692085125
7728,1176.1485692085125
7729,1176.1485692085125
7730,1176.1485692085125
7731,1176.1485692085125
7732,1176.1485692085125
7733,1176.1485692085125
7734,1176.1485692085125
7735,1176.1485692085125
7736,1176.1485692085125
7737,1176.1485692085125
7738,1176.1485692085125
7739,1176.1485692085125
7740,1176.1485692085125
7741,1176.1485692085125
7742,1176.1485692085125
7743,1176.1485692085125
7744,1176.1485692085125
7745,1176.1485692085125
7746,1176.1485692085125
7747,1176.1485692085125
7748,1176.1485692085125
7749,1176.1485692085125
7750,1176.1485692085125
7751,1176.1485692085125
7752,1176.1485692085125
7753,1176.1485692085125
7754,1176.1485692085125
7755,1176.1485692085125
7756,1176.1485692085125
7757,1176.1485692085125
7758,1176.1485692085125
7759,1176.1485692085125
7760,1176.1485692085125
7761,1176.1485692085125
7762,1176.1485692085125
7763,1176.1485692085125
7764,1176.1485692085125
7765,1176.1485692085125
7766,1176.1485692085125
7767,1176.1485692085125
7768,1176.1485692085125
7769,1176.1485692085125
7770,1176.1485692085125
7771,1176.1485692085125
7772,1176.1485692085125
7773,1176.1485692085125
7774,1176.1485692085125
7775,1176.1485692085125
7776,1176.1485692085125
7777,1176.1485692085125
7778,1176.1485692085125
7779,1176.1485692085125
7780,1176.1485692085125
7781,1176.1485692085125
7782,1176.1485692085125
7783,1176.1485692085125
7784,1176.1485692085125
7785,1176.1485692085125
7786,1176.1485692085125
7787,1176.1485692085125
7788,1176.1485692085125
7789,1176.1485692085125
7790,1176.1485692085125
7791,1176.1485692085125
7792,1176.1485692085125
7793,1176.1485692085125
7794,1176.1485692085125
7795,1176.1485692085125
7796,1176.1485692085125
7797,1176.1485692085125
7798,1176.1485692085125
7799,1176.1485692085125
7800,1176.1485692085125
7801,1176.1485692085125
7802,1176.1485692085125
7803,1176.1485692085125
7804,1176.1485692085125
7805,1176.1485692085125
7806,1176.1485692085125
7807,1176.1485692085125
7808,1176.1485692085125
7809,1176.1485692085125
7810,1176.1485692085125
7811,1176.1485692085125
7812,1176.1485692085125
7813,1176.1485692085125
7814,1176.1485692085125
7815,1176.1485692085125
7816,1176.1485692085125
7817,1176.1485692085125
7818,1176.1485692085125
7819,1176.1485692085125
7820,1176.1485692085125
7821,1176.1485692085125
7822,1176.1485692085125
7823,1176.1485692085125
7824,1176.1485692085125
7825,1176.1485692085125
7826,1176.1485692085125
7827,1176.1485692085125
7828,1176.1485692085125
7829,1176.1485692085125
7830,1176.1485692085125
7831,1176.1485692085125
7832,1176.1485692085125
7833,1176.1485692085125
7834,1176.1485692085125
7835,1176.1485692085125
7836,1176.1485692085125
7837,1176.1485692085125
7838,1176.1485692085125
7839,1176.1485692085125
7840,1176.1485692085125
7841,1176.1485692085125
7842,1176.1485692085125
7843,1176.1485692085125
7844,1176.1485692085125
7845,1176.1485692085125
7846,1176.1485692085125
7847,1176.1485692085125
7848,1176.1485692085125
7849,1176.1485692085125
7850,1176.1485692085125
7851,1176.1485692085125
7852,1176.1485692085125
7853,1176.1485692085125
7854,1176.1485692085125
7855,1176.1485692085125
7856,1176.1485692085125
7857,1176.1485692085125
7858,1176.1485692085125
7859,1176.1485692085125
7860,1176.1485692085125
7861,1176.1485692085125
7862,1176.1485692085125
7863,1176.1485692085125
7864,1176.1485692085125
7865,1176.1485692085125
7866,1176.1485692085125
7867,1176.1485692085125
7868,1176.1485692085125
7869,1176.1485692085125
7870,1176.1485692085125
7871,1176.1485692085125
7872,1176.1485692085125
7873,1176.1485692085125
7874,1176.1485692085125
7875,1176.1485692085125
7876,1176.1485692085125
7877,1176.1485692085125
7878,1176.1485692085125
7879,1176.1485692085125
7880,1176.1485692085125
7881,1176.1485692085125
7882,1176.1485692085125
7883,1176.1485692085125
7884,1176.1485692085125
7885,1176.1485692085125
7886,1176.1485692085125
7887,1176.1485692085125
7888,1176.1485692085125
7889,1176.1485692085125
7890,1176.1485692085125
7891,1176.1485692085125
7892,1176.1485692085125
7893,1176.1485692085125
7894,1176.1485692085125
7895,1176.1485692085125
7896,1176.1485692085125
7897,1176.1485692085125
7898,1176.1485692085125
7899,1176.1485692085125
7900,1176.1485692085125
7901,1176.1485692085125
7902,1176.1485692085125
7903,1176.1485692085125
7904,1176.1485692085125
7905,1176.1485692085125
7906,1176.1485692085125
7907,1176.1485692085125
7908,1176.1485692085125
7909,1176.1485692085125
7910,1176.1485692085125
7911,1176.1485692085125
7912,1176.1485692085125
7913,1176.1485692085125
7914,1176.1485692085125
7915,1176.1485692085125
7916,1176.1485692085125
7917,1176.1485692085125
7918,1176.1485692085125
7919,1176.1485692085125
7920,1176.1485692085125
7921,1176.1485692085125
7922,1176.1485692085125
7923,1176.1485692085125
7924,1176.1485692085125
7925,1176.1485692085125
7926,1176.1485692085125
7927,1176.1485692085125
7928,1176.1485692085125
7929,1176.1485692085125
7930,1176.1485692085125
7931,1176.1485692085125
7932,1176.1485692085125
7933,1176.1485692085125
7934,1176.1485692085125
7935,1176.1485692085125
7936,1176.1485692085125
7937,1176.1485692085125
7938,1176.1485692085125
7939,1176.1485692085125
7940,1176.1485692085125
7941,1176.1485692085125
7942,1176.1485692085125
7943,1176.1485692085125
7944,1176.1485692085125
7945,1176.1485692085125
7946,1176.1485692085125
7947,1176.1485692085125
7948,1176.1485692085125
7949,1176.1485692085125
7950,1176.1485692085125
7951,1176.1485692085125
7952,1176.1485692085125
7953,1176.1485692085125
7954,1176.1485692085125
7955,1176.1485692085125
7956,1176.1485692085125
7957,1176.1485692085125
7958,1176.1485692085125
7959,1176.1485692085125
7960,1176.1485692085125
7961,1176.1485692085125
7962,1176.1485692085125
7963,1176.1485692085125
7964,1176.1485692085125
7965,1176.1485692085125
7966,1176.1485692085125
7967,1176.1485692085125
7968,1176.1485692085125
7969,1176.1485692085125
7970,1176.1485692085125
7971,1176.1485692085125
7972,1176.1485692085125
7973,1176.1485692085125
7974,1176.1485692085125
7975,1176.1485692085125
7976,1176.1485692085125
7977,1176.1485692085125
7978,1176.1485692085125
7979,1176.1485692085125
7980,1176.1485692085125
7981,1176.1485692085125
7982,1176.1485692085125
7983,1176.1485692085125
7984,1176.1485692085125
7985,1176.1485692085125
7986,1176.1485692085125
7987,1176.1485692085125
7988,1176.1485692085125
7989,1176.1485692085125
7990,1176.1485692085125
7991,1176.1485692085125
7992,1176.1485692085125
7993,1176.1485692085125
7994,1176.1485692085125
7995,1176.1485692085125
7996,1176.1485692085125
7997,1176.1485692085125
7998,1176.1485692085125
7999,1176.1485692085125
8000,1176.1485692085125
8001,1176.1485692085125
8002,1176.1485692085125
8003,1176.1485692085125
8004,1176.1485692085125
8005,1176.1485692085125
8006,1176.1485692085125
8007,1176.1485692085125
8008,1176.1485692085125
8009,1176.1485692085125
8010,1176.1485692085125
8011,1176.1485692085125
8012,1176.1485692085125
8013,1176.1485692085125
8014,1176.1485692085125
8015,1176.1485692085125
8016,1176.1485692085125
8017,1176.1485692085125
8018,1176.1485692085125
8019,1176.1485692085125
8020,1176.1485692085125
8021,1176.1485692085125
8022,1176.1485692085125
8023,1176.1485692085125
8024,1176.1485692085125
8025,1176.1485692085125
8026,1176.1485692085125
8027,1176.1485692085125
8028,1176.1485692085125
8029,1176.1485692085125
8030,1176.1485692085125
8031,1176.1485692085125
8032,1176.1485692085125
8033,1176.1485692085125
8034,1176.1485692085125
8035,1176.1485692085125
8036,1176.1485692085125
8037,1176.1485692085125
8038,1176.1485692085125
8039,1176.1485692085125
8040,1176.1485692085125
8041,1176.1485692085125
8042,1176.1485692085125
8043,1176.1485692085125
8044,1176.1485692085125
8045,1176.1485692085125
8046,1176.1485692085125
8047,1176.1485692085125
8048,1176.1485692085125
8049,1176.1485692085125
8050,1176.1485692085125
8051,1176.1485692085125
8052,1176.1485692085125
8053,1176.1485692085125
8054,1176.1485692085125
8055,1176.1485692085125
8056,1176.1485692085125
8057,1176.1485692085125
8058,1176.1485692085125
8059,1176.1485692085125
8060,1176.1485692085125
8061,1176.1485692085125
8062,1176.1485692085125
8063,1176.1485692085125
8064,1176.1485692085125
8065,1176.1485692085125
8066,1176.1485692085125
8067,1176.1485692085125
8068,1176.1485692085125
8069,1176.1485692085125
8070,1176.1485692085125
8071,1176.1485692085125
8072,1176.1485692085125
8073,1176.1485692085125
8074,1176.1485692085125
8075,1176.1485692085125
8076,1176.1485692085125
8077,1176.1485692085125
8078,1176.1485692085125
8079,1176.1485692085125
8080,1176.1485692085125
8081,1176.1485692085125
8082,1176.1485692085125
8083,1176.1485692085125
8084,1176.1485692085125
8085,1176.1485692085125
8086,1176.1485692085125
8087,1176.1485692085125
8088,1176.1485692085125
8089,1176.1485692085125
8090,1176.1485692085125
8091,1176.1485692085125
8092,1176.1485692085125
8093,1176.1485692085125
8094,1176.1485692085125
8095,1176.1485692085125
8096,1176.1485692085125
8097,1176.1485692085125
8098,1176.1485692085125
8099,1176.1485692085125
8100,1176.1485692085125
8101,1176.1485692085125
8102,1176.1485692085125
8103,1176.1485692085125
8104,1176.1485692085125
8105,1176.1485692085125
8106,1176.1485692085125
8107,1176.1485692085125
8108,1176.1485692085125
8109,1176.1485692085125
8110,1176.1485692085125
8111,1176.1485692085125
8112,1176.1485692085125
8113,1176.1485692085125
8114,1176.1485692085125
8115,1176.1485692085125
8116,1176.1485692085125
8117,1176.1485692085125
8118,1176.1485692085125
8119,1176.1485692085125
8120,1176.1485692085125
8121,1176.1485692085125
8122,1176.1485692085125
8123,1176.1485692085125
8124,1176.1485692085125
8125,1176.1485692085125
8126,1176.1485692085125
8127,1176.1485692085125
8128,1176.1485692085125
8129,1176.1485692085125
8130,1176.1485692085125
8131,1176.1485692085125
8132,1176.1485692085125
8133,1176.1485692085125
8134,1176.1485692085125
8135,1176.1485692085125
8136,1176.1485692085125
8137,1176.1485692085125
8138,1176.1485692085125
8139,1176.1485692085125
8140,1176.1485692085125
8141,1176.1485692085125
8142,1176.1485692085125
8143,1176.1485692085125
8144,1176.1485692085125
8145,1176.1485692085125
8146,1176.1485692085125
8147,1176.1485692085125
8148,1176.1485692085125
8149,1176.1485692085125
8150,1176.1485692085125
8151,1176.1485692085125
8152,1176.1485692085125
8153,1176.1485692085125
8154,1176.1485692085125
8155,1176.1485692085125
8156,1176.1485692085125
8157,1176.1485692085125
8158,1176.1485692085125
8159,1176.1485692085125
8160,1176.1485692085125
8161,1176.1485692085125
8162,1176.1485692085125
8163,1176.1485692085125
8164,1176.1485692085125
8165,1176.1485692085125
8166,1176.1485692085125
8167,1176.1485692085125
8168,1176.1485692085125
8169,1176.1485692085125
8170,1176.1485692085125
8171,1176.1485692085125
8172,1176.1485692085125
8173,1176.1485692085125
8174,1176.1485692085125
8175,1176.1485692085125
8176,1176.1485692085125
8177,1176.1485692085125
8178,1176.1485692085125
8179,1176.1485692085125
8180,1176.1485692085125
8181,1176.1485692085125
8182,1176.1485692085125
8183,1176.1485692085125
8184,1176.1485692085125
8185,1176.1485692085125
8186,1176.1485692085125
8187,1176.1485692085125
8188,1176.1485692085125
8189,1176.1485692085125
8190,1176.1485692085125
8191,1176.1485692085125
8192,1176.1485692085125
8193,1176.1485692085125
8194,1176.1485692085125
8195,1176.1485692085125
8196,1176.1485692085125
8197,1176.1485692085125
8198,1176.1485692085125
8199,1176.1485692085125
8200,1176.1485692085125
8201,1176.1485692085125
8202,1176.1485692085125
8203,1176.1485692085125
8204,1176.1485692085125
8205,1176.1485692085125
8206,1176.1485692085125
8207,1176.1485692085125
8208,1176.1485692085125
8209,1176.1485692085125
8210,1176.1485692085125
8211,1176.1485692085125
8212,1176.1485692085125
8213,1176.1485692085125
8214,1176.1485692085125
8215,1176.1485692085125
8216,1176.1485692085125
8217,1176.1485692085125
8218,1176.1485692085125
8219,1176.1485692085125
8220,1176.1485692085125
8221,1176.1485692085125
8222,1176.1485692085125
8223,1176.1485692085125
8224,1176.1485692085125
8225,1176.1485692085125
8226,1176.1485692085125
8227,1176.1485692085125
8228,1176.1485692085125
8229,1176.1485692085125
8230,1176.1485692085125
8231,1176.1485692085125
8232,1176.1485692085125
8233,1176.1485692085125
8234,1176.1485692085125
8235,1176.1485692085125
8236,1176.1485692085125
8237,1176.1485692085125
8238,1176.1485692085125
8239,1176.1485692085125
8240,1176.1485692085125
8241,1176.1485692085125
8242,1176.1485692085125
8243,1176.1485692085125
8244,1176.1485692085125
8245,1176.1485692085125
8246,1176.1485692085125
8247,1176.1485692085125
8248,1176.1485692085125
8249,1176.1485692085125
8250,1176.1485692085125
8251,1176.1485692085125
8252,1176.1485692085125
8253,1176.1485692085125
8254,1176.1485692085125
8255,1176.1485692085125
8256,1176.1485692085125
8257,1176.1485692085125
8258,1176.1485692085125
8259,1176.1485692085125
8260,1176.1485692085125
8261,1176.1485692085125
8262,1176.1485692085125
8263,1176.1485692085125
8264,1176.1485692085125
8265,1176.1485692085125
8266,1176.1485692085125
8267,1176.1485692085125
8268,1176.1485692085125
8269,1176.1485692085125
8270,1176.1485692085125
8271,1176.1485692085125
8272,1176.1485692085125
8273,1176.1485692085125
8274,1176.1485692085125
8275,1176.1485692085125
8276,1176.1485692085125
8277,1176.1485692085125
8278,1176.1485692085125
8279,1176.1485692085125
8280,1176.1485692085125
8281,1176.1485692085125
8282,1176.1485692085125
8283,1176.1485692085125
8284,1176.1485692085125
8285,1176.1485692085125
8286,1176.1485692085125
8287,1176.1485692085125
8288,1176.1485692085125
8289,1176.1485692085125
8290,1176.1485692085125
8291,1176.1485692085125
8292,1176.1485692085125
8293,1176.1485692085125
8294,1176.1485692085125
8295,1176.1485692085125
8296,1176.1485692085125
8297,1176.1485692085125
8298,1176.1485692085125
8299,1176.1485692085125
8300,1176.1485692085125
8301,1176.1485692085125
8302,1176.1485692085125
8303,1176.1485692085125
8304,1176.1485692085125
8305,1176.1485692085125
8306,1176.1485692085125
8307,1176.1485692085125
8308,1176.1485692085125
8309,1176.1485692085125
8310,1176.1485692085125
8311,1176.1485692085125
8312,1176.1485692085125
8313,1176.1485692085125
8314,1176.1485692085125
8315,1176.1485692085125
8316,1176.1485692085125
8317,1176.1485692085125
8318,1176.1485692085125
8319,1176.1485692085125
8320,1176.1485692085125
8321,1176.1485692085125
8322,1176.1485692085125
8323,1176.1485692085125
8324,1176.1485692085125
8325,1176.1485692085125
8326,1176.1485692085125
8327,1176.1485692085125
8328,1176.1485692085125
8329,1176.1485692085125
8330,1176.1485692085125
8331,1176.1485692085125
8332,1176.1485692085125
8333,1176.1485692085125
8334,1176.1485692085125
8335,1176.1485692085125
8336,1176.1485692085125
8337,1176.1485692085125
8338,1176.1485692085125
8339,1176.1485692085125
8340,1176.1485692085125
8341,1176.1485692085125
8342,1176.1485692085125
8343,1176.1485692085125
8344,1176.1485692085125
8345,1176.1485692085125
8346,1176.1485692085125
8347,1176.1485692085125
8348,1176.1485692085125
8349,1176.1485692085125
8350,1176.1485692085125
8351,1176.1485692085125
8352,1176.1485692085125
8353,1176.1485692085125
8354,1176.1485692085125
8355,1176.1485692085125
8356,1176.1485692085125
8357,1176.1485692085125
8358,1176.1485692085125
8359,1176.1485692085125
8360,1176.1485692085125
8361,1176.1485692085125
8362,1176.1485692085125
8363,1176.1485692085125
8364,1176.1485692085125
8365,1176.1485692085125
8366,1176.1485692085125
8367,1176.1485692085125
8368,1176.1485692085125
8369,1176.1485692085125
8370,1176.1485692085125
8371,1176.1485692085125
8372,1176.1485692085125
8373,1176.1485692085125
8374,1176.1485692085125
8375,1176.1485692085125
8376,1176.1485692085125
8377,1176.1485692085125
8378,1176.1485692085125
8379,1176.1485692085125
8380,1176.1485692085125
8381,1176.1485692085125
8382,1176.1485692085125
8383,1176.1485692085125
8384,1176.1485692085125
8385,1176.1485692085125
8386,1176.1485692085125
8387,1176.1485692085125
8388,1176.1485692085125
8389,1176.1485692085125
8390,1176.1485692085125
8391,1176.1485692085125
8392,1176.1485692085125
8393,1176.1485692085125
8394,1176.1485692085125
8395,1176.1485692085125
8396,1176.1485692085125
8397,1176.1485692085125
8398,1176.1485692085125
8399,1176.1485692085125
8400,1176.1485692085125
8401,1176.1485692085125
8402,1176.1485692085125
8403,1176.1485692085125
8404,1176.1485692085125
8405,1176.1485692085125
8406,1176.1485692085125
8407,1176.1485692085125
8408,1176.1485692085125
8409,1176.1485692085125
8410,1176.1485692085125
8411,1176.1485692085125
8412,1176.1485692085125
8413,1176.1485692085125
8414,1176.1485692085125
8415,1176.1485692085125
8416,1176.1485692085125
8417,1176.1485692085125
8418,1176.1485692085125
8419,1176.1485692085125
8420,1176.1485692085125
8421,1176.1485692085125
8422,1176.1485692085125
8423,1176.1485692085125
8424,1176.1485692085125
8425,1176.1485692085125
8426,1176.1485692085125
8427,1176.1485692085125
8428,1176.1485692085125
8429,1176.1485692085125
8430,1176.1485692085125
8431,1176.1485692085125
8432,1176.1485692085125
8433,1176.1485692085125
8434,1176.1485692085125
8435,1176.1485692085125
8436,1176.1485692085125
8437,1176.1485692085125
8438,1176.1485692085125
8439,1176.1485692085125
8440,1176.1485692085125
8441,1176.1485692085125
8442,1176.1485692085125
8443,1176.1485692085125
8444,1176.1485692085125
8445,1176.1485692085125
8446,1176.1485692085125
8447,1176.1485692085125
8448,1176.1485692085125
8449,1176.1485692085125
8450,1176.1485692085125
8451,1176.1485692085125
8452,1176.1485692085125
8453,1176.1485692085125
8454,1176.1485692085125
8455,1176.1485692085125
8456,1176.1485692085125
8457,1176.1485692085125
8458,1176.1485692085125
8459,1176.1485692085125
8460,1176.1485692085125
8461,1176.1485692085125
8462,1176.1485692085125
8463,1176.1485692085125
8464,1176.1485692085125
8465,1176.1485692085125
8466,1176.1485692085125
8467,1176.1485692085125
8468,1176.1485692085125
8469,1176.1485692085125
8470,1176.1485692085125
8471,1176.1485692085125
8472,1176.1485692085125
8473,1176.1485692085125
8474,1176.1485692085125
8475,1176.1485692085125
8476,1176.1485692085125
8477,1176.1485692085125
8478,1176.1485692085125
8479,1176.1485692085125
8480,1176.1485692085125
8481,1176.1485692085125
8482,1176.1485692085125
8483,1176.1485692085125
8484,1176.1485692085125
8485,1176.1485692085125
8486,1176.1485692085125
8487,1176.1485692085125
8488,1176.1485692085125
8489,1176.1485692085125
8490,1176.1485692085125
8491,1176.1485692085125
8492,1176.1485692085125
8493,1176.1485692085125
8494,1176.1485692085125
8495,1176.1485692085125
8496,1176.1485692085125
8497,1176.1485692085125
8498,1176.1485692085125
8499,1176.1485692085125
8500,1176.1485692085125
8501,1176.1485692085125
8502,1176.1485692085125
8503,1176.1485692085125
8504,1176.1485692085125
8505,1176.1485692085125
8506,1176.1485692085125
8507,1176.1485692085125
8508,1176.1485692085125
8509,1176.1485692085125
8510,1176.1485692085125
8511,1176.1485692085125
8512,1176.1485692085125
8513,1176.1485692085125
8514,1176.1485692085125
8515,1176.1485692085125
8516,1176.1485692085125
8517,1176.1485692085125
8518,1176.1485692085125
8519,1176.1485692085125
8520,1176.1485692085125
8521,1176.1485692085125
8522,1176.1485692085125
8523,1176.1485692085125
8524,1176.1485692085125
8525,1176.1485692085125
8526,1176.1485692085125
8527,1176.1485692085125
8528,1176.1485692085125
8529,1176.1485692085125
8530,1176.1485692085125
8531,1176.1485692085125
8532,1176.1485692085125
8533,1176.1485692085125
8534,1176.1485692085125
8535,1176.1485692085125
8536,1176.1485692085125
8537,1176.1485692085125
8538,1176.1485692085125
8539,1176.1485692085125
8540,1176.1485692085125
8541,1176.1485692085125
8542,1176.1485692085125
8543,1176.1485692085125
8544,1176.1485692085125
8545,1176.1485692085125
8546,1176.1485692085125
8547,1176.1485692085125
8548,1176.1485692085125
8549,1176.1485692085125
8550,1176.1485692085125
8551,1176.1485692085125
8552,1176.1485692085125
8553,1176.1485692085125
8554,1176.1485692085125
8555,1176.1485692085125
8556,1176.1485692085125
8557,1176.1485692085125
8558,1176.1485692085125
8559,1176.1485692085125
8560,1176.1485692085125
8561,1176.1485692085125
8562,1176.1485692085125
8563,1176.1485692085125
8564,1176.1485692085125
8565,1176.1485692085125
8566,1176.1485692085125
8567,1176.1485692085125
8568,1176.1485692085125
8569,1176.1485692085125
8570,1176.1485692085125
8571,1176.1485692085125
8572,1176.1485692085125
8573,1176.1485692085125
8574,1176.1485692085125
8575,1176.1485692085125
8576,1176.1485692085125
8577,1176.1485692085125
8578,1176.1485692085125
8579,1176.1485692085125
8580,1176.1485692085125
8581,1176.1485692085125
8582,1176.1485692085125
8583,1176.1485692085125
8584,1176.1485692085125
8585,1176.1485692085125
8586,1176.1485692085125
8587,1176.1485692085125
8588,1176.1485692085125
8589,1176.1485692085125
8590,1176.1485692085125
8591,1176.1485692085125
8592,1176.1485692085125
8593,1176.1485692085125
8594,1176.1485692085125
8595,1176.1485692085125
8596,1176.1485692085125
8597,1176.1485692085125
8598,1176.1485692085125
8599,1176.1485692085125
8600,1176.1485692085125
8601,1176.1485692085125
8602,1176.1485692085125
8603,1176.1485692085125
8604,1176.1485692085125
8605,1176.1485692085125
8606,1176.1485692085125
8607,1176.1485692085125
8608,1176.1485692085125
8609,1176.1485692085125
8610,1176.1485692085125
8611,1176.1485692085125
8612,1176.1485692085125
8613,1176.1485692085125
8614,1176.1485692085125
8615,1176.1485692085125
8616,1176.1485692085125
8617,1176.1485692085125
8618,1176.1485692085125
8619,1176.1485692085125
8620,1176.1485692085125
8621,1176.1485692085125
8622,1176.1485692085125
8623,1176.1485692085125
8624,1176.1485692085125
8625,1176.1485692085125
8626,1176.1485692085125
8627,1176.1485692085125
8628,1176.1485692085125
8629,1176.1485692085125
8630,1176.1485692085125
8631,1176.1485692085125
8632,1176.1485692085125
8633,1176.1485692085125
8634,1176.1485692085125
8635,1176.1485692085125
8636,1176.1485692085125
8637,1176.1485692085125
8638,1176.1485692085125
8639,1176.1485692085125
8640,1176.1485692085125
8641,1176.1485692085125
8642,1176.1485692085125
8643,1176.1485692085125
8644,1176.1485692085125
8645,1176.1485692085125
8646,1176.1485692085125
8647,1176.1485692085125
8648,1176.1485692085125
8649,1176.1485692085125
8650,1176.1485692085125
8651,1176.1485692085125
8652,1176.1485692085125
8653,1176.1485692085125
8654,1176.1485692085125
8655,1176.1485692085125
8656,1176.1485692085125
8657,1176.1485692085125
8658,1176.1485692085125
8659,1176.1485692085125
8660,1176.1485692085125
8661,1176.1485692085125
8662,1176.1485692085125
8663,1176.1485692085125
8664,1176.1485692085125
8665,1176.1485692085125
8666,1176.1485692085125
8667,1176.1485692085125
8668,1176.1485692085125
8669,1176.1485692085125
8670,1176.1485692085125
8671,1176.1485692085125
8672,1176.1485692085125
8673,1176.1485692085125
8674,1176.1485692085125
8675,1176.1485692085125
8676,1176.1485692085125
8677,1176.1485692085125
8678,1176.1485692085125
8679,1176.1485692085125
8680,1176.1485692085125
8681,1176.1485692085125
8682,1176.1485692085125
8683,1176.1485692085125
8684,1176.1485692085125
8685,1176.1485692085125
8686,1176.1485692085125
8687,1176.1485692085125
8688,1176.1485692085125
8689,1176.1485692085125
8690,1176.1485692085125
8691,1176.1485692085125
8692,1176.1485692085125
8693,1176.1485692085125
8694,1176.1485692085125
8695,1176.1485692085125
8696,1176.1485692085125
8697,1176.1485692085125
8698,1176.1485692085125
8699,1176.1485692085125
8700,1176.1485692085125
8701,1176.1485692085125
8702,1176.1485692085125
8703,1176.1485692085125
8704,1176.1485692085125
8705,1176.1485692085125
8706,1176.1485692085125
8707,1176.1485692085125
8708,1176.1485692085125
8709,1176.1485692085125
8710,1176.1485692085125
8711,1176.1485692085125
8712,1176.1485692085125
8713,1176.1485692085125
8714,1176.1485692085125
8715,1176.1485692085125
8716,1176.1485692085125
8717,1176.1485692085125
8718,1176.1485692085125
8719,1176.1485692085125
8720,1176.1485692085125
8721,1176.1485692085125
8722,1176.1485692085125
8723,1176.1485692085125
8724,1176.1485692085125
8725,1176.1485692085125
8726,1176.1485692085125
8727,1176.1485692085125
8728,1176.1485692085125
8729,1176.1485692085125
8730,1176.1485692085125
8731,1176.1485692085125
8732,1176.1485692085125
8733,1176.1485692085125
8734,1176.1485692085125
8735,1176.1485692085125
8736,1176.1485692085125
8737,1176.1485692085125
8738,1176.1485692085125
8739,1176.1485692085125
8740,1176.1485692085125
8741,1176.1485692085125
8742,1176.1485692085125
8743,1176.1485692085125
8744,1176.1485692085125
8745,1176.1485692085125
8746,1176.1485692085125
8747,1176.1485692085125
8748,1176.1485692085125
8749,1176.1485692085125
8750,1176.1485692085125
8751,1176.1485692085125
8752,1176.1485692085125
8753,1176.1485692085125
8754,1176.1485692085125
8755,1176.1485692085125
8756,1176.1485692085125
8757,1176.1485692085125
8758,1176.1485692085125
8759,1176.1485692085125
8760,1176.1485692085125
8761,1176.1485692085125
8762,1176.1485692085125
8763,1176.1485692085125
8764,1176.1485692085125
8765,1176.1485692085125
8766,1176.1485692085125
8767,1176.1485692085125
8768,1176.1485692085125
8769,1176.1485692085125
8770,1176.1485692085125
8771,1176.1485692085125
8772,1176.1485692085125
8773,1176.1485692085125
8774,1176.1485692085125
8775,1176.1485692085125
8776,1176.1485692085125
8777,1176.1485692085125
8778,1176.1485692085125
8779,1176.1485692085125
8780,1176.1485692085125
8781,1176.1485692085125
8782,1176.1485692085125
8783,1176.1485692085125
8784,1176.1485692085125
8785,1176.1485692085125
8786,1176.1485692085125
8787,1176.1485692085125
8788,1176.1485692085125
8789,1176.1485692085125
8790,1176.1485692085125
8791,1176.1485692085125
8792,1176.1485692085125
8793,1176.1485692085125
8794,1176.1485692085125
8795,1176.1485692085125
8796,1176.1485692085125
8797,1176.1485692085125
8798,1176.1485692085125
8799,1176.1485692085125
8800,1176.1485692085125
8801,1176.1485692085125
8802,1176.1485692085125
8803,1176.1485692085125
8804,1176.1485692085125
8805,1176.1485692085125
8806,1176.1485692085125
8807,1176.1485692085125
8808,1176.1485692085125
8809,1176.1485692085125
8810,1176.1485692085125
8811,1176.1485692085125
8812,1176.1485692085125
8813,1176.1485692085125
8814,1176.1485692085125
8815,1176.1485692085125
8816,1176.1485692085125
8817,1176.1485692085125
8818,1176.1485692085125
8819,1176.1485692085125
8820,1176.1485692085125
8821,1176.1485692085125
8822,1176.1485692085125
8823,1176.1485692085125
8824,1176.1485692085125
8825,1176.1485692085125
8826,1176.1485692085125
8827,1176.1485692085125
8828,1176.1485692085125
8829,1176.1485692085125
8830,1176.1485692085125
8831,1176.1485692085125
8832,1176.1485692085125
8833,1176.1485692085125
8834,1176.1485692085125
8835,1176.1485692085125
8836,1176.1485692085125
8837,1176.1485692085125
8838,1176.1485692085125
8839,1176.1485692085125
8840,1176.1485692085125
8841,1176.1485692085125
8842,1176.1485692085125
8843,1176.1485692085125
8844,1176.1485692085125
8845,1176.1485692085125
8846,1176.1485692085125
8847,1176.1485692085125
8848,1176.1485692085125
8849,1176.1485692085125
8850,1176.1485692085125
8851,1176.1485692085125
8852,1176.1485692085125
8853,1176.1485692085125
8854,1176.1485692085125
8855,1176.1485692085125
8856,1176.1485692085125
8857,1176.1485692085125
8858,1176.1485692085125
8859,1176.1485692085125
8860,1176.1485692085125
8861,1176.1485692085125
8862,1176.1485692085125
8863,1176.1485692085125
8864,1176.1485692085125
8865,1176.1485692085125
8866,1176.1485692085125
8867,1176.1485692085125
8868,1176.1485692085125
8869,1176.1485692085125
8870,1176.1485692085125
8871,1176.1485692085125
8872,1176.1485692085125
8873,1176.1485692085125
8874,1176.1485692085125
8875,1176.1485692085125
8876,1176.1485692085125
8877,1176.1485692085125
8878,1176.1485692085125
8879,1176.1485692085125
8880,1176.1485692085125
8881,1176.1485692085125
8882,1176.1485692085125
8883,1176.1485692085125
8884,1176.1485692085125
8885,1176.1485692085125
8886,1176.1485692085125
8887,1176.1485692085125
8888,1176.1485692085125
8889,1176.1485692085125
8890,1176.1485692085125
8891,1176.1485692085125
8892,1176.1485692085125
8893,1176.1485692085125
8894,1176.1485692085125
8895,1176.1485692085125
8896,1176.1485692085125
8897,1176.1485692085125
8898,1176.1485692085125
8899,1176.1485692085125
8900,1176.1485692085125
8901,1176.1485692085125
8902,1176.1485692085125
8903,1176.1485692085125
8904,1176.1485692085125
8905,1176.1485692085125
8906,1176.1485692085125
8907,1176.1485692085125
8908,1176.1485692085125
8909,1176.1485692085125
8910,1176.1485692085125
8911,1176.1485692085125
8912,1176.1485692085125
8913,1176.1485692085125
8914,1176.1485692085125
8915,1176.1485692085125
8916,1176.1485692085125
8917,1176.1485692085125
8918,1176.1485692085125
8919,1176.1485692085125
8920,1176.1485692085125
8921,1176.1485692085125
8922,1176.1485692085125
8923,1176.1485692085125
8924,1176.1485692085125
8925,1176.1485692085125
8926,1176.1485692085125
8927,1176.1485692085125
8928,1176.1485692085125
8929,1176.1485692085125
8930,1176.1485692085125
8931,1176.1485692085125
8932,1176.1485692085125
8933,1176.1485692085125
8934,1176.1485692085125
8935,1176.1485692085125
8936,1176.1485692085125
8937,1176.1485692085125
8938,1176.1485692085125
8939,1176.1485692085125
8940,1176.1485692085125
8941,1176.1485692085125
8942,1176.1485692085125
8943,1176.1485692085125
8944,1176.1485692085125
8945,1176.1485692085125
8946,1176.1485692085125
8947,1176.1485692085125
8948,1176.1485692085125
8949,1176.1485692085125
8950,1176.1485692085125
8951,1176.1485692085125
8952,1176.1485692085125
8953,1176.1485692085125
8954,1176.1485692085125
8955,1176.1485692085125
8956,1176.1485692085125
8957,1176.1485692085125
8958,1176.1485692085125
8959,1176.1485692085125
8960,1176.1485692085125
8961,1176.1485692085125
8962,1176.1485692085125
8963,1176.1485692085125
8964,1176.1485692085125
8965,1176.1485692085125
8966,1176.1485692085125
8967,1176.1485692085125
8968,1176.1485692085125
8969,1176.1485692085125
8970,1176.1485692085125
8971,1176.1485692085125
8972,1176.1485692085125
8973,1176.1485692085125
8974,1176.1485692085125
8975,1176.1485692085125
8976,1176.1485692085125
8977,1176.1485692085125
8978,1176.1485692085125
8979,1176.1485692085125
8980,1176.1485692085125
8981,1176.1485692085125
8982,1176.1485692085125
8983,1176.1485692085125
8984,1176.1485692085125
8985,1176.1485692085125
8986,1176.1485692085125
8987,1176.1485692085125
8988,1176.1485692085125
8989,1176.1485692085125
8990,1176.1485692085125
8991,1176.1485692085125
8992,1176.1485692085125
8993,1176.1485692085125
8994,1176.1485692085125
8995,1176.1485692085125
8996,1176.1485692085125
8997,1176.1485692085125
8998,1176.1485692085125
8999,1176.1485692085125
9000,1176.1485692085125
9001,1176.1485692085125
9002,1176.1485692085125
9003,1176.1485692085125
9004,1176.1485692085125
9005,1176.1485692085125
9006,1176.1485692085125
9007,1176.1485692085125
9008,1176.1485692085125
9009,1176.1485692085125
9010,1176.1485692085125
9011,1176.1485692085125
9012,1176.1485692085125
9013,1176.1485692085125
9014,1176.1485692085125
9015,1176.1485692085125
9016,1176.1485692085125
9017,1176.1485692085125
9018,1176.1485692085125
9019,1176.1485692085125
9020,1176.1485692085125
9021,1176.1485692085125
9022,1176.1485692085125
9023,1176.1485692085125
9024,1176.1485692085125
9025,1176.1485692085125
9026,1176.1485692085125
9027,1176.1485692085125
9028,1176.1485692085125
9029,1176.1485692085125
9030,1176.1485692085125
9031,1176.1485692085125
9032,1176.1485692085125
9033,1176.1485692085125
9034,1176.1485692085125
9035,1176.1485692085125
9036,1176.1485692085125
9037,1176.1485692085125
9038,1176.1485692085125
9039,1176.1485692085125
9040,1176.1485692085125
9041,1176.1485692085125
9042,1176.1485692085125
9043,1176.1485692085125
9044,1176.1485692085125
9045,1176.1485692085125
9046,1176.1485692085125
9047,1176.1485692085125
9048,1176.1485692085125
9049,1176.1485692085125
9050,1176.1485692085125
9051,1176.1485692085125
9052,1176.1485692085125
9053,1176.1485692085125
9054,1176.1485692085125
9055,1176.1485692085125
9056,1176.1485692085125
9057,1176.1485692085125
9058,1176.1485692085125
9059,1176.1485692085125
9060,1176.1485692085125
9061,1176.1485692085125
9062,1176.1485692085125
9063,1176.1485692085125
9064,1176.1485692085125
9065,1176.1485692085125
9066,1176.1485692085125
9067,1176.1485692085125
9068,1176.1485692085125
9069,1176.1485692085125
9070,1176.1485692085125
9071,1176.1485692085125
9072,1176.1485692085125
9073,1176.1485692085125
9074,1176.1485692085125
9075,1176.1485692085125
9076,1176.1485692085125
9077,1176.1485692085125
9078,1176.1485692085125
9079,1176.1485692085125
9080,1176.1485692085125
9081,1176.1485692085125
9082,1176.1485692085125
9083,1176.1485692085125
9084,1176.1485692085125
9085,1176.1485692085125
9086,1176.1485692085125
9087,1176.1485692085125
9088,1176.1485692085125
9089,1176.1485692085125
9090,1176.1485692085125
9091,1176.1485692085125
9092,1176.1485692085125
9093,1176.1485692085125
9094,1176.1485692085125
9095,1176.1485692085125
9096,1176.1485692085125
9097,1176.1485692085125
9098,1176.1485692085125
9099,1176.1485692085125
9100,1176.1485692085125
9101,1176.1485692085125
9102,1176.1485692085125
9103,1176.1485692085125
9104,1176.1485692085125
9105,1176.1485692085125
9106,1176.1485692085125
9107,1176.1485692085125
9108,1176.1485692085125
9109,1176.1485692085125
9110,1176.1485692085125
9111,1176.1485692085125
9112,1176.1485692085125
9113,1176.1485692085125
9114,1176.1485692085125
9115,1176.1485692085125
9116,1176.1485692085125
9117,1176.1485692085125
9118,1176.1485692085125
9119,1176.1485692085125
9120,1176.1485692085125
9121,1176.1485692085125
9122,1176.1485692085125
9123,1176.1485692085125
9124,1176.1485692085125
9125,1176.1485692085125
9126,1176.1485692085125
9127,1176.1485692085125
9128,1176.1485692085125
9129,1176.1485692085125
9130,1176.1485692085125
9131,1176.1485692085125
9132,1176.1485692085125
9133,1176.1485692085125
9134,1176.1485692085125
9135,1176.1485692085125
9136,1176.1485692085125
9137,1176.1485692085125
9138,1176.1485692085125
9139,1176.1485692085125
9140,1176.1485692085125
9141,1176.1485692085125
9142,1176.1485692085125
9143,1176.1485692085125
9144,1176.1485692085125
9145,1176.1485692085125
9146,1176.1485692085125
9147,1176.1485692085125
9148,1176.1485692085125
9149,1176.1485692085125
9150,1176.1485692085125
9151,1176.1485692085125
9152,1176.1485692085125
9153,1176.1485692085125
9154,1176.1485692085125
9155,1176.1485692085125
9156,1176.1485692085125
9157,1176.1485692085125
9158,1176.1485692085125
9159,1176.1485692085125
9160,1176.1485692085125
9161,1176.1485692085125
9162,1176.1485692085125
9163,1176.1485692085125
9164,1176.1485692085125
9165,1176.1485692085125
9166,1176.1485692085125
9167,1176.1485692085125
9168,1176.1485692085125
9169,1176.1485692085125
9170,1176.1485692085125
9171,1176.1485692085125
9172,1176.1485692085125
9173,1176.1485692085125
9174,1176.1485692085125
9175,1176.1485692085125
9176,1176.1485692085125
9177,1176.1485692085125
9178,1176.1485692085125
9179,1176.1485692085125
9180,1176.1485692085125
9181,1176.1485692085125
9182,1176.1485692085125
9183,1176.1485692085125
9184,1176.1485692085125
9185,1176.1485692085125
9186,1176.1485692085125
9187,1176.1485692085125
9188,1176.1485692085125
9189,1176.1485692085125
9190,1176.1485692085125
9191,1176.1485692085125
9192,1176.1485692085125
9193,1176.1485692085125
9194,1176.1485692085125
9195,1176.1485692085125
9196,1176.1485692085125
9197,1176.1485692085125
9198,1176.1485692085125
9199,1176.1485692085125
9200,1176.1485692085125
9201,1176.1485692085125
9202,1176.1485692085125
9203,1176.1485692085125
9204,1176.1485692085125
9205,1176.1485692085125
9206,1176.1485692085125
9207,1176.1485692085125
9208,1176.1485692085125
9209,1176.1485692085125
9210,1176.1485692085125
9211,1176.1485692085125
9212,1176.1485692085125
9213,1176.1485692085125
9214,1176.1485692085125
9215,1176.1485692085125
9216,1176.1485692085125
9217,1176.1485692085125
9218,1176.1485692085125
9219,1176.1485692085125
9220,1176.1485692085125
9221,1176.1485692085125
9222,1176.1485692085125
9223,1176.1485692085125
9224,1176.1485692085125
9225,1176.1485692085125
9226,1176.1485692085125
9227,1176.1485692085125
9228,1176.1485692085125
9229,1176.1485692085125
9230,1176.1485692085125
9231,1176.1485692085125
9232,1176.1485692085125
9233,1176.1485692085125
9234,1176.1485692085125
9235,1176.1485692085125
9236,1176.1485692085125
9237,1176.1485692085125
9238,1176.1485692085125
9239,1176.1485692085125
9240,1176.1485692085125
9241,1176.1485692085125
9242,1176.1485692085125
9243,1176.1485692085125
9244,1176.1485692085125
9245,1176.1485692085125
9246,1176.1485692085125
9247,1176.1485692085125
9248,1176.1485692085125
9249,1176.1485692085125
9250,1176.1485692085125
9251,1176.1485692085125
9252,1176.1485692085125
9253,1176.1485692085125
9254,1176.1485692085125
9255,1176.1485692085125
9256,1176.1485692085125
9257,1176.1485692085125
9258,1176.1485692085125
9259,1176.1485692085125
9260,1176.1485692085125
9261,1176.1485692085125
9262,1176.1485692085125
9263,1176.1485692085125
9264,1176.1485692085125
9265,1176.1485692085125
9266,1176.1485692085125
9267,1176.1485692085125
9268,1176.1485692085125
9269,1176.1485692085125
9270,1176.1485692085125
9271,1176.1485692085125
9272,1176.1485692085125
9273,1176.1485692085125
9274,1176.1485692085125
9275,1176.1485692085125
9276,1176.1485692085125
9277,1176.1485692085125
9278,1176.1485692085125
9279,1176.1485692085125
9280,1176.1485692085125
9281,1176.1485692085125
9282,1176.1485692085125
9283,1176.1485692085125
9284,1176.1485692085125
9285,1176.1485692085125
9286,1176.1485692085125
9287,1176.1485692085125
9288,1176.1485692085125
9289,1176.1485692085125
9290,1176.1485692085125
9291,1176.1485692085125
9292,1176.1485692085125
9293,1176.1485692085125
9294,1176.1485692085125
9295,1176.1485692085125
9296,1176.1485692085125
9297,1176.1485692085125
9298,1176.1485692085125
9299,1176.1485692085125
9300,1176.1485692085125
9301,1176.1485692085125
9302,1176.1485692085125
9303,1176.1485692085125
9304,1176.1485692085125
9305,1176.1485692085125
9306,1176.1485692085125
9307,1176.1485692085125
9308,1176.1485692085125
9309,1176.1485692085125
9310,1176.1485692085125
9311,1176.1485692085125
9312,1176.1485692085125
9313,1176.1485692085125
9314,1176.1485692085125
9315,1176.1485692085125
9316,1176.1485692085125
9317,1176.1485692085125
9318,1176.1485692085125
9319,1176.1485692085125
9320,1176.1485692085125
9321,1176.1485692085125
9322,1176.1485692085125
9323,1176.1485692085125
9324,1176.1485692085125
9325,1176.1485692085125
9326,1176.1485692085125
9327,1176.1485692085125
9328,1176.1485692085125
9329,1176.1485692085125
9330,1176.1485692085125
9331,1176.1485692085125
9332,1176.1485692085125
9333,1176.1485692085125
9334,1176.1485692085125
9335,1176.1485692085125
9336,1176.1485692085125
9337,1176.1485692085125
9338,1176.1485692085125
9339,1176.1485692085125
9340,1176.1485692085125
9341,1176.1485692085125
9342,1176.1485692085125
9343,1176.1485692085125
9344,1176.1485692085125
9345,1176.1485692085125
9346,1176.1485692085125
9347,1176.1485692085125
9348,1176.1485692085125
9349,1176.1485692085125
9350,1176.1485692085125
9351,1176.1485692085125
9352,1176.1485692085125
9353,1176.1485692085125
9354,1176.1485692085125
9355,1176.1485692085125
9356,1176.1485692085125
9357,1176.1485692085125
9358,1176.1485692085125
9359,1176.1485692085125
9360,1176.1485692085125
9361,1176.1485692085125
9362,1176.1485692085125
9363,1176.1485692085125
9364,1176.1485692085125
9365,1176.1485692085125
9366,1176.1485692085125
9367,1176.1485692085125
9368,1176.1485692085125
9369,1176.1485692085125
9370,1176.1485692085125
9371,1176.1485692085125
9372,1176.1485692085125
9373,1176.1485692085125
9374,1176.1485692085125
9375,1176.1485692085125
9376,1176.1485692085125
9377,1176.1485692085125
9378,1176.1485692085125
9379,1176.1485692085125
9380,1176.1485692085125
9381,1176.1485692085125
9382,1176.1485692085125
9383,1176.1485692085125
9384,1176.1485692085125
9385,1176.1485692085125
9386,1176.1485692085125
9387,1176.1485692085125
9388,1176.1485692085125
9389,1176.1485692085125
9390,1176.1485692085125
9391,1176.1485692085125
9392,1176.1485692085125
9393,1176.1485692085125
9394,1176.1485692085125
9395,1176.1485692085125
9396,1176.1485692085125
9397,1176.1485692085125
9398,1176.1485692085125
9399,1176.1485692085125
9400,1176.1485692085125
9401,1176.1485692085125
9402,1176.1485692085125
9403,1176.1485692085125
9404,1176.1485692085125
9405,1176.1485692085125
9406,1176.1485692085125
9407,1176.1485692085125
9408,1176.1485692085125
9409,1176.1485692085125
9410,1176.1485692085125
9411,1176.1485692085125
9412,1176.1485692085125
9413,1176.1485692085125
9414,1176.1485692085125
9415,1176.1485692085125
9416,1176.1485692085125
9417,1176.1485692085125
9418,1176.1485692085125
9419,1176.1485692085125
9420,1176.1485692085125
9421,1176.1485692085125
9422,1176.1485692085125
9423,1176.1485692085125
9424,1176.1485692085125
9425,1176.1485692085125
9426,1176.1485692085125
9427,1176.1485692085125
9428,1176.1485692085125
9429,1176.1485692085125
9430,1176.1485692085125
9431,1176.1485692085125
9432,1176.1485692085125
9433,1176.1485692085125
9434,1176.1485692085125
9435,1176.1485692085125
9436,1176.1485692085125
9437,1176.1485692085125
9438,1176.1485692085125
9439,1176.1485692085125
9440,1176.1485692085125
9441,1176.1485692085125
9442,1176.1485692085125
9443,1176.1485692085125
9444,1176.1485692085125
9445,1176.1485692085125
9446,1176.1485692085125
9447,1176.1485692085125
9448,1176.1485692085125
9449,1176.1485692085125
9450,1176.1485692085125
9451,1176.1485692085125
9452,1176.1485692085125
9453,1176.1485692085125
9454,1176.1485692085125
9455,1176.1485692085125
9456,1176.1485692085125
9457,1176.1485692085125
9458,1176.1485692085125
9459,1176.1485692085125
9460,1176.1485692085125
9461,1176.1485692085125
9462,1176.1485692085125
9463,1176.1485692085125
9464,1176.1485692085125
9465,1176.1485692085125
9466,1176.1485692085125
9467,1176.1485692085125
9468,1176.1485692085125
9469,1176.1485692085125
9470,1176.1485692085125
9471,1176.1485692085125
9472,1176.1485692085125
9473,1176.1485692085125
9474,1176.1485692085125
9475,1176.1485692085125
9476,1176.1485692085125
9477,1176.1485692085125
9478,1176.1485692085125
9479,1176.1485692085125
9480,1176.1485692085125
9481,1176.1485692085125
9482,1176.1485692085125
9483,1176.1485692085125
9484,1176.1485692085125
9485,1176.1485692085125
9486,1176.1485692085125
9487,1176.1485692085125
9488,1176.1485692085125
9489,1176.1485692085125
9490,1176.1485692085125
9491,1176.1485692085125
9492,1176.1485692085125
9493,1176.1485692085125
9494,1176.1485692085125
9495,1176.1485692085125
9496,1176.1485692085125
9497,1176.1485692085125
9498,1176.1485692085125
9499,1176.1485692085125
9500,1176.1485692085125
9501,1176.1485692085125
9502,1176.1485692085125
9503,1176.1485692085125
9504,1176.1485692085125
9505,1176.1485692085125
9506,1176.1485692085125
9507,1176.1485692085125
9508,1176.1485692085125
9509,1176.1485692085125
9510,1176.1485692085125
9511,1176.1485692085125
9512,1176.1485692085125
9513,1176.1485692085125
9514,1176.1485692085125
9515,1176.1485692085125
9516,1176.1485692085125
9517,1176.1485692085125
9518,1176.1485692085125
9519,1176.1485692085125
9520,1176.1485692085125
9521,1176.1485692085125
9522,1176.1485692085125
9523,1176.1485692085125
9524,1176.1485692085125
9525,1176.1485692085125
9526,1176.1485692085125
9527,1176.1485692085125
9528,1176.1485692085125
9529,1176.1485692085125
9530,1176.1485692085125
9531,1176.1485692085125
9532,1176.1485692085125
9533,1176.1485692085125
9534,1176.1485692085125
9535,1176.1485692085125
9536,1176.1485692085125
9537,1176.1485692085125
9538,1176.1485692085125
9539,1176.1485692085125
9540,1176.1485692085125
9541,1176.1485692085125
9542,1176.1485692085125
9543,1176.1485692085125
9544,1176.1485692085125
9545,1176.1485692085125
9546,1176.1485692085125
9547,1176.1485692085125
9548,1176.1485692085125
9549,1176.1485692085125
9550,1176.1485692085125
9551,1176.1485692085125
9552,1176.1485692085125
9553,1176.1485692085125
9554,1176.1485692085125
9555,1176.1485692085125
9556,1176.1485692085125
9557,1176.1485692085125
9558,1176.1485692085125
9559,1176.1485692085125
9560,1176.1485692085125
9561,1176.1485692085125
9562,1176.1485692085125
9563,1176.1485692085125
9564,1176.1485692085125
9565,1176.1485692085125
9566,1176.1485692085125
9567,1176.1485692085125
9568,1176.1485692085125
9569,1176.1485692085125
9570,1176.1485692085125
9571,1176.1485692085125
9572,1176.1485692085125
9573,1176.1485692085125
9574,1176.1485692085125
9575,1176.1485692085125
9576,1176.1485692085125
9577,1176.1485692085125
9578,1176.1485692085125
9579,1176.1485692085125
9580,1176.1485692085125
9581,1176.1485692085125
9582,1176.1485692085125
9583,1176.1485692085125
9584,1176.1485692085125
9585,1176.1485692085125
9586,1176.1485692085125
9587,1176.1485692085125
9588,1176.1485692085125
9589,1176.1485692085125
9590,1176.1485692085125
9591,1176.1485692085125
9592,1176.1485692085125
9593,1176.1485692085125
9594,1176.1485692085125
9595,1176.1485692085125
9596,1176.1485692085125
9597,1176.1485692085125
9598,1176.1485692085125
9599,1176.1485692085125
9600,1176.1485692085125
9601,1176.1485692085125
9602,1176.1485692085125
9603,1176.1485692085125
9604,1176.1485692085125
9605,1176.1485692085125
9606,1176.1485692085125
9607,1176.1485692085125
9608,1176.1485692085125
9609,1176.1485692085125
9610,1176.1485692085125
9611,1176.1485692085125
9612,1176.1485692085125
9613,1176.1485692085125
9614,1176.1485692085125
9615,1176.1485692085125
9616,1176.1485692085125
9617,1176.1485692085125
9618,1176.1485692085125
9619,1176.1485692085125
9620,1176.1485692085125
9621,1176.1485692085125
9622,1176.1485692085125
9623,1176.1485692085125
9624,1176.1485692085125
9625,1176.1485692085125
9626,1176.1485692085125
9627,1176.1485692085125
9628,1176.1485692085125
9629,1176.1485692085125
9630,1176.1485692085125
9631,1176.1485692085125
9632,1176.1485692085125
9633,1176.1485692085125
9634,1176.1485692085125
9635,1176.1485692085125
9636,1176.1485692085125
9637,1176.1485692085125
9638,1176.1485692085125
9639,1176.1485692085125
9640,1176.1485692085125
9641,1176.1485692085125
9642,1176.1485692085125
9643,1176.1485692085125
9644,1176.1485692085125
9645,1176.1485692085125
9646,1176.1485692085125
9647,1176.1485692085125
9648,1176.1485692085125
9649,1176.1485692085125
9650,1176.1485692085125
9651,1176.1485692085125
9652,1176.1485692085125
9653,1176.1485692085125
9654,1176.1485692085125
9655,1176.1485692085125
9656,1176.1485692085125
9657,1176.1485692085125
9658,1176.1485692085125
9659,1176.1485692085125
9660,1176.1485692085125
9661,1176.1485692085125
9662,1176.1485692085125
9663,1176.1485692085125
9664,1176.1485692085125
9665,1176.1485692085125
9666,1176.1485692085125
9667,1176.1485692085125
9668,1176.1485692085125
9669,1176.1485692085125
9670,1176.1485692085125
9671,1176.1485692085125
9672,1176.1485692085125
9673,1176.1485692085125
9674,1176.1485692085125
9675,1176.1485692085125
9676,1176.1485692085125
9677,1176.1485692085125
9678,1176.1485692085125
9679,1176.1485692085125
9680,1176.1485692085125
9681,1176.1485692085125
9682,1176.1485692085125
9683,1176.1485692085125
9684,1176.1485692085125
9685,1176.1485692085125
9686,1176.1485692085125
9687,1176.1485692085125
9688,1176.1485692085125
9689,1176.1485692085125
9690,1176.1485692085125
9691,1176.1485692085125
9692,1176.1485692085125
9693,1176.1485692085125
9694,1176.1485692085125
9695,1176.1485692085125
9696,1176.1485692085125
9697,1176.1485692085125
9698,1176.1485692085125
9699,1176.1485692085125
9700,1176.1485692085125
9701,1176.1485692085125
9702,1176.1485692085125
9703,1176.1485692085125
9704,1176.1485692085125
9705,1176.1485692085125
9706,1176.1485692085125
9707,1176.1485692085125
9708,1176.1485692085125
9709,1176.1485692085125
9710,1176.1485692085125
9711,1176.1485692085125
9712,1176.1485692085125
9713,1176.1485692085125
9714,1176.1485692085125
9715,1176.1485692085125
9716,1176.1485692085125
9717,1176.1485692085125
9718,1176.1485692085125
9719,1176.1485692085125
9720,1176.1485692085125
9721,1176.1485692085125
9722,1176.1485692085125
9723,1176.1485692085125
9724,1176.1485692085125
9725,1176.1485692085125
9726,1176.1485692085125
9727,1176.1485692085125
9728,1176.1485692085125
9729,1176.1485692085125
9730,1176.1485692085125
9731,1176.1485692085125
9732,1176.1485692085125
9733,1176.1485692085125
9734,1176.1485692085125
9735,1176.1485692085125
9736,1176.1485692085125
9737,1176.1485692085125
9738,1176.1485692085125
9739,1176.1485692085125
9740,1176.1485692085125
9741,1176.1485692085125
9742,1176.1485692085125
9743,1176.1485692085125
9744,1176.1485692085125
9745,1176.1485692085125
9746,1176.1485692085125
9747,1176.1485692085125
9748,1176.1485692085125
9749,1176.1485692085125
9750,1176.1485692085125
9751,1176.1485692085125
9752,1176.1485692085125
9753,1176.1485692085125
9754,1176.1485692085125
9755,1176.1485692085125
9756,1176.1485692085125
9757,1176.1485692085125
9758,1176.1485692085125
9759,1176.1485692085125
9760,1176.1485692085125
9761,1176.1485692085125
9762,1176.1485692085125
9763,1176.1485692085125
9764,1176.1485692085125
9765,1176.1485692085125
9766,1176.1485692085125
9767,1176.1485692085125
9768,1176.1485692085125
9769,1176.1485692085125
9770,1176.1485692085125
9771,1176.1485692085125
9772,1176.1485692085125
9773,1176.1485692085125
9774,1176.1485692085125
9775,1176.1485692085125
9776,1176.1485692085125
9777,1176.1485692085125
9778,1176.1485692085125
9779,1176.1485692085125
9780,1176.1485692085125
9781,1176.1485692085125
9782,1176.1485692085125
9783,1176.1485692085125
9784,1176.1485692085125
9785,1176.1485692085125
9786,1176.1485692085125
9787,1176.1485692085125
9788,1176.1485692085125
9789,1176.1485692085125
9790,1176.1485692085125
9791,1176.1485692085125
9792,1176.1485692085125
9793,1176.1485692085125
9794,1176.1485692085125
9795,1176.1485692085125
9796,1176.1485692085125
9797,1176.1485692085125
9798,1176.1485692085125
9799,1176.1485692085125
9800,1176.1485692085125
9801,1176.1485692085125
9802,1176.1485692085125
9803,1176.1485692085125
9804,1176.1485692085125
9805,1176.1485692085125
9806,1176.1485692085125
9807,1176.1485692085125
9808,1176.1485692085125
9809,1176.1485692085125
9810,1176.1485692085125
9811,1176.1485692085125
9812,1176.1485692085125
9813,1176.1485692085125
9814,1176.1485692085125
9815,1176.1485692085125
9816,1176.1485692085125
9817,1176.1485692085125
9818,1176.1485692085125
9819,1176.1485692085125
9820,1176.1485692085125
9821,1176.1485692085125
9822,1176.1485692085125
9823,1176.1485692085125
9824,1176.1485692085125
9825,1176.1485692085125
9826,1176.1485692085125
9827,1176.1485692085125
9828,1176.1485692085125
9829,1176.1485692085125
9830,1176.1485692085125
9831,1176.1485692085125
9832,1176.1485692085125
9833,1176.1485692085125
9834,1176.1485692085125
9835,1176.1485692085125
9836,1176.1485692085125
9837,1176.1485692085125
9838,1176.1485692085125
9839,1176.1485692085125
9840,1176.1485692085125
9841,1176.1485692085125
9842,1176.1485692085125
9843,1176.1485692085125
9844,1176.1485692085125
9845,1176.1485692085125
9846,1176.1485692085125
9847,1176.1485692085125
9848,1176.1485692085125
9849,1176.1485692085125
9850,1176.1485692085125
9851,1176.1485692085125
9852,1176.1485692085125
9853,1176.1485692085125
9854,1176.1485692085125
9855,1176.1485692085125
9856,1176.1485692085125
9857,1176.1485692085125
9858,1176.1485692085125
9859,1176.1485692085125
9860,1176.1485692085125
9861,1176.1485692085125
9862,1176.1485692085125
9863,1176.1485692085125
9864,1176.1485692085125
9865,1176.1485692085125
9866,1176.1485692085125
9867,1176.1485692085125
9868,1176.1485692085125
9869,1176.1485692085125
9870,1176.1485692085125
9871,1176.1485692085125
9872,1176.1485692085125
9873,1176.1485692085125
9874,1176.1485692085125
9875,1176.1485692085125
9876,1176.1485692085125
9877,1176.1485692085125
9878,1176.1485692085125
9879,1176.1485692085125
9880,1176.1485692085125
9881,1176.1485692085125
9882,1176.1485692085125
9883,1176.1485692085125
9884,1176.1485692085125
9885,1176.1485692085125
9886,1176.1485692085125
9887,1176.1485692085125
9888,1176.1485692085125
9889,1176.1485692085125
9890,1176.1485692085125
9891,1176.1485692085125
9892,1176.1485692085125
9893,1176.1485692085125
9894,1176.1485692085125
9895,1176.1485692085125
9896,1176.1485692085125
9897,1176.1485692085125
9898,1176.1485692085125
9899,1176.1485692085125
9900,1176.1485692085125
9901,1176.1485692085125
9902,1176.1485692085125
9903,1176.1485692085125
9904,1176.1485692085125
9905,1176.1485692085125
9906,1176.1485692085125
9907,1176.1485692085125
9908,1176.1485692085125
9909,1176.1485692085125
9910,1176.1485692085125
9911,1176.1485692085125
9912,1176.1485692085125
9913,1176.1485692085125
9914,1176.1485692085125
9915,1176.1485692085125
9916,1176.1485692085125
9917,1176.1485692085125
9918,1176.1485692085125
9919,1176.1485692085125
9920,1176.1485692085125
9921,1176.1485692085125
9922,1176.1485692085125
9923,1176.1485692085125
9924,1176.1485692085125
9925,1176.1485692085125
9926,1176.1485692085125
9927,1176.1485692085125
9928,1176.1485692085125
9929,1176.1485692085125
9930,1176.1485692085125
9931,1176.1485692085125
9932,1176.1485692085125
9933,1176.1485692085125
9934,1176.1485692085125
9935,1176.1485692085125
9936,1176.1485692085125
9937,1176.1485692085125
9938,1176.1485692085125
9939,1176.1485692085125
9940,1176.1485692085125
9941,1176.1485692085125
9942,1176.1485692085125
9943,1176.1485692085125
9944,1176.1485692085125
9945,1176.1485692085125
9946,1176.1485692085125
9947,1176.1485692085125
9948,1176.1485692085125
9949,1176.1485692085125
9950,1176.1485692085125
9951,1176.1485692085125
9952,1176.1485692085125
9953,1176.1485692085125
9954,1176.1485692085125
9955,1176.1485692085125
9956,1176.1485692085125
9957,1176.1485692085125
9958,1176.1485692085125
9959,1176.1485692085125
9960,1176.1485692085125
9961,1176.1485692085125
9962,1176.1485692085125
9963,1176.1485692085125
9964,1176.1485692085125
9965,1176.1485692085125
9966,1176.1485692085125
9967,1176.1485692085125
9968,1176.1485692085125
9969,1176.1485692085125
9970,1176.1485692085125
9971,1176.1485692085125
9972,1176.1485692085125
9973,1176.1485692085125
9974,1176.1485692085125
9975,1176.1485692085125
9976,1176.1485692085125
9977,1176.1485692085125
9978,1176.1485692085125
9979,1176.1485692085125
9980,1176.1485692085125
9981,1176.1485692085125
9982,1176.1485692085125
9983,1176.1485692085125
9984,1176.1485692085125
9985,1176.1485692085125
9986,1176.1485692085125
9987,1176.1485692085125
9988,1176.1485692085125
9989,1176.1485692085125
9990,1176.1485692085125
9991,1176.1485692085125
9992,1176.1485692085125
9993,1176.1485692085125
9994,1176.1485692085125
9995,1176.1485692085125
9996,1176.1485692085125
9997,1176.1485692085125
9998,1176.1485692085125
9999,1176.1485692085125
10000,1176.1485692085125
